direction,cause_col,effect_col,k,coef,t_stat,p_value,p_granger,r_squared,n_obs,n_days,k_used,n_ylags,dof,cov_type,reliability_tier,x_etf,y_etf,bar_freq
x_to_y,ret_x,ret_y,1,2.7680675749798558e-05,11.054617036742544,2.082235711478906e-28,4.431890189011524e-251,0.13457921855813337,59515,19,10,3,59483,cluster_by_day,high,VAW,VIS,5s
x_to_y,ret_x,ret_y,2,-4.807672477784482e-07,-0.7585244431212136,0.4481370857595025,4.431890189011524e-251,0.13457921855813337,59515,19,10,3,59483,cluster_by_day,high,VAW,VIS,5s
x_to_y,ret_x,ret_y,3,5.105763945770806e-06,4.6881356249414905,2.7570528356403967e-06,4.431890189011524e-251,0.13457921855813337,59515,19,10,3,59483,cluster_by_day,high,VAW,VIS,5s
x_to_y,ret_x,ret_y,4,6.678837870540458e-07,0.7499063880688104,0.4533110868460496,4.431890189011524e-251,0.13457921855813337,59515,19,10,3,59483,cluster_by_day,high,VAW,VIS,5s
x_to_y,ret_x,ret_y,5,2.0366038530651784e-06,2.4421314078670613,0.014600830884457147,4.431890189011524e-251,0.13457921855813337,59515,19,10,3,59483,cluster_by_day,high,VAW,VIS,5s
x_to_y,ret_x,ret_y,6,4.7044705395415004e-07,0.5282386217373624,0.597333726338539,4.431890189011524e-251,0.13457921855813337,59515,19,10,3,59483,cluster_by_day,high,VAW,VIS,5s
x_to_y,ret_x,ret_y,7,3.7710415479465517e-07,0.5014379658115073,0.6160629258976743,4.431890189011524e-251,0.13457921855813337,59515,19,10,3,59483,cluster_by_day,high,VAW,VIS,5s
x_to_y,ret_x,ret_y,8,-1.8759374874931718e-07,-0.2097346040339052,0.8338748160452133,4.431890189011524e-251,0.13457921855813337,59515,19,10,3,59483,cluster_by_day,high,VAW,VIS,5s
x_to_y,ret_x,ret_y,9,5.126871038595325e-07,0.449831953533356,0.6528316157212426,4.431890189011524e-251,0.13457921855813337,59515,19,10,3,59483,cluster_by_day,high,VAW,VIS,5s
x_to_y,ret_x,ret_y,10,-3.227142001181944e-07,-0.5160439947139817,0.6058236823099195,4.431890189011524e-251,0.13457921855813337,59515,19,10,3,59483,cluster_by_day,high,VAW,VIS,5s
y_to_x,ret_y,ret_x,1,2.0517241970079204e-05,25.98865979742448,6.652768265562772e-149,3.4881734956371237e-295,0.19235198836386502,59515,19,10,2,59484,cluster_by_day,high,VAW,VIS,5s
y_to_x,ret_y,ret_x,2,5.030447324728027e-07,0.5468572310977661,0.5844768206534132,3.4881734956371237e-295,0.19235198836386502,59515,19,10,2,59484,cluster_by_day,high,VAW,VIS,5s
y_to_x,ret_y,ret_x,3,1.3774152316692494e-06,1.4207073013599354,0.15540186902879075,3.4881734956371237e-295,0.19235198836386502,59515,19,10,2,59484,cluster_by_day,high,VAW,VIS,5s
y_to_x,ret_y,ret_x,4,2.4778028133156186e-06,3.6354767640890673,0.0002774670038392889,3.4881734956371237e-295,0.19235198836386502,59515,19,10,2,59484,cluster_by_day,high,VAW,VIS,5s
y_to_x,ret_y,ret_x,5,1.095148262093217e-06,2.449290642908258,0.014313789474067144,3.4881734956371237e-295,0.19235198836386502,59515,19,10,2,59484,cluster_by_day,high,VAW,VIS,5s
y_to_x,ret_y,ret_x,6,1.5433693711557739e-06,3.0624143073644747,0.0021955933006828038,3.4881734956371237e-295,0.19235198836386502,59515,19,10,2,59484,cluster_by_day,high,VAW,VIS,5s
y_to_x,ret_y,ret_x,7,-2.211976280832534e-07,-0.43195424566167817,0.6657746677681402,3.4881734956371237e-295,0.19235198836386502,59515,19,10,2,59484,cluster_by_day,high,VAW,VIS,5s
y_to_x,ret_y,ret_x,8,-4.860328771621726e-08,-0.09766400593255095,0.922199097979543,3.4881734956371237e-295,0.19235198836386502,59515,19,10,2,59484,cluster_by_day,high,VAW,VIS,5s
y_to_x,ret_y,ret_x,9,1.8752817806950312e-06,1.6632667139885482,0.09625905853048905,3.4881734956371237e-295,0.19235198836386502,59515,19,10,2,59484,cluster_by_day,high,VAW,VIS,5s
y_to_x,ret_y,ret_x,10,-6.636565133099556e-07,-0.8444601065184724,0.398412346900459,3.4881734956371237e-295,0.19235198836386502,59515,19,10,2,59484,cluster_by_day,high,VAW,VIS,5s
x_to_y,ret_x,ret_y,1,1.4626844438929169e-05,15.533915408291964,2.045028848012232e-54,3.9158122479784336e-153,0.12278786770543215,64625,19,10,5,64591,cluster_by_day,high,VAW,VCR,5s
x_to_y,ret_x,ret_y,2,-2.641575741294425e-06,-3.2574810701965817,0.0011240575532023408,3.9158122479784336e-153,0.12278786770543215,64625,19,10,5,64591,cluster_by_day,high,VAW,VCR,5s
x_to_y,ret_x,ret_y,3,2.2720002463084948e-06,2.164711473182639,0.030409787900054237,3.9158122479784336e-153,0.12278786770543215,64625,19,10,5,64591,cluster_by_day,high,VAW,VCR,5s
x_to_y,ret_x,ret_y,4,-2.464038794435232e-07,-0.2443291462065836,0.8069759119623173,3.9158122479784336e-153,0.12278786770543215,64625,19,10,5,64591,cluster_by_day,high,VAW,VCR,5s
x_to_y,ret_x,ret_y,5,1.1264232090292812e-06,1.4762924117608285,0.13986541034992012,3.9158122479784336e-153,0.12278786770543215,64625,19,10,5,64591,cluster_by_day,high,VAW,VCR,5s
x_to_y,ret_x,ret_y,6,3.493565111242715e-08,0.07099885903373512,0.9433986635599878,3.9158122479784336e-153,0.12278786770543215,64625,19,10,5,64591,cluster_by_day,high,VAW,VCR,5s
x_to_y,ret_x,ret_y,7,1.1990689881871676e-06,1.4874644951122185,0.1368921738191161,3.9158122479784336e-153,0.12278786770543215,64625,19,10,5,64591,cluster_by_day,high,VAW,VCR,5s
x_to_y,ret_x,ret_y,8,-2.1554107569740415e-06,-1.9645346699113948,0.049468119754299225,3.9158122479784336e-153,0.12278786770543215,64625,19,10,5,64591,cluster_by_day,high,VAW,VCR,5s
x_to_y,ret_x,ret_y,9,2.122378203118969e-06,1.6306125205566293,0.10297210557933122,3.9158122479784336e-153,0.12278786770543215,64625,19,10,5,64591,cluster_by_day,high,VAW,VCR,5s
x_to_y,ret_x,ret_y,10,-4.2152758277204015e-07,-0.889109868737472,0.37394403564251755,3.9158122479784336e-153,0.12278786770543215,64625,19,10,5,64591,cluster_by_day,high,VAW,VCR,5s
y_to_x,ret_y,ret_x,1,1.541003390349388e-05,8.135156366032293,4.1140699102177003e-16,6.136901791252464e-125,0.1768291121561235,64625,19,10,6,64590,cluster_by_day,high,VAW,VCR,5s
y_to_x,ret_y,ret_x,2,-3.002548873557401e-06,-6.1932655983499,5.893030176664173e-10,6.136901791252464e-125,0.1768291121561235,64625,19,10,6,64590,cluster_by_day,high,VAW,VCR,5s
y_to_x,ret_y,ret_x,3,-1.2042455757743306e-08,-0.023610208330057295,0.9811635293521467,6.136901791252464e-125,0.1768291121561235,64625,19,10,6,64590,cluster_by_day,high,VAW,VCR,5s
y_to_x,ret_y,ret_x,4,-8.839663983956418e-07,-1.6294127156806686,0.10322567874372188,6.136901791252464e-125,0.1768291121561235,64625,19,10,6,64590,cluster_by_day,high,VAW,VCR,5s
y_to_x,ret_y,ret_x,5,8.516839384049156e-07,1.2281717525461415,0.21938250017346994,6.136901791252464e-125,0.1768291121561235,64625,19,10,6,64590,cluster_by_day,high,VAW,VCR,5s
y_to_x,ret_y,ret_x,6,-1.1015428995403594e-06,-2.0479084087051045,0.040568974789659415,6.136901791252464e-125,0.1768291121561235,64625,19,10,6,64590,cluster_by_day,high,VAW,VCR,5s
y_to_x,ret_y,ret_x,7,2.8624193245136355e-07,0.7624403585499839,0.4457972265397686,6.136901791252464e-125,0.1768291121561235,64625,19,10,6,64590,cluster_by_day,high,VAW,VCR,5s
y_to_x,ret_y,ret_x,8,-1.1724048017637583e-06,-1.8749006952587013,0.06080638640910189,6.136901791252464e-125,0.1768291121561235,64625,19,10,6,64590,cluster_by_day,high,VAW,VCR,5s
y_to_x,ret_y,ret_x,9,1.0071228189879992e-06,1.0181329870996707,0.30861476070402527,6.136901791252464e-125,0.1768291121561235,64625,19,10,6,64590,cluster_by_day,high,VAW,VCR,5s
y_to_x,ret_y,ret_x,10,-1.1168618769953767e-07,-0.22253533785852786,0.823897167205549,6.136901791252464e-125,0.1768291121561235,64625,19,10,6,64590,cluster_by_day,high,VAW,VCR,5s
x_to_y,ret_x,ret_y,1,1.4637643955616093e-05,9.686663229646033,3.435701300310175e-22,6.766691309298333e-257,0.12679672853471613,74416,19,10,2,74385,cluster_by_day,high,VIS,VCR,5s
x_to_y,ret_x,ret_y,2,-2.7883884833624845e-07,-0.3527875241941258,0.7242477374372711,6.766691309298333e-257,0.12679672853471613,74416,19,10,2,74385,cluster_by_day,high,VIS,VCR,5s
x_to_y,ret_x,ret_y,3,1.979232950220268e-06,3.015171433751364,0.0025683404221962013,6.766691309298333e-257,0.12679672853471613,74416,19,10,2,74385,cluster_by_day,high,VIS,VCR,5s
x_to_y,ret_x,ret_y,4,7.8453403235597e-08,0.20607800628181636,0.8367299784836638,6.766691309298333e-257,0.12679672853471613,74416,19,10,2,74385,cluster_by_day,high,VIS,VCR,5s
x_to_y,ret_x,ret_y,5,1.2925274875637542e-06,2.665201604641996,0.007694218088730834,6.766691309298333e-257,0.12679672853471613,74416,19,10,2,74385,cluster_by_day,high,VIS,VCR,5s
x_to_y,ret_x,ret_y,6,7.04945861679805e-07,1.5052029678644907,0.13227190238347303,6.766691309298333e-257,0.12679672853471613,74416,19,10,2,74385,cluster_by_day,high,VIS,VCR,5s
x_to_y,ret_x,ret_y,7,-1.206321512546179e-07,-0.25658436693195447,0.7974996444501378,6.766691309298333e-257,0.12679672853471613,74416,19,10,2,74385,cluster_by_day,high,VIS,VCR,5s
x_to_y,ret_x,ret_y,8,-2.322158960657654e-08,-0.03698997198216269,0.970493001468894,6.766691309298333e-257,0.12679672853471613,74416,19,10,2,74385,cluster_by_day,high,VIS,VCR,5s
x_to_y,ret_x,ret_y,9,8.371668279862854e-07,0.6422341256805866,0.5207211785869647,6.766691309298333e-257,0.12679672853471613,74416,19,10,2,74385,cluster_by_day,high,VIS,VCR,5s
x_to_y,ret_x,ret_y,10,8.731846288217879e-07,1.9062552621919273,0.05661709554655134,6.766691309298333e-257,0.12679672853471613,74416,19,10,2,74385,cluster_by_day,high,VIS,VCR,5s
y_to_x,ret_y,ret_x,1,1.9517837469597796e-05,7.058759813447523,1.6799515606522367e-12,1.1744258017902416e-237,0.11496420428907028,74416,19,10,1,74386,cluster_by_day,high,VIS,VCR,5s
y_to_x,ret_y,ret_x,2,-2.3331041774061192e-06,-3.3272324432565585,0.0008771317506783565,1.1744258017902416e-237,0.11496420428907028,74416,19,10,1,74386,cluster_by_day,high,VIS,VCR,5s
y_to_x,ret_y,ret_x,3,2.587327064635251e-06,3.6436578007614076,0.00026879073176888055,1.1744258017902416e-237,0.11496420428907028,74416,19,10,1,74386,cluster_by_day,high,VIS,VCR,5s
y_to_x,ret_y,ret_x,4,-3.717430984680711e-07,-1.0934663507748072,0.27418909527439483,1.1744258017902416e-237,0.11496420428907028,74416,19,10,1,74386,cluster_by_day,high,VIS,VCR,5s
y_to_x,ret_y,ret_x,5,2.4188221385271366e-06,3.7572013414154948,0.00017182424667647642,1.1744258017902416e-237,0.11496420428907028,74416,19,10,1,74386,cluster_by_day,high,VIS,VCR,5s
y_to_x,ret_y,ret_x,6,8.857025643867418e-07,1.7582730386755778,0.07870106286715356,1.1744258017902416e-237,0.11496420428907028,74416,19,10,1,74386,cluster_by_day,high,VIS,VCR,5s
y_to_x,ret_y,ret_x,7,-2.0907142402424485e-07,-0.41554380371758903,0.6777438555104113,1.1744258017902416e-237,0.11496420428907028,74416,19,10,1,74386,cluster_by_day,high,VIS,VCR,5s
y_to_x,ret_y,ret_x,8,-1.1069907258613633e-06,-1.6554018514347983,0.09784301069884604,1.1744258017902416e-237,0.11496420428907028,74416,19,10,1,74386,cluster_by_day,high,VIS,VCR,5s
y_to_x,ret_y,ret_x,9,1.1858041839772443e-06,1.3153373644718949,0.18839654592352717,1.1744258017902416e-237,0.11496420428907028,74416,19,10,1,74386,cluster_by_day,high,VIS,VCR,5s
y_to_x,ret_y,ret_x,10,4.96488183905316e-08,0.07444251659544142,0.9406582792824094,1.1744258017902416e-237,0.11496420428907028,74416,19,10,1,74386,cluster_by_day,high,VIS,VCR,5s
x_to_y,ret_x,ret_y,1,3.923244064123544e-06,4.658479316480397,3.185538058862096e-06,5.3638933347869175e-37,0.041865340164565445,60324,15,10,6,60293,cluster_by_day,high,VIS,VGT,5s
x_to_y,ret_x,ret_y,2,1.0274972246363847e-06,0.7605147776158608,0.4469469394239447,5.3638933347869175e-37,0.041865340164565445,60324,15,10,6,60293,cluster_by_day,high,VIS,VGT,5s
x_to_y,ret_x,ret_y,3,-6.938199741165602e-07,-0.8648662731803074,0.3871121909233879,5.3638933347869175e-37,0.041865340164565445,60324,15,10,6,60293,cluster_by_day,high,VIS,VGT,5s
x_to_y,ret_x,ret_y,4,-9.348346890948934e-07,-0.6863290550065011,0.4925056309468657,5.3638933347869175e-37,0.041865340164565445,60324,15,10,6,60293,cluster_by_day,high,VIS,VGT,5s
x_to_y,ret_x,ret_y,5,1.0422981202412819e-07,0.1207390158104237,0.9038977548919629,5.3638933347869175e-37,0.041865340164565445,60324,15,10,6,60293,cluster_by_day,high,VIS,VGT,5s
x_to_y,ret_x,ret_y,6,-5.401959690044276e-07,-0.43259694710841484,0.665307607715794,5.3638933347869175e-37,0.041865340164565445,60324,15,10,6,60293,cluster_by_day,high,VIS,VGT,5s
x_to_y,ret_x,ret_y,7,-3.9830212496441577e-07,-0.6156711387528532,0.5381115893514383,5.3638933347869175e-37,0.041865340164565445,60324,15,10,6,60293,cluster_by_day,high,VIS,VGT,5s
x_to_y,ret_x,ret_y,8,1.4033742983500424e-06,2.2637448411183856,0.02358981281857722,5.3638933347869175e-37,0.041865340164565445,60324,15,10,6,60293,cluster_by_day,high,VIS,VGT,5s
x_to_y,ret_x,ret_y,9,4.370289960881068e-08,0.03081183235597537,0.9754196040456872,5.3638933347869175e-37,0.041865340164565445,60324,15,10,6,60293,cluster_by_day,high,VIS,VGT,5s
x_to_y,ret_x,ret_y,10,1.8750153030375405e-06,2.994018692404346,0.0027532907598500477,5.3638933347869175e-37,0.041865340164565445,60324,15,10,6,60293,cluster_by_day,high,VIS,VGT,5s
y_to_x,ret_y,ret_x,1,1.534426560793212e-05,4.780808482292872,1.745916289785207e-06,3.5037931480446877e-71,0.12442049281903989,60324,15,10,4,60295,cluster_by_day,high,VIS,VGT,5s
y_to_x,ret_y,ret_x,2,-2.765107601218951e-06,-3.538376674171542,0.0004025952962736797,3.5037931480446877e-71,0.12442049281903989,60324,15,10,4,60295,cluster_by_day,high,VIS,VGT,5s
y_to_x,ret_y,ret_x,3,1.6140328567407687e-06,1.8288757831611322,0.06741821882943488,3.5037931480446877e-71,0.12442049281903989,60324,15,10,4,60295,cluster_by_day,high,VIS,VGT,5s
y_to_x,ret_y,ret_x,4,-3.2776933801436433e-06,-5.265995338997733,1.3943182164844693e-07,3.5037931480446877e-71,0.12442049281903989,60324,15,10,4,60295,cluster_by_day,high,VIS,VGT,5s
y_to_x,ret_y,ret_x,5,1.8361153315528939e-06,1.9406589820741824,0.0522996547429186,3.5037931480446877e-71,0.12442049281903989,60324,15,10,4,60295,cluster_by_day,high,VIS,VGT,5s
y_to_x,ret_y,ret_x,6,1.0097405865280508e-06,1.9901441731463594,0.04657505598123479,3.5037931480446877e-71,0.12442049281903989,60324,15,10,4,60295,cluster_by_day,high,VIS,VGT,5s
y_to_x,ret_y,ret_x,7,-4.1235027362372287e-07,-1.0221885743848598,0.3066916574239509,3.5037931480446877e-71,0.12442049281903989,60324,15,10,4,60295,cluster_by_day,high,VIS,VGT,5s
y_to_x,ret_y,ret_x,8,-9.52775299544244e-07,-1.1805832113846066,0.23776833625051208,3.5037931480446877e-71,0.12442049281903989,60324,15,10,4,60295,cluster_by_day,high,VIS,VGT,5s
y_to_x,ret_y,ret_x,9,6.7668905876192e-08,0.08566676614994419,0.9317313217458649,3.5037931480446877e-71,0.12442049281903989,60324,15,10,4,60295,cluster_by_day,high,VIS,VGT,5s
y_to_x,ret_y,ret_x,10,4.618866231789304e-07,0.6333296641910934,0.5265183856273199,3.5037931480446877e-71,0.12442049281903989,60324,15,10,4,60295,cluster_by_day,high,VIS,VGT,5s
x_to_y,ret_x,ret_y,1,2.1316396615625817e-05,21.37655182890422,2.208575717285541e-101,0.0,0.2025933557875399,45659,15,10,2,45632,cluster_by_day,high,VIS,VAW,5s
x_to_y,ret_x,ret_y,2,8.252285401560685e-08,0.08484936365147179,0.9323811484891958,0.0,0.2025933557875399,45659,15,10,2,45632,cluster_by_day,high,VIS,VAW,5s
x_to_y,ret_x,ret_y,3,1.4461570984894957e-06,1.1468666330224757,0.25143674492184664,0.0,0.2025933557875399,45659,15,10,2,45632,cluster_by_day,high,VIS,VAW,5s
x_to_y,ret_x,ret_y,4,2.875518771281361e-06,3.4696783430317955,0.0005210819951378155,0.0,0.2025933557875399,45659,15,10,2,45632,cluster_by_day,high,VIS,VAW,5s
x_to_y,ret_x,ret_y,5,9.98338753504193e-07,1.6757925909576923,0.09377882588741258,0.0,0.2025933557875399,45659,15,10,2,45632,cluster_by_day,high,VIS,VAW,5s
x_to_y,ret_x,ret_y,6,1.5481930846987757e-06,2.759129996012152,0.005795547547319409,0.0,0.2025933557875399,45659,15,10,2,45632,cluster_by_day,high,VIS,VAW,5s
x_to_y,ret_x,ret_y,7,-3.547068775175076e-07,-0.5783072131593154,0.5630567253737067,0.0,0.2025933557875399,45659,15,10,2,45632,cluster_by_day,high,VIS,VAW,5s
x_to_y,ret_x,ret_y,8,-3.794306452369276e-08,-0.05649199783037851,0.9549498701529255,0.0,0.2025933557875399,45659,15,10,2,45632,cluster_by_day,high,VIS,VAW,5s
x_to_y,ret_x,ret_y,9,1.9263831863817413e-06,1.3180433211002296,0.1874891463271292,0.0,0.2025933557875399,45659,15,10,2,45632,cluster_by_day,high,VIS,VAW,5s
x_to_y,ret_x,ret_y,10,-3.8937790245936097e-07,-0.4309054708655095,0.666537105353452,0.0,0.2025933557875399,45659,15,10,2,45632,cluster_by_day,high,VIS,VAW,5s
y_to_x,ret_y,ret_x,1,2.9131531506126552e-05,9.676641690382171,3.7895991267289945e-22,0.0,0.148872837978824,45659,15,10,3,45631,cluster_by_day,high,VIS,VAW,5s
y_to_x,ret_y,ret_x,2,-1.153112692678023e-06,-1.8260506518707493,0.0678426325080495,0.0,0.148872837978824,45659,15,10,3,45631,cluster_by_day,high,VIS,VAW,5s
y_to_x,ret_y,ret_x,3,6.683647532763818e-06,6.429234035099179,1.2824854169032922e-10,0.0,0.148872837978824,45659,15,10,3,45631,cluster_by_day,high,VIS,VAW,5s
y_to_x,ret_y,ret_x,4,3.580307307292048e-07,0.32127331443708734,0.7480032773560095,0.0,0.148872837978824,45659,15,10,3,45631,cluster_by_day,high,VIS,VAW,5s
y_to_x,ret_y,ret_x,5,1.982994075298232e-06,1.892929509711172,0.058367244272181186,0.0,0.148872837978824,45659,15,10,3,45631,cluster_by_day,high,VIS,VAW,5s
y_to_x,ret_y,ret_x,6,-2.1405653909137028e-07,-0.2422381536792476,0.8085956328705092,0.0,0.148872837978824,45659,15,10,3,45631,cluster_by_day,high,VIS,VAW,5s
y_to_x,ret_y,ret_x,7,8.27095622634905e-07,1.2000497264259093,0.23012002866266223,0.0,0.148872837978824,45659,15,10,3,45631,cluster_by_day,high,VIS,VAW,5s
y_to_x,ret_y,ret_x,8,-6.416827402021335e-07,-0.6148169867827639,0.5386755898463264,0.0,0.148872837978824,45659,15,10,3,45631,cluster_by_day,high,VIS,VAW,5s
y_to_x,ret_y,ret_x,9,1.0129613561116195e-06,0.7428259796358648,0.4575870444415,0.0,0.148872837978824,45659,15,10,3,45631,cluster_by_day,high,VIS,VAW,5s
y_to_x,ret_y,ret_x,10,-3.334497162598205e-07,-0.4677565632388384,0.6399586863913886,0.0,0.148872837978824,45659,15,10,3,45631,cluster_by_day,high,VIS,VAW,5s
x_to_y,ret_x,ret_y,1,1.4581512780836654e-05,7.727150628698689,1.0998048369255464e-14,2.86772042485683e-310,0.13132701499356925,58290,15,10,2,58263,cluster_by_day,high,VIS,VCR,5s
x_to_y,ret_x,ret_y,2,8.084843181249753e-08,0.07965369708225331,0.9365126867552264,2.86772042485683e-310,0.13132701499356925,58290,15,10,2,58263,cluster_by_day,high,VIS,VCR,5s
x_to_y,ret_x,ret_y,3,2.161666703399205e-06,2.8515018631284126,0.004351323125993552,2.86772042485683e-310,0.13132701499356925,58290,15,10,2,58263,cluster_by_day,high,VIS,VCR,5s
x_to_y,ret_x,ret_y,4,-7.175885527611616e-08,-0.1519448774749921,0.8792304120953889,2.86772042485683e-310,0.13132701499356925,58290,15,10,2,58263,cluster_by_day,high,VIS,VCR,5s
x_to_y,ret_x,ret_y,5,1.4606337736225483e-06,3.1130534206334888,0.0018516249888789497,2.86772042485683e-310,0.13132701499356925,58290,15,10,2,58263,cluster_by_day,high,VIS,VCR,5s
x_to_y,ret_x,ret_y,6,2.8640575217184835e-07,0.6031824763155906,0.546387303944389,2.86772042485683e-310,0.13132701499356925,58290,15,10,2,58263,cluster_by_day,high,VIS,VCR,5s
x_to_y,ret_x,ret_y,7,-2.4210677430982193e-07,-0.45921114312280725,0.6460825493372795,2.86772042485683e-310,0.13132701499356925,58290,15,10,2,58263,cluster_by_day,high,VIS,VCR,5s
x_to_y,ret_x,ret_y,8,3.29774189015166e-08,0.04241112605159474,0.9661709590240859,2.86772042485683e-310,0.13132701499356925,58290,15,10,2,58263,cluster_by_day,high,VIS,VCR,5s
x_to_y,ret_x,ret_y,9,1.050176914765248e-06,0.6353151475767953,0.5252228962832748,2.86772042485683e-310,0.13132701499356925,58290,15,10,2,58263,cluster_by_day,high,VIS,VCR,5s
x_to_y,ret_x,ret_y,10,1.4150680479138893e-06,3.1618114960612727,0.0015679102526915496,2.86772042485683e-310,0.13132701499356925,58290,15,10,2,58263,cluster_by_day,high,VIS,VCR,5s
y_to_x,ret_y,ret_x,1,2.0350315516383582e-05,6.148471586562307,7.823313809900067e-10,9.054615327221738e-211,0.12902842326746766,58290,15,10,1,58264,cluster_by_day,high,VIS,VCR,5s
y_to_x,ret_y,ret_x,2,-2.498582335033832e-06,-3.278163906440918,0.0010448470653597142,9.054615327221738e-211,0.12902842326746766,58290,15,10,1,58264,cluster_by_day,high,VIS,VCR,5s
y_to_x,ret_y,ret_x,3,2.64086410513468e-06,2.9305779774861627,0.0033833206857995287,9.054615327221738e-211,0.12902842326746766,58290,15,10,1,58264,cluster_by_day,high,VIS,VCR,5s
y_to_x,ret_y,ret_x,4,-5.924666535582175e-07,-1.4624290530125088,0.14362367283693803,9.054615327221738e-211,0.12902842326746766,58290,15,10,1,58264,cluster_by_day,high,VIS,VCR,5s
y_to_x,ret_y,ret_x,5,3.0360498938239503e-06,4.684283552086573,2.80940867198449e-06,9.054615327221738e-211,0.12902842326746766,58290,15,10,1,58264,cluster_by_day,high,VIS,VCR,5s
y_to_x,ret_y,ret_x,6,3.5495294534300904e-07,0.6896003425743022,0.49044555189214456,9.054615327221738e-211,0.12902842326746766,58290,15,10,1,58264,cluster_by_day,high,VIS,VCR,5s
y_to_x,ret_y,ret_x,7,-8.613395574573397e-08,-0.14557685609491025,0.8842554394785326,9.054615327221738e-211,0.12902842326746766,58290,15,10,1,58264,cluster_by_day,high,VIS,VCR,5s
y_to_x,ret_y,ret_x,8,-1.165115636359523e-06,-1.3711000990810265,0.170343754103783,9.054615327221738e-211,0.12902842326746766,58290,15,10,1,58264,cluster_by_day,high,VIS,VCR,5s
y_to_x,ret_y,ret_x,9,1.0338317410436885e-06,0.8675443840122901,0.3856438041433815,9.054615327221738e-211,0.12902842326746766,58290,15,10,1,58264,cluster_by_day,high,VIS,VCR,5s
y_to_x,ret_y,ret_x,10,4.473316504003628e-07,0.6118770373671383,0.5406191152060801,9.054615327221738e-211,0.12902842326746766,58290,15,10,1,58264,cluster_by_day,high,VIS,VCR,5s
x_to_y,ret_x,ret_y,1,4.786154511162349e-06,7.531627761707437,5.01116454744921e-14,0.0,0.04159635445671572,58376,15,10,2,58349,cluster_by_day,high,VIS,VOX,5s
x_to_y,ret_x,ret_y,2,-1.588775506712141e-06,-1.8038563087889674,0.0712538358059257,0.0,0.04159635445671572,58376,15,10,2,58349,cluster_by_day,high,VIS,VOX,5s
x_to_y,ret_x,ret_y,3,3.6475884319268737e-07,0.4697634896886227,0.6385240019013008,0.0,0.04159635445671572,58376,15,10,2,58349,cluster_by_day,high,VIS,VOX,5s
x_to_y,ret_x,ret_y,4,-1.427442657949586e-06,-1.5482684443365828,0.1215576785477886,0.0,0.04159635445671572,58376,15,10,2,58349,cluster_by_day,high,VIS,VOX,5s
x_to_y,ret_x,ret_y,5,1.9387725140000754e-06,2.6539862110950985,0.007954707741089213,0.0,0.04159635445671572,58376,15,10,2,58349,cluster_by_day,high,VIS,VOX,5s
x_to_y,ret_x,ret_y,6,-1.8270005477511236e-07,-0.2374747059880974,0.812288539726471,0.0,0.04159635445671572,58376,15,10,2,58349,cluster_by_day,high,VIS,VOX,5s
x_to_y,ret_x,ret_y,7,-1.0025479261506399e-06,-2.205515440913518,0.027417945486610217,0.0,0.04159635445671572,58376,15,10,2,58349,cluster_by_day,high,VIS,VOX,5s
x_to_y,ret_x,ret_y,8,5.82617901980893e-07,0.9475330784174272,0.34336720885208916,0.0,0.04159635445671572,58376,15,10,2,58349,cluster_by_day,high,VIS,VOX,5s
x_to_y,ret_x,ret_y,9,1.0117895951226142e-06,0.9041303153899637,0.3659263052172623,0.0,0.04159635445671572,58376,15,10,2,58349,cluster_by_day,high,VIS,VOX,5s
x_to_y,ret_x,ret_y,10,1.2196717852624205e-06,2.351596753975464,0.018693027427037122,0.0,0.04159635445671572,58376,15,10,2,58349,cluster_by_day,high,VIS,VOX,5s
y_to_x,ret_y,ret_x,1,1.5683042043332915e-05,5.4494102259287605,5.053712473275536e-08,4.305465135594091e-56,0.12371504527749166,58376,15,10,4,58347,cluster_by_day,high,VIS,VOX,5s
y_to_x,ret_y,ret_x,2,-2.2306567201186077e-06,-3.135162902897788,0.0017175870328073571,4.305465135594091e-56,0.12371504527749166,58376,15,10,4,58347,cluster_by_day,high,VIS,VOX,5s
y_to_x,ret_y,ret_x,3,9.197263183049088e-07,1.032037587650847,0.30205450951240964,4.305465135594091e-56,0.12371504527749166,58376,15,10,4,58347,cluster_by_day,high,VIS,VOX,5s
y_to_x,ret_y,ret_x,4,-1.9705263889074984e-06,-3.614595080828745,0.00030081740466034824,4.305465135594091e-56,0.12371504527749166,58376,15,10,4,58347,cluster_by_day,high,VIS,VOX,5s
y_to_x,ret_y,ret_x,5,1.7380147357316648e-06,2.0991191844352906,0.03580639569219285,4.305465135594091e-56,0.12371504527749166,58376,15,10,4,58347,cluster_by_day,high,VIS,VOX,5s
y_to_x,ret_y,ret_x,6,1.0577854620472526e-06,2.4544126075940165,0.014111496037110784,4.305465135594091e-56,0.12371504527749166,58376,15,10,4,58347,cluster_by_day,high,VIS,VOX,5s
y_to_x,ret_y,ret_x,7,-4.004952314319655e-07,-1.0587962600531435,0.28969257728792,4.305465135594091e-56,0.12371504527749166,58376,15,10,4,58347,cluster_by_day,high,VIS,VOX,5s
y_to_x,ret_y,ret_x,8,-1.182188496415224e-06,-1.4858997122316604,0.13730564974442233,4.305465135594091e-56,0.12371504527749166,58376,15,10,4,58347,cluster_by_day,high,VIS,VOX,5s
y_to_x,ret_y,ret_x,9,8.595817854235491e-07,0.9813988085411908,0.326396113482343,4.305465135594091e-56,0.12371504527749166,58376,15,10,4,58347,cluster_by_day,high,VIS,VOX,5s
y_to_x,ret_y,ret_x,10,6.260616615921696e-07,1.128253228187664,0.2592129901656838,4.305465135594091e-56,0.12371504527749166,58376,15,10,4,58347,cluster_by_day,high,VIS,VOX,5s
x_to_y,ret_x,ret_y,1,1.1720630370152176e-05,5.264593890928689,1.4049958244069672e-07,3.092263615980798e-45,0.17963146306473876,51546,15,10,6,51515,cluster_by_day,high,VGT,VAW,5s
x_to_y,ret_x,ret_y,2,-1.7190426191975367e-06,-2.3911400041726996,0.016796146632523906,3.092263615980798e-45,0.17963146306473876,51546,15,10,6,51515,cluster_by_day,high,VGT,VAW,5s
x_to_y,ret_x,ret_y,3,-1.4298829669903008e-07,-0.22781313091450298,0.8197915180992573,3.092263615980798e-45,0.17963146306473876,51546,15,10,6,51515,cluster_by_day,high,VGT,VAW,5s
x_to_y,ret_x,ret_y,4,-2.1458108430796676e-06,-3.489602510384877,0.0004837394860592983,3.092263615980798e-45,0.17963146306473876,51546,15,10,6,51515,cluster_by_day,high,VGT,VAW,5s
x_to_y,ret_x,ret_y,5,4.1534502087635173e-07,0.9942784330820081,0.32008733243771204,3.092263615980798e-45,0.17963146306473876,51546,15,10,6,51515,cluster_by_day,high,VGT,VAW,5s
x_to_y,ret_x,ret_y,6,-1.135250765280255e-06,-1.9073229484608398,0.05647878027621944,3.092263615980798e-45,0.17963146306473876,51546,15,10,6,51515,cluster_by_day,high,VGT,VAW,5s
x_to_y,ret_x,ret_y,7,-2.52472632283482e-07,-0.39020213575740265,0.6963870824495719,3.092263615980798e-45,0.17963146306473876,51546,15,10,6,51515,cluster_by_day,high,VGT,VAW,5s
x_to_y,ret_x,ret_y,8,-1.2530650502669117e-06,-2.4939605679565338,0.01263265773436136,3.092263615980798e-45,0.17963146306473876,51546,15,10,6,51515,cluster_by_day,high,VGT,VAW,5s
x_to_y,ret_x,ret_y,9,8.53940639961298e-07,0.8160174216025935,0.4144901716540389,3.092263615980798e-45,0.17963146306473876,51546,15,10,6,51515,cluster_by_day,high,VGT,VAW,5s
x_to_y,ret_x,ret_y,10,1.2642583889931054e-07,0.2841046592745036,0.7763301764450397,3.092263615980798e-45,0.17963146306473876,51546,15,10,6,51515,cluster_by_day,high,VGT,VAW,5s
y_to_x,ret_y,ret_x,1,5.783647449125525e-06,3.8949812605019614,9.820632197242922e-05,2.0259564863835742e-17,0.04056197526190841,51546,15,10,2,51519,cluster_by_day,high,VGT,VAW,5s
y_to_x,ret_y,ret_x,2,-1.7264332562862e-06,-1.3241129449429687,0.18546553700971757,2.0259564863835742e-17,0.04056197526190841,51546,15,10,2,51519,cluster_by_day,high,VGT,VAW,5s
y_to_x,ret_y,ret_x,3,2.226458963628538e-06,2.3476667096459725,0.018891417052744816,2.0259564863835742e-17,0.04056197526190841,51546,15,10,2,51519,cluster_by_day,high,VGT,VAW,5s
y_to_x,ret_y,ret_x,4,-8.996514461543572e-07,-0.6834274107506702,0.49433680427670934,2.0259564863835742e-17,0.04056197526190841,51546,15,10,2,51519,cluster_by_day,high,VGT,VAW,5s
y_to_x,ret_y,ret_x,5,7.529880511272833e-07,0.9519495662822322,0.3411225600855372,2.0259564863835742e-17,0.04056197526190841,51546,15,10,2,51519,cluster_by_day,high,VGT,VAW,5s
y_to_x,ret_y,ret_x,6,2.2857745273767855e-06,2.399199573815346,0.016430956638959215,2.0259564863835742e-17,0.04056197526190841,51546,15,10,2,51519,cluster_by_day,high,VGT,VAW,5s
y_to_x,ret_y,ret_x,7,-1.0369532719548865e-06,-1.207196188060445,0.2273565981465906,2.0259564863835742e-17,0.04056197526190841,51546,15,10,2,51519,cluster_by_day,high,VGT,VAW,5s
y_to_x,ret_y,ret_x,8,-2.5337571565924117e-07,-0.24288246935523905,0.808096446424716,2.0259564863835742e-17,0.04056197526190841,51546,15,10,2,51519,cluster_by_day,high,VGT,VAW,5s
y_to_x,ret_y,ret_x,9,1.2369159601589627e-06,1.2208627780800951,0.22213797964556514,2.0259564863835742e-17,0.04056197526190841,51546,15,10,2,51519,cluster_by_day,high,VGT,VAW,5s
y_to_x,ret_y,ret_x,10,8.257123976479882e-07,0.7859875258772872,0.43187479515422256,2.0259564863835742e-17,0.04056197526190841,51546,15,10,2,51519,cluster_by_day,high,VGT,VAW,5s
x_to_y,ret_x,ret_y,1,2.128489270914764e-05,13.444553999273724,3.3139784337975415e-41,1.0548876919683705e-219,0.1486089821827723,67096,15,10,5,67066,cluster_by_day,high,VGT,VCR,5s
x_to_y,ret_x,ret_y,2,-2.9509387102291605e-06,-4.512211289079977,6.415523017771356e-06,1.0548876919683705e-219,0.1486089821827723,67096,15,10,5,67066,cluster_by_day,high,VGT,VCR,5s
x_to_y,ret_x,ret_y,3,2.035776972729242e-06,2.11896212245395,0.03409366815373741,1.0548876919683705e-219,0.1486089821827723,67096,15,10,5,67066,cluster_by_day,high,VGT,VCR,5s
x_to_y,ret_x,ret_y,4,-1.3126472581058826e-06,-1.093062084359319,0.27436654182298814,1.0548876919683705e-219,0.1486089821827723,67096,15,10,5,67066,cluster_by_day,high,VGT,VCR,5s
x_to_y,ret_x,ret_y,5,-1.4666591912321274e-08,-0.022077930159280112,0.9823857913666812,1.0548876919683705e-219,0.1486089821827723,67096,15,10,5,67066,cluster_by_day,high,VGT,VCR,5s
x_to_y,ret_x,ret_y,6,1.091707182125988e-06,3.1508525736248854,0.0016279463964092567,1.0548876919683705e-219,0.1486089821827723,67096,15,10,5,67066,cluster_by_day,high,VGT,VCR,5s
x_to_y,ret_x,ret_y,7,-2.4563032430501944e-09,-0.004613200015695055,0.9963192119871045,1.0548876919683705e-219,0.1486089821827723,67096,15,10,5,67066,cluster_by_day,high,VGT,VCR,5s
x_to_y,ret_x,ret_y,8,-8.388295931766924e-07,-0.9978476521897564,0.3183532391340156,1.0548876919683705e-219,0.1486089821827723,67096,15,10,5,67066,cluster_by_day,high,VGT,VCR,5s
x_to_y,ret_x,ret_y,9,6.10229002937341e-07,0.4545578671804597,0.6494273519535081,1.0548876919683705e-219,0.1486089821827723,67096,15,10,5,67066,cluster_by_day,high,VGT,VCR,5s
x_to_y,ret_x,ret_y,10,1.3985203347531173e-07,0.5137224573677035,0.6074460485565005,1.0548876919683705e-219,0.1486089821827723,67096,15,10,5,67066,cluster_by_day,high,VGT,VCR,5s
y_to_x,ret_y,ret_x,1,1.1424285962645813e-05,6.985897716529455,2.830402337016851e-12,1.8728333257670594e-15,0.046309788052260936,67096,15,10,2,67069,cluster_by_day,high,VGT,VCR,5s
y_to_x,ret_y,ret_x,2,-1.6464252755988511e-06,-0.919195006975469,0.3579935822933209,1.8728333257670594e-15,0.046309788052260936,67096,15,10,2,67069,cluster_by_day,high,VGT,VCR,5s
y_to_x,ret_y,ret_x,3,2.115246849242752e-06,1.748255096783893,0.08041986488800122,1.8728333257670594e-15,0.046309788052260936,67096,15,10,2,67069,cluster_by_day,high,VGT,VCR,5s
y_to_x,ret_y,ret_x,4,-2.7337265314968072e-06,-3.4274933705870088,0.0006091811776272145,1.8728333257670594e-15,0.046309788052260936,67096,15,10,2,67069,cluster_by_day,high,VGT,VCR,5s
y_to_x,ret_y,ret_x,5,2.219601114221243e-06,1.9543064172121556,0.0506649903990029,1.8728333257670594e-15,0.046309788052260936,67096,15,10,2,67069,cluster_by_day,high,VGT,VCR,5s
y_to_x,ret_y,ret_x,6,2.115889612214054e-06,2.2790149283837042,0.02266617790527119,1.8728333257670594e-15,0.046309788052260936,67096,15,10,2,67069,cluster_by_day,high,VGT,VCR,5s
y_to_x,ret_y,ret_x,7,-1.2930383497073117e-06,-1.3729119867904709,0.169779709692781,1.8728333257670594e-15,0.046309788052260936,67096,15,10,2,67069,cluster_by_day,high,VGT,VCR,5s
y_to_x,ret_y,ret_x,8,-4.4553656427132316e-07,-0.571189062168933,0.5678714917401281,1.8728333257670594e-15,0.046309788052260936,67096,15,10,2,67069,cluster_by_day,high,VGT,VCR,5s
y_to_x,ret_y,ret_x,9,6.678991353794262e-07,0.397704601766425,0.6908479449348544,1.8728333257670594e-15,0.046309788052260936,67096,15,10,2,67069,cluster_by_day,high,VGT,VCR,5s
y_to_x,ret_y,ret_x,10,1.066836852237298e-06,2.319153085773933,0.02038673721147504,1.8728333257670594e-15,0.046309788052260936,67096,15,10,2,67069,cluster_by_day,high,VGT,VCR,5s
x_to_y,ret_x,ret_y,1,1.6407020234627234e-05,12.862648313190547,7.303095131946268e-38,7.341181766566391e-186,0.056637294087218515,67264,15,10,2,67237,cluster_by_day,high,VGT,VOX,5s
x_to_y,ret_x,ret_y,2,-2.5813212730047118e-06,-3.169349838461243,0.0015278038045797805,7.341181766566391e-186,0.056637294087218515,67264,15,10,2,67237,cluster_by_day,high,VGT,VOX,5s
x_to_y,ret_x,ret_y,3,1.615691729947847e-06,1.5356639926468827,0.12462081053478093,7.341181766566391e-186,0.056637294087218515,67264,15,10,2,67237,cluster_by_day,high,VGT,VOX,5s
x_to_y,ret_x,ret_y,4,-2.8061054326489496e-06,-3.291973282108078,0.0009948706275771883,7.341181766566391e-186,0.056637294087218515,67264,15,10,2,67237,cluster_by_day,high,VGT,VOX,5s
x_to_y,ret_x,ret_y,5,1.7945513385484994e-06,3.94325024310007,8.038470056176308e-05,7.341181766566391e-186,0.056637294087218515,67264,15,10,2,67237,cluster_by_day,high,VGT,VOX,5s
x_to_y,ret_x,ret_y,6,8.533877315632778e-07,1.821590411077696,0.06851715697093776,7.341181766566391e-186,0.056637294087218515,67264,15,10,2,67237,cluster_by_day,high,VGT,VOX,5s
x_to_y,ret_x,ret_y,7,-6.572883026464012e-07,-2.0396200383129988,0.04138818465266916,7.341181766566391e-186,0.056637294087218515,67264,15,10,2,67237,cluster_by_day,high,VGT,VOX,5s
x_to_y,ret_x,ret_y,8,-1.0199617424117886e-06,-1.7409350281341458,0.08169496787609182,7.341181766566391e-186,0.056637294087218515,67264,15,10,2,67237,cluster_by_day,high,VGT,VOX,5s
x_to_y,ret_x,ret_y,9,6.359293789895651e-07,0.7056231680997739,0.4804225125574072,7.341181766566391e-186,0.056637294087218515,67264,15,10,2,67237,cluster_by_day,high,VGT,VOX,5s
x_to_y,ret_x,ret_y,10,-7.423036252617897e-08,-0.18162651863816004,0.8558758361201523,7.341181766566391e-186,0.056637294087218515,67264,15,10,2,67237,cluster_by_day,high,VGT,VOX,5s
y_to_x,ret_y,ret_x,1,1.5403930725988712e-05,7.659619833104446,1.8648427467058475e-14,5.348447717623023e-29,0.04920988921274738,67264,15,10,2,67237,cluster_by_day,high,VGT,VOX,5s
y_to_x,ret_y,ret_x,2,-2.060674190121028e-06,-1.2543120071954783,0.20972862132341963,5.348447717623023e-29,0.04920988921274738,67264,15,10,2,67237,cluster_by_day,high,VGT,VOX,5s
y_to_x,ret_y,ret_x,3,2.0396527054902296e-06,2.2837963495845974,0.02238350231622691,5.348447717623023e-29,0.04920988921274738,67264,15,10,2,67237,cluster_by_day,high,VGT,VOX,5s
y_to_x,ret_y,ret_x,4,-2.424988765489119e-06,-4.1909222906149095,2.7782280945818668e-05,5.348447717623023e-29,0.04920988921274738,67264,15,10,2,67237,cluster_by_day,high,VGT,VOX,5s
y_to_x,ret_y,ret_x,5,1.6681702218276798e-06,2.6500537323630398,0.008047897030657098,5.348447717623023e-29,0.04920988921274738,67264,15,10,2,67237,cluster_by_day,high,VGT,VOX,5s
y_to_x,ret_y,ret_x,6,2.446719995827516e-06,3.4320930011583752,0.0005989421285130433,5.348447717623023e-29,0.04920988921274738,67264,15,10,2,67237,cluster_by_day,high,VGT,VOX,5s
y_to_x,ret_y,ret_x,7,-1.1614859916962847e-06,-3.1684989115326716,0.0015322832279782608,5.348447717623023e-29,0.04920988921274738,67264,15,10,2,67237,cluster_by_day,high,VGT,VOX,5s
y_to_x,ret_y,ret_x,8,-1.1438701606274995e-06,-1.0175664082870675,0.30888405796720964,5.348447717623023e-29,0.04920988921274738,67264,15,10,2,67237,cluster_by_day,high,VGT,VOX,5s
y_to_x,ret_y,ret_x,9,1.2849114211420805e-06,0.8909180419132056,0.37297314045649255,5.348447717623023e-29,0.04920988921274738,67264,15,10,2,67237,cluster_by_day,high,VGT,VOX,5s
y_to_x,ret_y,ret_x,10,-2.5210536142612526e-08,-0.05152501699111378,0.9589071676476916,5.348447717623023e-29,0.04920988921274738,67264,15,10,2,67237,cluster_by_day,high,VGT,VOX,5s
x_to_y,ret_x,ret_y,1,1.476567263210741e-05,13.629177584591982,2.685900307198795e-42,7.629729575301087e-125,0.12732164834035253,49981,15,10,2,49954,cluster_by_day,high,VAW,VCR,5s
x_to_y,ret_x,ret_y,2,-2.6666512986213596e-06,-2.523486548312107,0.011619750606468906,7.629729575301087e-125,0.12732164834035253,49981,15,10,2,49954,cluster_by_day,high,VAW,VCR,5s
x_to_y,ret_x,ret_y,3,2.6849571465685293e-06,2.0176600669316307,0.043626676429366844,7.629729575301087e-125,0.12732164834035253,49981,15,10,2,49954,cluster_by_day,high,VAW,VCR,5s
x_to_y,ret_x,ret_y,4,-7.667901965952473e-08,-0.05940145763129616,0.9526323520896218,7.629729575301087e-125,0.12732164834035253,49981,15,10,2,49954,cluster_by_day,high,VAW,VCR,5s
x_to_y,ret_x,ret_y,5,2.612067804471249e-06,2.7069518865533566,0.0067904097778860376,7.629729575301087e-125,0.12732164834035253,49981,15,10,2,49954,cluster_by_day,high,VAW,VCR,5s
x_to_y,ret_x,ret_y,6,-1.2568963604994917e-07,-0.24780435339389217,0.8042857864498878,7.629729575301087e-125,0.12732164834035253,49981,15,10,2,49954,cluster_by_day,high,VAW,VCR,5s
x_to_y,ret_x,ret_y,7,9.775198656280098e-07,0.9609789997088161,0.33656272700515344,7.629729575301087e-125,0.12732164834035253,49981,15,10,2,49954,cluster_by_day,high,VAW,VCR,5s
x_to_y,ret_x,ret_y,8,-1.982272411390342e-06,-1.399278403027275,0.16172951340620012,7.629729575301087e-125,0.12732164834035253,49981,15,10,2,49954,cluster_by_day,high,VAW,VCR,5s
x_to_y,ret_x,ret_y,9,2.2875164453710245e-06,1.4247252299971063,0.15423664303373805,7.629729575301087e-125,0.12732164834035253,49981,15,10,2,49954,cluster_by_day,high,VAW,VCR,5s
x_to_y,ret_x,ret_y,10,-3.978880041011661e-07,-0.706596475571251,0.47981727979023925,7.629729575301087e-125,0.12732164834035253,49981,15,10,2,49954,cluster_by_day,high,VAW,VCR,5s
y_to_x,ret_y,ret_x,1,1.619784454350779e-05,6.92371898545637,4.399382113388907e-12,4.5262681607632094e-135,0.1844730154747034,49981,15,10,5,49951,cluster_by_day,high,VAW,VCR,5s
y_to_x,ret_y,ret_x,2,-2.868973888215004e-06,-5.256600967645545,1.467422283269046e-07,4.5262681607632094e-135,0.1844730154747034,49981,15,10,5,49951,cluster_by_day,high,VAW,VCR,5s
y_to_x,ret_y,ret_x,3,-3.1857233981558175e-07,-0.5211453282844681,0.6022655362727185,4.5262681607632094e-135,0.1844730154747034,49981,15,10,5,49951,cluster_by_day,high,VAW,VCR,5s
y_to_x,ret_y,ret_x,4,-1.1085318472046619e-06,-1.6570301901480726,0.09751337151766228,4.5262681607632094e-135,0.1844730154747034,49981,15,10,5,49951,cluster_by_day,high,VAW,VCR,5s
y_to_x,ret_y,ret_x,5,1.0861431775455452e-06,1.4927019496327816,0.13551522281273495,4.5262681607632094e-135,0.1844730154747034,49981,15,10,5,49951,cluster_by_day,high,VAW,VCR,5s
y_to_x,ret_y,ret_x,6,-4.143486632595658e-07,-0.9451100802942993,0.3446026795424254,4.5262681607632094e-135,0.1844730154747034,49981,15,10,5,49951,cluster_by_day,high,VAW,VCR,5s
y_to_x,ret_y,ret_x,7,7.093093245151257e-07,1.5781700191953316,0.11452655586066249,4.5262681607632094e-135,0.1844730154747034,49981,15,10,5,49951,cluster_by_day,high,VAW,VCR,5s
y_to_x,ret_y,ret_x,8,-1.6099806052183559e-06,-2.475696063398924,0.013297672670994642,4.5262681607632094e-135,0.1844730154747034,49981,15,10,5,49951,cluster_by_day,high,VAW,VCR,5s
y_to_x,ret_y,ret_x,9,1.4640139546544739e-06,1.2615587442841658,0.20710760925777982,4.5262681607632094e-135,0.1844730154747034,49981,15,10,5,49951,cluster_by_day,high,VAW,VCR,5s
y_to_x,ret_y,ret_x,10,-5.768761700763409e-08,-0.10722047877612667,0.9146140693666251,4.5262681607632094e-135,0.1844730154747034,49981,15,10,5,49951,cluster_by_day,high,VAW,VCR,5s
x_to_y,ret_x,ret_y,1,5.771571600561132e-06,4.7132707444695905,2.437719560028623e-06,2.4084038093478377e-38,0.04017385083429459,50055,15,10,2,50028,cluster_by_day,high,VAW,VOX,5s
x_to_y,ret_x,ret_y,2,-3.4724449105310868e-06,-8.309593185894943,9.603071932733813e-17,2.4084038093478377e-38,0.04017385083429459,50055,15,10,2,50028,cluster_by_day,high,VAW,VOX,5s
x_to_y,ret_x,ret_y,3,1.4065336220213118e-06,1.8075004840167572,0.07068427929532194,2.4084038093478377e-38,0.04017385083429459,50055,15,10,2,50028,cluster_by_day,high,VAW,VOX,5s
x_to_y,ret_x,ret_y,4,-4.844436684330852e-07,-0.3449917945722871,0.7301005394642696,2.4084038093478377e-38,0.04017385083429459,50055,15,10,2,50028,cluster_by_day,high,VAW,VOX,5s
x_to_y,ret_x,ret_y,5,3.318250556069846e-07,0.6463857580926442,0.5180295614317615,2.4084038093478377e-38,0.04017385083429459,50055,15,10,2,50028,cluster_by_day,high,VAW,VOX,5s
x_to_y,ret_x,ret_y,6,1.2951539322778176e-06,1.5968468517850767,0.11029984937131004,2.4084038093478377e-38,0.04017385083429459,50055,15,10,2,50028,cluster_by_day,high,VAW,VOX,5s
x_to_y,ret_x,ret_y,7,-4.858218353568217e-07,-0.736419823625028,0.4614752441835501,2.4084038093478377e-38,0.04017385083429459,50055,15,10,2,50028,cluster_by_day,high,VAW,VOX,5s
x_to_y,ret_x,ret_y,8,-7.947584614559227e-07,-0.9741444869584528,0.3299848034523495,2.4084038093478377e-38,0.04017385083429459,50055,15,10,2,50028,cluster_by_day,high,VAW,VOX,5s
x_to_y,ret_x,ret_y,9,1.2187299628247902e-06,1.08261390783671,0.278979831490587,2.4084038093478377e-38,0.04017385083429459,50055,15,10,2,50028,cluster_by_day,high,VAW,VOX,5s
x_to_y,ret_x,ret_y,10,8.774821150321484e-07,1.093898396427176,0.27399954214694655,2.4084038093478377e-38,0.04017385083429459,50055,15,10,2,50028,cluster_by_day,high,VAW,VOX,5s
y_to_x,ret_y,ret_x,1,1.2676276421496624e-05,5.703390221145988,1.1744768912633234e-08,4.596725615038893e-65,0.1806021252243285,50055,15,10,6,50024,cluster_by_day,high,VAW,VOX,5s
y_to_x,ret_y,ret_x,2,-1.4459812018946814e-06,-2.2173317018963568,0.026600433074863768,4.596725615038893e-65,0.1806021252243285,50055,15,10,6,50024,cluster_by_day,high,VAW,VOX,5s
y_to_x,ret_y,ret_x,3,-2.643040044810311e-07,-0.4504029388231954,0.6524199263029116,4.596725615038893e-65,0.1806021252243285,50055,15,10,6,50024,cluster_by_day,high,VAW,VOX,5s
y_to_x,ret_y,ret_x,4,-2.273161234585879e-06,-5.672051375075189,1.4109764593519708e-08,4.596725615038893e-65,0.1806021252243285,50055,15,10,6,50024,cluster_by_day,high,VAW,VOX,5s
y_to_x,ret_y,ret_x,5,6.593411188194888e-07,1.1714088068482436,0.24143449398521266,4.596725615038893e-65,0.1806021252243285,50055,15,10,6,50024,cluster_by_day,high,VAW,VOX,5s
y_to_x,ret_y,ret_x,6,5.3716796460091566e-08,0.11028095884191018,0.912186557789858,4.596725615038893e-65,0.1806021252243285,50055,15,10,6,50024,cluster_by_day,high,VAW,VOX,5s
y_to_x,ret_y,ret_x,7,-6.059075801564387e-07,-1.2222685368605013,0.2216060932877747,4.596725615038893e-65,0.1806021252243285,50055,15,10,6,50024,cluster_by_day,high,VAW,VOX,5s
y_to_x,ret_y,ret_x,8,-7.419433919023794e-07,-1.2713742552352738,0.20359553696944788,4.596725615038893e-65,0.1806021252243285,50055,15,10,6,50024,cluster_by_day,high,VAW,VOX,5s
y_to_x,ret_y,ret_x,9,1.1269045121217409e-06,1.235783016612916,0.21653922953397486,4.596725615038893e-65,0.1806021252243285,50055,15,10,6,50024,cluster_by_day,high,VAW,VOX,5s
y_to_x,ret_y,ret_x,10,-5.568456474398119e-08,-0.1604315742575569,0.8725411190736556,4.596725615038893e-65,0.1806021252243285,50055,15,10,6,50024,cluster_by_day,high,VAW,VOX,5s
x_to_y,ret_x,ret_y,1,1.1829110062382271e-05,9.159767472244935,5.2009263186925256e-20,6.702707478243461e-61,0.048974707295641906,64796,15,10,2,64769,cluster_by_day,high,VCR,VOX,5s
x_to_y,ret_x,ret_y,2,-2.85262938140909e-06,-2.5785145579017783,0.00992261186334643,6.702707478243461e-61,0.048974707295641906,64796,15,10,2,64769,cluster_by_day,high,VCR,VOX,5s
x_to_y,ret_x,ret_y,3,1.3332314141606043e-06,1.187013736573486,0.23522220223038093,6.702707478243461e-61,0.048974707295641906,64796,15,10,2,64769,cluster_by_day,high,VCR,VOX,5s
x_to_y,ret_x,ret_y,4,-2.19879229666124e-06,-2.67914712923579,0.0073809954013510995,6.702707478243461e-61,0.048974707295641906,64796,15,10,2,64769,cluster_by_day,high,VCR,VOX,5s
x_to_y,ret_x,ret_y,5,1.8637085531684988e-06,2.428441850373783,0.015163856575122736,6.702707478243461e-61,0.048974707295641906,64796,15,10,2,64769,cluster_by_day,high,VCR,VOX,5s
x_to_y,ret_x,ret_y,6,4.81671947473145e-07,1.1515474625377158,0.24950708098485597,6.702707478243461e-61,0.048974707295641906,64796,15,10,2,64769,cluster_by_day,high,VCR,VOX,5s
x_to_y,ret_x,ret_y,7,-6.624077017760938e-07,-1.1622586397964256,0.24513042162523146,6.702707478243461e-61,0.048974707295641906,64796,15,10,2,64769,cluster_by_day,high,VCR,VOX,5s
x_to_y,ret_x,ret_y,8,-4.320026212082647e-07,-0.5939714931450365,0.5525311796807855,6.702707478243461e-61,0.048974707295641906,64796,15,10,2,64769,cluster_by_day,high,VCR,VOX,5s
x_to_y,ret_x,ret_y,9,3.4942186234628347e-07,0.2624421397772617,0.7929805880076009,6.702707478243461e-61,0.048974707295641906,64796,15,10,2,64769,cluster_by_day,high,VCR,VOX,5s
x_to_y,ret_x,ret_y,10,2.828118743574329e-07,0.47459227991592284,0.6350776099219635,6.702707478243461e-61,0.048974707295641906,64796,15,10,2,64769,cluster_by_day,high,VCR,VOX,5s
y_to_x,ret_y,ret_x,1,1.960633948943666e-05,12.240965028664341,1.8778648088299267e-34,1.1881054991610733e-270,0.14539545405034027,64796,15,10,5,64766,cluster_by_day,high,VCR,VOX,5s
y_to_x,ret_y,ret_x,2,-2.979945576449324e-06,-3.98567458605624,6.728867947160075e-05,1.1881054991610733e-270,0.14539545405034027,64796,15,10,5,64766,cluster_by_day,high,VCR,VOX,5s
y_to_x,ret_y,ret_x,3,1.836208329074136e-06,2.181789588345815,0.02912506534499089,1.1881054991610733e-270,0.14539545405034027,64796,15,10,5,64766,cluster_by_day,high,VCR,VOX,5s
y_to_x,ret_y,ret_x,4,-1.4133264057726932e-06,-1.6364990530865513,0.10173518372024089,1.1881054991610733e-270,0.14539545405034027,64796,15,10,5,64766,cluster_by_day,high,VCR,VOX,5s
y_to_x,ret_y,ret_x,5,3.964650000397753e-07,0.8598131225305898,0.3898920644624656,1.1881054991610733e-270,0.14539545405034027,64796,15,10,5,64766,cluster_by_day,high,VCR,VOX,5s
y_to_x,ret_y,ret_x,6,9.158369438797146e-07,1.3918031733254284,0.16398200877821678,1.1881054991610733e-270,0.14539545405034027,64796,15,10,5,64766,cluster_by_day,high,VCR,VOX,5s
y_to_x,ret_y,ret_x,7,-2.4710246238375943e-08,-0.07487342087806276,0.9403154242482585,1.1881054991610733e-270,0.14539545405034027,64796,15,10,5,64766,cluster_by_day,high,VCR,VOX,5s
y_to_x,ret_y,ret_x,8,-6.703479194987492e-07,-0.8003782514592059,0.42349167782147246,1.1881054991610733e-270,0.14539545405034027,64796,15,10,5,64766,cluster_by_day,high,VCR,VOX,5s
y_to_x,ret_y,ret_x,9,1.1282652633804763e-06,0.8375134034201148,0.4023040460841818,1.1881054991610733e-270,0.14539545405034027,64796,15,10,5,64766,cluster_by_day,high,VCR,VOX,5s
y_to_x,ret_y,ret_x,10,-2.774688905074503e-07,-0.7683714374972217,0.4422665444117848,1.1881054991610733e-270,0.14539545405034027,64796,15,10,5,64766,cluster_by_day,high,VCR,VOX,5s
x_to_y,ret_x,ret_y,1,-4.629100188183277e-07,-0.7404128456394615,0.45904952671258004,3.1489982774691094e-15,0.022059806763194634,165578,37,10,1,165530,cluster_by_day,high,VDE,VNQ,5s
x_to_y,ret_x,ret_y,2,-2.3211132228434356e-06,-5.185242395088362,2.1573409207992892e-07,3.1489982774691094e-15,0.022059806763194634,165578,37,10,1,165530,cluster_by_day,high,VDE,VNQ,5s
x_to_y,ret_x,ret_y,3,-1.2822379848381462e-06,-2.4114799779544893,0.015887924171296433,3.1489982774691094e-15,0.022059806763194634,165578,37,10,1,165530,cluster_by_day,high,VDE,VNQ,5s
x_to_y,ret_x,ret_y,4,-8.612941321087935e-07,-1.9328628240416545,0.053253098605252715,3.1489982774691094e-15,0.022059806763194634,165578,37,10,1,165530,cluster_by_day,high,VDE,VNQ,5s
x_to_y,ret_x,ret_y,5,9.460614333148994e-07,2.2168399314260623,0.02663403172902475,3.1489982774691094e-15,0.022059806763194634,165578,37,10,1,165530,cluster_by_day,high,VDE,VNQ,5s
x_to_y,ret_x,ret_y,6,-2.5454604814138408e-08,-0.05299413695476792,0.9577365791833801,3.1489982774691094e-15,0.022059806763194634,165578,37,10,1,165530,cluster_by_day,high,VDE,VNQ,5s
x_to_y,ret_x,ret_y,7,-4.1119558275149323e-07,-0.9825469934441484,0.3258304434732052,3.1489982774691094e-15,0.022059806763194634,165578,37,10,1,165530,cluster_by_day,high,VDE,VNQ,5s
x_to_y,ret_x,ret_y,8,1.1808037548716236e-07,0.22950282434098576,0.8184781257005325,3.1489982774691094e-15,0.022059806763194634,165578,37,10,1,165530,cluster_by_day,high,VDE,VNQ,5s
x_to_y,ret_x,ret_y,9,-4.136644583674512e-08,-0.07434039650499724,0.940739534178629,3.1489982774691094e-15,0.022059806763194634,165578,37,10,1,165530,cluster_by_day,high,VDE,VNQ,5s
x_to_y,ret_x,ret_y,10,3.3855635127189576e-08,0.08321737771225189,0.9336786952496594,3.1489982774691094e-15,0.022059806763194634,165578,37,10,1,165530,cluster_by_day,high,VDE,VNQ,5s
y_to_x,ret_y,ret_x,1,1.6808380369012005e-06,1.6105293110503311,0.10728235187695469,4.462949328200584e-12,0.03537778503520517,165578,37,10,2,165529,cluster_by_day,high,VDE,VNQ,5s
y_to_x,ret_y,ret_x,2,-1.4202715847090663e-06,-2.139689506367994,0.03237986765859261,4.462949328200584e-12,0.03537778503520517,165578,37,10,2,165529,cluster_by_day,high,VDE,VNQ,5s
y_to_x,ret_y,ret_x,3,-8.467715554242661e-07,-1.55502606354367,0.119939862105309,4.462949328200584e-12,0.03537778503520517,165578,37,10,2,165529,cluster_by_day,high,VDE,VNQ,5s
y_to_x,ret_y,ret_x,4,-7.502441885743308e-07,-1.7720360205410541,0.07638857809940523,4.462949328200584e-12,0.03537778503520517,165578,37,10,2,165529,cluster_by_day,high,VDE,VNQ,5s
y_to_x,ret_y,ret_x,5,3.7712956647792114e-07,0.6277811818375861,0.530147295325147,4.462949328200584e-12,0.03537778503520517,165578,37,10,2,165529,cluster_by_day,high,VDE,VNQ,5s
y_to_x,ret_y,ret_x,6,2.477327151211255e-07,0.36560138277038656,0.7146625431387734,4.462949328200584e-12,0.03537778503520517,165578,37,10,2,165529,cluster_by_day,high,VDE,VNQ,5s
y_to_x,ret_y,ret_x,7,-4.5898271576830547e-07,-1.1710769833075325,0.24156783461937548,4.462949328200584e-12,0.03537778503520517,165578,37,10,2,165529,cluster_by_day,high,VDE,VNQ,5s
y_to_x,ret_y,ret_x,8,-1.8043702122706432e-07,-0.3400042980060985,0.733853291212273,4.462949328200584e-12,0.03537778503520517,165578,37,10,2,165529,cluster_by_day,high,VDE,VNQ,5s
y_to_x,ret_y,ret_x,9,-1.2482609954154498e-06,-2.981266882962117,0.0028705850517463777,4.462949328200584e-12,0.03537778503520517,165578,37,10,2,165529,cluster_by_day,high,VDE,VNQ,5s
y_to_x,ret_y,ret_x,10,6.542305267607586e-07,1.2106488480494497,0.22603001444189708,4.462949328200584e-12,0.03537778503520517,165578,37,10,2,165529,cluster_by_day,high,VDE,VNQ,5s
x_to_y,ret_x,ret_y,1,6.017053305839896e-06,3.994543386031573,6.481905164188375e-05,1.0274873371364496e-131,0.048895132288101384,38979,11,10,2,38956,cluster_by_day,high,VDC,VOX,5s
x_to_y,ret_x,ret_y,2,-4.3126805015030526e-06,-5.558552794552971,2.720206804920835e-08,1.0274873371364496e-131,0.048895132288101384,38979,11,10,2,38956,cluster_by_day,high,VDC,VOX,5s
x_to_y,ret_x,ret_y,3,2.367052380738252e-06,2.3329500290117693,0.019650768175645036,1.0274873371364496e-131,0.048895132288101384,38979,11,10,2,38956,cluster_by_day,high,VDC,VOX,5s
x_to_y,ret_x,ret_y,4,1.744181878704983e-07,0.2901447130046671,0.7717055302599637,1.0274873371364496e-131,0.048895132288101384,38979,11,10,2,38956,cluster_by_day,high,VDC,VOX,5s
x_to_y,ret_x,ret_y,5,5.338542922256315e-07,0.7843596802224766,0.4328290898670013,1.0274873371364496e-131,0.048895132288101384,38979,11,10,2,38956,cluster_by_day,high,VDC,VOX,5s
x_to_y,ret_x,ret_y,6,7.742555400289066e-07,1.2484954748987667,0.2118496645221961,1.0274873371364496e-131,0.048895132288101384,38979,11,10,2,38956,cluster_by_day,high,VDC,VOX,5s
x_to_y,ret_x,ret_y,7,-8.825278637594365e-07,-1.2728560278387515,0.2030691352784495,1.0274873371364496e-131,0.048895132288101384,38979,11,10,2,38956,cluster_by_day,high,VDC,VOX,5s
x_to_y,ret_x,ret_y,8,-1.0734078699806306e-06,-1.1524574942320398,0.2491331268217467,1.0274873371364496e-131,0.048895132288101384,38979,11,10,2,38956,cluster_by_day,high,VDC,VOX,5s
x_to_y,ret_x,ret_y,9,1.2184372631883575e-06,0.9512598661309973,0.3414724749278648,1.0274873371364496e-131,0.048895132288101384,38979,11,10,2,38956,cluster_by_day,high,VDC,VOX,5s
x_to_y,ret_x,ret_y,10,6.38894256544055e-07,1.5258571934094367,0.12704543336458166,1.0274873371364496e-131,0.048895132288101384,38979,11,10,2,38956,cluster_by_day,high,VDC,VOX,5s
y_to_x,ret_y,ret_x,1,5.552534245802934e-06,5.448853714886837,5.0695487274475625e-08,1.0340895247411158e-23,0.09660924920068958,38979,11,10,3,38955,cluster_by_day,high,VDC,VOX,5s
y_to_x,ret_y,ret_x,2,-1.621567368194671e-06,-2.86901850446039,0.0041174770897536486,1.0340895247411158e-23,0.09660924920068958,38979,11,10,3,38955,cluster_by_day,high,VDC,VOX,5s
y_to_x,ret_y,ret_x,3,4.3396554316481693e-07,0.6261207323244798,0.5312357545957476,1.0340895247411158e-23,0.09660924920068958,38979,11,10,3,38955,cluster_by_day,high,VDC,VOX,5s
y_to_x,ret_y,ret_x,4,8.569414685184959e-07,1.9596143762519935,0.050040879764977314,1.0340895247411158e-23,0.09660924920068958,38979,11,10,3,38955,cluster_by_day,high,VDC,VOX,5s
y_to_x,ret_y,ret_x,5,9.96234083567685e-07,2.403004139478818,0.01626100335938338,1.0340895247411158e-23,0.09660924920068958,38979,11,10,3,38955,cluster_by_day,high,VDC,VOX,5s
y_to_x,ret_y,ret_x,6,1.2160433945359253e-06,4.069917317189328,4.7029825804276815e-05,1.0340895247411158e-23,0.09660924920068958,38979,11,10,3,38955,cluster_by_day,high,VDC,VOX,5s
y_to_x,ret_y,ret_x,7,-1.1147914935896049e-06,-2.3093827392044597,0.020922351989153615,1.0340895247411158e-23,0.09660924920068958,38979,11,10,3,38955,cluster_by_day,high,VDC,VOX,5s
y_to_x,ret_y,ret_x,8,2.238441879785347e-07,0.44016538631963814,0.6598173273691489,1.0340895247411158e-23,0.09660924920068958,38979,11,10,3,38955,cluster_by_day,high,VDC,VOX,5s
y_to_x,ret_y,ret_x,9,-1.8725050068260842e-07,-0.32272568097579535,0.7469030013619886,1.0340895247411158e-23,0.09660924920068958,38979,11,10,3,38955,cluster_by_day,high,VDC,VOX,5s
y_to_x,ret_y,ret_x,10,-1.871832873602324e-07,-0.49396918691138264,0.6213279408864799,1.0340895247411158e-23,0.09660924920068958,38979,11,10,3,38955,cluster_by_day,high,VDC,VOX,5s
x_to_y,ret_x,ret_y,1,7.686273795314344e-06,10.040173351897602,1.0149563123174762e-23,1.512458829308094e-253,0.07335581172000338,36465,11,10,3,36441,cluster_by_day,high,VDC,VPU,5s
x_to_y,ret_x,ret_y,2,-3.84082558625889e-06,-5.405242747915478,6.472067957763028e-08,1.512458829308094e-253,0.07335581172000338,36465,11,10,3,36441,cluster_by_day,high,VDC,VPU,5s
x_to_y,ret_x,ret_y,3,-8.331687804686652e-07,-0.5771188506120127,0.5638591709719942,1.512458829308094e-253,0.07335581172000338,36465,11,10,3,36441,cluster_by_day,high,VDC,VPU,5s
x_to_y,ret_x,ret_y,4,1.1122664677837693e-06,2.0171833404321435,0.04367638396088842,1.512458829308094e-253,0.07335581172000338,36465,11,10,3,36441,cluster_by_day,high,VDC,VPU,5s
x_to_y,ret_x,ret_y,5,1.4193487349434446e-06,1.1963038981067158,0.23157798813704034,1.512458829308094e-253,0.07335581172000338,36465,11,10,3,36441,cluster_by_day,high,VDC,VPU,5s
x_to_y,ret_x,ret_y,6,6.216124289011101e-07,0.6719570108077075,0.5016110644673395,1.512458829308094e-253,0.07335581172000338,36465,11,10,3,36441,cluster_by_day,high,VDC,VPU,5s
x_to_y,ret_x,ret_y,7,-8.171450929323982e-08,-0.04949937405844772,0.960521336018958,1.512458829308094e-253,0.07335581172000338,36465,11,10,3,36441,cluster_by_day,high,VDC,VPU,5s
x_to_y,ret_x,ret_y,8,3.1878007130246656e-07,0.39419636503598104,0.6934360691641558,1.512458829308094e-253,0.07335581172000338,36465,11,10,3,36441,cluster_by_day,high,VDC,VPU,5s
x_to_y,ret_x,ret_y,9,3.4223222711996707e-07,0.6282194314867154,0.5298602026214192,1.512458829308094e-253,0.07335581172000338,36465,11,10,3,36441,cluster_by_day,high,VDC,VPU,5s
x_to_y,ret_x,ret_y,10,4.993035992727575e-07,1.0867480090520174,0.2771481904164136,1.512458829308094e-253,0.07335581172000338,36465,11,10,3,36441,cluster_by_day,high,VDC,VPU,5s
y_to_x,ret_y,ret_x,1,1.4331106673985018e-05,10.613216615868039,2.586869938421445e-26,1.1870229447199023e-45,0.11178200664947757,36465,11,10,1,36443,cluster_by_day,high,VDC,VPU,5s
y_to_x,ret_y,ret_x,2,-3.477341009156671e-06,-4.248581030746245,2.151288322341492e-05,1.1870229447199023e-45,0.11178200664947757,36465,11,10,1,36443,cluster_by_day,high,VDC,VPU,5s
y_to_x,ret_y,ret_x,3,1.0380132571071047e-06,1.7806229020093747,0.07497407582510489,1.1870229447199023e-45,0.11178200664947757,36465,11,10,1,36443,cluster_by_day,high,VDC,VPU,5s
y_to_x,ret_y,ret_x,4,4.783801827978565e-07,0.6810090901960796,0.49586573858164884,1.1870229447199023e-45,0.11178200664947757,36465,11,10,1,36443,cluster_by_day,high,VDC,VPU,5s
y_to_x,ret_y,ret_x,5,6.679071064452706e-07,1.0069137751162838,0.31397621169272005,1.1870229447199023e-45,0.11178200664947757,36465,11,10,1,36443,cluster_by_day,high,VDC,VPU,5s
y_to_x,ret_y,ret_x,6,5.260538676344939e-07,0.9735797310771758,0.3302652543094807,1.1870229447199023e-45,0.11178200664947757,36465,11,10,1,36443,cluster_by_day,high,VDC,VPU,5s
y_to_x,ret_y,ret_x,7,1.2232172427731141e-06,1.7850577034633788,0.07425195766234764,1.1870229447199023e-45,0.11178200664947757,36465,11,10,1,36443,cluster_by_day,high,VDC,VPU,5s
y_to_x,ret_y,ret_x,8,-4.592610129729604e-07,-0.8681521033153848,0.385311070779771,1.1870229447199023e-45,0.11178200664947757,36465,11,10,1,36443,cluster_by_day,high,VDC,VPU,5s
y_to_x,ret_y,ret_x,9,2.3655269989751887e-07,0.3594770205930181,0.7192382654580646,1.1870229447199023e-45,0.11178200664947757,36465,11,10,1,36443,cluster_by_day,high,VDC,VPU,5s
y_to_x,ret_y,ret_x,10,3.2102411531991285e-07,0.5368542301754186,0.5913683086479857,1.1870229447199023e-45,0.11178200664947757,36465,11,10,1,36443,cluster_by_day,high,VDC,VPU,5s
x_to_y,ret_x,ret_y,1,1.1134150684274245e-06,1.1578752448182001,0.24691495113794304,0.0,0.07375281903960373,44050,11,10,3,44026,cluster_by_day,high,VOX,VPU,5s
x_to_y,ret_x,ret_y,2,-1.7676391104930469e-06,-3.1408695751418536,0.0016844702882483854,0.0,0.07375281903960373,44050,11,10,3,44026,cluster_by_day,high,VOX,VPU,5s
x_to_y,ret_x,ret_y,3,-1.6388567245144213e-07,-0.1614391720895998,0.8717475164183608,0.0,0.07375281903960373,44050,11,10,3,44026,cluster_by_day,high,VOX,VPU,5s
x_to_y,ret_x,ret_y,4,-2.9283707020847723e-07,-0.745349909555453,0.4560602166061092,0.0,0.07375281903960373,44050,11,10,3,44026,cluster_by_day,high,VOX,VPU,5s
x_to_y,ret_x,ret_y,5,1.5263320678709702e-06,1.7662878341478079,0.07734757159396048,0.0,0.07375281903960373,44050,11,10,3,44026,cluster_by_day,high,VOX,VPU,5s
x_to_y,ret_x,ret_y,6,6.560879815206322e-07,0.8830913805848187,0.37718690082614603,0.0,0.07375281903960373,44050,11,10,3,44026,cluster_by_day,high,VOX,VPU,5s
x_to_y,ret_x,ret_y,7,1.640426575742602e-07,0.4320263773162943,0.6657222422312323,0.0,0.07375281903960373,44050,11,10,3,44026,cluster_by_day,high,VOX,VPU,5s
x_to_y,ret_x,ret_y,8,-5.705360675553548e-07,-1.0383971092089972,0.2990852148514801,0.0,0.07375281903960373,44050,11,10,3,44026,cluster_by_day,high,VOX,VPU,5s
x_to_y,ret_x,ret_y,9,9.812891617492149e-08,0.16843060205265695,0.8662445350320414,0.0,0.07375281903960373,44050,11,10,3,44026,cluster_by_day,high,VOX,VPU,5s
x_to_y,ret_x,ret_y,10,7.610614699590853e-07,1.1090496554721483,0.267408761466994,0.0,0.07375281903960373,44050,11,10,3,44026,cluster_by_day,high,VOX,VPU,5s
y_to_x,ret_y,ret_x,1,4.373468737348871e-06,2.317130376171286,0.020496630757029524,0.0,0.04897792502066767,44050,11,10,5,44024,cluster_by_day,high,VOX,VPU,5s
y_to_x,ret_y,ret_x,2,-4.4404198762029166e-07,-0.5486633067531129,0.58323653187125,0.0,0.04897792502066767,44050,11,10,5,44024,cluster_by_day,high,VOX,VPU,5s
y_to_x,ret_y,ret_x,3,-9.994030259851757e-08,-0.12335641965744384,0.9018248655075535,0.0,0.04897792502066767,44050,11,10,5,44024,cluster_by_day,high,VOX,VPU,5s
y_to_x,ret_y,ret_x,4,1.2006506233305876e-06,1.3988520656116958,0.16185734937876106,0.0,0.04897792502066767,44050,11,10,5,44024,cluster_by_day,high,VOX,VPU,5s
y_to_x,ret_y,ret_x,5,-5.663433888226472e-08,-0.07270920064241908,0.9420375268769452,0.0,0.04897792502066767,44050,11,10,5,44024,cluster_by_day,high,VOX,VPU,5s
y_to_x,ret_y,ret_x,6,1.4128227094078677e-06,1.9391558353848866,0.052482365531590004,0.0,0.04897792502066767,44050,11,10,5,44024,cluster_by_day,high,VOX,VPU,5s
y_to_x,ret_y,ret_x,7,-1.213444792731504e-06,-1.4397611474214653,0.14993498684558257,0.0,0.04897792502066767,44050,11,10,5,44024,cluster_by_day,high,VOX,VPU,5s
y_to_x,ret_y,ret_x,8,-1.0906849881816837e-06,-1.7212394305476129,0.0852073854188741,0.0,0.04897792502066767,44050,11,10,5,44024,cluster_by_day,high,VOX,VPU,5s
y_to_x,ret_y,ret_x,9,8.133608201613158e-07,0.8281362950885636,0.40759331664030607,0.0,0.04897792502066767,44050,11,10,5,44024,cluster_by_day,high,VOX,VPU,5s
y_to_x,ret_y,ret_x,10,7.131143890225999e-07,1.0810013217456185,0.27969652568689396,0.0,0.04897792502066767,44050,11,10,5,44024,cluster_by_day,high,VOX,VPU,5s
x_to_y,ret_x,ret_y,1,2.3232576994991864e-06,2.176065311601305,0.029550377267743077,0.0,0.0530525983622927,45240,11,10,2,45217,cluster_by_day,high,VGT,VHT,5s
x_to_y,ret_x,ret_y,2,-1.8807582072177313e-06,-4.864744907869475,1.1460451968849057e-06,0.0,0.0530525983622927,45240,11,10,2,45217,cluster_by_day,high,VGT,VHT,5s
x_to_y,ret_x,ret_y,3,1.4206456947959555e-07,0.38256310244956243,0.7020437326493407,0.0,0.0530525983622927,45240,11,10,2,45217,cluster_by_day,high,VGT,VHT,5s
x_to_y,ret_x,ret_y,4,-3.748933759073112e-07,-1.091623092861926,0.27499880156679934,0.0,0.0530525983622927,45240,11,10,2,45217,cluster_by_day,high,VGT,VHT,5s
x_to_y,ret_x,ret_y,5,-6.05336708359455e-08,-0.10584118906955103,0.9157083561601879,0.0,0.0530525983622927,45240,11,10,2,45217,cluster_by_day,high,VGT,VHT,5s
x_to_y,ret_x,ret_y,6,1.8219187806880634e-07,0.4366040757337216,0.6623985063231841,0.0,0.0530525983622927,45240,11,10,2,45217,cluster_by_day,high,VGT,VHT,5s
x_to_y,ret_x,ret_y,7,6.379685373119849e-08,0.1336288573319873,0.893696063983855,0.0,0.0530525983622927,45240,11,10,2,45217,cluster_by_day,high,VGT,VHT,5s
x_to_y,ret_x,ret_y,8,-1.2674896111155134e-07,-0.35349551679097874,0.7237169891892954,0.0,0.0530525983622927,45240,11,10,2,45217,cluster_by_day,high,VGT,VHT,5s
x_to_y,ret_x,ret_y,9,8.952023227585244e-08,0.19160073373653227,0.8480549677233937,0.0,0.0530525983622927,45240,11,10,2,45217,cluster_by_day,high,VGT,VHT,5s
x_to_y,ret_x,ret_y,10,-3.2549835437894767e-07,-0.5489836630001067,0.5830166613828287,0.0,0.0530525983622927,45240,11,10,2,45217,cluster_by_day,high,VGT,VHT,5s
y_to_x,ret_y,ret_x,1,3.7101456737636453e-06,2.982180273083093,0.0028620341712574026,0.0,0.05091258169545243,45240,11,10,2,45217,cluster_by_day,high,VGT,VHT,5s
y_to_x,ret_y,ret_x,2,-2.270141010575922e-06,-3.8481371890485696,0.00011901939988960562,0.0,0.05091258169545243,45240,11,10,2,45217,cluster_by_day,high,VGT,VHT,5s
y_to_x,ret_y,ret_x,3,-2.1922508565580014e-07,-0.22726983916091684,0.8202139243570148,0.0,0.05091258169545243,45240,11,10,2,45217,cluster_by_day,high,VGT,VHT,5s
y_to_x,ret_y,ret_x,4,7.940086456503148e-07,1.1058017033344567,0.2688123576080764,0.0,0.05091258169545243,45240,11,10,2,45217,cluster_by_day,high,VGT,VHT,5s
y_to_x,ret_y,ret_x,5,-5.616632405176958e-07,-0.5801904322586046,0.5617862050131605,0.0,0.05091258169545243,45240,11,10,2,45217,cluster_by_day,high,VGT,VHT,5s
y_to_x,ret_y,ret_x,6,6.40170996627246e-07,1.2803815140548855,0.2004109921362066,0.0,0.05091258169545243,45240,11,10,2,45217,cluster_by_day,high,VGT,VHT,5s
y_to_x,ret_y,ret_x,7,8.960228998334898e-08,0.21563746448375157,0.8292703503215637,0.0,0.05091258169545243,45240,11,10,2,45217,cluster_by_day,high,VGT,VHT,5s
y_to_x,ret_y,ret_x,8,2.482649131764862e-07,0.3064972658397236,0.7592260612775458,0.0,0.05091258169545243,45240,11,10,2,45217,cluster_by_day,high,VGT,VHT,5s
y_to_x,ret_y,ret_x,9,3.8683646467778843e-07,0.4975343282049868,0.6188123014206766,0.0,0.05091258169545243,45240,11,10,2,45217,cluster_by_day,high,VGT,VHT,5s
y_to_x,ret_y,ret_x,10,2.9652877890563273e-07,0.3059568555451837,0.7596374957578138,0.0,0.05091258169545243,45240,11,10,2,45217,cluster_by_day,high,VGT,VHT,5s
x_to_y,ret_x,ret_y,1,6.948705470796034e-06,4.154653126090929,3.2578138573072984e-05,2.196215864508244e-43,0.025260270853050826,76777,19,10,2,76746,cluster_by_day,high,VFH,VNQ,5s
x_to_y,ret_x,ret_y,2,-3.2246141468000792e-06,-4.288760886598511,1.796726723198243e-05,2.196215864508244e-43,0.025260270853050826,76777,19,10,2,76746,cluster_by_day,high,VFH,VNQ,5s
x_to_y,ret_x,ret_y,3,-1.5185533281732198e-06,-3.075480835294824,0.002101634343996858,2.196215864508244e-43,0.025260270853050826,76777,19,10,2,76746,cluster_by_day,high,VFH,VNQ,5s
x_to_y,ret_x,ret_y,4,3.562205142964156e-07,0.5105595317577661,0.6096595188796838,2.196215864508244e-43,0.025260270853050826,76777,19,10,2,76746,cluster_by_day,high,VFH,VNQ,5s
x_to_y,ret_x,ret_y,5,-5.911939987682814e-07,-1.029313354415782,0.303332449900544,2.196215864508244e-43,0.025260270853050826,76777,19,10,2,76746,cluster_by_day,high,VFH,VNQ,5s
x_to_y,ret_x,ret_y,6,2.516383796320565e-07,0.4375404854891536,0.6617194217453564,2.196215864508244e-43,0.025260270853050826,76777,19,10,2,76746,cluster_by_day,high,VFH,VNQ,5s
x_to_y,ret_x,ret_y,7,-9.96240471381239e-07,-1.2186969440417013,0.22295923828645015,2.196215864508244e-43,0.025260270853050826,76777,19,10,2,76746,cluster_by_day,high,VFH,VNQ,5s
x_to_y,ret_x,ret_y,8,2.3142842656220426e-07,0.6572246025031204,0.5110365084745553,2.196215864508244e-43,0.025260270853050826,76777,19,10,2,76746,cluster_by_day,high,VFH,VNQ,5s
x_to_y,ret_x,ret_y,9,4.044625727536226e-08,0.05531004135763685,0.9558914625670333,2.196215864508244e-43,0.025260270853050826,76777,19,10,2,76746,cluster_by_day,high,VFH,VNQ,5s
x_to_y,ret_x,ret_y,10,-2.1515705625439376e-07,-0.3261782275989505,0.7442895132302295,2.196215864508244e-43,0.025260270853050826,76777,19,10,2,76746,cluster_by_day,high,VFH,VNQ,5s
y_to_x,ret_y,ret_x,1,8.502090062726393e-06,18.380694558888173,1.8755185448708274e-75,0.0,0.02860729144588492,76777,19,10,3,76745,cluster_by_day,high,VFH,VNQ,5s
y_to_x,ret_y,ret_x,2,-1.0673634031861053e-06,-2.930674795961526,0.003382266508155858,0.0,0.02860729144588492,76777,19,10,3,76745,cluster_by_day,high,VFH,VNQ,5s
y_to_x,ret_y,ret_x,3,3.409652929862618e-07,0.6712023886516102,0.5020916071990731,0.0,0.02860729144588492,76777,19,10,3,76745,cluster_by_day,high,VFH,VNQ,5s
y_to_x,ret_y,ret_x,4,-3.0890134560000413e-07,-0.3863710641832209,0.6992218769121907,0.0,0.02860729144588492,76777,19,10,3,76745,cluster_by_day,high,VFH,VNQ,5s
y_to_x,ret_y,ret_x,5,5.824939761105633e-08,0.10341178745793872,0.9176361572655937,0.0,0.02860729144588492,76777,19,10,3,76745,cluster_by_day,high,VFH,VNQ,5s
y_to_x,ret_y,ret_x,6,6.849745286003733e-07,1.4319521867684777,0.15215750539967976,0.0,0.02860729144588492,76777,19,10,3,76745,cluster_by_day,high,VFH,VNQ,5s
y_to_x,ret_y,ret_x,7,5.355635296342727e-08,0.12535931444611387,0.9002390963354989,0.0,0.02860729144588492,76777,19,10,3,76745,cluster_by_day,high,VFH,VNQ,5s
y_to_x,ret_y,ret_x,8,-3.9276213772820063e-07,-0.6312308285859606,0.5278896073343342,0.0,0.02860729144588492,76777,19,10,3,76745,cluster_by_day,high,VFH,VNQ,5s
y_to_x,ret_y,ret_x,9,-3.2604804379543983e-07,-0.6194769859752431,0.5356021784133521,0.0,0.02860729144588492,76777,19,10,3,76745,cluster_by_day,high,VFH,VNQ,5s
y_to_x,ret_y,ret_x,10,5.278192360991899e-07,0.7226173769315778,0.4699149893366258,0.0,0.02860729144588492,76777,19,10,3,76745,cluster_by_day,high,VFH,VNQ,5s
x_to_y,ret_x,ret_y,1,7.5101152110465975e-06,6.453242957800566,1.0948162451008578e-10,1.997808194567654e-39,0.03479881438198007,58204,15,10,3,58176,cluster_by_day,high,VFH,VDE,5s
x_to_y,ret_x,ret_y,2,-4.131016473524981e-06,-5.561857261866925,2.669185754086964e-08,1.997808194567654e-39,0.03479881438198007,58204,15,10,3,58176,cluster_by_day,high,VFH,VDE,5s
x_to_y,ret_x,ret_y,3,-7.59175153353951e-07,-0.9666832115223494,0.3337024222765682,1.997808194567654e-39,0.03479881438198007,58204,15,10,3,58176,cluster_by_day,high,VFH,VDE,5s
x_to_y,ret_x,ret_y,4,1.00954265107272e-08,0.015627527288894223,0.987531544761609,1.997808194567654e-39,0.03479881438198007,58204,15,10,3,58176,cluster_by_day,high,VFH,VDE,5s
x_to_y,ret_x,ret_y,5,6.178996176545538e-07,1.4193554624514346,0.15579541003090613,1.997808194567654e-39,0.03479881438198007,58204,15,10,3,58176,cluster_by_day,high,VFH,VDE,5s
x_to_y,ret_x,ret_y,6,-6.053367296690316e-07,-0.8910255664962957,0.37291545455681496,1.997808194567654e-39,0.03479881438198007,58204,15,10,3,58176,cluster_by_day,high,VFH,VDE,5s
x_to_y,ret_x,ret_y,7,-6.613666083347618e-07,-1.8791405222809296,0.060225308347512004,1.997808194567654e-39,0.03479881438198007,58204,15,10,3,58176,cluster_by_day,high,VFH,VDE,5s
x_to_y,ret_x,ret_y,8,-2.8230136892562174e-07,-0.7196723717244494,0.47172674090423816,1.997808194567654e-39,0.03479881438198007,58204,15,10,3,58176,cluster_by_day,high,VFH,VDE,5s
x_to_y,ret_x,ret_y,9,1.0023061094577834e-06,1.2838334269099936,0.19920024490893362,1.997808194567654e-39,0.03479881438198007,58204,15,10,3,58176,cluster_by_day,high,VFH,VDE,5s
x_to_y,ret_x,ret_y,10,8.520228499534877e-08,0.12399552066408945,0.9013188216859216,1.997808194567654e-39,0.03479881438198007,58204,15,10,3,58176,cluster_by_day,high,VFH,VDE,5s
y_to_x,ret_y,ret_x,1,8.406835012577777e-06,15.107612498505254,1.4427305922338086e-51,4.075516367543663e-74,0.032088565675923,58204,15,10,2,58177,cluster_by_day,high,VFH,VDE,5s
y_to_x,ret_y,ret_x,2,-6.81641750519055e-07,-1.2183317277341692,0.2230979378052692,4.075516367543663e-74,0.032088565675923,58204,15,10,2,58177,cluster_by_day,high,VFH,VDE,5s
y_to_x,ret_y,ret_x,3,-1.1890553967904627e-06,-1.8529812616466814,0.06388504449558478,4.075516367543663e-74,0.032088565675923,58204,15,10,2,58177,cluster_by_day,high,VFH,VDE,5s
y_to_x,ret_y,ret_x,4,-5.396505967128329e-07,-0.8646396325189326,0.387236612496899,4.075516367543663e-74,0.032088565675923,58204,15,10,2,58177,cluster_by_day,high,VFH,VDE,5s
y_to_x,ret_y,ret_x,5,-7.567838566470166e-07,-1.4188741552052906,0.15593570835871823,4.075516367543663e-74,0.032088565675923,58204,15,10,2,58177,cluster_by_day,high,VFH,VDE,5s
y_to_x,ret_y,ret_x,6,9.953516839143956e-07,2.0570370738036914,0.039682659825162364,4.075516367543663e-74,0.032088565675923,58204,15,10,2,58177,cluster_by_day,high,VFH,VDE,5s
y_to_x,ret_y,ret_x,7,-6.426314601272755e-07,-0.8570594943313811,0.39141200544024257,4.075516367543663e-74,0.032088565675923,58204,15,10,2,58177,cluster_by_day,high,VFH,VDE,5s
y_to_x,ret_y,ret_x,8,-7.709511140228347e-07,-2.759627485333895,0.005786730409643053,4.075516367543663e-74,0.032088565675923,58204,15,10,2,58177,cluster_by_day,high,VFH,VDE,5s
y_to_x,ret_y,ret_x,9,-6.726886426048588e-07,-1.1263451862573715,0.26001943844438224,4.075516367543663e-74,0.032088565675923,58204,15,10,2,58177,cluster_by_day,high,VFH,VDE,5s
y_to_x,ret_y,ret_x,10,1.06498508622921e-07,0.22823701477451888,0.8194619871010601,4.075516367543663e-74,0.032088565675923,58204,15,10,2,58177,cluster_by_day,high,VFH,VDE,5s
x_to_y,ret_x,ret_y,1,7.1830664896839086e-06,8.86503197484066,7.648211995819583e-19,6.222174030586354e-41,0.11724437497842632,48899,15,10,1,48873,cluster_by_day,high,VFH,VDC,5s
x_to_y,ret_x,ret_y,2,-7.929343446284652e-07,-1.656390991830948,0.09764266416869129,6.222174030586354e-41,0.11724437497842632,48899,15,10,1,48873,cluster_by_day,high,VFH,VDC,5s
x_to_y,ret_x,ret_y,3,4.7381191612368057e-07,1.2307868515767821,0.21840259445435772,6.222174030586354e-41,0.11724437497842632,48899,15,10,1,48873,cluster_by_day,high,VFH,VDC,5s
x_to_y,ret_x,ret_y,4,-3.146006303612417e-07,-0.9470036983289101,0.3436368943949051,6.222174030586354e-41,0.11724437497842632,48899,15,10,1,48873,cluster_by_day,high,VFH,VDC,5s
x_to_y,ret_x,ret_y,5,1.4212257188823442e-06,2.358057142458462,0.018370864853403435,6.222174030586354e-41,0.11724437497842632,48899,15,10,1,48873,cluster_by_day,high,VFH,VDC,5s
x_to_y,ret_x,ret_y,6,-3.981356050407862e-07,-1.1176742373315953,0.26370614967745143,6.222174030586354e-41,0.11724437497842632,48899,15,10,1,48873,cluster_by_day,high,VFH,VDC,5s
x_to_y,ret_x,ret_y,7,7.972332123243893e-09,0.016117158233893716,0.9871409250017682,6.222174030586354e-41,0.11724437497842632,48899,15,10,1,48873,cluster_by_day,high,VFH,VDC,5s
x_to_y,ret_x,ret_y,8,8.947680533961078e-07,1.8906848319784548,0.058666428414349034,6.222174030586354e-41,0.11724437497842632,48899,15,10,1,48873,cluster_by_day,high,VFH,VDC,5s
x_to_y,ret_x,ret_y,9,1.537334196718503e-07,0.35068421063819,0.725825272292741,6.222174030586354e-41,0.11724437497842632,48899,15,10,1,48873,cluster_by_day,high,VFH,VDC,5s
x_to_y,ret_x,ret_y,10,4.230038764310175e-08,0.07674630891750331,0.938825363961801,6.222174030586354e-41,0.11724437497842632,48899,15,10,1,48873,cluster_by_day,high,VFH,VDC,5s
y_to_x,ret_y,ret_x,1,3.8809011530747225e-06,4.77846245080674,1.7664074132313745e-06,1.697738147243649e-21,0.027772390840733574,48899,15,10,2,48872,cluster_by_day,high,VFH,VDC,5s
y_to_x,ret_y,ret_x,2,-2.879651520513034e-06,-2.9442652251249886,0.0032372245002683687,1.697738147243649e-21,0.027772390840733574,48899,15,10,2,48872,cluster_by_day,high,VFH,VDC,5s
y_to_x,ret_y,ret_x,3,-6.286742386727645e-07,-0.7646330122998668,0.444490105555163,1.697738147243649e-21,0.027772390840733574,48899,15,10,2,48872,cluster_by_day,high,VFH,VDC,5s
y_to_x,ret_y,ret_x,4,2.5948870159879194e-07,0.339558229400538,0.7341892389988371,1.697738147243649e-21,0.027772390840733574,48899,15,10,2,48872,cluster_by_day,high,VFH,VDC,5s
y_to_x,ret_y,ret_x,5,-1.7157134824632289e-07,-0.2648774454964221,0.791103873820354,1.697738147243649e-21,0.027772390840733574,48899,15,10,2,48872,cluster_by_day,high,VFH,VDC,5s
y_to_x,ret_y,ret_x,6,-1.1370324012570854e-07,-0.12922121714141943,0.8971826081094217,1.697738147243649e-21,0.027772390840733574,48899,15,10,2,48872,cluster_by_day,high,VFH,VDC,5s
y_to_x,ret_y,ret_x,7,-3.449961740417227e-07,-0.4224592403493303,0.6726898455860038,1.697738147243649e-21,0.027772390840733574,48899,15,10,2,48872,cluster_by_day,high,VFH,VDC,5s
y_to_x,ret_y,ret_x,8,-3.971900470315536e-08,-0.05856788079104882,0.9532962941656031,1.697738147243649e-21,0.027772390840733574,48899,15,10,2,48872,cluster_by_day,high,VFH,VDC,5s
y_to_x,ret_y,ret_x,9,7.688353906901382e-07,1.3436377677699098,0.1790655503075096,1.697738147243649e-21,0.027772390840733574,48899,15,10,2,48872,cluster_by_day,high,VFH,VDC,5s
y_to_x,ret_y,ret_x,10,-8.925579071590952e-07,-1.2308248375014954,0.21838838393027438,1.697738147243649e-21,0.027772390840733574,48899,15,10,2,48872,cluster_by_day,high,VFH,VDC,5s
x_to_y,ret_x,ret_y,1,6.446240433083245e-06,3.281719492649508,0.0010317618860829247,2.5938833281294745e-66,0.025902297372639826,61180,15,10,3,61152,cluster_by_day,high,VFH,VNQ,5s
x_to_y,ret_x,ret_y,2,-3.1474079034324502e-06,-3.66003179123397,0.00025218395834638837,2.5938833281294745e-66,0.025902297372639826,61180,15,10,3,61152,cluster_by_day,high,VFH,VNQ,5s
x_to_y,ret_x,ret_y,3,-6.315894524153476e-07,-0.7420958617820997,0.45802925692241747,2.5938833281294745e-66,0.025902297372639826,61180,15,10,3,61152,cluster_by_day,high,VFH,VNQ,5s
x_to_y,ret_x,ret_y,4,3.1365631417857846e-07,0.3676416057148935,0.7131404873318284,2.5938833281294745e-66,0.025902297372639826,61180,15,10,3,61152,cluster_by_day,high,VFH,VNQ,5s
x_to_y,ret_x,ret_y,5,-7.138529382100604e-07,-0.9735190358657816,0.33029540398773316,2.5938833281294745e-66,0.025902297372639826,61180,15,10,3,61152,cluster_by_day,high,VFH,VNQ,5s
x_to_y,ret_x,ret_y,6,7.425368430801255e-07,1.2964520841911515,0.19481977788018345,2.5938833281294745e-66,0.025902297372639826,61180,15,10,3,61152,cluster_by_day,high,VFH,VNQ,5s
x_to_y,ret_x,ret_y,7,-1.4328436357494053e-06,-1.6231251268136557,0.10456265925797698,2.5938833281294745e-66,0.025902297372639826,61180,15,10,3,61152,cluster_by_day,high,VFH,VNQ,5s
x_to_y,ret_x,ret_y,8,-8.54035572867494e-08,-0.16887508950187793,0.8658948934540136,2.5938833281294745e-66,0.025902297372639826,61180,15,10,3,61152,cluster_by_day,high,VFH,VNQ,5s
x_to_y,ret_x,ret_y,9,-8.177888551626198e-07,-1.056863024140154,0.2905741058533584,2.5938833281294745e-66,0.025902297372639826,61180,15,10,3,61152,cluster_by_day,high,VFH,VNQ,5s
x_to_y,ret_x,ret_y,10,8.813037665436691e-08,0.10472504675536658,0.9165939868057124,2.5938833281294745e-66,0.025902297372639826,61180,15,10,3,61152,cluster_by_day,high,VFH,VNQ,5s
y_to_x,ret_y,ret_x,1,9.524556442875462e-06,15.068278391905727,2.61847736623023e-51,1.140480157121258e-144,0.03260417448106845,61180,15,10,2,61153,cluster_by_day,high,VFH,VNQ,5s
y_to_x,ret_y,ret_x,2,-1.0880550109913812e-06,-3.310385021246834,0.0009316772010554394,1.140480157121258e-144,0.03260417448106845,61180,15,10,2,61153,cluster_by_day,high,VFH,VNQ,5s
y_to_x,ret_y,ret_x,3,-8.427368537122871e-07,-1.0447204370226901,0.296152196425842,1.140480157121258e-144,0.03260417448106845,61180,15,10,2,61153,cluster_by_day,high,VFH,VNQ,5s
y_to_x,ret_y,ret_x,4,-8.627918827748987e-07,-0.9746845734979219,0.32971674737743617,1.140480157121258e-144,0.03260417448106845,61180,15,10,2,61153,cluster_by_day,high,VFH,VNQ,5s
y_to_x,ret_y,ret_x,5,-1.1653354328991054e-07,-0.21646779190546958,0.8286231283214703,1.140480157121258e-144,0.03260417448106845,61180,15,10,2,61153,cluster_by_day,high,VFH,VNQ,5s
y_to_x,ret_y,ret_x,6,5.686772022066078e-07,0.9564006443550603,0.338869859316852,1.140480157121258e-144,0.03260417448106845,61180,15,10,2,61153,cluster_by_day,high,VFH,VNQ,5s
y_to_x,ret_y,ret_x,7,-2.983415975542366e-07,-0.7696739053022782,0.44149335292305314,1.140480157121258e-144,0.03260417448106845,61180,15,10,2,61153,cluster_by_day,high,VFH,VNQ,5s
y_to_x,ret_y,ret_x,8,-1.2716766883214274e-06,-2.4024247342704372,0.01628678576885835,1.140480157121258e-144,0.03260417448106845,61180,15,10,2,61153,cluster_by_day,high,VFH,VNQ,5s
y_to_x,ret_y,ret_x,9,2.74710454260913e-07,0.4061156696502951,0.6846576128060538,1.140480157121258e-144,0.03260417448106845,61180,15,10,2,61153,cluster_by_day,high,VFH,VNQ,5s
y_to_x,ret_y,ret_x,10,6.542624263197925e-07,0.7767216534569654,0.43732300875325847,1.140480157121258e-144,0.03260417448106845,61180,15,10,2,61153,cluster_by_day,high,VFH,VNQ,5s
x_to_y,ret_x,ret_y,1,4.003874142489252e-06,6.450408791764068,1.115488497596628e-10,2.5911656600470996e-14,0.115602971772501,52398,15,10,1,52372,cluster_by_day,high,VDE,VDC,5s
x_to_y,ret_x,ret_y,2,5.853885370376558e-08,0.1351543761434579,0.8924898185898034,2.5911656600470996e-14,0.115602971772501,52398,15,10,1,52372,cluster_by_day,high,VDE,VDC,5s
x_to_y,ret_x,ret_y,3,4.485003929406689e-07,1.4360928871920386,0.1509759117927142,2.5911656600470996e-14,0.115602971772501,52398,15,10,1,52372,cluster_by_day,high,VDE,VDC,5s
x_to_y,ret_x,ret_y,4,-1.4194597338509985e-07,-0.5270304148647591,0.5981724674803083,2.5911656600470996e-14,0.115602971772501,52398,15,10,1,52372,cluster_by_day,high,VDE,VDC,5s
x_to_y,ret_x,ret_y,5,9.91662208711789e-07,1.9773846540975417,0.04799816726507307,2.5911656600470996e-14,0.115602971772501,52398,15,10,1,52372,cluster_by_day,high,VDE,VDC,5s
x_to_y,ret_x,ret_y,6,-1.307991544910973e-07,-0.32555561794996396,0.7447605959775967,2.5911656600470996e-14,0.115602971772501,52398,15,10,1,52372,cluster_by_day,high,VDE,VDC,5s
x_to_y,ret_x,ret_y,7,-4.096586334591684e-08,-0.13611377450329415,0.8917313383945714,2.5911656600470996e-14,0.115602971772501,52398,15,10,1,52372,cluster_by_day,high,VDE,VDC,5s
x_to_y,ret_x,ret_y,8,3.7767798443323955e-08,0.061250648482622315,0.9511595937635724,2.5911656600470996e-14,0.115602971772501,52398,15,10,1,52372,cluster_by_day,high,VDE,VDC,5s
x_to_y,ret_x,ret_y,9,4.224805233155691e-07,1.2386104111619423,0.2154898106121229,2.5911656600470996e-14,0.115602971772501,52398,15,10,1,52372,cluster_by_day,high,VDE,VDC,5s
x_to_y,ret_x,ret_y,10,-3.316909520445577e-07,-0.7147739307823654,0.4747487462020409,2.5911656600470996e-14,0.115602971772501,52398,15,10,1,52372,cluster_by_day,high,VDE,VDC,5s
y_to_x,ret_y,ret_x,1,-2.7347537752545327e-06,-1.684021342906745,0.09217754408350588,8.69585597915977e-12,0.031481603329844066,52398,15,10,3,52370,cluster_by_day,high,VDE,VDC,5s
y_to_x,ret_y,ret_x,2,-2.296745886365626e-07,-0.1619809216239963,0.8713208777919264,8.69585597915977e-12,0.031481603329844066,52398,15,10,3,52370,cluster_by_day,high,VDE,VDC,5s
y_to_x,ret_y,ret_x,3,-1.3889363587319935e-06,-1.5515979363741128,0.12075845724841826,8.69585597915977e-12,0.031481603329844066,52398,15,10,3,52370,cluster_by_day,high,VDE,VDC,5s
y_to_x,ret_y,ret_x,4,1.223405105292666e-06,1.3785058974186633,0.16804714830813872,8.69585597915977e-12,0.031481603329844066,52398,15,10,3,52370,cluster_by_day,high,VDE,VDC,5s
y_to_x,ret_y,ret_x,5,-1.018386101434747e-06,-1.2492360126712245,0.21157876378267715,8.69585597915977e-12,0.031481603329844066,52398,15,10,3,52370,cluster_by_day,high,VDE,VDC,5s
y_to_x,ret_y,ret_x,6,-3.255249013822439e-07,-0.6271949468171609,0.5305314551863443,8.69585597915977e-12,0.031481603329844066,52398,15,10,3,52370,cluster_by_day,high,VDE,VDC,5s
y_to_x,ret_y,ret_x,7,2.2501898219049668e-08,0.021562968898339925,0.9827965731968268,8.69585597915977e-12,0.031481603329844066,52398,15,10,3,52370,cluster_by_day,high,VDE,VDC,5s
y_to_x,ret_y,ret_x,8,7.29255091562287e-08,0.06997070601038298,0.9442169756905975,8.69585597915977e-12,0.031481603329844066,52398,15,10,3,52370,cluster_by_day,high,VDE,VDC,5s
y_to_x,ret_y,ret_x,9,1.096730171846899e-06,1.492948859984364,0.13545057397498128,8.69585597915977e-12,0.031481603329844066,52398,15,10,3,52370,cluster_by_day,high,VDE,VDC,5s
y_to_x,ret_y,ret_x,10,6.880268448885598e-07,0.7783788033400086,0.43634573101226104,8.69585597915977e-12,0.031481603329844066,52398,15,10,3,52370,cluster_by_day,high,VDE,VDC,5s
x_to_y,ret_x,ret_y,1,9.589243403395503e-07,0.987836215642568,0.3232328678253984,4.2500173141673853e-10,0.023420313426646744,65773,15,10,3,65745,cluster_by_day,high,VDE,VNQ,5s
x_to_y,ret_x,ret_y,2,-1.3584615646654123e-06,-2.1440208827514793,0.03203121357838777,4.2500173141673853e-10,0.023420313426646744,65773,15,10,3,65745,cluster_by_day,high,VDE,VNQ,5s
x_to_y,ret_x,ret_y,3,-1.9523116813053295e-07,-0.28032906628593895,0.7792250527277862,4.2500173141673853e-10,0.023420313426646744,65773,15,10,3,65745,cluster_by_day,high,VDE,VNQ,5s
x_to_y,ret_x,ret_y,4,3.9370253907436715e-07,0.5125243448279263,0.6082840866062598,4.2500173141673853e-10,0.023420313426646744,65773,15,10,3,65745,cluster_by_day,high,VDE,VNQ,5s
x_to_y,ret_x,ret_y,5,7.114210708264217e-07,0.8138465221527368,0.4157328799365002,4.2500173141673853e-10,0.023420313426646744,65773,15,10,3,65745,cluster_by_day,high,VDE,VNQ,5s
x_to_y,ret_x,ret_y,6,2.872787225182519e-07,0.3409892146552968,0.7331117011538565,4.2500173141673853e-10,0.023420313426646744,65773,15,10,3,65745,cluster_by_day,high,VDE,VNQ,5s
x_to_y,ret_x,ret_y,7,-3.973087700715456e-07,-0.5147662699634865,0.6067163582346042,4.2500173141673853e-10,0.023420313426646744,65773,15,10,3,65745,cluster_by_day,high,VDE,VNQ,5s
x_to_y,ret_x,ret_y,8,-4.595993811735151e-07,-0.5657067619437706,0.5715931377543029,4.2500173141673853e-10,0.023420313426646744,65773,15,10,3,65745,cluster_by_day,high,VDE,VNQ,5s
x_to_y,ret_x,ret_y,9,1.8743667170835487e-07,0.30961707843157704,0.7568521673769393,4.2500173141673853e-10,0.023420313426646744,65773,15,10,3,65745,cluster_by_day,high,VDE,VNQ,5s
x_to_y,ret_x,ret_y,10,-3.021643227048465e-08,-0.038358893441832055,0.9694015351247636,4.2500173141673853e-10,0.023420313426646744,65773,15,10,3,65745,cluster_by_day,high,VDE,VNQ,5s
y_to_x,ret_y,ret_x,1,1.5053928794172553e-06,1.3269009857766838,0.18454143824613178,3.3607400091440124e-11,0.03415992700654513,65773,15,10,3,65745,cluster_by_day,high,VDE,VNQ,5s
y_to_x,ret_y,ret_x,2,-2.1763432940561663e-06,-2.3897061490654004,0.016861857858866635,3.3607400091440124e-11,0.03415992700654513,65773,15,10,3,65745,cluster_by_day,high,VDE,VNQ,5s
y_to_x,ret_y,ret_x,3,-1.2583950381644177e-06,-1.5669077936045006,0.11713624571107417,3.3607400091440124e-11,0.03415992700654513,65773,15,10,3,65745,cluster_by_day,high,VDE,VNQ,5s
y_to_x,ret_y,ret_x,4,-9.82821335880047e-07,-1.0756988618507004,0.28206195662899824,3.3607400091440124e-11,0.03415992700654513,65773,15,10,3,65745,cluster_by_day,high,VDE,VNQ,5s
y_to_x,ret_y,ret_x,5,-6.293898086959617e-07,-1.2174195363532765,0.2234446336793502,3.3607400091440124e-11,0.03415992700654513,65773,15,10,3,65745,cluster_by_day,high,VDE,VNQ,5s
y_to_x,ret_y,ret_x,6,1.3177203698189057e-07,0.17238279985576185,0.863136593489608,3.3607400091440124e-11,0.03415992700654513,65773,15,10,3,65745,cluster_by_day,high,VDE,VNQ,5s
y_to_x,ret_y,ret_x,7,-1.0942500739178257e-06,-2.216840418146378,0.02663399845729352,3.3607400091440124e-11,0.03415992700654513,65773,15,10,3,65745,cluster_by_day,high,VDE,VNQ,5s
y_to_x,ret_y,ret_x,8,6.542778443135749e-07,1.1718410510884243,0.24126087781184669,3.3607400091440124e-11,0.03415992700654513,65773,15,10,3,65745,cluster_by_day,high,VDE,VNQ,5s
y_to_x,ret_y,ret_x,9,-3.6879366833186065e-07,-0.5298033544520744,0.5962482792220338,3.3607400091440124e-11,0.03415992700654513,65773,15,10,3,65745,cluster_by_day,high,VDE,VNQ,5s
y_to_x,ret_y,ret_x,10,6.473364585203512e-07,0.8439004538776906,0.39872503455322994,3.3607400091440124e-11,0.03415992700654513,65773,15,10,3,65745,cluster_by_day,high,VDE,VNQ,5s
x_to_y,ret_x,ret_y,1,4.138311160482341e-06,4.108769020533816,3.977736623706754e-05,8.59054439623888e-57,0.024481019465539156,54940,15,10,3,54912,cluster_by_day,high,VDC,VNQ,5s
x_to_y,ret_x,ret_y,2,-1.8624774151864195e-06,-2.0192576994856712,0.043460442002622446,8.59054439623888e-57,0.024481019465539156,54940,15,10,3,54912,cluster_by_day,high,VDC,VNQ,5s
x_to_y,ret_x,ret_y,3,-8.68938177666006e-07,-1.5215503890172997,0.1281217764202673,8.59054439623888e-57,0.024481019465539156,54940,15,10,3,54912,cluster_by_day,high,VDC,VNQ,5s
x_to_y,ret_x,ret_y,4,9.54232631260328e-07,1.3772712160321634,0.16842841095375138,8.59054439623888e-57,0.024481019465539156,54940,15,10,3,54912,cluster_by_day,high,VDC,VNQ,5s
x_to_y,ret_x,ret_y,5,-8.616677682356496e-07,-0.8249776302263468,0.40938429087279526,8.59054439623888e-57,0.024481019465539156,54940,15,10,3,54912,cluster_by_day,high,VDC,VNQ,5s
x_to_y,ret_x,ret_y,6,-1.8868686137004669e-06,-1.779539659649864,0.07515132882279787,8.59054439623888e-57,0.024481019465539156,54940,15,10,3,54912,cluster_by_day,high,VDC,VNQ,5s
x_to_y,ret_x,ret_y,7,4.3180435805689856e-07,0.37360831359731783,0.7086957478002296,8.59054439623888e-57,0.024481019465539156,54940,15,10,3,54912,cluster_by_day,high,VDC,VNQ,5s
x_to_y,ret_x,ret_y,8,1.3461592621507756e-07,0.16471032804753116,0.869171987411173,8.59054439623888e-57,0.024481019465539156,54940,15,10,3,54912,cluster_by_day,high,VDC,VNQ,5s
x_to_y,ret_x,ret_y,9,1.1077552037164645e-06,1.241908696782638,0.21427025098120445,8.59054439623888e-57,0.024481019465539156,54940,15,10,3,54912,cluster_by_day,high,VDC,VNQ,5s
x_to_y,ret_x,ret_y,10,-3.4982301138867203e-07,-0.4162168241957753,0.6772513497428286,8.59054439623888e-57,0.024481019465539156,54940,15,10,3,54912,cluster_by_day,high,VDC,VNQ,5s
y_to_x,ret_y,ret_x,1,8.931052088848739e-06,12.980750340166708,1.573316517853427e-38,2.3220794909968966e-128,0.13114996834077464,54940,15,10,4,54911,cluster_by_day,high,VDC,VNQ,5s
y_to_x,ret_y,ret_x,2,-4.6243832722562525e-07,-1.2313143491585392,0.21820531719562786,2.3220794909968966e-128,0.13114996834077464,54940,15,10,4,54911,cluster_by_day,high,VDC,VNQ,5s
y_to_x,ret_y,ret_x,3,5.4964524156640595e-08,0.13406803179679166,0.8933487783183957,2.3220794909968966e-128,0.13114996834077464,54940,15,10,4,54911,cluster_by_day,high,VDC,VNQ,5s
y_to_x,ret_y,ret_x,4,-2.6843571271571875e-07,-0.5395886722253866,0.5894807303716552,2.3220794909968966e-128,0.13114996834077464,54940,15,10,4,54911,cluster_by_day,high,VDC,VNQ,5s
y_to_x,ret_y,ret_x,5,2.65860081501147e-07,0.6561845915207193,0.51170536174537,2.3220794909968966e-128,0.13114996834077464,54940,15,10,4,54911,cluster_by_day,high,VDC,VNQ,5s
y_to_x,ret_y,ret_x,6,8.622087067312151e-07,4.792413938806868,1.6478646668599213e-06,2.3220794909968966e-128,0.13114996834077464,54940,15,10,4,54911,cluster_by_day,high,VDC,VNQ,5s
y_to_x,ret_y,ret_x,7,-2.2090116482034978e-07,-0.5512580274916099,0.5814568066548276,2.3220794909968966e-128,0.13114996834077464,54940,15,10,4,54911,cluster_by_day,high,VDC,VNQ,5s
y_to_x,ret_y,ret_x,8,2.4214510448903385e-07,0.5734503983517889,0.5663397745735126,2.3220794909968966e-128,0.13114996834077464,54940,15,10,4,54911,cluster_by_day,high,VDC,VNQ,5s
y_to_x,ret_y,ret_x,9,3.7699698028987967e-07,0.7580312488341849,0.4484322757500945,2.3220794909968966e-128,0.13114996834077464,54940,15,10,4,54911,cluster_by_day,high,VDC,VNQ,5s
y_to_x,ret_y,ret_x,10,1.0791813973724742e-06,1.547041820973977,0.1218531614485288,2.3220794909968966e-128,0.13114996834077464,54940,15,10,4,54911,cluster_by_day,high,VDC,VNQ,5s
x_to_y,ret_x,ret_y,1,4.200703549527948e-06,4.806024196650035,1.5396127382577903e-06,2.6654817350352576e-25,0.0414945009702109,70657,16,10,2,70629,cluster_by_day,high,VNQ,VOX,5s
x_to_y,ret_x,ret_y,2,-1.055627518826677e-06,-2.891988820992524,0.0038281156776255572,2.6654817350352576e-25,0.0414945009702109,70657,16,10,2,70629,cluster_by_day,high,VNQ,VOX,5s
x_to_y,ret_x,ret_y,3,4.366057021812557e-07,1.1898255522096464,0.23411496429674994,2.6654817350352576e-25,0.0414945009702109,70657,16,10,2,70629,cluster_by_day,high,VNQ,VOX,5s
x_to_y,ret_x,ret_y,4,9.290701274912206e-08,0.20733071545958043,0.835751587796816,2.6654817350352576e-25,0.0414945009702109,70657,16,10,2,70629,cluster_by_day,high,VNQ,VOX,5s
x_to_y,ret_x,ret_y,5,6.83456833033331e-07,1.5593728182250288,0.11890816591327184,2.6654817350352576e-25,0.0414945009702109,70657,16,10,2,70629,cluster_by_day,high,VNQ,VOX,5s
x_to_y,ret_x,ret_y,6,-2.469345315202698e-07,-0.7396815299477764,0.4594932579005079,2.6654817350352576e-25,0.0414945009702109,70657,16,10,2,70629,cluster_by_day,high,VNQ,VOX,5s
x_to_y,ret_x,ret_y,7,1.5088092963461754e-07,0.3050782862466946,0.7603065284407757,2.6654817350352576e-25,0.0414945009702109,70657,16,10,2,70629,cluster_by_day,high,VNQ,VOX,5s
x_to_y,ret_x,ret_y,8,3.6372071597106274e-07,0.5435241549117596,0.5867689644453529,2.6654817350352576e-25,0.0414945009702109,70657,16,10,2,70629,cluster_by_day,high,VNQ,VOX,5s
x_to_y,ret_x,ret_y,9,-3.69717072742499e-07,-0.5924582683385812,0.553543757773034,2.6654817350352576e-25,0.0414945009702109,70657,16,10,2,70629,cluster_by_day,high,VNQ,VOX,5s
x_to_y,ret_x,ret_y,10,1.683880606684745e-08,0.042570527494992336,0.9660438898351826,2.6654817350352576e-25,0.0414945009702109,70657,16,10,2,70629,cluster_by_day,high,VNQ,VOX,5s
y_to_x,ret_y,ret_x,1,1.218124588915594e-06,2.5869315761975114,0.009683481922834193,3.640164915554509e-14,0.02207798784365389,70657,16,10,3,70628,cluster_by_day,high,VNQ,VOX,5s
y_to_x,ret_y,ret_x,2,-1.838092034016786e-06,-2.4544990406425398,0.014108104097001277,3.640164915554509e-14,0.02207798784365389,70657,16,10,3,70628,cluster_by_day,high,VNQ,VOX,5s
y_to_x,ret_y,ret_x,3,2.8743656313744265e-08,0.04198851481727944,0.9665078538916974,3.640164915554509e-14,0.02207798784365389,70657,16,10,3,70628,cluster_by_day,high,VNQ,VOX,5s
y_to_x,ret_y,ret_x,4,7.453141517378702e-07,1.8646162967236393,0.062235206899638594,3.640164915554509e-14,0.02207798784365389,70657,16,10,3,70628,cluster_by_day,high,VNQ,VOX,5s
y_to_x,ret_y,ret_x,5,-3.9123857680018305e-07,-0.743340179672799,0.4572757513834126,3.640164915554509e-14,0.02207798784365389,70657,16,10,3,70628,cluster_by_day,high,VNQ,VOX,5s
y_to_x,ret_y,ret_x,6,-7.699923777262356e-07,-1.443652946943722,0.14883662331146127,3.640164915554509e-14,0.02207798784365389,70657,16,10,3,70628,cluster_by_day,high,VNQ,VOX,5s
y_to_x,ret_y,ret_x,7,-1.5401991732103193e-07,-0.2761528829536437,0.7824306444818278,3.640164915554509e-14,0.02207798784365389,70657,16,10,3,70628,cluster_by_day,high,VNQ,VOX,5s
y_to_x,ret_y,ret_x,8,3.13254039337977e-07,0.616866141172443,0.5373230213996231,3.640164915554509e-14,0.02207798784365389,70657,16,10,3,70628,cluster_by_day,high,VNQ,VOX,5s
y_to_x,ret_y,ret_x,9,-7.296658993881947e-07,-1.2750924414036455,0.20227652442305866,3.640164915554509e-14,0.02207798784365389,70657,16,10,3,70628,cluster_by_day,high,VNQ,VOX,5s
y_to_x,ret_y,ret_x,10,-2.382798549062206e-07,-0.4182168699786927,0.6757885625782414,3.640164915554509e-14,0.02207798784365389,70657,16,10,3,70628,cluster_by_day,high,VNQ,VOX,5s
x_to_y,ret_x,ret_y,1,1.0900942741766148e-06,1.2305656823483835,0.21848534699854272,4.458157663072375e-37,0.04856564976213151,73961,16,10,2,73933,cluster_by_day,high,VNQ,VGT,5s
x_to_y,ret_x,ret_y,2,-7.263554952759977e-07,-1.0432477862346625,0.29683354671993667,4.458157663072375e-37,0.04856564976213151,73961,16,10,2,73933,cluster_by_day,high,VNQ,VGT,5s
x_to_y,ret_x,ret_y,3,1.1780996984644904e-06,1.662714501101492,0.09636959808610543,4.458157663072375e-37,0.04856564976213151,73961,16,10,2,73933,cluster_by_day,high,VNQ,VGT,5s
x_to_y,ret_x,ret_y,4,2.4906199306818786e-07,0.5388635799151883,0.5899809889870333,4.458157663072375e-37,0.04856564976213151,73961,16,10,2,73933,cluster_by_day,high,VNQ,VGT,5s
x_to_y,ret_x,ret_y,5,2.654203532486233e-07,0.542403495544558,0.5875405721486182,4.458157663072375e-37,0.04856564976213151,73961,16,10,2,73933,cluster_by_day,high,VNQ,VGT,5s
x_to_y,ret_x,ret_y,6,1.191839811391304e-06,2.576891691284048,0.009969318298322318,4.458157663072375e-37,0.04856564976213151,73961,16,10,2,73933,cluster_by_day,high,VNQ,VGT,5s
x_to_y,ret_x,ret_y,7,-1.2097856226847935e-06,-2.9243418905008,0.0034518538830948103,4.458157663072375e-37,0.04856564976213151,73961,16,10,2,73933,cluster_by_day,high,VNQ,VGT,5s
x_to_y,ret_x,ret_y,8,-2.0916348687531497e-08,-0.04462465943428593,0.9644064868492537,4.458157663072375e-37,0.04856564976213151,73961,16,10,2,73933,cluster_by_day,high,VNQ,VGT,5s
x_to_y,ret_x,ret_y,9,-9.785672931882267e-07,-1.4962553326713692,0.1345871302342048,4.458157663072375e-37,0.04856564976213151,73961,16,10,2,73933,cluster_by_day,high,VNQ,VGT,5s
x_to_y,ret_x,ret_y,10,-8.603990601966975e-07,-1.7779806489789547,0.07540703313257296,4.458157663072375e-37,0.04856564976213151,73961,16,10,2,73933,cluster_by_day,high,VNQ,VGT,5s
y_to_x,ret_y,ret_x,1,6.488174485332948e-07,0.9895947282489135,0.32237224777101503,2.026457399625183e-08,0.022139525599770504,73961,16,10,3,73932,cluster_by_day,high,VNQ,VGT,5s
y_to_x,ret_y,ret_x,2,-1.3003947880588364e-06,-3.7028488305826204,0.0002131919270053879,2.026457399625183e-08,0.022139525599770504,73961,16,10,3,73932,cluster_by_day,high,VNQ,VGT,5s
y_to_x,ret_y,ret_x,3,-8.551243321336012e-07,-1.7232855407599337,0.08483690123031645,2.026457399625183e-08,0.022139525599770504,73961,16,10,3,73932,cluster_by_day,high,VNQ,VGT,5s
y_to_x,ret_y,ret_x,4,8.769646017695885e-07,1.9489364425885287,0.0513030153439939,2.026457399625183e-08,0.022139525599770504,73961,16,10,3,73932,cluster_by_day,high,VNQ,VGT,5s
y_to_x,ret_y,ret_x,5,5.3869302668078094e-08,0.10506421662509403,0.916324853108106,2.026457399625183e-08,0.022139525599770504,73961,16,10,3,73932,cluster_by_day,high,VNQ,VGT,5s
y_to_x,ret_y,ret_x,6,6.749644860114694e-07,0.7184594256848492,0.47247405693126754,2.026457399625183e-08,0.022139525599770504,73961,16,10,3,73932,cluster_by_day,high,VNQ,VGT,5s
y_to_x,ret_y,ret_x,7,-1.1759400670292118e-08,-0.027258276215404626,0.9782537352487944,2.026457399625183e-08,0.022139525599770504,73961,16,10,3,73932,cluster_by_day,high,VNQ,VGT,5s
y_to_x,ret_y,ret_x,8,4.4265361531980967e-07,0.6623379343528883,0.5077546706159473,2.026457399625183e-08,0.022139525599770504,73961,16,10,3,73932,cluster_by_day,high,VNQ,VGT,5s
y_to_x,ret_y,ret_x,9,1.7691399863854523e-08,0.03915943199817798,0.9687632773860441,2.026457399625183e-08,0.022139525599770504,73961,16,10,3,73932,cluster_by_day,high,VNQ,VGT,5s
y_to_x,ret_y,ret_x,10,-3.756536923464961e-07,-0.7831069026106741,0.433564338075351,2.026457399625183e-08,0.022139525599770504,73961,16,10,3,73932,cluster_by_day,high,VNQ,VGT,5s
x_to_y,ret_x,ret_y,1,7.035492415941941e-06,6.520283493220295,7.017463205692466e-11,4.343231921130899e-29,0.10358716656445288,67964,16,10,5,67933,cluster_by_day,high,VNQ,VCR,5s
x_to_y,ret_x,ret_y,2,-4.380065969343327e-07,-0.6816068511784058,0.4954875816234132,4.343231921130899e-29,0.10358716656445288,67964,16,10,5,67933,cluster_by_day,high,VNQ,VCR,5s
x_to_y,ret_x,ret_y,3,1.0648622766775378e-06,2.772076614165297,0.005569992521581792,4.343231921130899e-29,0.10358716656445288,67964,16,10,5,67933,cluster_by_day,high,VNQ,VCR,5s
x_to_y,ret_x,ret_y,4,8.808435474496447e-07,1.4437254976445488,0.14881620616620703,4.343231921130899e-29,0.10358716656445288,67964,16,10,5,67933,cluster_by_day,high,VNQ,VCR,5s
x_to_y,ret_x,ret_y,5,5.132719734587965e-08,0.12548906994352266,0.9001363775595939,4.343231921130899e-29,0.10358716656445288,67964,16,10,5,67933,cluster_by_day,high,VNQ,VCR,5s
x_to_y,ret_x,ret_y,6,4.549851339225001e-07,0.6797244159345227,0.49667897317719023,4.343231921130899e-29,0.10358716656445288,67964,16,10,5,67933,cluster_by_day,high,VNQ,VCR,5s
x_to_y,ret_x,ret_y,7,-1.5090696694320578e-09,-0.00264972846505511,0.9978858250413715,4.343231921130899e-29,0.10358716656445288,67964,16,10,5,67933,cluster_by_day,high,VNQ,VCR,5s
x_to_y,ret_x,ret_y,8,6.455734868123838e-08,0.08832966814395489,0.9296146593372795,4.343231921130899e-29,0.10358716656445288,67964,16,10,5,67933,cluster_by_day,high,VNQ,VCR,5s
x_to_y,ret_x,ret_y,9,-4.954112554878545e-07,-0.8824665457072117,0.3775245632714318,4.343231921130899e-29,0.10358716656445288,67964,16,10,5,67933,cluster_by_day,high,VNQ,VCR,5s
x_to_y,ret_x,ret_y,10,7.622060992313172e-07,1.3677536627874658,0.17138919640572936,4.343231921130899e-29,0.10358716656445288,67964,16,10,5,67933,cluster_by_day,high,VNQ,VCR,5s
y_to_x,ret_y,ret_x,1,1.0097466317071784e-06,1.529761811305073,0.12607569746629396,0.0009320767821893816,0.020780807053211947,67964,16,10,4,67934,cluster_by_day,high,VNQ,VCR,5s
y_to_x,ret_y,ret_x,2,-1.0302521339679541e-06,-1.9233025392292002,0.054442065888850394,0.0009320767821893816,0.020780807053211947,67964,16,10,4,67934,cluster_by_day,high,VNQ,VCR,5s
y_to_x,ret_y,ret_x,3,2.5490187453696347e-07,0.5517019981692096,0.5811525407341324,0.0009320767821893816,0.020780807053211947,67964,16,10,4,67934,cluster_by_day,high,VNQ,VCR,5s
y_to_x,ret_y,ret_x,4,1.047002380296863e-06,2.0229684894503164,0.04307639635927624,0.0009320767821893816,0.020780807053211947,67964,16,10,4,67934,cluster_by_day,high,VNQ,VCR,5s
y_to_x,ret_y,ret_x,5,3.578172005646752e-07,0.5635607588860143,0.5730530990769231,0.0009320767821893816,0.020780807053211947,67964,16,10,4,67934,cluster_by_day,high,VNQ,VCR,5s
y_to_x,ret_y,ret_x,6,-2.4803398664609236e-07,-0.40052952884375087,0.6887665387767903,0.0009320767821893816,0.020780807053211947,67964,16,10,4,67934,cluster_by_day,high,VNQ,VCR,5s
y_to_x,ret_y,ret_x,7,3.608188320210864e-07,0.5774034567547027,0.563666939602816,0.0009320767821893816,0.020780807053211947,67964,16,10,4,67934,cluster_by_day,high,VNQ,VCR,5s
y_to_x,ret_y,ret_x,8,2.41630715273411e-07,0.33271778180274186,0.7393473256482607,0.0009320767821893816,0.020780807053211947,67964,16,10,4,67934,cluster_by_day,high,VNQ,VCR,5s
y_to_x,ret_y,ret_x,9,-6.999753261036539e-08,-0.10349374689667581,0.917571112099934,0.0009320767821893816,0.020780807053211947,67964,16,10,4,67934,cluster_by_day,high,VNQ,VCR,5s
y_to_x,ret_y,ret_x,10,7.742670136874568e-07,1.121191943442377,0.262206168349428,0.0009320767821893816,0.020780807053211947,67964,16,10,4,67934,cluster_by_day,high,VNQ,VCR,5s
x_to_y,ret_x,ret_y,1,7.76314295765852e-06,6.873970184711683,6.243926368759529e-12,4.093641976558052e-38,0.05152915461869456,70573,16,10,2,70545,cluster_by_day,high,VOX,VGT,5s
x_to_y,ret_x,ret_y,2,-2.363370718470772e-06,-3.4556645081464867,0.0005489381014820483,4.093641976558052e-38,0.05152915461869456,70573,16,10,2,70545,cluster_by_day,high,VOX,VGT,5s
x_to_y,ret_x,ret_y,3,-6.944084495040259e-07,-0.9991932466123014,0.31770108675325137,4.093641976558052e-38,0.05152915461869456,70573,16,10,2,70545,cluster_by_day,high,VOX,VGT,5s
x_to_y,ret_x,ret_y,4,6.863583278650141e-07,1.5790899568381949,0.11431542497155309,4.093641976558052e-38,0.05152915461869456,70573,16,10,2,70545,cluster_by_day,high,VOX,VGT,5s
x_to_y,ret_x,ret_y,5,1.0762092486122084e-06,2.5101922886036725,0.012066543526490945,4.093641976558052e-38,0.05152915461869456,70573,16,10,2,70545,cluster_by_day,high,VOX,VGT,5s
x_to_y,ret_x,ret_y,6,4.106043274218972e-07,0.7789731345134443,0.4359955405430156,4.093641976558052e-38,0.05152915461869456,70573,16,10,2,70545,cluster_by_day,high,VOX,VGT,5s
x_to_y,ret_x,ret_y,7,-2.662023897972528e-07,-0.4395410832702885,0.6602695203812747,4.093641976558052e-38,0.05152915461869456,70573,16,10,2,70545,cluster_by_day,high,VOX,VGT,5s
x_to_y,ret_x,ret_y,8,6.094407014879999e-07,1.1040733368808389,0.2695613263189608,4.093641976558052e-38,0.05152915461869456,70573,16,10,2,70545,cluster_by_day,high,VOX,VGT,5s
x_to_y,ret_x,ret_y,9,-5.855798083683585e-07,-0.8746873140322703,0.381744064539822,4.093641976558052e-38,0.05152915461869456,70573,16,10,2,70545,cluster_by_day,high,VOX,VGT,5s
x_to_y,ret_x,ret_y,10,5.682067232643307e-07,1.0797958848175686,0.2802330841152041,4.093641976558052e-38,0.05152915461869456,70573,16,10,2,70545,cluster_by_day,high,VOX,VGT,5s
y_to_x,ret_y,ret_x,1,1.2343443789362721e-05,14.027016184134833,1.0654067320271653e-44,1.501627523198525e-85,0.05353257605995709,70573,16,10,2,70545,cluster_by_day,high,VOX,VGT,5s
y_to_x,ret_y,ret_x,2,-1.332165793280948e-06,-1.5080385169539094,0.13154466938315773,1.501627523198525e-85,0.05353257605995709,70573,16,10,2,70545,cluster_by_day,high,VOX,VGT,5s
y_to_x,ret_y,ret_x,3,4.4318305412314466e-07,0.9706790561178784,0.33170812447972686,1.501627523198525e-85,0.05353257605995709,70573,16,10,2,70545,cluster_by_day,high,VOX,VGT,5s
y_to_x,ret_y,ret_x,4,1.5068309440315695e-07,0.21943713028856546,0.82630954898607,1.501627523198525e-85,0.05353257605995709,70573,16,10,2,70545,cluster_by_day,high,VOX,VGT,5s
y_to_x,ret_y,ret_x,5,3.65661279844717e-07,0.8336935354338971,0.4044537019099107,1.501627523198525e-85,0.05353257605995709,70573,16,10,2,70545,cluster_by_day,high,VOX,VGT,5s
y_to_x,ret_y,ret_x,6,3.046728987404897e-08,0.07199439968544714,0.9426063646910455,1.501627523198525e-85,0.05353257605995709,70573,16,10,2,70545,cluster_by_day,high,VOX,VGT,5s
y_to_x,ret_y,ret_x,7,-1.293735858622592e-07,-0.32881979763456476,0.7422918980943051,1.501627523198525e-85,0.05353257605995709,70573,16,10,2,70545,cluster_by_day,high,VOX,VGT,5s
y_to_x,ret_y,ret_x,8,4.6694563617474775e-08,0.13067036541706112,0.8960360762690481,1.501627523198525e-85,0.05353257605995709,70573,16,10,2,70545,cluster_by_day,high,VOX,VGT,5s
y_to_x,ret_y,ret_x,9,-9.017717918529831e-07,-2.162912192969084,0.030547933790255305,1.501627523198525e-85,0.05353257605995709,70573,16,10,2,70545,cluster_by_day,high,VOX,VGT,5s
y_to_x,ret_y,ret_x,10,2.2733237861361495e-07,0.4307130426041795,0.6666770341579709,1.501627523198525e-85,0.05353257605995709,70573,16,10,2,70545,cluster_by_day,high,VOX,VGT,5s
x_to_y,ret_x,ret_y,1,1.3109304086980518e-05,13.705135955626037,9.45899689190496e-43,1.0180032926992098e-70,0.11229731940399823,65065,16,10,5,65034,cluster_by_day,high,VOX,VCR,5s
x_to_y,ret_x,ret_y,2,-6.718743813462366e-07,-1.30051413787677,0.19342481388668709,1.0180032926992098e-70,0.11229731940399823,65065,16,10,5,65034,cluster_by_day,high,VOX,VCR,5s
x_to_y,ret_x,ret_y,3,4.562750554301706e-07,0.6272511661497537,0.530494608526962,1.0180032926992098e-70,0.11229731940399823,65065,16,10,5,65034,cluster_by_day,high,VOX,VCR,5s
x_to_y,ret_x,ret_y,4,1.5448831756491543e-07,0.27387257576830165,0.7841825474556323,1.0180032926992098e-70,0.11229731940399823,65065,16,10,5,65034,cluster_by_day,high,VOX,VCR,5s
x_to_y,ret_x,ret_y,5,2.0332607146548965e-07,0.4801816000832875,0.6310982691873968,1.0180032926992098e-70,0.11229731940399823,65065,16,10,5,65034,cluster_by_day,high,VOX,VCR,5s
x_to_y,ret_x,ret_y,6,4.9195180576205e-07,0.868648992915427,0.38503914837267994,1.0180032926992098e-70,0.11229731940399823,65065,16,10,5,65034,cluster_by_day,high,VOX,VCR,5s
x_to_y,ret_x,ret_y,7,4.763024546095908e-07,1.0557605640558339,0.2910776194681084,1.0180032926992098e-70,0.11229731940399823,65065,16,10,5,65034,cluster_by_day,high,VOX,VCR,5s
x_to_y,ret_x,ret_y,8,-2.288190057306181e-07,-0.4266369290648708,0.6696437955904577,1.0180032926992098e-70,0.11229731940399823,65065,16,10,5,65034,cluster_by_day,high,VOX,VCR,5s
x_to_y,ret_x,ret_y,9,5.808785892702721e-09,0.012563729070546576,0.9899758582631261,1.0180032926992098e-70,0.11229731940399823,65065,16,10,5,65034,cluster_by_day,high,VOX,VCR,5s
x_to_y,ret_x,ret_y,10,1.6713350299246778e-06,3.3634548648694236,0.0007697342183302378,1.0180032926992098e-70,0.11229731940399823,65065,16,10,5,65034,cluster_by_day,high,VOX,VCR,5s
y_to_x,ret_y,ret_x,1,7.725163145213234e-06,13.610774527142055,3.45562098108332e-42,6.374817201309573e-57,0.044502824093041626,65065,16,10,2,65037,cluster_by_day,high,VOX,VCR,5s
y_to_x,ret_y,ret_x,2,-1.506202986388284e-06,-2.187721074555646,0.02868992599021323,6.374817201309573e-57,0.044502824093041626,65065,16,10,2,65037,cluster_by_day,high,VOX,VCR,5s
y_to_x,ret_y,ret_x,3,4.3503444264548137e-07,1.004188914207428,0.31528756449991213,6.374817201309573e-57,0.044502824093041626,65065,16,10,2,65037,cluster_by_day,high,VOX,VCR,5s
y_to_x,ret_y,ret_x,4,6.365277584424075e-08,0.12891955848985556,0.897421300378783,6.374817201309573e-57,0.044502824093041626,65065,16,10,2,65037,cluster_by_day,high,VOX,VCR,5s
y_to_x,ret_y,ret_x,5,4.1485366735835333e-07,0.9469512351328199,0.3436636284275061,6.374817201309573e-57,0.044502824093041626,65065,16,10,2,65037,cluster_by_day,high,VOX,VCR,5s
y_to_x,ret_y,ret_x,6,4.2477412727528084e-07,0.8001211341289587,0.4236406174996601,6.374817201309573e-57,0.044502824093041626,65065,16,10,2,65037,cluster_by_day,high,VOX,VCR,5s
y_to_x,ret_y,ret_x,7,2.656930421875408e-07,0.4391239213599025,0.6605717468214912,6.374817201309573e-57,0.044502824093041626,65065,16,10,2,65037,cluster_by_day,high,VOX,VCR,5s
y_to_x,ret_y,ret_x,8,1.59373703129745e-09,0.0041360980210893745,0.9966998806563673,6.374817201309573e-57,0.044502824093041626,65065,16,10,2,65037,cluster_by_day,high,VOX,VCR,5s
y_to_x,ret_y,ret_x,9,-5.169184130332031e-07,-0.9422848720338959,0.34604681122622327,6.374817201309573e-57,0.044502824093041626,65065,16,10,2,65037,cluster_by_day,high,VOX,VCR,5s
y_to_x,ret_y,ret_x,10,1.607198237541596e-07,0.3841873768247086,0.7008395735938111,6.374817201309573e-57,0.044502824093041626,65065,16,10,2,65037,cluster_by_day,high,VOX,VCR,5s
x_to_y,ret_x,ret_y,1,1.578606089681616e-05,16.093065919569003,2.853497926327075e-58,0.0,0.11843131996997658,67846,16,10,1,67819,cluster_by_day,high,VGT,VCR,5s
x_to_y,ret_x,ret_y,2,-2.4818052453415397e-06,-4.592325401197129,4.38334193545775e-06,0.0,0.11843131996997658,67846,16,10,1,67819,cluster_by_day,high,VGT,VCR,5s
x_to_y,ret_x,ret_y,3,1.3111431847530345e-06,2.377673795758796,0.017422230704467398,0.0,0.11843131996997658,67846,16,10,1,67819,cluster_by_day,high,VGT,VCR,5s
x_to_y,ret_x,ret_y,4,5.382895905220618e-07,0.7990437564564216,0.42426504040583557,0.0,0.11843131996997658,67846,16,10,1,67819,cluster_by_day,high,VGT,VCR,5s
x_to_y,ret_x,ret_y,5,1.2534242394204927e-06,2.7463787022644923,0.0060257163516155175,0.0,0.11843131996997658,67846,16,10,1,67819,cluster_by_day,high,VGT,VCR,5s
x_to_y,ret_x,ret_y,6,1.099603794079458e-06,2.381840155360705,0.0172263730142587,0.0,0.11843131996997658,67846,16,10,1,67819,cluster_by_day,high,VGT,VCR,5s
x_to_y,ret_x,ret_y,7,6.923990772946013e-07,1.9606430604839116,0.049920675524951295,0.0,0.11843131996997658,67846,16,10,1,67819,cluster_by_day,high,VGT,VCR,5s
x_to_y,ret_x,ret_y,8,9.618260553871375e-08,0.20210769550735008,0.8398325318665899,0.0,0.11843131996997658,67846,16,10,1,67819,cluster_by_day,high,VGT,VCR,5s
x_to_y,ret_x,ret_y,9,-1.1757819318502375e-07,-0.22411044872219182,0.8226713623523987,0.0,0.11843131996997658,67846,16,10,1,67819,cluster_by_day,high,VGT,VCR,5s
x_to_y,ret_x,ret_y,10,4.733810255517599e-07,1.0361265600737828,0.3001431026940291,0.0,0.11843131996997658,67846,16,10,1,67819,cluster_by_day,high,VGT,VCR,5s
y_to_x,ret_y,ret_x,1,4.419957871185871e-06,4.124398267319457,3.7170523720478346e-05,8.198790224478072e-10,0.0486959587652771,67846,16,10,2,67818,cluster_by_day,high,VGT,VCR,5s
y_to_x,ret_y,ret_x,2,6.508611814594494e-07,0.7989996583756382,0.42429061008047,8.198790224478072e-10,0.0486959587652771,67846,16,10,2,67818,cluster_by_day,high,VGT,VCR,5s
y_to_x,ret_y,ret_x,3,2.581196031725163e-07,0.500217707028401,0.616921791604002,8.198790224478072e-10,0.0486959587652771,67846,16,10,2,67818,cluster_by_day,high,VGT,VCR,5s
y_to_x,ret_y,ret_x,4,1.6964953205285733e-07,0.2276449984158131,0.8199222345833176,8.198790224478072e-10,0.0486959587652771,67846,16,10,2,67818,cluster_by_day,high,VGT,VCR,5s
y_to_x,ret_y,ret_x,5,9.873017953835318e-07,1.7987573013442408,0.07205708031107903,8.198790224478072e-10,0.0486959587652771,67846,16,10,2,67818,cluster_by_day,high,VGT,VCR,5s
y_to_x,ret_y,ret_x,6,-4.7083089698764577e-07,-0.6480726630523809,0.5169379541090409,8.198790224478072e-10,0.0486959587652771,67846,16,10,2,67818,cluster_by_day,high,VGT,VCR,5s
y_to_x,ret_y,ret_x,7,4.982421593791982e-07,0.8052251740864108,0.4206897519330035,8.198790224478072e-10,0.0486959587652771,67846,16,10,2,67818,cluster_by_day,high,VGT,VCR,5s
y_to_x,ret_y,ret_x,8,-3.218051931792018e-07,-0.6101189668290186,0.5417830033051818,8.198790224478072e-10,0.0486959587652771,67846,16,10,2,67818,cluster_by_day,high,VGT,VCR,5s
y_to_x,ret_y,ret_x,9,-8.160956637694628e-07,-1.6165114440174582,0.10598378114629123,8.198790224478072e-10,0.0486959587652771,67846,16,10,2,67818,cluster_by_day,high,VGT,VCR,5s
y_to_x,ret_y,ret_x,10,8.470509840927018e-07,1.8266975541320336,0.06774525622069993,8.198790224478072e-10,0.0486959587652771,67846,16,10,2,67818,cluster_by_day,high,VGT,VCR,5s
x_to_y,ret_x,ret_y,1,1.524461259807658e-05,21.99296935801667,3.3624952092912576e-107,2.5529413384035937e-146,0.06353588814517452,94586,28,10,1,94547,cluster_by_day,high,VFH,VIS,5s
x_to_y,ret_x,ret_y,2,2.2560324906627258e-06,3.351273521467751,0.0008044080690857642,2.5529413384035937e-146,0.06353588814517452,94586,28,10,1,94547,cluster_by_day,high,VFH,VIS,5s
x_to_y,ret_x,ret_y,3,1.393751498539709e-06,3.5718129269856225,0.0003545186179444171,2.5529413384035937e-146,0.06353588814517452,94586,28,10,1,94547,cluster_by_day,high,VFH,VIS,5s
x_to_y,ret_x,ret_y,4,2.1418430407343494e-06,4.364282255165452,1.2754081541553732e-05,2.5529413384035937e-146,0.06353588814517452,94586,28,10,1,94547,cluster_by_day,high,VFH,VIS,5s
x_to_y,ret_x,ret_y,5,1.955472468779129e-06,5.273548026284393,1.3381121574180773e-07,2.5529413384035937e-146,0.06353588814517452,94586,28,10,1,94547,cluster_by_day,high,VFH,VIS,5s
x_to_y,ret_x,ret_y,6,1.3722794089387167e-06,4.095487845140873,4.212803309311341e-05,2.5529413384035937e-146,0.06353588814517452,94586,28,10,1,94547,cluster_by_day,high,VFH,VIS,5s
x_to_y,ret_x,ret_y,7,1.100521740718946e-06,2.4964747822430216,0.012543458716985468,2.5529413384035937e-146,0.06353588814517452,94586,28,10,1,94547,cluster_by_day,high,VFH,VIS,5s
x_to_y,ret_x,ret_y,8,9.504864638706293e-07,2.191954606891626,0.02838278447944108,2.5529413384035937e-146,0.06353588814517452,94586,28,10,1,94547,cluster_by_day,high,VFH,VIS,5s
x_to_y,ret_x,ret_y,9,3.830982573112261e-07,0.7867206022136274,0.4314454409965994,2.5529413384035937e-146,0.06353588814517452,94586,28,10,1,94547,cluster_by_day,high,VFH,VIS,5s
x_to_y,ret_x,ret_y,10,8.167535735260932e-07,2.8220220356535397,0.0047721898120887596,2.5529413384035937e-146,0.06353588814517452,94586,28,10,1,94547,cluster_by_day,high,VFH,VIS,5s
y_to_x,ret_y,ret_x,1,6.229754026203126e-06,9.923684337153466,3.284050094909057e-23,3.3329519531383447e-32,0.02676096384497495,94586,28,10,2,94546,cluster_by_day,high,VFH,VIS,5s
y_to_x,ret_y,ret_x,2,-6.495414165348823e-07,-0.9614373493329851,0.336332312396195,3.3329519531383447e-32,0.02676096384497495,94586,28,10,2,94546,cluster_by_day,high,VFH,VIS,5s
y_to_x,ret_y,ret_x,3,-1.5883587450827654e-06,-4.015620597255635,5.928957122941914e-05,3.3329519531383447e-32,0.02676096384497495,94586,28,10,2,94546,cluster_by_day,high,VFH,VIS,5s
y_to_x,ret_y,ret_x,4,4.895511674300548e-07,0.9092249563747103,0.363231393388625,3.3329519531383447e-32,0.02676096384497495,94586,28,10,2,94546,cluster_by_day,high,VFH,VIS,5s
y_to_x,ret_y,ret_x,5,5.116639097160846e-07,0.9814144762270864,0.32638839027669986,3.3329519531383447e-32,0.02676096384497495,94586,28,10,2,94546,cluster_by_day,high,VFH,VIS,5s
y_to_x,ret_y,ret_x,6,8.969902542015129e-07,2.61936293212291,0.0088094167303128,3.3329519531383447e-32,0.02676096384497495,94586,28,10,2,94546,cluster_by_day,high,VFH,VIS,5s
y_to_x,ret_y,ret_x,7,5.998907723044902e-07,0.9777254337842822,0.3282101390420281,3.3329519531383447e-32,0.02676096384497495,94586,28,10,2,94546,cluster_by_day,high,VFH,VIS,5s
y_to_x,ret_y,ret_x,8,-5.605980376369699e-07,-0.8790210702937593,0.37938985153243676,3.3329519531383447e-32,0.02676096384497495,94586,28,10,2,94546,cluster_by_day,high,VFH,VIS,5s
y_to_x,ret_y,ret_x,9,7.224568021247786e-07,1.33762156760478,0.18101983014310297,3.3329519531383447e-32,0.02676096384497495,94586,28,10,2,94546,cluster_by_day,high,VFH,VIS,5s
y_to_x,ret_y,ret_x,10,3.7054324572708027e-07,0.5923408481430917,0.5536223677751079,3.3329519531383447e-32,0.02676096384497495,94586,28,10,2,94546,cluster_by_day,high,VFH,VIS,5s
x_to_y,ret_x,ret_y,1,6.379914122692658e-06,8.76464608875621,1.8736431568918234e-18,7.547168115175945e-30,0.03355893889246864,109749,28,10,2,109709,cluster_by_day,high,VFH,VDE,5s
x_to_y,ret_x,ret_y,2,-2.1703340494521135e-06,-3.4928652229795794,0.0004778676294780134,7.547168115175945e-30,0.03355893889246864,109749,28,10,2,109709,cluster_by_day,high,VFH,VDE,5s
x_to_y,ret_x,ret_y,3,-1.1313074851432744e-06,-2.661394281392673,0.00778177736638352,7.547168115175945e-30,0.03355893889246864,109749,28,10,2,109709,cluster_by_day,high,VFH,VDE,5s
x_to_y,ret_x,ret_y,4,-4.7126568581590647e-07,-0.9643778085403633,0.33485654388229513,7.547168115175945e-30,0.03355893889246864,109749,28,10,2,109709,cluster_by_day,high,VFH,VDE,5s
x_to_y,ret_x,ret_y,5,8.165570451606594e-07,2.242703493470424,0.02491594121686859,7.547168115175945e-30,0.03355893889246864,109749,28,10,2,109709,cluster_by_day,high,VFH,VDE,5s
x_to_y,ret_x,ret_y,6,-1.7028253747345376e-07,-0.37445311483931537,0.7080672324085304,7.547168115175945e-30,0.03355893889246864,109749,28,10,2,109709,cluster_by_day,high,VFH,VDE,5s
x_to_y,ret_x,ret_y,7,-5.083491035558939e-07,-1.0692814227808325,0.2849428789459403,7.547168115175945e-30,0.03355893889246864,109749,28,10,2,109709,cluster_by_day,high,VFH,VDE,5s
x_to_y,ret_x,ret_y,8,8.300508310022835e-08,0.21205087429199776,0.8320673447306659,7.547168115175945e-30,0.03355893889246864,109749,28,10,2,109709,cluster_by_day,high,VFH,VDE,5s
x_to_y,ret_x,ret_y,9,1.9094309445910333e-07,0.3122478462668478,0.754852172448162,7.547168115175945e-30,0.03355893889246864,109749,28,10,2,109709,cluster_by_day,high,VFH,VDE,5s
x_to_y,ret_x,ret_y,10,6.108845314964691e-07,1.1474163603868335,0.25120958272207483,7.547168115175945e-30,0.03355893889246864,109749,28,10,2,109709,cluster_by_day,high,VFH,VDE,5s
y_to_x,ret_y,ret_x,1,6.94989466634992e-06,15.09693649061478,1.6963356268765147e-51,2.9556561367980433e-72,0.028101693736494626,109749,28,10,3,109708,cluster_by_day,high,VFH,VDE,5s
y_to_x,ret_y,ret_x,2,-9.146155851607231e-07,-1.8397564634056487,0.06580399982037222,2.9556561367980433e-72,0.028101693736494626,109749,28,10,3,109708,cluster_by_day,high,VFH,VDE,5s
y_to_x,ret_y,ret_x,3,3.465206417478512e-07,0.7391060658037113,0.45984259381646175,2.9556561367980433e-72,0.028101693736494626,109749,28,10,3,109708,cluster_by_day,high,VFH,VDE,5s
y_to_x,ret_y,ret_x,4,-1.213619397186977e-07,-0.2719430187294185,0.7856658330655738,2.9556561367980433e-72,0.028101693736494626,109749,28,10,3,109708,cluster_by_day,high,VFH,VDE,5s
y_to_x,ret_y,ret_x,5,-3.0950021050458587e-07,-0.7737164202198036,0.4390985075593955,2.9556561367980433e-72,0.028101693736494626,109749,28,10,3,109708,cluster_by_day,high,VFH,VDE,5s
y_to_x,ret_y,ret_x,6,5.056076045728838e-07,1.3882623379974268,0.16505717607146042,2.9556561367980433e-72,0.028101693736494626,109749,28,10,3,109708,cluster_by_day,high,VFH,VDE,5s
y_to_x,ret_y,ret_x,7,6.983628139539893e-08,0.13574151885674718,0.8920256241696385,2.9556561367980433e-72,0.028101693736494626,109749,28,10,3,109708,cluster_by_day,high,VFH,VDE,5s
y_to_x,ret_y,ret_x,8,-2.9413569001874113e-07,-0.9803929148438134,0.3268922057716076,2.9556561367980433e-72,0.028101693736494626,109749,28,10,3,109708,cluster_by_day,high,VFH,VDE,5s
y_to_x,ret_y,ret_x,9,9.053823826510973e-08,0.20168155623847397,0.8401656822984181,2.9556561367980433e-72,0.028101693736494626,109749,28,10,3,109708,cluster_by_day,high,VFH,VDE,5s
y_to_x,ret_y,ret_x,10,7.060179833473853e-07,1.6888685323196941,0.09124462683554863,2.9556561367980433e-72,0.028101693736494626,109749,28,10,3,109708,cluster_by_day,high,VFH,VDE,5s
x_to_y,ret_x,ret_y,1,1.6552026198461577e-06,2.003267179205475,0.045148618337100065,0.006599860414191049,0.02770063301431447,98492,28,10,2,98452,cluster_by_day,high,VIS,VDE,5s
x_to_y,ret_x,ret_y,2,-1.3023271018851972e-06,-1.9197767758459106,0.05488610159060296,0.006599860414191049,0.02770063301431447,98492,28,10,2,98452,cluster_by_day,high,VIS,VDE,5s
x_to_y,ret_x,ret_y,3,-1.96570570657111e-06,-2.8389306109111496,0.004526499893849012,0.006599860414191049,0.02770063301431447,98492,28,10,2,98452,cluster_by_day,high,VIS,VDE,5s
x_to_y,ret_x,ret_y,4,2.6065120880222123e-07,0.646089663933925,0.518221288830166,0.006599860414191049,0.02770063301431447,98492,28,10,2,98452,cluster_by_day,high,VIS,VDE,5s
x_to_y,ret_x,ret_y,5,1.2701383083302742e-06,2.3238198504116996,0.020135151374063593,0.006599860414191049,0.02770063301431447,98492,28,10,2,98452,cluster_by_day,high,VIS,VDE,5s
x_to_y,ret_x,ret_y,6,1.8313461735622796e-07,0.32041592771412303,0.7486530529434963,0.006599860414191049,0.02770063301431447,98492,28,10,2,98452,cluster_by_day,high,VIS,VDE,5s
x_to_y,ret_x,ret_y,7,-3.0879693627226086e-07,-0.41683276875877895,0.6768007321160883,0.006599860414191049,0.02770063301431447,98492,28,10,2,98452,cluster_by_day,high,VIS,VDE,5s
x_to_y,ret_x,ret_y,8,-1.3263619007220694e-07,-0.22960464933440686,0.8183989937454275,0.006599860414191049,0.02770063301431447,98492,28,10,2,98452,cluster_by_day,high,VIS,VDE,5s
x_to_y,ret_x,ret_y,9,2.2305472733595957e-07,0.3509764581893979,0.7256060099546642,0.006599860414191049,0.02770063301431447,98492,28,10,2,98452,cluster_by_day,high,VIS,VDE,5s
x_to_y,ret_x,ret_y,10,6.965281421188182e-07,1.179549271486916,0.23817952914132268,0.006599860414191049,0.02770063301431447,98492,28,10,2,98452,cluster_by_day,high,VIS,VDE,5s
y_to_x,ret_y,ret_x,1,9.267316492035737e-06,12.790473155192707,1.8534204258069782e-37,4.819120981433662e-50,0.042482424067410096,98492,28,10,6,98448,cluster_by_day,high,VIS,VDE,5s
y_to_x,ret_y,ret_x,2,1.0850329920082175e-06,2.396583345375894,0.016548729434716962,4.819120981433662e-50,0.042482424067410096,98492,28,10,6,98448,cluster_by_day,high,VIS,VDE,5s
y_to_x,ret_y,ret_x,3,6.954043355589546e-07,1.92855244036801,0.05378644812943582,4.819120981433662e-50,0.042482424067410096,98492,28,10,6,98448,cluster_by_day,high,VIS,VDE,5s
y_to_x,ret_y,ret_x,4,1.0237909769571412e-06,2.540168147578521,0.011079918560044562,4.819120981433662e-50,0.042482424067410096,98492,28,10,6,98448,cluster_by_day,high,VIS,VDE,5s
y_to_x,ret_y,ret_x,5,2.692807815709652e-07,0.938531002309063,0.3479715923702241,4.819120981433662e-50,0.042482424067410096,98492,28,10,6,98448,cluster_by_day,high,VIS,VDE,5s
y_to_x,ret_y,ret_x,6,2.849901276886789e-07,0.8207915717461518,0.411765000182824,4.819120981433662e-50,0.042482424067410096,98492,28,10,6,98448,cluster_by_day,high,VIS,VDE,5s
y_to_x,ret_y,ret_x,7,5.987272550148631e-07,1.20844818859784,0.22687491359674217,4.819120981433662e-50,0.042482424067410096,98492,28,10,6,98448,cluster_by_day,high,VIS,VDE,5s
y_to_x,ret_y,ret_x,8,8.921413682288192e-07,2.377905507648004,0.017411287030308406,4.819120981433662e-50,0.042482424067410096,98492,28,10,6,98448,cluster_by_day,high,VIS,VDE,5s
y_to_x,ret_y,ret_x,9,6.518963730217099e-07,1.870477264001096,0.061417571387638634,4.819120981433662e-50,0.042482424067410096,98492,28,10,6,98448,cluster_by_day,high,VIS,VDE,5s
y_to_x,ret_y,ret_x,10,9.65009816096607e-07,2.243832428914504,0.024843185049927555,4.819120981433662e-50,0.042482424067410096,98492,28,10,6,98448,cluster_by_day,high,VIS,VDE,5s
x_to_y,ret_x,ret_y,1,1.6738768583660597e-05,21.121473103731514,5.049556768458179e-99,0.0,0.07088976442369155,57403,17,10,2,57374,cluster_by_day,high,VFH,VIS,5s
x_to_y,ret_x,ret_y,2,1.8543117582476496e-06,1.5566104875776674,0.11956299230239394,0.0,0.07088976442369155,57403,17,10,2,57374,cluster_by_day,high,VFH,VIS,5s
x_to_y,ret_x,ret_y,3,1.5081862670824164e-06,2.4098512964672727,0.01595902370900684,0.0,0.07088976442369155,57403,17,10,2,57374,cluster_by_day,high,VFH,VIS,5s
x_to_y,ret_x,ret_y,4,2.466858122037347e-06,3.470819388297108,0.0005188728719874043,0.0,0.07088976442369155,57403,17,10,2,57374,cluster_by_day,high,VFH,VIS,5s
x_to_y,ret_x,ret_y,5,2.5077010144914407e-06,6.0193073469195975,1.7516499690873267e-09,0.0,0.07088976442369155,57403,17,10,2,57374,cluster_by_day,high,VFH,VIS,5s
x_to_y,ret_x,ret_y,6,1.2084980111483833e-06,2.5183337878890186,0.011791152043161161,0.0,0.07088976442369155,57403,17,10,2,57374,cluster_by_day,high,VFH,VIS,5s
x_to_y,ret_x,ret_y,7,1.569011635888249e-06,3.0914425315249963,0.001991865347189115,0.0,0.07088976442369155,57403,17,10,2,57374,cluster_by_day,high,VFH,VIS,5s
x_to_y,ret_x,ret_y,8,1.180358705640888e-06,1.9673851292258713,0.049138827430916084,0.0,0.07088976442369155,57403,17,10,2,57374,cluster_by_day,high,VFH,VIS,5s
x_to_y,ret_x,ret_y,9,4.714447732489583e-07,0.6756641108521361,0.49925392708180283,0.0,0.07088976442369155,57403,17,10,2,57374,cluster_by_day,high,VFH,VIS,5s
x_to_y,ret_x,ret_y,10,8.119099980184669e-07,1.981647235702474,0.04751873652829528,0.0,0.07088976442369155,57403,17,10,2,57374,cluster_by_day,high,VFH,VIS,5s
y_to_x,ret_y,ret_x,1,6.290547906079481e-06,7.911151482032775,2.5501899205904152e-15,4.389535099116125e-46,0.02650030923530089,57403,17,10,2,57374,cluster_by_day,high,VFH,VIS,5s
y_to_x,ret_y,ret_x,2,-1.00141788104978e-06,-1.1051903551762459,0.2690771151654491,4.389535099116125e-46,0.02650030923530089,57403,17,10,2,57374,cluster_by_day,high,VFH,VIS,5s
y_to_x,ret_y,ret_x,3,-1.8054060117521744e-06,-3.7387822590110047,0.00018491379797766445,4.389535099116125e-46,0.02650030923530089,57403,17,10,2,57374,cluster_by_day,high,VFH,VIS,5s
y_to_x,ret_y,ret_x,4,6.289116294351766e-07,0.7960648449255259,0.4259943462074436,4.389535099116125e-46,0.02650030923530089,57403,17,10,2,57374,cluster_by_day,high,VFH,VIS,5s
y_to_x,ret_y,ret_x,5,7.274271705664033e-07,1.0044134010726424,0.3151793932694993,4.389535099116125e-46,0.02650030923530089,57403,17,10,2,57374,cluster_by_day,high,VFH,VIS,5s
y_to_x,ret_y,ret_x,6,8.922556357737231e-07,1.8694199522041384,0.061564410834324734,4.389535099116125e-46,0.02650030923530089,57403,17,10,2,57374,cluster_by_day,high,VFH,VIS,5s
y_to_x,ret_y,ret_x,7,9.450531649759633e-07,1.1997072990464437,0.2302530372950523,4.389535099116125e-46,0.02650030923530089,57403,17,10,2,57374,cluster_by_day,high,VFH,VIS,5s
y_to_x,ret_y,ret_x,8,-5.962937455217427e-07,-0.6441911527072767,0.5194514872835196,4.389535099116125e-46,0.02650030923530089,57403,17,10,2,57374,cluster_by_day,high,VFH,VIS,5s
y_to_x,ret_y,ret_x,9,1.3457584873470444e-06,1.7690092794336758,0.07689232603376982,4.389535099116125e-46,0.02650030923530089,57403,17,10,2,57374,cluster_by_day,high,VFH,VIS,5s
y_to_x,ret_y,ret_x,10,4.247339840478875e-07,0.4796505307990591,0.631475909207795,4.389535099116125e-46,0.02650030923530089,57403,17,10,2,57374,cluster_by_day,high,VFH,VIS,5s
x_to_y,ret_x,ret_y,1,1.0125465303447321e-05,5.47961186654869,4.2625987400764474e-08,2.6363310737380208e-166,0.10257110772251021,64408,17,10,5,64376,cluster_by_day,high,VFH,VCR,5s
x_to_y,ret_x,ret_y,2,-1.3698482406626973e-06,-2.6455209082424864,0.008156524617399956,2.6363310737380208e-166,0.10257110772251021,64408,17,10,5,64376,cluster_by_day,high,VFH,VCR,5s
x_to_y,ret_x,ret_y,3,3.9192597445804005e-07,0.5965742433143938,0.5507916718545514,2.6363310737380208e-166,0.10257110772251021,64408,17,10,5,64376,cluster_by_day,high,VFH,VCR,5s
x_to_y,ret_x,ret_y,4,4.951263091471734e-07,0.7244973965673711,0.4687604249105275,2.6363310737380208e-166,0.10257110772251021,64408,17,10,5,64376,cluster_by_day,high,VFH,VCR,5s
x_to_y,ret_x,ret_y,5,6.279411704613667e-07,1.2187069780427617,0.22295542850873806,2.6363310737380208e-166,0.10257110772251021,64408,17,10,5,64376,cluster_by_day,high,VFH,VCR,5s
x_to_y,ret_x,ret_y,6,-2.803868233851899e-07,-0.7599011912774206,0.4473136494940507,2.6363310737380208e-166,0.10257110772251021,64408,17,10,5,64376,cluster_by_day,high,VFH,VCR,5s
x_to_y,ret_x,ret_y,7,-3.363666107304415e-07,-0.7735642950368048,0.4391884934331519,2.6363310737380208e-166,0.10257110772251021,64408,17,10,5,64376,cluster_by_day,high,VFH,VCR,5s
x_to_y,ret_x,ret_y,8,2.0367766959966264e-07,0.27001258077760054,0.7871505749095735,2.6363310737380208e-166,0.10257110772251021,64408,17,10,5,64376,cluster_by_day,high,VFH,VCR,5s
x_to_y,ret_x,ret_y,9,5.813110872972149e-09,0.011846796786169985,0.9905478448461602,2.6363310737380208e-166,0.10257110772251021,64408,17,10,5,64376,cluster_by_day,high,VFH,VCR,5s
x_to_y,ret_x,ret_y,10,2.913127934877326e-07,0.6673704753150836,0.5045355200681046,2.6363310737380208e-166,0.10257110772251021,64408,17,10,5,64376,cluster_by_day,high,VFH,VCR,5s
y_to_x,ret_y,ret_x,1,4.5207685047740484e-06,5.485037034361287,4.1338280577780694e-08,1.0241219508575563e-06,0.02425799046947963,64408,17,10,3,64378,cluster_by_day,high,VFH,VCR,5s
y_to_x,ret_y,ret_x,2,-8.673817866590747e-07,-1.3380645672841607,0.1808753899311879,1.0241219508575563e-06,0.02425799046947963,64408,17,10,3,64378,cluster_by_day,high,VFH,VCR,5s
y_to_x,ret_y,ret_x,3,2.6719417585579424e-07,0.39616341188359916,0.6919844809238916,1.0241219508575563e-06,0.02425799046947963,64408,17,10,3,64378,cluster_by_day,high,VFH,VCR,5s
y_to_x,ret_y,ret_x,4,3.7518723266457843e-07,0.5053669497951823,0.613301127629468,1.0241219508575563e-06,0.02425799046947963,64408,17,10,3,64378,cluster_by_day,high,VFH,VCR,5s
y_to_x,ret_y,ret_x,5,1.1427969865912938e-06,2.100141634437487,0.035716383794622344,1.0241219508575563e-06,0.02425799046947963,64408,17,10,3,64378,cluster_by_day,high,VFH,VCR,5s
y_to_x,ret_y,ret_x,6,-4.295888491767809e-07,-0.6782734515766432,0.49759832833862605,1.0241219508575563e-06,0.02425799046947963,64408,17,10,3,64378,cluster_by_day,high,VFH,VCR,5s
y_to_x,ret_y,ret_x,7,-1.5048516251671725e-07,-0.31459664775690943,0.7530679247274201,1.0241219508575563e-06,0.02425799046947963,64408,17,10,3,64378,cluster_by_day,high,VFH,VCR,5s
y_to_x,ret_y,ret_x,8,1.1125555277950058e-07,0.2138382273101702,0.8306732132957878,1.0241219508575563e-06,0.02425799046947963,64408,17,10,3,64378,cluster_by_day,high,VFH,VCR,5s
y_to_x,ret_y,ret_x,9,8.079204608365798e-08,0.17486962272109013,0.8611820800062076,1.0241219508575563e-06,0.02425799046947963,64408,17,10,3,64378,cluster_by_day,high,VFH,VCR,5s
y_to_x,ret_y,ret_x,10,4.6750295653664254e-07,0.8057365154756639,0.4203947899739269,1.0241219508575563e-06,0.02425799046947963,64408,17,10,3,64378,cluster_by_day,high,VFH,VCR,5s
x_to_y,ret_x,ret_y,1,7.309994534323241e-06,7.084509143742191,1.3953799939416463e-12,7.402582583283449e-53,0.03496546225068242,66491,17,10,3,66461,cluster_by_day,high,VFH,VDE,5s
x_to_y,ret_x,ret_y,2,-3.1889734440599654e-06,-4.156938701701327,3.2254048717710414e-05,7.402582583283449e-53,0.03496546225068242,66491,17,10,3,66461,cluster_by_day,high,VFH,VDE,5s
x_to_y,ret_x,ret_y,3,-5.009193232787372e-07,-0.716186686363171,0.4738760827626628,7.402582583283449e-53,0.03496546225068242,66491,17,10,3,66461,cluster_by_day,high,VFH,VDE,5s
x_to_y,ret_x,ret_y,4,-3.759280355797526e-08,-0.06449717011002523,0.9485743603470844,7.402582583283449e-53,0.03496546225068242,66491,17,10,3,66461,cluster_by_day,high,VFH,VDE,5s
x_to_y,ret_x,ret_y,5,1.1864481694134875e-06,2.5275326480818467,0.011486714359202913,7.402582583283449e-53,0.03496546225068242,66491,17,10,3,66461,cluster_by_day,high,VFH,VDE,5s
x_to_y,ret_x,ret_y,6,-2.411847162848952e-07,-0.39511344786016467,0.6927591646914212,7.402582583283449e-53,0.03496546225068242,66491,17,10,3,66461,cluster_by_day,high,VFH,VDE,5s
x_to_y,ret_x,ret_y,7,-6.416665050191065e-07,-1.15011010124133,0.2500985264675095,7.402582583283449e-53,0.03496546225068242,66491,17,10,3,66461,cluster_by_day,high,VFH,VDE,5s
x_to_y,ret_x,ret_y,8,-8.76135621120584e-08,-0.21579221263413437,0.8291497187352398,7.402582583283449e-53,0.03496546225068242,66491,17,10,3,66461,cluster_by_day,high,VFH,VDE,5s
x_to_y,ret_x,ret_y,9,5.569499792237405e-07,0.7202488090962558,0.47137181689310337,7.402582583283449e-53,0.03496546225068242,66491,17,10,3,66461,cluster_by_day,high,VFH,VDE,5s
x_to_y,ret_x,ret_y,10,-1.6381961067575482e-07,-0.24715943373453628,0.8047848386686851,7.402582583283449e-53,0.03496546225068242,66491,17,10,3,66461,cluster_by_day,high,VFH,VDE,5s
y_to_x,ret_y,ret_x,1,7.4828521093624875e-06,14.197873327308479,9.443498154087844e-46,4.76799429853372e-54,0.028136952234508072,66491,17,10,3,66461,cluster_by_day,high,VFH,VDE,5s
y_to_x,ret_y,ret_x,2,-8.998752215715506e-07,-1.1887636555294752,0.234532683627109,4.76799429853372e-54,0.028136952234508072,66491,17,10,3,66461,cluster_by_day,high,VFH,VDE,5s
y_to_x,ret_y,ret_x,3,-2.472204286566214e-07,-0.3806022901628823,0.7034983816760813,4.76799429853372e-54,0.028136952234508072,66491,17,10,3,66461,cluster_by_day,high,VFH,VDE,5s
y_to_x,ret_y,ret_x,4,-2.155462565962875e-08,-0.03287308030501864,0.9737757999943006,4.76799429853372e-54,0.028136952234508072,66491,17,10,3,66461,cluster_by_day,high,VFH,VDE,5s
y_to_x,ret_y,ret_x,5,-4.967269651969392e-07,-0.9114129511847033,0.36207783221889445,4.76799429853372e-54,0.028136952234508072,66491,17,10,3,66461,cluster_by_day,high,VFH,VDE,5s
y_to_x,ret_y,ret_x,6,7.076870033408057e-07,1.4862965624647242,0.13720069557415915,4.76799429853372e-54,0.028136952234508072,66491,17,10,3,66461,cluster_by_day,high,VFH,VDE,5s
y_to_x,ret_y,ret_x,7,-2.004088329690957e-07,-0.2859708021634846,0.7749004845906877,4.76799429853372e-54,0.028136952234508072,66491,17,10,3,66461,cluster_by_day,high,VFH,VDE,5s
y_to_x,ret_y,ret_x,8,-6.180639580293904e-07,-2.2848058902430655,0.02232421213371267,4.76799429853372e-54,0.028136952234508072,66491,17,10,3,66461,cluster_by_day,high,VFH,VDE,5s
y_to_x,ret_y,ret_x,9,2.941245964660502e-07,0.4812217049340747,0.6303589362243147,4.76799429853372e-54,0.028136952234508072,66491,17,10,3,66461,cluster_by_day,high,VFH,VDE,5s
y_to_x,ret_y,ret_x,10,8.554953595609691e-07,1.6965405905826798,0.08978354990495468,4.76799429853372e-54,0.028136952234508072,66491,17,10,3,66461,cluster_by_day,high,VFH,VDE,5s
x_to_y,ret_x,ret_y,1,6.006181253417952e-06,5.265589891747842,1.3973992159522216e-07,1.9186269219108365e-21,0.04130402861752103,67009,17,10,2,66980,cluster_by_day,high,VFH,VOX,5s
x_to_y,ret_x,ret_y,2,-1.9898370954455376e-06,-3.6262105005028813,0.00028761092884280713,1.9186269219108365e-21,0.04130402861752103,67009,17,10,2,66980,cluster_by_day,high,VFH,VOX,5s
x_to_y,ret_x,ret_y,3,-1.6878874163673505e-07,-0.2756823610211141,0.7827920446867119,1.9186269219108365e-21,0.04130402861752103,67009,17,10,2,66980,cluster_by_day,high,VFH,VOX,5s
x_to_y,ret_x,ret_y,4,9.978517930290383e-08,0.2814988705295052,0.778327794260768,1.9186269219108365e-21,0.04130402861752103,67009,17,10,2,66980,cluster_by_day,high,VFH,VOX,5s
x_to_y,ret_x,ret_y,5,1.743598150761855e-07,0.4185485761805646,0.675546078455477,1.9186269219108365e-21,0.04130402861752103,67009,17,10,2,66980,cluster_by_day,high,VFH,VOX,5s
x_to_y,ret_x,ret_y,6,-4.819485829480246e-07,-1.248335587452797,0.21190818683422397,1.9186269219108365e-21,0.04130402861752103,67009,17,10,2,66980,cluster_by_day,high,VFH,VOX,5s
x_to_y,ret_x,ret_y,7,2.5645876671650933e-07,0.5863845888083439,0.5576170983296549,1.9186269219108365e-21,0.04130402861752103,67009,17,10,2,66980,cluster_by_day,high,VFH,VOX,5s
x_to_y,ret_x,ret_y,8,3.1013731814252415e-07,0.5693931310650547,0.5690893772878771,1.9186269219108365e-21,0.04130402861752103,67009,17,10,2,66980,cluster_by_day,high,VFH,VOX,5s
x_to_y,ret_x,ret_y,9,-3.5710770489575824e-07,-0.81405829296238,0.41561155723026877,1.9186269219108365e-21,0.04130402861752103,67009,17,10,2,66980,cluster_by_day,high,VFH,VOX,5s
x_to_y,ret_x,ret_y,10,3.1875487079266805e-07,0.919635280971072,0.35776338337601377,1.9186269219108365e-21,0.04130402861752103,67009,17,10,2,66980,cluster_by_day,high,VFH,VOX,5s
y_to_x,ret_y,ret_x,1,5.008159218973494e-06,10.18033679252866,2.4271984762608153e-24,8.292433561370104e-140,0.02472354991415837,67009,17,10,3,66979,cluster_by_day,high,VFH,VOX,5s
y_to_x,ret_y,ret_x,2,6.534161815361521e-07,1.0062157943236656,0.3143117760957558,8.292433561370104e-140,0.02472354991415837,67009,17,10,3,66979,cluster_by_day,high,VFH,VOX,5s
y_to_x,ret_y,ret_x,3,4.365420418611978e-07,1.012614292670144,0.3112444302445656,8.292433561370104e-140,0.02472354991415837,67009,17,10,3,66979,cluster_by_day,high,VFH,VOX,5s
y_to_x,ret_y,ret_x,4,-5.048200418010736e-07,-0.8381504351635382,0.4019462200369074,8.292433561370104e-140,0.02472354991415837,67009,17,10,3,66979,cluster_by_day,high,VFH,VOX,5s
y_to_x,ret_y,ret_x,5,1.4786022536304377e-07,0.31514216906727915,0.752653712224475,8.292433561370104e-140,0.02472354991415837,67009,17,10,3,66979,cluster_by_day,high,VFH,VOX,5s
y_to_x,ret_y,ret_x,6,-2.923539000915868e-07,-0.5676254238547497,0.5702893400268165,8.292433561370104e-140,0.02472354991415837,67009,17,10,3,66979,cluster_by_day,high,VFH,VOX,5s
y_to_x,ret_y,ret_x,7,-5.536495744565043e-07,-1.0676836059997183,0.28566325594535713,8.292433561370104e-140,0.02472354991415837,67009,17,10,3,66979,cluster_by_day,high,VFH,VOX,5s
y_to_x,ret_y,ret_x,8,5.8843876947266175e-08,0.09678504585453213,0.9228970998555214,8.292433561370104e-140,0.02472354991415837,67009,17,10,3,66979,cluster_by_day,high,VFH,VOX,5s
y_to_x,ret_y,ret_x,9,4.545835223599326e-07,1.1058969272388517,0.26877113494003446,8.292433561370104e-140,0.02472354991415837,67009,17,10,3,66979,cluster_by_day,high,VFH,VOX,5s
y_to_x,ret_y,ret_x,10,-1.6920401113502338e-07,-0.3088905518612546,0.7574047841261005,8.292433561370104e-140,0.02472354991415837,67009,17,10,3,66979,cluster_by_day,high,VFH,VOX,5s
x_to_y,ret_x,ret_y,1,4.084465207034615e-06,3.629080444646154,0.00028443260225056495,6.177049264806733e-13,0.04532573483130853,69944,17,10,2,69915,cluster_by_day,high,VFH,VGT,5s
x_to_y,ret_x,ret_y,2,-1.631493006362301e-06,-1.7631949046188304,0.07786762287707476,6.177049264806733e-13,0.04532573483130853,69944,17,10,2,69915,cluster_by_day,high,VFH,VGT,5s
x_to_y,ret_x,ret_y,3,-3.156627750890758e-07,-0.39656252794761027,0.6916900898397248,6.177049264806733e-13,0.04532573483130853,69944,17,10,2,69915,cluster_by_day,high,VFH,VGT,5s
x_to_y,ret_x,ret_y,4,3.5843046297168094e-07,0.7678183679372091,0.442595100489769,6.177049264806733e-13,0.04532573483130853,69944,17,10,2,69915,cluster_by_day,high,VFH,VGT,5s
x_to_y,ret_x,ret_y,5,6.405280066626313e-07,1.0184446730956307,0.30846668127171706,6.177049264806733e-13,0.04532573483130853,69944,17,10,2,69915,cluster_by_day,high,VFH,VGT,5s
x_to_y,ret_x,ret_y,6,-5.929798086950217e-07,-0.991592582754023,0.3213963089653119,6.177049264806733e-13,0.04532573483130853,69944,17,10,2,69915,cluster_by_day,high,VFH,VGT,5s
x_to_y,ret_x,ret_y,7,-1.899722288585987e-07,-0.3041282563856319,0.7610301803248041,6.177049264806733e-13,0.04532573483130853,69944,17,10,2,69915,cluster_by_day,high,VFH,VGT,5s
x_to_y,ret_x,ret_y,8,1.281302921091533e-07,0.20232619017123005,0.8396617265527924,6.177049264806733e-13,0.04532573483130853,69944,17,10,2,69915,cluster_by_day,high,VFH,VGT,5s
x_to_y,ret_x,ret_y,9,5.368596629955684e-07,1.8954363942331152,0.05803461092226027,6.177049264806733e-13,0.04532573483130853,69944,17,10,2,69915,cluster_by_day,high,VFH,VGT,5s
x_to_y,ret_x,ret_y,10,-1.8702544168318158e-07,-0.3987457149763667,0.6900805797686458,6.177049264806733e-13,0.04532573483130853,69944,17,10,2,69915,cluster_by_day,high,VFH,VGT,5s
y_to_x,ret_y,ret_x,1,3.6298298836222508e-06,3.97182766613474,7.132331093063757e-05,6.424740252088086e-14,0.02409019516701083,69944,17,10,3,69914,cluster_by_day,high,VFH,VGT,5s
y_to_x,ret_y,ret_x,2,3.347750129027416e-08,0.06356856066123641,0.9493137660493483,6.424740252088086e-14,0.02409019516701083,69944,17,10,3,69914,cluster_by_day,high,VFH,VGT,5s
y_to_x,ret_y,ret_x,3,3.90647131142528e-07,0.7214914721683318,0.4706071856127927,6.424740252088086e-14,0.02409019516701083,69944,17,10,3,69914,cluster_by_day,high,VFH,VGT,5s
y_to_x,ret_y,ret_x,4,5.836346780894495e-07,0.8388611906795803,0.40154720817189127,6.424740252088086e-14,0.02409019516701083,69944,17,10,3,69914,cluster_by_day,high,VFH,VGT,5s
y_to_x,ret_y,ret_x,5,-6.745663837815344e-09,-0.010717750171388448,0.9914486363281183,6.424740252088086e-14,0.02409019516701083,69944,17,10,3,69914,cluster_by_day,high,VFH,VGT,5s
y_to_x,ret_y,ret_x,6,3.055109755973289e-07,0.6144431354017024,0.5389225388689853,6.424740252088086e-14,0.02409019516701083,69944,17,10,3,69914,cluster_by_day,high,VFH,VGT,5s
y_to_x,ret_y,ret_x,7,-5.514540634968154e-07,-0.9170948982814576,0.35909291420681866,6.424740252088086e-14,0.02409019516701083,69944,17,10,3,69914,cluster_by_day,high,VFH,VGT,5s
y_to_x,ret_y,ret_x,8,2.037549557458954e-06,4.484776103202054,7.299053667477165e-06,6.424740252088086e-14,0.02409019516701083,69944,17,10,3,69914,cluster_by_day,high,VFH,VGT,5s
y_to_x,ret_y,ret_x,9,-7.767309421106211e-07,-1.9777742285626188,0.047954182053772616,6.424740252088086e-14,0.02409019516701083,69944,17,10,3,69914,cluster_by_day,high,VFH,VGT,5s
y_to_x,ret_y,ret_x,10,-4.989591856630104e-07,-1.3168152551085304,0.18790055809260386,6.424740252088086e-14,0.02409019516701083,69944,17,10,3,69914,cluster_by_day,high,VFH,VGT,5s
x_to_y,ret_x,ret_y,1,7.217101093470298e-06,9.942863073784842,2.7092621714037285e-23,4.7936889693897635e-70,0.11560181911047951,55158,17,10,4,55127,cluster_by_day,high,VFH,VDC,5s
x_to_y,ret_x,ret_y,2,-6.706371726667797e-07,-1.4326706681571286,0.1519519757180882,4.7936889693897635e-70,0.11560181911047951,55158,17,10,4,55127,cluster_by_day,high,VFH,VDC,5s
x_to_y,ret_x,ret_y,3,-4.105295054493106e-08,-0.13617278230359423,0.8916846912929656,4.7936889693897635e-70,0.11560181911047951,55158,17,10,4,55127,cluster_by_day,high,VFH,VDC,5s
x_to_y,ret_x,ret_y,4,-2.1622515926725251e-07,-0.5695970474364158,0.5689510314968218,4.7936889693897635e-70,0.11560181911047951,55158,17,10,4,55127,cluster_by_day,high,VFH,VDC,5s
x_to_y,ret_x,ret_y,5,8.011265461536438e-07,1.2615685388692899,0.20710408289512228,4.7936889693897635e-70,0.11560181911047951,55158,17,10,4,55127,cluster_by_day,high,VFH,VDC,5s
x_to_y,ret_x,ret_y,6,-4.705390371800128e-07,-1.3276654638452388,0.1842886476092026,4.7936889693897635e-70,0.11560181911047951,55158,17,10,4,55127,cluster_by_day,high,VFH,VDC,5s
x_to_y,ret_x,ret_y,7,-7.614194361620896e-08,-0.1613187350773612,0.8718423680557998,4.7936889693897635e-70,0.11560181911047951,55158,17,10,4,55127,cluster_by_day,high,VFH,VDC,5s
x_to_y,ret_x,ret_y,8,1.046169301590348e-06,1.8202641772559796,0.06871878391998403,4.7936889693897635e-70,0.11560181911047951,55158,17,10,4,55127,cluster_by_day,high,VFH,VDC,5s
x_to_y,ret_x,ret_y,9,3.2536331947426234e-07,0.72076763049323,0.4710524941614418,4.7936889693897635e-70,0.11560181911047951,55158,17,10,4,55127,cluster_by_day,high,VFH,VDC,5s
x_to_y,ret_x,ret_y,10,-1.2512385740715141e-07,-0.23509140946903015,0.8141377861243211,4.7936889693897635e-70,0.11560181911047951,55158,17,10,4,55127,cluster_by_day,high,VFH,VDC,5s
y_to_x,ret_y,ret_x,1,2.654127955433018e-06,4.5141408830629395,6.357394718294791e-06,3.141910821066209e-11,0.024386298694376918,55158,17,10,2,55129,cluster_by_day,high,VFH,VDC,5s
y_to_x,ret_y,ret_x,2,-2.70195469995786e-06,-2.949875297841209,0.003179022127520653,3.141910821066209e-11,0.024386298694376918,55158,17,10,2,55129,cluster_by_day,high,VFH,VDC,5s
y_to_x,ret_y,ret_x,3,-6.17072350007406e-07,-0.8185473610282902,0.4130447101287047,3.141910821066209e-11,0.024386298694376918,55158,17,10,2,55129,cluster_by_day,high,VFH,VDC,5s
y_to_x,ret_y,ret_x,4,1.1647696004791097e-06,1.669558094169227,0.09500682735710897,3.141910821066209e-11,0.024386298694376918,55158,17,10,2,55129,cluster_by_day,high,VFH,VDC,5s
y_to_x,ret_y,ret_x,5,-2.2761032799344313e-07,-0.2916697926547114,0.770539107398613,3.141910821066209e-11,0.024386298694376918,55158,17,10,2,55129,cluster_by_day,high,VFH,VDC,5s
y_to_x,ret_y,ret_x,6,-5.327060515581191e-07,-0.6585780491442412,0.5101667624769942,3.141910821066209e-11,0.024386298694376918,55158,17,10,2,55129,cluster_by_day,high,VFH,VDC,5s
y_to_x,ret_y,ret_x,7,5.9402085998463025e-08,0.08620614082751459,0.9313025492085101,3.141910821066209e-11,0.024386298694376918,55158,17,10,2,55129,cluster_by_day,high,VFH,VDC,5s
y_to_x,ret_y,ret_x,8,-1.479689358887106e-07,-0.2304931889307999,0.8177085554714383,3.141910821066209e-11,0.024386298694376918,55158,17,10,2,55129,cluster_by_day,high,VFH,VDC,5s
y_to_x,ret_y,ret_x,9,4.85293569519064e-07,0.8048255160089264,0.42092037511162617,3.141910821066209e-11,0.024386298694376918,55158,17,10,2,55129,cluster_by_day,high,VFH,VDC,5s
y_to_x,ret_y,ret_x,10,-1.5930356870628149e-07,-0.22447483178607242,0.8223878485704835,3.141910821066209e-11,0.024386298694376918,55158,17,10,2,55129,cluster_by_day,high,VFH,VDC,5s
x_to_y,ret_x,ret_y,1,1.5894864844229218e-05,16.229822015853852,3.1035802231919673e-59,3.127237646040302e-191,0.13525412978225215,50115,17,10,4,50084,cluster_by_day,high,VFH,VAW,5s
x_to_y,ret_x,ret_y,2,7.918680190906497e-07,1.5437952090681197,0.12263795234223113,3.127237646040302e-191,0.13525412978225215,50115,17,10,4,50084,cluster_by_day,high,VFH,VAW,5s
x_to_y,ret_x,ret_y,3,-5.590374731351432e-07,-0.5014175070127864,0.6160773212702377,3.127237646040302e-191,0.13525412978225215,50115,17,10,4,50084,cluster_by_day,high,VFH,VAW,5s
x_to_y,ret_x,ret_y,4,1.35651515992773e-06,4.6828678048718055,2.8288896371687003e-06,3.127237646040302e-191,0.13525412978225215,50115,17,10,4,50084,cluster_by_day,high,VFH,VAW,5s
x_to_y,ret_x,ret_y,5,5.840185179048548e-08,0.1940875947086333,0.8461072949217238,3.127237646040302e-191,0.13525412978225215,50115,17,10,4,50084,cluster_by_day,high,VFH,VAW,5s
x_to_y,ret_x,ret_y,6,-6.229150624346087e-07,-0.7438760141052047,0.45695148759065307,3.127237646040302e-191,0.13525412978225215,50115,17,10,4,50084,cluster_by_day,high,VFH,VAW,5s
x_to_y,ret_x,ret_y,7,4.007246312498238e-07,1.1725814510329085,0.24096369141134277,3.127237646040302e-191,0.13525412978225215,50115,17,10,4,50084,cluster_by_day,high,VFH,VAW,5s
x_to_y,ret_x,ret_y,8,4.141907849277382e-07,1.2695622175837855,0.20424061496115475,3.127237646040302e-191,0.13525412978225215,50115,17,10,4,50084,cluster_by_day,high,VFH,VAW,5s
x_to_y,ret_x,ret_y,9,2.9922153524792736e-08,0.049300375656337846,0.9606799201530561,3.127237646040302e-191,0.13525412978225215,50115,17,10,4,50084,cluster_by_day,high,VFH,VAW,5s
x_to_y,ret_x,ret_y,10,5.4386240363901546e-08,0.10422091609191132,0.916994035718786,3.127237646040302e-191,0.13525412978225215,50115,17,10,4,50084,cluster_by_day,high,VFH,VAW,5s
y_to_x,ret_y,ret_x,1,6.0268834438694395e-06,5.021108061285287,5.137424510194123e-07,4.751366245711695e-75,0.02511920423035996,50115,17,10,2,50086,cluster_by_day,high,VFH,VAW,5s
y_to_x,ret_y,ret_x,2,-2.1882196941647646e-06,-2.6775326861781745,0.007416661560185737,4.751366245711695e-75,0.02511920423035996,50115,17,10,2,50086,cluster_by_day,high,VFH,VAW,5s
y_to_x,ret_y,ret_x,3,-1.3963618708544841e-06,-2.771853206550201,0.005573816578587589,4.751366245711695e-75,0.02511920423035996,50115,17,10,2,50086,cluster_by_day,high,VFH,VAW,5s
y_to_x,ret_y,ret_x,4,7.481258073621544e-07,1.0331745261759948,0.3015222317615227,4.751366245711695e-75,0.02511920423035996,50115,17,10,2,50086,cluster_by_day,high,VFH,VAW,5s
y_to_x,ret_y,ret_x,5,-4.1013766328549466e-07,-0.6303306181207473,0.5284782945813087,4.751366245711695e-75,0.02511920423035996,50115,17,10,2,50086,cluster_by_day,high,VFH,VAW,5s
y_to_x,ret_y,ret_x,6,1.5121276512917202e-06,2.2320758204227396,0.0256099522124552,4.751366245711695e-75,0.02511920423035996,50115,17,10,2,50086,cluster_by_day,high,VFH,VAW,5s
y_to_x,ret_y,ret_x,7,-6.99241042643267e-07,-0.766034318956407,0.44365588217366825,4.751366245711695e-75,0.02511920423035996,50115,17,10,2,50086,cluster_by_day,high,VFH,VAW,5s
y_to_x,ret_y,ret_x,8,7.761737262682091e-07,0.9388828193100377,0.3477909111125834,4.751366245711695e-75,0.02511920423035996,50115,17,10,2,50086,cluster_by_day,high,VFH,VAW,5s
y_to_x,ret_y,ret_x,9,8.085829365651483e-07,0.8970300232415936,0.36970289663172595,4.751366245711695e-75,0.02511920423035996,50115,17,10,2,50086,cluster_by_day,high,VFH,VAW,5s
y_to_x,ret_y,ret_x,10,4.928326473602285e-07,0.6033844257441267,0.5462529805212488,4.751366245711695e-75,0.02511920423035996,50115,17,10,2,50086,cluster_by_day,high,VFH,VAW,5s
x_to_y,ret_x,ret_y,1,8.235186975928059e-06,7.943375493861778,1.9675217817087447e-15,3.5449973619046586e-76,0.09314920746985411,58565,17,10,4,58534,cluster_by_day,high,VIS,VCR,5s
x_to_y,ret_x,ret_y,2,-9.378247766312374e-07,-1.617069263575957,0.10586333067010635,3.5449973619046586e-76,0.09314920746985411,58565,17,10,4,58534,cluster_by_day,high,VIS,VCR,5s
x_to_y,ret_x,ret_y,3,1.6330131189676194e-07,0.2544515836776287,0.799146703940958,3.5449973619046586e-76,0.09314920746985411,58565,17,10,4,58534,cluster_by_day,high,VIS,VCR,5s
x_to_y,ret_x,ret_y,4,4.593981731666838e-07,0.7463149184284829,0.45547720159655014,3.5449973619046586e-76,0.09314920746985411,58565,17,10,4,58534,cluster_by_day,high,VIS,VCR,5s
x_to_y,ret_x,ret_y,5,-3.510588867642985e-07,-0.6458584112690273,0.5183710554654162,3.5449973619046586e-76,0.09314920746985411,58565,17,10,4,58534,cluster_by_day,high,VIS,VCR,5s
x_to_y,ret_x,ret_y,6,1.6326958899343467e-06,2.4527821035043793,0.01417561779322554,3.5449973619046586e-76,0.09314920746985411,58565,17,10,4,58534,cluster_by_day,high,VIS,VCR,5s
x_to_y,ret_x,ret_y,7,9.24878299976e-08,0.20353976503572802,0.8387131681056155,3.5449973619046586e-76,0.09314920746985411,58565,17,10,4,58534,cluster_by_day,high,VIS,VCR,5s
x_to_y,ret_x,ret_y,8,-3.157663361573751e-07,-0.4207462863200863,0.6739403581073814,3.5449973619046586e-76,0.09314920746985411,58565,17,10,4,58534,cluster_by_day,high,VIS,VCR,5s
x_to_y,ret_x,ret_y,9,6.263983718386344e-07,0.7997357697776659,0.42386390387339823,3.5449973619046586e-76,0.09314920746985411,58565,17,10,4,58534,cluster_by_day,high,VIS,VCR,5s
x_to_y,ret_x,ret_y,10,-1.4903729297243976e-07,-0.22178145342663785,0.8244840179572015,3.5449973619046586e-76,0.09314920746985411,58565,17,10,4,58534,cluster_by_day,high,VIS,VCR,5s
y_to_x,ret_y,ret_x,1,1.1057542157370352e-05,7.797887478181754,6.295210206236925e-15,2.8428984652538946e-30,0.047452501679790204,58565,17,10,2,58536,cluster_by_day,high,VIS,VCR,5s
y_to_x,ret_y,ret_x,2,5.428900115860688e-08,0.09481358402563128,0.9244628969896903,2.8428984652538946e-30,0.047452501679790204,58565,17,10,2,58536,cluster_by_day,high,VIS,VCR,5s
y_to_x,ret_y,ret_x,3,8.023670411710923e-07,1.7903477706427295,0.07339802111212136,2.8428984652538946e-30,0.047452501679790204,58565,17,10,2,58536,cluster_by_day,high,VIS,VCR,5s
y_to_x,ret_y,ret_x,4,1.1722358813869816e-06,2.2316124225115477,0.025640589894665416,2.8428984652538946e-30,0.047452501679790204,58565,17,10,2,58536,cluster_by_day,high,VIS,VCR,5s
y_to_x,ret_y,ret_x,5,1.0900022348660823e-06,1.9660949452017356,0.04928764419841232,2.8428984652538946e-30,0.047452501679790204,58565,17,10,2,58536,cluster_by_day,high,VIS,VCR,5s
y_to_x,ret_y,ret_x,6,2.3660565270714549e-07,0.40229948737946125,0.6874636318647207,2.8428984652538946e-30,0.047452501679790204,58565,17,10,2,58536,cluster_by_day,high,VIS,VCR,5s
y_to_x,ret_y,ret_x,7,1.5981991047125814e-06,2.4203689328167846,0.015504767548662772,2.8428984652538946e-30,0.047452501679790204,58565,17,10,2,58536,cluster_by_day,high,VIS,VCR,5s
y_to_x,ret_y,ret_x,8,-8.013073564047911e-07,-2.7028184096501326,0.006875429691661725,2.8428984652538946e-30,0.047452501679790204,58565,17,10,2,58536,cluster_by_day,high,VIS,VCR,5s
y_to_x,ret_y,ret_x,9,9.858040040858219e-07,2.23652393634597,0.02531747116701748,2.8428984652538946e-30,0.047452501679790204,58565,17,10,2,58536,cluster_by_day,high,VIS,VCR,5s
y_to_x,ret_y,ret_x,10,2.0785467181737385e-07,0.5931959772584808,0.5530500044910727,2.8428984652538946e-30,0.047452501679790204,58565,17,10,2,58536,cluster_by_day,high,VIS,VCR,5s
x_to_y,ret_x,ret_y,1,1.3800890050011858e-06,1.26082311688018,0.20737258310329332,0.0003659259117001112,0.02871864125929946,60385,17,10,2,60356,cluster_by_day,high,VIS,VDE,5s
x_to_y,ret_x,ret_y,2,-1.841677921122145e-06,-2.2118238697661714,0.02697883713984207,0.0003659259117001112,0.02871864125929946,60385,17,10,2,60356,cluster_by_day,high,VIS,VDE,5s
x_to_y,ret_x,ret_y,3,-2.463257272193163e-06,-3.1101416160755795,0.0018699766564714677,0.0003659259117001112,0.02871864125929946,60385,17,10,2,60356,cluster_by_day,high,VIS,VDE,5s
x_to_y,ret_x,ret_y,4,3.554985302276174e-07,0.5936440506247902,0.5527502115714004,0.0003659259117001112,0.02871864125929946,60385,17,10,2,60356,cluster_by_day,high,VIS,VDE,5s
x_to_y,ret_x,ret_y,5,1.8645521271950857e-06,2.6666431318732293,0.007661297556366165,0.0003659259117001112,0.02871864125929946,60385,17,10,2,60356,cluster_by_day,high,VIS,VDE,5s
x_to_y,ret_x,ret_y,6,2.2128860524697248e-07,0.29473982215987116,0.7681926400734845,0.0003659259117001112,0.02871864125929946,60385,17,10,2,60356,cluster_by_day,high,VIS,VDE,5s
x_to_y,ret_x,ret_y,7,-7.787373826393669e-07,-0.8425400498059036,0.3994857318243906,0.0003659259117001112,0.02871864125929946,60385,17,10,2,60356,cluster_by_day,high,VIS,VDE,5s
x_to_y,ret_x,ret_y,8,-3.4404175213768913e-07,-0.414579133836425,0.678450025900835,0.0003659259117001112,0.02871864125929946,60385,17,10,2,60356,cluster_by_day,high,VIS,VDE,5s
x_to_y,ret_x,ret_y,9,-3.618469620454814e-07,-0.488282807542054,0.625349537467988,0.0003659259117001112,0.02871864125929946,60385,17,10,2,60356,cluster_by_day,high,VIS,VDE,5s
x_to_y,ret_x,ret_y,10,1.24512805405324e-06,1.799579879418453,0.07192700048571059,0.0003659259117001112,0.02871864125929946,60385,17,10,2,60356,cluster_by_day,high,VIS,VDE,5s
y_to_x,ret_y,ret_x,1,9.949613663268568e-06,9.596251626299253,8.290468190789642e-22,3.5031062896529057e-160,0.046756134063545174,60385,17,10,6,60352,cluster_by_day,high,VIS,VDE,5s
y_to_x,ret_y,ret_x,2,7.457299489992264e-07,1.2059134317736286,0.2278508710569641,3.5031062896529057e-160,0.046756134063545174,60385,17,10,6,60352,cluster_by_day,high,VIS,VDE,5s
y_to_x,ret_y,ret_x,3,9.6635369427294e-07,1.8008555732982103,0.0717256469198047,3.5031062896529057e-160,0.046756134063545174,60385,17,10,6,60352,cluster_by_day,high,VIS,VDE,5s
y_to_x,ret_y,ret_x,4,9.138316552601078e-07,1.5968280458876358,0.11030404244583918,3.5031062896529057e-160,0.046756134063545174,60385,17,10,6,60352,cluster_by_day,high,VIS,VDE,5s
y_to_x,ret_y,ret_x,5,1.7032664561948535e-07,0.5016501166472915,0.6159136594505727,3.5031062896529057e-160,0.046756134063545174,60385,17,10,6,60352,cluster_by_day,high,VIS,VDE,5s
y_to_x,ret_y,ret_x,6,2.0877005818354495e-07,0.5233022924666859,0.6007639059282046,3.5031062896529057e-160,0.046756134063545174,60385,17,10,6,60352,cluster_by_day,high,VIS,VDE,5s
y_to_x,ret_y,ret_x,7,3.4058969736931284e-07,0.4955511318658137,0.6202111382265512,3.5031062896529057e-160,0.046756134063545174,60385,17,10,6,60352,cluster_by_day,high,VIS,VDE,5s
y_to_x,ret_y,ret_x,8,1.627509758095244e-06,5.158177424521122,2.4936526729021403e-07,3.5031062896529057e-160,0.046756134063545174,60385,17,10,6,60352,cluster_by_day,high,VIS,VDE,5s
y_to_x,ret_y,ret_x,9,6.612211407272013e-07,1.2993043036024745,0.19383951803242483,3.5031062896529057e-160,0.046756134063545174,60385,17,10,6,60352,cluster_by_day,high,VIS,VDE,5s
y_to_x,ret_y,ret_x,10,1.1635256206780746e-06,2.8222417980012025,0.004768920625815119,3.5031062896529057e-160,0.046756134063545174,60385,17,10,6,60352,cluster_by_day,high,VIS,VDE,5s
x_to_y,ret_x,ret_y,1,4.535677460597225e-06,5.433624623926407,5.522068494877285e-08,1.0053757460783705e-30,0.03655223073988556,60936,17,10,2,60907,cluster_by_day,high,VIS,VOX,5s
x_to_y,ret_x,ret_y,2,-7.6920128260237e-07,-1.2296100578816251,0.21884316182264085,1.0053757460783705e-30,0.03655223073988556,60936,17,10,2,60907,cluster_by_day,high,VIS,VOX,5s
x_to_y,ret_x,ret_y,3,-3.657566127943016e-07,-0.9479442370293503,0.3431578429556159,1.0053757460783705e-30,0.03655223073988556,60936,17,10,2,60907,cluster_by_day,high,VIS,VOX,5s
x_to_y,ret_x,ret_y,4,-1.587062499357974e-08,-0.030320740779099964,0.975811255426615,1.0053757460783705e-30,0.03655223073988556,60936,17,10,2,60907,cluster_by_day,high,VIS,VOX,5s
x_to_y,ret_x,ret_y,5,6.278356724959131e-08,0.19269674213211552,0.8471964750397127,1.0053757460783705e-30,0.03655223073988556,60936,17,10,2,60907,cluster_by_day,high,VIS,VOX,5s
x_to_y,ret_x,ret_y,6,7.289258646950459e-07,1.8573167049003922,0.06326610914939189,1.0053757460783705e-30,0.03655223073988556,60936,17,10,2,60907,cluster_by_day,high,VIS,VOX,5s
x_to_y,ret_x,ret_y,7,-4.0657726207123695e-07,-0.5270239994616597,0.5981769225007167,1.0053757460783705e-30,0.03655223073988556,60936,17,10,2,60907,cluster_by_day,high,VIS,VOX,5s
x_to_y,ret_x,ret_y,8,7.843444419924665e-07,1.227881122680132,0.21949159687979336,1.0053757460783705e-30,0.03655223073988556,60936,17,10,2,60907,cluster_by_day,high,VIS,VOX,5s
x_to_y,ret_x,ret_y,9,-4.675960957792794e-07,-0.9619641114470041,0.3360676318668321,1.0053757460783705e-30,0.03655223073988556,60936,17,10,2,60907,cluster_by_day,high,VIS,VOX,5s
x_to_y,ret_x,ret_y,10,-8.266341935439517e-07,-1.7236222456773742,0.08477605992472959,1.0053757460783705e-30,0.03655223073988556,60936,17,10,2,60907,cluster_by_day,high,VIS,VOX,5s
y_to_x,ret_y,ret_x,1,1.0459439547344098e-05,13.569544936448665,6.069769837659294e-42,9.561149230263404e-140,0.04605052643503782,60936,17,10,6,60903,cluster_by_day,high,VIS,VOX,5s
y_to_x,ret_y,ret_x,2,5.520180826099497e-07,1.0075336798434884,0.3136783811639241,9.561149230263404e-140,0.04605052643503782,60936,17,10,6,60903,cluster_by_day,high,VIS,VOX,5s
y_to_x,ret_y,ret_x,3,9.212739284825767e-07,2.029220681138304,0.04243581802107142,9.561149230263404e-140,0.04605052643503782,60936,17,10,6,60903,cluster_by_day,high,VIS,VOX,5s
y_to_x,ret_y,ret_x,4,5.318604276575498e-07,0.9436236389741883,0.34536200799001604,9.561149230263404e-140,0.04605052643503782,60936,17,10,6,60903,cluster_by_day,high,VIS,VOX,5s
y_to_x,ret_y,ret_x,5,1.059155725679794e-06,2.0188774107436176,0.043499962623433114,9.561149230263404e-140,0.04605052643503782,60936,17,10,6,60903,cluster_by_day,high,VIS,VOX,5s
y_to_x,ret_y,ret_x,6,-2.6907828075222802e-08,-0.05729483786591574,0.9543103323863774,9.561149230263404e-140,0.04605052643503782,60936,17,10,6,60903,cluster_by_day,high,VIS,VOX,5s
y_to_x,ret_y,ret_x,7,5.966758212679111e-07,1.010433596676816,0.312287598410005,9.561149230263404e-140,0.04605052643503782,60936,17,10,6,60903,cluster_by_day,high,VIS,VOX,5s
y_to_x,ret_y,ret_x,8,8.71611829788487e-07,2.5366737479747976,0.011191119386685818,9.561149230263404e-140,0.04605052643503782,60936,17,10,6,60903,cluster_by_day,high,VIS,VOX,5s
y_to_x,ret_y,ret_x,9,1.600503831911221e-07,0.303590852401432,0.7614396215775374,9.561149230263404e-140,0.04605052643503782,60936,17,10,6,60903,cluster_by_day,high,VIS,VOX,5s
y_to_x,ret_y,ret_x,10,-6.359176757165105e-07,-1.3557272642554594,0.17518596130623576,9.561149230263404e-140,0.04605052643503782,60936,17,10,6,60903,cluster_by_day,high,VIS,VOX,5s
x_to_y,ret_x,ret_y,1,4.101985177947311e-06,4.896517226036474,9.755010056046373e-07,1.8423481501937499e-09,0.043413062821089254,63485,17,10,2,63456,cluster_by_day,high,VIS,VGT,5s
x_to_y,ret_x,ret_y,2,-1.4725201658309754e-06,-1.8315585592220045,0.06701721567803284,1.8423481501937499e-09,0.043413062821089254,63485,17,10,2,63456,cluster_by_day,high,VIS,VGT,5s
x_to_y,ret_x,ret_y,3,5.850774567483787e-07,1.1370596529825951,0.2555133491181334,1.8423481501937499e-09,0.043413062821089254,63485,17,10,2,63456,cluster_by_day,high,VIS,VGT,5s
x_to_y,ret_x,ret_y,4,5.084646587101605e-07,0.6382783604682765,0.5232924957861059,1.8423481501937499e-09,0.043413062821089254,63485,17,10,2,63456,cluster_by_day,high,VIS,VGT,5s
x_to_y,ret_x,ret_y,5,-3.479999484977567e-07,-0.6044284184197535,0.5455588466167052,1.8423481501937499e-09,0.043413062821089254,63485,17,10,2,63456,cluster_by_day,high,VIS,VGT,5s
x_to_y,ret_x,ret_y,6,-3.5287985751111803e-07,-0.574560164948188,0.5655887994100364,1.8423481501937499e-09,0.043413062821089254,63485,17,10,2,63456,cluster_by_day,high,VIS,VGT,5s
x_to_y,ret_x,ret_y,7,2.4279245686107173e-08,0.02769234144854023,0.9779075320014092,1.8423481501937499e-09,0.043413062821089254,63485,17,10,2,63456,cluster_by_day,high,VIS,VGT,5s
x_to_y,ret_x,ret_y,8,3.5456452214478854e-07,0.6932175882393475,0.48817301210662967,1.8423481501937499e-09,0.043413062821089254,63485,17,10,2,63456,cluster_by_day,high,VIS,VGT,5s
x_to_y,ret_x,ret_y,9,1.2903411003228152e-06,2.3052931794549445,0.021150159274919453,1.8423481501937499e-09,0.043413062821089254,63485,17,10,2,63456,cluster_by_day,high,VIS,VGT,5s
x_to_y,ret_x,ret_y,10,-1.3553239269265509e-06,-2.0968548576548027,0.036006425695209045,1.8423481501937499e-09,0.043413062821089254,63485,17,10,2,63456,cluster_by_day,high,VIS,VGT,5s
y_to_x,ret_y,ret_x,1,1.0624575113848707e-05,10.398405237913689,2.5211724409253954e-25,3.0080817165246495e-57,0.04880780941099838,63485,17,10,6,63452,cluster_by_day,high,VIS,VGT,5s
y_to_x,ret_y,ret_x,2,1.0425314809050922e-06,2.8310198807379208,0.0046399836876404145,3.0080817165246495e-57,0.04880780941099838,63485,17,10,6,63452,cluster_by_day,high,VIS,VGT,5s
y_to_x,ret_y,ret_x,3,1.2655638642611354e-06,1.8671506937790072,0.06188054684351244,3.0080817165246495e-57,0.04880780941099838,63485,17,10,6,63452,cluster_by_day,high,VIS,VGT,5s
y_to_x,ret_y,ret_x,4,7.907349689643172e-07,2.8403661696426563,0.004506177626958949,3.0080817165246495e-57,0.04880780941099838,63485,17,10,6,63452,cluster_by_day,high,VIS,VGT,5s
y_to_x,ret_y,ret_x,5,1.0269204153054845e-06,1.2909717401398964,0.19671347698894026,3.0080817165246495e-57,0.04880780941099838,63485,17,10,6,63452,cluster_by_day,high,VIS,VGT,5s
y_to_x,ret_y,ret_x,6,-4.2619673008656157e-07,-0.5941730415577431,0.5523963816849145,3.0080817165246495e-57,0.04880780941099838,63485,17,10,6,63452,cluster_by_day,high,VIS,VGT,5s
y_to_x,ret_y,ret_x,7,8.735805365667635e-07,2.369382434830153,0.01781781878245681,3.0080817165246495e-57,0.04880780941099838,63485,17,10,6,63452,cluster_by_day,high,VIS,VGT,5s
y_to_x,ret_y,ret_x,8,3.324029374902958e-08,0.08034516352525758,0.9359627389933926,3.0080817165246495e-57,0.04880780941099838,63485,17,10,6,63452,cluster_by_day,high,VIS,VGT,5s
y_to_x,ret_y,ret_x,9,2.5817205749986753e-07,0.5846945983431855,0.5587530867743591,3.0080817165246495e-57,0.04880780941099838,63485,17,10,6,63452,cluster_by_day,high,VIS,VGT,5s
y_to_x,ret_y,ret_x,10,4.601291742486974e-07,1.1410982703129042,0.2538290310113036,3.0080817165246495e-57,0.04880780941099838,63485,17,10,6,63452,cluster_by_day,high,VIS,VGT,5s
x_to_y,ret_x,ret_y,1,4.251554549573737e-06,6.529423586577069,6.602328474980533e-11,1.237890864120941e-24,0.10569326471810103,50371,17,10,5,50339,cluster_by_day,high,VIS,VDC,5s
x_to_y,ret_x,ret_y,2,9.08123775132856e-07,3.4858603696441035,0.0004905569870422604,1.237890864120941e-24,0.10569326471810103,50371,17,10,5,50339,cluster_by_day,high,VIS,VDC,5s
x_to_y,ret_x,ret_y,3,-2.7302794104276664e-07,-0.49810660552334,0.618408905011266,1.237890864120941e-24,0.10569326471810103,50371,17,10,5,50339,cluster_by_day,high,VIS,VDC,5s
x_to_y,ret_x,ret_y,4,4.918626605392933e-07,1.2518354736698318,0.2106298211201787,1.237890864120941e-24,0.10569326471810103,50371,17,10,5,50339,cluster_by_day,high,VIS,VDC,5s
x_to_y,ret_x,ret_y,5,1.3726806038869943e-06,3.176585588526507,0.0014901981029301248,1.237890864120941e-24,0.10569326471810103,50371,17,10,5,50339,cluster_by_day,high,VIS,VDC,5s
x_to_y,ret_x,ret_y,6,-1.8164241785827192e-07,-0.41126363688796236,0.6808792301970814,1.237890864120941e-24,0.10569326471810103,50371,17,10,5,50339,cluster_by_day,high,VIS,VDC,5s
x_to_y,ret_x,ret_y,7,6.945803120511209e-07,2.837337986385138,0.00454914275959187,1.237890864120941e-24,0.10569326471810103,50371,17,10,5,50339,cluster_by_day,high,VIS,VDC,5s
x_to_y,ret_x,ret_y,8,-3.891172460862073e-07,-0.923951463164822,0.3555115870149641,1.237890864120941e-24,0.10569326471810103,50371,17,10,5,50339,cluster_by_day,high,VIS,VDC,5s
x_to_y,ret_x,ret_y,9,4.948113983628285e-07,1.5366843862974442,0.124370616463984,1.237890864120941e-24,0.10569326471810103,50371,17,10,5,50339,cluster_by_day,high,VIS,VDC,5s
x_to_y,ret_x,ret_y,10,1.3757025285815576e-07,0.5123508881983166,0.6084054561638197,1.237890864120941e-24,0.10569326471810103,50371,17,10,5,50339,cluster_by_day,high,VIS,VDC,5s
y_to_x,ret_y,ret_x,1,7.063546111972153e-06,11.02348060977705,2.944487531741312e-28,7.994250379577816e-69,0.03410475334135887,50371,17,10,2,50342,cluster_by_day,high,VIS,VDC,5s
y_to_x,ret_y,ret_x,2,-1.4969926068669055e-06,-1.7735189831815843,0.07614274915204333,7.994250379577816e-69,0.03410475334135887,50371,17,10,2,50342,cluster_by_day,high,VIS,VDC,5s
y_to_x,ret_y,ret_x,3,4.071670262897546e-07,1.1407111948689763,0.25399012636753604,7.994250379577816e-69,0.03410475334135887,50371,17,10,2,50342,cluster_by_day,high,VIS,VDC,5s
y_to_x,ret_y,ret_x,4,8.069259770393121e-07,0.7871417270020178,0.4311989051229682,7.994250379577816e-69,0.03410475334135887,50371,17,10,2,50342,cluster_by_day,high,VIS,VDC,5s
y_to_x,ret_y,ret_x,5,8.563158384832811e-07,1.9676109531829222,0.0491128184960674,7.994250379577816e-69,0.03410475334135887,50371,17,10,2,50342,cluster_by_day,high,VIS,VDC,5s
y_to_x,ret_y,ret_x,6,-9.57752824843751e-07,-1.3893168301868632,0.16473642830853907,7.994250379577816e-69,0.03410475334135887,50371,17,10,2,50342,cluster_by_day,high,VIS,VDC,5s
y_to_x,ret_y,ret_x,7,5.362350975280815e-07,0.8352428820632242,0.4035809698300158,7.994250379577816e-69,0.03410475334135887,50371,17,10,2,50342,cluster_by_day,high,VIS,VDC,5s
y_to_x,ret_y,ret_x,8,1.2826396479796353e-06,2.213052431569214,0.026894031071110942,7.994250379577816e-69,0.03410475334135887,50371,17,10,2,50342,cluster_by_day,high,VIS,VDC,5s
y_to_x,ret_y,ret_x,9,1.7145181828781612e-07,0.3763001196497964,0.7066937903662625,7.994250379577816e-69,0.03410475334135887,50371,17,10,2,50342,cluster_by_day,high,VIS,VDC,5s
y_to_x,ret_y,ret_x,10,-1.1117727587111948e-07,-0.14634417038915207,0.8836496982520187,7.994250379577816e-69,0.03410475334135887,50371,17,10,2,50342,cluster_by_day,high,VIS,VDC,5s
x_to_y,ret_x,ret_y,1,1.2163641854476407e-05,9.1355170610201,6.50949552617345e-20,0.0,0.11848706584758562,46171,17,10,3,46141,cluster_by_day,high,VIS,VAW,5s
x_to_y,ret_x,ret_y,2,1.354829329762463e-06,1.894228006261942,0.05819475225685466,0.0,0.11848706584758562,46171,17,10,3,46141,cluster_by_day,high,VIS,VAW,5s
x_to_y,ret_x,ret_y,3,3.597059387688684e-07,0.5476685612898844,0.5839195029822685,0.0,0.11848706584758562,46171,17,10,3,46141,cluster_by_day,high,VIS,VAW,5s
x_to_y,ret_x,ret_y,4,6.918174913510875e-08,0.14885770391374484,0.881665916669399,0.0,0.11848706584758562,46171,17,10,3,46141,cluster_by_day,high,VIS,VAW,5s
x_to_y,ret_x,ret_y,5,1.57045907551445e-06,3.6644472900612244,0.0002478732786446535,0.0,0.11848706584758562,46171,17,10,3,46141,cluster_by_day,high,VIS,VAW,5s
x_to_y,ret_x,ret_y,6,-9.681081335588961e-07,-1.1334971031950873,0.25700555700012473,0.0,0.11848706584758562,46171,17,10,3,46141,cluster_by_day,high,VIS,VAW,5s
x_to_y,ret_x,ret_y,7,3.663051731434546e-07,0.7150371999912563,0.47458605714087165,0.0,0.11848706584758562,46171,17,10,3,46141,cluster_by_day,high,VIS,VAW,5s
x_to_y,ret_x,ret_y,8,4.837551902793792e-07,1.079167257425769,0.2805131730335221,0.0,0.11848706584758562,46171,17,10,3,46141,cluster_by_day,high,VIS,VAW,5s
x_to_y,ret_x,ret_y,9,-5.248365466067551e-08,-0.07803937900527462,0.9377967285758458,0.0,0.11848706584758562,46171,17,10,3,46141,cluster_by_day,high,VIS,VAW,5s
x_to_y,ret_x,ret_y,10,-3.541858402399756e-07,-0.6644973197685572,0.5063720637976005,0.0,0.11848706584758562,46171,17,10,3,46141,cluster_by_day,high,VIS,VAW,5s
y_to_x,ret_y,ret_x,1,1.4757178770430687e-05,18.344019599300196,3.6851436162424005e-75,1.6347546821548462e-221,0.06244150618874389,46171,17,10,2,46142,cluster_by_day,high,VIS,VAW,5s
y_to_x,ret_y,ret_x,2,-1.8119199495247532e-06,-2.480136734786312,0.013133200910358803,1.6347546821548462e-221,0.06244150618874389,46171,17,10,2,46142,cluster_by_day,high,VIS,VAW,5s
y_to_x,ret_y,ret_x,3,1.9988936117152794e-06,3.3705458424469588,0.0007501942289358931,1.6347546821548462e-221,0.06244150618874389,46171,17,10,2,46142,cluster_by_day,high,VIS,VAW,5s
y_to_x,ret_y,ret_x,4,8.505725171076367e-07,1.0990790604852307,0.27173358250463153,1.6347546821548462e-221,0.06244150618874389,46171,17,10,2,46142,cluster_by_day,high,VIS,VAW,5s
y_to_x,ret_y,ret_x,5,4.977295826548047e-07,0.5841744155208571,0.5591029726825244,1.6347546821548462e-221,0.06244150618874389,46171,17,10,2,46142,cluster_by_day,high,VIS,VAW,5s
y_to_x,ret_y,ret_x,6,1.2670154446638233e-06,2.6207115172914937,0.008774647845893133,1.6347546821548462e-221,0.06244150618874389,46171,17,10,2,46142,cluster_by_day,high,VIS,VAW,5s
y_to_x,ret_y,ret_x,7,1.340155130423833e-06,2.1689639272653762,0.03008542266534607,1.6347546821548462e-221,0.06244150618874389,46171,17,10,2,46142,cluster_by_day,high,VIS,VAW,5s
y_to_x,ret_y,ret_x,8,6.418170693473789e-07,0.9430751206813316,0.3456424803690422,1.6347546821548462e-221,0.06244150618874389,46171,17,10,2,46142,cluster_by_day,high,VIS,VAW,5s
y_to_x,ret_y,ret_x,9,4.01588661512145e-08,0.07841606592158713,0.9374970941248775,1.6347546821548462e-221,0.06244150618874389,46171,17,10,2,46142,cluster_by_day,high,VIS,VAW,5s
y_to_x,ret_y,ret_x,10,7.818202393678928e-07,1.1255944361289474,0.26033722422938144,1.6347546821548462e-221,0.06244150618874389,46171,17,10,2,46142,cluster_by_day,high,VIS,VAW,5s
x_to_y,ret_x,ret_y,1,7.464145311963239e-07,0.9855611463466281,0.32434851204089354,4.379908854059419e-10,0.03114169236037101,68286,17,10,3,68256,cluster_by_day,high,VCR,VDE,5s
x_to_y,ret_x,ret_y,2,-1.104584573839484e-06,-2.032999208387964,0.042052602979079645,4.379908854059419e-10,0.03114169236037101,68286,17,10,3,68256,cluster_by_day,high,VCR,VDE,5s
x_to_y,ret_x,ret_y,3,-6.287068259964578e-07,-0.9690476403044719,0.33252142013059083,4.379908854059419e-10,0.03114169236037101,68286,17,10,3,68256,cluster_by_day,high,VCR,VDE,5s
x_to_y,ret_x,ret_y,4,6.371323904717793e-07,0.8422135094504476,0.39966845327545253,4.379908854059419e-10,0.03114169236037101,68286,17,10,3,68256,cluster_by_day,high,VCR,VDE,5s
x_to_y,ret_x,ret_y,5,2.0162734157877245e-07,0.3129935188749506,0.7542855861403321,4.379908854059419e-10,0.03114169236037101,68286,17,10,3,68256,cluster_by_day,high,VCR,VDE,5s
x_to_y,ret_x,ret_y,6,7.082607052289102e-07,0.9622008186205109,0.3359487380101046,4.379908854059419e-10,0.03114169236037101,68286,17,10,3,68256,cluster_by_day,high,VCR,VDE,5s
x_to_y,ret_x,ret_y,7,-5.38620463807294e-07,-0.6299763891572959,0.528710032116773,4.379908854059419e-10,0.03114169236037101,68286,17,10,3,68256,cluster_by_day,high,VCR,VDE,5s
x_to_y,ret_x,ret_y,8,5.805767893717254e-07,0.711810160272391,0.47658234020173973,4.379908854059419e-10,0.03114169236037101,68286,17,10,3,68256,cluster_by_day,high,VCR,VDE,5s
x_to_y,ret_x,ret_y,9,8.008826856517686e-07,1.4320161641829963,0.15213919536173456,4.379908854059419e-10,0.03114169236037101,68286,17,10,3,68256,cluster_by_day,high,VCR,VDE,5s
x_to_y,ret_x,ret_y,10,7.406763856714837e-07,1.4963004741586043,0.13457537161426714,4.379908854059419e-10,0.03114169236037101,68286,17,10,3,68256,cluster_by_day,high,VCR,VDE,5s
y_to_x,ret_y,ret_x,1,5.481459031692635e-06,6.38917664517158,1.6678130959719213e-10,5.230667300744686e-24,0.0984850386285352,68286,17,10,5,68254,cluster_by_day,high,VCR,VDE,5s
y_to_x,ret_y,ret_x,2,-4.556386609116642e-07,-0.8422668964040404,0.3996385762212147,5.230667300744686e-24,0.0984850386285352,68286,17,10,5,68254,cluster_by_day,high,VCR,VDE,5s
y_to_x,ret_y,ret_x,3,-1.0683544924472892e-07,-0.25396206883394,0.7995248622324236,5.230667300744686e-24,0.0984850386285352,68286,17,10,5,68254,cluster_by_day,high,VCR,VDE,5s
y_to_x,ret_y,ret_x,4,1.7614869911841117e-07,0.23229008314571306,0.8163127143138929,5.230667300744686e-24,0.0984850386285352,68286,17,10,5,68254,cluster_by_day,high,VCR,VDE,5s
y_to_x,ret_y,ret_x,5,-1.6698940455120817e-07,-0.3902430730079665,0.6963568138085414,5.230667300744686e-24,0.0984850386285352,68286,17,10,5,68254,cluster_by_day,high,VCR,VDE,5s
y_to_x,ret_y,ret_x,6,-3.416368642776351e-07,-0.5556184538197455,0.5784717133957173,5.230667300744686e-24,0.0984850386285352,68286,17,10,5,68254,cluster_by_day,high,VCR,VDE,5s
y_to_x,ret_y,ret_x,7,-2.8803027310549674e-07,-0.8449838728486212,0.39811984338824025,5.230667300744686e-24,0.0984850386285352,68286,17,10,5,68254,cluster_by_day,high,VCR,VDE,5s
y_to_x,ret_y,ret_x,8,6.208520658583734e-07,1.6218362480193858,0.10483841485007557,5.230667300744686e-24,0.0984850386285352,68286,17,10,5,68254,cluster_by_day,high,VCR,VDE,5s
y_to_x,ret_y,ret_x,9,3.4648908212510394e-07,0.8071176738945479,0.4195986904962131,5.230667300744686e-24,0.0984850386285352,68286,17,10,5,68254,cluster_by_day,high,VCR,VDE,5s
y_to_x,ret_y,ret_x,10,1.3532088558890026e-06,3.532891064084982,0.0004110418053898229,5.230667300744686e-24,0.0984850386285352,68286,17,10,5,68254,cluster_by_day,high,VCR,VDE,5s
x_to_y,ret_x,ret_y,1,7.788383737152894e-06,14.087156767288347,4.5553587087892496e-45,3.342389288667393e-61,0.04437984606953149,69080,17,10,2,69051,cluster_by_day,high,VCR,VOX,5s
x_to_y,ret_x,ret_y,2,-1.4561993116454968e-06,-2.2366740785035994,0.025307649374393903,3.342389288667393e-61,0.04437984606953149,69080,17,10,2,69051,cluster_by_day,high,VCR,VOX,5s
x_to_y,ret_x,ret_y,3,4.5255641451950906e-07,1.0984520805374716,0.27200713138298227,3.342389288667393e-61,0.04437984606953149,69080,17,10,2,69051,cluster_by_day,high,VCR,VOX,5s
x_to_y,ret_x,ret_y,4,-2.6410688395808614e-08,-0.05566705935960495,0.9556070416171556,3.342389288667393e-61,0.04437984606953149,69080,17,10,2,69051,cluster_by_day,high,VCR,VOX,5s
x_to_y,ret_x,ret_y,5,4.941877128254725e-07,1.171504587007656,0.24139601513249287,3.342389288667393e-61,0.04437984606953149,69080,17,10,2,69051,cluster_by_day,high,VCR,VOX,5s
x_to_y,ret_x,ret_y,6,4.1303212997671447e-07,0.8213856770169702,0.41142661937715763,3.342389288667393e-61,0.04437984606953149,69080,17,10,2,69051,cluster_by_day,high,VCR,VOX,5s
x_to_y,ret_x,ret_y,7,1.5365862412159158e-07,0.26301149552802655,0.7925417188140016,3.342389288667393e-61,0.04437984606953149,69080,17,10,2,69051,cluster_by_day,high,VCR,VOX,5s
x_to_y,ret_x,ret_y,8,2.9073300040367517e-08,0.07919799292808531,0.9368751409911412,3.342389288667393e-61,0.04437984606953149,69080,17,10,2,69051,cluster_by_day,high,VCR,VOX,5s
x_to_y,ret_x,ret_y,9,-5.222470436706098e-07,-1.008208915340489,0.3133541788048514,3.342389288667393e-61,0.04437984606953149,69080,17,10,2,69051,cluster_by_day,high,VCR,VOX,5s
x_to_y,ret_x,ret_y,10,1.4224299192755993e-07,0.3594863241901813,0.7192313067333418,3.342389288667393e-61,0.04437984606953149,69080,17,10,2,69051,cluster_by_day,high,VCR,VOX,5s
y_to_x,ret_y,ret_x,1,1.3140623022508508e-05,14.508700642301301,1.067230462895839e-47,9.646476588783823e-79,0.1127722278960609,69080,17,10,5,69048,cluster_by_day,high,VCR,VOX,5s
y_to_x,ret_y,ret_x,2,-1.1046138875104507e-06,-1.6835919004918478,0.09226056511353181,9.646476588783823e-79,0.1127722278960609,69080,17,10,5,69048,cluster_by_day,high,VCR,VOX,5s
y_to_x,ret_y,ret_x,3,5.304039501309065e-07,0.7635417673504651,0.4451403629886078,9.646476588783823e-79,0.1127722278960609,69080,17,10,5,69048,cluster_by_day,high,VCR,VOX,5s
y_to_x,ret_y,ret_x,4,8.722284402761121e-08,0.1636034891026824,0.870043297812217,9.646476588783823e-79,0.1127722278960609,69080,17,10,5,69048,cluster_by_day,high,VCR,VOX,5s
y_to_x,ret_y,ret_x,5,2.1544882828805825e-07,0.5377429957600063,0.5907544914009611,9.646476588783823e-79,0.1127722278960609,69080,17,10,5,69048,cluster_by_day,high,VCR,VOX,5s
y_to_x,ret_y,ret_x,6,4.248863178116101e-07,0.7875709792944289,0.4309476953167607,9.646476588783823e-79,0.1127722278960609,69080,17,10,5,69048,cluster_by_day,high,VCR,VOX,5s
y_to_x,ret_y,ret_x,7,5.440695654982407e-07,1.26176171136976,0.20703454354516093,9.646476588783823e-79,0.1127722278960609,69080,17,10,5,69048,cluster_by_day,high,VCR,VOX,5s
y_to_x,ret_y,ret_x,8,-1.4339176021428535e-07,-0.2801351693887154,0.7793738031951194,9.646476588783823e-79,0.1127722278960609,69080,17,10,5,69048,cluster_by_day,high,VCR,VOX,5s
y_to_x,ret_y,ret_x,9,-2.857370065502929e-08,-0.06527093904373635,0.9479582802726768,9.646476588783823e-79,0.1127722278960609,69080,17,10,5,69048,cluster_by_day,high,VCR,VOX,5s
y_to_x,ret_y,ret_x,10,1.539807388555219e-06,3.1721211430274017,0.001513298662405995,9.646476588783823e-79,0.1127722278960609,69080,17,10,5,69048,cluster_by_day,high,VCR,VOX,5s
x_to_y,ret_x,ret_y,1,4.290267349680073e-06,4.228905162185667,2.348313042220656e-05,3.1877972575843443e-10,0.04860256140567509,72040,17,10,2,72011,cluster_by_day,high,VCR,VGT,5s
x_to_y,ret_x,ret_y,2,6.410479140271568e-07,0.8304667096724674,0.4062749622688754,3.1877972575843443e-10,0.04860256140567509,72040,17,10,2,72011,cluster_by_day,high,VCR,VGT,5s
x_to_y,ret_x,ret_y,3,1.56227382178101e-07,0.3134340613239396,0.7539509097696886,3.1877972575843443e-10,0.04860256140567509,72040,17,10,2,72011,cluster_by_day,high,VCR,VGT,5s
x_to_y,ret_x,ret_y,4,1.422253190745976e-07,0.20140785327807562,0.8403796750070349,3.1877972575843443e-10,0.04860256140567509,72040,17,10,2,72011,cluster_by_day,high,VCR,VGT,5s
x_to_y,ret_x,ret_y,5,1.0048153081351074e-06,1.9320783858651331,0.05334983165893299,3.1877972575843443e-10,0.04860256140567509,72040,17,10,2,72011,cluster_by_day,high,VCR,VGT,5s
x_to_y,ret_x,ret_y,6,-4.7437361218885426e-07,-0.6900544358504406,0.49015995528221923,3.1877972575843443e-10,0.04860256140567509,72040,17,10,2,72011,cluster_by_day,high,VCR,VGT,5s
x_to_y,ret_x,ret_y,7,3.9439009072359095e-07,0.6621688638652611,0.507863006298539,3.1877972575843443e-10,0.04860256140567509,72040,17,10,2,72011,cluster_by_day,high,VCR,VGT,5s
x_to_y,ret_x,ret_y,8,-3.613336640340545e-07,-0.7222649161573137,0.4701316185888238,3.1877972575843443e-10,0.04860256140567509,72040,17,10,2,72011,cluster_by_day,high,VCR,VGT,5s
x_to_y,ret_x,ret_y,9,-8.221981308761843e-07,-1.7246158976675086,0.08459671651164985,3.1877972575843443e-10,0.04860256140567509,72040,17,10,2,72011,cluster_by_day,high,VCR,VGT,5s
x_to_y,ret_x,ret_y,10,6.890179223859392e-07,1.4736306940991204,0.14058105241575544,3.1877972575843443e-10,0.04860256140567509,72040,17,10,2,72011,cluster_by_day,high,VCR,VGT,5s
y_to_x,ret_y,ret_x,1,1.5667796578495834e-05,17.02259317219119,5.584178424614035e-65,5.718511973421277e-167,0.11887590234902934,72040,17,10,1,72012,cluster_by_day,high,VCR,VGT,5s
y_to_x,ret_y,ret_x,2,-2.675244983437736e-06,-4.82174154951586,1.4231025585505254e-06,5.718511973421277e-167,0.11887590234902934,72040,17,10,1,72012,cluster_by_day,high,VCR,VGT,5s
y_to_x,ret_y,ret_x,3,1.209969696254536e-06,2.2986011919778355,0.021527595810473605,5.718511973421277e-167,0.11887590234902934,72040,17,10,1,72012,cluster_by_day,high,VCR,VGT,5s
y_to_x,ret_y,ret_x,4,4.641699088302087e-07,0.7269906196457697,0.4672317020967427,5.718511973421277e-167,0.11887590234902934,72040,17,10,1,72012,cluster_by_day,high,VCR,VGT,5s
y_to_x,ret_y,ret_x,5,1.2601161655146844e-06,2.90699908276664,0.0036491426773890947,5.718511973421277e-167,0.11887590234902934,72040,17,10,1,72012,cluster_by_day,high,VCR,VGT,5s
y_to_x,ret_y,ret_x,6,1.0693183258136202e-06,2.431205613756043,0.015048671855428799,5.718511973421277e-167,0.11887590234902934,72040,17,10,1,72012,cluster_by_day,high,VCR,VGT,5s
y_to_x,ret_y,ret_x,7,7.994500681739644e-07,2.3002546822448466,0.021433795481528004,5.718511973421277e-167,0.11887590234902934,72040,17,10,1,72012,cluster_by_day,high,VCR,VGT,5s
y_to_x,ret_y,ret_x,8,-2.5816567560039725e-08,-0.054703386670356006,0.9563747712321435,5.718511973421277e-167,0.11887590234902934,72040,17,10,1,72012,cluster_by_day,high,VCR,VGT,5s
y_to_x,ret_y,ret_x,9,-1.7010980928814223e-08,-0.033273700350551036,0.9734563262232039,5.718511973421277e-167,0.11887590234902934,72040,17,10,1,72012,cluster_by_day,high,VCR,VGT,5s
y_to_x,ret_y,ret_x,10,3.8082799467487576e-07,0.8675176873111883,0.3856584249204206,5.718511973421277e-167,0.11887590234902934,72040,17,10,1,72012,cluster_by_day,high,VCR,VGT,5s
x_to_y,ret_x,ret_y,1,2.551617758378506e-06,3.43384362742625,0.0005950873900105734,3.4237332357454956e-06,0.1071410156806889,56824,17,10,5,56792,cluster_by_day,high,VCR,VDC,5s
x_to_y,ret_x,ret_y,2,-9.023860472674758e-07,-1.9744474044446552,0.04833089233870363,3.4237332357454956e-06,0.1071410156806889,56824,17,10,5,56792,cluster_by_day,high,VCR,VDC,5s
x_to_y,ret_x,ret_y,3,1.2238886080231905e-08,0.024101727181282694,0.9807714656323727,3.4237332357454956e-06,0.1071410156806889,56824,17,10,5,56792,cluster_by_day,high,VCR,VDC,5s
x_to_y,ret_x,ret_y,4,3.761850847841882e-07,0.8402029974457321,0.40079457807008867,3.4237332357454956e-06,0.1071410156806889,56824,17,10,5,56792,cluster_by_day,high,VCR,VDC,5s
x_to_y,ret_x,ret_y,5,7.469696861747191e-07,2.3500945295218174,0.018768643866668194,3.4237332357454956e-06,0.1071410156806889,56824,17,10,5,56792,cluster_by_day,high,VCR,VDC,5s
x_to_y,ret_x,ret_y,6,-1.7227599666616228e-08,-0.05645478736267519,0.9549795125045498,3.4237332357454956e-06,0.1071410156806889,56824,17,10,5,56792,cluster_by_day,high,VCR,VDC,5s
x_to_y,ret_x,ret_y,7,7.233052090656618e-07,1.9598150444447777,0.05001741216979849,3.4237332357454956e-06,0.1071410156806889,56824,17,10,5,56792,cluster_by_day,high,VCR,VDC,5s
x_to_y,ret_x,ret_y,8,4.5607026320119985e-07,1.5003104401311074,0.13353400634035642,3.4237332357454956e-06,0.1071410156806889,56824,17,10,5,56792,cluster_by_day,high,VCR,VDC,5s
x_to_y,ret_x,ret_y,9,-4.474819938350978e-09,-0.012901425331279722,0.9897064374716618,3.4237332357454956e-06,0.1071410156806889,56824,17,10,5,56792,cluster_by_day,high,VCR,VDC,5s
x_to_y,ret_x,ret_y,10,-6.155974762988622e-07,-1.4985890925914718,0.13398026409794764,3.4237332357454956e-06,0.1071410156806889,56824,17,10,5,56792,cluster_by_day,high,VCR,VDC,5s
y_to_x,ret_y,ret_x,1,3.851062266694906e-06,4.412700149229307,1.0208934253974006e-05,5.2020727692060375e-17,0.08533164236836932,56824,17,10,1,56796,cluster_by_day,high,VCR,VDC,5s
y_to_x,ret_y,ret_x,2,-2.2628946816021587e-06,-4.432367281352442,9.320407396232698e-06,5.2020727692060375e-17,0.08533164236836932,56824,17,10,1,56796,cluster_by_day,high,VCR,VDC,5s
y_to_x,ret_y,ret_x,3,4.0515389455427257e-07,0.7460133495747099,0.4556593508726152,5.2020727692060375e-17,0.08533164236836932,56824,17,10,1,56796,cluster_by_day,high,VCR,VDC,5s
y_to_x,ret_y,ret_x,4,1.8414083498335625e-06,2.6253421545099145,0.008656193363030439,5.2020727692060375e-17,0.08533164236836932,56824,17,10,1,56796,cluster_by_day,high,VCR,VDC,5s
y_to_x,ret_y,ret_x,5,5.928851943457096e-07,1.1431695793526258,0.2529681900070013,5.2020727692060375e-17,0.08533164236836932,56824,17,10,1,56796,cluster_by_day,high,VCR,VDC,5s
y_to_x,ret_y,ret_x,6,-7.542367984141794e-07,-1.1528805343113429,0.2489594228312888,5.2020727692060375e-17,0.08533164236836932,56824,17,10,1,56796,cluster_by_day,high,VCR,VDC,5s
y_to_x,ret_y,ret_x,7,8.628706586212907e-07,1.296076890481183,0.19494899580171798,5.2020727692060375e-17,0.08533164236836932,56824,17,10,1,56796,cluster_by_day,high,VCR,VDC,5s
y_to_x,ret_y,ret_x,8,2.707889072274508e-07,0.5060709298788755,0.6128068571609503,5.2020727692060375e-17,0.08533164236836932,56824,17,10,1,56796,cluster_by_day,high,VCR,VDC,5s
y_to_x,ret_y,ret_x,9,1.474874336354267e-06,2.2884853595864896,0.02210927174101036,5.2020727692060375e-17,0.08533164236836932,56824,17,10,1,56796,cluster_by_day,high,VCR,VDC,5s
y_to_x,ret_y,ret_x,10,-1.5147121634056581e-06,-2.6484385484428845,0.008086454924846222,5.2020727692060375e-17,0.08533164236836932,56824,17,10,1,56796,cluster_by_day,high,VCR,VDC,5s
x_to_y,ret_x,ret_y,1,8.810196106991498e-06,6.87224276042178,6.320028073814821e-12,8.191741984420787e-23,0.10694503234899377,51419,17,10,4,51388,cluster_by_day,high,VCR,VAW,5s
x_to_y,ret_x,ret_y,2,-1.1393041819707907e-06,-2.9566936700053725,0.003109568797220931,8.191741984420787e-23,0.10694503234899377,51419,17,10,4,51388,cluster_by_day,high,VCR,VAW,5s
x_to_y,ret_x,ret_y,3,1.2410047653274408e-07,0.2742129313282302,0.7839209911016259,8.191741984420787e-23,0.10694503234899377,51419,17,10,4,51388,cluster_by_day,high,VCR,VAW,5s
x_to_y,ret_x,ret_y,4,3.7929897623848827e-07,0.5789096547154129,0.5626501353212485,8.191741984420787e-23,0.10694503234899377,51419,17,10,4,51388,cluster_by_day,high,VCR,VAW,5s
x_to_y,ret_x,ret_y,5,1.3970225264919026e-06,1.8702487578298408,0.061449281732822617,8.191741984420787e-23,0.10694503234899377,51419,17,10,4,51388,cluster_by_day,high,VCR,VAW,5s
x_to_y,ret_x,ret_y,6,-4.46193713932026e-07,-0.7283126818751042,0.46642220090761777,8.191741984420787e-23,0.10694503234899377,51419,17,10,4,51388,cluster_by_day,high,VCR,VAW,5s
x_to_y,ret_x,ret_y,7,1.1698343572928767e-06,3.036942703544352,0.0023899087883674716,8.191741984420787e-23,0.10694503234899377,51419,17,10,4,51388,cluster_by_day,high,VCR,VAW,5s
x_to_y,ret_x,ret_y,8,-9.217548805114237e-07,-1.2569838576665147,0.2087594808920321,8.191741984420787e-23,0.10694503234899377,51419,17,10,4,51388,cluster_by_day,high,VCR,VAW,5s
x_to_y,ret_x,ret_y,9,1.4685756901408897e-07,0.3373229128463859,0.7358734889063088,8.191741984420787e-23,0.10694503234899377,51419,17,10,4,51388,cluster_by_day,high,VCR,VAW,5s
x_to_y,ret_x,ret_y,10,1.0156018472106148e-06,1.3911465826904785,0.16418098159934036,8.191741984420787e-23,0.10694503234899377,51419,17,10,4,51388,cluster_by_day,high,VCR,VAW,5s
y_to_x,ret_y,ret_x,1,8.564351100249971e-06,6.995157297807295,2.649614860598482e-12,1.5296976642873115e-100,0.0857872524954022,51419,17,10,3,51389,cluster_by_day,high,VCR,VAW,5s
y_to_x,ret_y,ret_x,2,-1.4262192248525722e-06,-2.2425311158956593,0.024927066605245338,1.5296976642873115e-100,0.0857872524954022,51419,17,10,3,51389,cluster_by_day,high,VCR,VAW,5s
y_to_x,ret_y,ret_x,3,-5.691226058154664e-07,-0.8957291474203924,0.37039743921701596,1.5296976642873115e-100,0.0857872524954022,51419,17,10,3,51389,cluster_by_day,high,VCR,VAW,5s
y_to_x,ret_y,ret_x,4,9.686941273951234e-07,1.2305633315658793,0.21848622668687478,1.5296976642873115e-100,0.0857872524954022,51419,17,10,3,51389,cluster_by_day,high,VCR,VAW,5s
y_to_x,ret_y,ret_x,5,7.719881898504879e-07,1.0425154343360699,0.2971727734679581,1.5296976642873115e-100,0.0857872524954022,51419,17,10,3,51389,cluster_by_day,high,VCR,VAW,5s
y_to_x,ret_y,ret_x,6,3.003236623029598e-07,0.3961049490224838,0.6920276074905362,1.5296976642873115e-100,0.0857872524954022,51419,17,10,3,51389,cluster_by_day,high,VCR,VAW,5s
y_to_x,ret_y,ret_x,7,-8.591314852832005e-07,-1.4972294017551104,0.1343335774384881,1.5296976642873115e-100,0.0857872524954022,51419,17,10,3,51389,cluster_by_day,high,VCR,VAW,5s
y_to_x,ret_y,ret_x,8,1.25903359864324e-06,2.14685601460048,0.03180474629095224,1.5296976642873115e-100,0.0857872524954022,51419,17,10,3,51389,cluster_by_day,high,VCR,VAW,5s
y_to_x,ret_y,ret_x,9,-2.6295124605344412e-08,-0.03648535742826527,0.970895354015938,1.5296976642873115e-100,0.0857872524954022,51419,17,10,3,51389,cluster_by_day,high,VCR,VAW,5s
y_to_x,ret_y,ret_x,10,-2.0355054281636226e-07,-0.30780624788793143,0.7582297671392961,1.5296976642873115e-100,0.0857872524954022,51419,17,10,3,51389,cluster_by_day,high,VCR,VAW,5s
x_to_y,ret_x,ret_y,1,3.388227603488145e-06,4.573738492731721,4.790977565454233e-06,1.1330085780206776e-23,0.04032921917859322,71072,17,10,2,71043,cluster_by_day,high,VDE,VOX,5s
x_to_y,ret_x,ret_y,2,-1.1849916273309556e-06,-2.152468270222201,0.03136049173354618,1.1330085780206776e-23,0.04032921917859322,71072,17,10,2,71043,cluster_by_day,high,VDE,VOX,5s
x_to_y,ret_x,ret_y,3,-3.3509034572011406e-07,-0.7137296359639064,0.47539437707850396,1.1330085780206776e-23,0.04032921917859322,71072,17,10,2,71043,cluster_by_day,high,VDE,VOX,5s
x_to_y,ret_x,ret_y,4,2.6989358939106303e-07,0.6333276942120685,0.5265196718103424,1.1330085780206776e-23,0.04032921917859322,71072,17,10,2,71043,cluster_by_day,high,VDE,VOX,5s
x_to_y,ret_x,ret_y,5,2.917252713741387e-07,0.6358920945736193,0.5248467556643818,1.1330085780206776e-23,0.04032921917859322,71072,17,10,2,71043,cluster_by_day,high,VDE,VOX,5s
x_to_y,ret_x,ret_y,6,-4.051831638923235e-07,-0.8074495973569507,0.41940750204083177,1.1330085780206776e-23,0.04032921917859322,71072,17,10,2,71043,cluster_by_day,high,VDE,VOX,5s
x_to_y,ret_x,ret_y,7,1.5646579654431546e-07,0.34104607923375113,0.7330688927363489,1.1330085780206776e-23,0.04032921917859322,71072,17,10,2,71043,cluster_by_day,high,VDE,VOX,5s
x_to_y,ret_x,ret_y,8,-2.047942301185839e-08,-0.03493450412114434,0.9721319670865249,1.1330085780206776e-23,0.04032921917859322,71072,17,10,2,71043,cluster_by_day,high,VDE,VOX,5s
x_to_y,ret_x,ret_y,9,6.25848974531886e-07,0.7439522887368968,0.45690533999242755,1.1330085780206776e-23,0.04032921917859322,71072,17,10,2,71043,cluster_by_day,high,VDE,VOX,5s
x_to_y,ret_x,ret_y,10,3.105115275433543e-07,0.8106161860135934,0.41758611873963636,1.1330085780206776e-23,0.04032921917859322,71072,17,10,2,71043,cluster_by_day,high,VDE,VOX,5s
y_to_x,ret_y,ret_x,1,2.6379122754647834e-06,3.994872463577002,6.47290874507409e-05,0.0002120154567177754,0.03291131293537153,71072,17,10,3,71042,cluster_by_day,high,VDE,VOX,5s
y_to_x,ret_y,ret_x,2,-9.220245389842668e-07,-1.1684077467058154,0.24264233164722115,0.0002120154567177754,0.03291131293537153,71072,17,10,3,71042,cluster_by_day,high,VDE,VOX,5s
y_to_x,ret_y,ret_x,3,-1.9241738285152704e-07,-0.3550966775229701,0.7225171656259535,0.0002120154567177754,0.03291131293537153,71072,17,10,3,71042,cluster_by_day,high,VDE,VOX,5s
y_to_x,ret_y,ret_x,4,-7.335139294142515e-07,-1.5791325171668509,0.11430566455513559,0.0002120154567177754,0.03291131293537153,71072,17,10,3,71042,cluster_by_day,high,VDE,VOX,5s
y_to_x,ret_y,ret_x,5,6.40125567277472e-07,1.217996344554247,0.22322536186012887,0.0002120154567177754,0.03291131293537153,71072,17,10,3,71042,cluster_by_day,high,VDE,VOX,5s
y_to_x,ret_y,ret_x,6,2.186320331426211e-07,0.323581190677051,0.7462551301163322,0.0002120154567177754,0.03291131293537153,71072,17,10,3,71042,cluster_by_day,high,VDE,VOX,5s
y_to_x,ret_y,ret_x,7,-3.9253090273532563e-07,-0.756699166746777,0.4492301141441517,0.0002120154567177754,0.03291131293537153,71072,17,10,3,71042,cluster_by_day,high,VDE,VOX,5s
y_to_x,ret_y,ret_x,8,-4.421711066173461e-07,-0.5466440874639895,0.5846232739788133,0.0002120154567177754,0.03291131293537153,71072,17,10,3,71042,cluster_by_day,high,VDE,VOX,5s
y_to_x,ret_y,ret_x,9,-8.81299402402382e-07,-1.778860413607723,0.0752626495785119,0.0002120154567177754,0.03291131293537153,71072,17,10,3,71042,cluster_by_day,high,VDE,VOX,5s
y_to_x,ret_y,ret_x,10,5.623981011577823e-07,1.2380404115711434,0.21570107690415108,0.0002120154567177754,0.03291131293537153,71072,17,10,3,71042,cluster_by_day,high,VDE,VOX,5s
x_to_y,ret_x,ret_y,1,2.3022264779402015e-06,2.850193437233998,0.004369264744671355,0.00012096124585643459,0.04649551271325125,74284,17,10,2,74255,cluster_by_day,high,VDE,VGT,5s
x_to_y,ret_x,ret_y,2,-2.680952049443328e-07,-0.4572825686514605,0.6474679571536939,0.00012096124585643459,0.04649551271325125,74284,17,10,2,74255,cluster_by_day,high,VDE,VGT,5s
x_to_y,ret_x,ret_y,3,-2.3748103907555226e-07,-0.3891421303253873,0.6971710093162086,0.00012096124585643459,0.04649551271325125,74284,17,10,2,74255,cluster_by_day,high,VDE,VGT,5s
x_to_y,ret_x,ret_y,4,3.762370883852571e-08,0.05532771637045754,0.955877381508958,0.00012096124585643459,0.04649551271325125,74284,17,10,2,74255,cluster_by_day,high,VDE,VGT,5s
x_to_y,ret_x,ret_y,5,3.729367071813762e-07,0.9535843307926641,0.3402940903966938,0.00012096124585643459,0.04649551271325125,74284,17,10,2,74255,cluster_by_day,high,VDE,VGT,5s
x_to_y,ret_x,ret_y,6,-4.049216912581516e-07,-0.5469391164841944,0.5844205608457717,0.00012096124585643459,0.04649551271325125,74284,17,10,2,74255,cluster_by_day,high,VDE,VGT,5s
x_to_y,ret_x,ret_y,7,4.668286918591015e-08,0.08833023069144384,0.9296142122369087,0.00012096124585643459,0.04649551271325125,74284,17,10,2,74255,cluster_by_day,high,VDE,VGT,5s
x_to_y,ret_x,ret_y,8,5.599627178582388e-08,0.08872163084096436,0.9293031413999577,0.00012096124585643459,0.04649551271325125,74284,17,10,2,74255,cluster_by_day,high,VDE,VGT,5s
x_to_y,ret_x,ret_y,9,1.0775987389556298e-08,0.012251434128557417,0.9902250143954512,0.00012096124585643459,0.04649551271325125,74284,17,10,2,74255,cluster_by_day,high,VDE,VGT,5s
x_to_y,ret_x,ret_y,10,7.103358338866647e-07,1.1307253258467815,0.25817071837068095,0.00012096124585643459,0.04649551271325125,74284,17,10,2,74255,cluster_by_day,high,VDE,VGT,5s
y_to_x,ret_y,ret_x,1,1.0371984479845333e-06,1.391030749925258,0.1642161023548534,0.1479182588214335,0.03272317161492522,74284,17,10,3,74254,cluster_by_day,high,VDE,VGT,5s
y_to_x,ret_y,ret_x,2,2.676983794646258e-07,0.3789717833042014,0.7047088173775498,0.1479182588214335,0.03272317161492522,74284,17,10,3,74254,cluster_by_day,high,VDE,VGT,5s
y_to_x,ret_y,ret_x,3,-8.184240158706761e-07,-1.5291228646732247,0.1262339880799027,0.1479182588214335,0.03272317161492522,74284,17,10,3,74254,cluster_by_day,high,VDE,VGT,5s
y_to_x,ret_y,ret_x,4,2.412823016556999e-07,0.6915664356204613,0.48920964601777894,0.1479182588214335,0.03272317161492522,74284,17,10,3,74254,cluster_by_day,high,VDE,VGT,5s
y_to_x,ret_y,ret_x,5,4.5406771752460305e-07,1.2760816292493997,0.20192666487621747,0.1479182588214335,0.03272317161492522,74284,17,10,3,74254,cluster_by_day,high,VDE,VGT,5s
y_to_x,ret_y,ret_x,6,3.8258386454530813e-07,0.5225005883117411,0.6013218369430448,0.1479182588214335,0.03272317161492522,74284,17,10,3,74254,cluster_by_day,high,VDE,VGT,5s
y_to_x,ret_y,ret_x,7,-4.7303396910196137e-07,-0.7832210120213301,0.4334973380172975,0.1479182588214335,0.03272317161492522,74284,17,10,3,74254,cluster_by_day,high,VDE,VGT,5s
y_to_x,ret_y,ret_x,8,8.103426747023969e-07,1.5411344555391173,0.12328406560513595,0.1479182588214335,0.03272317161492522,74284,17,10,3,74254,cluster_by_day,high,VDE,VGT,5s
y_to_x,ret_y,ret_x,9,-9.338839481657759e-08,-0.144437365351971,0.8851551128601762,0.1479182588214335,0.03272317161492522,74284,17,10,3,74254,cluster_by_day,high,VDE,VGT,5s
y_to_x,ret_y,ret_x,10,-5.475744592027756e-07,-1.2145239560607606,0.22454770754741094,0.1479182588214335,0.03272317161492522,74284,17,10,3,74254,cluster_by_day,high,VDE,VGT,5s
x_to_y,ret_x,ret_y,1,3.9789026977823985e-06,5.995658110243129,2.026630010595756e-09,2.3235013201565875e-15,0.11214331314187875,58375,17,10,4,58344,cluster_by_day,high,VDE,VDC,5s
x_to_y,ret_x,ret_y,2,2.3399017461484575e-07,0.6277490293176964,0.5301683612112602,2.3235013201565875e-15,0.11214331314187875,58375,17,10,4,58344,cluster_by_day,high,VDE,VDC,5s
x_to_y,ret_x,ret_y,3,5.287849832328388e-07,1.8387409410031714,0.06595329856509848,2.3235013201565875e-15,0.11214331314187875,58375,17,10,4,58344,cluster_by_day,high,VDE,VDC,5s
x_to_y,ret_x,ret_y,4,1.2421056523032587e-07,0.5829648600634407,0.5599169561264197,2.3235013201565875e-15,0.11214331314187875,58375,17,10,4,58344,cluster_by_day,high,VDE,VDC,5s
x_to_y,ret_x,ret_y,5,9.64859258072152e-07,1.9194435074221983,0.054928229285242755,2.3235013201565875e-15,0.11214331314187875,58375,17,10,4,58344,cluster_by_day,high,VDE,VDC,5s
x_to_y,ret_x,ret_y,6,-3.864889947925257e-07,-1.123599353144531,0.26118303066016213,2.3235013201565875e-15,0.11214331314187875,58375,17,10,4,58344,cluster_by_day,high,VDE,VDC,5s
x_to_y,ret_x,ret_y,7,3.6682032684890645e-08,0.09026204415164907,0.928078981370253,2.3235013201565875e-15,0.11214331314187875,58375,17,10,4,58344,cluster_by_day,high,VDE,VDC,5s
x_to_y,ret_x,ret_y,8,-1.1367143038520428e-07,-0.19296103070501117,0.8469894874703334,2.3235013201565875e-15,0.11214331314187875,58375,17,10,4,58344,cluster_by_day,high,VDE,VDC,5s
x_to_y,ret_x,ret_y,9,5.50279467519393e-07,1.6580877751320011,0.09729975101065326,2.3235013201565875e-15,0.11214331314187875,58375,17,10,4,58344,cluster_by_day,high,VDE,VDC,5s
x_to_y,ret_x,ret_y,10,4.449718212252254e-08,0.09346820795095724,0.9255316054808678,2.3235013201565875e-15,0.11214331314187875,58375,17,10,4,58344,cluster_by_day,high,VDE,VDC,5s
y_to_x,ret_y,ret_x,1,-2.7637116091737552e-06,-1.8553416101897897,0.06354745978507219,3.001311041443766e-29,0.03095825514645445,58375,17,10,2,58346,cluster_by_day,high,VDE,VDC,5s
y_to_x,ret_y,ret_x,2,1.2222590413881517e-07,0.10382317559201965,0.9173096743951469,3.001311041443766e-29,0.03095825514645445,58375,17,10,2,58346,cluster_by_day,high,VDE,VDC,5s
y_to_x,ret_y,ret_x,3,-1.7876743837064178e-06,-2.512743169289013,0.0119796512669699,3.001311041443766e-29,0.03095825514645445,58375,17,10,2,58346,cluster_by_day,high,VDE,VDC,5s
y_to_x,ret_y,ret_x,4,1.2543302001846596e-06,1.479494639603805,0.13900816294496898,3.001311041443766e-29,0.03095825514645445,58375,17,10,2,58346,cluster_by_day,high,VDE,VDC,5s
y_to_x,ret_y,ret_x,5,2.8143686378297186e-07,0.28261924631488317,0.7774687251499914,3.001311041443766e-29,0.03095825514645445,58375,17,10,2,58346,cluster_by_day,high,VDE,VDC,5s
y_to_x,ret_y,ret_x,6,-9.88212962050981e-07,-1.9502041949992022,0.05115178600631884,3.001311041443766e-29,0.03095825514645445,58375,17,10,2,58346,cluster_by_day,high,VDE,VDC,5s
y_to_x,ret_y,ret_x,7,1.765153536590993e-07,0.27291581113226404,0.7849179322128172,3.001311041443766e-29,0.03095825514645445,58375,17,10,2,58346,cluster_by_day,high,VDE,VDC,5s
y_to_x,ret_y,ret_x,8,-7.4121206038765e-07,-0.6846625794307813,0.49355686765770224,3.001311041443766e-29,0.03095825514645445,58375,17,10,2,58346,cluster_by_day,high,VDE,VDC,5s
y_to_x,ret_y,ret_x,9,1.1131037819633943e-06,1.7173504309403085,0.08591516278081755,3.001311041443766e-29,0.03095825514645445,58375,17,10,2,58346,cluster_by_day,high,VDE,VDC,5s
y_to_x,ret_y,ret_x,10,1.0739053834557272e-06,1.2024957103333749,0.22917152711322142,3.001311041443766e-29,0.03095825514645445,58375,17,10,2,58346,cluster_by_day,high,VDE,VDC,5s
x_to_y,ret_x,ret_y,1,1.1663153662728429e-05,10.529104843953826,6.34348324283406e-26,1.6432798677661887e-216,0.12066102110493515,52823,17,10,4,52792,cluster_by_day,high,VDE,VAW,5s
x_to_y,ret_x,ret_y,2,8.396457130458134e-07,1.4626926560950853,0.1435514965886482,1.6432798677661887e-216,0.12066102110493515,52823,17,10,4,52792,cluster_by_day,high,VDE,VAW,5s
x_to_y,ret_x,ret_y,3,1.3034580968363592e-06,4.374184934346923,1.2188701942742722e-05,1.6432798677661887e-216,0.12066102110493515,52823,17,10,4,52792,cluster_by_day,high,VDE,VAW,5s
x_to_y,ret_x,ret_y,4,6.3248509071686e-07,1.3227086061209994,0.18593230043734832,1.6432798677661887e-216,0.12066102110493515,52823,17,10,4,52792,cluster_by_day,high,VDE,VAW,5s
x_to_y,ret_x,ret_y,5,4.480532265997835e-07,1.1273588138896968,0.2595908051189936,1.6432798677661887e-216,0.12066102110493515,52823,17,10,4,52792,cluster_by_day,high,VDE,VAW,5s
x_to_y,ret_x,ret_y,6,-6.736611531765527e-07,-1.660769410621001,0.09675976691325848,1.6432798677661887e-216,0.12066102110493515,52823,17,10,4,52792,cluster_by_day,high,VDE,VAW,5s
x_to_y,ret_x,ret_y,7,5.048894622630983e-07,1.4106273259318094,0.15835452989339704,1.6432798677661887e-216,0.12066102110493515,52823,17,10,4,52792,cluster_by_day,high,VDE,VAW,5s
x_to_y,ret_x,ret_y,8,-3.1961127110195767e-07,-0.5793261090491453,0.562369151611651,1.6432798677661887e-216,0.12066102110493515,52823,17,10,4,52792,cluster_by_day,high,VDE,VAW,5s
x_to_y,ret_x,ret_y,9,7.831139046885623e-07,3.0000426437144565,0.002699418106480654,1.6432798677661887e-216,0.12066102110493515,52823,17,10,4,52792,cluster_by_day,high,VDE,VAW,5s
x_to_y,ret_x,ret_y,10,3.666058808920669e-07,0.7298631775018186,0.46547382218984934,1.6432798677661887e-216,0.12066102110493515,52823,17,10,4,52792,cluster_by_day,high,VDE,VAW,5s
y_to_x,ret_y,ret_x,1,2.9911706106651603e-06,3.118184220221329,0.001819690241645979,2.073317920593323e-12,0.028584718822758703,52823,17,10,2,52794,cluster_by_day,high,VDE,VAW,5s
y_to_x,ret_y,ret_x,2,-2.1152966547545368e-06,-2.519781716611743,0.011742763044774236,2.073317920593323e-12,0.028584718822758703,52823,17,10,2,52794,cluster_by_day,high,VDE,VAW,5s
y_to_x,ret_y,ret_x,3,-1.2217752805491876e-06,-0.9883422278987132,0.3229850709443276,2.073317920593323e-12,0.028584718822758703,52823,17,10,2,52794,cluster_by_day,high,VDE,VAW,5s
y_to_x,ret_y,ret_x,4,-1.3737985141878618e-07,-0.13134073808105282,0.895505766569676,2.073317920593323e-12,0.028584718822758703,52823,17,10,2,52794,cluster_by_day,high,VDE,VAW,5s
y_to_x,ret_y,ret_x,5,8.748918540976144e-07,0.6326530523586402,0.5269602342542441,2.073317920593323e-12,0.028584718822758703,52823,17,10,2,52794,cluster_by_day,high,VDE,VAW,5s
y_to_x,ret_y,ret_x,6,-3.1412195765910054e-07,-0.30203312416741124,0.7626268119750357,2.073317920593323e-12,0.028584718822758703,52823,17,10,2,52794,cluster_by_day,high,VDE,VAW,5s
y_to_x,ret_y,ret_x,7,1.7040007620183832e-07,0.1892536427177476,0.8498940264261963,2.073317920593323e-12,0.028584718822758703,52823,17,10,2,52794,cluster_by_day,high,VDE,VAW,5s
y_to_x,ret_y,ret_x,8,-3.3830532597981097e-07,-0.3004633484415308,0.7638237492980253,2.073317920593323e-12,0.028584718822758703,52823,17,10,2,52794,cluster_by_day,high,VDE,VAW,5s
y_to_x,ret_y,ret_x,9,1.3817715912764758e-06,1.644905522117992,0.09998929597439618,2.073317920593323e-12,0.028584718822758703,52823,17,10,2,52794,cluster_by_day,high,VDE,VAW,5s
y_to_x,ret_y,ret_x,10,7.156587338040466e-07,0.7608748346292411,0.44673183088340473,2.073317920593323e-12,0.028584718822758703,52823,17,10,2,52794,cluster_by_day,high,VDE,VAW,5s
x_to_y,ret_x,ret_y,1,7.523152171726424e-06,6.975608930291853,3.0454880020687818e-12,3.239938873861273e-39,0.05141127163766768,75012,17,10,2,74983,cluster_by_day,high,VOX,VGT,5s
x_to_y,ret_x,ret_y,2,-2.675586285802394e-06,-3.7192489119877563,0.00019981606836789938,3.239938873861273e-39,0.05141127163766768,75012,17,10,2,74983,cluster_by_day,high,VOX,VGT,5s
x_to_y,ret_x,ret_y,3,-5.994376918416547e-07,-0.9061902308082245,0.36483517290211787,3.239938873861273e-39,0.05141127163766768,75012,17,10,2,74983,cluster_by_day,high,VOX,VGT,5s
x_to_y,ret_x,ret_y,4,5.545035540460052e-07,1.2949976683212614,0.19532103383812738,3.239938873861273e-39,0.05141127163766768,75012,17,10,2,74983,cluster_by_day,high,VOX,VGT,5s
x_to_y,ret_x,ret_y,5,8.91143648339827e-07,2.0028484356050194,0.045193559187068695,3.239938873861273e-39,0.05141127163766768,75012,17,10,2,74983,cluster_by_day,high,VOX,VGT,5s
x_to_y,ret_x,ret_y,6,4.7462027241311896e-07,0.9475971664461755,0.34333456924787586,3.239938873861273e-39,0.05141127163766768,75012,17,10,2,74983,cluster_by_day,high,VOX,VGT,5s
x_to_y,ret_x,ret_y,7,-2.0094722299901643e-07,-0.34853150661004534,0.7274410564576872,3.239938873861273e-39,0.05141127163766768,75012,17,10,2,74983,cluster_by_day,high,VOX,VGT,5s
x_to_y,ret_x,ret_y,8,4.842908841031464e-07,0.9060563471064512,0.36490602896002244,3.239938873861273e-39,0.05141127163766768,75012,17,10,2,74983,cluster_by_day,high,VOX,VGT,5s
x_to_y,ret_x,ret_y,9,-6.137395626026885e-07,-0.9659977839101822,0.33404528994353644,3.239938873861273e-39,0.05141127163766768,75012,17,10,2,74983,cluster_by_day,high,VOX,VGT,5s
x_to_y,ret_x,ret_y,10,6.551872264375537e-07,1.2984058241223972,0.1941479188522457,3.239938873861273e-39,0.05141127163766768,75012,17,10,2,74983,cluster_by_day,high,VOX,VGT,5s
y_to_x,ret_y,ret_x,1,1.2189875240094228e-05,14.63715031467616,1.6274775933295145e-48,5.23472474531524e-86,0.052905027396377924,75012,17,10,2,74983,cluster_by_day,high,VOX,VGT,5s
y_to_x,ret_y,ret_x,2,-1.2521219064236612e-06,-1.4922642416717056,0.1356298869940868,5.23472474531524e-86,0.052905027396377924,75012,17,10,2,74983,cluster_by_day,high,VOX,VGT,5s
y_to_x,ret_y,ret_x,3,3.4792451874083014e-07,0.7874140436243308,0.4310395283797389,5.23472474531524e-86,0.052905027396377924,75012,17,10,2,74983,cluster_by_day,high,VOX,VGT,5s
y_to_x,ret_y,ret_x,4,1.8503431233953594e-07,0.2833788454572529,0.7768864429294978,5.23472474531524e-86,0.052905027396377924,75012,17,10,2,74983,cluster_by_day,high,VOX,VGT,5s
y_to_x,ret_y,ret_x,5,2.3569586811393739e-07,0.5468225045267883,0.5845006804968516,5.23472474531524e-86,0.052905027396377924,75012,17,10,2,74983,cluster_by_day,high,VOX,VGT,5s
y_to_x,ret_y,ret_x,6,1.0872011362532723e-07,0.26549832682466257,0.7906255986243087,5.23472474531524e-86,0.052905027396377924,75012,17,10,2,74983,cluster_by_day,high,VOX,VGT,5s
y_to_x,ret_y,ret_x,7,-5.4563885177840276e-08,-0.14469880185031525,0.884948685187632,5.23472474531524e-86,0.052905027396377924,75012,17,10,2,74983,cluster_by_day,high,VOX,VGT,5s
y_to_x,ret_y,ret_x,8,1.3670864499770665e-07,0.3960253078386574,0.6920863583744328,5.23472474531524e-86,0.052905027396377924,75012,17,10,2,74983,cluster_by_day,high,VOX,VGT,5s
y_to_x,ret_y,ret_x,9,-9.534969849511307e-07,-2.38179623442635,0.017228427592850235,5.23472474531524e-86,0.052905027396377924,75012,17,10,2,74983,cluster_by_day,high,VOX,VGT,5s
y_to_x,ret_y,ret_x,10,2.4638110137265816e-07,0.49239576580524536,0.6224395919880013,5.23472474531524e-86,0.052905027396377924,75012,17,10,2,74983,cluster_by_day,high,VOX,VGT,5s
x_to_y,ret_x,ret_y,1,3.852328102971276e-06,6.752115101776824,1.4570520699992964e-11,2.5566218596228224e-72,0.11202522257447811,58945,17,10,4,58914,cluster_by_day,high,VOX,VDC,5s
x_to_y,ret_x,ret_y,2,1.397165854089855e-07,0.24647818140276834,0.8053120922628036,2.5566218596228224e-72,0.11202522257447811,58945,17,10,4,58914,cluster_by_day,high,VOX,VDC,5s
x_to_y,ret_x,ret_y,3,-6.502369939855732e-08,-0.18738598263306577,0.8513580121836555,2.5566218596228224e-72,0.11202522257447811,58945,17,10,4,58914,cluster_by_day,high,VOX,VDC,5s
x_to_y,ret_x,ret_y,4,3.466908209477084e-07,0.9309957736646556,0.3518557503686849,2.5566218596228224e-72,0.11202522257447811,58945,17,10,4,58914,cluster_by_day,high,VOX,VDC,5s
x_to_y,ret_x,ret_y,5,-3.8434199433587127e-07,-1.0168090583601397,0.30924427207814775,2.5566218596228224e-72,0.11202522257447811,58945,17,10,4,58914,cluster_by_day,high,VOX,VDC,5s
x_to_y,ret_x,ret_y,6,1.7649466519642643e-07,0.3536001525969336,0.7236385599806325,2.5566218596228224e-72,0.11202522257447811,58945,17,10,4,58914,cluster_by_day,high,VOX,VDC,5s
x_to_y,ret_x,ret_y,7,3.255743080580213e-07,1.2308889149276394,0.21836441408824103,2.5566218596228224e-72,0.11202522257447811,58945,17,10,4,58914,cluster_by_day,high,VOX,VDC,5s
x_to_y,ret_x,ret_y,8,2.9680471063592846e-07,0.8349006929772073,0.40377362456869004,2.5566218596228224e-72,0.11202522257447811,58945,17,10,4,58914,cluster_by_day,high,VOX,VDC,5s
x_to_y,ret_x,ret_y,9,-5.010295660455594e-07,-1.0183680508432584,0.30850307951178957,2.5566218596228224e-72,0.11202522257447811,58945,17,10,4,58914,cluster_by_day,high,VOX,VDC,5s
x_to_y,ret_x,ret_y,10,-4.6832455491640283e-07,-1.4933548645011783,0.1353443211177918,2.5566218596228224e-72,0.11202522257447811,58945,17,10,4,58914,cluster_by_day,high,VOX,VDC,5s
y_to_x,ret_y,ret_x,1,2.187391357770713e-06,3.554908366834408,0.0003781108396296634,3.581734157713189e-16,0.037266258169261435,58945,17,10,2,58916,cluster_by_day,high,VOX,VDC,5s
y_to_x,ret_y,ret_x,2,-6.125211974717331e-07,-0.7514474921207562,0.45238338998102023,3.581734157713189e-16,0.037266258169261435,58945,17,10,2,58916,cluster_by_day,high,VOX,VDC,5s
y_to_x,ret_y,ret_x,3,1.072538684873273e-07,0.163977486672283,0.8697488669304319,3.581734157713189e-16,0.037266258169261435,58945,17,10,2,58916,cluster_by_day,high,VOX,VDC,5s
y_to_x,ret_y,ret_x,4,9.548156690440107e-07,1.6189143221823385,0.10546569886000079,3.581734157713189e-16,0.037266258169261435,58945,17,10,2,58916,cluster_by_day,high,VOX,VDC,5s
y_to_x,ret_y,ret_x,5,9.735358684444147e-08,0.17272034641509426,0.8628712500263837,3.581734157713189e-16,0.037266258169261435,58945,17,10,2,58916,cluster_by_day,high,VOX,VDC,5s
y_to_x,ret_y,ret_x,6,-9.014497431529112e-07,-1.5377866342810447,0.1241007926502702,3.581734157713189e-16,0.037266258169261435,58945,17,10,2,58916,cluster_by_day,high,VOX,VDC,5s
y_to_x,ret_y,ret_x,7,5.575079285079046e-07,0.9321952583789404,0.35123562548969,3.581734157713189e-16,0.037266258169261435,58945,17,10,2,58916,cluster_by_day,high,VOX,VDC,5s
y_to_x,ret_y,ret_x,8,3.4446922649054866e-07,0.6801300781659468,0.49642210090035455,3.581734157713189e-16,0.037266258169261435,58945,17,10,2,58916,cluster_by_day,high,VOX,VDC,5s
y_to_x,ret_y,ret_x,9,-3.137344483376923e-07,-0.47495758284543965,0.63481720703978,3.581734157713189e-16,0.037266258169261435,58945,17,10,2,58916,cluster_by_day,high,VOX,VDC,5s
y_to_x,ret_y,ret_x,10,3.145773912207253e-07,0.584624538362377,0.5588002043923281,3.581734157713189e-16,0.037266258169261435,58945,17,10,2,58916,cluster_by_day,high,VOX,VDC,5s
x_to_y,ret_x,ret_y,1,8.962627511377224e-06,7.45631092518108,8.897862987352848e-14,1.6733712924354295e-22,0.10911801066124982,53098,17,10,4,53067,cluster_by_day,high,VOX,VAW,5s
x_to_y,ret_x,ret_y,2,-7.896993512689035e-07,-2.46865818206144,0.01356206967887493,1.6733712924354295e-22,0.10911801066124982,53098,17,10,4,53067,cluster_by_day,high,VOX,VAW,5s
x_to_y,ret_x,ret_y,3,-6.104403692410406e-07,-1.2723988147622165,0.20323145498844353,1.6733712924354295e-22,0.10911801066124982,53098,17,10,4,53067,cluster_by_day,high,VOX,VAW,5s
x_to_y,ret_x,ret_y,4,4.3292321005838507e-07,1.0456382950961596,0.2957280615654657,1.6733712924354295e-22,0.10911801066124982,53098,17,10,4,53067,cluster_by_day,high,VOX,VAW,5s
x_to_y,ret_x,ret_y,5,5.092845361507356e-07,1.558433191553095,0.11913059360093162,1.6733712924354295e-22,0.10911801066124982,53098,17,10,4,53067,cluster_by_day,high,VOX,VAW,5s
x_to_y,ret_x,ret_y,6,3.705965730762871e-07,0.6412537489219275,0.5213578336003768,1.6733712924354295e-22,0.10911801066124982,53098,17,10,4,53067,cluster_by_day,high,VOX,VAW,5s
x_to_y,ret_x,ret_y,7,2.0588390665671904e-07,0.6538802449655342,0.5131889622884084,1.6733712924354295e-22,0.10911801066124982,53098,17,10,4,53067,cluster_by_day,high,VOX,VAW,5s
x_to_y,ret_x,ret_y,8,-1.3933991545798776e-07,-0.23169514499925548,0.816774802518313,1.6733712924354295e-22,0.10911801066124982,53098,17,10,4,53067,cluster_by_day,high,VOX,VAW,5s
x_to_y,ret_x,ret_y,9,2.539331831210629e-09,0.005376342821612462,0.9957103197346412,1.6733712924354295e-22,0.10911801066124982,53098,17,10,4,53067,cluster_by_day,high,VOX,VAW,5s
x_to_y,ret_x,ret_y,10,3.146611609445128e-08,0.07527097980406801,0.9399991107237742,1.6733712924354295e-22,0.10911801066124982,53098,17,10,4,53067,cluster_by_day,high,VOX,VAW,5s
y_to_x,ret_y,ret_x,1,3.1267757817638696e-06,2.5779702454316937,0.009938255515972052,6.04715722206175e-13,0.03430119661112707,53098,17,10,1,53070,cluster_by_day,high,VOX,VAW,5s
y_to_x,ret_y,ret_x,2,-1.6153693732392652e-06,-2.9580671898784416,0.0030957463797731634,6.04715722206175e-13,0.03430119661112707,53098,17,10,1,53070,cluster_by_day,high,VOX,VAW,5s
y_to_x,ret_y,ret_x,3,-1.2951029191086652e-06,-2.4409938752731604,0.014646903172992142,6.04715722206175e-13,0.03430119661112707,53098,17,10,1,53070,cluster_by_day,high,VOX,VAW,5s
y_to_x,ret_y,ret_x,4,1.3205990868124092e-06,2.1562047712876304,0.03106767915177378,6.04715722206175e-13,0.03430119661112707,53098,17,10,1,53070,cluster_by_day,high,VOX,VAW,5s
y_to_x,ret_y,ret_x,5,-5.587944368100337e-07,-1.008027284193703,0.31344136408930756,6.04715722206175e-13,0.03430119661112707,53098,17,10,1,53070,cluster_by_day,high,VOX,VAW,5s
y_to_x,ret_y,ret_x,6,5.636706862519922e-07,1.419777825707794,0.15567237247181412,6.04715722206175e-13,0.03430119661112707,53098,17,10,1,53070,cluster_by_day,high,VOX,VAW,5s
y_to_x,ret_y,ret_x,7,7.413355146123904e-07,1.010680620908399,0.31216931515102087,6.04715722206175e-13,0.03430119661112707,53098,17,10,1,53070,cluster_by_day,high,VOX,VAW,5s
y_to_x,ret_y,ret_x,8,-3.170649116283131e-07,-0.49113003133928845,0.6233344822162163,6.04715722206175e-13,0.03430119661112707,53098,17,10,1,53070,cluster_by_day,high,VOX,VAW,5s
y_to_x,ret_y,ret_x,9,6.570170230297931e-08,0.1174307941024258,0.9065186827180951,6.04715722206175e-13,0.03430119661112707,53098,17,10,1,53070,cluster_by_day,high,VOX,VAW,5s
y_to_x,ret_y,ret_x,10,7.640794143653235e-07,1.1088895741775635,0.2674778220146208,6.04715722206175e-13,0.03430119661112707,53098,17,10,1,53070,cluster_by_day,high,VOX,VAW,5s
x_to_y,ret_x,ret_y,1,1.416051798839925e-06,2.170644502036005,0.029958055362833143,0.3046431724938835,0.10961994077862003,61282,17,10,4,61251,cluster_by_day,high,VGT,VDC,5s
x_to_y,ret_x,ret_y,2,-3.893301392139648e-07,-1.1699724865881092,0.2420120411624055,0.3046431724938835,0.10961994077862003,61282,17,10,4,61251,cluster_by_day,high,VGT,VDC,5s
x_to_y,ret_x,ret_y,3,5.670319807020701e-07,1.6460108930825215,0.09976151633905365,0.3046431724938835,0.10961994077862003,61282,17,10,4,61251,cluster_by_day,high,VGT,VDC,5s
x_to_y,ret_x,ret_y,4,7.535700155542989e-09,0.024631615007513177,0.9803488018155148,0.3046431724938835,0.10961994077862003,61282,17,10,4,61251,cluster_by_day,high,VGT,VDC,5s
x_to_y,ret_x,ret_y,5,1.7865621046251925e-07,0.5313817069364599,0.5951542953873193,0.3046431724938835,0.10961994077862003,61282,17,10,4,61251,cluster_by_day,high,VGT,VDC,5s
x_to_y,ret_x,ret_y,6,4.6556579297469494e-07,1.6000189406215293,0.1095943816436849,0.3046431724938835,0.10961994077862003,61282,17,10,4,61251,cluster_by_day,high,VGT,VDC,5s
x_to_y,ret_x,ret_y,7,1.6959964698538206e-07,0.5815430180590528,0.5608745342060791,0.3046431724938835,0.10961994077862003,61282,17,10,4,61251,cluster_by_day,high,VGT,VDC,5s
x_to_y,ret_x,ret_y,8,3.034234201298995e-07,0.7708425216244287,0.4408002798322238,0.3046431724938835,0.10961994077862003,61282,17,10,4,61251,cluster_by_day,high,VGT,VDC,5s
x_to_y,ret_x,ret_y,9,-1.8540917565956318e-07,-0.4565070818671766,0.6480253794572388,0.3046431724938835,0.10961994077862003,61282,17,10,4,61251,cluster_by_day,high,VGT,VDC,5s
x_to_y,ret_x,ret_y,10,-4.066989368085993e-08,-0.11933741343088261,0.9050080436447351,0.3046431724938835,0.10961994077862003,61282,17,10,4,61251,cluster_by_day,high,VGT,VDC,5s
y_to_x,ret_y,ret_x,1,-1.2755576352014078e-06,-1.6017413572485728,0.10921281565236153,2.0639688974640905e-10,0.04166983620726761,61282,17,10,2,61253,cluster_by_day,high,VGT,VDC,5s
y_to_x,ret_y,ret_x,2,-5.908641666650444e-07,-0.755368882459518,0.4500276787491503,2.0639688974640905e-10,0.04166983620726761,61282,17,10,2,61253,cluster_by_day,high,VGT,VDC,5s
y_to_x,ret_y,ret_x,3,6.34905253687329e-08,0.08003570559130331,0.9362088580914548,2.0639688974640905e-10,0.04166983620726761,61282,17,10,2,61253,cluster_by_day,high,VGT,VDC,5s
y_to_x,ret_y,ret_x,4,9.22496457151897e-08,0.1496058122509562,0.8810756222849969,2.0639688974640905e-10,0.04166983620726761,61282,17,10,2,61253,cluster_by_day,high,VGT,VDC,5s
y_to_x,ret_y,ret_x,5,7.385654926703628e-07,0.7199522168434809,0.4715544162745088,2.0639688974640905e-10,0.04166983620726761,61282,17,10,2,61253,cluster_by_day,high,VGT,VDC,5s
y_to_x,ret_y,ret_x,6,1.1478542430143405e-06,0.9590688303452414,0.3375240715439807,2.0639688974640905e-10,0.04166983620726761,61282,17,10,2,61253,cluster_by_day,high,VGT,VDC,5s
y_to_x,ret_y,ret_x,7,4.684218712222943e-07,0.6343553042191917,0.5258489717041057,2.0639688974640905e-10,0.04166983620726761,61282,17,10,2,61253,cluster_by_day,high,VGT,VDC,5s
y_to_x,ret_y,ret_x,8,-5.712342457286695e-07,-0.4846097211405914,0.6279532166744304,2.0639688974640905e-10,0.04166983620726761,61282,17,10,2,61253,cluster_by_day,high,VGT,VDC,5s
y_to_x,ret_y,ret_x,9,-2.825587707490295e-07,-0.3819667359876773,0.7024860381173704,2.0639688974640905e-10,0.04166983620726761,61282,17,10,2,61253,cluster_by_day,high,VGT,VDC,5s
y_to_x,ret_y,ret_x,10,6.091975984169637e-08,0.09297632626796604,0.9259223686409103,2.0639688974640905e-10,0.04166983620726761,61282,17,10,2,61253,cluster_by_day,high,VGT,VDC,5s
x_to_y,ret_x,ret_y,1,9.179220754376577e-06,6.102841805521027,1.0419896218025494e-09,3.1039043422071785e-24,0.11299440915047165,55233,17,10,4,55202,cluster_by_day,high,VGT,VAW,5s
x_to_y,ret_x,ret_y,2,-6.25705985210372e-07,-2.047853325950778,0.04057437337693072,3.1039043422071785e-24,0.11299440915047165,55233,17,10,4,55202,cluster_by_day,high,VGT,VAW,5s
x_to_y,ret_x,ret_y,3,-2.095024441898284e-07,-0.4573271367432797,0.6474359274742344,3.1039043422071785e-24,0.11299440915047165,55233,17,10,4,55202,cluster_by_day,high,VGT,VAW,5s
x_to_y,ret_x,ret_y,4,5.884579354235123e-07,1.3614594351985674,0.17336854443313077,3.1039043422071785e-24,0.11299440915047165,55233,17,10,4,55202,cluster_by_day,high,VGT,VAW,5s
x_to_y,ret_x,ret_y,5,2.992684260555893e-07,0.6231425680633976,0.5331908386044161,3.1039043422071785e-24,0.11299440915047165,55233,17,10,4,55202,cluster_by_day,high,VGT,VAW,5s
x_to_y,ret_x,ret_y,6,3.3035250278315657e-07,0.6195343675286591,0.5355643886638701,3.1039043422071785e-24,0.11299440915047165,55233,17,10,4,55202,cluster_by_day,high,VGT,VAW,5s
x_to_y,ret_x,ret_y,7,-1.6936785679708142e-07,-0.34797930127907634,0.727855728387285,3.1039043422071785e-24,0.11299440915047165,55233,17,10,4,55202,cluster_by_day,high,VGT,VAW,5s
x_to_y,ret_x,ret_y,8,-1.0471924410065245e-07,-0.15366723521084416,0.8778721203916025,3.1039043422071785e-24,0.11299440915047165,55233,17,10,4,55202,cluster_by_day,high,VGT,VAW,5s
x_to_y,ret_x,ret_y,9,-1.4112666703800732e-07,-0.5012296079154092,0.6162095391405057,3.1039043422071785e-24,0.11299440915047165,55233,17,10,4,55202,cluster_by_day,high,VGT,VAW,5s
x_to_y,ret_x,ret_y,10,7.558513149730019e-08,0.24650690781028545,0.8052898577395536,3.1039043422071785e-24,0.11299440915047165,55233,17,10,4,55202,cluster_by_day,high,VGT,VAW,5s
y_to_x,ret_y,ret_x,1,3.7329739475284568e-06,4.513948442995432,6.363169203520048e-06,1.4907460759872005e-41,0.039962747223182715,55233,17,10,2,55204,cluster_by_day,high,VGT,VAW,5s
y_to_x,ret_y,ret_x,2,-1.907445662619253e-06,-1.9686293357035671,0.048995671303106954,1.4907460759872005e-41,0.039962747223182715,55233,17,10,2,55204,cluster_by_day,high,VGT,VAW,5s
y_to_x,ret_y,ret_x,3,1.968319991726761e-07,0.20328631194786875,0.8389112536462542,1.4907460759872005e-41,0.039962747223182715,55233,17,10,2,55204,cluster_by_day,high,VGT,VAW,5s
y_to_x,ret_y,ret_x,4,-5.347487643695622e-07,-0.6559404418840927,0.5118624457832426,1.4907460759872005e-41,0.039962747223182715,55233,17,10,2,55204,cluster_by_day,high,VGT,VAW,5s
y_to_x,ret_y,ret_x,5,6.412004310000893e-07,0.60509910711927,0.5451131474879101,1.4907460759872005e-41,0.039962747223182715,55233,17,10,2,55204,cluster_by_day,high,VGT,VAW,5s
y_to_x,ret_y,ret_x,6,-3.6844548187979386e-07,-0.5217344081083273,0.601855264185235,1.4907460759872005e-41,0.039962747223182715,55233,17,10,2,55204,cluster_by_day,high,VGT,VAW,5s
y_to_x,ret_y,ret_x,7,1.2363477543249796e-06,1.278865057583346,0.20094457930888643,1.4907460759872005e-41,0.039962747223182715,55233,17,10,2,55204,cluster_by_day,high,VGT,VAW,5s
y_to_x,ret_y,ret_x,8,-2.607107009358614e-07,-0.30984827689230793,0.7566763373172596,1.4907460759872005e-41,0.039962747223182715,55233,17,10,2,55204,cluster_by_day,high,VGT,VAW,5s
y_to_x,ret_y,ret_x,9,1.6074948874763403e-07,0.21357471855384202,0.8308787161688309,1.4907460759872005e-41,0.039962747223182715,55233,17,10,2,55204,cluster_by_day,high,VGT,VAW,5s
y_to_x,ret_y,ret_x,10,-1.340480917312748e-07,-0.1653456121802362,0.8686719595258907,1.4907460759872005e-41,0.039962747223182715,55233,17,10,2,55204,cluster_by_day,high,VGT,VAW,5s
x_to_y,ret_x,ret_y,1,6.960603129788195e-06,15.87708096003795,9.133089682840833e-57,3.6308872615895766e-147,0.09995359069885668,44305,17,10,3,44275,cluster_by_day,high,VDC,VAW,5s
x_to_y,ret_x,ret_y,2,-3.764324533304783e-06,-2.326795871386599,0.019976132262477388,3.6308872615895766e-147,0.09995359069885668,44305,17,10,3,44275,cluster_by_day,high,VDC,VAW,5s
x_to_y,ret_x,ret_y,3,1.4149065902688063e-06,1.264243469812471,0.20614265277905597,3.6308872615895766e-147,0.09995359069885668,44305,17,10,3,44275,cluster_by_day,high,VDC,VAW,5s
x_to_y,ret_x,ret_y,4,2.6784564442933446e-07,0.28106456383564077,0.7786608799861156,3.6308872615895766e-147,0.09995359069885668,44305,17,10,3,44275,cluster_by_day,high,VDC,VAW,5s
x_to_y,ret_x,ret_y,5,6.577587246905958e-07,1.2391472993755774,0.21529095317943414,3.6308872615895766e-147,0.09995359069885668,44305,17,10,3,44275,cluster_by_day,high,VDC,VAW,5s
x_to_y,ret_x,ret_y,6,4.637405503164121e-07,0.844206750343579,0.39855388309582396,3.6308872615895766e-147,0.09995359069885668,44305,17,10,3,44275,cluster_by_day,high,VDC,VAW,5s
x_to_y,ret_x,ret_y,7,2.2805492361964907e-07,0.4327996753207928,0.6651603092425618,3.6308872615895766e-147,0.09995359069885668,44305,17,10,3,44275,cluster_by_day,high,VDC,VAW,5s
x_to_y,ret_x,ret_y,8,-2.3583454209034803e-08,-0.0402211733489327,0.9679167973955726,3.6308872615895766e-147,0.09995359069885668,44305,17,10,3,44275,cluster_by_day,high,VDC,VAW,5s
x_to_y,ret_x,ret_y,9,9.330203369345722e-07,1.754917558498772,0.07927341033384108,3.6308872615895766e-147,0.09995359069885668,44305,17,10,3,44275,cluster_by_day,high,VDC,VAW,5s
x_to_y,ret_x,ret_y,10,3.6919192017588964e-07,0.6605339364829171,0.5089112479432482,3.6308872615895766e-147,0.09995359069885668,44305,17,10,3,44275,cluster_by_day,high,VDC,VAW,5s
y_to_x,ret_y,ret_x,1,5.642535122092353e-06,6.1298245958934485,8.797601074335854e-10,9.490249005688054e-35,0.09582583113511245,44305,17,10,3,44275,cluster_by_day,high,VDC,VAW,5s
y_to_x,ret_y,ret_x,2,-1.022885790106146e-06,-2.1685764192351966,0.03011485704037349,9.490249005688054e-35,0.09582583113511245,44305,17,10,3,44275,cluster_by_day,high,VDC,VAW,5s
y_to_x,ret_y,ret_x,3,1.5902182224802074e-06,2.127123339716106,0.03340983649594364,9.490249005688054e-35,0.09582583113511245,44305,17,10,3,44275,cluster_by_day,high,VDC,VAW,5s
y_to_x,ret_y,ret_x,4,-7.062445340329819e-07,-1.1733769179522406,0.2406446892635028,9.490249005688054e-35,0.09582583113511245,44305,17,10,3,44275,cluster_by_day,high,VDC,VAW,5s
y_to_x,ret_y,ret_x,5,1.9008380878810539e-06,3.576427024601517,0.0003483224942473798,9.490249005688054e-35,0.09582583113511245,44305,17,10,3,44275,cluster_by_day,high,VDC,VAW,5s
y_to_x,ret_y,ret_x,6,-7.332070727309146e-07,-1.8121526924399873,0.06996260647755737,9.490249005688054e-35,0.09582583113511245,44305,17,10,3,44275,cluster_by_day,high,VDC,VAW,5s
y_to_x,ret_y,ret_x,7,-1.21993315672442e-07,-0.18893198360906616,0.8501461256898327,9.490249005688054e-35,0.09582583113511245,44305,17,10,3,44275,cluster_by_day,high,VDC,VAW,5s
y_to_x,ret_y,ret_x,8,1.2362975307022217e-06,2.517940913763642,0.011804312150624805,9.490249005688054e-35,0.09582583113511245,44305,17,10,3,44275,cluster_by_day,high,VDC,VAW,5s
y_to_x,ret_y,ret_x,9,6.715738061226495e-08,0.11954268051911981,0.9048454282804733,9.490249005688054e-35,0.09582583113511245,44305,17,10,3,44275,cluster_by_day,high,VDC,VAW,5s
y_to_x,ret_y,ret_x,10,-4.5455152583524683e-07,-1.5117866426181408,0.13058814855086764,9.490249005688054e-35,0.09582583113511245,44305,17,10,3,44275,cluster_by_day,high,VDC,VAW,5s
x_to_y,ret_x,ret_y,1,1.6465346586392716e-05,19.42417576486626,4.820621389745746e-84,1.0873058068666884e-142,0.07364037511902877,116205,34,10,1,116160,cluster_by_day,high,VFH,VIS,5s
x_to_y,ret_x,ret_y,2,2.422381440216096e-06,4.210555936148448,2.5474303845610504e-05,1.0873058068666884e-142,0.07364037511902877,116205,34,10,1,116160,cluster_by_day,high,VFH,VIS,5s
x_to_y,ret_x,ret_y,3,1.5024430541849163e-06,4.639926577015188,3.4853298724638194e-06,1.0873058068666884e-142,0.07364037511902877,116205,34,10,1,116160,cluster_by_day,high,VFH,VIS,5s
x_to_y,ret_x,ret_y,4,2.221562532765126e-06,5.107825355542783,3.2588764391663305e-07,1.0873058068666884e-142,0.07364037511902877,116205,34,10,1,116160,cluster_by_day,high,VFH,VIS,5s
x_to_y,ret_x,ret_y,5,1.7981013657301633e-06,5.127362123537492,2.938300158863581e-07,1.0873058068666884e-142,0.07364037511902877,116205,34,10,1,116160,cluster_by_day,high,VFH,VIS,5s
x_to_y,ret_x,ret_y,6,1.4439790235680973e-06,4.334843166298544,1.4586407783541474e-05,1.0873058068666884e-142,0.07364037511902877,116205,34,10,1,116160,cluster_by_day,high,VFH,VIS,5s
x_to_y,ret_x,ret_y,7,1.4077510773725138e-06,3.4544124799220355,0.0005514931825671374,1.0873058068666884e-142,0.07364037511902877,116205,34,10,1,116160,cluster_by_day,high,VFH,VIS,5s
x_to_y,ret_x,ret_y,8,8.657982552819312e-07,2.3695622381054626,0.017809157416730954,1.0873058068666884e-142,0.07364037511902877,116205,34,10,1,116160,cluster_by_day,high,VFH,VIS,5s
x_to_y,ret_x,ret_y,9,7.139452997884113e-07,1.6909474292583722,0.0908468436074638,1.0873058068666884e-142,0.07364037511902877,116205,34,10,1,116160,cluster_by_day,high,VFH,VIS,5s
x_to_y,ret_x,ret_y,10,5.893907892964199e-07,1.9105932592721973,0.05605687129215846,1.0873058068666884e-142,0.07364037511902877,116205,34,10,1,116160,cluster_by_day,high,VFH,VIS,5s
y_to_x,ret_y,ret_x,1,6.8060436121405735e-06,10.875203392723813,1.513179288950561e-27,7.78096815541621e-39,0.03026625573688524,116205,34,10,2,116159,cluster_by_day,high,VFH,VIS,5s
y_to_x,ret_y,ret_x,2,-9.766166998416575e-07,-1.6626635187296888,0.09637980863302462,7.78096815541621e-39,0.03026625573688524,116205,34,10,2,116159,cluster_by_day,high,VFH,VIS,5s
y_to_x,ret_y,ret_x,3,-1.5769087721753834e-06,-4.248277166165942,2.1542077457655383e-05,7.78096815541621e-39,0.03026625573688524,116205,34,10,2,116159,cluster_by_day,high,VFH,VIS,5s
y_to_x,ret_y,ret_x,4,5.630843214417777e-07,1.2266532996817625,0.2199529271628028,7.78096815541621e-39,0.03026625573688524,116205,34,10,2,116159,cluster_by_day,high,VFH,VIS,5s
y_to_x,ret_y,ret_x,5,7.814037137375129e-07,1.4735786187753832,0.14059508166679108,7.78096815541621e-39,0.03026625573688524,116205,34,10,2,116159,cluster_by_day,high,VFH,VIS,5s
y_to_x,ret_y,ret_x,6,1.2081301716730782e-06,3.291577568437922,0.0009962713762792722,7.78096815541621e-39,0.03026625573688524,116205,34,10,2,116159,cluster_by_day,high,VFH,VIS,5s
y_to_x,ret_y,ret_x,7,9.91138526006925e-07,1.612548605465432,0.10684261196558172,7.78096815541621e-39,0.03026625573688524,116205,34,10,2,116159,cluster_by_day,high,VFH,VIS,5s
y_to_x,ret_y,ret_x,8,-7.167416451437717e-07,-1.2879956085459916,0.19774749185491114,7.78096815541621e-39,0.03026625573688524,116205,34,10,2,116159,cluster_by_day,high,VFH,VIS,5s
y_to_x,ret_y,ret_x,9,6.800251947948182e-07,1.2453267162630894,0.2130116790409078,7.78096815541621e-39,0.03026625573688524,116205,34,10,2,116159,cluster_by_day,high,VFH,VIS,5s
y_to_x,ret_y,ret_x,10,3.4031014047920475e-07,0.61684000959168,0.5373402591085381,7.78096815541621e-39,0.03026625573688524,116205,34,10,2,116159,cluster_by_day,high,VFH,VIS,5s
x_to_y,ret_x,ret_y,1,1.430032112331086e-05,8.851542293103156,8.631805126632753e-19,0.0,0.055071591700093125,47742,11,10,2,47719,cluster_by_day,high,VCR,VOX,5s
x_to_y,ret_x,ret_y,2,-2.3803518193472292e-06,-1.6883329512625143,0.0913473332612445,0.0,0.055071591700093125,47742,11,10,2,47719,cluster_by_day,high,VCR,VOX,5s
x_to_y,ret_x,ret_y,3,1.6083119669464946e-06,1.197218701638796,0.23122132234692183,0.0,0.055071591700093125,47742,11,10,2,47719,cluster_by_day,high,VCR,VOX,5s
x_to_y,ret_x,ret_y,4,-2.662333457477015e-06,-2.665420526424719,0.0076892103641771625,0.0,0.055071591700093125,47742,11,10,2,47719,cluster_by_day,high,VCR,VOX,5s
x_to_y,ret_x,ret_y,5,3.0243237557445075e-06,3.3492902655518844,0.0008101886900785333,0.0,0.055071591700093125,47742,11,10,2,47719,cluster_by_day,high,VCR,VOX,5s
x_to_y,ret_x,ret_y,6,7.545822198970435e-07,1.5809591186872813,0.11388738546533708,0.0,0.055071591700093125,47742,11,10,2,47719,cluster_by_day,high,VCR,VOX,5s
x_to_y,ret_x,ret_y,7,-1.2524403950777915e-06,-1.6250453976655397,0.10415288600990706,0.0,0.055071591700093125,47742,11,10,2,47719,cluster_by_day,high,VCR,VOX,5s
x_to_y,ret_x,ret_y,8,-8.000539226119486e-07,-0.954197691333485,0.33998358305792065,0.0,0.055071591700093125,47742,11,10,2,47719,cluster_by_day,high,VCR,VOX,5s
x_to_y,ret_x,ret_y,9,8.071842752756069e-07,0.525946819024734,0.5989251577022249,0.0,0.055071591700093125,47742,11,10,2,47719,cluster_by_day,high,VCR,VOX,5s
x_to_y,ret_x,ret_y,10,-1.9880780759548764e-07,-0.30818225850670566,0.7579436515760691,0.0,0.055071591700093125,47742,11,10,2,47719,cluster_by_day,high,VCR,VOX,5s
y_to_x,ret_y,ret_x,1,2.276708624212541e-05,11.113354434322689,1.0802379505747607e-28,0.0,0.15560559977806665,47742,11,10,1,47720,cluster_by_day,high,VCR,VOX,5s
y_to_x,ret_y,ret_x,2,-4.813260833506364e-06,-4.236734752005712,2.2679378921132086e-05,0.0,0.15560559977806665,47742,11,10,1,47720,cluster_by_day,high,VCR,VOX,5s
y_to_x,ret_y,ret_x,3,3.4398689060768784e-06,2.965095243477811,0.0030258923298202662,0.0,0.15560559977806665,47742,11,10,1,47720,cluster_by_day,high,VCR,VOX,5s
y_to_x,ret_y,ret_x,4,-9.332543521199766e-07,-1.0356635566761618,0.30035912977060775,0.0,0.15560559977806665,47742,11,10,1,47720,cluster_by_day,high,VCR,VOX,5s
y_to_x,ret_y,ret_x,5,3.114775562973193e-06,5.742806950346329,9.311986933497127e-09,0.0,0.15560559977806665,47742,11,10,1,47720,cluster_by_day,high,VCR,VOX,5s
y_to_x,ret_y,ret_x,6,2.381584062387073e-06,3.2021125845762386,0.0013642366794620853,0.0,0.15560559977806665,47742,11,10,1,47720,cluster_by_day,high,VCR,VOX,5s
y_to_x,ret_y,ret_x,7,-3.257823384384783e-07,-0.9013676086494156,0.36739289766409633,0.0,0.15560559977806665,47742,11,10,1,47720,cluster_by_day,high,VCR,VOX,5s
y_to_x,ret_y,ret_x,8,-9.345072061079687e-07,-0.923762049157164,0.35561021826316475,0.0,0.15560559977806665,47742,11,10,1,47720,cluster_by_day,high,VCR,VOX,5s
y_to_x,ret_y,ret_x,9,1.9378064655929366e-06,1.231685240692622,0.2180666852654396,0.0,0.15560559977806665,47742,11,10,1,47720,cluster_by_day,high,VCR,VOX,5s
y_to_x,ret_y,ret_x,10,-2.874337725267747e-07,-0.7719803351162392,0.4401260746160168,0.0,0.15560559977806665,47742,11,10,1,47720,cluster_by_day,high,VCR,VOX,5s
x_to_y,ret_x,ret_y,1,1.5258508056263394e-05,6.530196383001257,6.568351031938257e-11,0.0,0.05209381188819018,49421,11,10,2,49398,cluster_by_day,high,VCR,VGT,5s
x_to_y,ret_x,ret_y,2,-1.921682347548356e-06,-0.8248180899842341,0.4094748747824152,0.0,0.05209381188819018,49421,11,10,2,49398,cluster_by_day,high,VCR,VGT,5s
x_to_y,ret_x,ret_y,3,3.787404276416607e-06,3.205971533715418,0.0013460730389847004,0.0,0.05209381188819018,49421,11,10,2,49398,cluster_by_day,high,VCR,VGT,5s
x_to_y,ret_x,ret_y,4,-3.756570962926878e-06,-3.7510899600155714,0.00017606750885518845,0.0,0.05209381188819018,49421,11,10,2,49398,cluster_by_day,high,VCR,VGT,5s
x_to_y,ret_x,ret_y,5,3.5710186838240334e-06,2.4761239206085377,0.01328174698846167,0.0,0.05209381188819018,49421,11,10,2,49398,cluster_by_day,high,VCR,VGT,5s
x_to_y,ret_x,ret_y,6,2.4040932425430454e-06,2.1308176708516684,0.03310416598866729,0.0,0.05209381188819018,49421,11,10,2,49398,cluster_by_day,high,VCR,VGT,5s
x_to_y,ret_x,ret_y,7,-2.083586334454143e-06,-1.8341315711042576,0.06663446599283934,0.0,0.05209381188819018,49421,11,10,2,49398,cluster_by_day,high,VCR,VGT,5s
x_to_y,ret_x,ret_y,8,-9.128308363343205e-07,-0.9726122361612035,0.33074605889416,0.0,0.05209381188819018,49421,11,10,2,49398,cluster_by_day,high,VCR,VGT,5s
x_to_y,ret_x,ret_y,9,1.2775437629991605e-06,0.6531050653960879,0.5136885469182494,0.0,0.05209381188819018,49421,11,10,2,49398,cluster_by_day,high,VCR,VGT,5s
x_to_y,ret_x,ret_y,10,8.186148222222421e-07,1.691453265797587,0.09075026638399562,0.0,0.05209381188819018,49421,11,10,2,49398,cluster_by_day,high,VCR,VGT,5s
y_to_x,ret_y,ret_x,1,2.3672608605471324e-05,10.335679473033625,4.859558239421599e-25,0.0,0.15642147055528788,49421,11,10,1,49399,cluster_by_day,high,VCR,VGT,5s
y_to_x,ret_y,ret_x,2,-4.669878117549826e-06,-4.529172555881506,5.9215125200012245e-06,0.0,0.15642147055528788,49421,11,10,1,49399,cluster_by_day,high,VCR,VGT,5s
y_to_x,ret_y,ret_x,3,3.2924111625345333e-06,2.360042756325635,0.018272828882267153,0.0,0.15642147055528788,49421,11,10,1,49399,cluster_by_day,high,VCR,VGT,5s
y_to_x,ret_y,ret_x,4,-6.264445847694579e-07,-0.6223990666783248,0.5336794939941545,0.0,0.15642147055528788,49421,11,10,1,49399,cluster_by_day,high,VCR,VGT,5s
y_to_x,ret_y,ret_x,5,2.524357329610055e-06,3.4480316198682597,0.0005646879258013513,0.0,0.15642147055528788,49421,11,10,1,49399,cluster_by_day,high,VCR,VGT,5s
y_to_x,ret_y,ret_x,6,2.0737473766755575e-06,4.0388898326189295,5.370477987150019e-05,0.0,0.15642147055528788,49421,11,10,1,49399,cluster_by_day,high,VCR,VGT,5s
y_to_x,ret_y,ret_x,7,5.035598002983727e-08,0.08819254942786052,0.9297236389391974,0.0,0.15642147055528788,49421,11,10,1,49399,cluster_by_day,high,VCR,VGT,5s
y_to_x,ret_y,ret_x,8,-9.721855550790229e-07,-0.9343492530355788,0.3501237656228685,0.0,0.15642147055528788,49421,11,10,1,49399,cluster_by_day,high,VCR,VGT,5s
y_to_x,ret_y,ret_x,9,1.3888031371272614e-06,0.8940477270216777,0.3712963557240162,0.0,0.15642147055528788,49421,11,10,1,49399,cluster_by_day,high,VCR,VGT,5s
y_to_x,ret_y,ret_x,10,-1.2192581543766353e-07,-0.39940423774666695,0.6895953719392283,0.0,0.15642147055528788,49421,11,10,1,49399,cluster_by_day,high,VCR,VGT,5s
x_to_y,ret_x,ret_y,1,1.9927249005389005e-05,8.467963269461418,2.4972102632861124e-17,1.803227210943525e-131,0.055047032155554954,49447,11,10,2,49424,cluster_by_day,high,VOX,VGT,5s
x_to_y,ret_x,ret_y,2,-2.3840894061955093e-06,-1.0456152355909973,0.2957387121953775,1.803227210943525e-131,0.055047032155554954,49447,11,10,2,49424,cluster_by_day,high,VOX,VGT,5s
x_to_y,ret_x,ret_y,3,3.071337955125225e-06,3.2745512126885403,0.0010582995453765885,1.803227210943525e-131,0.055047032155554954,49447,11,10,2,49424,cluster_by_day,high,VOX,VGT,5s
x_to_y,ret_x,ret_y,4,-3.029127965748617e-06,-4.319329140229746,1.5650422150868476e-05,1.803227210943525e-131,0.055047032155554954,49447,11,10,2,49424,cluster_by_day,high,VOX,VGT,5s
x_to_y,ret_x,ret_y,5,3.1949745111532828e-06,4.103141117399237,4.075784751206185e-05,1.803227210943525e-131,0.055047032155554954,49447,11,10,2,49424,cluster_by_day,high,VOX,VGT,5s
x_to_y,ret_x,ret_y,6,2.856237642857146e-06,3.1736339885832967,0.0015054339881499794,1.803227210943525e-131,0.055047032155554954,49447,11,10,2,49424,cluster_by_day,high,VOX,VGT,5s
x_to_y,ret_x,ret_y,7,-1.1253702020880463e-06,-2.6937218193163566,0.007065911068453842,1.803227210943525e-131,0.055047032155554954,49447,11,10,2,49424,cluster_by_day,high,VOX,VGT,5s
x_to_y,ret_x,ret_y,8,-1.8890889193559446e-06,-1.3908652796577032,0.16426628312983915,1.803227210943525e-131,0.055047032155554954,49447,11,10,2,49424,cluster_by_day,high,VOX,VGT,5s
x_to_y,ret_x,ret_y,9,2.009051093647746e-06,1.1067597353879761,0.26839782096361,1.803227210943525e-131,0.055047032155554954,49447,11,10,2,49424,cluster_by_day,high,VOX,VGT,5s
x_to_y,ret_x,ret_y,10,-3.545303939456793e-07,-0.7694437868998171,0.4416299031086933,1.803227210943525e-131,0.055047032155554954,49447,11,10,2,49424,cluster_by_day,high,VOX,VGT,5s
y_to_x,ret_y,ret_x,1,1.864705478629685e-05,12.005277103668568,3.3334550544387355e-33,0.0,0.06149468264130298,49447,11,10,2,49424,cluster_by_day,high,VOX,VGT,5s
y_to_x,ret_y,ret_x,2,-3.3964758702603283e-06,-3.4676773809428827,0.0005249771398071698,0.0,0.06149468264130298,49447,11,10,2,49424,cluster_by_day,high,VOX,VGT,5s
y_to_x,ret_y,ret_x,3,1.916462421586122e-06,1.4993079962910192,0.13379374890172271,0.0,0.06149468264130298,49447,11,10,2,49424,cluster_by_day,high,VOX,VGT,5s
y_to_x,ret_y,ret_x,4,-3.024262897991882e-06,-2.513300224246357,0.011960749912329113,0.0,0.06149468264130298,49447,11,10,2,49424,cluster_by_day,high,VOX,VGT,5s
y_to_x,ret_y,ret_x,5,2.464018207299627e-06,4.859179788968247,1.1787305751688805e-06,0.0,0.06149468264130298,49447,11,10,2,49424,cluster_by_day,high,VOX,VGT,5s
y_to_x,ret_y,ret_x,6,1.288171473632884e-06,2.508826242084384,0.012113305333374525,0.0,0.06149468264130298,49447,11,10,2,49424,cluster_by_day,high,VOX,VGT,5s
y_to_x,ret_y,ret_x,7,-8.142519610235615e-07,-1.64284954948107,0.10041406544023057,0.0,0.06149468264130298,49447,11,10,2,49424,cluster_by_day,high,VOX,VGT,5s
y_to_x,ret_y,ret_x,8,-1.283457503844535e-06,-1.749603418111357,0.08018676952197411,0.0,0.06149468264130298,49447,11,10,2,49424,cluster_by_day,high,VOX,VGT,5s
y_to_x,ret_y,ret_x,9,7.888498559322331e-07,0.72077067349971,0.47105062161252,0.0,0.06149468264130298,49447,11,10,2,49424,cluster_by_day,high,VOX,VGT,5s
y_to_x,ret_y,ret_x,10,-1.9736944928163908e-07,-0.3043039187844459,0.7608963598854371,0.0,0.06149468264130298,49447,11,10,2,49424,cluster_by_day,high,VOX,VGT,5s
