k,direction,coef,t_stat,p_value,r_squared,n_obs,n_days,k_used,dof,reliability_tier,p_joint_x_leads_y,p_joint_y_leads_x,etf,bar_freq
-10,y_leads_x,6.015956308606635e-07,1.2015782229718242,0.22952698295720209,0.26656818853458164,66614,19,10,66575,high,0.0,0.0,VAW,5s
-9,y_leads_x,2.7417624850827645e-07,0.18285386343796017,0.8549126841015628,0.26656818853458164,66614,19,10,66575,high,0.0,0.0,VAW,5s
-8,y_leads_x,-8.445667535107307e-07,-0.6405684021456672,0.5218031344344269,0.26656818853458164,66614,19,10,66575,high,0.0,0.0,VAW,5s
-7,y_leads_x,8.421972779645457e-07,1.3127271363833333,0.18927491016640496,0.26656818853458164,66614,19,10,66575,high,0.0,0.0,VAW,5s
-6,y_leads_x,1.0494834472863387e-06,1.7281926185001348,0.08395369668204779,0.26656818853458164,66614,19,10,66575,high,0.0,0.0,VAW,5s
-5,y_leads_x,1.6633122691731576e-06,3.920148312917192,8.84944905892696e-05,0.26656818853458164,66614,19,10,66575,high,0.0,0.0,VAW,5s
-4,y_leads_x,-5.8282472128353824e-08,-0.0885010560673728,0.9294784450138015,0.26656818853458164,66614,19,10,66575,high,0.0,0.0,VAW,5s
-3,y_leads_x,6.406612999296122e-07,0.5464957908307616,0.5847251802869995,0.26656818853458164,66614,19,10,66575,high,0.0,0.0,VAW,5s
-2,y_leads_x,4.0734716303723714e-07,0.39510293101559546,0.6927669258499896,0.26656818853458164,66614,19,10,66575,high,0.0,0.0,VAW,5s
-1,y_leads_x,2.815679020711593e-05,20.478113711515366,3.3747607723013727e-93,0.26656818853458164,66614,19,10,66575,high,0.0,0.0,VAW,5s
1,x_leads_y,2.80822904412403e-05,20.343448965174268,5.30642572387667e-92,0.26656818853458164,66614,19,10,66575,high,0.0,0.0,VAW,5s
2,x_leads_y,4.325951019548696e-07,0.43043594701662014,0.6668785512043173,0.26656818853458164,66614,19,10,66575,high,0.0,0.0,VAW,5s
3,x_leads_y,6.272387316087959e-07,0.5390167283581488,0.5898753119029111,0.26656818853458164,66614,19,10,66575,high,0.0,0.0,VAW,5s
4,x_leads_y,-2.499263494693624e-07,-0.35564899574340536,0.7221034461804617,0.26656818853458164,66614,19,10,66575,high,0.0,0.0,VAW,5s
5,x_leads_y,2.029412796838242e-06,3.989604678615491,6.61835068126838e-05,0.26656818853458164,66614,19,10,66575,high,0.0,0.0,VAW,5s
6,x_leads_y,8.011848235149426e-07,1.1926964072320356,0.23298829322237335,0.26656818853458164,66614,19,10,66575,high,0.0,0.0,VAW,5s
7,x_leads_y,7.293840301657801e-07,1.2230746211001888,0.22130151321464653,0.26656818853458164,66614,19,10,66575,high,0.0,0.0,VAW,5s
8,x_leads_y,-5.31837701695368e-07,-0.40582778383210744,0.6848691426426495,0.26656818853458164,66614,19,10,66575,high,0.0,0.0,VAW,5s
9,x_leads_y,-1.3106658330711132e-07,-0.08489171137912664,0.9323474813620206,0.26656818853458164,66614,19,10,66575,high,0.0,0.0,VAW,5s
10,x_leads_y,1.021388691137771e-06,1.854486173859127,0.06366963639439982,0.26656818853458164,66614,19,10,66575,high,0.0,0.0,VAW,5s
-10,y_leads_x,2.56880086196923e-07,0.3695573698023975,0.7117123196684115,0.1597409687810577,76952,19,10,76913,high,0.0,7.288356954198954e-256,VIS,5s
-9,y_leads_x,4.929715890766298e-07,0.7242312673843192,0.4689237656825992,0.1597409687810577,76952,19,10,76913,high,0.0,7.288356954198954e-256,VIS,5s
-8,y_leads_x,1.3189882269238916e-07,0.17658542299683716,0.8598340449042219,0.1597409687810577,76952,19,10,76913,high,0.0,7.288356954198954e-256,VIS,5s
-7,y_leads_x,-3.0515479207710554e-07,-0.5571483692798985,0.5774260622380225,0.1597409687810577,76952,19,10,76913,high,0.0,7.288356954198954e-256,VIS,5s
-6,y_leads_x,1.416414223728089e-06,2.6322572508553974,0.00848196120312824,0.1597409687810577,76952,19,10,76913,high,0.0,7.288356954198954e-256,VIS,5s
-5,y_leads_x,1.16192429655774e-06,1.371030741635432,0.17036537309081123,0.1597409687810577,76952,19,10,76913,high,0.0,7.288356954198954e-256,VIS,5s
-4,y_leads_x,-2.066927287625654e-07,-0.27322914591641967,0.7846770768567116,0.1597409687810577,76952,19,10,76913,high,0.0,7.288356954198954e-256,VIS,5s
-3,y_leads_x,1.4400841900039906e-06,1.53677692398344,0.12434794620083335,0.1597409687810577,76952,19,10,76913,high,0.0,7.288356954198954e-256,VIS,5s
-2,y_leads_x,1.1038211097598018e-06,1.5907609991822191,0.11166337317364251,0.1597409687810577,76952,19,10,76913,high,0.0,7.288356954198954e-256,VIS,5s
-1,y_leads_x,2.43020331605518e-05,16.16280938038856,9.225955151158706e-59,0.1597409687810577,76952,19,10,76913,high,0.0,7.288356954198954e-256,VIS,5s
1,x_leads_y,2.4257438319904686e-05,16.138094882120694,1.3772719632350152e-58,0.1597409687810577,76952,19,10,76913,high,0.0,7.288356954198954e-256,VIS,5s
2,x_leads_y,1.1402385400195387e-06,1.6835594279259452,0.09226684524393851,0.1597409687810577,76952,19,10,76913,high,0.0,7.288356954198954e-256,VIS,5s
3,x_leads_y,1.4310483702662293e-06,1.577627476611483,0.11465121623250331,0.1597409687810577,76952,19,10,76913,high,0.0,7.288356954198954e-256,VIS,5s
4,x_leads_y,-2.386580660603705e-07,-0.32300789781195755,0.7466892608196294,0.1597409687810577,76952,19,10,76913,high,0.0,7.288356954198954e-256,VIS,5s
5,x_leads_y,1.156397014761612e-06,1.3881997405413224,0.16507623128190396,0.1597409687810577,76952,19,10,76913,high,0.0,7.288356954198954e-256,VIS,5s
6,x_leads_y,1.4085155778180166e-06,2.5296192538383404,0.011418636268376714,0.1597409687810577,76952,19,10,76913,high,0.0,7.288356954198954e-256,VIS,5s
7,x_leads_y,-2.9538739515842896e-07,-0.5097145817230211,0.6102514357552612,0.1597409687810577,76952,19,10,76913,high,0.0,7.288356954198954e-256,VIS,5s
8,x_leads_y,2.741877254127906e-07,0.367599676655004,0.713171755960603,0.1597409687810577,76952,19,10,76913,high,0.0,7.288356954198954e-256,VIS,5s
9,x_leads_y,2.3769876483434985e-07,0.32538217139636144,0.7448918471913488,0.1597409687810577,76952,19,10,76913,high,0.0,7.288356954198954e-256,VIS,5s
10,x_leads_y,3.35909528266695e-07,0.4428860492305147,0.6578481586431835,0.1597409687810577,76952,19,10,76913,high,0.0,7.288356954198954e-256,VIS,5s
-10,y_leads_x,4.3771605162319544e-07,0.5632589673397173,0.573258554654454,0.18161686977596547,60246,15,10,60211,high,0.0,3.809491953430849e-257,VIS,5s
-9,y_leads_x,2.8852438762063065e-07,0.3294768573793085,0.7417952834952799,0.18161686977596547,60246,15,10,60211,high,0.0,3.809491953430849e-257,VIS,5s
-8,y_leads_x,3.163268390519541e-07,0.34060855352030955,0.7333982893338027,0.18161686977596547,60246,15,10,60211,high,0.0,3.809491953430849e-257,VIS,5s
-7,y_leads_x,-3.7430005910515375e-07,-0.5889225993151469,0.5559131968537694,0.18161686977596547,60246,15,10,60211,high,0.0,3.809491953430849e-257,VIS,5s
-6,y_leads_x,1.2438842909917613e-06,1.9894016733141675,0.04665688510504103,0.18161686977596547,60246,15,10,60211,high,0.0,3.809491953430849e-257,VIS,5s
-5,y_leads_x,6.775365562864418e-07,0.6226061376204982,0.5335433769204101,0.18161686977596547,60246,15,10,60211,high,0.0,3.809491953430849e-257,VIS,5s
-4,y_leads_x,9.164001837155779e-07,1.1875296455246764,0.23501877020602246,0.18161686977596547,60246,15,10,60211,high,0.0,3.809491953430849e-257,VIS,5s
-3,y_leads_x,1.3037344085550977e-07,0.14987578714335645,0.8808626149813799,0.18161686977596547,60246,15,10,60211,high,0.0,3.809491953430849e-257,VIS,5s
-2,y_leads_x,1.4855195679828254e-06,1.8066015619947078,0.07082442579698514,0.18161686977596547,60246,15,10,60211,high,0.0,3.809491953430849e-257,VIS,5s
-1,y_leads_x,2.5930210641355894e-05,16.731815835331645,7.685890273222271e-63,0.18161686977596547,60246,15,10,60211,high,0.0,3.809491953430849e-257,VIS,5s
1,x_leads_y,2.5895725740667115e-05,16.7313474505982,7.746575159552794e-63,0.18161686977596547,60246,15,10,60211,high,0.0,3.809491953430849e-257,VIS,5s
2,x_leads_y,1.443868515260909e-06,1.7927711489652591,0.07300952452471378,0.18161686977596547,60246,15,10,60211,high,0.0,3.809491953430849e-257,VIS,5s
3,x_leads_y,1.885423877561244e-07,0.2230826065243247,0.8234712152495235,0.18161686977596547,60246,15,10,60211,high,0.0,3.809491953430849e-257,VIS,5s
4,x_leads_y,8.442881863783963e-07,1.1240768087388806,0.260980442774992,0.18161686977596547,60246,15,10,60211,high,0.0,3.809491953430849e-257,VIS,5s
5,x_leads_y,7.47033150125523e-07,0.6982435957629495,0.48502486672400336,0.18161686977596547,60246,15,10,60211,high,0.0,3.809491953430849e-257,VIS,5s
6,x_leads_y,1.222631651500126e-06,1.9002272418490098,0.05740330475100529,0.18161686977596547,60246,15,10,60211,high,0.0,3.809491953430849e-257,VIS,5s
7,x_leads_y,-3.5661739172576995e-07,-0.5165404943511209,0.6054769640387306,0.18161686977596547,60246,15,10,60211,high,0.0,3.809491953430849e-257,VIS,5s
8,x_leads_y,5.315132534092443e-07,0.5847473086364823,0.5587176386583781,0.18161686977596547,60246,15,10,60211,high,0.0,3.809491953430849e-257,VIS,5s
9,x_leads_y,3.15905740567051e-08,0.0337916315647724,0.9730433091800974,0.18161686977596547,60246,15,10,60211,high,0.0,3.809491953430849e-257,VIS,5s
10,x_leads_y,5.934953644889889e-07,0.6967954668757125,0.4859308034218818,0.18161686977596547,60246,15,10,60211,high,0.0,3.809491953430849e-257,VIS,5s
-10,y_leads_x,2.898825358308847e-07,0.49765937667233145,0.6187241453535308,0.08642624762781048,69787,15,10,69752,high,0.0,0.0,VGT,5s
-9,y_leads_x,7.000853381747511e-07,0.48116137042572765,0.6304018134243543,0.08642624762781048,69787,15,10,69752,high,0.0,0.0,VGT,5s
-8,y_leads_x,-1.1027477707008555e-06,-1.0507334118898437,0.29338104599279535,0.08642624762781048,69787,15,10,69752,high,0.0,0.0,VGT,5s
-7,y_leads_x,-3.4955638713494896e-07,-0.9198927371712001,0.35762881461001095,0.08642624762781048,69787,15,10,69752,high,0.0,0.0,VGT,5s
-6,y_leads_x,2.5458519508763954e-06,5.249735605969126,1.5231767052823716e-07,0.08642624762781048,69787,15,10,69752,high,0.0,0.0,VGT,5s
-5,y_leads_x,1.878854462421907e-06,3.7254768738554733,0.00019494632576882865,0.08642624762781048,69787,15,10,69752,high,0.0,0.0,VGT,5s
-4,y_leads_x,-2.6453287167679403e-06,-2.624241333106138,0.00868422279237906,0.08642624762781048,69787,15,10,69752,high,0.0,0.0,VGT,5s
-3,y_leads_x,2.4786261715254853e-06,1.9268207682749758,0.05400197032780954,0.08642624762781048,69787,15,10,69752,high,0.0,0.0,VGT,5s
-2,y_leads_x,-5.686099833706278e-06,-6.303269633740898,2.9143124535971113e-10,0.08642624762781048,69787,15,10,69752,high,0.0,0.0,VGT,5s
-1,y_leads_x,2.945884679710018e-05,34.92829564510363,2.7659796277884866e-267,0.08642624762781048,69787,15,10,69752,high,0.0,0.0,VGT,5s
1,x_leads_y,2.9459154417516795e-05,35.14030660029505,1.634689337741716e-270,0.08642624762781048,69787,15,10,69752,high,0.0,0.0,VGT,5s
2,x_leads_y,-5.703200326956049e-06,-6.346892959469909,2.1970688339242717e-10,0.08642624762781048,69787,15,10,69752,high,0.0,0.0,VGT,5s
3,x_leads_y,2.4696706105930443e-06,1.9091389757430344,0.056244165975971296,0.08642624762781048,69787,15,10,69752,high,0.0,0.0,VGT,5s
4,x_leads_y,-2.6945804444943668e-06,-2.6414171500407875,0.00825599968764494,0.08642624762781048,69787,15,10,69752,high,0.0,0.0,VGT,5s
5,x_leads_y,1.8940232437895308e-06,3.938171083329813,8.210504603404103e-05,0.08642624762781048,69787,15,10,69752,high,0.0,0.0,VGT,5s
6,x_leads_y,2.470555958599764e-06,5.257353592990464,1.4614315600704085e-07,0.08642624762781048,69787,15,10,69752,high,0.0,0.0,VGT,5s
7,x_leads_y,-2.795781932874442e-07,-0.6390919519785002,0.5227631151688352,0.08642624762781048,69787,15,10,69752,high,0.0,0.0,VGT,5s
8,x_leads_y,-1.0318459832928897e-06,-0.9537611090834156,0.3402045796071428,0.08642624762781048,69787,15,10,69752,high,0.0,0.0,VGT,5s
9,x_leads_y,6.538704356973423e-07,0.44783396473419046,0.654273029000357,0.08642624762781048,69787,15,10,69752,high,0.0,0.0,VGT,5s
10,x_leads_y,3.9503840546511665e-07,0.6676243025165017,0.5043734407246266,0.08642624762781048,69787,15,10,69752,high,0.0,0.0,VGT,5s
-10,y_leads_x,3.427459624543652e-07,0.5761968562759374,0.5644821298836392,0.2774203417614103,51454,15,10,51419,high,0.0,0.0,VAW,5s
-9,y_leads_x,1.0194254102561148e-06,0.5798940354325515,0.5619860782467312,0.2774203417614103,51454,15,10,51419,high,0.0,0.0,VAW,5s
-8,y_leads_x,-1.357191947923932e-06,-0.8551472551649945,0.3924696316862317,0.2774203417614103,51454,15,10,51419,high,0.0,0.0,VAW,5s
-7,y_leads_x,9.9565894892921e-07,1.2296543947888803,0.21882655143281904,0.2774203417614103,51454,15,10,51419,high,0.0,0.0,VAW,5s
-6,y_leads_x,6.368296238839522e-07,1.5007422255144862,0.1334222470141055,0.2774203417614103,51454,15,10,51419,high,0.0,0.0,VAW,5s
-5,y_leads_x,1.9013725082309335e-06,5.092604910471771,3.5317717129519294e-07,0.2774203417614103,51454,15,10,51419,high,0.0,0.0,VAW,5s
-4,y_leads_x,1.206498350283546e-07,0.14576951391154405,0.8841033431665045,0.2774203417614103,51454,15,10,51419,high,0.0,0.0,VAW,5s
-3,y_leads_x,6.375911687248359e-07,0.426075932934369,0.6700525165781199,0.2774203417614103,51454,15,10,51419,high,0.0,0.0,VAW,5s
-2,y_leads_x,1.1635363059344067e-07,0.08593734055691754,0.9315162278235747,0.2774203417614103,51454,15,10,51419,high,0.0,0.0,VAW,5s
-1,y_leads_x,2.9534904472846746e-05,19.910187207634955,3.320718242294997e-88,0.2774203417614103,51454,15,10,51419,high,0.0,0.0,VAW,5s
1,x_leads_y,2.939284380588934e-05,19.365952871223524,1.4956198050365527e-83,0.2774203417614103,51454,15,10,51419,high,0.0,0.0,VAW,5s
2,x_leads_y,1.5846203571193445e-07,0.12064740825106295,0.9039703167211899,0.2774203417614103,51454,15,10,51419,high,0.0,0.0,VAW,5s
3,x_leads_y,6.069884977383878e-07,0.41125118558446894,0.680888359301831,0.2774203417614103,51454,15,10,51419,high,0.0,0.0,VAW,5s
4,x_leads_y,2.7870122860576905e-08,0.0332636563213899,0.9734643357652726,0.2774203417614103,51454,15,10,51419,high,0.0,0.0,VAW,5s
5,x_leads_y,2.136672630152725e-06,3.3793431321930933,0.0007265925942587961,0.2774203417614103,51454,15,10,51419,high,0.0,0.0,VAW,5s
6,x_leads_y,3.826808718629766e-07,0.6408135803718021,0.5216438085690941,0.2774203417614103,51454,15,10,51419,high,0.0,0.0,VAW,5s
7,x_leads_y,8.797078411604334e-07,1.1893107696483756,0.23431739893240944,0.2774203417614103,51454,15,10,51419,high,0.0,0.0,VAW,5s
8,x_leads_y,-9.323601308008798e-07,-0.5756519601590797,0.5648504525417362,0.2774203417614103,51454,15,10,51419,high,0.0,0.0,VAW,5s
9,x_leads_y,5.282632492449142e-07,0.2859274892854183,0.7749336588812749,0.2774203417614103,51454,15,10,51419,high,0.0,0.0,VAW,5s
10,x_leads_y,8.88261726325228e-07,1.2548799284326222,0.2095223513469886,0.2774203417614103,51454,15,10,51419,high,0.0,0.0,VAW,5s
-10,y_leads_x,7.599804846132346e-08,0.15080836026732938,0.8801268911582861,0.2191405542536239,67024,15,10,66989,high,0.0,0.0,VCR,5s
-9,y_leads_x,9.669551272733098e-07,0.6833451386465093,0.49438877769203526,0.2191405542536239,67024,15,10,66989,high,0.0,0.0,VCR,5s
-8,y_leads_x,-9.4391204018087e-07,-0.8764927186706014,0.3807622330454532,0.2191405542536239,67024,15,10,66989,high,0.0,0.0,VCR,5s
-7,y_leads_x,2.523210646951196e-07,0.4655576935937771,0.6415321313908459,0.2191405542536239,67024,15,10,66989,high,0.0,0.0,VCR,5s
-6,y_leads_x,1.068694429619514e-06,2.1073319999488853,0.03508881141236973,0.2191405542536239,67024,15,10,66989,high,0.0,0.0,VCR,5s
-5,y_leads_x,1.568864725299971e-06,2.8242211802623185,0.004739566536955417,0.2191405542536239,67024,15,10,66989,high,0.0,0.0,VCR,5s
-4,y_leads_x,-9.597861329538487e-07,-1.229323066838,0.2189507021207574,0.2191405542536239,67024,15,10,66989,high,0.0,0.0,VCR,5s
-3,y_leads_x,2.27081785552265e-06,2.228323833580152,0.025858928123098895,0.2191405542536239,67024,15,10,66989,high,0.0,0.0,VCR,5s
-2,y_leads_x,-3.89008805661425e-06,-2.6886763726303453,0.007173592854338261,0.2191405542536239,67024,15,10,66989,high,0.0,0.0,VCR,5s
-1,y_leads_x,3.068398152542866e-05,27.5929539024057,1.3518811480672031e-167,0.2191405542536239,67024,15,10,66989,high,0.0,0.0,VCR,5s
1,x_leads_y,3.0668850691903535e-05,27.505126558407902,1.524475929758893e-166,0.2191405542536239,67024,15,10,66989,high,0.0,0.0,VCR,5s
2,x_leads_y,-3.912362834073068e-06,-2.732708453226767,0.006281590812851621,0.2191405542536239,67024,15,10,66989,high,0.0,0.0,VCR,5s
3,x_leads_y,2.3019680096331635e-06,2.3363979054581807,0.01947051301918955,0.2191405542536239,67024,15,10,66989,high,0.0,0.0,VCR,5s
4,x_leads_y,-9.654726227212574e-07,-1.2503513046501111,0.21117124456319003,0.2191405542536239,67024,15,10,66989,high,0.0,0.0,VCR,5s
5,x_leads_y,1.4487745727450456e-06,2.4545647776014037,0.014105524826754288,0.2191405542536239,67024,15,10,66989,high,0.0,0.0,VCR,5s
6,x_leads_y,1.0064112563870225e-06,2.117868810400394,0.034186179724513974,0.2191405542536239,67024,15,10,66989,high,0.0,0.0,VCR,5s
7,x_leads_y,3.5562918227109587e-07,0.7922250859251161,0.4282294438425662,0.2191405542536239,67024,15,10,66989,high,0.0,0.0,VCR,5s
8,x_leads_y,-9.100380831871037e-07,-0.8790795499850104,0.379358144976883,0.2191405542536239,67024,15,10,66989,high,0.0,0.0,VCR,5s
9,x_leads_y,7.151591819186925e-07,0.494589743877906,0.6208897432873733,0.2191405542536239,67024,15,10,66989,high,0.0,0.0,VCR,5s
10,x_leads_y,2.4909569459929023e-07,0.4571940283672335,0.6475315901950575,0.2191405542536239,67024,15,10,66989,high,0.0,0.0,VCR,5s
-10,y_leads_x,1.0255461636900704e-07,0.17788123638209474,0.8588162470288309,0.06948466105849527,166348,37,10,166291,high,0.0,0.0,VDE,5s
-9,y_leads_x,-4.917551468487247e-07,-0.939359398784634,0.34754625125367467,0.06948466105849527,166348,37,10,166291,high,0.0,0.0,VDE,5s
-8,y_leads_x,-2.4372140918485186e-07,-0.5096812842162881,0.6102747670405733,0.06948466105849527,166348,37,10,166291,high,0.0,0.0,VDE,5s
-7,y_leads_x,-1.6271399148728617e-06,-3.56411327151915,0.00036508828337659667,0.06948466105849527,166348,37,10,166291,high,0.0,0.0,VDE,5s
-6,y_leads_x,6.401858082700924e-07,1.2239338988724453,0.22097716438794834,0.06948466105849527,166348,37,10,166291,high,0.0,0.0,VDE,5s
-5,y_leads_x,6.127228888688511e-07,1.335254974751906,0.18179290956583816,0.06948466105849527,166348,37,10,166291,high,0.0,0.0,VDE,5s
-4,y_leads_x,-1.047272319567844e-06,-2.177364704789253,0.02945336693918113,0.06948466105849527,166348,37,10,166291,high,0.0,0.0,VDE,5s
-3,y_leads_x,-9.027956219031084e-07,-1.7084231730865804,0.08755785049030806,0.06948466105849527,166348,37,10,166291,high,0.0,0.0,VDE,5s
-2,y_leads_x,-2.482784092911579e-06,-4.8541310221391,1.2091577571090622e-06,0.06948466105849527,166348,37,10,166291,high,0.0,0.0,VDE,5s
-1,y_leads_x,2.4404487188308663e-05,37.57971360690334,4.61076493456062e-309,0.06948466105849527,166348,37,10,166291,high,0.0,0.0,VDE,5s
1,x_leads_y,2.4357145463688472e-05,37.12369210749864,1.1654230290736912e-301,0.06948466105849527,166348,37,10,166291,high,0.0,0.0,VDE,5s
2,x_leads_y,-2.538902609430801e-06,-5.030557388592712,4.890559711103155e-07,0.06948466105849527,166348,37,10,166291,high,0.0,0.0,VDE,5s
3,x_leads_y,-9.019038868302246e-07,-1.7041186185269717,0.0883589289377176,0.06948466105849527,166348,37,10,166291,high,0.0,0.0,VDE,5s
4,x_leads_y,-1.0736377198554998e-06,-2.287040329383515,0.022193469230221485,0.06948466105849527,166348,37,10,166291,high,0.0,0.0,VDE,5s
5,x_leads_y,5.284699323618344e-07,1.0866688180731459,0.2771831993561019,0.06948466105849527,166348,37,10,166291,high,0.0,0.0,VDE,5s
6,x_leads_y,6.114065878569998e-07,1.1735769202946753,0.24056453014129453,0.06948466105849527,166348,37,10,166291,high,0.0,0.0,VDE,5s
7,x_leads_y,-1.6193027509705743e-06,-3.5634383813797474,0.00036602864546261387,0.06948466105849527,166348,37,10,166291,high,0.0,0.0,VDE,5s
8,x_leads_y,-1.9767303467947566e-07,-0.410495711694059,0.6814423485915675,0.06948466105849527,166348,37,10,166291,high,0.0,0.0,VDE,5s
9,x_leads_y,-4.010042512554765e-07,-0.7211342365776118,0.4708269284651908,0.06948466105849527,166348,37,10,166291,high,0.0,0.0,VDE,5s
10,x_leads_y,-1.6244372721661574e-07,-0.28657928892511053,0.7744344745927105,0.06948466105849527,166348,37,10,166291,high,0.0,0.0,VDE,5s
-10,y_leads_x,-8.51378169157306e-08,-0.23046960079573628,0.8177268827694812,0.17342475199135843,40013,11,10,39982,high,0.0,0.0,VDC,5s
-9,y_leads_x,8.371098116995926e-07,2.1029289161241738,0.035471983705811984,0.17342475199135843,40013,11,10,39982,high,0.0,0.0,VDC,5s
-8,y_leads_x,-8.310991756121017e-07,-1.9256953096514984,0.05414242989522424,0.17342475199135843,40013,11,10,39982,high,0.0,0.0,VDC,5s
-7,y_leads_x,7.110456381823998e-07,1.6809119076069643,0.092780026707657,0.17342475199135843,40013,11,10,39982,high,0.0,0.0,VDC,5s
-6,y_leads_x,1.1453460777797976e-06,1.525030915876272,0.1272513867001653,0.17342475199135843,40013,11,10,39982,high,0.0,0.0,VDC,5s
-5,y_leads_x,-1.7479530093853498e-07,-0.21799724469799361,0.827431258216375,0.17342475199135843,40013,11,10,39982,high,0.0,0.0,VDC,5s
-4,y_leads_x,6.476871934317344e-07,0.9520633446813594,0.3410648574302677,0.17342475199135843,40013,11,10,39982,high,0.0,0.0,VDC,5s
-3,y_leads_x,9.420776167988935e-07,1.1333527915408854,0.2570661305191725,0.17342475199135843,40013,11,10,39982,high,0.0,0.0,VDC,5s
-2,y_leads_x,-2.339277919811651e-06,-2.1532960037700666,0.031295422664676976,0.17342475199135843,40013,11,10,39982,high,0.0,0.0,VDC,5s
-1,y_leads_x,2.1253757823484326e-05,17.451389510148005,3.359596188387112e-68,0.17342475199135843,40013,11,10,39982,high,0.0,0.0,VDC,5s
1,x_leads_y,2.109069503998915e-05,17.2635387450269,8.851620138073181e-67,0.17342475199135843,40013,11,10,39982,high,0.0,0.0,VDC,5s
2,x_leads_y,-2.2128524911220652e-06,-1.9403644769994821,0.052335410525466024,0.17342475199135843,40013,11,10,39982,high,0.0,0.0,VDC,5s
3,x_leads_y,8.156085014959124e-07,0.7931662161063056,0.4276809879238356,0.17342475199135843,40013,11,10,39982,high,0.0,0.0,VDC,5s
4,x_leads_y,8.972150403198774e-07,1.1787783407598518,0.23848645110875988,0.17342475199135843,40013,11,10,39982,high,0.0,0.0,VDC,5s
5,x_leads_y,-5.305658878960552e-07,-0.6482815003423142,0.5168028970547709,0.17342475199135843,40013,11,10,39982,high,0.0,0.0,VDC,5s
6,x_leads_y,1.0693219275114873e-06,1.427451085994032,0.1534499146695831,0.17342475199135843,40013,11,10,39982,high,0.0,0.0,VDC,5s
7,x_leads_y,1.0339440825518936e-06,2.0467192538707883,0.040685657687912526,0.17342475199135843,40013,11,10,39982,high,0.0,0.0,VDC,5s
8,x_leads_y,-1.04739837443725e-06,-2.4394220080742297,0.01471077773864152,0.17342475199135843,40013,11,10,39982,high,0.0,0.0,VDC,5s
9,x_leads_y,9.4819730664759e-07,1.982923994154919,0.047375920054989085,0.17342475199135843,40013,11,10,39982,high,0.0,0.0,VDC,5s
10,x_leads_y,-3.1119196878397094e-07,-0.6740931570123546,0.5002520897539955,0.17342475199135843,40013,11,10,39982,high,0.0,0.0,VDC,5s
-10,y_leads_x,-6.559226608021603e-07,-1.2786723961674809,0.20101244416016106,0.09340064760078082,49356,11,10,49325,high,0.0,0.0,VOX,5s
-9,y_leads_x,1.242319316030502e-06,1.236375316797608,0.21631908674491562,0.09340064760078082,49356,11,10,49325,high,0.0,0.0,VOX,5s
-8,y_leads_x,-1.2296210875127904e-06,-1.315568689996167,0.18831884817891553,0.09340064760078082,49356,11,10,49325,high,0.0,0.0,VOX,5s
-7,y_leads_x,-1.0433464546422246e-06,-1.9015588472511804,0.05722885229961821,0.09340064760078082,49356,11,10,49325,high,0.0,0.0,VOX,5s
-6,y_leads_x,1.875843740912986e-06,4.259241474050735,2.051217856666246e-05,0.09340064760078082,49356,11,10,49325,high,0.0,0.0,VOX,5s
-5,y_leads_x,1.6057481576062668e-06,2.466959761775497,0.013626566926645881,0.09340064760078082,49356,11,10,49325,high,0.0,0.0,VOX,5s
-4,y_leads_x,-2.6023524426456525e-06,-3.3762201169698547,0.000734890994529174,0.09340064760078082,49356,11,10,49325,high,0.0,0.0,VOX,5s
-3,y_leads_x,1.8717943943076862e-06,2.0440625584741308,0.040947367395044,0.09340064760078082,49356,11,10,49325,high,0.0,0.0,VOX,5s
-2,y_leads_x,-3.866704903737734e-06,-3.0213231444629574,0.002516726132178347,0.09340064760078082,49356,11,10,49325,high,0.0,0.0,VOX,5s
-1,y_leads_x,2.420847387578195e-05,16.412789324865923,1.5492148467084367e-60,0.09340064760078082,49356,11,10,49325,high,0.0,0.0,VOX,5s
1,x_leads_y,2.424191135803317e-05,16.510660982717276,3.074968571202559e-61,0.09340064760078082,49356,11,10,49325,high,0.0,0.0,VOX,5s
2,x_leads_y,-3.9191429701678465e-06,-3.0553962706239424,0.0022476333606043634,0.09340064760078082,49356,11,10,49325,high,0.0,0.0,VOX,5s
3,x_leads_y,1.8621394375490977e-06,2.010971614805193,0.044328455014237364,0.09340064760078082,49356,11,10,49325,high,0.0,0.0,VOX,5s
4,x_leads_y,-2.6075340540562016e-06,-3.336334761819004,0.000848908758345543,0.09340064760078082,49356,11,10,49325,high,0.0,0.0,VOX,5s
5,x_leads_y,1.5763143636991096e-06,2.319345580815659,0.02037630581327907,0.09340064760078082,49356,11,10,49325,high,0.0,0.0,VOX,5s
6,x_leads_y,1.7450699152359303e-06,4.013367095627206,5.985871169524351e-05,0.09340064760078082,49356,11,10,49325,high,0.0,0.0,VOX,5s
7,x_leads_y,-8.962942052223002e-07,-1.8134688707072737,0.06975953563187647,0.09340064760078082,49356,11,10,49325,high,0.0,0.0,VOX,5s
8,x_leads_y,-1.229293767368659e-06,-1.3144130150261533,0.1887072529649313,0.09340064760078082,49356,11,10,49325,high,0.0,0.0,VOX,5s
9,x_leads_y,1.3536953580662788e-06,1.3551043033190187,0.17538432784037739,0.09340064760078082,49356,11,10,49325,high,0.0,0.0,VOX,5s
10,x_leads_y,-5.494485008282492e-07,-1.141863957786824,0.25351057219009554,0.09340064760078082,49356,11,10,49325,high,0.0,0.0,VOX,5s
-10,y_leads_x,6.371177973196149e-07,0.9998774683533375,0.3173698096385026,0.10449668819815627,50994,11,10,50963,high,0.0,0.0,VGT,5s
-9,y_leads_x,-4.887793758460939e-07,-0.7152262028628832,0.47446928036893954,0.10449668819815627,50994,11,10,50963,high,0.0,0.0,VGT,5s
-8,y_leads_x,-7.812869115009709e-07,-1.3743364870820203,0.16933724383284066,0.10449668819815627,50994,11,10,50963,high,0.0,0.0,VGT,5s
-7,y_leads_x,2.4870500540366673e-07,0.3099550542357091,0.7565951357222988,0.10449668819815627,50994,11,10,50963,high,0.0,0.0,VGT,5s
-6,y_leads_x,1.4568643862112921e-06,1.5542759273279445,0.12011861307971446,0.10449668819815627,50994,11,10,50963,high,0.0,0.0,VGT,5s
-5,y_leads_x,6.74329498551501e-07,0.8468216989390279,0.39709451161004516,0.10449668819815627,50994,11,10,50963,high,0.0,0.0,VGT,5s
-4,y_leads_x,-9.219255674467442e-07,-1.2145349623129031,0.22454350735123962,0.10449668819815627,50994,11,10,50963,high,0.0,0.0,VGT,5s
-3,y_leads_x,8.571408203493671e-07,0.8261199839050983,0.4087360325539777,0.10449668819815627,50994,11,10,50963,high,0.0,0.0,VGT,5s
-2,y_leads_x,-3.990004628296425e-06,-5.726321950700266,1.0263136792357987e-08,0.10449668819815627,50994,11,10,50963,high,0.0,0.0,VGT,5s
-1,y_leads_x,2.5112373490959405e-05,35.66501375417678,1.37892833270742e-278,0.10449668819815627,50994,11,10,50963,high,0.0,0.0,VGT,5s
1,x_leads_y,2.510497682822202e-05,35.562400691079944,5.344296282251575e-277,0.10449668819815627,50994,11,10,50963,high,0.0,0.0,VGT,5s
2,x_leads_y,-3.980885119631433e-06,-5.72555300378384,1.0309734993093248e-08,0.10449668819815627,50994,11,10,50963,high,0.0,0.0,VGT,5s
3,x_leads_y,8.801733393384543e-07,0.8568132799526884,0.3915480852126254,0.10449668819815627,50994,11,10,50963,high,0.0,0.0,VGT,5s
4,x_leads_y,-8.943863236220746e-07,-1.173290920799964,0.24067916192491012,0.10449668819815627,50994,11,10,50963,high,0.0,0.0,VGT,5s
5,x_leads_y,6.3049945449769e-07,0.7704669422470238,0.4410229572410931,0.10449668819815627,50994,11,10,50963,high,0.0,0.0,VGT,5s
6,x_leads_y,1.6061818346067713e-06,1.646442109632295,0.0996727694643336,0.10449668819815627,50994,11,10,50963,high,0.0,0.0,VGT,5s
7,x_leads_y,1.2942437206878334e-07,0.14061372878083622,0.8881751020036837,0.10449668819815627,50994,11,10,50963,high,0.0,0.0,VGT,5s
8,x_leads_y,-5.169372285191521e-07,-0.9794534634690911,0.3273559717084711,0.10449668819815627,50994,11,10,50963,high,0.0,0.0,VGT,5s
9,x_leads_y,-4.0512469562144293e-07,-0.5552116218963049,0.578749920508433,0.10449668819815627,50994,11,10,50963,high,0.0,0.0,VGT,5s
10,x_leads_y,5.453251505557961e-07,0.8511004687612603,0.39471354506419254,0.10449668819815627,50994,11,10,50963,high,0.0,0.0,VGT,5s
-10,y_leads_x,-1.536143239406003e-07,-0.24143962125542806,0.8092144075327996,0.043416334770486675,76904,19,10,76865,high,6.179537334142811e-211,4.59446200357735e-241,VFH,5s
-9,y_leads_x,4.984050087564306e-07,1.0353931257128817,0.3004853547697124,0.043416334770486675,76904,19,10,76865,high,6.179537334142811e-211,4.59446200357735e-241,VFH,5s
-8,y_leads_x,1.7801646892075727e-08,0.02347367014160665,0.9812724408797733,0.043416334770486675,76904,19,10,76865,high,6.179537334142811e-211,4.59446200357735e-241,VFH,5s
-7,y_leads_x,-4.0329836952935036e-07,-0.5256095138613103,0.5991595451143742,0.043416334770486675,76904,19,10,76865,high,6.179537334142811e-211,4.59446200357735e-241,VFH,5s
-6,y_leads_x,1.9415035873928125e-07,0.43261580746317924,0.6652939035947196,0.043416334770486675,76904,19,10,76865,high,6.179537334142811e-211,4.59446200357735e-241,VFH,5s
-5,y_leads_x,5.143590393999256e-07,1.312252625933097,0.18943491074821672,0.043416334770486675,76904,19,10,76865,high,6.179537334142811e-211,4.59446200357735e-241,VFH,5s
-4,y_leads_x,-5.04637816010524e-09,-0.008359512637749105,0.9933301516137085,0.043416334770486675,76904,19,10,76865,high,6.179537334142811e-211,4.59446200357735e-241,VFH,5s
-3,y_leads_x,-1.9546642445748927e-06,-2.843687193796959,0.004459480503603724,0.043416334770486675,76904,19,10,76865,high,6.179537334142811e-211,4.59446200357735e-241,VFH,5s
-2,y_leads_x,-2.2927688538417253e-06,-3.2109578554928095,0.0013229333512780228,0.043416334770486675,76904,19,10,76865,high,6.179537334142811e-211,4.59446200357735e-241,VFH,5s
-1,y_leads_x,1.3480286138257677e-05,22.094430608473147,3.575492969247238e-108,0.043416334770486675,76904,19,10,76865,high,6.179537334142811e-211,4.59446200357735e-241,VFH,5s
1,x_leads_y,1.3545004246082181e-05,21.433999092717993,6.440371469351299e-102,0.043416334770486675,76904,19,10,76865,high,6.179537334142811e-211,4.59446200357735e-241,VFH,5s
2,x_leads_y,-2.3038097367495382e-06,-2.92883810514575,0.0034023158042423966,0.043416334770486675,76904,19,10,76865,high,6.179537334142811e-211,4.59446200357735e-241,VFH,5s
3,x_leads_y,-2.1775377933602237e-06,-4.3164007883873,1.5859391239172737e-05,0.043416334770486675,76904,19,10,76865,high,6.179537334142811e-211,4.59446200357735e-241,VFH,5s
4,x_leads_y,2.1832814604450244e-07,0.4961664431419884,0.6197769843841927,0.043416334770486675,76904,19,10,76865,high,6.179537334142811e-211,4.59446200357735e-241,VFH,5s
5,x_leads_y,5.25416617798575e-07,1.1339174146768967,0.25682919148451167,0.043416334770486675,76904,19,10,76865,high,6.179537334142811e-211,4.59446200357735e-241,VFH,5s
6,x_leads_y,4.444918672080143e-07,0.8630754158740387,0.3880960036196477,0.043416334770486675,76904,19,10,76865,high,6.179537334142811e-211,4.59446200357735e-241,VFH,5s
7,x_leads_y,-7.512055273881942e-07,-0.9691830285249784,0.3324538772448413,0.043416334770486675,76904,19,10,76865,high,6.179537334142811e-211,4.59446200357735e-241,VFH,5s
8,x_leads_y,1.1325208085578149e-07,0.19325298590282633,0.8467608440110337,0.043416334770486675,76904,19,10,76865,high,6.179537334142811e-211,4.59446200357735e-241,VFH,5s
9,x_leads_y,3.3296593488534554e-07,0.6919808154939917,0.4889493768409021,0.043416334770486675,76904,19,10,76865,high,6.179537334142811e-211,4.59446200357735e-241,VFH,5s
10,x_leads_y,-3.550709652869115e-07,-0.5053011315269996,0.6133473481946404,0.043416334770486675,76904,19,10,76865,high,6.179537334142811e-211,4.59446200357735e-241,VFH,5s
-10,y_leads_x,-1.5053764460327126e-07,-0.1927252854734927,0.8471741197367468,0.04896449477419362,61237,15,10,61202,high,1.386975199905727e-195,9.822341427397348e-220,VFH,5s
-9,y_leads_x,-1.7019139435700289e-07,-0.26831479437053435,0.7884570193501517,0.04896449477419362,61237,15,10,61202,high,1.386975199905727e-195,9.822341427397348e-220,VFH,5s
-8,y_leads_x,-2.4469775545975585e-07,-0.36646768264195484,0.714016123362416,0.04896449477419362,61237,15,10,61202,high,1.386975199905727e-195,9.822341427397348e-220,VFH,5s
-7,y_leads_x,-6.619629196724956e-07,-1.0320733938960704,0.3020377366590987,0.04896449477419362,61237,15,10,61202,high,1.386975199905727e-195,9.822341427397348e-220,VFH,5s
-6,y_leads_x,3.695926614331606e-07,0.8258989252977291,0.4088614303052047,0.04896449477419362,61237,15,10,61202,high,1.386975199905727e-195,9.822341427397348e-220,VFH,5s
-5,y_leads_x,2.898361565448476e-07,0.6412687051813603,0.5213481180224413,0.04896449477419362,61237,15,10,61202,high,1.386975199905727e-195,9.822341427397348e-220,VFH,5s
-4,y_leads_x,-4.2160784184837326e-08,-0.056896552204799083,0.9546276008078137,0.04896449477419362,61237,15,10,61202,high,1.386975199905727e-195,9.822341427397348e-220,VFH,5s
-3,y_leads_x,-1.6181075442466162e-06,-2.2057251495916645,0.027403249895391578,0.04896449477419362,61237,15,10,61202,high,1.386975199905727e-195,9.822341427397348e-220,VFH,5s
-2,y_leads_x,-2.284200820427886e-06,-2.7230233785481386,0.0064687480082571604,0.04896449477419362,61237,15,10,61202,high,1.386975199905727e-195,9.822341427397348e-220,VFH,5s
-1,y_leads_x,1.5044330859367652e-05,16.82895313183828,1.4972598649843928e-63,0.04896449477419362,61237,15,10,61202,high,1.386975199905727e-195,9.822341427397348e-220,VFH,5s
1,x_leads_y,1.5081023970930204e-05,16.90758123454797,3.9561558979918415e-64,0.04896449477419362,61237,15,10,61202,high,1.386975199905727e-195,9.822341427397348e-220,VFH,5s
2,x_leads_y,-2.326894016874514e-06,-2.471651252563414,0.013449064522295698,0.04896449477419362,61237,15,10,61202,high,1.386975199905727e-195,9.822341427397348e-220,VFH,5s
3,x_leads_y,-1.5578730154727939e-06,-2.5812257955934603,0.00984501664255244,0.04896449477419362,61237,15,10,61202,high,1.386975199905727e-195,9.822341427397348e-220,VFH,5s
4,x_leads_y,-2.5181823086332724e-07,-0.38050363351578087,0.7035715998728256,0.04896449477419362,61237,15,10,61202,high,1.386975199905727e-195,9.822341427397348e-220,VFH,5s
5,x_leads_y,5.186546029367176e-07,0.9750746578390326,0.32952322822442914,0.04896449477419362,61237,15,10,61202,high,1.386975199905727e-195,9.822341427397348e-220,VFH,5s
6,x_leads_y,5.037906461208185e-07,0.9405694269800766,0.3469255555002253,0.04896449477419362,61237,15,10,61202,high,1.386975199905727e-195,9.822341427397348e-220,VFH,5s
7,x_leads_y,-7.675202378967816e-07,-1.0171821326338504,0.3090667941678801,0.04896449477419362,61237,15,10,61202,high,1.386975199905727e-195,9.822341427397348e-220,VFH,5s
8,x_leads_y,-3.3955902831166935e-07,-0.6356156748886628,0.5250269502778799,0.04896449477419362,61237,15,10,61202,high,1.386975199905727e-195,9.822341427397348e-220,VFH,5s
9,x_leads_y,-2.5434664999037196e-07,-0.4045593224406931,0.6858014640619594,0.04896449477419362,61237,15,10,61202,high,1.386975199905727e-195,9.822341427397348e-220,VFH,5s
10,x_leads_y,-2.380675209064769e-07,-0.28508810051804534,0.7755766463523845,0.04896449477419362,61237,15,10,61202,high,1.386975199905727e-195,9.822341427397348e-220,VFH,5s
-10,y_leads_x,5.468750461272692e-08,0.0771676450369313,0.9384901803922907,0.0665779169488303,65865,15,10,65830,high,0.0,0.0,VDE,5s
-9,y_leads_x,-6.427341659343002e-07,-0.9364342431896301,0.34904965402808164,0.0665779169488303,65865,15,10,65830,high,0.0,0.0,VDE,5s
-8,y_leads_x,5.359912319849844e-07,1.1985065302750546,0.23071988227355344,0.0665779169488303,65865,15,10,65830,high,0.0,0.0,VDE,5s
-7,y_leads_x,-2.0385759969856647e-06,-7.135602119612312,9.636438446046744e-13,0.0665779169488303,65865,15,10,65830,high,0.0,0.0,VDE,5s
-6,y_leads_x,-3.1023491291791465e-07,-0.3597780817828653,0.7190130953417809,0.0665779169488303,65865,15,10,65830,high,0.0,0.0,VDE,5s
-5,y_leads_x,1.7031198825584153e-06,3.0830881837748105,0.002048644380953007,0.0665779169488303,65865,15,10,65830,high,0.0,0.0,VDE,5s
-4,y_leads_x,-1.1955854986839481e-06,-1.3905343680031808,0.16436667056851118,0.0665779169488303,65865,15,10,65830,high,0.0,0.0,VDE,5s
-3,y_leads_x,-2.0031396696864856e-06,-2.7597761980264552,0.00578409708352027,0.0665779169488303,65865,15,10,65830,high,0.0,0.0,VDE,5s
-2,y_leads_x,-2.6487048307299113e-06,-2.7493446576376774,0.0059714560091471145,0.0665779169488303,65865,15,10,65830,high,0.0,0.0,VDE,5s
-1,y_leads_x,2.1951207865704057e-05,30.838388884011557,8.017042019123069e-209,0.0665779169488303,65865,15,10,65830,high,0.0,0.0,VDE,5s
1,x_leads_y,2.1886250876791516e-05,30.814330827144218,1.6843598111621728e-208,0.0665779169488303,65865,15,10,65830,high,0.0,0.0,VDE,5s
2,x_leads_y,-2.801218412323116e-06,-2.968812367443407,0.002989530804521144,0.0665779169488303,65865,15,10,65830,high,0.0,0.0,VDE,5s
3,x_leads_y,-1.941558139459634e-06,-2.5137879606228597,0.011944222310927054,0.0665779169488303,65865,15,10,65830,high,0.0,0.0,VDE,5s
4,x_leads_y,-1.3493005234190942e-06,-1.5947903479773222,0.11075912616160405,0.0665779169488303,65865,15,10,65830,high,0.0,0.0,VDE,5s
5,x_leads_y,1.5461395972409642e-06,2.274833931071982,0.02291589392575211,0.0665779169488303,65865,15,10,65830,high,0.0,0.0,VDE,5s
6,x_leads_y,-3.8220068677649863e-07,-0.4236546019646573,0.6718177281887179,0.0665779169488303,65865,15,10,65830,high,0.0,0.0,VDE,5s
7,x_leads_y,-1.9252821672840028e-06,-6.1346062796194545,8.5370356209757e-10,0.0665779169488303,65865,15,10,65830,high,0.0,0.0,VDE,5s
8,x_leads_y,5.941482274371491e-07,1.3455920431891522,0.17843411914590934,0.0665779169488303,65865,15,10,65830,high,0.0,0.0,VDE,5s
9,x_leads_y,-5.68932903112599e-07,-0.8176113094259897,0.41357916769700764,0.0665779169488303,65865,15,10,65830,high,0.0,0.0,VDE,5s
10,x_leads_y,-1.8545668709686827e-07,-0.3137340274187991,0.7537230545060748,0.0665779169488303,65865,15,10,65830,high,0.0,0.0,VDE,5s
-10,y_leads_x,5.115472863192126e-07,1.5718042345701764,0.11599595918793693,0.20246202851638873,54967,15,10,54932,high,0.0,0.0,VDC,5s
-9,y_leads_x,4.98755137853338e-07,1.1444210862503958,0.25244904750891717,0.20246202851638873,54967,15,10,54932,high,0.0,0.0,VDC,5s
-8,y_leads_x,-5.703016854424033e-07,-1.4953515878037607,0.1348227081680758,0.20246202851638873,54967,15,10,54932,high,0.0,0.0,VDC,5s
-7,y_leads_x,3.4830802966305826e-07,0.8235253083949905,0.4102093311406071,0.20246202851638873,54967,15,10,54932,high,0.0,0.0,VDC,5s
-6,y_leads_x,-2.2150911239632784e-07,-0.4632339025385427,0.6431967177669502,0.20246202851638873,54967,15,10,54932,high,0.0,0.0,VDC,5s
-5,y_leads_x,7.460421556472189e-08,0.14855027337859453,0.8819085136050531,0.20246202851638873,54967,15,10,54932,high,0.0,0.0,VDC,5s
-4,y_leads_x,5.981760990108738e-07,2.0670945234471256,0.03872524805393813,0.20246202851638873,54967,15,10,54932,high,0.0,0.0,VDC,5s
-3,y_leads_x,6.244495446620006e-07,1.7459228982842727,0.08082435034935041,0.20246202851638873,54967,15,10,54932,high,0.0,0.0,VDC,5s
-2,y_leads_x,-4.810772779236966e-07,-0.7491282904782637,0.45377988507920874,0.20246202851638873,54967,15,10,54932,high,0.0,0.0,VDC,5s
-1,y_leads_x,1.8613252228605233e-05,25.752507315653517,3.0215848899213017e-146,0.20246202851638873,54967,15,10,54932,high,0.0,0.0,VDC,5s
1,x_leads_y,1.8495335955234306e-05,25.380487289864142,4.1420765614567895e-142,0.20246202851638873,54967,15,10,54932,high,0.0,0.0,VDC,5s
2,x_leads_y,-4.3321498864471975e-07,-0.6448463640605361,0.5190267527773905,0.20246202851638873,54967,15,10,54932,high,0.0,0.0,VDC,5s
3,x_leads_y,4.763306429450336e-07,1.3544198129676035,0.1756024800646061,0.20246202851638873,54967,15,10,54932,high,0.0,0.0,VDC,5s
4,x_leads_y,7.516223301092963e-07,2.6092216020337062,0.009074845379114299,0.20246202851638873,54967,15,10,54932,high,0.0,0.0,VDC,5s
5,x_leads_y,2.24778087861488e-07,0.4270961938374853,0.6693092651093084,0.20246202851638873,54967,15,10,54932,high,0.0,0.0,VDC,5s
6,x_leads_y,-1.3101575370384387e-07,-0.3364050185614079,0.7365654655315901,0.20246202851638873,54967,15,10,54932,high,0.0,0.0,VDC,5s
7,x_leads_y,7.807964588723922e-08,0.18865442501576055,0.8503636736353092,0.20246202851638873,54967,15,10,54932,high,0.0,0.0,VDC,5s
8,x_leads_y,-6.787598790922754e-07,-1.5672255462520286,0.11706198122022272,0.20246202851638873,54967,15,10,54932,high,0.0,0.0,VDC,5s
9,x_leads_y,4.24293659541524e-07,0.9555917977926064,0.3392785070486636,0.20246202851638873,54967,15,10,54932,high,0.0,0.0,VDC,5s
10,x_leads_y,4.398445047857471e-07,1.1268095882117097,0.259822995740954,0.20246202851638873,54967,15,10,54932,high,0.0,0.0,VDC,5s
-10,y_leads_x,-1.167553190505655e-06,-1.5394793939763907,0.12368730466144963,0.04488312235982661,74234,16,10,74198,high,0.0,0.0,VNQ,5s
-9,y_leads_x,3.5146490192838203e-07,0.6982385980248952,0.48502799169109845,0.04488312235982661,74234,16,10,74198,high,0.0,0.0,VNQ,5s
-8,y_leads_x,-1.1492545780693954e-06,-1.7298685982979738,0.08365375481331452,0.04488312235982661,74234,16,10,74198,high,0.0,0.0,VNQ,5s
-7,y_leads_x,-1.9793342286360945e-06,-2.9144219250020895,0.0035634793088006704,0.04488312235982661,74234,16,10,74198,high,0.0,0.0,VNQ,5s
-6,y_leads_x,3.4899381759787554e-07,0.5621472115102315,0.5740157241265084,0.04488312235982661,74234,16,10,74198,high,0.0,0.0,VNQ,5s
-5,y_leads_x,-3.359268529687615e-07,-0.4347044312031954,0.6637769815644995,0.04488312235982661,74234,16,10,74198,high,0.0,0.0,VNQ,5s
-4,y_leads_x,-1.2793983225340403e-06,-3.6612093157323273,0.00025102756315078536,0.04488312235982661,74234,16,10,74198,high,0.0,0.0,VNQ,5s
-3,y_leads_x,-1.987464281312319e-06,-3.0238888735106695,0.0024954808409282697,0.04488312235982661,74234,16,10,74198,high,0.0,0.0,VNQ,5s
-2,y_leads_x,-2.020321065830108e-06,-4.321648616287821,1.54867684827482e-05,0.04488312235982661,74234,16,10,74198,high,0.0,0.0,VNQ,5s
-1,y_leads_x,1.607959899942612e-05,18.30178087984963,8.008768878409996e-75,0.04488312235982661,74234,16,10,74198,high,0.0,0.0,VNQ,5s
1,x_leads_y,1.5981641654294325e-05,18.145145301820005,1.402636751640259e-73,0.04488312235982661,74234,16,10,74198,high,0.0,0.0,VNQ,5s
2,x_leads_y,-1.9812519499603347e-06,-4.085876947255395,4.391064722016302e-05,0.04488312235982661,74234,16,10,74198,high,0.0,0.0,VNQ,5s
3,x_leads_y,-2.232207814144206e-06,-2.787597194076112,0.0053100522912621195,0.04488312235982661,74234,16,10,74198,high,0.0,0.0,VNQ,5s
4,x_leads_y,-1.02675388481402e-06,-2.6782371373116716,0.007401079910179683,0.04488312235982661,74234,16,10,74198,high,0.0,0.0,VNQ,5s
5,x_leads_y,-4.3276920773985465e-07,-0.5199857768646986,0.6030734884429128,0.04488312235982661,74234,16,10,74198,high,0.0,0.0,VNQ,5s
6,x_leads_y,4.3991735403586287e-07,0.768880437863306,0.4419642913973767,0.04488312235982661,74234,16,10,74198,high,0.0,0.0,VNQ,5s
7,x_leads_y,-1.967830054183757e-06,-3.5312946778645347,0.0004135307719364415,0.04488312235982661,74234,16,10,74198,high,0.0,0.0,VNQ,5s
8,x_leads_y,-1.4272774504791615e-06,-1.8833498277431406,0.059652974908242354,0.04488312235982661,74234,16,10,74198,high,0.0,0.0,VNQ,5s
9,x_leads_y,4.798341489947069e-07,0.9454477668137282,0.34443032553695696,0.04488312235982661,74234,16,10,74198,high,0.0,0.0,VNQ,5s
10,x_leads_y,-1.3673513054439273e-06,-1.7770475712257754,0.07556041321718794,0.04488312235982661,74234,16,10,74198,high,0.0,0.0,VNQ,5s
-10,y_leads_x,2.5158174961025434e-07,0.7396673817399892,0.4595018447976643,0.07659942814350285,70768,16,10,70732,high,0.0,9.121552348468188e-264,VOX,5s
-9,y_leads_x,-5.020707773937765e-07,-1.1202165308135525,0.26262150120254757,0.07659942814350285,70768,16,10,70732,high,0.0,9.121552348468188e-264,VOX,5s
-8,y_leads_x,2.1831787802755138e-07,0.4244165534556934,0.6712620504967082,0.07659942814350285,70768,16,10,70732,high,0.0,9.121552348468188e-264,VOX,5s
-7,y_leads_x,-2.2653385772648266e-07,-0.6243823534307228,0.532376511317753,0.07659942814350285,70768,16,10,70732,high,0.0,9.121552348468188e-264,VOX,5s
-6,y_leads_x,2.8639160735724723e-07,0.8237264043892606,0.41009503289191673,0.07659942814350285,70768,16,10,70732,high,0.0,9.121552348468188e-264,VOX,5s
-5,y_leads_x,2.4321889020958007e-07,0.5889158783637428,0.555917705628485,0.07659942814350285,70768,16,10,70732,high,0.0,9.121552348468188e-264,VOX,5s
-4,y_leads_x,-2.4705370165452217e-08,-0.06186973515313661,0.9506665691579869,0.07659942814350285,70768,16,10,70732,high,0.0,9.121552348468188e-264,VOX,5s
-3,y_leads_x,-4.6678317318901204e-07,-1.039336122085527,0.2986484408423067,0.07659942814350285,70768,16,10,70732,high,0.0,9.121552348468188e-264,VOX,5s
-2,y_leads_x,-1.8433789381771254e-06,-3.139332696982087,0.0016933307636118212,0.07659942814350285,70768,16,10,70732,high,0.0,9.121552348468188e-264,VOX,5s
-1,y_leads_x,1.675108786246189e-05,14.681099491783849,8.519768258839528e-49,0.07659942814350285,70768,16,10,70732,high,0.0,9.121552348468188e-264,VOX,5s
1,x_leads_y,1.6801576404111667e-05,14.885834138121627,4.073738831910993e-50,0.07659942814350285,70768,16,10,70732,high,0.0,9.121552348468188e-264,VOX,5s
2,x_leads_y,-1.922462364303816e-06,-3.1932156211548426,0.0014069784435674117,0.07659942814350285,70768,16,10,70732,high,0.0,9.121552348468188e-264,VOX,5s
3,x_leads_y,-4.762245030212811e-07,-1.0528294447837583,0.29241916732353046,0.07659942814350285,70768,16,10,70732,high,0.0,9.121552348468188e-264,VOX,5s
4,x_leads_y,-2.326690707552678e-07,-0.5935963742078565,0.5527821066920605,0.07659942814350285,70768,16,10,70732,high,0.0,9.121552348468188e-264,VOX,5s
5,x_leads_y,2.8068481096147575e-07,0.640474400553029,0.5218642267774427,0.07659942814350285,70768,16,10,70732,high,0.0,9.121552348468188e-264,VOX,5s
6,x_leads_y,2.1908919814896825e-07,0.6598256391049452,0.5093657279805607,0.07659942814350285,70768,16,10,70732,high,0.0,9.121552348468188e-264,VOX,5s
7,x_leads_y,-1.4927846075297618e-07,-0.37646614015747654,0.7065703833661214,0.07659942814350285,70768,16,10,70732,high,0.0,9.121552348468188e-264,VOX,5s
8,x_leads_y,-2.8933260528280852e-08,-0.0547758614428539,0.9563170313016948,0.07659942814350285,70768,16,10,70732,high,0.0,9.121552348468188e-264,VOX,5s
9,x_leads_y,-3.844947351643215e-07,-0.7953340323258712,0.42641922201390914,0.07659942814350285,70768,16,10,70732,high,0.0,9.121552348468188e-264,VOX,5s
10,x_leads_y,2.6347026027750706e-07,0.7205160538400239,0.47120731894378054,0.07659942814350285,70768,16,10,70732,high,0.0,9.121552348468188e-264,VOX,5s
-10,y_leads_x,6.833622181389455e-07,1.3272947945268254,0.1844111851263025,0.09550354335099076,74105,16,10,74069,high,0.0,0.0,VGT,5s
-9,y_leads_x,-8.807970712984313e-07,-1.5116690510334572,0.13061807568547332,0.09550354335099076,74105,16,10,74069,high,0.0,0.0,VGT,5s
-8,y_leads_x,1.0207927910446255e-07,0.1898770708174729,0.8494054604306223,0.09550354335099076,74105,16,10,74069,high,0.0,0.0,VGT,5s
-7,y_leads_x,-2.6513428346857245e-07,-0.4185215482767148,0.6755658351551235,0.09550354335099076,74105,16,10,74069,high,0.0,0.0,VGT,5s
-6,y_leads_x,7.688976008028112e-07,1.0724976103519823,0.2834965867050847,0.09550354335099076,74105,16,10,74069,high,0.0,0.0,VGT,5s
-5,y_leads_x,1.146481045668751e-06,1.8396970898148217,0.06581272105549184,0.09550354335099076,74105,16,10,74069,high,0.0,0.0,VGT,5s
-4,y_leads_x,-4.944243729144661e-07,-0.8126019971494073,0.4164462861552367,0.09550354335099076,74105,16,10,74069,high,0.0,0.0,VGT,5s
-3,y_leads_x,5.358641168279708e-07,0.6246423445359075,0.5322058214573011,0.09550354335099076,74105,16,10,74069,high,0.0,0.0,VGT,5s
-2,y_leads_x,-3.952869402460199e-06,-6.149470060443553,7.774225902086704e-10,0.09550354335099076,74105,16,10,74069,high,0.0,0.0,VGT,5s
-1,y_leads_x,2.334030814680048e-05,32.54554457274913,2.4208823813908844e-232,0.09550354335099076,74105,16,10,74069,high,0.0,0.0,VGT,5s
1,x_leads_y,2.3332853602227062e-05,32.595152243171896,4.804042939704294e-233,0.09550354335099076,74105,16,10,74069,high,0.0,0.0,VGT,5s
2,x_leads_y,-3.959008186719669e-06,-6.268177039000112,3.652993274038725e-10,0.09550354335099076,74105,16,10,74069,high,0.0,0.0,VGT,5s
3,x_leads_y,5.903699931403418e-07,0.706313277817886,0.47999333802647903,0.09550354335099076,74105,16,10,74069,high,0.0,0.0,VGT,5s
4,x_leads_y,-4.84908910471998e-07,-0.813013509625402,0.4162103125961525,0.09550354335099076,74105,16,10,74069,high,0.0,0.0,VGT,5s
5,x_leads_y,1.1204366192404943e-06,1.7657763117998722,0.07743338414724645,0.09550354335099076,74105,16,10,74069,high,0.0,0.0,VGT,5s
6,x_leads_y,8.198145231994284e-07,1.0862238516117306,0.2773799672324423,0.09550354335099076,74105,16,10,74069,high,0.0,0.0,VGT,5s
7,x_leads_y,-2.7041744553441633e-07,-0.3941337667112812,0.6934822823013909,0.09550354335099076,74105,16,10,74069,high,0.0,0.0,VGT,5s
8,x_leads_y,2.585366456311578e-07,0.5162853222524137,0.6056551460768635,0.09550354335099076,74105,16,10,74069,high,0.0,0.0,VGT,5s
9,x_leads_y,-7.162687235734903e-07,-1.1793303060442013,0.2382666750183583,0.09550354335099076,74105,16,10,74069,high,0.0,0.0,VGT,5s
10,x_leads_y,5.01307525606852e-07,0.9935890522243207,0.32042297620857896,0.09550354335099076,74105,16,10,74069,high,0.0,0.0,VGT,5s
-10,y_leads_x,-1.9085628941899016e-07,-0.40747439588830364,0.683659595682558,0.04429626795727393,115440,28,10,115392,high,1.990591421861312e-290,0.0,VFH,5s
-9,y_leads_x,7.073556687140505e-07,1.91057613807515,0.056059073276640885,0.04429626795727393,115440,28,10,115392,high,1.990591421861312e-290,0.0,VFH,5s
-8,y_leads_x,-3.0397498392297613e-07,-0.5690674599357165,0.569310360148812,0.04429626795727393,115440,28,10,115392,high,1.990591421861312e-290,0.0,VFH,5s
-7,y_leads_x,-1.721345546357866e-07,-0.29870125169632933,0.7651680019167675,0.04429626795727393,115440,28,10,115392,high,1.990591421861312e-290,0.0,VFH,5s
-6,y_leads_x,2.9570629201953124e-07,0.8744002057099729,0.3819003454082027,0.04429626795727393,115440,28,10,115392,high,1.990591421861312e-290,0.0,VFH,5s
-5,y_leads_x,3.0512756243414994e-07,0.8542794235062945,0.3929501853699847,0.04429626795727393,115440,28,10,115392,high,1.990591421861312e-290,0.0,VFH,5s
-4,y_leads_x,-1.5228828898290138e-07,-0.31549733114451667,0.752384077111624,0.04429626795727393,115440,28,10,115392,high,1.990591421861312e-290,0.0,VFH,5s
-3,y_leads_x,-1.5890913233292742e-06,-2.9671885735635986,0.0030053657098312535,0.04429626795727393,115440,28,10,115392,high,1.990591421861312e-290,0.0,VFH,5s
-2,y_leads_x,-1.998738974834292e-06,-3.5426911034845427,0.00039606633524403364,0.04429626795727393,115440,28,10,115392,high,1.990591421861312e-290,0.0,VFH,5s
-1,y_leads_x,1.2980303328026292e-05,27.888572039819447,3.671262918197839e-171,0.04429626795727393,115440,28,10,115392,high,1.990591421861312e-290,0.0,VFH,5s
1,x_leads_y,1.3012031706394556e-05,27.216021172492418,4.197643241533347e-163,0.04429626795727393,115440,28,10,115392,high,1.990591421861312e-290,0.0,VFH,5s
2,x_leads_y,-2.015576082364258e-06,-3.299223349443444,0.0009695273844773864,0.04429626795727393,115440,28,10,115392,high,1.990591421861312e-290,0.0,VFH,5s
3,x_leads_y,-1.8758638120004753e-06,-4.569393084627865,4.891386145333035e-06,0.04429626795727393,115440,28,10,115392,high,1.990591421861312e-290,0.0,VFH,5s
4,x_leads_y,7.645776271633528e-08,0.2089219864228917,0.8345091402001724,0.04429626795727393,115440,28,10,115392,high,1.990591421861312e-290,0.0,VFH,5s
5,x_leads_y,3.207977498679681e-07,0.7963923240654532,0.42580403835736824,0.04429626795727393,115440,28,10,115392,high,1.990591421861312e-290,0.0,VFH,5s
6,x_leads_y,4.686328627957098e-07,1.2184597553147822,0.22304930928136002,0.04429626795727393,115440,28,10,115392,high,1.990591421861312e-290,0.0,VFH,5s
7,x_leads_y,-3.995462964359391e-07,-0.6595112596681297,0.5095675180844177,0.04429626795727393,115440,28,10,115392,high,1.990591421861312e-290,0.0,VFH,5s
8,x_leads_y,-1.8370854400164743e-07,-0.4439417799210192,0.6570846770132479,0.04429626795727393,115440,28,10,115392,high,1.990591421861312e-290,0.0,VFH,5s
9,x_leads_y,3.949296330153072e-07,0.9832302161325929,0.32549414654218356,0.04429626795727393,115440,28,10,115392,high,1.990591421861312e-290,0.0,VFH,5s
10,x_leads_y,-3.311087463174728e-07,-0.6524932160046224,0.5140830478251739,0.04429626795727393,115440,28,10,115392,high,1.990591421861312e-290,0.0,VFH,5s
-10,y_leads_x,-6.286881718930434e-07,-1.3946053005023962,0.16313489582197793,0.04700244911434648,103437,28,10,103389,high,7.307495137686507e-54,9.327256507105211e-58,VIS,5s
-9,y_leads_x,1.2389427107146057e-06,2.584384583933319,0.009755294868993073,0.04700244911434648,103437,28,10,103389,high,7.307495137686507e-54,9.327256507105211e-58,VIS,5s
-8,y_leads_x,2.128750943453301e-08,0.06563149292498172,0.9476712154310598,0.04700244911434648,103437,28,10,103389,high,7.307495137686507e-54,9.327256507105211e-58,VIS,5s
-7,y_leads_x,1.3045878246141277e-06,3.6868908909751275,0.0002270106306358178,0.04700244911434648,103437,28,10,103389,high,7.307495137686507e-54,9.327256507105211e-58,VIS,5s
-6,y_leads_x,6.378623024978561e-07,1.9636371132268082,0.0495721902304808,0.04700244911434648,103437,28,10,103389,high,7.307495137686507e-54,9.327256507105211e-58,VIS,5s
-5,y_leads_x,1.2086842075540993e-06,2.3854198613567963,0.01705963878707907,0.04700244911434648,103437,28,10,103389,high,7.307495137686507e-54,9.327256507105211e-58,VIS,5s
-4,y_leads_x,1.0513820503084621e-07,0.24783321605114916,0.8042634537895654,0.04700244911434648,103437,28,10,103389,high,7.307495137686507e-54,9.327256507105211e-58,VIS,5s
-3,y_leads_x,6.419220040931011e-07,1.162706969951869,0.2449484127538767,0.04700244911434648,103437,28,10,103389,high,7.307495137686507e-54,9.327256507105211e-58,VIS,5s
-2,y_leads_x,2.0427041827533563e-06,3.8442235304184633,0.0001209347371012212,0.04700244911434648,103437,28,10,103389,high,7.307495137686507e-54,9.327256507105211e-58,VIS,5s
-1,y_leads_x,9.52573420093653e-06,8.68730333795735,3.7114414982621956e-18,0.04700244911434648,103437,28,10,103389,high,7.307495137686507e-54,9.327256507105211e-58,VIS,5s
1,x_leads_y,9.479362723779406e-06,8.569865284517293,1.0360617035092694e-17,0.04700244911434648,103437,28,10,103389,high,7.307495137686507e-54,9.327256507105211e-58,VIS,5s
2,x_leads_y,1.8630639452430777e-06,3.238890389873956,0.0011999567866189471,0.04700244911434648,103437,28,10,103389,high,7.307495137686507e-54,9.327256507105211e-58,VIS,5s
3,x_leads_y,6.087844162430428e-07,1.12689618505402,0.2597863765192632,0.04700244911434648,103437,28,10,103389,high,7.307495137686507e-54,9.327256507105211e-58,VIS,5s
4,x_leads_y,3.735291640566888e-07,0.720038283455861,0.47150142466308076,0.04700244911434648,103437,28,10,103389,high,7.307495137686507e-54,9.327256507105211e-58,VIS,5s
5,x_leads_y,1.172471000625016e-06,2.4628722820844815,0.013782900267815376,0.04700244911434648,103437,28,10,103389,high,7.307495137686507e-54,9.327256507105211e-58,VIS,5s
6,x_leads_y,5.431203240448101e-07,1.5781991987559638,0.11451985427742067,0.04700244911434648,103437,28,10,103389,high,7.307495137686507e-54,9.327256507105211e-58,VIS,5s
7,x_leads_y,1.015544123421156e-06,2.792353759030693,0.005232611434904618,0.04700244911434648,103437,28,10,103389,high,7.307495137686507e-54,9.327256507105211e-58,VIS,5s
8,x_leads_y,9.330438010896947e-08,0.21370915326516576,0.8307738729718633,0.04700244911434648,103437,28,10,103389,high,7.307495137686507e-54,9.327256507105211e-58,VIS,5s
9,x_leads_y,1.445069114055813e-06,2.928407568270012,0.0034070311668779043,0.04700244911434648,103437,28,10,103389,high,7.307495137686507e-54,9.327256507105211e-58,VIS,5s
10,x_leads_y,-4.985173524902221e-07,-1.1770889751443216,0.23915999502800844,0.04700244911434648,103437,28,10,103389,high,7.307495137686507e-54,9.327256507105211e-58,VIS,5s
-10,y_leads_x,-1.1892806185006394e-07,-0.1663870169487048,0.8678523905147809,0.04412575482277681,70102,17,10,70065,high,1.5203434933150583e-188,1.7914495753109644e-215,VFH,5s
-9,y_leads_x,3.4886232418252123e-07,0.6815842405610072,0.4955018828026164,0.04412575482277681,70102,17,10,70065,high,1.5203434933150583e-188,1.7914495753109644e-215,VFH,5s
-8,y_leads_x,3.038972549196847e-07,0.3943211298954463,0.6933439650596225,0.04412575482277681,70102,17,10,70065,high,1.5203434933150583e-188,1.7914495753109644e-215,VFH,5s
-7,y_leads_x,-6.99088556590579e-07,-0.9222220181881563,0.3564127804076047,0.04412575482277681,70102,17,10,70065,high,1.5203434933150583e-188,1.7914495753109644e-215,VFH,5s
-6,y_leads_x,2.1521148410090565e-07,0.4351208911391718,0.6634746802062221,0.04412575482277681,70102,17,10,70065,high,1.5203434933150583e-188,1.7914495753109644e-215,VFH,5s
-5,y_leads_x,4.268684868642989e-07,1.147629271849379,0.2511216404366656,0.04412575482277681,70102,17,10,70065,high,1.5203434933150583e-188,1.7914495753109644e-215,VFH,5s
-4,y_leads_x,4.056241587970353e-07,0.7471722717463036,0.45495957933994935,0.04412575482277681,70102,17,10,70065,high,1.5203434933150583e-188,1.7914495753109644e-215,VFH,5s
-3,y_leads_x,-2.3617749578236105e-06,-3.7955205517322934,0.00014733398872206007,0.04412575482277681,70102,17,10,70065,high,1.5203434933150583e-188,1.7914495753109644e-215,VFH,5s
-2,y_leads_x,-2.4608477189898375e-06,-3.316780504539315,0.0009106112598202879,0.04412575482277681,70102,17,10,70065,high,1.5203434933150583e-188,1.7914495753109644e-215,VFH,5s
-1,y_leads_x,1.3813540899588484e-05,21.297382305399363,1.2004477093519512e-100,0.04412575482277681,70102,17,10,70065,high,1.5203434933150583e-188,1.7914495753109644e-215,VFH,5s
1,x_leads_y,1.3881569093145e-05,20.71552840675191,2.509374340739221e-95,0.04412575482277681,70102,17,10,70065,high,1.5203434933150583e-188,1.7914495753109644e-215,VFH,5s
2,x_leads_y,-2.4722718556984343e-06,-3.010441039920297,0.002608685895718007,0.04412575482277681,70102,17,10,70065,high,1.5203434933150583e-188,1.7914495753109644e-215,VFH,5s
3,x_leads_y,-2.264176830920145e-06,-4.220227563829827,2.4405583386999348e-05,0.04412575482277681,70102,17,10,70065,high,1.5203434933150583e-188,1.7914495753109644e-215,VFH,5s
4,x_leads_y,2.4695127414422503e-07,0.5220120125027641,0.6016619667960048,0.04412575482277681,70102,17,10,70065,high,1.5203434933150583e-188,1.7914495753109644e-215,VFH,5s
5,x_leads_y,7.358082410223228e-07,1.5918168226712948,0.11142586908959815,0.04412575482277681,70102,17,10,70065,high,1.5203434933150583e-188,1.7914495753109644e-215,VFH,5s
6,x_leads_y,4.177957491562087e-07,0.7551193158292184,0.4501773943883801,0.04412575482277681,70102,17,10,70065,high,1.5203434933150583e-188,1.7914495753109644e-215,VFH,5s
7,x_leads_y,-8.275901090604815e-07,-0.9998050876855872,0.3174048432034504,0.04412575482277681,70102,17,10,70065,high,1.5203434933150583e-188,1.7914495753109644e-215,VFH,5s
8,x_leads_y,-2.4336025844710405e-09,-0.003952885712981987,0.9968460617325371,0.04412575482277681,70102,17,10,70065,high,1.5203434933150583e-188,1.7914495753109644e-215,VFH,5s
9,x_leads_y,3.533708224993033e-07,0.6827064823832953,0.49479233273402146,0.04412575482277681,70102,17,10,70065,high,1.5203434933150583e-188,1.7914495753109644e-215,VFH,5s
10,x_leads_y,-3.6134671140991855e-07,-0.4730670058523032,0.6361653752289851,0.04412575482277681,70102,17,10,70065,high,1.5203434933150583e-188,1.7914495753109644e-215,VFH,5s
-10,y_leads_x,-4.6479027158170056e-07,-0.865730541026401,0.38663794751927416,0.05347436287747909,63630,17,10,63593,high,3.942267012166121e-64,1.6034072937371792e-46,VIS,5s
-9,y_leads_x,1.3490291525162407e-06,2.239727017152849,0.02510865048264369,0.05347436287747909,63630,17,10,63593,high,3.942267012166121e-64,1.6034072937371792e-46,VIS,5s
-8,y_leads_x,-2.5127817026098974e-07,-0.8545068335295622,0.39282422472764367,0.05347436287747909,63630,17,10,63593,high,3.942267012166121e-64,1.6034072937371792e-46,VIS,5s
-7,y_leads_x,1.5225412400178202e-06,3.455892223767017,0.0005484745768789337,0.05347436287747909,63630,17,10,63593,high,3.942267012166121e-64,1.6034072937371792e-46,VIS,5s
-6,y_leads_x,1.0377574316663808e-06,2.412377489506239,0.01584886277422771,0.05347436287747909,63630,17,10,63593,high,3.942267012166121e-64,1.6034072937371792e-46,VIS,5s
-5,y_leads_x,1.3619641192422807e-06,1.7363930732421118,0.08249435619746705,0.05347436287747909,63630,17,10,63593,high,3.942267012166121e-64,1.6034072937371792e-46,VIS,5s
-4,y_leads_x,-5.486251109123194e-07,-1.2505211247716201,0.21110924340579162,0.05347436287747909,63630,17,10,63593,high,3.942267012166121e-64,1.6034072937371792e-46,VIS,5s
-3,y_leads_x,1.0777291488653777e-06,1.299703345812281,0.1937026631985912,0.05347436287747909,63630,17,10,63593,high,3.942267012166121e-64,1.6034072937371792e-46,VIS,5s
-2,y_leads_x,2.586553935650435e-06,4.58909607303454,4.451695212610491e-06,0.05347436287747909,63630,17,10,63593,high,3.942267012166121e-64,1.6034072937371792e-46,VIS,5s
-1,y_leads_x,1.0368708959773303e-05,7.85431385328733,4.0196657467035476e-15,0.05347436287747909,63630,17,10,63593,high,3.942267012166121e-64,1.6034072937371792e-46,VIS,5s
1,x_leads_y,1.0252577697433352e-05,7.5763809713519175,3.5532739681955056e-14,0.05347436287747909,63630,17,10,63593,high,3.942267012166121e-64,1.6034072937371792e-46,VIS,5s
2,x_leads_y,2.373576897127617e-06,3.552467602918416,0.0003816360098922352,0.05347436287747909,63630,17,10,63593,high,3.942267012166121e-64,1.6034072937371792e-46,VIS,5s
3,x_leads_y,1.011985231557659e-06,1.2789325318326208,0.20092081550407603,0.05347436287747909,63630,17,10,63593,high,3.942267012166121e-64,1.6034072937371792e-46,VIS,5s
4,x_leads_y,-3.000186827225079e-08,-0.04461252325761012,0.9644161604832306,0.05347436287747909,63630,17,10,63593,high,3.942267012166121e-64,1.6034072937371792e-46,VIS,5s
5,x_leads_y,1.2832822467397292e-06,1.773442573010761,0.07615539978722637,0.05347436287747909,63630,17,10,63593,high,3.942267012166121e-64,1.6034072937371792e-46,VIS,5s
6,x_leads_y,8.846509732874289e-07,1.8064123717898086,0.07085395051537893,0.05347436287747909,63630,17,10,63593,high,3.942267012166121e-64,1.6034072937371792e-46,VIS,5s
7,x_leads_y,1.047922840708238e-06,2.433149616997379,0.01496811444547472,0.05347436287747909,63630,17,10,63593,high,3.942267012166121e-64,1.6034072937371792e-46,VIS,5s
8,x_leads_y,-9.204122754286465e-08,-0.28857059748634306,0.7729099984883546,0.05347436287747909,63630,17,10,63593,high,3.942267012166121e-64,1.6034072937371792e-46,VIS,5s
9,x_leads_y,1.5962503772478407e-06,2.4732729309932755,0.013388185310313466,0.05347436287747909,63630,17,10,63593,high,3.942267012166121e-64,1.6034072937371792e-46,VIS,5s
10,x_leads_y,-3.273167166211418e-08,-0.06561024059164565,0.9476881358699276,0.05347436287747909,63630,17,10,63593,high,3.942267012166121e-64,1.6034072937371792e-46,VIS,5s
-10,y_leads_x,9.542019859116995e-07,2.595650404019025,0.009441207191826364,0.18245464997629257,72262,17,10,72225,high,0.0,0.0,VCR,5s
-9,y_leads_x,-6.661222646790354e-07,-1.253040731469281,0.21019088370271566,0.18245464997629257,72262,17,10,72225,high,0.0,0.0,VCR,5s
-8,y_leads_x,4.2424149769706113e-07,0.7107724422996969,0.47722526019662515,0.18245464997629257,72262,17,10,72225,high,0.0,0.0,VCR,5s
-7,y_leads_x,1.8780564704781533e-07,0.2996638570230023,0.7644335702172026,0.18245464997629257,72262,17,10,72225,high,0.0,0.0,VCR,5s
-6,y_leads_x,6.51542791924495e-07,1.1250625314992388,0.2605625372770224,0.18245464997629257,72262,17,10,72225,high,0.0,0.0,VCR,5s
-5,y_leads_x,1.422976862668837e-06,2.5420803591210257,0.01101948352602598,0.18245464997629257,72262,17,10,72225,high,0.0,0.0,VCR,5s
-4,y_leads_x,1.4040241078064912e-07,0.2782883821238819,0.7807909937428242,0.18245464997629257,72262,17,10,72225,high,0.0,0.0,VCR,5s
-3,y_leads_x,5.242416959643566e-07,1.1998869561798642,0.2301832464881849,0.18245464997629257,72262,17,10,72225,high,0.0,0.0,VCR,5s
-2,y_leads_x,-2.3485325172265544e-06,-3.582107691060009,0.0003408332270295816,0.18245464997629257,72262,17,10,72225,high,0.0,0.0,VCR,5s
-1,y_leads_x,2.7540470709090904e-05,32.151164757490186,8.507204340289984e-227,0.18245464997629257,72262,17,10,72225,high,0.0,0.0,VCR,5s
1,x_leads_y,2.7467417997587528e-05,32.27646566207616,1.4966003060623546e-228,0.18245464997629257,72262,17,10,72225,high,0.0,0.0,VCR,5s
2,x_leads_y,-2.3097764531092053e-06,-3.378679364030528,0.0007283490241305121,0.18245464997629257,72262,17,10,72225,high,0.0,0.0,VCR,5s
3,x_leads_y,4.785494195157676e-07,1.0771664497571418,0.28140591090847145,0.18245464997629257,72262,17,10,72225,high,0.0,0.0,VCR,5s
4,x_leads_y,1.5314264096432504e-07,0.31518437554635265,0.7526216679525282,0.18245464997629257,72262,17,10,72225,high,0.0,0.0,VCR,5s
5,x_leads_y,1.4301461709621228e-06,2.4763523990224314,0.013273249482674854,0.18245464997629257,72262,17,10,72225,high,0.0,0.0,VCR,5s
6,x_leads_y,5.945321983289222e-07,1.013757841294307,0.3106983165529773,0.18245464997629257,72262,17,10,72225,high,0.0,0.0,VCR,5s
7,x_leads_y,3.505759580805027e-07,0.5578628086240396,0.5769380695155025,0.18245464997629257,72262,17,10,72225,high,0.0,0.0,VCR,5s
8,x_leads_y,1.6355578553319813e-07,0.2954218240134844,0.7676716637171888,0.18245464997629257,72262,17,10,72225,high,0.0,0.0,VCR,5s
9,x_leads_y,-5.457368883732188e-07,-1.0522923599462701,0.29266543584424276,0.18245464997629257,72262,17,10,72225,high,0.0,0.0,VCR,5s
10,x_leads_y,9.153077002396038e-07,2.6804700052199624,0.007351885291221726,0.18245464997629257,72262,17,10,72225,high,0.0,0.0,VCR,5s
-10,y_leads_x,4.0808385310438616e-07,0.5986858921537265,0.5493823667323865,0.06562550267643097,74511,17,10,74474,high,4.5581509425627656e-297,0.0,VDE,5s
-9,y_leads_x,-6.537466271403964e-07,-1.1213019336439596,0.2621593627620511,0.06562550267643097,74511,17,10,74474,high,4.5581509425627656e-297,0.0,VDE,5s
-8,y_leads_x,4.928892731346802e-07,1.1444503114875122,0.2524369333523405,0.06562550267643097,74511,17,10,74474,high,4.5581509425627656e-297,0.0,VDE,5s
-7,y_leads_x,-1.3997476335974378e-06,-2.9283913684644047,0.003407208707856191,0.06562550267643097,74511,17,10,74474,high,4.5581509425627656e-297,0.0,VDE,5s
-6,y_leads_x,8.147465998821021e-07,1.413145351741578,0.15761299081829305,0.06562550267643097,74511,17,10,74474,high,4.5581509425627656e-297,0.0,VDE,5s
-5,y_leads_x,1.2680096611564637e-06,1.9245606243290725,0.05428434947965952,0.06562550267643097,74511,17,10,74474,high,4.5581509425627656e-297,0.0,VDE,5s
-4,y_leads_x,-7.168479604395395e-07,-0.8106813150077247,0.41754870631804586,0.06562550267643097,74511,17,10,74474,high,4.5581509425627656e-297,0.0,VDE,5s
-3,y_leads_x,-1.8626473541627993e-06,-3.0873808371280145,0.0020192871315667833,0.06562550267643097,74511,17,10,74474,high,4.5581509425627656e-297,0.0,VDE,5s
-2,y_leads_x,-3.500309808189618e-06,-4.1945478835441445,2.7341639114260068e-05,0.06562550267643097,74511,17,10,74474,high,4.5581509425627656e-297,0.0,VDE,5s
-1,y_leads_x,2.0711431878186468e-05,29.53694507766402,9.661988059423939e-192,0.06562550267643097,74511,17,10,74474,high,4.5581509425627656e-297,0.0,VDE,5s
1,x_leads_y,2.068488348434156e-05,29.83654884148783,1.3120936948617938e-195,0.06562550267643097,74511,17,10,74474,high,4.5581509425627656e-297,0.0,VDE,5s
2,x_leads_y,-3.5897673582693034e-06,-4.2696752220389715,1.957578093427793e-05,0.06562550267643097,74511,17,10,74474,high,4.5581509425627656e-297,0.0,VDE,5s
3,x_leads_y,-1.6931306847032153e-06,-2.812642665794686,0.004913622110972672,0.06562550267643097,74511,17,10,74474,high,4.5581509425627656e-297,0.0,VDE,5s
4,x_leads_y,-7.756888243656504e-07,-0.9128008366939174,0.36134729820514755,0.06562550267643097,74511,17,10,74474,high,4.5581509425627656e-297,0.0,VDE,5s
5,x_leads_y,1.423928880895391e-06,2.085188114815483,0.03705222831416833,0.06562550267643097,74511,17,10,74474,high,4.5581509425627656e-297,0.0,VDE,5s
6,x_leads_y,8.334858483455454e-07,1.5270020668877176,0.12676049741330261,0.06562550267643097,74511,17,10,74474,high,4.5581509425627656e-297,0.0,VDE,5s
7,x_leads_y,-1.105454225562286e-06,-2.01652208895248,0.04374541080594403,0.06562550267643097,74511,17,10,74474,high,4.5581509425627656e-297,0.0,VDE,5s
8,x_leads_y,4.4274786855249763e-07,0.9885914159990767,0.32286308774160255,0.06562550267643097,74511,17,10,74474,high,4.5581509425627656e-297,0.0,VDE,5s
9,x_leads_y,-4.50744718366213e-07,-0.8363422616227564,0.4029623844144411,0.06562550267643097,74511,17,10,74474,high,4.5581509425627656e-297,0.0,VDE,5s
10,x_leads_y,2.592453191864731e-07,0.4435674663734488,0.6573553315860033,0.06562550267643097,74511,17,10,74474,high,4.5581509425627656e-297,0.0,VDE,5s
-10,y_leads_x,3.333462535999224e-07,1.0066873056777057,0.3140850643271871,0.07587711588248736,75208,17,10,75171,high,1.6093571448004597e-299,7.085828769494117e-289,VOX,5s
-9,y_leads_x,-5.369544064142577e-07,-1.2583114821480224,0.208279130231787,0.07587711588248736,75208,17,10,75171,high,1.6093571448004597e-299,7.085828769494117e-289,VOX,5s
-8,y_leads_x,1.710088706397937e-07,0.34935675350324363,0.7268214960383373,0.07587711588248736,75208,17,10,75171,high,1.6093571448004597e-299,7.085828769494117e-289,VOX,5s
-7,y_leads_x,-1.9962062298344397e-07,-0.5801264908723358,0.5618293205558414,0.07587711588248736,75208,17,10,75171,high,1.6093571448004597e-299,7.085828769494117e-289,VOX,5s
-6,y_leads_x,4.3355792397867956e-07,1.1964543197145028,0.23151931457515285,0.07587711588248736,75208,17,10,75171,high,1.6093571448004597e-299,7.085828769494117e-289,VOX,5s
-5,y_leads_x,1.4511387602792163e-07,0.35835059912273726,0.7200809562417261,0.07587711588248736,75208,17,10,75171,high,1.6093571448004597e-299,7.085828769494117e-289,VOX,5s
-4,y_leads_x,-1.3305979012386693e-07,-0.3397693411886995,0.7340302379661501,0.07587711588248736,75208,17,10,75171,high,1.6093571448004597e-299,7.085828769494117e-289,VOX,5s
-3,y_leads_x,-3.4084772961308436e-07,-0.7737019734704415,0.439107052720058,0.07587711588248736,75208,17,10,75171,high,1.6093571448004597e-299,7.085828769494117e-289,VOX,5s
-2,y_leads_x,-2.0003120178345032e-06,-3.477509352843185,0.0005060953937672335,0.07587711588248736,75208,17,10,75171,high,1.6093571448004597e-299,7.085828769494117e-289,VOX,5s
-1,y_leads_x,1.6598156102287447e-05,15.290837976905543,8.801036925147036e-53,0.07587711588248736,75208,17,10,75171,high,1.6093571448004597e-299,7.085828769494117e-289,VOX,5s
1,x_leads_y,1.6649965401935794e-05,15.502730312683026,3.3245871189284814e-54,0.07587711588248736,75208,17,10,75171,high,1.6093571448004597e-299,7.085828769494117e-289,VOX,5s
2,x_leads_y,-2.0816657590138074e-06,-3.534268410485328,0.0004089056007875001,0.07587711588248736,75208,17,10,75171,high,1.6093571448004597e-299,7.085828769494117e-289,VOX,5s
3,x_leads_y,-3.50420454310621e-07,-0.7932040449520971,0.4276589512237441,0.07587711588248736,75208,17,10,75171,high,1.6093571448004597e-299,7.085828769494117e-289,VOX,5s
4,x_leads_y,-3.1315357774534063e-07,-0.8288254959524427,0.4072031589068442,0.07587711588248736,75208,17,10,75171,high,1.6093571448004597e-299,7.085828769494117e-289,VOX,5s
5,x_leads_y,1.74567996999557e-07,0.40593713046459595,0.6847887951156897,0.07587711588248736,75208,17,10,75171,high,1.6093571448004597e-299,7.085828769494117e-289,VOX,5s
6,x_leads_y,4.0681919496358365e-07,1.1033639406843208,0.26986914946469975,0.07587711588248736,75208,17,10,75171,high,1.6093571448004597e-299,7.085828769494117e-289,VOX,5s
7,x_leads_y,-1.519534443067402e-07,-0.40555561272567014,0.685069148510236,0.07587711588248736,75208,17,10,75171,high,1.6093571448004597e-299,7.085828769494117e-289,VOX,5s
8,x_leads_y,-7.943347771752392e-08,-0.15788798967197198,0.874545062208162,0.07587711588248736,75208,17,10,75171,high,1.6093571448004597e-299,7.085828769494117e-289,VOX,5s
9,x_leads_y,-3.741462936499727e-07,-0.8182534678603594,0.4132124702909805,0.07587711588248736,75208,17,10,75171,high,1.6093571448004597e-299,7.085828769494117e-289,VOX,5s
10,x_leads_y,3.0560980085501947e-07,0.8750863335095279,0.3815269325537314,0.07587711588248736,75208,17,10,75171,high,1.6093571448004597e-299,7.085828769494117e-289,VOX,5s
-10,y_leads_x,6.639613134440465e-07,1.3602934540829945,0.1737370790022894,0.09545788274384648,78753,17,10,78716,high,0.0,0.0,VGT,5s
-9,y_leads_x,-9.319880960974289e-07,-1.6729875356644481,0.09432974980925907,0.09545788274384648,78753,17,10,78716,high,0.0,0.0,VGT,5s
-8,y_leads_x,1.601268396693029e-07,0.3116364221127252,0.7553168508701282,0.09545788274384648,78753,17,10,78716,high,0.0,0.0,VGT,5s
-7,y_leads_x,-1.861392392537712e-07,-0.30963414244826687,0.7568391894939865,0.09545788274384648,78753,17,10,78716,high,0.0,0.0,VGT,5s
-6,y_leads_x,7.53014677186274e-07,1.1097010031658465,0.2671278904830251,0.09545788274384648,78753,17,10,78716,high,0.0,0.0,VGT,5s
-5,y_leads_x,1.0417490086168956e-06,1.7447615911649967,0.08102637716986211,0.09545788274384648,78753,17,10,78716,high,0.0,0.0,VGT,5s
-4,y_leads_x,-4.858036181247945e-07,-0.8484652799242097,0.39617890066586736,0.09545788274384648,78753,17,10,78716,high,0.0,0.0,VGT,5s
-3,y_leads_x,3.145573350323547e-07,0.3700180298574963,0.7113690564574998,0.09545788274384648,78753,17,10,78716,high,0.0,0.0,VGT,5s
-2,y_leads_x,-3.895486667675982e-06,-6.399317894786659,1.5607259829148743e-10,0.09545788274384648,78753,17,10,78716,high,0.0,0.0,VGT,5s
-1,y_leads_x,2.313500791266498e-05,34.13831375384011,1.9935118565232975e-255,0.09545788274384648,78753,17,10,78716,high,0.0,0.0,VGT,5s
1,x_leads_y,2.313916377986442e-05,34.24159579358426,5.817345557032182e-257,0.09545788274384648,78753,17,10,78716,high,0.0,0.0,VGT,5s
2,x_leads_y,-3.898833904983399e-06,-6.516752464962822,7.184584025510629e-11,0.09545788274384648,78753,17,10,78716,high,0.0,0.0,VGT,5s
3,x_leads_y,3.46634703094535e-07,0.4139982980603011,0.6788753532582839,0.09545788274384648,78753,17,10,78716,high,0.0,0.0,VGT,5s
4,x_leads_y,-4.80335550651635e-07,-0.8557103363125329,0.39215802144394285,0.09545788274384648,78753,17,10,78716,high,0.0,0.0,VGT,5s
5,x_leads_y,1.0250204156982567e-06,1.6918228217730438,0.09067976084732937,0.09545788274384648,78753,17,10,78716,high,0.0,0.0,VGT,5s
6,x_leads_y,7.740653742726889e-07,1.0816102464841117,0.27942574960085975,0.09545788274384648,78753,17,10,78716,high,0.0,0.0,VGT,5s
7,x_leads_y,-1.8115140472783653e-07,-0.278381781128691,0.7807193035377653,0.09545788274384648,78753,17,10,78716,high,0.0,0.0,VGT,5s
8,x_leads_y,3.3105990926079683e-07,0.6869443702957326,0.49211778490820735,0.09545788274384648,78753,17,10,78716,high,0.0,0.0,VGT,5s
9,x_leads_y,-8.021278679190866e-07,-1.367256461955879,0.17154493324276587,0.09545788274384648,78753,17,10,78716,high,0.0,0.0,VGT,5s
10,x_leads_y,5.178424038739687e-07,1.083568830092163,0.27855601730127155,0.09545788274384648,78753,17,10,78716,high,0.0,0.0,VGT,5s
-10,y_leads_x,2.436170699806566e-07,0.6914223262552975,0.48930017761217137,0.19722495205498725,61417,17,10,61380,high,0.0,0.0,VDC,5s
-9,y_leads_x,1.487919738689178e-07,0.23514210141639041,0.8140984424278104,0.19722495205498725,61417,17,10,61380,high,0.0,0.0,VDC,5s
-8,y_leads_x,9.802620061261329e-08,0.13698327147633169,0.8910440178843612,0.19722495205498725,61417,17,10,61380,high,0.0,0.0,VDC,5s
-7,y_leads_x,1.6972548118657708e-07,0.42160141890831465,0.6733159704345066,0.19722495205498725,61417,17,10,61380,high,0.0,0.0,VDC,5s
-6,y_leads_x,-6.384277689463621e-07,-1.0398091914807914,0.29842855795273193,0.19722495205498725,61417,17,10,61380,high,0.0,0.0,VDC,5s
-5,y_leads_x,-1.859472861058961e-07,-0.39992766156351794,0.6892097977224586,0.19722495205498725,61417,17,10,61380,high,0.0,0.0,VDC,5s
-4,y_leads_x,1.214241297536368e-06,2.443293706847559,0.014553887522490054,0.19722495205498725,61417,17,10,61380,high,0.0,0.0,VDC,5s
-3,y_leads_x,8.410333775882611e-07,2.1977808685526985,0.027964725424295515,0.19722495205498725,61417,17,10,61380,high,0.0,0.0,VDC,5s
-2,y_leads_x,-9.784289206964056e-07,-1.4484152521912876,0.14750095173819144,0.19722495205498725,61417,17,10,61380,high,0.0,0.0,VDC,5s
-1,y_leads_x,1.8402855299658725e-05,30.457116728498313,9.642622420349093e-204,0.19722495205498725,61417,17,10,61380,high,0.0,0.0,VDC,5s
1,x_leads_y,1.8330835680907824e-05,30.28395996267915,1.8644968195804927e-201,0.19722495205498725,61417,17,10,61380,high,0.0,0.0,VDC,5s
2,x_leads_y,-9.720292458286217e-07,-1.4272645276584917,0.1535036611119224,0.19722495205498725,61417,17,10,61380,high,0.0,0.0,VDC,5s
3,x_leads_y,7.763430040275798e-07,2.0955976477941944,0.03611789806635504,0.19722495205498725,61417,17,10,61380,high,0.0,0.0,VDC,5s
4,x_leads_y,1.2302334488410161e-06,2.852993430329386,0.004330951691521813,0.19722495205498725,61417,17,10,61380,high,0.0,0.0,VDC,5s
5,x_leads_y,-6.971899612970698e-08,-0.14138503607323194,0.8875657750047224,0.19722495205498725,61417,17,10,61380,high,0.0,0.0,VDC,5s
6,x_leads_y,-4.839929654774612e-07,-0.8523606427237621,0.39401395732657296,0.19722495205498725,61417,17,10,61380,high,0.0,0.0,VDC,5s
7,x_leads_y,-9.473318856066311e-08,-0.22739612869454115,0.8201157303033033,0.19722495205498725,61417,17,10,61380,high,0.0,0.0,VDC,5s
8,x_leads_y,-2.5891504926137645e-07,-0.37662779536625746,0.7064502286079659,0.19722495205498725,61417,17,10,61380,high,0.0,0.0,VDC,5s
9,x_leads_y,3.143647305967571e-07,0.5022667216741403,0.615479914722812,0.19722495205498725,61417,17,10,61380,high,0.0,0.0,VDC,5s
10,x_leads_y,2.0328028505316186e-07,0.512739934782501,0.6081332509257691,0.19722495205498725,61417,17,10,61380,high,0.0,0.0,VDC,5s
-10,y_leads_x,-3.04924933447948e-08,-0.06503287360887304,0.9481478262902497,0.05004126064445635,140389,34,10,140335,high,2.292894561681194e-264,0.0,VFH,5s
-9,y_leads_x,1.7378583364998709e-07,0.43500604541545324,0.6635580393437016,0.05004126064445635,140389,34,10,140335,high,2.292894561681194e-264,0.0,VFH,5s
-8,y_leads_x,-1.1777901963395492e-07,-0.2404551729608184,0.8099774106849164,0.05004126064445635,140389,34,10,140335,high,2.292894561681194e-264,0.0,VFH,5s
-7,y_leads_x,3.126295376326644e-07,0.529069248356386,0.5967574129939806,0.05004126064445635,140389,34,10,140335,high,2.292894561681194e-264,0.0,VFH,5s
-6,y_leads_x,3.4787603765005616e-07,1.007865360586838,0.31351910296122976,0.05004126064445635,140389,34,10,140335,high,2.292894561681194e-264,0.0,VFH,5s
-5,y_leads_x,3.4081567862794094e-07,1.0494032674996994,0.29399255499421606,0.05004126064445635,140389,34,10,140335,high,2.292894561681194e-264,0.0,VFH,5s
-4,y_leads_x,-3.0176469007266954e-07,-0.6757694721584485,0.49918701981976643,0.05004126064445635,140389,34,10,140335,high,2.292894561681194e-264,0.0,VFH,5s
-3,y_leads_x,-1.3012167933821503e-06,-2.728067539935798,0.00637065627152184,0.05004126064445635,140389,34,10,140335,high,2.292894561681194e-264,0.0,VFH,5s
-2,y_leads_x,-2.332935222861562e-06,-4.964372527395906,6.892353716622366e-07,0.05004126064445635,140389,34,10,140335,high,2.292894561681194e-264,0.0,VFH,5s
-1,y_leads_x,1.4138082670742662e-05,24.214922454462435,1.549269629855476e-129,0.05004126064445635,140389,34,10,140335,high,2.292894561681194e-264,0.0,VFH,5s
1,x_leads_y,1.4167901779526839e-05,24.27858823240633,3.300464699469266e-130,0.05004126064445635,140389,34,10,140335,high,2.292894561681194e-264,0.0,VFH,5s
2,x_leads_y,-2.3817843252991606e-06,-4.695953103277296,2.653664246547135e-06,0.05004126064445635,140389,34,10,140335,high,2.292894561681194e-264,0.0,VFH,5s
3,x_leads_y,-1.5664111547664218e-06,-4.091029869928247,4.294618079797124e-05,0.05004126064445635,140389,34,10,140335,high,2.292894561681194e-264,0.0,VFH,5s
4,x_leads_y,-1.1109581168723361e-07,-0.3118121451759864,0.7551832933986364,0.05004126064445635,140389,34,10,140335,high,2.292894561681194e-264,0.0,VFH,5s
5,x_leads_y,3.65975687350462e-07,1.0324262379291325,0.30187248575776526,0.05004126064445635,140389,34,10,140335,high,2.292894561681194e-264,0.0,VFH,5s
6,x_leads_y,4.858935578415072e-07,1.2921116249766507,0.19631849062583273,0.05004126064445635,140389,34,10,140335,high,2.292894561681194e-264,0.0,VFH,5s
7,x_leads_y,1.024658338982684e-07,0.16679563219397006,0.8675308555481898,0.05004126064445635,140389,34,10,140335,high,2.292894561681194e-264,0.0,VFH,5s
8,x_leads_y,2.604175573187427e-08,0.06512219575833228,0.9480767082812659,0.05004126064445635,140389,34,10,140335,high,2.292894561681194e-264,0.0,VFH,5s
9,x_leads_y,-6.071564390162482e-08,-0.15065194707406407,0.8802502811541286,0.05004126064445635,140389,34,10,140335,high,2.292894561681194e-264,0.0,VFH,5s
10,x_leads_y,-1.16038059335802e-07,-0.2311769032118862,0.8171773726107814,0.05004126064445635,140389,34,10,140335,high,2.292894561681194e-264,0.0,VFH,5s
-10,y_leads_x,7.221365232144651e-08,0.10604458797494098,0.9155469755199191,0.2362344499703407,49331,11,10,49300,high,0.0,0.0,VCR,5s
-9,y_leads_x,1.3589969658730503e-06,0.7700804828760304,0.441252152566842,0.2362344499703407,49331,11,10,49300,high,0.0,0.0,VCR,5s
-8,y_leads_x,-1.3613089936742004e-06,-1.0390893735336288,0.2987631726031662,0.2362344499703407,49331,11,10,49300,high,0.0,0.0,VCR,5s
-7,y_leads_x,3.584270512533744e-07,0.49524876706565796,0.6204245305414249,0.2362344499703407,49331,11,10,49300,high,0.0,0.0,VCR,5s
-6,y_leads_x,1.360019320739385e-06,2.2981409968219864,0.02155376556908722,0.2362344499703407,49331,11,10,49300,high,0.0,0.0,VCR,5s
-5,y_leads_x,2.235446588034634e-06,3.7353530300519133,0.0001874520316436597,0.2362344499703407,49331,11,10,49300,high,0.0,0.0,VCR,5s
-4,y_leads_x,-1.7447518597300683e-06,-2.0400202116898574,0.04134831268578499,0.2362344499703407,49331,11,10,49300,high,0.0,0.0,VCR,5s
-3,y_leads_x,3.0181913513667177e-06,2.4371111510748094,0.014805127762176767,0.2362344499703407,49331,11,10,49300,high,0.0,0.0,VCR,5s
-2,y_leads_x,-5.150605579855959e-06,-3.121411183338582,0.0017998653094161658,0.2362344499703407,49331,11,10,49300,high,0.0,0.0,VCR,5s
-1,y_leads_x,3.5402496526436954e-05,39.07304122630893,0.0,0.2362344499703407,49331,11,10,49300,high,0.0,0.0,VCR,5s
1,x_leads_y,3.53871528904407e-05,38.79945209256241,0.0,0.2362344499703407,49331,11,10,49300,high,0.0,0.0,VCR,5s
2,x_leads_y,-5.19323619851206e-06,-3.215083540127734,0.0013040656503494625,0.2362344499703407,49331,11,10,49300,high,0.0,0.0,VCR,5s
3,x_leads_y,3.0662687014460463e-06,2.5854643530911754,0.009724792808942813,0.2362344499703407,49331,11,10,49300,high,0.0,0.0,VCR,5s
4,x_leads_y,-1.7744067100801627e-06,-2.125280161194818,0.03356324265238721,0.2362344499703407,49331,11,10,49300,high,0.0,0.0,VCR,5s
5,x_leads_y,2.10883418394793e-06,3.271280979658048,0.0010706148111574638,0.2362344499703407,49331,11,10,49300,high,0.0,0.0,VCR,5s
6,x_leads_y,1.230303892846561e-06,2.1861650416038736,0.02880353285581302,0.2362344499703407,49331,11,10,49300,high,0.0,0.0,VCR,5s
7,x_leads_y,4.6471342649423385e-07,0.7659537610504759,0.44370381552186733,0.2362344499703407,49331,11,10,49300,high,0.0,0.0,VCR,5s
8,x_leads_y,-1.2404024440816444e-06,-0.9637549398272848,0.33516880271080507,0.2362344499703407,49331,11,10,49300,high,0.0,0.0,VCR,5s
9,x_leads_y,9.761352397030423e-07,0.5343424432118893,0.5931046324283099,0.2362344499703407,49331,11,10,49300,high,0.0,0.0,VCR,5s
10,x_leads_y,3.4443835455645664e-07,0.46238776552783417,0.6438032712984967,0.2362344499703407,49331,11,10,49300,high,0.0,0.0,VCR,5s
-10,y_leads_x,2.618572761822256e-07,0.613534860661376,0.5395227396842782,0.21028860881506029,84888,19,10,84849,high,0.0,0.0,VCR,5s
-9,y_leads_x,5.452202009672713e-07,0.46186556174364973,0.6441777316828732,0.21028860881506029,84888,19,10,84849,high,0.0,0.0,VCR,5s
-8,y_leads_x,-7.561380692297819e-07,-0.8846830505684685,0.376327599740653,0.21028860881506029,84888,19,10,84849,high,0.0,0.0,VCR,5s
-7,y_leads_x,2.5105976956885715e-07,0.5083463183055814,0.6112104924831421,0.21028860881506029,84888,19,10,84849,high,0.0,0.0,VCR,5s
-6,y_leads_x,1.187806691085386e-06,2.725859758125484,0.006413424186341093,0.21028860881506029,84888,19,10,84849,high,0.0,0.0,VCR,5s
-5,y_leads_x,1.4227180199472621e-06,3.1115862920595014,0.0018608507934341333,0.21028860881506029,84888,19,10,84849,high,0.0,0.0,VCR,5s
-4,y_leads_x,-7.927754112565156e-07,-1.2476178763541421,0.2121710287619306,0.21028860881506029,84888,19,10,84849,high,0.0,0.0,VCR,5s
-3,y_leads_x,2.023410636709546e-06,2.352135943789137,0.01866595167120846,0.21028860881506029,84888,19,10,84849,high,0.0,0.0,VCR,5s
-2,y_leads_x,-3.4864866432348623e-06,-2.9031713823909455,0.0036940442384850673,0.21028860881506029,84888,19,10,84849,high,0.0,0.0,VCR,5s
-1,y_leads_x,2.97541050172312e-05,29.50757091851848,2.3020466047390386e-191,0.21028860881506029,84888,19,10,84849,high,0.0,0.0,VCR,5s
1,x_leads_y,2.9641270403936075e-05,28.540489145952122,3.686333325073584e-179,0.21028860881506029,84888,19,10,84849,high,0.0,0.0,VCR,5s
2,x_leads_y,-3.477923389372361e-06,-2.936604663881205,0.003318268242905664,0.21028860881506029,84888,19,10,84849,high,0.0,0.0,VCR,5s
3,x_leads_y,2.0410813040722025e-06,2.4884111853808113,0.012831528211528526,0.21028860881506029,84888,19,10,84849,high,0.0,0.0,VCR,5s
4,x_leads_y,-7.703986256912292e-07,-1.2406910843160905,0.2147198891532911,0.21028860881506029,84888,19,10,84849,high,0.0,0.0,VCR,5s
5,x_leads_y,1.258559490025402e-06,2.609493900521904,0.00906762625540297,0.21028860881506029,84888,19,10,84849,high,0.0,0.0,VCR,5s
6,x_leads_y,1.21572640888035e-06,2.8274167642813737,0.004692521266977703,0.21028860881506029,84888,19,10,84849,high,0.0,0.0,VCR,5s
7,x_leads_y,3.0390075003287667e-07,0.7026252475617866,0.48228932407138025,0.21028860881506029,84888,19,10,84849,high,0.0,0.0,VCR,5s
8,x_leads_y,-7.705773582737054e-07,-0.9477432444102585,0.3432601801261428,0.21028860881506029,84888,19,10,84849,high,0.0,0.0,VCR,5s
9,x_leads_y,3.93479060072463e-07,0.33386392692264044,0.7384822415524204,0.21028860881506029,84888,19,10,84849,high,0.0,0.0,VCR,5s
10,x_leads_y,3.6337644411738795e-07,0.8215114373824601,0.4113550120061281,0.21028860881506029,84888,19,10,84849,high,0.0,0.0,VCR,5s
-10,y_leads_x,-3.5758648800899404e-07,-0.8229707721094153,0.4105246146356526,0.08327331300701701,67194,15,10,67159,high,2.170289729751269e-283,1.8115457708949806e-285,VOX,5s
-9,y_leads_x,2.741862232564251e-07,0.3032440175899395,0.76170390608216,0.08327331300701701,67194,15,10,67159,high,2.170289729751269e-283,1.8115457708949806e-285,VOX,5s
-8,y_leads_x,-5.335398097530657e-07,-0.6498773288278141,0.5157714635666055,0.08327331300701701,67194,15,10,67159,high,2.170289729751269e-283,1.8115457708949806e-285,VOX,5s
-7,y_leads_x,-9.520634738256045e-07,-2.2622500322496943,0.02368195971117785,0.08327331300701701,67194,15,10,67159,high,2.170289729751269e-283,1.8115457708949806e-285,VOX,5s
-6,y_leads_x,1.4617647964544007e-06,3.4657779564829587,0.0005286997167037305,0.08327331300701701,67194,15,10,67159,high,2.170289729751269e-283,1.8115457708949806e-285,VOX,5s
-5,y_leads_x,7.168285967877437e-07,1.2158984914515263,0.22402359283294948,0.08327331300701701,67194,15,10,67159,high,2.170289729751269e-283,1.8115457708949806e-285,VOX,5s
-4,y_leads_x,-2.12127793356046e-06,-3.424279177152619,0.0006164325925946502,0.08327331300701701,67194,15,10,67159,high,2.170289729751269e-283,1.8115457708949806e-285,VOX,5s
-3,y_leads_x,1.4472687901897006e-06,1.884388647408729,0.05951242431467802,0.08327331300701701,67194,15,10,67159,high,2.170289729751269e-283,1.8115457708949806e-285,VOX,5s
-2,y_leads_x,-3.3917128102343975e-06,-3.3046657994384234,0.0009508971366333374,0.08327331300701701,67194,15,10,67159,high,2.170289729751269e-283,1.8115457708949806e-285,VOX,5s
-1,y_leads_x,2.0714735665402025e-05,15.653385204809187,3.1500774592921986e-55,0.08327331300701701,67194,15,10,67159,high,2.170289729751269e-283,1.8115457708949806e-285,VOX,5s
1,x_leads_y,2.0734465630551452e-05,15.709770739256955,1.2964709196465855e-55,0.08327331300701701,67194,15,10,67159,high,2.170289729751269e-283,1.8115457708949806e-285,VOX,5s
2,x_leads_y,-3.4459511038374804e-06,-3.3291924177269587,0.0008709820832977742,0.08327331300701701,67194,15,10,67159,high,2.170289729751269e-283,1.8115457708949806e-285,VOX,5s
3,x_leads_y,1.476334208231727e-06,1.9036701931898998,0.05695315072304114,0.08327331300701701,67194,15,10,67159,high,2.170289729751269e-283,1.8115457708949806e-285,VOX,5s
4,x_leads_y,-2.15030947698918e-06,-3.5056086168458687,0.00045556457794881266,0.08327331300701701,67194,15,10,67159,high,2.170289729751269e-283,1.8115457708949806e-285,VOX,5s
5,x_leads_y,6.945544276865062e-07,1.1397356179360223,0.25439646341164146,0.08327331300701701,67194,15,10,67159,high,2.170289729751269e-283,1.8115457708949806e-285,VOX,5s
6,x_leads_y,1.320507935337234e-06,3.1187582778986833,0.001816148894600753,0.08327331300701701,67194,15,10,67159,high,2.170289729751269e-283,1.8115457708949806e-285,VOX,5s
7,x_leads_y,-7.814086522324574e-07,-2.0031676451224465,0.04515929722583317,0.08327331300701701,67194,15,10,67159,high,2.170289729751269e-283,1.8115457708949806e-285,VOX,5s
8,x_leads_y,-6.081385712777518e-07,-0.7525889978339114,0.4516969310674467,0.08327331300701701,67194,15,10,67159,high,2.170289729751269e-283,1.8115457708949806e-285,VOX,5s
9,x_leads_y,4.815666961960387e-07,0.5480467933735015,0.5836597729872004,0.08327331300701701,67194,15,10,67159,high,2.170289729751269e-283,1.8115457708949806e-285,VOX,5s
10,x_leads_y,-3.6918137303402905e-07,-0.9517184000042482,0.3412398151911562,0.08327331300701701,67194,15,10,67159,high,2.170289729751269e-283,1.8115457708949806e-285,VOX,5s
-10,y_leads_x,-1.345825774690757e-07,-0.24651820421477993,0.8052811142539908,0.04198222335005908,171157,37,10,171100,high,2.0999965368025948e-221,2.0936139381446407e-216,VNQ,5s
-9,y_leads_x,-4.397457625682544e-08,-0.09670407633277261,0.9229614025606844,0.04198222335005908,171157,37,10,171100,high,2.0999965368025948e-221,2.0936139381446407e-216,VNQ,5s
-8,y_leads_x,1.3118426380483238e-07,0.24076933752009655,0.8097338957104147,0.04198222335005908,171157,37,10,171100,high,2.0999965368025948e-221,2.0936139381446407e-216,VNQ,5s
-7,y_leads_x,-5.001903961155343e-07,-0.9539878951397586,0.34008976973731875,0.04198222335005908,171157,37,10,171100,high,2.0999965368025948e-221,2.0936139381446407e-216,VNQ,5s
-6,y_leads_x,8.154343603638435e-07,1.885858230379105,0.05931406152343554,0.04198222335005908,171157,37,10,171100,high,2.0999965368025948e-221,2.0936139381446407e-216,VNQ,5s
-5,y_leads_x,8.401988087393858e-07,1.3594018130257761,0.17401929692035645,0.04198222335005908,171157,37,10,171100,high,2.0999965368025948e-221,2.0936139381446407e-216,VNQ,5s
-4,y_leads_x,-1.0446856117266659e-06,-2.693820728891565,0.007063814686746151,0.04198222335005908,171157,37,10,171100,high,2.0999965368025948e-221,2.0936139381446407e-216,VNQ,5s
-3,y_leads_x,-5.004017512758085e-07,-0.8185859187344466,0.41302270360468596,0.04198222335005908,171157,37,10,171100,high,2.0999965368025948e-221,2.0936139381446407e-216,VNQ,5s
-2,y_leads_x,-6.072732558031952e-07,-1.4596793326864188,0.1443782245485791,0.04198222335005908,171157,37,10,171100,high,2.0999965368025948e-221,2.0936139381446407e-216,VNQ,5s
-1,y_leads_x,1.5424731614205318e-05,17.65292996741636,9.66113886399178e-70,0.04198222335005908,171157,37,10,171100,high,2.0999965368025948e-221,2.0936139381446407e-216,VNQ,5s
1,x_leads_y,1.5453683526766437e-05,17.776916016414592,1.0668956271782903e-70,0.04198222335005908,171157,37,10,171100,high,2.0999965368025948e-221,2.0936139381446407e-216,VNQ,5s
2,x_leads_y,-6.398863259624535e-07,-1.557994219015682,0.11923461852626839,0.04198222335005908,171157,37,10,171100,high,2.0999965368025948e-221,2.0936139381446407e-216,VNQ,5s
3,x_leads_y,-6.944102504062245e-07,-1.0211309302721359,0.30719241069312275,0.04198222335005908,171157,37,10,171100,high,2.0999965368025948e-221,2.0936139381446407e-216,VNQ,5s
4,x_leads_y,-1.0583402736858358e-06,-2.8495405025184035,0.004378243085021821,0.04198222335005908,171157,37,10,171100,high,2.0999965368025948e-221,2.0936139381446407e-216,VNQ,5s
5,x_leads_y,6.410520273268555e-07,0.9980599115808624,0.318250307827195,0.04198222335005908,171157,37,10,171100,high,2.0999965368025948e-221,2.0936139381446407e-216,VNQ,5s
6,x_leads_y,8.281339250357302e-07,1.7737249328584488,0.0761086602090933,0.04198222335005908,171157,37,10,171100,high,2.0999965368025948e-221,2.0936139381446407e-216,VNQ,5s
7,x_leads_y,-7.271538129045914e-07,-1.5094240408452289,0.1311904532326491,0.04198222335005908,171157,37,10,171100,high,2.0999965368025948e-221,2.0936139381446407e-216,VNQ,5s
8,x_leads_y,9.708004264574601e-08,0.16161513688726908,0.8716089365124745,0.04198222335005908,171157,37,10,171100,high,2.0999965368025948e-221,2.0936139381446407e-216,VNQ,5s
9,x_leads_y,1.1482457259724816e-08,0.025934956072318965,0.9793092185030816,0.04198222335005908,171157,37,10,171100,high,2.0999965368025948e-221,2.0936139381446407e-216,VNQ,5s
10,x_leads_y,-1.9361965337613562e-07,-0.3468220398498201,0.7287250182611564,0.04198222335005908,171157,37,10,171100,high,2.0999965368025948e-221,2.0936139381446407e-216,VNQ,5s
-10,y_leads_x,4.292923210127276e-08,0.06350554253090943,0.9493639458534332,0.14474179761963735,45445,11,10,45414,high,0.0,0.0,VPU,5s
-9,y_leads_x,-5.560033300606252e-07,-0.8382191068859235,0.40190765796129224,0.14474179761963735,45445,11,10,45414,high,0.0,0.0,VPU,5s
-8,y_leads_x,5.230839202443046e-07,0.7552592563255265,0.4500934402629365,0.14474179761963735,45445,11,10,45414,high,0.0,0.0,VPU,5s
-7,y_leads_x,2.823669140952995e-07,0.3534251654519072,0.7237697222901773,0.14474179761963735,45445,11,10,45414,high,0.0,0.0,VPU,5s
-6,y_leads_x,1.1292206943949461e-07,0.1561717997688956,0.8758976044921317,0.14474179761963735,45445,11,10,45414,high,0.0,0.0,VPU,5s
-5,y_leads_x,1.6689045497211756e-06,2.7503622642750902,0.005952941205351041,0.14474179761963735,45445,11,10,45414,high,0.0,0.0,VPU,5s
-4,y_leads_x,-7.256412779770565e-07,-0.9838996913833751,0.3251648354623813,0.14474179761963735,45445,11,10,45414,high,0.0,0.0,VPU,5s
-3,y_leads_x,1.5523048960758032e-06,2.481808177188534,0.013071762247189244,0.14474179761963735,45445,11,10,45414,high,0.0,0.0,VPU,5s
-2,y_leads_x,-4.214293853291866e-06,-4.629325929258968,3.6685796174692562e-06,0.14474179761963735,45445,11,10,45414,high,0.0,0.0,VPU,5s
-1,y_leads_x,2.469639437471435e-05,13.711999973408906,8.605271397385487e-43,0.14474179761963735,45445,11,10,45414,high,0.0,0.0,VPU,5s
1,x_leads_y,2.4565440645637745e-05,13.516655467691741,1.2471822114969425e-41,0.14474179761963735,45445,11,10,45414,high,0.0,0.0,VPU,5s
2,x_leads_y,-4.270746917838661e-06,-4.72554908533597,2.294943889632296e-06,0.14474179761963735,45445,11,10,45414,high,0.0,0.0,VPU,5s
3,x_leads_y,1.7031640484078475e-06,2.4599618576252174,0.013895178235247769,0.14474179761963735,45445,11,10,45414,high,0.0,0.0,VPU,5s
4,x_leads_y,-8.813649302344611e-07,-1.1322786608082487,0.2575172985837817,0.14474179761963735,45445,11,10,45414,high,0.0,0.0,VPU,5s
5,x_leads_y,1.7526401933172985e-06,2.979870349320278,0.0028837040722691936,0.14474179761963735,45445,11,10,45414,high,0.0,0.0,VPU,5s
6,x_leads_y,5.3984713161845185e-09,0.00839157957407061,0.9933045667977066,0.14474179761963735,45445,11,10,45414,high,0.0,0.0,VPU,5s
7,x_leads_y,3.740074667508119e-07,0.45394403547714185,0.6498691078518147,0.14474179761963735,45445,11,10,45414,high,0.0,0.0,VPU,5s
8,x_leads_y,7.959156583423318e-07,1.4040880586952516,0.16029262904393415,0.14474179761963735,45445,11,10,45414,high,0.0,0.0,VPU,5s
9,x_leads_y,-6.826340375033994e-07,-1.3258155224491768,0.1849008101442836,0.14474179761963735,45445,11,10,45414,high,0.0,0.0,VPU,5s
10,x_leads_y,1.0909583530074088e-07,0.14980727232800947,0.8809166716226617,0.14474179761963735,45445,11,10,45414,high,0.0,0.0,VPU,5s
-10,y_leads_x,-6.340062249876855e-07,-2.6023815497919243,0.00925787896339315,0.10176901142741723,45318,11,10,45287,high,0.0,0.0,VHT,5s
-9,y_leads_x,1.1668702501690663e-07,0.27005843933486967,0.7871152950984881,0.10176901142741723,45318,11,10,45287,high,0.0,0.0,VHT,5s
-8,y_leads_x,-2.2526137767623848e-07,-0.4679927982057093,0.6397897398707082,0.10176901142741723,45318,11,10,45287,high,0.0,0.0,VHT,5s
-7,y_leads_x,1.4850442123656374e-07,0.3733511272093164,0.7088871287917777,0.10176901142741723,45318,11,10,45287,high,0.0,0.0,VHT,5s
-6,y_leads_x,8.601715040800107e-07,1.626260746772865,0.10389419833685132,0.10176901142741723,45318,11,10,45287,high,0.0,0.0,VHT,5s
-5,y_leads_x,1.618536420800137e-07,0.4019213855624329,0.6877418834694526,0.10176901142741723,45318,11,10,45287,high,0.0,0.0,VHT,5s
-4,y_leads_x,2.105856150843859e-08,0.03806509396604524,0.9696357821085566,0.10176901142741723,45318,11,10,45287,high,0.0,0.0,VHT,5s
-3,y_leads_x,5.705262535114874e-08,0.08746514273304266,0.9303017912853789,0.10176901142741723,45318,11,10,45287,high,0.0,0.0,VHT,5s
-2,y_leads_x,-1.6745225739585794e-06,-3.5596089853991613,0.0003714073775522051,0.10176901142741723,45318,11,10,45287,high,0.0,0.0,VHT,5s
-1,y_leads_x,1.6745187998348368e-05,21.5515998228726,5.114881305239738e-103,0.10176901142741723,45318,11,10,45287,high,0.0,0.0,VHT,5s
1,x_leads_y,1.66853195772454e-05,21.429479511789037,7.0969042969710735e-102,0.10176901142741723,45318,11,10,45287,high,0.0,0.0,VHT,5s
2,x_leads_y,-1.6670137668438867e-06,-3.435576659260069,0.0005912941491087979,0.10176901142741723,45318,11,10,45287,high,0.0,0.0,VHT,5s
3,x_leads_y,1.2551086897285275e-07,0.17922850334397103,0.8577582836480365,0.10176901142741723,45318,11,10,45287,high,0.0,0.0,VHT,5s
4,x_leads_y,4.9020023756001505e-08,0.0927339478057714,0.926114926755975,0.10176901142741723,45318,11,10,45287,high,0.0,0.0,VHT,5s
5,x_leads_y,2.525621586107701e-07,0.6858881368910212,0.4927836515768109,0.10176901142741723,45318,11,10,45287,high,0.0,0.0,VHT,5s
6,x_leads_y,7.905619676021737e-07,1.500423114698291,0.13350483571733573,0.10176901142741723,45318,11,10,45287,high,0.0,0.0,VHT,5s
7,x_leads_y,2.953688748101423e-07,0.7559539053891282,0.44967683266784764,0.10176901142741723,45318,11,10,45287,high,0.0,0.0,VHT,5s
8,x_leads_y,-1.5777584477606084e-07,-0.29488151566757587,0.7680843927858798,0.10176901142741723,45318,11,10,45287,high,0.0,0.0,VHT,5s
9,x_leads_y,8.211615337480843e-08,0.18438567137483708,0.8537109096919869,0.10176901142741723,45318,11,10,45287,high,0.0,0.0,VHT,5s
10,x_leads_y,-5.32065366148411e-07,-2.1500377930787513,0.03155222546795911,0.10176901142741723,45318,11,10,45287,high,0.0,0.0,VHT,5s
-10,y_leads_x,-1.6270709712102036e-06,-1.8007410734655351,0.07174370051255798,0.03906597557923641,87052,19,10,87013,high,0.0,0.0,VNQ,5s
-9,y_leads_x,4.0127961584942077e-07,0.849734190654787,0.395472884900801,0.03906597557923641,87052,19,10,87013,high,0.0,0.0,VNQ,5s
-8,y_leads_x,-2.4191930918033854e-06,-1.8186001774026417,0.06897245075254835,0.03906597557923641,87052,19,10,87013,high,0.0,0.0,VNQ,5s
-7,y_leads_x,-1.2757436511384475e-06,-1.4859656523446318,0.13728820640936912,0.03906597557923641,87052,19,10,87013,high,0.0,0.0,VNQ,5s
-6,y_leads_x,-5.125998673477202e-08,-0.08027252220212854,0.9360205117797781,0.03906597557923641,87052,19,10,87013,high,0.0,0.0,VNQ,5s
-5,y_leads_x,8.078946409750941e-07,0.5619985348805911,0.5741170173350476,0.03906597557923641,87052,19,10,87013,high,0.0,0.0,VNQ,5s
-4,y_leads_x,-1.0966786358690231e-06,-3.2612782646582033,0.0011091113949426947,0.03906597557923641,87052,19,10,87013,high,0.0,0.0,VNQ,5s
-3,y_leads_x,-2.501740487005826e-06,-2.663572868396456,0.0077315664610703,0.03906597557923641,87052,19,10,87013,high,0.0,0.0,VNQ,5s
-2,y_leads_x,-2.5284302270042532e-06,-4.400060074322241,1.0822091407327256e-05,0.03906597557923641,87052,19,10,87013,high,0.0,0.0,VNQ,5s
-1,y_leads_x,1.4811678826852454e-05,9.688809547470946,3.36427014786833e-22,0.03906597557923641,87052,19,10,87013,high,0.0,0.0,VNQ,5s
1,x_leads_y,1.4759177824578353e-05,9.821126237587672,9.131756092829924e-23,0.03906597557923641,87052,19,10,87013,high,0.0,0.0,VNQ,5s
2,x_leads_y,-2.5259776942222253e-06,-4.1924751175463495,2.7592735473774557e-05,0.03906597557923641,87052,19,10,87013,high,0.0,0.0,VNQ,5s
3,x_leads_y,-2.7072277547660958e-06,-2.7542196083212787,0.005883227691889015,0.03906597557923641,87052,19,10,87013,high,0.0,0.0,VNQ,5s
4,x_leads_y,-8.835828224033793e-07,-2.433920277152542,0.014936284418404772,0.03906597557923641,87052,19,10,87013,high,0.0,0.0,VNQ,5s
5,x_leads_y,6.453787797723259e-07,0.4424699087781247,0.6581492005782557,0.03906597557923641,87052,19,10,87013,high,0.0,0.0,VNQ,5s
6,x_leads_y,6.318473801087759e-08,0.10804191739429482,0.9139624415290842,0.03906597557923641,87052,19,10,87013,high,0.0,0.0,VNQ,5s
7,x_leads_y,-1.3204531816718998e-06,-1.7725928931873651,0.07629619020292172,0.03906597557923641,87052,19,10,87013,high,0.0,0.0,VNQ,5s
8,x_leads_y,-2.550785924429248e-06,-1.9970308783044703,0.04582182874489603,0.03906597557923641,87052,19,10,87013,high,0.0,0.0,VNQ,5s
9,x_leads_y,4.228883799218547e-07,0.8979579291847062,0.3692079790263375,0.03906597557923641,87052,19,10,87013,high,0.0,0.0,VNQ,5s
10,x_leads_y,-1.5484918310816432e-06,-1.8237446029510216,0.06819069234252098,0.03906597557923641,87052,19,10,87013,high,0.0,0.0,VNQ,5s
-10,y_leads_x,-1.6195637070087285e-06,-2.0802049641781974,0.03750673712122689,0.04808582137633999,69605,15,10,69570,high,0.0,0.0,VNQ,5s
-9,y_leads_x,-1.741442939277686e-08,-0.027224966742025236,0.9782803025036432,0.04808582137633999,69605,15,10,69570,high,0.0,0.0,VNQ,5s
-8,y_leads_x,-1.592664363502201e-06,-2.0321933746438474,0.04213408336586639,0.04808582137633999,69605,15,10,69570,high,0.0,0.0,VNQ,5s
-7,y_leads_x,-2.1827410545506717e-06,-2.970347325150441,0.0029746322336994006,0.04808582137633999,69605,15,10,69570,high,0.0,0.0,VNQ,5s
-6,y_leads_x,7.535766877950243e-07,1.3117527188708422,0.1896035826391962,0.04808582137633999,69605,15,10,69570,high,0.0,0.0,VNQ,5s
-5,y_leads_x,-9.67696646505501e-07,-1.245865082956104,0.21281393094160794,0.04808582137633999,69605,15,10,69570,high,0.0,0.0,VNQ,5s
-4,y_leads_x,-1.3609392510224374e-06,-3.3275862106929273,0.0008760187919133595,0.04808582137633999,69605,15,10,69570,high,0.0,0.0,VNQ,5s
-3,y_leads_x,-1.8986670767842228e-06,-2.504906607352796,0.012248373034447814,0.04808582137633999,69605,15,10,69570,high,0.0,0.0,VNQ,5s
-2,y_leads_x,-2.1907744858660674e-06,-4.238204949049772,2.2531404148989684e-05,0.04808582137633999,69605,15,10,69570,high,0.0,0.0,VNQ,5s
-1,y_leads_x,1.719460174189947e-05,20.295604934519414,1.4061349626449238e-91,0.04808582137633999,69605,15,10,69570,high,0.0,0.0,VNQ,5s
1,x_leads_y,1.7094474858828538e-05,20.031511763951816,2.926381643895149e-89,0.04808582137633999,69605,15,10,69570,high,0.0,0.0,VNQ,5s
2,x_leads_y,-2.150955288660406e-06,-4.15120848696221,3.307243196050841e-05,0.04808582137633999,69605,15,10,69570,high,0.0,0.0,VNQ,5s
3,x_leads_y,-2.147442373379961e-06,-2.346539081448655,0.018948678905184157,0.04808582137633999,69605,15,10,69570,high,0.0,0.0,VNQ,5s
4,x_leads_y,-1.033609621628454e-06,-2.2623758254414446,0.02367419322386224,0.04808582137633999,69605,15,10,69570,high,0.0,0.0,VNQ,5s
5,x_leads_y,-1.2873211550482704e-06,-1.5843398849108299,0.11311639400504979,0.04808582137633999,69605,15,10,69570,high,0.0,0.0,VNQ,5s
6,x_leads_y,8.838504292069905e-07,1.726845194073825,0.08419546943038643,0.04808582137633999,69605,15,10,69570,high,0.0,0.0,VNQ,5s
7,x_leads_y,-2.3737411673344893e-06,-4.015330817256102,5.936246939055725e-05,0.04808582137633999,69605,15,10,69570,high,0.0,0.0,VNQ,5s
8,x_leads_y,-2.166537580795178e-06,-2.5504828229379655,0.010757382490476306,0.04808582137633999,69605,15,10,69570,high,0.0,0.0,VNQ,5s
9,x_leads_y,2.4245749125415776e-07,0.38093309733288944,0.7032528926458599,0.04808582137633999,69605,15,10,69570,high,0.0,0.0,VNQ,5s
10,x_leads_y,-1.6338047246255628e-06,-1.9656022489033467,0.0493445741321863,0.04808582137633999,69605,15,10,69570,high,0.0,0.0,VNQ,5s
-10,y_leads_x,1.0075668157948463e-06,2.613086834648259,0.008972850129759437,0.1814142286350121,68069,16,10,68033,high,0.0,0.0,VCR,5s
-9,y_leads_x,-7.78594230977685e-07,-1.4048603093660974,0.16006282108357228,0.1814142286350121,68069,16,10,68033,high,0.0,0.0,VCR,5s
-8,y_leads_x,4.905200755130982e-07,0.7824817439775649,0.4339315101459027,0.1814142286350121,68069,16,10,68033,high,0.0,0.0,VCR,5s
-7,y_leads_x,2.7071751645508954e-07,0.415290395300776,0.67792933150134,0.1814142286350121,68069,16,10,68033,high,0.0,0.0,VCR,5s
-6,y_leads_x,6.525665722040426e-07,1.0727476012652672,0.2833843765395563,0.1814142286350121,68069,16,10,68033,high,0.0,0.0,VCR,5s
-5,y_leads_x,1.5886273070207974e-06,2.8087928372533413,0.004972763420719621,0.1814142286350121,68069,16,10,68033,high,0.0,0.0,VCR,5s
-4,y_leads_x,1.258398649047997e-07,0.23654377380452118,0.8130107442377768,0.1814142286350121,68069,16,10,68033,high,0.0,0.0,VCR,5s
-3,y_leads_x,4.520015407392565e-07,0.993597645411284,0.32041879096689774,0.1814142286350121,68069,16,10,68033,high,0.0,0.0,VCR,5s
-2,y_leads_x,-2.1621039041486477e-06,-3.257340614340712,0.0011246139571098577,0.1814142286350121,68069,16,10,68033,high,0.0,0.0,VCR,5s
-1,y_leads_x,2.7534384623353933e-05,31.244403271290334,2.659634312980887e-214,0.1814142286350121,68069,16,10,68033,high,0.0,0.0,VCR,5s
1,x_leads_y,2.7455894541891265e-05,31.42957537678455,7.982969989038925e-217,0.1814142286350121,68069,16,10,68033,high,0.0,0.0,VCR,5s
2,x_leads_y,-2.1186656708991584e-06,-3.059926716024755,0.0022139115637253713,0.1814142286350121,68069,16,10,68033,high,0.0,0.0,VCR,5s
3,x_leads_y,3.9140252662725556e-07,0.8525035405199918,0.3939346747749257,0.1814142286350121,68069,16,10,68033,high,0.0,0.0,VCR,5s
4,x_leads_y,1.6488033654002946e-07,0.3217042345762874,0.7476767695340565,0.1814142286350121,68069,16,10,68033,high,0.0,0.0,VCR,5s
5,x_leads_y,1.5897691036130006e-06,2.706878586128339,0.006791909200346506,0.1814142286350121,68069,16,10,68033,high,0.0,0.0,VCR,5s
6,x_leads_y,5.866784762843509e-07,0.9526277398460852,0.34077871712081165,0.1814142286350121,68069,16,10,68033,high,0.0,0.0,VCR,5s
7,x_leads_y,3.781350138623472e-07,0.5715140745853103,0.5676512224766459,0.1814142286350121,68069,16,10,68033,high,0.0,0.0,VCR,5s
8,x_leads_y,2.5027857931739613e-07,0.43204162271535373,0.6657111620314143,0.1814142286350121,68069,16,10,68033,high,0.0,0.0,VCR,5s
9,x_leads_y,-6.008762814388591e-07,-1.0944056966937166,0.27377708658302347,0.1814142286350121,68069,16,10,68033,high,0.0,0.0,VCR,5s
10,x_leads_y,9.637498042005272e-07,2.6880620178658052,0.0071868047397442136,0.1814142286350121,68069,16,10,68033,high,0.0,0.0,VCR,5s
-10,y_leads_x,5.620782070637674e-07,1.1878248981253556,0.23490240294171427,0.0662458340773604,121122,28,10,121074,high,0.0,0.0,VDE,5s
-9,y_leads_x,-5.62323287283793e-07,-1.2137166016695586,0.22485596254441675,0.0662458340773604,121122,28,10,121074,high,0.0,0.0,VDE,5s
-8,y_leads_x,3.234237356481026e-07,0.7376572896039469,0.4607227323640136,0.0662458340773604,121122,28,10,121074,high,0.0,0.0,VDE,5s
-7,y_leads_x,-1.2458976581272055e-06,-3.133839997684571,0.0017253490724185342,0.0662458340773604,121122,28,10,121074,high,0.0,0.0,VDE,5s
-6,y_leads_x,2.7042748299903845e-09,0.005076108946506814,0.9959498684358468,0.0662458340773604,121122,28,10,121074,high,0.0,0.0,VDE,5s
-5,y_leads_x,1.2435725319672784e-06,2.4290933163799537,0.01513663586828781,0.0662458340773604,121122,28,10,121074,high,0.0,0.0,VDE,5s
-4,y_leads_x,-5.360812061516541e-07,-0.9009262703693203,0.36762752240696395,0.0662458340773604,121122,28,10,121074,high,0.0,0.0,VDE,5s
-3,y_leads_x,-1.5970201835686202e-06,-3.3702518852537624,0.0007509950230422485,0.0662458340773604,121122,28,10,121074,high,0.0,0.0,VDE,5s
-2,y_leads_x,-3.4232080585346386e-06,-6.078602750731061,1.2123428686257845e-09,0.0662458340773604,121122,28,10,121074,high,0.0,0.0,VDE,5s
-1,y_leads_x,2.044450798014456e-05,37.85957006058023,0.0,0.0662458340773604,121122,28,10,121074,high,0.0,0.0,VDE,5s
1,x_leads_y,2.0419342261852173e-05,38.06383667869316,0.0,0.0662458340773604,121122,28,10,121074,high,0.0,0.0,VDE,5s
2,x_leads_y,-3.4992350972443894e-06,-6.144115107460875,8.041051676321823e-10,0.0662458340773604,121122,28,10,121074,high,0.0,0.0,VDE,5s
3,x_leads_y,-1.5156093580624157e-06,-3.2221090108976878,0.0012725071048416794,0.0662458340773604,121122,28,10,121074,high,0.0,0.0,VDE,5s
4,x_leads_y,-6.374198613494376e-07,-1.1073312108178055,0.2681507550147182,0.0662458340773604,121122,28,10,121074,high,0.0,0.0,VDE,5s
5,x_leads_y,1.3756014815183386e-06,2.648410902597583,0.008087116327372076,0.0662458340773604,121122,28,10,121074,high,0.0,0.0,VDE,5s
6,x_leads_y,-1.8028666077224627e-08,-0.03420642367221867,0.9727125441904777,0.0662458340773604,121122,28,10,121074,high,0.0,0.0,VDE,5s
7,x_leads_y,-1.0159649126194567e-06,-2.232056399070594,0.025611235624479232,0.0662458340773604,121122,28,10,121074,high,0.0,0.0,VDE,5s
8,x_leads_y,3.5541197421015755e-07,0.7731709355981808,0.43942122453237753,0.0662458340773604,121122,28,10,121074,high,0.0,0.0,VDE,5s
9,x_leads_y,-4.3081404053700896e-07,-1.0044397425171023,0.31516670198101304,0.0662458340773604,121122,28,10,121074,high,0.0,0.0,VDE,5s
10,x_leads_y,5.215536388349524e-07,1.2665330222894975,0.2053223145541453,0.0662458340773604,121122,28,10,121074,high,0.0,0.0,VDE,5s
-10,y_leads_x,-5.491209751142709e-07,-1.2948406515409627,0.19537520526084118,0.16488726071450333,55334,17,10,55297,high,0.0,0.0,VAW,5s
-9,y_leads_x,7.064796913243425e-07,1.713336878029628,0.08665058160463845,0.16488726071450333,55334,17,10,55297,high,0.0,0.0,VAW,5s
-8,y_leads_x,6.016158722571013e-07,1.147536397726326,0.25115999910470965,0.16488726071450333,55334,17,10,55297,high,0.0,0.0,VAW,5s
-7,y_leads_x,-2.6170245950234723e-07,-0.4495663303108525,0.6530231703113422,0.16488726071450333,55334,17,10,55297,high,0.0,0.0,VAW,5s
-6,y_leads_x,5.598694304166145e-07,0.8398455775680366,0.4009949748824432,0.16488726071450333,55334,17,10,55297,high,0.0,0.0,VAW,5s
-5,y_leads_x,-3.958349380963321e-07,-0.7561718355745203,0.4495461766730331,0.16488726071450333,55334,17,10,55297,high,0.0,0.0,VAW,5s
-4,y_leads_x,1.2362030625238645e-06,1.35455209783668,0.1755603041108439,0.16488726071450333,55334,17,10,55297,high,0.0,0.0,VAW,5s
-3,y_leads_x,3.777008193000978e-07,0.3370814369428821,0.7360555105645801,0.16488726071450333,55334,17,10,55297,high,0.0,0.0,VAW,5s
-2,y_leads_x,3.6269898098896658e-06,2.0906835286490852,0.03655644247791728,0.16488726071450333,55334,17,10,55297,high,0.0,0.0,VAW,5s
-1,y_leads_x,1.6274686666762524e-05,10.164082606910108,2.868092278221134e-24,0.16488726071450333,55334,17,10,55297,high,0.0,0.0,VAW,5s
1,x_leads_y,1.619402657769795e-05,10.325217627012984,5.419576475420228e-25,0.16488726071450333,55334,17,10,55297,high,0.0,0.0,VAW,5s
2,x_leads_y,3.574658462946731e-06,2.065651540835494,0.03886139403301087,0.16488726071450333,55334,17,10,55297,high,0.0,0.0,VAW,5s
3,x_leads_y,4.0275535340046343e-07,0.3668336948592948,0.7137430722528206,0.16488726071450333,55334,17,10,55297,high,0.0,0.0,VAW,5s
4,x_leads_y,1.191571878846075e-06,1.3433069880936745,0.179172590260685,0.16488726071450333,55334,17,10,55297,high,0.0,0.0,VAW,5s
5,x_leads_y,-3.5639077162237865e-07,-0.7737199631286729,0.4390964119658437,0.16488726071450333,55334,17,10,55297,high,0.0,0.0,VAW,5s
6,x_leads_y,7.279619717573429e-07,1.2235940514832928,0.22110540473027107,0.16488726071450333,55334,17,10,55297,high,0.0,0.0,VAW,5s
7,x_leads_y,-6.598889042311071e-07,-1.076720584104246,0.281605113560668,0.16488726071450333,55334,17,10,55297,high,0.0,0.0,VAW,5s
8,x_leads_y,8.2815846750469e-07,1.5381694104955923,0.12400719821034513,0.16488726071450333,55334,17,10,55297,high,0.0,0.0,VAW,5s
9,x_leads_y,5.168817957677189e-07,1.36306676318996,0.17286147050371525,0.16488726071450333,55334,17,10,55297,high,0.0,0.0,VAW,5s
10,x_leads_y,-4.5718817606850044e-07,-1.1875006666417458,0.2350301937891538,0.16488726071450333,55334,17,10,55297,high,0.0,0.0,VAW,5s
-10,y_leads_x,-6.92185058592224e-07,-1.8116713006851952,0.07003700064360283,0.05765553668828571,127267,34,10,127213,high,4.687112963069364e-50,1.5360018402260899e-50,VIS,5s
-9,y_leads_x,1.258311646230131e-06,3.144793909059855,0.0016620386905227282,0.05765553668828571,127267,34,10,127213,high,4.687112963069364e-50,1.5360018402260899e-50,VIS,5s
-8,y_leads_x,2.272832452016504e-07,0.6956637623279821,0.48663942454822784,0.05765553668828571,127267,34,10,127213,high,4.687112963069364e-50,1.5360018402260899e-50,VIS,5s
-7,y_leads_x,1.4065367020650614e-06,3.787741237533025,0.00015202305474439876,0.05765553668828571,127267,34,10,127213,high,4.687112963069364e-50,1.5360018402260899e-50,VIS,5s
-6,y_leads_x,9.596939571692138e-07,2.8110152273147633,0.004938544859208899,0.05765553668828571,127267,34,10,127213,high,4.687112963069364e-50,1.5360018402260899e-50,VIS,5s
-5,y_leads_x,9.058394937333573e-07,2.205383196829705,0.027427216147180602,0.05765553668828571,127267,34,10,127213,high,4.687112963069364e-50,1.5360018402260899e-50,VIS,5s
-4,y_leads_x,4.495746170708913e-07,1.0931966193573543,0.2743074810401501,0.05765553668828571,127267,34,10,127213,high,4.687112963069364e-50,1.5360018402260899e-50,VIS,5s
-3,y_leads_x,2.5122407741303356e-07,0.5391730409971132,0.5897674604227559,0.05765553668828571,127267,34,10,127213,high,4.687112963069364e-50,1.5360018402260899e-50,VIS,5s
-2,y_leads_x,2.2367219583977353e-06,5.081325564645156,3.748101006497298e-07,0.05765553668828571,127267,34,10,127213,high,4.687112963069364e-50,1.5360018402260899e-50,VIS,5s
-1,y_leads_x,1.0642105214421147e-05,9.04754910725685,1.4621313610898452e-19,0.05765553668828571,127267,34,10,127213,high,4.687112963069364e-50,1.5360018402260899e-50,VIS,5s
1,x_leads_y,1.0569543653598402e-05,8.969722063365857,2.972635794065796e-19,0.05765553668828571,127267,34,10,127213,high,4.687112963069364e-50,1.5360018402260899e-50,VIS,5s
2,x_leads_y,2.074482560853589e-06,4.36260776949879,1.2852124053354845e-05,0.05765553668828571,127267,34,10,127213,high,4.687112963069364e-50,1.5360018402260899e-50,VIS,5s
3,x_leads_y,2.511731379925738e-07,0.5555424461536151,0.5785236855475955,0.05765553668828571,127267,34,10,127213,high,4.687112963069364e-50,1.5360018402260899e-50,VIS,5s
4,x_leads_y,6.873912398290287e-07,1.4616289530064663,0.14384291590239662,0.05765553668828571,127267,34,10,127213,high,4.687112963069364e-50,1.5360018402260899e-50,VIS,5s
5,x_leads_y,8.784775793126094e-07,2.242338388696705,0.024939510468081894,0.05765553668828571,127267,34,10,127213,high,4.687112963069364e-50,1.5360018402260899e-50,VIS,5s
6,x_leads_y,8.828721466119141e-07,2.57770973751043,0.009945750338264734,0.05765553668828571,127267,34,10,127213,high,4.687112963069364e-50,1.5360018402260899e-50,VIS,5s
7,x_leads_y,1.1232421108127346e-06,2.9598294934588067,0.003078093497152693,0.05765553668828571,127267,34,10,127213,high,4.687112963069364e-50,1.5360018402260899e-50,VIS,5s
8,x_leads_y,1.5671486052740166e-07,0.3950476898519812,0.6928076929257838,0.05765553668828571,127267,34,10,127213,high,4.687112963069364e-50,1.5360018402260899e-50,VIS,5s
9,x_leads_y,1.4404686950462553e-06,3.4756668836352795,0.0005095848281509216,0.05765553668828571,127267,34,10,127213,high,4.687112963069364e-50,1.5360018402260899e-50,VIS,5s
10,x_leads_y,-6.023278005910408e-07,-1.5895923966308922,0.1119267120437791,0.05765553668828571,127267,34,10,127213,high,4.687112963069364e-50,1.5360018402260899e-50,VIS,5s
-10,y_leads_x,-5.556791216927213e-08,-0.07895213144301243,0.9370706977219827,0.09500178377708157,51224,11,10,51193,high,0.0,0.0,VGT,5s
-9,y_leads_x,1.2081058708890393e-06,0.6901523592670311,0.49009837923153854,0.09500178377708157,51224,11,10,51193,high,0.0,0.0,VGT,5s
-8,y_leads_x,-1.3626438589968485e-06,-1.0769744227726712,0.28149169247932737,0.09500178377708157,51224,11,10,51193,high,0.0,0.0,VGT,5s
-7,y_leads_x,-4.3873365661899626e-07,-1.1755194049501025,0.23978697839490037,0.09500178377708157,51224,11,10,51193,high,0.0,0.0,VGT,5s
-6,y_leads_x,2.761779851483875e-06,4.367954398163456,1.25415670571901e-05,0.09500178377708157,51224,11,10,51193,high,0.0,0.0,VGT,5s
-5,y_leads_x,2.8694517816482454e-06,4.509081829636623,6.510879393440924e-06,0.09500178377708157,51224,11,10,51193,high,0.0,0.0,VGT,5s
-4,y_leads_x,-3.17403527032408e-06,-2.4517780481153406,0.014215231395059674,0.09500178377708157,51224,11,10,51193,high,0.0,0.0,VGT,5s
-3,y_leads_x,2.8373214166358813e-06,1.701460875126417,0.08885647863295233,0.09500178377708157,51224,11,10,51193,high,0.0,0.0,VGT,5s
-2,y_leads_x,-7.23870826730249e-06,-7.482968760151045,7.266215888593483e-14,0.09500178377708157,51224,11,10,51193,high,0.0,0.0,VGT,5s
-1,y_leads_x,3.5601851564406196e-05,32.269030381556284,1.9029074556989038e-228,0.09500178377708157,51224,11,10,51193,high,0.0,0.0,VGT,5s
1,x_leads_y,3.5604877978745675e-05,32.57568704166815,9.064229481142406e-233,0.09500178377708157,51224,11,10,51193,high,0.0,0.0,VGT,5s
2,x_leads_y,-7.260174769205897e-06,-7.474565830327493,7.745916345743355e-14,0.09500178377708157,51224,11,10,51193,high,0.0,0.0,VGT,5s
3,x_leads_y,2.78908482687345e-06,1.6600134733201821,0.09691174209906064,0.09500178377708157,51224,11,10,51193,high,0.0,0.0,VGT,5s
4,x_leads_y,-3.189481956804169e-06,-2.408983243107252,0.015997032451379286,0.09500178377708157,51224,11,10,51193,high,0.0,0.0,VGT,5s
5,x_leads_y,2.943434981833043e-06,4.7578541697272465,1.9566176456063362e-06,0.09500178377708157,51224,11,10,51193,high,0.0,0.0,VGT,5s
6,x_leads_y,2.593211701704595e-06,4.006031644843998,6.174738018319552e-05,0.09500178377708157,51224,11,10,51193,high,0.0,0.0,VGT,5s
7,x_leads_y,-3.0699546931398967e-07,-0.7229530684878318,0.4697087180645889,0.09500178377708157,51224,11,10,51193,high,0.0,0.0,VGT,5s
8,x_leads_y,-1.3409918142249238e-06,-1.031065935349913,0.30250990086139296,0.09500178377708157,51224,11,10,51193,high,0.0,0.0,VGT,5s
9,x_leads_y,1.0669535916142778e-06,0.6007865358352444,0.5479821730393665,0.09500178377708157,51224,11,10,51193,high,0.0,0.0,VGT,5s
10,x_leads_y,6.079178094193595e-08,0.08466388317890945,0.9325286098838886,0.09500178377708157,51224,11,10,51193,high,0.0,0.0,VGT,5s
