k,direction,coef,t_stat,p_value,r_squared,n_obs,n_days,k_used,dof,reliability_tier,p_joint_x_leads_y,p_joint_y_leads_x,ticker,bar_freq
-4,y_leads_x,-0.10432750287654746,-8.158025136861138,3.4054665609878753e-16,0.9153161312518541,26,7,4,11,medium,1.2496783551001534e-139,2.6998717790716983e-114,AAAGASM-24SEP30-US-3.15,600s
-3,y_leads_x,-0.1425024609857645,-4.176724656290956,2.9573664872381715e-05,0.9153161312518541,26,7,4,11,medium,1.2496783551001534e-139,2.6998717790716983e-114,AAAGASM-24SEP30-US-3.15,600s
-2,y_leads_x,-0.1379515470121441,-3.355262879730488,0.0007928959848287097,0.9153161312518541,26,7,4,11,medium,1.2496783551001534e-139,2.6998717790716983e-114,AAAGASM-24SEP30-US-3.15,600s
-1,y_leads_x,-0.08794468502546433,-6.184865079369229,6.215560728584349e-10,0.9153161312518541,26,7,4,11,medium,1.2496783551001534e-139,2.6998717790716983e-114,AAAGASM-24SEP30-US-3.15,600s
1,x_leads_y,-0.06519399569110468,-2.355201374123363,0.018512670249724382,0.9153161312518541,26,7,4,11,medium,1.2496783551001534e-139,2.6998717790716983e-114,AAAGASM-24SEP30-US-3.15,600s
2,x_leads_y,0.001370430101170189,0.19597489301293686,0.844629817410531,0.9153161312518541,26,7,4,11,medium,1.2496783551001534e-139,2.6998717790716983e-114,AAAGASM-24SEP30-US-3.15,600s
3,x_leads_y,-0.02039378780485121,-1.4805498264992019,0.13872657382708034,0.9153161312518541,26,7,4,11,medium,1.2496783551001534e-139,2.6998717790716983e-114,AAAGASM-24SEP30-US-3.15,600s
4,x_leads_y,-0.03497206804119322,-2.113353404424265,0.034570530956159404,0.9153161312518541,26,7,4,11,medium,1.2496783551001534e-139,2.6998717790716983e-114,AAAGASM-24SEP30-US-3.15,600s
-10,y_leads_x,-0.004351687568464775,-2.5700438050964194,0.010168565606130869,0.8596542160816628,68,4,10,44,high,0.0,3.3573432716033056e-276,KXECKH276,600s
-9,y_leads_x,-0.010054560728004446,-1.763081589619262,0.07788672982350911,0.8596542160816628,68,4,10,44,high,0.0,3.3573432716033056e-276,KXECKH276,600s
-8,y_leads_x,-0.00409266477329338,-0.767579531375539,0.44273702670100334,0.8596542160816628,68,4,10,44,high,0.0,3.3573432716033056e-276,KXECKH276,600s
-7,y_leads_x,0.011535763519892508,3.7744863669947915,0.00016033767583774743,0.8596542160816628,68,4,10,44,high,0.0,3.3573432716033056e-276,KXECKH276,600s
-6,y_leads_x,0.01938150993800606,2.213119919390493,0.026889379148521953,0.8596542160816628,68,4,10,44,high,0.0,3.3573432716033056e-276,KXECKH276,600s
-5,y_leads_x,0.008700363762419174,0.8291702736986643,0.4070080632678187,0.8596542160816628,68,4,10,44,high,0.0,3.3573432716033056e-276,KXECKH276,600s
-4,y_leads_x,9.679796176310582e-05,0.014099466366602075,0.9887506261915512,0.8596542160816628,68,4,10,44,high,0.0,3.3573432716033056e-276,KXECKH276,600s
-3,y_leads_x,-0.00035045069466516435,-0.045296184858066316,0.9638712283613108,0.8596542160816628,68,4,10,44,high,0.0,3.3573432716033056e-276,KXECKH276,600s
-2,y_leads_x,-0.010688432573086565,-1.2301298560154752,0.2186484814440408,0.8596542160816628,68,4,10,44,high,0.0,3.3573432716033056e-276,KXECKH276,600s
-1,y_leads_x,-0.03709338357176439,-37.202572965237145,6.200779789099786e-303,0.8596542160816628,68,4,10,44,high,0.0,3.3573432716033056e-276,KXECKH276,600s
1,x_leads_y,-0.03760756891161332,-57.729965541037245,0.0,0.8596542160816628,68,4,10,44,high,0.0,3.3573432716033056e-276,KXECKH276,600s
2,x_leads_y,-0.009926766953046215,-1.1170231359613239,0.26398443305904773,0.8596542160816628,68,4,10,44,high,0.0,3.3573432716033056e-276,KXECKH276,600s
3,x_leads_y,-1.0180006119429874e-06,-0.00015205070277444393,0.9998786810922645,0.8596542160816628,68,4,10,44,high,0.0,3.3573432716033056e-276,KXECKH276,600s
4,x_leads_y,-0.0004385676288628515,-0.30669634391889533,0.7590745128919397,0.8596542160816628,68,4,10,44,high,0.0,3.3573432716033056e-276,KXECKH276,600s
5,x_leads_y,0.006372467561979834,5.9104731256348675,3.411265053592948e-09,0.8596542160816628,68,4,10,44,high,0.0,3.3573432716033056e-276,KXECKH276,600s
6,x_leads_y,0.01629877471911667,3.6162548112957027,0.0002988961628341354,0.8596542160816628,68,4,10,44,high,0.0,3.3573432716033056e-276,KXECKH276,600s
7,x_leads_y,0.008767156172878186,0.8740387118123755,0.38209717217306916,0.8596542160816628,68,4,10,44,high,0.0,3.3573432716033056e-276,KXECKH276,600s
8,x_leads_y,-0.006570316539858659,-0.7964389130369678,0.425776968155011,0.8596542160816628,68,4,10,44,high,0.0,3.3573432716033056e-276,KXECKH276,600s
9,x_leads_y,-0.012383630634851647,-2.876582466196008,0.004020071364051099,0.8596542160816628,68,4,10,44,high,0.0,3.3573432716033056e-276,KXECKH276,600s
10,x_leads_y,-0.006163793791116518,-4.589898843920032,4.4346086839661945e-06,0.8596542160816628,68,4,10,44,high,0.0,3.3573432716033056e-276,KXECKH276,600s
-10,y_leads_x,-0.00043764986740725694,-3.6532882883077593,0.0002589032689164957,0.9965565449209153,49,10,10,19,medium,0.0,0.0,RATECUT-24SEP18,600s
-9,y_leads_x,-0.001192443318037354,-5.8945202743302625,3.757714605898322e-09,0.9965565449209153,49,10,10,19,medium,0.0,0.0,RATECUT-24SEP18,600s
-8,y_leads_x,-0.001966608560677787,-7.709545862580823,1.2626624143137517e-14,0.9965565449209153,49,10,10,19,medium,0.0,0.0,RATECUT-24SEP18,600s
-7,y_leads_x,-0.0031261820833729894,-13.099209728623178,3.327037640972403e-39,0.9965565449209153,49,10,10,19,medium,0.0,0.0,RATECUT-24SEP18,600s
-6,y_leads_x,-0.003990052811051154,-11.547152985232497,7.630645594281492e-31,0.9965565449209153,49,10,10,19,medium,0.0,0.0,RATECUT-24SEP18,600s
-5,y_leads_x,-0.0048358285673436125,-13.883978087747073,7.922219447809568e-44,0.9965565449209153,49,10,10,19,medium,0.0,0.0,RATECUT-24SEP18,600s
-4,y_leads_x,-0.005806002932512876,-34.853304718718874,3.79410668616977e-266,0.9965565449209153,49,10,10,19,medium,0.0,0.0,RATECUT-24SEP18,600s
-3,y_leads_x,-0.006610014228949046,-39.54383265394061,0.0,0.9965565449209153,49,10,10,19,medium,0.0,0.0,RATECUT-24SEP18,600s
-2,y_leads_x,-0.007550236200993,-30.85776454553648,4.407205648655808e-209,0.9965565449209153,49,10,10,19,medium,0.0,0.0,RATECUT-24SEP18,600s
-1,y_leads_x,-0.008179032473753898,-39.70279999152588,0.0,0.9965565449209153,49,10,10,19,medium,0.0,0.0,RATECUT-24SEP18,600s
1,x_leads_y,-0.008306436725818848,-50.67040410862857,0.0,0.9965565449209153,49,10,10,19,medium,0.0,0.0,RATECUT-24SEP18,600s
2,x_leads_y,-0.008423029774772961,-34.6956367591222,9.167138676386704e-264,0.9965565449209153,49,10,10,19,medium,0.0,0.0,RATECUT-24SEP18,600s
3,x_leads_y,-0.008481717545711384,-26.28010825464205,3.237633986903099e-152,0.9965565449209153,49,10,10,19,medium,0.0,0.0,RATECUT-24SEP18,600s
4,x_leads_y,-0.007905226737265935,-14.397252820906838,5.384145881525972e-47,0.9965565449209153,49,10,10,19,medium,0.0,0.0,RATECUT-24SEP18,600s
5,x_leads_y,-0.007008748348282373,-9.505520219464803,1.9905058700806206e-21,0.9965565449209153,49,10,10,19,medium,0.0,0.0,RATECUT-24SEP18,600s
6,x_leads_y,-0.0062244656808579085,-8.218821839547662,2.055120767824622e-16,0.9965565449209153,49,10,10,19,medium,0.0,0.0,RATECUT-24SEP18,600s
7,x_leads_y,-0.005064147716393403,-8.305039803424116,9.97859904342501e-17,0.9965565449209153,49,10,10,19,medium,0.0,0.0,RATECUT-24SEP18,600s
8,x_leads_y,-0.0035821425881341407,-7.346496098260982,2.0347016079016126e-13,0.9965565449209153,49,10,10,19,medium,0.0,0.0,RATECUT-24SEP18,600s
9,x_leads_y,-0.001953751633077952,-5.976272437070126,2.283010850944809e-09,0.9965565449209153,49,10,10,19,medium,0.0,0.0,RATECUT-24SEP18,600s
10,x_leads_y,-0.0009268045961725696,-4.864032801073538,1.1501784006482436e-06,0.9965565449209153,49,10,10,19,medium,0.0,0.0,RATECUT-24SEP18,600s
-10,y_leads_x,-0.00043728264190000536,-4.55516764992913,5.234381441205194e-06,0.990938896335652,55,11,10,24,medium,0.0,0.0,RATECUT-24SEP18,600s
-9,y_leads_x,-0.0011434204890708576,-8.213803143619296,2.1429078688996537e-16,0.990938896335652,55,11,10,24,medium,0.0,0.0,RATECUT-24SEP18,600s
-8,y_leads_x,-0.0019467231027636585,-6.711451625534582,1.9269767889855092e-11,0.990938896335652,55,11,10,24,medium,0.0,0.0,RATECUT-24SEP18,600s
-7,y_leads_x,-0.002755580438514402,-4.617047166650706,3.89238826034091e-06,0.990938896335652,55,11,10,24,medium,0.0,0.0,RATECUT-24SEP18,600s
-6,y_leads_x,-0.0033010103374533223,-3.094270675090717,0.001972973956309725,0.990938896335652,55,11,10,24,medium,0.0,0.0,RATECUT-24SEP18,600s
-5,y_leads_x,-0.0039028859726541808,-2.8994053203026215,0.0037387124089405597,0.990938896335652,55,11,10,24,medium,0.0,0.0,RATECUT-24SEP18,600s
-4,y_leads_x,-0.004739843704234572,-3.749272965673392,0.0001773479682258394,0.990938896335652,55,11,10,24,medium,0.0,0.0,RATECUT-24SEP18,600s
-3,y_leads_x,-0.005661510832441471,-5.034808440877598,4.783269168587193e-07,0.990938896335652,55,11,10,24,medium,0.0,0.0,RATECUT-24SEP18,600s
-2,y_leads_x,-0.006886091214885643,-8.040221683321914,8.967608880208981e-16,0.990938896335652,55,11,10,24,medium,0.0,0.0,RATECUT-24SEP18,600s
-1,y_leads_x,-0.007580197415032422,-15.326750543761763,5.067082335467741e-53,0.990938896335652,55,11,10,24,medium,0.0,0.0,RATECUT-24SEP18,600s
1,x_leads_y,-0.007701648225801066,-45.920789430154315,0.0,0.990938896335652,55,11,10,24,medium,0.0,0.0,RATECUT-24SEP18,600s
2,x_leads_y,-0.00726827558831737,-16.29720859675646,1.0330349194920582e-59,0.990938896335652,55,11,10,24,medium,0.0,0.0,RATECUT-24SEP18,600s
3,x_leads_y,-0.00640253937890007,-6.325836336217009,2.5186465977852014e-10,0.990938896335652,55,11,10,24,medium,0.0,0.0,RATECUT-24SEP18,600s
4,x_leads_y,-0.005341854131165821,-3.8441667588525266,0.00012096273365361622,0.990938896335652,55,11,10,24,medium,0.0,0.0,RATECUT-24SEP18,600s
5,x_leads_y,-0.0039187410615802365,-2.2228918926600363,0.026223090595335955,0.990938896335652,55,11,10,24,medium,0.0,0.0,RATECUT-24SEP18,600s
6,x_leads_y,-0.00293356212634511,-1.527543809141825,0.1266258421789243,0.990938896335652,55,11,10,24,medium,0.0,0.0,RATECUT-24SEP18,600s
7,x_leads_y,-0.0021048450375589934,-1.191130166770135,0.23360248883509926,0.990938896335652,55,11,10,24,medium,0.0,0.0,RATECUT-24SEP18,600s
8,x_leads_y,-0.0013867166417072918,-1.039987265643759,0.2983458170067641,0.990938896335652,55,11,10,24,medium,0.0,0.0,RATECUT-24SEP18,600s
9,x_leads_y,-0.0007665087875020874,-1.0262862231846857,0.304756689203311,0.990938896335652,55,11,10,24,medium,0.0,0.0,RATECUT-24SEP18,600s
10,x_leads_y,-0.0004654421798803209,-1.1423561114201926,0.2533060263892237,0.990938896335652,55,11,10,24,medium,0.0,0.0,RATECUT-24SEP18,600s
-10,y_leads_x,-0.004429682336961855,-2.576592438786562,0.009977952200125161,0.8596879986928847,67,4,10,43,high,0.0,0.0,KXECKH276,600s
-9,y_leads_x,-0.010187165882958815,-1.7618499287867297,0.07809465635685259,0.8596879986928847,67,4,10,43,high,0.0,0.0,KXECKH276,600s
-8,y_leads_x,-0.00415988141003212,-0.7690981155010026,0.4418350668414094,0.8596879986928847,67,4,10,43,high,0.0,0.0,KXECKH276,600s
-7,y_leads_x,0.0116005192239315,3.7645282596394334,0.00016686379749520134,0.8596879986928847,67,4,10,43,high,0.0,0.0,KXECKH276,600s
-6,y_leads_x,0.019489401788956653,2.200243715652028,0.0277896082348986,0.8596879986928847,67,4,10,43,high,0.0,0.0,KXECKH276,600s
-5,y_leads_x,0.008703672121168933,0.8200348146071494,0.41219626059723313,0.8596879986928847,67,4,10,43,high,0.0,0.0,KXECKH276,600s
-4,y_leads_x,5.445998672323933e-05,0.00785171157129712,0.9937353049305399,0.8596879986928847,67,4,10,43,high,0.0,0.0,KXECKH276,600s
-3,y_leads_x,-0.0003668857580169278,-0.046977510101589334,0.9625311520737589,0.8596879986928847,67,4,10,43,high,0.0,0.0,KXECKH276,600s
-2,y_leads_x,-0.010780980572125017,-1.2289311753952064,0.21909761162509822,0.8596879986928847,67,4,10,43,high,0.0,0.0,KXECKH276,600s
-1,y_leads_x,-0.037389155546353754,-36.75128368558105,1.1090154516491718e-295,0.8596879986928847,67,4,10,43,high,0.0,0.0,KXECKH276,600s
1,x_leads_y,-0.037863525972215255,-57.24073612269284,0.0,0.8596879986928847,67,4,10,43,high,0.0,0.0,KXECKH276,600s
2,x_leads_y,-0.009980180176939735,-1.1105306833810182,0.26677041370448173,0.8596879986928847,67,4,10,43,high,0.0,0.0,KXECKH276,600s
3,x_leads_y,-1.6466355765359583e-05,-0.0024384053520911755,0.9980544359445834,0.8596879986928847,67,4,10,43,high,0.0,0.0,KXECKH276,600s
4,x_leads_y,-0.0004829881960296545,-0.3269246432067142,0.7437248817524205,0.8596879986928847,67,4,10,43,high,0.0,0.0,KXECKH276,600s
5,x_leads_y,0.00638158168695796,5.677046724462567,1.37040050113308e-08,0.8596879986928847,67,4,10,43,high,0.0,0.0,KXECKH276,600s
6,x_leads_y,0.016368617615259373,3.5996923843732214,0.0003185938500272334,0.8596879986928847,67,4,10,43,high,0.0,0.0,KXECKH276,600s
7,x_leads_y,0.008741343706582846,0.8600027689262539,0.38978751617223273,0.8596879986928847,67,4,10,43,high,0.0,0.0,KXECKH276,600s
8,x_leads_y,-0.00672825119154045,-0.8030451445777573,0.4219486418481757,0.8596879986928847,67,4,10,43,high,0.0,0.0,KXECKH276,600s
9,x_leads_y,-0.012547930493253562,-2.8674118382686498,0.00413844088497519,0.8596879986928847,67,4,10,43,high,0.0,0.0,KXECKH276,600s
10,x_leads_y,-0.006228950769281687,-4.580806812913385,4.631855578356584e-06,0.8596879986928847,67,4,10,43,high,0.0,0.0,KXECKH276,600s
-3,y_leads_x,-0.0014216193524367253,-0.3777482845098334,0.7056175949175638,0.6079564709708967,25,8,3,11,medium,6.660192964620991e-41,3.48231042474109e-29,KXAAAGASM-24NOV30-US-3.30,600s
-2,y_leads_x,-0.012679724772594868,-3.0388016081020472,0.002375212148895644,0.6079564709708967,25,8,3,11,medium,6.660192964620991e-41,3.48231042474109e-29,KXAAAGASM-24NOV30-US-3.30,600s
-1,y_leads_x,-0.017831692530390214,-1.1980045759267206,0.2309152355595916,0.6079564709708967,25,8,3,11,medium,6.660192964620991e-41,3.48231042474109e-29,KXAAAGASM-24NOV30-US-3.30,600s
1,x_leads_y,-0.01985145839835116,-1.3465212340620878,0.17813447708928165,0.6079564709708967,25,8,3,11,medium,6.660192964620991e-41,3.48231042474109e-29,KXAAAGASM-24NOV30-US-3.30,600s
2,x_leads_y,-0.015339773170781128,-7.1747485178581085,7.24402202620185e-13,0.6079564709708967,25,8,3,11,medium,6.660192964620991e-41,3.48231042474109e-29,KXAAAGASM-24NOV30-US-3.30,600s
3,x_leads_y,-0.003963783850431589,-1.0090629706567062,0.3129444352943044,0.6079564709708967,25,8,3,11,medium,6.660192964620991e-41,3.48231042474109e-29,KXAAAGASM-24NOV30-US-3.30,600s
-10,y_leads_x,-0.004496258710099496,-2.446401740015854,0.014429012197606233,0.859686037482186,65,3,10,42,high,0.8358359966007467,0.49128058033384314,KXECKH276,600s
-9,y_leads_x,-0.010341666592302531,-1.6701135748931704,0.09489689483729537,0.859686037482186,65,3,10,42,high,0.8358359966007467,0.49128058033384314,KXECKH276,600s
-8,y_leads_x,-0.004221362732401635,-0.7288076631267506,0.4661193233672912,0.859686037482186,65,3,10,42,high,0.8358359966007467,0.49128058033384314,KXECKH276,600s
-7,y_leads_x,0.011785293162740615,3.54651175801048,0.00039036732192268683,0.859686037482186,65,3,10,42,high,0.8358359966007467,0.49128058033384314,KXECKH276,600s
-6,y_leads_x,0.019800717248280662,2.077145120557519,0.037788167210571565,0.859686037482186,65,3,10,42,high,0.8358359966007467,0.49128058033384314,KXECKH276,600s
-5,y_leads_x,0.008850622272978685,0.7745365314189536,0.43861357361932196,0.859686037482186,65,3,10,42,high,0.8358359966007467,0.49128058033384314,KXECKH276,600s
-4,y_leads_x,6.48670935248126e-05,0.008676906418950475,0.9930769172045535,0.859686037482186,65,3,10,42,high,0.8358359966007467,0.49128058033384314,KXECKH276,600s
-3,y_leads_x,-0.0003665791332844448,-0.04362650902639098,0.9652021206626709,0.859686037482186,65,3,10,42,high,0.8358359966007467,0.49128058033384314,KXECKH276,600s
-2,y_leads_x,-0.010941658196050214,-1.1598167424965085,0.2461234260020898,0.859686037482186,65,3,10,42,high,0.8358359966007467,0.49128058033384314,KXECKH276,600s
-1,y_leads_x,-0.037963392529198066,-35.18961134242779,2.8830212727217907e-271,0.859686037482186,65,3,10,42,high,0.8358359966007467,0.49128058033384314,KXECKH276,600s
1,x_leads_y,-0.03845472490721778,-55.22493528398627,0.0,0.859686037482186,65,3,10,42,high,0.8358359966007467,0.49128058033384314,KXECKH276,600s
2,x_leads_y,-0.010137955192552936,-1.0518870839743746,0.29285135845272503,0.859686037482186,65,3,10,42,high,0.8358359966007467,0.49128058033384314,KXECKH276,600s
3,x_leads_y,-1.3681633987629518e-05,-0.00188387531350656,0.9984968858619641,0.859686037482186,65,3,10,42,high,0.8358359966007467,0.49128058033384314,KXECKH276,600s
4,x_leads_y,-0.00048373254968778895,-0.3107722692158055,0.7559737524888306,0.859686037482186,65,3,10,42,high,0.8358359966007467,0.49128058033384314,KXECKH276,600s
5,x_leads_y,0.00648958044755372,5.527428269619958,3.2495902012874825e-08,0.859686037482186,65,3,10,42,high,0.8358359966007467,0.49128058033384314,KXECKH276,600s
6,x_leads_y,0.01663717236399596,3.3805447936792277,0.0007234228239478332,0.859686037482186,65,3,10,42,high,0.8358359966007467,0.49128058033384314,KXECKH276,600s
7,x_leads_y,0.008898945932867434,0.8116240651122111,0.4170073782322048,0.859686037482186,65,3,10,42,high,0.8358359966007467,0.49128058033384314,KXECKH276,600s
8,x_leads_y,-0.006812427046381465,-0.7533194549904522,0.45125797067615225,0.859686037482186,65,3,10,42,high,0.8358359966007467,0.49128058033384314,KXECKH276,600s
9,x_leads_y,-0.012733204540784583,-2.696170295039786,0.007014179715262363,0.859686037482186,65,3,10,42,high,0.8358359966007467,0.49128058033384314,KXECKH276,600s
10,x_leads_y,-0.006323426844348509,-4.313952660665,1.6036129884465806e-05,0.859686037482186,65,3,10,42,high,0.8358359966007467,0.49128058033384314,KXECKH276,600s
-10,y_leads_x,-0.004751178556805222,-3.87348048849739,0.00010729200017047937,0.8742985889445932,58,3,10,35,high,0.717837105059832,0.0028818802376570354,KXECKH276,600s
-9,y_leads_x,-0.011050740815276268,-2.2741799484740675,0.022955169333053912,0.8742985889445932,58,3,10,35,high,0.717837105059832,0.0028818802376570354,KXECKH276,600s
-8,y_leads_x,-0.0057402106857374294,-0.8794359023051014,0.37916497288173456,0.8742985889445932,58,3,10,35,high,0.717837105059832,0.0028818802376570354,KXECKH276,600s
-7,y_leads_x,0.008783789846340026,3.266199284057365,0.0010900151068454211,0.8742985889445932,58,3,10,35,high,0.717837105059832,0.0028818802376570354,KXECKH276,600s
-6,y_leads_x,0.016201254916069073,27.50505827330334,1.5273456547524756e-166,0.8742985889445932,58,3,10,35,high,0.717837105059832,0.0028818802376570354,KXECKH276,600s
-5,y_leads_x,0.00482998688135195,1.4772868761626503,0.13959875442080727,0.8742985889445932,58,3,10,35,high,0.717837105059832,0.0028818802376570354,KXECKH276,600s
-4,y_leads_x,-0.00516199162427856,-4.642798635152857,3.4372130556011947e-06,0.8742985889445932,58,3,10,35,high,0.717837105059832,0.0028818802376570354,KXECKH276,600s
-3,y_leads_x,-0.006528659962973451,-2.9350681341007685,0.003334744551056666,0.8742985889445932,58,3,10,35,high,0.717837105059832,0.0028818802376570354,KXECKH276,600s
-2,y_leads_x,-0.017574259402230386,-12.646308829526284,1.1725550772713337e-36,0.8742985889445932,58,3,10,35,high,0.717837105059832,0.0028818802376570354,KXECKH276,600s
-1,y_leads_x,-0.04198742706347916,-8.173745947151192,2.9895900400979996e-16,0.8742985889445932,58,3,10,35,high,0.717837105059832,0.0028818802376570354,KXECKH276,600s
1,x_leads_y,-0.043826377015468175,-9.826360426436104,8.669545708597907e-23,0.8742985889445932,58,3,10,35,high,0.717837105059832,0.0028818802376570354,KXECKH276,600s
2,x_leads_y,-0.01716972528393031,-17.076305173181655,2.227875031665232e-65,0.8742985889445932,58,3,10,35,high,0.717837105059832,0.0028818802376570354,KXECKH276,600s
3,x_leads_y,-0.007721586766608542,-1.869876649249857,0.06150094913674099,0.8742985889445932,58,3,10,35,high,0.717837105059832,0.0028818802376570354,KXECKH276,600s
4,x_leads_y,-0.0069900988579647775,-0.6843877829477647,0.4937303285285628,0.8742985889445932,58,3,10,35,high,0.717837105059832,0.0028818802376570354,KXECKH276,600s
5,x_leads_y,0.002017015490268783,0.23252912533281053,0.8161270683231813,0.8742985889445932,58,3,10,35,high,0.717837105059832,0.0028818802376570354,KXECKH276,600s
6,x_leads_y,0.015566333804245438,31.881921368453654,4.755057509824996e-223,0.8742985889445932,58,3,10,35,high,0.717837105059832,0.0028818802376570354,KXECKH276,600s
7,x_leads_y,0.011114013277130663,1.0136462009130423,0.310751603722344,0.8742985889445932,58,3,10,35,high,0.717837105059832,0.0028818802376570354,KXECKH276,600s
8,x_leads_y,-0.0031225823967750204,-0.21967595951250174,0.8261235288624786,0.8742985889445932,58,3,10,35,high,0.717837105059832,0.0028818802376570354,KXECKH276,600s
9,x_leads_y,-0.009192756852296138,-0.8145270040959768,0.4153431087423006,0.8742985889445932,58,3,10,35,high,0.717837105059832,0.0028818802376570354,KXECKH276,600s
10,x_leads_y,-0.005994479965276351,-1.8325824854465702,0.0668646847613914,0.8742985889445932,58,3,10,35,high,0.717837105059832,0.0028818802376570354,KXECKH276,600s
-1,y_leads_x,-0.017147745444650055,-1.319255929315474,0.18708356592045006,0.41481385510695357,26,8,1,16,medium,0.056692582421757634,0.18708356592044612,KXAAAGASM-24NOV30-US-3.30,600s
1,x_leads_y,-0.018095724483682317,-1.9056734776315551,0.0566925824217577,0.41481385510695357,26,8,1,16,medium,0.056692582421757634,0.18708356592044612,KXAAAGASM-24NOV30-US-3.30,600s
-10,y_leads_x,0.011704425311233686,1.3673697015559216,0.1715094542047253,0.6449250322361266,76,2,10,54,high,0.3629530785097781,0.1928408268566274,KXECDJT316,600s
-9,y_leads_x,0.01581521669370809,1.329775528114227,0.18359224121030393,0.6449250322361266,76,2,10,54,high,0.3629530785097781,0.1928408268566274,KXECDJT316,600s
-8,y_leads_x,0.033706568894090114,0.9423756085802558,0.3460003705499467,0.6449250322361266,76,2,10,54,high,0.3629530785097781,0.1928408268566274,KXECDJT316,600s
-7,y_leads_x,0.036946657984623855,0.7915523607841276,0.42862173393696246,0.6449250322361266,76,2,10,54,high,0.3629530785097781,0.1928408268566274,KXECDJT316,600s
-6,y_leads_x,0.04785889953959439,2.4396886879959667,0.014699923641143923,0.6449250322361266,76,2,10,54,high,0.3629530785097781,0.1928408268566274,KXECDJT316,600s
-5,y_leads_x,0.03720429134995343,1.9716627740099437,0.04864811592174519,0.6449250322361266,76,2,10,54,high,0.3629530785097781,0.1928408268566274,KXECDJT316,600s
-4,y_leads_x,0.01343996547901079,2.9517144854875004,0.003160149855729529,0.6449250322361266,76,2,10,54,high,0.3629530785097781,0.1928408268566274,KXECDJT316,600s
-3,y_leads_x,-0.009040857648785608,-1.3359395144143091,0.18156904410515629,0.6449250322361266,76,2,10,54,high,0.3629530785097781,0.1928408268566274,KXECDJT316,600s
-2,y_leads_x,-0.04146168488810515,-1.8622365626230408,0.06256975284963341,0.6449250322361266,76,2,10,54,high,0.3629530785097781,0.1928408268566274,KXECDJT316,600s
-1,y_leads_x,-0.05485047964211739,-2.7972385513370575,0.005154146275950836,0.6449250322361266,76,2,10,54,high,0.3629530785097781,0.1928408268566274,KXECDJT316,600s
1,x_leads_y,-0.056268823443820025,-44.70419784520018,0.0,0.6449250322361266,76,2,10,54,high,0.3629530785097781,0.1928408268566274,KXECDJT316,600s
2,x_leads_y,-0.0433540271982481,-8.358701131479021,6.34125313147014e-17,0.6449250322361266,76,2,10,54,high,0.3629530785097781,0.1928408268566274,KXECDJT316,600s
3,x_leads_y,-0.01054848479698522,-0.7523426945308431,0.45184499881713924,0.6449250322361266,76,2,10,54,high,0.3629530785097781,0.1928408268566274,KXECDJT316,600s
4,x_leads_y,0.010736792130622456,0.5059166457464357,0.6129151663185641,0.6449250322361266,76,2,10,54,high,0.3629530785097781,0.1928408268566274,KXECDJT316,600s
5,x_leads_y,0.03593563191237281,2.0450467120493157,0.04085025306888918,0.6449250322361266,76,2,10,54,high,0.3629530785097781,0.1928408268566274,KXECDJT316,600s
6,x_leads_y,0.04654574501078648,4.049398087293347,5.134953312697487e-05,0.6449250322361266,76,2,10,54,high,0.3629530785097781,0.1928408268566274,KXECDJT316,600s
7,x_leads_y,0.03696020589683527,8.426338546975524,3.566493397570854e-17,0.6449250322361266,76,2,10,54,high,0.3629530785097781,0.1928408268566274,KXECDJT316,600s
8,x_leads_y,0.034309699529575716,20.90265358722023,5.064965184938163e-97,0.6449250322361266,76,2,10,54,high,0.3629530785097781,0.1928408268566274,KXECDJT316,600s
9,x_leads_y,0.015924319340823372,5.970157052789351,2.3702531188778385e-09,0.6449250322361266,76,2,10,54,high,0.3629530785097781,0.1928408268566274,KXECDJT316,600s
10,x_leads_y,0.01245769142330428,2.4998812089050917,0.012423495681987536,0.6449250322361266,76,2,10,54,high,0.3629530785097781,0.1928408268566274,KXECDJT316,600s
-10,y_leads_x,0.009994074414412623,1.7813458588945779,0.07485596709991668,0.6408980913868204,98,7,10,71,high,0.0,0.0,KXECDJT316,600s
-9,y_leads_x,0.013456224190893465,1.8059720915162698,0.07092269902006061,0.6408980913868204,98,7,10,71,high,0.0,0.0,KXECDJT316,600s
-8,y_leads_x,0.028520928904633015,1.2463309155299935,0.21264293243442112,0.6408980913868204,98,7,10,71,high,0.0,0.0,KXECDJT316,600s
-7,y_leads_x,0.03129287312221522,1.0453388532327115,0.29586638653313246,0.6408980913868204,98,7,10,71,high,0.0,0.0,KXECDJT316,600s
-6,y_leads_x,0.04037104488389102,3.5246797331977584,0.000423995070928121,0.6408980913868204,98,7,10,71,high,0.0,0.0,KXECDJT316,600s
-5,y_leads_x,0.031211305971290584,2.8322111653268247,0.004622730907163469,0.6408980913868204,98,7,10,71,high,0.0,0.0,KXECDJT316,600s
-4,y_leads_x,0.010190880123609398,6.97158217555696,3.1339616947729123e-12,0.6408980913868204,98,7,10,71,high,0.0,0.0,KXECDJT316,600s
-3,y_leads_x,-0.00904694224324491,-1.6301823195052083,0.1030629695397367,0.6408980913868204,98,7,10,71,high,0.0,0.0,KXECDJT316,600s
-2,y_leads_x,-0.0371263430565531,-2.378749035120845,0.017371498409900363,0.6408980913868204,98,7,10,71,high,0.0,0.0,KXECDJT316,600s
-1,y_leads_x,-0.048876023374245944,-3.689052277449974,0.0002250909687326369,0.6408980913868204,98,7,10,71,high,0.0,0.0,KXECDJT316,600s
1,x_leads_y,-0.04948434697201833,-35.01959407708066,1.1323639228167323e-268,0.6408980913868204,98,7,10,71,high,0.0,0.0,KXECDJT316,600s
2,x_leads_y,-0.03780961916640466,-9.984708242432037,1.7782343770681513e-23,0.6408980913868204,98,7,10,71,high,0.0,0.0,KXECDJT316,600s
3,x_leads_y,-0.009618042392195193,-1.0193288316413678,0.30804688062897245,0.6408980913868204,98,7,10,71,high,0.0,0.0,KXECDJT316,600s
4,x_leads_y,0.009373185069688136,0.6710013929590866,0.5022196421460751,0.6408980913868204,98,7,10,71,high,0.0,0.0,KXECDJT316,600s
5,x_leads_y,0.030566151657564156,2.7492229929105645,0.005973673102413963,0.6408980913868204,98,7,10,71,high,0.0,0.0,KXECDJT316,600s
6,x_leads_y,0.03971376834538342,5.6999390777587875,1.1985025106008831e-08,0.6408980913868204,98,7,10,71,high,0.0,0.0,KXECDJT316,600s
7,x_leads_y,0.031266039815943586,14.1501355364277,1.8639768687127938e-45,0.6408980913868204,98,7,10,71,high,0.0,0.0,KXECDJT316,600s
8,x_leads_y,0.028468154229019924,41.13497612897421,0.0,0.6408980913868204,98,7,10,71,high,0.0,0.0,KXECDJT316,600s
9,x_leads_y,0.013489388395059145,5.466482585989128,4.590535001639113e-08,0.6408980913868204,98,7,10,71,high,0.0,0.0,KXECDJT316,600s
10,x_leads_y,0.01011940759001097,2.985752466931215,0.002828815224104698,0.6408980913868204,98,7,10,71,high,0.0,0.0,KXECDJT316,600s
-10,y_leads_x,0.009908070231469304,1.7933814653567846,0.07291194917887317,0.6413103290993342,100,8,10,72,high,0.0,0.0,KXECDJT316,600s
-9,y_leads_x,0.013354647940606241,1.8236847425923168,0.06819974678517866,0.6413103290993342,100,8,10,72,high,0.0,0.0,KXECDJT316,600s
-8,y_leads_x,0.02823822274566653,1.2543529204993622,0.20971375662793346,0.6413103290993342,100,8,10,72,high,0.0,0.0,KXECDJT316,600s
-7,y_leads_x,0.031027207591497557,1.053973568969312,0.29189501831787024,0.6413103290993342,100,8,10,72,high,0.0,0.0,KXECDJT316,600s
-6,y_leads_x,0.04000366663740188,3.5552296036735105,0.00037764915367920866,0.6413103290993342,100,8,10,72,high,0.0,0.0,KXECDJT316,600s
-5,y_leads_x,0.03092500139479166,2.853471670904248,0.0043244383369283965,0.6413103290993342,100,8,10,72,high,0.0,0.0,KXECDJT316,600s
-4,y_leads_x,0.010097054036016696,7.050772232761076,1.7792753893980193e-12,0.6413103290993342,100,8,10,72,high,0.0,0.0,KXECDJT316,600s
-3,y_leads_x,-0.008967875940102564,-1.6436384302189828,0.10025091080397497,0.6413103290993342,100,8,10,72,high,0.0,0.0,KXECDJT316,600s
-2,y_leads_x,-0.03676531828912678,-2.3935288149792537,0.016687170514514817,0.6413103290993342,100,8,10,72,high,0.0,0.0,KXECDJT316,600s
-1,y_leads_x,-0.048464494588842895,-3.734233116850847,0.00018828803398565015,0.6413103290993342,100,8,10,72,high,0.0,0.0,KXECDJT316,600s
1,x_leads_y,-0.04903438075272239,-34.800974436104276,2.351087669942679e-265,0.6413103290993342,100,8,10,72,high,0.0,0.0,KXECDJT316,600s
2,x_leads_y,-0.03744658935765437,-10.034944169621797,1.0701992999547633e-23,0.6413103290993342,100,8,10,72,high,0.0,0.0,KXECDJT316,600s
3,x_leads_y,-0.009529510679846235,-1.026073792196332,0.30485680256074243,0.6413103290993342,100,8,10,72,high,0.0,0.0,KXECDJT316,600s
4,x_leads_y,0.0092956894696693,0.6767818587811162,0.4985443699490224,0.6413103290993342,100,8,10,72,high,0.0,0.0,KXECDJT316,600s
5,x_leads_y,0.0302948192237595,2.774254914553721,0.005532830548659463,0.6413103290993342,100,8,10,72,high,0.0,0.0,KXECDJT316,600s
6,x_leads_y,0.03934684692128512,5.745561567935153,9.16164130622075e-09,0.6413103290993342,100,8,10,72,high,0.0,0.0,KXECDJT316,600s
7,x_leads_y,0.03098358033043822,14.341606010289771,1.2024034951656332e-46,0.6413103290993342,100,8,10,72,high,0.0,0.0,KXECDJT316,600s
8,x_leads_y,0.02819934554308819,41.56852532018598,0.0,0.6413103290993342,100,8,10,72,high,0.0,0.0,KXECDJT316,600s
9,x_leads_y,0.013372434022788302,5.483636216556749,4.166711651761448e-08,0.6413103290993342,100,8,10,72,high,0.0,0.0,KXECDJT316,600s
10,x_leads_y,0.010016802246056687,3.0088461322297806,0.0026224189188927115,0.6413103290993342,100,8,10,72,high,0.0,0.0,KXECDJT316,600s
-10,y_leads_x,0.009852542151383523,1.797059928135564,0.0723261064069431,0.6412122680738959,101,8,10,73,high,0.0,0.0,KXECDJT316,600s
-9,y_leads_x,0.013241109292265572,1.8246793232231044,0.0680494352757172,0.6412122680738959,101,8,10,73,high,0.0,0.0,KXECDJT316,600s
-8,y_leads_x,0.028089479330054838,1.2560524153632917,0.20909696688362678,0.6412122680738959,101,8,10,73,high,0.0,0.0,KXECDJT316,600s
-7,y_leads_x,0.03092758237521301,1.0577000489650692,0.29019221293286235,0.6412122680738959,101,8,10,73,high,0.0,0.0,KXECDJT316,600s
-6,y_leads_x,0.039762844227519065,3.5531688591655093,0.0003806200604773709,0.6412122680738959,101,8,10,73,high,0.0,0.0,KXECDJT316,600s
-5,y_leads_x,0.0307763790233195,2.8605574351545164,0.004228969434228966,0.6412122680738959,101,8,10,73,high,0.0,0.0,KXECDJT316,600s
-4,y_leads_x,0.01003470025451422,7.087861189119231,1.3620047836586338e-12,0.6412122680738959,101,8,10,73,high,0.0,0.0,KXECDJT316,600s
-3,y_leads_x,-0.00894730318297497,-1.656851127627031,0.09754957725153529,0.6412122680738959,101,8,10,73,high,0.0,0.0,KXECDJT316,600s
-2,y_leads_x,-0.03666771476313045,-2.4110005769973917,0.015908823272930705,0.6412122680738959,101,8,10,73,high,0.0,0.0,KXECDJT316,600s
-1,y_leads_x,-0.04829677324542622,-3.7503179065432133,0.0001766105190342184,0.6412122680738959,101,8,10,73,high,0.0,0.0,KXECDJT316,600s
1,x_leads_y,-0.048906593300228486,-32.25833959353545,2.68757122774998e-228,0.6412122680738959,101,8,10,73,high,0.0,0.0,KXECDJT316,600s
2,x_leads_y,-0.03730799849744578,-9.973829957341763,1.984262887416837e-23,0.6412122680738959,101,8,10,73,high,0.0,0.0,KXECDJT316,600s
3,x_leads_y,-0.009527326618923474,-1.0302100059625356,0.3029114336588369,0.6412122680738959,101,8,10,73,high,0.0,0.0,KXECDJT316,600s
4,x_leads_y,0.009255905497397302,0.6783400948398569,0.4975560822162117,0.6412122680738959,101,8,10,73,high,0.0,0.0,KXECDJT316,600s
5,x_leads_y,0.030146530388591223,2.776908414116095,0.005487864017377533,0.6412122680738959,101,8,10,73,high,0.0,0.0,KXECDJT316,600s
6,x_leads_y,0.039167957318037426,5.763534071258364,8.237061510743651e-09,0.6412122680738959,101,8,10,73,high,0.0,0.0,KXECDJT316,600s
7,x_leads_y,0.030845764139777677,14.52306173821988,8.655612111355075e-48,0.6412122680738959,101,8,10,73,high,0.0,0.0,KXECDJT316,600s
8,x_leads_y,0.028070565099178213,42.18909897414807,0.0,0.6412122680738959,101,8,10,73,high,0.0,0.0,KXECDJT316,600s
9,x_leads_y,0.01330780123796064,5.482188460024231,4.2009635920555324e-08,0.6412122680738959,101,8,10,73,high,0.0,0.0,KXECDJT316,600s
10,x_leads_y,0.009954585983871002,3.01779167072304,0.0025462388106470037,0.6412122680738959,101,8,10,73,high,0.0,0.0,KXECDJT316,600s
-5,y_leads_x,-0.0019202405471581395,-0.5184765431687046,0.6041258219806895,0.732555906238604,31,11,5,10,medium,0.0,3.6708029491604165e-54,KXAAAGASM-24NOV30-US-3.30,600s
-4,y_leads_x,-0.005201984119744231,-1.1965843499528612,0.2314686033943718,0.732555906238604,31,11,5,10,medium,0.0,3.6708029491604165e-54,KXAAAGASM-24NOV30-US-3.30,600s
-3,y_leads_x,-0.012077323564460958,-1.3001915684519767,0.19353531971480664,0.732555906238604,31,11,5,10,medium,0.0,3.6708029491604165e-54,KXAAAGASM-24NOV30-US-3.30,600s
-2,y_leads_x,-0.02482194312315843,-5.778485531915494,7.537602430390755e-09,0.732555906238604,31,11,5,10,medium,0.0,3.6708029491604165e-54,KXAAAGASM-24NOV30-US-3.30,600s
-1,y_leads_x,-0.022806452146314403,-2.3026924096770442,0.021296155565077357,0.732555906238604,31,11,5,10,medium,0.0,3.6708029491604165e-54,KXAAAGASM-24NOV30-US-3.30,600s
1,x_leads_y,-0.022736814920581203,-2.1494575101277955,0.031598150808509584,0.732555906238604,31,11,5,10,medium,0.0,3.6708029491604165e-54,KXAAAGASM-24NOV30-US-3.30,600s
2,x_leads_y,-0.02305068803020206,-4.5369547036724125,5.707235864262352e-06,0.732555906238604,31,11,5,10,medium,0.0,3.6708029491604165e-54,KXAAAGASM-24NOV30-US-3.30,600s
3,x_leads_y,-0.020224133289309852,-5.443548386782608,5.222953757550485e-08,0.732555906238604,31,11,5,10,medium,0.0,3.6708029491604165e-54,KXAAAGASM-24NOV30-US-3.30,600s
4,x_leads_y,-0.01859440421379743,-4.381119182853293,1.180712614730332e-05,0.732555906238604,31,11,5,10,medium,0.0,3.6708029491604165e-54,KXAAAGASM-24NOV30-US-3.30,600s
5,x_leads_y,-0.013597653509451024,-2.5625309438044312,0.010391232745922161,0.732555906238604,31,11,5,10,medium,0.0,3.6708029491604165e-54,KXAAAGASM-24NOV30-US-3.30,600s
-10,y_leads_x,-0.01875269760975025,-3.8857083566531556,0.00010203193906417276,0.9854070793582941,66,17,10,29,medium,0.0,0.0,KX538APPROVEMIN-24NOV30-T37,600s
-9,y_leads_x,-0.03111303252545339,-3.3678862089448023,0.0007574685246228128,0.9854070793582941,66,17,10,29,medium,0.0,0.0,KX538APPROVEMIN-24NOV30-T37,600s
-8,y_leads_x,-0.057215410346668404,-3.41883049423685,0.0006289089112109467,0.9854070793582941,66,17,10,29,medium,0.0,0.0,KX538APPROVEMIN-24NOV30-T37,600s
-7,y_leads_x,-0.07663306750422645,-2.976167748397211,0.0029187516050019503,0.9854070793582941,66,17,10,29,medium,0.0,0.0,KX538APPROVEMIN-24NOV30-T37,600s
-6,y_leads_x,-0.08121615742009658,-3.0381313347543433,0.002380501815199338,0.9854070793582941,66,17,10,29,medium,0.0,0.0,KX538APPROVEMIN-24NOV30-T37,600s
-5,y_leads_x,-0.07846784565828191,-3.5119382399556933,0.0004448513630460032,0.9854070793582941,66,17,10,29,medium,0.0,0.0,KX538APPROVEMIN-24NOV30-T37,600s
-4,y_leads_x,-0.08516727361279396,-4.260307968001666,2.0414541591264455e-05,0.9854070793582941,66,17,10,29,medium,0.0,0.0,KX538APPROVEMIN-24NOV30-T37,600s
-3,y_leads_x,-0.08675749040698869,-6.359778580423125,2.0204478274976275e-10,0.9854070793582941,66,17,10,29,medium,0.0,0.0,KX538APPROVEMIN-24NOV30-T37,600s
-2,y_leads_x,-0.10262117085206718,-9.93911593372777,2.8131259019876727e-23,0.9854070793582941,66,17,10,29,medium,0.0,0.0,KX538APPROVEMIN-24NOV30-T37,600s
-1,y_leads_x,-0.11673499666810619,-23.537392975082195,1.6900678268312438e-122,0.9854070793582941,66,17,10,29,medium,0.0,0.0,KX538APPROVEMIN-24NOV30-T37,600s
1,x_leads_y,-0.10719582166211522,-22.265488716804448,7.984722462948349e-110,0.9854070793582941,66,17,10,29,medium,0.0,0.0,KX538APPROVEMIN-24NOV30-T37,600s
2,x_leads_y,-0.09995340713155373,-9.389421766037161,6.0330546738058e-21,0.9854070793582941,66,17,10,29,medium,0.0,0.0,KX538APPROVEMIN-24NOV30-T37,600s
3,x_leads_y,-0.08206804622495302,-5.559433596250895,2.706515445717207e-08,0.9854070793582941,66,17,10,29,medium,0.0,0.0,KX538APPROVEMIN-24NOV30-T37,600s
4,x_leads_y,-0.06785810277916043,-4.454320634127215,8.415925158555539e-06,0.9854070793582941,66,17,10,29,medium,0.0,0.0,KX538APPROVEMIN-24NOV30-T37,600s
5,x_leads_y,-0.04311224998308002,-2.5702481781786926,0.010162568178757466,0.9854070793582941,66,17,10,29,medium,0.0,0.0,KX538APPROVEMIN-24NOV30-T37,600s
6,x_leads_y,-0.02699995428645585,-1.5675269935841667,0.11699156175061064,0.9854070793582941,66,17,10,29,medium,0.0,0.0,KX538APPROVEMIN-24NOV30-T37,600s
7,x_leads_y,-0.012455247181621644,-0.8867425095842636,0.3752175460551258,0.9854070793582941,66,17,10,29,medium,0.0,0.0,KX538APPROVEMIN-24NOV30-T37,600s
8,x_leads_y,-0.003499532077910316,-0.3021304235544284,0.7625526408712708,0.9854070793582941,66,17,10,29,medium,0.0,0.0,KX538APPROVEMIN-24NOV30-T37,600s
9,x_leads_y,0.005409058260275379,0.5124089112318513,0.608364855592921,0.9854070793582941,66,17,10,29,medium,0.0,0.0,KX538APPROVEMIN-24NOV30-T37,600s
10,x_leads_y,0.002018308749897587,0.3585478318931123,0.7199333792034797,0.9854070793582941,66,17,10,29,medium,0.0,0.0,KX538APPROVEMIN-24NOV30-T37,600s
-1,y_leads_x,-0.013458357857163577,-2.2377811829666214,0.025235328094746424,0.6566894451779968,25,10,1,13,medium,0.33131915901518577,0.025235328094746448,KX538APPROVEMAX-24NOV30-T41,600s
1,x_leads_y,-0.0078033970416069185,-0.9714602083333181,0.3313191590151887,0.6566894451779968,25,10,1,13,medium,0.33131915901518577,0.025235328094746448,KX538APPROVEMAX-24NOV30-T41,600s
-10,y_leads_x,4.732365391725904e-05,0.05915373562111381,0.952829658700431,0.8334055334369612,280,14,10,246,high,0.0,0.0,KXECDJT281,600s
-9,y_leads_x,0.004607275183330543,3.2989478957510316,0.0009704792278663023,0.8334055334369612,280,14,10,246,high,0.0,0.0,KXECDJT281,600s
-8,y_leads_x,-0.0025908705981292565,-1.1222905089013675,0.26173894030767975,0.8334055334369612,280,14,10,246,high,0.0,0.0,KXECDJT281,600s
-7,y_leads_x,-0.012619964856449966,-3.35176808243826,0.0008029725401905097,0.8334055334369612,280,14,10,246,high,0.0,0.0,KXECDJT281,600s
-6,y_leads_x,-0.025886054886905964,-5.327781592509728,9.941957104020761e-08,0.8334055334369612,280,14,10,246,high,0.0,0.0,KXECDJT281,600s
-5,y_leads_x,-0.03319262715292598,-5.959625721156689,2.5281629891700136e-09,0.8334055334369612,280,14,10,246,high,0.0,0.0,KXECDJT281,600s
-4,y_leads_x,-0.032669100228350255,-5.084273743803684,3.6903538058090605e-07,0.8334055334369612,280,14,10,246,high,0.0,0.0,KXECDJT281,600s
-3,y_leads_x,-0.03666367693795092,-5.197023080959922,2.0250522824892195e-07,0.8334055334369612,280,14,10,246,high,0.0,0.0,KXECDJT281,600s
-2,y_leads_x,-0.05995199034638942,-11.475751422988594,1.746537816871746e-30,0.8334055334369612,280,14,10,246,high,0.0,0.0,KXECDJT281,600s
-1,y_leads_x,-0.08322494082884312,-23.385185975234666,6.04735081380852e-121,0.8334055334369612,280,14,10,246,high,0.0,0.0,KXECDJT281,600s
1,x_leads_y,-0.08298717666978575,-25.842165045466942,2.9801418095032525e-147,0.8334055334369612,280,14,10,246,high,0.0,0.0,KXECDJT281,600s
2,x_leads_y,-0.05931890080778698,-14.063097924531169,6.4021126280524e-45,0.8334055334369612,280,14,10,246,high,0.0,0.0,KXECDJT281,600s
3,x_leads_y,-0.03563166175583802,-6.4747279723580045,9.498290412209932e-11,0.8334055334369612,280,14,10,246,high,0.0,0.0,KXECDJT281,600s
4,x_leads_y,-0.03137312118365563,-7.1023555688962,1.2264818134150424e-12,0.8334055334369612,280,14,10,246,high,0.0,0.0,KXECDJT281,600s
5,x_leads_y,-0.0317505591135139,-9.750863044124944,1.8290660695543103e-22,0.8334055334369612,280,14,10,246,high,0.0,0.0,KXECDJT281,600s
6,x_leads_y,-0.02429072209165239,-9.83782711562697,7.736361947233462e-23,0.8334055334369612,280,14,10,246,high,0.0,0.0,KXECDJT281,600s
7,x_leads_y,-0.010682729466764043,-6.260217997815951,3.844396775108024e-10,0.8334055334369612,280,14,10,246,high,0.0,0.0,KXECDJT281,600s
8,x_leads_y,-0.0007013158838559911,-0.5253136269116828,0.599365185957703,0.8334055334369612,280,14,10,246,high,0.0,0.0,KXECDJT281,600s
9,x_leads_y,0.005836356709582622,3.8530362234865585,0.00011666212346649648,0.8334055334369612,280,14,10,246,high,0.0,0.0,KXECDJT281,600s
10,x_leads_y,0.0006782525429309203,0.39722203331875705,0.6912037357164544,0.8334055334369612,280,14,10,246,high,0.0,0.0,KXECDJT281,600s
-10,y_leads_x,-0.005935637796588509,-1.6203709386217287,0.1051526187239132,0.8659272221163953,53,5,10,28,medium,0.0,1.4061748097060208e-79,KXECKH287,600s
-9,y_leads_x,-0.011722136324595183,-1.378202472096346,0.1681407842259096,0.8659272221163953,53,5,10,28,medium,0.0,1.4061748097060208e-79,KXECKH287,600s
-8,y_leads_x,-0.011825999598556751,-1.3229839855552805,0.1858407035402888,0.8659272221163953,53,5,10,28,medium,0.0,1.4061748097060208e-79,KXECKH287,600s
-7,y_leads_x,-0.009326448341826103,-1.2508798037879754,0.21097833332146054,0.8659272221163953,53,5,10,28,medium,0.0,1.4061748097060208e-79,KXECKH287,600s
-6,y_leads_x,-0.005091706320204763,-0.8315489712264855,0.40566357549359444,0.8659272221163953,53,5,10,28,medium,0.0,1.4061748097060208e-79,KXECKH287,600s
-5,y_leads_x,0.002009076754646561,0.4027208547357506,0.6871535902728766,0.8659272221163953,53,5,10,28,medium,0.0,1.4061748097060208e-79,KXECKH287,600s
-4,y_leads_x,0.003199262863911286,0.8378702851684978,0.40210355910103857,0.8659272221163953,53,5,10,28,medium,0.0,1.4061748097060208e-79,KXECKH287,600s
-3,y_leads_x,-0.003853461204491048,-1.0154884465977605,0.3098730510951837,0.8659272221163953,53,5,10,28,medium,0.0,1.4061748097060208e-79,KXECKH287,600s
-2,y_leads_x,-0.01629082055499139,-4.930135284696325,8.217269191345136e-07,0.8659272221163953,53,5,10,28,medium,0.0,1.4061748097060208e-79,KXECKH287,600s
-1,y_leads_x,-0.032740805222430586,-12.07569125196983,1.4196619493733258e-33,0.8659272221163953,53,5,10,28,medium,0.0,1.4061748097060208e-79,KXECKH287,600s
1,x_leads_y,-0.0376483294408225,-25.543615381779695,6.465009358597174e-144,0.8659272221163953,53,5,10,28,medium,0.0,1.4061748097060208e-79,KXECKH287,600s
2,x_leads_y,-0.02559665486627561,-5.578540619404976,2.4254484205812968e-08,0.8659272221163953,53,5,10,28,medium,0.0,1.4061748097060208e-79,KXECKH287,600s
3,x_leads_y,-0.01721573442153414,-2.354557777462393,0.018544760493272163,0.8659272221163953,53,5,10,28,medium,0.0,1.4061748097060208e-79,KXECKH287,600s
4,x_leads_y,-0.01171255019611608,-1.284200746414148,0.1990717241082286,0.8659272221163953,53,5,10,28,medium,0.0,1.4061748097060208e-79,KXECKH287,600s
5,x_leads_y,-0.011821381701958195,-1.4403863906526482,0.14975811186145954,0.8659272221163953,53,5,10,28,medium,0.0,1.4061748097060208e-79,KXECKH287,600s
6,x_leads_y,-0.017504230489571646,-5.819147138890102,5.914864953718843e-09,0.8659272221163953,53,5,10,28,medium,0.0,1.4061748097060208e-79,KXECKH287,600s
7,x_leads_y,-0.01917099589753346,-12.81090951158535,1.4245496568423067e-37,0.8659272221163953,53,5,10,28,medium,0.0,1.4061748097060208e-79,KXECKH287,600s
8,x_leads_y,-0.016814463654420148,-3.682575057255248,0.0002308898566873187,0.8659272221163953,53,5,10,28,medium,0.0,1.4061748097060208e-79,KXECKH287,600s
9,x_leads_y,-0.011945128146817882,-2.434856419033263,0.014897699844395486,0.8659272221163953,53,5,10,28,medium,0.0,1.4061748097060208e-79,KXECKH287,600s
10,x_leads_y,-0.005882433650419396,-2.9898370839765023,0.0027912627747916723,0.8659272221163953,53,5,10,28,medium,0.0,1.4061748097060208e-79,KXECKH287,600s
-10,y_leads_x,-0.005890408223535649,-1.638108130955385,0.10139913913542307,0.8664290307348468,54,6,10,28,medium,0.0,2.4597551102726846e-81,KXECKH287,600s
-9,y_leads_x,-0.011632813620043562,-1.3932887969245091,0.1635324770358335,0.8664290307348468,54,6,10,28,medium,0.0,2.4597551102726846e-81,KXECKH287,600s
-8,y_leads_x,-0.011735885455629298,-1.3374658679728817,0.18107061639897692,0.8664290307348468,54,6,10,28,medium,0.0,2.4597551102726846e-81,KXECKH287,600s
-7,y_leads_x,-0.00925538078496746,-1.26457240659708,0.2060246497231999,0.8664290307348468,54,6,10,28,medium,0.0,2.4597551102726846e-81,KXECKH287,600s
-6,y_leads_x,-0.005052907506856299,-0.8406514203545739,0.4005432431284911,0.8664290307348468,54,6,10,28,medium,0.0,2.4597551102726846e-81,KXECKH287,600s
-5,y_leads_x,0.0019937675853614846,0.4071291893256577,0.6839131059280237,0.8664290307348468,54,6,10,28,medium,0.0,2.4597551102726846e-81,KXECKH287,600s
-4,y_leads_x,0.0031748844738582523,0.8470419297866583,0.39697175075421254,0.8664290307348468,54,6,10,28,medium,0.0,2.4597551102726846e-81,KXECKH287,600s
-3,y_leads_x,-0.0038240978216452517,-1.026604366700076,0.3046067970192007,0.8664290307348468,54,6,10,28,medium,0.0,2.4597551102726846e-81,KXECKH287,600s
-2,y_leads_x,-0.016166684466564933,-4.984102407711636,6.225010538523036e-07,0.8664290307348468,54,6,10,28,medium,0.0,2.4597551102726846e-81,KXECKH287,600s
-1,y_leads_x,-0.032491320214691255,-12.207876329591505,2.8215807279292035e-34,0.8664290307348468,54,6,10,28,medium,0.0,2.4597551102726846e-81,KXECKH287,600s
1,x_leads_y,-0.03736144908775518,-25.82322544397121,4.8644945882794924e-147,0.8664290307348468,54,6,10,28,medium,0.0,2.4597551102726846e-81,KXECKH287,600s
2,x_leads_y,-0.02540160829994862,-5.6396054321269595,1.7044026634478842e-08,0.8664290307348468,54,6,10,28,medium,0.0,2.4597551102726846e-81,KXECKH287,600s
3,x_leads_y,-0.017084550487412295,-2.380331656247778,0.01729706233528868,0.8664290307348468,54,6,10,28,medium,0.0,2.4597551102726846e-81,KXECKH287,600s
4,x_leads_y,-0.011623300537884578,-1.2982580928470928,0.19419866169744715,0.8664290307348468,54,6,10,28,medium,0.0,2.4597551102726846e-81,KXECKH287,600s
5,x_leads_y,-0.011731302747412978,-1.4561534041411786,0.14535021721479374,0.8664290307348468,54,6,10,28,medium,0.0,2.4597551102726846e-81,KXECKH287,600s
6,x_leads_y,-0.017370848214777353,-5.8828457214552445,4.032718017717235e-09,0.8664290307348468,54,6,10,28,medium,0.0,2.4597551102726846e-81,KXECKH287,600s
7,x_leads_y,-0.019024912866668006,-12.951142565979815,2.314828840625769e-38,0.8664290307348468,54,6,10,28,medium,0.0,2.4597551102726846e-81,KXECKH287,600s
8,x_leads_y,-0.016686337404425416,-3.722885914798106,0.00019695853270262776,0.8664290307348468,54,6,10,28,medium,0.0,2.4597551102726846e-81,KXECKH287,600s
9,x_leads_y,-0.011854106244090949,-2.4615092770793177,0.013835381961945102,0.8664290307348468,54,6,10,28,medium,0.0,2.4597551102726846e-81,KXECKH287,600s
10,x_leads_y,-0.005837609493077155,-3.0225649700059027,0.002506422731379631,0.8664290307348468,54,6,10,28,medium,0.0,2.4597551102726846e-81,KXECKH287,600s
-10,y_leads_x,-0.007936142476380956,-5.11720113009819,3.1010288838594204e-07,0.9265504956042062,42,3,10,19,medium,0.175598583258583,0.0003048315293187291,KXECKH287,600s
-9,y_leads_x,-0.01741248232972777,-14.549036004907803,5.92318516917797e-48,0.9265504956042062,42,3,10,19,medium,0.175598583258583,0.0003048315293187291,KXECKH287,600s
-8,y_leads_x,-0.019235847234376248,-35.5959724361827,1.6170967326731644e-277,0.9265504956042062,42,3,10,19,medium,0.175598583258583,0.0003048315293187291,KXECKH287,600s
-7,y_leads_x,-0.017287567467637724,-4.490250182022444,7.113956668417738e-06,0.9265504956042062,42,3,10,19,medium,0.175598583258583,0.0003048315293187291,KXECKH287,600s
-6,y_leads_x,-0.014179774082700144,-1.5617401143731409,0.11834922461403656,0.9265504956042062,42,3,10,19,medium,0.175598583258583,0.0003048315293187291,KXECKH287,600s
-5,y_leads_x,-0.006263364719053068,-0.5506966725628312,0.5818416260016681,0.9265504956042062,42,3,10,19,medium,0.175598583258583,0.0003048315293187291,KXECKH287,600s
-4,y_leads_x,-0.0035340984046526333,-0.330943405242467,0.7406872348969356,0.9265504956042062,42,3,10,19,medium,0.175598583258583,0.0003048315293187291,KXECKH287,600s
-3,y_leads_x,-0.009233809597987667,-1.37360811833647,0.16956337521361997,0.9265504956042062,42,3,10,19,medium,0.175598583258583,0.0003048315293187291,KXECKH287,600s
-2,y_leads_x,-0.021737648693494694,-5.848125773012301,4.971426067375552e-09,0.9265504956042062,42,3,10,19,medium,0.175598583258583,0.0003048315293187291,KXECKH287,600s
-1,y_leads_x,-0.03828058381211799,-98.89787740763774,0.0,0.9265504956042062,42,3,10,19,medium,0.175598583258583,0.0003048315293187291,KXECKH287,600s
1,x_leads_y,-0.044317642992644235,-15.622913990156228,5.0828562389169884e-55,0.9265504956042062,42,3,10,19,medium,0.175598583258583,0.0003048315293187291,KXECKH287,600s
2,x_leads_y,-0.030964845545442973,-4.471969114399753,7.750262303958485e-06,0.9265504956042062,42,3,10,19,medium,0.175598583258583,0.0003048315293187291,KXECKH287,600s
3,x_leads_y,-0.021861833497317736,-1.7836794310071342,0.07447577032600662,0.9265504956042062,42,3,10,19,medium,0.175598583258583,0.0003048315293187291,KXECKH287,600s
4,x_leads_y,-0.016640148639031432,-0.9977321263279242,0.31840927044911604,0.9265504956042062,42,3,10,19,medium,0.175598583258583,0.0003048315293187291,KXECKH287,600s
5,x_leads_y,-0.017481901305339245,-0.9838978517178183,0.32516574008632226,0.9265504956042062,42,3,10,19,medium,0.175598583258583,0.0003048315293187291,KXECKH287,600s
6,x_leads_y,-0.024286830426201528,-1.9561795765656476,0.05044400353745761,0.9265504956042062,42,3,10,19,medium,0.175598583258583,0.0003048315293187291,KXECKH287,600s
7,x_leads_y,-0.026926009551863132,-3.332064059677557,0.0008620441075558536,0.9265504956042062,42,3,10,19,medium,0.175598583258583,0.0003048315293187291,KXECKH287,600s
8,x_leads_y,-0.024781329448279685,-5.1198139219700645,3.058372747045299e-07,0.9265504956042062,42,3,10,19,medium,0.175598583258583,0.0003048315293187291,KXECKH287,600s
9,x_leads_y,-0.018892262432697392,-3.7939701756030733,0.00014825748976164736,0.9265504956042062,42,3,10,19,medium,0.175598583258583,0.0003048315293187291,KXECKH287,600s
10,x_leads_y,-0.011992244910427191,-1.721696983487838,0.08512442406652919,0.9265504956042062,42,3,10,19,medium,0.175598583258583,0.0003048315293187291,KXECKH287,600s
-10,y_leads_x,0.0007687262884215427,0.9615553543067982,0.336273007147998,0.834701837778103,197,4,10,173,high,0.0,0.0,KXECDJT281,600s
-9,y_leads_x,0.006650596246976507,4.477184437275319,7.563390451509616e-06,0.834701837778103,197,4,10,173,high,0.0,0.0,KXECDJT281,600s
-8,y_leads_x,-0.0017984614536143808,-0.5603638537610952,0.5752312814005194,0.834701837778103,197,4,10,173,high,0.0,0.0,KXECDJT281,600s
-7,y_leads_x,-0.014404358569484244,-2.829636177798,0.004660096344358702,0.834701837778103,197,4,10,173,high,0.0,0.0,KXECDJT281,600s
-6,y_leads_x,-0.030838290936221244,-5.00510158966803,5.583257763478046e-07,0.834701837778103,197,4,10,173,high,0.0,0.0,KXECDJT281,600s
-5,y_leads_x,-0.03914976363405023,-5.370506872828643,7.85156408249697e-08,0.834701837778103,197,4,10,173,high,0.0,0.0,KXECDJT281,600s
-4,y_leads_x,-0.037503144958873955,-4.1311017295384795,3.6102875747688696e-05,0.834701837778103,197,4,10,173,high,0.0,0.0,KXECDJT281,600s
-3,y_leads_x,-0.04132771527476661,-3.951247072887346,7.774500925862964e-05,0.834701837778103,197,4,10,173,high,0.0,0.0,KXECDJT281,600s
-2,y_leads_x,-0.06933210713325051,-8.812754486700165,1.22107778285291e-18,0.834701837778103,197,4,10,173,high,0.0,0.0,KXECDJT281,600s
-1,y_leads_x,-0.09806699222952031,-19.347696026584995,2.131601228832496e-83,0.834701837778103,197,4,10,173,high,0.0,0.0,KXECDJT281,600s
1,x_leads_y,-0.09775309186676913,-21.10805858531752,6.707171868744729e-99,0.834701837778103,197,4,10,173,high,0.0,0.0,KXECDJT281,600s
2,x_leads_y,-0.06851952209504547,-10.467626051220286,1.2165561907663548e-25,0.834701837778103,197,4,10,173,high,0.0,0.0,KXECDJT281,600s
3,x_leads_y,-0.040086126108399234,-4.734368833284433,2.197378200106007e-06,0.834701837778103,197,4,10,173,high,0.0,0.0,KXECDJT281,600s
4,x_leads_y,-0.0359482317397614,-5.526840313876066,3.2604947441416026e-08,0.834701837778103,197,4,10,173,high,0.0,0.0,KXECDJT281,600s
5,x_leads_y,-0.037406674256745154,-8.71395914582817,2.934421661732054e-18,0.834701837778103,197,4,10,173,high,0.0,0.0,KXECDJT281,600s
6,x_leads_y,-0.028965717072055957,-9.91190913226519,3.6951672480645975e-23,0.834701837778103,197,4,10,173,high,0.0,0.0,KXECDJT281,600s
7,x_leads_y,-0.012121115737832686,-5.042000900641384,4.606891195059115e-07,0.834701837778103,197,4,10,173,high,0.0,0.0,KXECDJT281,600s
8,x_leads_y,0.00032788985694789073,0.38160300943403647,0.7027558516652914,0.834701837778103,197,4,10,173,high,0.0,0.0,KXECDJT281,600s
9,x_leads_y,0.008086297868686844,10.234978233966325,1.3822626025723195e-24,0.834701837778103,197,4,10,173,high,0.0,0.0,KXECDJT281,600s
10,x_leads_y,0.0014500043871728406,0.8364228522021471,0.40291706105691893,0.834701837778103,197,4,10,173,high,0.0,0.0,KXECDJT281,600s
-3,y_leads_x,-0.027370708598671297,-1.2903358528245177,0.1969340737485994,0.8287294750234212,29,13,3,10,medium,0.0654270244525995,0.016250534995564923,538APPROVEMAX-24SEP30-T43,600s
-2,y_leads_x,-0.04393594495349225,-1.3627730462592014,0.17295404834333705,0.8287294750234212,29,13,3,10,medium,0.0654270244525995,0.016250534995564923,538APPROVEMAX-24SEP30-T43,600s
-1,y_leads_x,-0.032143338826792926,-2.8109126488705547,0.0049401195789825925,0.8287294750234212,29,13,3,10,medium,0.0654270244525995,0.016250534995564923,538APPROVEMAX-24SEP30-T43,600s
1,x_leads_y,-0.028690472500122112,-2.258814069211294,0.023894952991792787,0.8287294750234212,29,13,3,10,medium,0.0654270244525995,0.016250534995564923,538APPROVEMAX-24SEP30-T43,600s
2,x_leads_y,-0.0209214872574467,-0.9372225903575623,0.34864407186924207,0.8287294750234212,29,13,3,10,medium,0.0654270244525995,0.016250534995564923,538APPROVEMAX-24SEP30-T43,600s
3,x_leads_y,-0.005985619387653505,-0.48807661292559,0.6254955758378106,0.8287294750234212,29,13,3,10,medium,0.0654270244525995,0.016250534995564923,538APPROVEMAX-24SEP30-T43,600s
-10,y_leads_x,-0.005433889767213669,-24.493139198190576,1.747967999286169e-132,0.713090654479247,284,20,10,244,high,0.0,0.0,KXECDJT312,600s
-9,y_leads_x,-0.0059595856307115445,-3.2071828708431385,0.0013404175836207448,0.713090654479247,284,20,10,244,high,0.0,0.0,KXECDJT312,600s
-8,y_leads_x,-0.01091186154790756,-3.8868263018151272,0.0001015633738049157,0.713090654479247,284,20,10,244,high,0.0,0.0,KXECDJT312,600s
-7,y_leads_x,-0.017272026257769572,-9.502838782181906,2.042449615830519e-21,0.713090654479247,284,20,10,244,high,0.0,0.0,KXECDJT312,600s
-6,y_leads_x,-0.02851701867676959,-19.141925790124574,1.1301472365017576e-81,0.713090654479247,284,20,10,244,high,0.0,0.0,KXECDJT312,600s
-5,y_leads_x,-0.0277205813648226,-17.233382185259646,1.4916851393466271e-66,0.713090654479247,284,20,10,244,high,0.0,0.0,KXECDJT312,600s
-4,y_leads_x,-0.016804670334263375,-2.103931724364317,0.035384403166598404,0.713090654479247,284,20,10,244,high,0.0,0.0,KXECDJT312,600s
-3,y_leads_x,0.004557960398700104,0.3843602088848145,0.7007114883711338,0.713090654479247,284,20,10,244,high,0.0,0.0,KXECDJT312,600s
-2,y_leads_x,-0.016777148173510066,-2.038164657581552,0.041533468695046455,0.713090654479247,284,20,10,244,high,0.0,0.0,KXECDJT312,600s
-1,y_leads_x,-0.0640934455136111,-42.71460196847197,0.0,0.713090654479247,284,20,10,244,high,0.0,0.0,KXECDJT312,600s
1,x_leads_y,-0.06393709388957006,-36.28629314732428,2.661745555652414e-288,0.713090654479247,284,20,10,244,high,0.0,0.0,KXECDJT312,600s
2,x_leads_y,-0.016468916321770048,-2.0168536430464665,0.04371078896712385,0.713090654479247,284,20,10,244,high,0.0,0.0,KXECDJT312,600s
3,x_leads_y,0.0049088994873074925,0.447186598946365,0.654740336454836,0.713090654479247,284,20,10,244,high,0.0,0.0,KXECDJT312,600s
4,x_leads_y,-0.016479845566885802,-2.7134875316469875,0.0066579073671444635,0.713090654479247,284,20,10,244,high,0.0,0.0,KXECDJT312,600s
5,x_leads_y,-0.027803238108995633,-23.191880169611522,5.498794811723594e-119,0.713090654479247,284,20,10,244,high,0.0,0.0,KXECDJT312,600s
6,x_leads_y,-0.028825024500571915,-11.149445545382239,7.205393898143474e-29,0.713090654479247,284,20,10,244,high,0.0,0.0,KXECDJT312,600s
7,x_leads_y,-0.017685296854702527,-6.23420942153764,4.540653119849062e-10,0.713090654479247,284,20,10,244,high,0.0,0.0,KXECDJT312,600s
8,x_leads_y,-0.01163319210498114,-1.8510416151985416,0.06416356643587218,0.713090654479247,284,20,10,244,high,0.0,0.0,KXECDJT312,600s
9,x_leads_y,-0.006951856883806664,-1.4402982891937417,0.14978302523407366,0.713090654479247,284,20,10,244,high,0.0,0.0,KXECDJT312,600s
10,x_leads_y,-0.006081566731259794,-7.648216647118139,2.0378567416400462e-14,0.713090654479247,284,20,10,244,high,0.0,0.0,KXECDJT312,600s
-1,y_leads_x,-0.02402496919847973,-4.516846054411809,6.27675028816543e-06,0.8240158576629572,25,11,1,12,medium,0.032627761263607724,6.276750288165432e-06,538APPROVEMAX-24SEP30-T43,600s
1,x_leads_y,-0.01913188156017792,-2.136634131448427,0.03262776126360781,0.8240158576629572,25,11,1,12,medium,0.032627761263607724,6.276750288165432e-06,538APPROVEMAX-24SEP30-T43,600s
-10,y_leads_x,-0.007347353388474436,-3.253592071559383,0.0011395579015498062,0.8111126658770487,106,8,10,78,high,0.0,0.0,KXECDJT306,600s
-9,y_leads_x,-0.024661957373705,-2.0854350642977177,0.03702982676236404,0.8111126658770487,106,8,10,78,high,0.0,0.0,KXECDJT306,600s
-8,y_leads_x,-0.032266949122993424,-4.762075313958219,1.916121396777932e-06,0.8111126658770487,106,8,10,78,high,0.0,0.0,KXECDJT306,600s
-7,y_leads_x,-0.04352591435731243,-1.740759755275413,0.08172569905631895,0.8111126658770487,106,8,10,78,high,0.0,0.0,KXECDJT306,600s
-6,y_leads_x,-0.054688646873325114,-1.2499540629507544,0.2113163285355597,0.8111126658770487,106,8,10,78,high,0.0,0.0,KXECDJT306,600s
-5,y_leads_x,-0.08309597091621902,-1.5324272157857664,0.12541704571751208,0.8111126658770487,106,8,10,78,high,0.0,0.0,KXECDJT306,600s
-4,y_leads_x,-0.09854539505375737,-1.6310848057429224,0.10287242628326233,0.8111126658770487,106,8,10,78,high,0.0,0.0,KXECDJT306,600s
-3,y_leads_x,-0.09282826416560368,-1.893011140521208,0.058356387955568606,0.8111126658770487,106,8,10,78,high,0.0,0.0,KXECDJT306,600s
-2,y_leads_x,-0.0991803893211614,-2.266905203829795,0.02339601727191142,0.8111126658770487,106,8,10,78,high,0.0,0.0,KXECDJT306,600s
-1,y_leads_x,-0.11935631685826723,-5.787309477518704,7.152273600409058e-09,0.8111126658770487,106,8,10,78,high,0.0,0.0,KXECDJT306,600s
1,x_leads_y,-0.11133131577284419,-15.247602295906296,1.7079048065132595e-52,0.8111126658770487,106,8,10,78,high,0.0,0.0,KXECDJT306,600s
2,x_leads_y,-0.08397419779846693,-6.092096400506594,1.1144153810034088e-09,0.8111126658770487,106,8,10,78,high,0.0,0.0,KXECDJT306,600s
3,x_leads_y,-0.07293547148549952,-7.279709853829059,3.3453889567222676e-13,0.8111126658770487,106,8,10,78,high,0.0,0.0,KXECDJT306,600s
4,x_leads_y,-0.07046233470298793,-28.289282669748594,4.681878056848199e-176,0.8111126658770487,106,8,10,78,high,0.0,0.0,KXECDJT306,600s
5,x_leads_y,-0.05670010325609645,-6.809074182944522,9.822882143523645e-12,0.8111126658770487,106,8,10,78,high,0.0,0.0,KXECDJT306,600s
6,x_leads_y,-0.03207536639513707,-1.9753303979547234,0.048230665750353924,0.8111126658770487,106,8,10,78,high,0.0,0.0,KXECDJT306,600s
7,x_leads_y,-0.026344897013182603,-1.6559405186293246,0.09773386506701932,0.8111126658770487,106,8,10,78,high,0.0,0.0,KXECDJT306,600s
8,x_leads_y,-0.01897289760199391,-1.58141434217498,0.11378333027838412,0.8111126658770487,106,8,10,78,high,0.0,0.0,KXECDJT306,600s
9,x_leads_y,-0.013894999018684252,-1.3123433958595714,0.18940429625175315,0.8111126658770487,106,8,10,78,high,0.0,0.0,KXECDJT306,600s
10,x_leads_y,-0.0014966129257633603,-0.23524903269631645,0.8140154510638281,0.8111126658770487,106,8,10,78,high,0.0,0.0,KXECDJT306,600s
-10,y_leads_x,-0.007347353388474436,-3.253592071559383,0.0011395579015498062,0.8111126658770487,106,8,10,78,high,0.0,0.0,KXECDJT306,600s
-9,y_leads_x,-0.024661957373705,-2.0854350642977177,0.03702982676236404,0.8111126658770487,106,8,10,78,high,0.0,0.0,KXECDJT306,600s
-8,y_leads_x,-0.032266949122993424,-4.762075313958219,1.916121396777932e-06,0.8111126658770487,106,8,10,78,high,0.0,0.0,KXECDJT306,600s
-7,y_leads_x,-0.04352591435731243,-1.740759755275413,0.08172569905631895,0.8111126658770487,106,8,10,78,high,0.0,0.0,KXECDJT306,600s
-6,y_leads_x,-0.054688646873325114,-1.2499540629507544,0.2113163285355597,0.8111126658770487,106,8,10,78,high,0.0,0.0,KXECDJT306,600s
-5,y_leads_x,-0.08309597091621902,-1.5324272157857664,0.12541704571751208,0.8111126658770487,106,8,10,78,high,0.0,0.0,KXECDJT306,600s
-4,y_leads_x,-0.09854539505375737,-1.6310848057429224,0.10287242628326233,0.8111126658770487,106,8,10,78,high,0.0,0.0,KXECDJT306,600s
-3,y_leads_x,-0.09282826416560368,-1.893011140521208,0.058356387955568606,0.8111126658770487,106,8,10,78,high,0.0,0.0,KXECDJT306,600s
-2,y_leads_x,-0.0991803893211614,-2.266905203829795,0.02339601727191142,0.8111126658770487,106,8,10,78,high,0.0,0.0,KXECDJT306,600s
-1,y_leads_x,-0.11935631685826723,-5.787309477518704,7.152273600409058e-09,0.8111126658770487,106,8,10,78,high,0.0,0.0,KXECDJT306,600s
1,x_leads_y,-0.11133131577284419,-15.247602295906296,1.7079048065132595e-52,0.8111126658770487,106,8,10,78,high,0.0,0.0,KXECDJT306,600s
2,x_leads_y,-0.08397419779846693,-6.092096400506594,1.1144153810034088e-09,0.8111126658770487,106,8,10,78,high,0.0,0.0,KXECDJT306,600s
3,x_leads_y,-0.07293547148549952,-7.279709853829059,3.3453889567222676e-13,0.8111126658770487,106,8,10,78,high,0.0,0.0,KXECDJT306,600s
4,x_leads_y,-0.07046233470298793,-28.289282669748594,4.681878056848199e-176,0.8111126658770487,106,8,10,78,high,0.0,0.0,KXECDJT306,600s
5,x_leads_y,-0.05670010325609645,-6.809074182944522,9.822882143523645e-12,0.8111126658770487,106,8,10,78,high,0.0,0.0,KXECDJT306,600s
6,x_leads_y,-0.03207536639513707,-1.9753303979547234,0.048230665750353924,0.8111126658770487,106,8,10,78,high,0.0,0.0,KXECDJT306,600s
7,x_leads_y,-0.026344897013182603,-1.6559405186293246,0.09773386506701932,0.8111126658770487,106,8,10,78,high,0.0,0.0,KXECDJT306,600s
8,x_leads_y,-0.01897289760199391,-1.58141434217498,0.11378333027838412,0.8111126658770487,106,8,10,78,high,0.0,0.0,KXECDJT306,600s
9,x_leads_y,-0.013894999018684252,-1.3123433958595714,0.18940429625175315,0.8111126658770487,106,8,10,78,high,0.0,0.0,KXECDJT306,600s
10,x_leads_y,-0.0014966129257633603,-0.23524903269631645,0.8140154510638281,0.8111126658770487,106,8,10,78,high,0.0,0.0,KXECDJT306,600s
-10,y_leads_x,0.009942967089029784,1.7905996658855978,0.07335756070542634,0.6408990733921229,99,8,10,71,high,0.0,0.0,KXECDJT316,600s
-9,y_leads_x,0.013387412252975931,1.8153538278492822,0.06946955182653249,0.6408990733921229,99,8,10,71,high,0.0,0.0,KXECDJT316,600s
-8,y_leads_x,0.02837507964102875,1.2528054054117148,0.21027653398944446,0.6408990733921229,99,8,10,71,high,0.0,0.0,KXECDJT316,600s
-7,y_leads_x,0.031132848793547805,1.0507692214791295,0.2933645950103707,0.6408990733921229,99,8,10,71,high,0.0,0.0,KXECDJT316,600s
-6,y_leads_x,0.040164596938701835,3.5429898809960294,0.0003956178822897809,0.6408990733921229,99,8,10,71,high,0.0,0.0,KXECDJT316,600s
-5,y_leads_x,0.031051698757680504,2.846924049605213,0.004414389289755269,0.6408990733921229,99,8,10,71,high,0.0,0.0,KXECDJT316,600s
-4,y_leads_x,0.010138766380523509,7.0077984305597605,2.420972432383724e-12,0.6408990733921229,99,8,10,71,high,0.0,0.0,KXECDJT316,600s
-3,y_leads_x,-0.009000678327070919,-1.6386508560724318,0.10128599438826691,0.6408990733921229,99,8,10,71,high,0.0,0.0,KXECDJT316,600s
-2,y_leads_x,-0.03693648774667778,-2.391106256118193,0.01679769066349011,0.6408990733921229,99,8,10,71,high,0.0,0.0,KXECDJT316,600s
-1,y_leads_x,-0.04862608298692988,-3.708216314340881,0.00020872432138054715,0.6408990733921229,99,8,10,71,high,0.0,0.0,KXECDJT316,600s
1,x_leads_y,-0.04923129576215274,-35.201515270473394,1.8956004825258326e-271,0.6408990733921229,99,8,10,71,high,0.0,0.0,KXECDJT316,600s
2,x_leads_y,-0.037616269744616404,-10.036577205708022,1.0526349462911566e-23,0.6408990733921229,99,8,10,71,high,0.0,0.0,KXECDJT316,600s
3,x_leads_y,-0.009568858005357516,-1.0246240819832917,0.3055405970326631,0.6408990733921229,99,8,10,71,high,0.0,0.0,KXECDJT316,600s
4,x_leads_y,0.009325252825103434,0.6744871379367674,0.5000016602310863,0.6408990733921229,99,8,10,71,high,0.0,0.0,KXECDJT316,600s
5,x_leads_y,0.030409843610046557,2.7635047668988357,0.005718425706589863,0.6408990733921229,99,8,10,71,high,0.0,0.0,KXECDJT316,600s
6,x_leads_y,0.03951068155646805,5.7295493501394885,1.0069779145281448e-08,0.6408990733921229,99,8,10,71,high,0.0,0.0,KXECDJT316,600s
7,x_leads_y,0.031106152706437996,14.22364322865747,6.535969961338461e-46,0.6408990733921229,99,8,10,71,high,0.0,0.0,KXECDJT316,600s
8,x_leads_y,0.028322574842585522,41.3486657545843,0.0,0.6408990733921229,99,8,10,71,high,0.0,0.0,KXECDJT316,600s
9,x_leads_y,0.013420406863269965,5.494880089212969,3.9097598213962145e-08,0.6408990733921229,99,8,10,71,high,0.0,0.0,KXECDJT316,600s
10,x_leads_y,0.010067659340504426,3.001262973728103,0.0026886226310051955,0.6408990733921229,99,8,10,71,high,0.0,0.0,KXECDJT316,600s
-7,y_leads_x,-0.0048127847022485255,-1.128466753953488,0.2591228498047362,0.8610259485379634,28,3,7,11,medium,0.008433483258565293,0.1468685259728049,FEDDECISION-24NOV-H0,600s
-6,y_leads_x,-0.008785095913582985,-1.2861269800608226,0.19839874952181313,0.8610259485379634,28,3,7,11,medium,0.008433483258565293,0.1468685259728049,FEDDECISION-24NOV-H0,600s
-5,y_leads_x,-0.010664899308058504,-1.6590369509276077,0.0971083466653483,0.8610259485379634,28,3,7,11,medium,0.008433483258565293,0.1468685259728049,FEDDECISION-24NOV-H0,600s
-4,y_leads_x,-0.01360739765190812,-2.0731627728005724,0.038157133651514505,0.8610259485379634,28,3,7,11,medium,0.008433483258565293,0.1468685259728049,FEDDECISION-24NOV-H0,600s
-3,y_leads_x,-0.015702239155986238,-1.4078333924252244,0.1591804099939791,0.8610259485379634,28,3,7,11,medium,0.008433483258565293,0.1468685259728049,FEDDECISION-24NOV-H0,600s
-2,y_leads_x,-0.014809040587004212,-1.0809727976380006,0.279709214132021,0.8610259485379634,28,3,7,11,medium,0.008433483258565293,0.1468685259728049,FEDDECISION-24NOV-H0,600s
-1,y_leads_x,-0.018902299520072663,-2.9416568019902014,0.0032646151638565817,0.8610259485379634,28,3,7,11,medium,0.008433483258565293,0.1468685259728049,FEDDECISION-24NOV-H0,600s
1,x_leads_y,-0.018983554876686577,-4.147403059295267,3.3626777478949906e-05,0.8610259485379634,28,3,7,11,medium,0.008433483258565293,0.1468685259728049,FEDDECISION-24NOV-H0,600s
2,x_leads_y,-0.016274595849277117,-2.3096327742034077,0.02090849352018877,0.8610259485379634,28,3,7,11,medium,0.008433483258565293,0.1468685259728049,FEDDECISION-24NOV-H0,600s
3,x_leads_y,-0.017039632932067183,-2.9584958478226304,0.003091444064978003,0.8610259485379634,28,3,7,11,medium,0.008433483258565293,0.1468685259728049,FEDDECISION-24NOV-H0,600s
4,x_leads_y,-0.012664688965744329,-3.0010143750177622,0.0026908186188488157,0.8610259485379634,28,3,7,11,medium,0.008433483258565293,0.1468685259728049,FEDDECISION-24NOV-H0,600s
5,x_leads_y,-0.00728380751945948,-0.9509518129624112,0.3416288378737772,0.8610259485379634,28,3,7,11,medium,0.008433483258565293,0.1468685259728049,FEDDECISION-24NOV-H0,600s
6,x_leads_y,-0.005939191086639586,-0.8997580752199028,0.36824900994041576,0.8610259485379634,28,3,7,11,medium,0.008433483258565293,0.1468685259728049,FEDDECISION-24NOV-H0,600s
7,x_leads_y,-0.0036779195362908077,-1.2010728730607398,0.22972293465684823,0.8610259485379634,28,3,7,11,medium,0.008433483258565293,0.1468685259728049,FEDDECISION-24NOV-H0,600s
-10,y_leads_x,-0.0064086761692762895,-4.610127421475192,4.024222419265342e-06,0.9574583407008953,47,7,10,20,medium,3.8595419356439465e-143,9.15549356328572e-26,FEDDECISION-24NOV-H0,600s
-9,y_leads_x,-0.010856137211896905,-5.587410038913526,2.3048108380949574e-08,0.9574583407008953,47,7,10,20,medium,3.8595419356439465e-143,9.15549356328572e-26,FEDDECISION-24NOV-H0,600s
-8,y_leads_x,-0.013796101973882589,-14.351107792730549,1.0484894148945699e-46,0.9574583407008953,47,7,10,20,medium,3.8595419356439465e-143,9.15549356328572e-26,FEDDECISION-24NOV-H0,600s
-7,y_leads_x,-0.015973426820267894,-5.472992109652001,4.4249982219089714e-08,0.9574583407008953,47,7,10,20,medium,3.8595419356439465e-143,9.15549356328572e-26,FEDDECISION-24NOV-H0,600s
-6,y_leads_x,-0.01753063748610989,-4.568284500822531,4.917322862492763e-06,0.9574583407008953,47,7,10,20,medium,3.8595419356439465e-143,9.15549356328572e-26,FEDDECISION-24NOV-H0,600s
-5,y_leads_x,-0.01743945194798868,-6.053245191441039,1.4195654251728637e-09,0.9574583407008953,47,7,10,20,medium,3.8595419356439465e-143,9.15549356328572e-26,FEDDECISION-24NOV-H0,600s
-4,y_leads_x,-0.021034887911452155,-7.157989984237758,8.186853479885325e-13,0.9574583407008953,47,7,10,20,medium,3.8595419356439465e-143,9.15549356328572e-26,FEDDECISION-24NOV-H0,600s
-3,y_leads_x,-0.02267885921556409,-7.524912808495931,5.2755517399071435e-14,0.9574583407008953,47,7,10,20,medium,3.8595419356439465e-143,9.15549356328572e-26,FEDDECISION-24NOV-H0,600s
-2,y_leads_x,-0.022252365963303468,-7.256495583819776,3.9724769454997537e-13,0.9574583407008953,47,7,10,20,medium,3.8595419356439465e-143,9.15549356328572e-26,FEDDECISION-24NOV-H0,600s
-1,y_leads_x,-0.02198925193385294,-11.569402196902825,5.889156186548832e-31,0.9574583407008953,47,7,10,20,medium,3.8595419356439465e-143,9.15549356328572e-26,FEDDECISION-24NOV-H0,600s
1,x_leads_y,-0.020718548382758915,-25.475904474903768,3.646451727361223e-143,0.9574583407008953,47,7,10,20,medium,3.8595419356439465e-143,9.15549356328572e-26,FEDDECISION-24NOV-H0,600s
2,x_leads_y,-0.01771691337641852,-10.462909732534742,1.2786750156729817e-25,0.9574583407008953,47,7,10,20,medium,3.8595419356439465e-143,9.15549356328572e-26,FEDDECISION-24NOV-H0,600s
3,x_leads_y,-0.013187568928942794,-8.367566122795587,5.882051730775169e-17,0.9574583407008953,47,7,10,20,medium,3.8595419356439465e-143,9.15549356328572e-26,FEDDECISION-24NOV-H0,600s
4,x_leads_y,-0.013389652045975068,-7.560895366876608,4.003041675568326e-14,0.9574583407008953,47,7,10,20,medium,3.8595419356439465e-143,9.15549356328572e-26,FEDDECISION-24NOV-H0,600s
5,x_leads_y,-0.013925387497178011,-9.907945044588782,3.8447242668684146e-23,0.9574583407008953,47,7,10,20,medium,3.8595419356439465e-143,9.15549356328572e-26,FEDDECISION-24NOV-H0,600s
6,x_leads_y,-0.011379725013759815,-5.023189399973663,5.082038279416747e-07,0.9574583407008953,47,7,10,20,medium,3.8595419356439465e-143,9.15549356328572e-26,FEDDECISION-24NOV-H0,600s
7,x_leads_y,-0.0073663032839331784,-2.114899793974369,0.03443848876194593,0.9574583407008953,47,7,10,20,medium,3.8595419356439465e-143,9.15549356328572e-26,FEDDECISION-24NOV-H0,600s
8,x_leads_y,-0.008753078608560783,-2.1360893468365885,0.032672131924491234,0.9574583407008953,47,7,10,20,medium,3.8595419356439465e-143,9.15549356328572e-26,FEDDECISION-24NOV-H0,600s
9,x_leads_y,-0.007891202663849807,-2.1042609103975223,0.03535569386844254,0.9574583407008953,47,7,10,20,medium,3.8595419356439465e-143,9.15549356328572e-26,FEDDECISION-24NOV-H0,600s
10,x_leads_y,-0.0056354195155365406,-1.5570316683041008,0.11946296684334995,0.9574583407008953,47,7,10,20,medium,3.8595419356439465e-143,9.15549356328572e-26,FEDDECISION-24NOV-H0,600s
-10,y_leads_x,-0.020901801079036934,-3.679772405876757,0.00023344220515522334,0.9858692955403677,51,10,10,21,medium,0.0,0.0,KX538APPROVEMIN-24NOV30-T37,600s
-9,y_leads_x,-0.03479475800496008,-3.177583653455012,0.0014850784123013887,0.9858692955403677,51,10,10,21,medium,0.0,0.0,KX538APPROVEMIN-24NOV30-T37,600s
-8,y_leads_x,-0.06430225727790508,-3.2685058310358355,0.0010811694968063156,0.9858692955403677,51,10,10,21,medium,0.0,0.0,KX538APPROVEMIN-24NOV30-T37,600s
-7,y_leads_x,-0.08636762325061363,-2.842509789452452,0.0044759856482071685,0.9858692955403677,51,10,10,21,medium,0.0,0.0,KX538APPROVEMIN-24NOV30-T37,600s
-6,y_leads_x,-0.09046718299080996,-2.86837983415491,0.004125798898891048,0.9858692955403677,51,10,10,21,medium,0.0,0.0,KX538APPROVEMIN-24NOV30-T37,600s
-5,y_leads_x,-0.08699803090230655,-3.317331525248641,0.000908817074848056,0.9858692955403677,51,10,10,21,medium,0.0,0.0,KX538APPROVEMIN-24NOV30-T37,600s
-4,y_leads_x,-0.09456464136152044,-4.023776073839721,5.7272375580559935e-05,0.9858692955403677,51,10,10,21,medium,0.0,0.0,KX538APPROVEMIN-24NOV30-T37,600s
-3,y_leads_x,-0.09602907763133522,-6.093378627459723,1.1055216190668649e-09,0.9858692955403677,51,10,10,21,medium,0.0,0.0,KX538APPROVEMIN-24NOV30-T37,600s
-2,y_leads_x,-0.1144035283514899,-9.675757510685319,3.8225023095640943e-22,0.9858692955403677,51,10,10,21,medium,0.0,0.0,KX538APPROVEMIN-24NOV30-T37,600s
-1,y_leads_x,-0.13072116137632672,-22.1609931190399,8.172837479810085e-109,0.9858692955403677,51,10,10,21,medium,0.0,0.0,KX538APPROVEMIN-24NOV30-T37,600s
1,x_leads_y,-0.11658259756566003,-18.544270119372108,9.072390227794159e-77,0.9858692955403677,51,10,10,21,medium,0.0,0.0,KX538APPROVEMIN-24NOV30-T37,600s
2,x_leads_y,-0.10552829211782325,-7.034096619279114,2.0055611906414022e-12,0.9858692955403677,51,10,10,21,medium,0.0,0.0,KX538APPROVEMIN-24NOV30-T37,600s
3,x_leads_y,-0.08397477608868945,-4.014324182649049,5.961636231260256e-05,0.9858692955403677,51,10,10,21,medium,0.0,0.0,KX538APPROVEMIN-24NOV30-T37,600s
4,x_leads_y,-0.0686698258440337,-3.2318202467536103,0.0012300440623810131,0.9858692955403677,51,10,10,21,medium,0.0,0.0,KX538APPROVEMIN-24NOV30-T37,600s
5,x_leads_y,-0.04214211949851625,-1.8568145276114176,0.06333754612094365,0.9858692955403677,51,10,10,21,medium,0.0,0.0,KX538APPROVEMIN-24NOV30-T37,600s
6,x_leads_y,-0.024015143010403934,-1.0038011827563071,0.31547445419601716,0.9858692955403677,51,10,10,21,medium,0.0,0.0,KX538APPROVEMIN-24NOV30-T37,600s
7,x_leads_y,-0.008691754385626943,-0.4397726534755915,0.6601017757694947,0.9858692955403677,51,10,10,21,medium,0.0,0.0,KX538APPROVEMIN-24NOV30-T37,600s
8,x_leads_y,0.001568065771877702,0.09020205972861434,0.9281266475748624,0.9858692955403677,51,10,10,21,medium,0.0,0.0,KX538APPROVEMIN-24NOV30-T37,600s
9,x_leads_y,0.010854286081650804,0.7140034245787912,0.47522506184500257,0.9858692955403677,51,10,10,21,medium,0.0,0.0,KX538APPROVEMIN-24NOV30-T37,600s
10,x_leads_y,0.0053013199472407395,0.6463189082398288,0.5180728449568552,0.9858692955403677,51,10,10,21,medium,0.0,0.0,KX538APPROVEMIN-24NOV30-T37,600s
-10,y_leads_x,-0.0039419274254177145,-3.5639438571449102,0.0003653241253010823,0.7220963476791248,1091,23,10,1048,high,0.0,0.0,KXFEDDECISION-24DEC-C25,600s
-9,y_leads_x,-0.004772690832616436,-3.1346993506108904,0.0017203032259746074,0.7220963476791248,1091,23,10,1048,high,0.0,0.0,KXFEDDECISION-24DEC-C25,600s
-8,y_leads_x,-0.006263304248731262,-3.1036191773053785,0.0019116922379183636,0.7220963476791248,1091,23,10,1048,high,0.0,0.0,KXFEDDECISION-24DEC-C25,600s
-7,y_leads_x,-0.00384790806417993,-2.26302829797231,0.023633944936601595,0.7220963476791248,1091,23,10,1048,high,0.0,0.0,KXFEDDECISION-24DEC-C25,600s
-6,y_leads_x,-0.005020640695161017,-2.3764436551440156,0.017480430893996268,0.7220963476791248,1091,23,10,1048,high,0.0,0.0,KXFEDDECISION-24DEC-C25,600s
-5,y_leads_x,-0.01029737970163713,-2.846190469819815,0.004424572100274164,0.7220963476791248,1091,23,10,1048,high,0.0,0.0,KXFEDDECISION-24DEC-C25,600s
-4,y_leads_x,-0.014056149316654996,-3.5354777257879846,0.0004070385591674962,0.7220963476791248,1091,23,10,1048,high,0.0,0.0,KXFEDDECISION-24DEC-C25,600s
-3,y_leads_x,-0.01942844619704913,-4.930162074082745,8.216142402565125e-07,0.7220963476791248,1091,23,10,1048,high,0.0,0.0,KXFEDDECISION-24DEC-C25,600s
-2,y_leads_x,-0.025798325791705632,-7.949717112410598,1.869378925621942e-15,0.7220963476791248,1091,23,10,1048,high,0.0,0.0,KXFEDDECISION-24DEC-C25,600s
-1,y_leads_x,-0.032771614807147124,-12.342214293918557,5.365954860978325e-35,0.7220963476791248,1091,23,10,1048,high,0.0,0.0,KXFEDDECISION-24DEC-C25,600s
1,x_leads_y,-0.03283054524583426,-13.188392283024587,1.0234464102015151e-39,0.7220963476791248,1091,23,10,1048,high,0.0,0.0,KXFEDDECISION-24DEC-C25,600s
2,x_leads_y,-0.02573234136570572,-7.825680314105523,5.049189192906757e-15,0.7220963476791248,1091,23,10,1048,high,0.0,0.0,KXFEDDECISION-24DEC-C25,600s
3,x_leads_y,-0.019303086799771507,-5.5684387365674,2.5703196752794584e-08,0.7220963476791248,1091,23,10,1048,high,0.0,0.0,KXFEDDECISION-24DEC-C25,600s
4,x_leads_y,-0.01383910901519994,-4.050868044787728,5.1027979236767e-05,0.7220963476791248,1091,23,10,1048,high,0.0,0.0,KXFEDDECISION-24DEC-C25,600s
5,x_leads_y,-0.010274077978113918,-3.1140231905540214,0.0018455498342278426,0.7220963476791248,1091,23,10,1048,high,0.0,0.0,KXFEDDECISION-24DEC-C25,600s
6,x_leads_y,-0.005238958921957872,-2.3988932212740806,0.016444709314522497,0.7220963476791248,1091,23,10,1048,high,0.0,0.0,KXFEDDECISION-24DEC-C25,600s
7,x_leads_y,-0.003804605170153322,-1.9614062825422105,0.04983164770920485,0.7220963476791248,1091,23,10,1048,high,0.0,0.0,KXFEDDECISION-24DEC-C25,600s
8,x_leads_y,-0.006174173110689612,-3.4892832902523514,0.00048431758153153154,0.7220963476791248,1091,23,10,1048,high,0.0,0.0,KXFEDDECISION-24DEC-C25,600s
9,x_leads_y,-0.0043510930391641375,-3.8491189525832463,0.00011854343411624612,0.7220963476791248,1091,23,10,1048,high,0.0,0.0,KXFEDDECISION-24DEC-C25,600s
10,x_leads_y,-0.0034551820264039144,-2.7440251191364755,0.0060690893708827175,0.7220963476791248,1091,23,10,1048,high,0.0,0.0,KXFEDDECISION-24DEC-C25,600s
-10,y_leads_x,-0.003423207469836034,-3.888384228857714,0.00010091378509942226,0.6714862547808852,1680,39,10,1621,high,0.0,0.0,KXFEDDECISION-24DEC-C25,600s
-9,y_leads_x,-0.003990621839723943,-3.719736534450496,0.0001994307027814322,0.6714862547808852,1680,39,10,1621,high,0.0,0.0,KXFEDDECISION-24DEC-C25,600s
-8,y_leads_x,-0.005287752122326477,-3.7033712840051605,0.00021275315152014687,0.6714862547808852,1680,39,10,1621,high,0.0,0.0,KXFEDDECISION-24DEC-C25,600s
-7,y_leads_x,-0.0027057966562525253,-2.9208462693237167,0.0034908203238032866,0.6714862547808852,1680,39,10,1621,high,0.0,0.0,KXFEDDECISION-24DEC-C25,600s
-6,y_leads_x,-0.0032258920947980303,-2.3199285772133456,0.02034474135884975,0.6714862547808852,1680,39,10,1621,high,0.0,0.0,KXFEDDECISION-24DEC-C25,600s
-5,y_leads_x,-0.007412865614827109,-3.04093336286361,0.0023584602135544616,0.6714862547808852,1680,39,10,1621,high,0.0,0.0,KXFEDDECISION-24DEC-C25,600s
-4,y_leads_x,-0.010050327319921502,-3.527770543272062,0.0004190752613237548,0.6714862547808852,1680,39,10,1621,high,0.0,0.0,KXFEDDECISION-24DEC-C25,600s
-3,y_leads_x,-0.014330782634606534,-4.670705071552409,3.0016764936055385e-06,0.6714862547808852,1680,39,10,1621,high,0.0,0.0,KXFEDDECISION-24DEC-C25,600s
-2,y_leads_x,-0.019669174076058102,-7.256703530449317,3.9663773493617825e-13,0.6714862547808852,1680,39,10,1621,high,0.0,0.0,KXFEDDECISION-24DEC-C25,600s
-1,y_leads_x,-0.02568946288670914,-10.839122724027305,2.246145676765998e-27,0.6714862547808852,1680,39,10,1621,high,0.0,0.0,KXFEDDECISION-24DEC-C25,600s
1,x_leads_y,-0.025690630345951357,-11.324456728474436,9.929254798500601e-30,0.6714862547808852,1680,39,10,1621,high,0.0,0.0,KXFEDDECISION-24DEC-C25,600s
2,x_leads_y,-0.019531840524741422,-7.0070224809897885,2.434431628172149e-12,0.6714862547808852,1680,39,10,1621,high,0.0,0.0,KXFEDDECISION-24DEC-C25,600s
3,x_leads_y,-0.014175663349360608,-5.193891442226101,2.0594325666740676e-07,0.6714862547808852,1680,39,10,1621,high,0.0,0.0,KXFEDDECISION-24DEC-C25,600s
4,x_leads_y,-0.009812118419114849,-3.9774000095420825,6.967290516518078e-05,0.6714862547808852,1680,39,10,1621,high,0.0,0.0,KXFEDDECISION-24DEC-C25,600s
5,x_leads_y,-0.007303851076107657,-3.2554998649776237,0.0011319295029055875,0.6714862547808852,1680,39,10,1621,high,0.0,0.0,KXFEDDECISION-24DEC-C25,600s
6,x_leads_y,-0.0033319214090445966,-2.186755344173202,0.02876038900718408,0.6714862547808852,1680,39,10,1621,high,0.0,0.0,KXFEDDECISION-24DEC-C25,600s
7,x_leads_y,-0.0026257904431965656,-2.0559421733498886,0.03978809040771458,0.6714862547808852,1680,39,10,1621,high,0.0,0.0,KXFEDDECISION-24DEC-C25,600s
8,x_leads_y,-0.0051996030684717575,-4.2243710766419555,2.396089694822126e-05,0.6714862547808852,1680,39,10,1621,high,0.0,0.0,KXFEDDECISION-24DEC-C25,600s
9,x_leads_y,-0.003694419903915589,-4.6877687994292545,2.7619979612375967e-06,0.6714862547808852,1680,39,10,1621,high,0.0,0.0,KXFEDDECISION-24DEC-C25,600s
10,x_leads_y,-0.0030504913397945434,-2.874944522553276,0.004040984939265906,0.6714862547808852,1680,39,10,1621,high,0.0,0.0,KXFEDDECISION-24DEC-C25,600s
-10,y_leads_x,-0.021000932042176283,-3.0561588351153675,0.0022419245670957043,0.9884829018745523,42,8,10,14,medium,0.0,0.0,KX538APPROVEMIN-24NOV30-T37,600s
-9,y_leads_x,-0.03356774314297151,-2.341998318136705,0.019180801358494554,0.9884829018745523,42,8,10,14,medium,0.0,0.0,KX538APPROVEMIN-24NOV30-T37,600s
-8,y_leads_x,-0.062052404410145756,-2.6174651707541137,0.00885855281549508,0.9884829018745523,42,8,10,14,medium,0.0,0.0,KX538APPROVEMIN-24NOV30-T37,600s
-7,y_leads_x,-0.08154399714040958,-2.2957383934691333,0.021690843808446922,0.9884829018745523,42,8,10,14,medium,0.0,0.0,KX538APPROVEMIN-24NOV30-T37,600s
-6,y_leads_x,-0.08675618304972736,-2.4666400912433084,0.013638736618770549,0.9884829018745523,42,8,10,14,medium,0.0,0.0,KX538APPROVEMIN-24NOV30-T37,600s
-5,y_leads_x,-0.08596130289820487,-3.0072652801916053,0.002636096104559673,0.9884829018745523,42,8,10,14,medium,0.0,0.0,KX538APPROVEMIN-24NOV30-T37,600s
-4,y_leads_x,-0.09644477801977992,-3.8026259297629936,0.00014317044983845108,0.9884829018745523,42,8,10,14,medium,0.0,0.0,KX538APPROVEMIN-24NOV30-T37,600s
-3,y_leads_x,-0.1010758892313062,-5.922890104079981,3.163322509544097e-09,0.9884829018745523,42,8,10,14,medium,0.0,0.0,KX538APPROVEMIN-24NOV30-T37,600s
-2,y_leads_x,-0.12102545694153065,-9.690844664993591,3.2978981255316986e-22,0.9884829018745523,42,8,10,14,medium,0.0,0.0,KX538APPROVEMIN-24NOV30-T37,600s
-1,y_leads_x,-0.14110837181629715,-19.790299625383128,3.60890009039679e-87,0.9884829018745523,42,8,10,14,medium,0.0,0.0,KX538APPROVEMIN-24NOV30-T37,600s
1,x_leads_y,-0.13214082398543808,-12.397578450677017,2.6934055864398275e-35,0.9884829018745523,42,8,10,14,medium,0.0,0.0,KX538APPROVEMIN-24NOV30-T37,600s
2,x_leads_y,-0.12586449501264754,-5.196111909913109,2.0349978173071157e-07,0.9884829018745523,42,8,10,14,medium,0.0,0.0,KX538APPROVEMIN-24NOV30-T37,600s
3,x_leads_y,-0.1094837525574985,-2.929455546881153,0.0033955637761896524,0.9884829018745523,42,8,10,14,medium,0.0,0.0,KX538APPROVEMIN-24NOV30-T37,600s
4,x_leads_y,-0.0944852660147083,-2.4807121449422542,0.013112021296286277,0.9884829018745523,42,8,10,14,medium,0.0,0.0,KX538APPROVEMIN-24NOV30-T37,600s
5,x_leads_y,-0.06403054737652494,-1.5523466969086277,0.12057929015319953,0.9884829018745523,42,8,10,14,medium,0.0,0.0,KX538APPROVEMIN-24NOV30-T37,600s
6,x_leads_y,-0.04353360875492113,-0.9544475044829951,0.33985716983687253,0.9884829018745523,42,8,10,14,medium,0.0,0.0,KX538APPROVEMIN-24NOV30-T37,600s
7,x_leads_y,-0.02331553146964081,-0.574682756893664,0.5655058712195031,0.9884829018745523,42,8,10,14,medium,0.0,0.0,KX538APPROVEMIN-24NOV30-T37,600s
8,x_leads_y,-0.00887764683088981,-0.22905083929364015,0.8188294022504263,0.9884829018745523,42,8,10,14,medium,0.0,0.0,KX538APPROVEMIN-24NOV30-T37,600s
9,x_leads_y,0.0065049579019027,0.19711453786573993,0.8437379070427602,0.9884829018745523,42,8,10,14,medium,0.0,0.0,KX538APPROVEMIN-24NOV30-T37,600s
10,x_leads_y,0.0034260804220838754,0.18729801049327924,0.8514269827822335,0.9884829018745523,42,8,10,14,medium,0.0,0.0,KX538APPROVEMIN-24NOV30-T37,600s
-10,y_leads_x,-0.004930342207085866,-3.48635356358917,0.0004896533790383036,0.7329976811290194,957,20,10,917,high,0.0,0.0,KXFEDDECISION-24DEC-C25,600s
-9,y_leads_x,-0.00612651615622642,-3.7260618974574005,0.00019449466221890815,0.7329976811290194,957,20,10,917,high,0.0,0.0,KXFEDDECISION-24DEC-C25,600s
-8,y_leads_x,-0.008344716757041093,-4.2910944012637815,1.7779470694392998e-05,0.7329976811290194,957,20,10,917,high,0.0,0.0,KXFEDDECISION-24DEC-C25,600s
-7,y_leads_x,-0.006073111585038678,-2.825995472641808,0.0047133930225742235,0.7329976811290194,957,20,10,917,high,0.0,0.0,KXFEDDECISION-24DEC-C25,600s
-6,y_leads_x,-0.0091559827863694,-3.094643961230009,0.001970492809428945,0.7329976811290194,957,20,10,917,high,0.0,0.0,KXFEDDECISION-24DEC-C25,600s
-5,y_leads_x,-0.015952499410047036,-3.5528849062012156,0.00038103113419359123,0.7329976811290194,957,20,10,917,high,0.0,0.0,KXFEDDECISION-24DEC-C25,600s
-4,y_leads_x,-0.020470771236208066,-4.518119626694756,6.239123333133345e-06,0.7329976811290194,957,20,10,917,high,0.0,0.0,KXFEDDECISION-24DEC-C25,600s
-3,y_leads_x,-0.02581275862022995,-5.967426110884542,2.410253754341441e-09,0.7329976811290194,957,20,10,917,high,0.0,0.0,KXFEDDECISION-24DEC-C25,600s
-2,y_leads_x,-0.03226655508392886,-8.835420324739813,9.972258824483758e-19,0.7329976811290194,957,20,10,917,high,0.0,0.0,KXFEDDECISION-24DEC-C25,600s
-1,y_leads_x,-0.039058686368271506,-13.386251864347615,7.276099632629013e-41,0.7329976811290194,957,20,10,917,high,0.0,0.0,KXFEDDECISION-24DEC-C25,600s
1,x_leads_y,-0.03894742974419162,-13.091656168979384,3.6750609384414996e-39,0.7329976811290194,957,20,10,917,high,0.0,0.0,KXFEDDECISION-24DEC-C25,600s
2,x_leads_y,-0.03162854555588554,-8.348877596881232,6.891471051958307e-17,0.7329976811290194,957,20,10,917,high,0.0,0.0,KXFEDDECISION-24DEC-C25,600s
3,x_leads_y,-0.024744901677193478,-6.16368458933384,7.107144110680597e-10,0.7329976811290194,957,20,10,917,high,0.0,0.0,KXFEDDECISION-24DEC-C25,600s
4,x_leads_y,-0.019345018604291758,-5.104229977413359,3.3214415447817365e-07,0.7329976811290194,957,20,10,917,high,0.0,0.0,KXFEDDECISION-24DEC-C25,600s
5,x_leads_y,-0.015859915873613274,-4.1815697808300785,2.8950337085567825e-05,0.7329976811290194,957,20,10,917,high,0.0,0.0,KXFEDDECISION-24DEC-C25,600s
6,x_leads_y,-0.009861115002549966,-2.881329204228816,0.003960017909762758,0.7329976811290194,957,20,10,917,high,0.0,0.0,KXFEDDECISION-24DEC-C25,600s
7,x_leads_y,-0.008285504818217488,-2.474042450249322,0.01335938219460706,0.7329976811290194,957,20,10,917,high,0.0,0.0,KXFEDDECISION-24DEC-C25,600s
8,x_leads_y,-0.010296600764107872,-3.1024388942158163,0.001919331676717863,0.7329976811290194,957,20,10,917,high,0.0,0.0,KXFEDDECISION-24DEC-C25,600s
9,x_leads_y,-0.007104342354917666,-2.6933324711226865,0.007074168705613948,0.7329976811290194,957,20,10,917,high,0.0,0.0,KXFEDDECISION-24DEC-C25,600s
10,x_leads_y,-0.005567282505993708,-2.2392151758925,0.025141918877194042,0.7329976811290194,957,20,10,917,high,0.0,0.0,KXFEDDECISION-24DEC-C25,600s
-10,y_leads_x,-0.003753955330584535,-3.5569601457131355,0.0003751710473842352,0.7176945325657547,1197,26,10,1151,high,0.0,0.0,KXFEDDECISION-24DEC-C25,600s
-9,y_leads_x,-0.004515360661938846,-3.1580937532104656,0.0015880447681544021,0.7176945325657547,1197,26,10,1151,high,0.0,0.0,KXFEDDECISION-24DEC-C25,600s
-8,y_leads_x,-0.005963736888133641,-3.147625196059757,0.0016460260090107707,0.7176945325657547,1197,26,10,1151,high,0.0,0.0,KXFEDDECISION-24DEC-C25,600s
-7,y_leads_x,-0.003629146869872352,-2.3193291163051324,0.020377197850844533,0.7176945325657547,1197,26,10,1151,high,0.0,0.0,KXFEDDECISION-24DEC-C25,600s
-6,y_leads_x,-0.004727604394290776,-2.428220730285086,0.015173105600406462,0.7176945325657547,1197,26,10,1151,high,0.0,0.0,KXFEDDECISION-24DEC-C25,600s
-5,y_leads_x,-0.009765400821071118,-2.8964427744536003,0.0037741946997774927,0.7176945325657547,1197,26,10,1151,high,0.0,0.0,KXFEDDECISION-24DEC-C25,600s
-4,y_leads_x,-0.013318439789152486,-3.580571658239585,0.0003428433002676954,0.7176945325657547,1197,26,10,1151,high,0.0,0.0,KXFEDDECISION-24DEC-C25,600s
-3,y_leads_x,-0.01846018516639002,-4.973428581364639,6.577901424399473e-07,0.7176945325657547,1197,26,10,1151,high,0.0,0.0,KXFEDDECISION-24DEC-C25,600s
-2,y_leads_x,-0.024571214570512805,-8.009478356256857,1.1519600912691e-15,0.7176945325657547,1197,26,10,1151,high,0.0,0.0,KXFEDDECISION-24DEC-C25,600s
-1,y_leads_x,-0.031233699026622205,-12.324354227535471,6.697787793507317e-35,0.7176945325657547,1197,26,10,1151,high,0.0,0.0,KXFEDDECISION-24DEC-C25,600s
1,x_leads_y,-0.03127285731205701,-13.150240392862836,1.696342770786525e-39,0.7176945325657547,1197,26,10,1151,high,0.0,0.0,KXFEDDECISION-24DEC-C25,600s
2,x_leads_y,-0.024467763887496722,-7.862309681559455,3.771142870506806e-15,0.7176945325657547,1197,26,10,1151,high,0.0,0.0,KXFEDDECISION-24DEC-C25,600s
3,x_leads_y,-0.018303504862036118,-5.620409595824634,1.9050525902329343e-08,0.7176945325657547,1197,26,10,1151,high,0.0,0.0,KXFEDDECISION-24DEC-C25,600s
4,x_leads_y,-0.013070176699798382,-4.097681933050226,4.173081522224305e-05,0.7176945325657547,1197,26,10,1151,high,0.0,0.0,KXFEDDECISION-24DEC-C25,600s
5,x_leads_y,-0.009720005986284436,-3.158675237652537,0.0015848799465778406,0.7176945325657547,1197,26,10,1151,high,0.0,0.0,KXFEDDECISION-24DEC-C25,600s
6,x_leads_y,-0.004928027423524811,-2.429658274427347,0.015113064640401687,0.7176945325657547,1197,26,10,1151,high,0.0,0.0,KXFEDDECISION-24DEC-C25,600s
7,x_leads_y,-0.003583964179704861,-1.9797275656470987,0.047734149376420384,0.7176945325657547,1197,26,10,1151,high,0.0,0.0,KXFEDDECISION-24DEC-C25,600s
8,x_leads_y,-0.005909982369045639,-3.548696967097587,0.00038714233340176647,0.7176945325657547,1197,26,10,1151,high,0.0,0.0,KXFEDDECISION-24DEC-C25,600s
9,x_leads_y,-0.004162212352423388,-3.9124800854337076,9.135307371626592e-05,0.7176945325657547,1197,26,10,1151,high,0.0,0.0,KXFEDDECISION-24DEC-C25,600s
10,x_leads_y,-0.003324948420879793,-2.7603041755749445,0.005774756660253596,0.7176945325657547,1197,26,10,1151,high,0.0,0.0,KXFEDDECISION-24DEC-C25,600s
-10,y_leads_x,-0.0006737638413678943,-0.3184829365110845,0.750118636048244,0.5363136706753269,680,23,10,637,high,0.0,0.0,KXFEDDECISION-24DEC-H0,600s
-9,y_leads_x,-0.0029247546002555526,-1.2731786716576337,0.2029546471597813,0.5363136706753269,680,23,10,637,high,0.0,0.0,KXFEDDECISION-24DEC-H0,600s
-8,y_leads_x,-0.0021611189600205093,-0.9140938563341905,0.3606675304680441,0.5363136706753269,680,23,10,637,high,0.0,0.0,KXFEDDECISION-24DEC-H0,600s
-7,y_leads_x,-0.005684103160248673,-4.187641303935507,2.8186852992745665e-05,0.5363136706753269,680,23,10,637,high,0.0,0.0,KXFEDDECISION-24DEC-H0,600s
-6,y_leads_x,-0.0058816735247087856,-2.776574530389046,0.00549350385280987,0.5363136706753269,680,23,10,637,high,0.0,0.0,KXFEDDECISION-24DEC-H0,600s
-5,y_leads_x,-0.008143692435160582,-3.4654157077520273,0.0005294124550398527,0.5363136706753269,680,23,10,637,high,0.0,0.0,KXFEDDECISION-24DEC-H0,600s
-4,y_leads_x,-0.008593711957271346,-2.7159741623634766,0.006608107493345951,0.5363136706753269,680,23,10,637,high,0.0,0.0,KXFEDDECISION-24DEC-H0,600s
-3,y_leads_x,-0.00843772162338733,-2.1212940146298016,0.033897067755107174,0.5363136706753269,680,23,10,637,high,0.0,0.0,KXFEDDECISION-24DEC-H0,600s
-2,y_leads_x,-0.013472693604141547,-3.0989421113902007,0.0019421296324515032,0.5363136706753269,680,23,10,637,high,0.0,0.0,KXFEDDECISION-24DEC-H0,600s
-1,y_leads_x,-0.020040170988109743,-4.41770450872037,9.975466929034967e-06,0.5363136706753269,680,23,10,637,high,0.0,0.0,KXFEDDECISION-24DEC-H0,600s
1,x_leads_y,-0.020305335058193243,-4.497417800758164,6.878374018629711e-06,0.5363136706753269,680,23,10,637,high,0.0,0.0,KXFEDDECISION-24DEC-H0,600s
2,x_leads_y,-0.01391400365725769,-3.214113110019604,0.0013084811773880854,0.5363136706753269,680,23,10,637,high,0.0,0.0,KXFEDDECISION-24DEC-H0,600s
3,x_leads_y,-0.008893370890990326,-2.2667437950936917,0.02340588137165384,0.5363136706753269,680,23,10,637,high,0.0,0.0,KXFEDDECISION-24DEC-H0,600s
4,x_leads_y,-0.008908951775100947,-2.8016884330145917,0.005083594337672037,0.5363136706753269,680,23,10,637,high,0.0,0.0,KXFEDDECISION-24DEC-H0,600s
5,x_leads_y,-0.008326883995743153,-3.584122917451895,0.0003382127933511411,0.5363136706753269,680,23,10,637,high,0.0,0.0,KXFEDDECISION-24DEC-H0,600s
6,x_leads_y,-0.005956493542542078,-2.69361651706459,0.007068143556456098,0.5363136706753269,680,23,10,637,high,0.0,0.0,KXFEDDECISION-24DEC-H0,600s
7,x_leads_y,-0.00581967949860643,-3.676142269352454,0.00023678750381072442,0.5363136706753269,680,23,10,637,high,0.0,0.0,KXFEDDECISION-24DEC-H0,600s
8,x_leads_y,-0.002313297892502902,-1.1185770020674817,0.26332063927055016,0.5363136706753269,680,23,10,637,high,0.0,0.0,KXFEDDECISION-24DEC-H0,600s
9,x_leads_y,-0.0032617019398219894,-1.2499505600517533,0.2113176082144359,0.5363136706753269,680,23,10,637,high,0.0,0.0,KXFEDDECISION-24DEC-H0,600s
10,x_leads_y,-0.0008598820833795836,-0.2920036954033876,0.7702837985254498,0.5363136706753269,680,23,10,637,high,0.0,0.0,KXFEDDECISION-24DEC-H0,600s
-5,y_leads_x,-0.004318113765337393,-4.508958916803265,6.5146521541147725e-06,0.9165770605067248,32,9,5,13,medium,0.0,0.0,KXECDJT281,600s
-4,y_leads_x,-0.007685961230230552,-6.413316146683966,1.4238780892305941e-10,0.9165770605067248,32,9,5,13,medium,0.0,0.0,KXECDJT281,600s
-3,y_leads_x,-0.008766280162896056,-5.377019073154729,7.572915396969846e-08,0.9165770605067248,32,9,5,13,medium,0.0,0.0,KXECDJT281,600s
-2,y_leads_x,-0.008695268001056142,-9.117096667110829,7.716375227495991e-20,0.9165770605067248,32,9,5,13,medium,0.0,0.0,KXECDJT281,600s
-1,y_leads_x,-0.010089611171216272,-17.88817389594209,1.4580890149274e-71,0.9165770605067248,32,9,5,13,medium,0.0,0.0,KXECDJT281,600s
1,x_leads_y,-0.009974742091429366,-7.240185248569258,4.480722972731076e-13,0.9165770605067248,32,9,5,13,medium,0.0,0.0,KXECDJT281,600s
2,x_leads_y,-0.008077182361588765,-5.736618571318098,9.65854394856053e-09,0.9165770605067248,32,9,5,13,medium,0.0,0.0,KXECDJT281,600s
3,x_leads_y,-0.00659281078965598,-2.605686138241512,0.009169043816650478,0.9165770605067248,32,9,5,13,medium,0.0,0.0,KXECDJT281,600s
4,x_leads_y,-0.005640093082789772,-1.8082006455504345,0.0705752781998683,0.9165770605067248,32,9,5,13,medium,0.0,0.0,KXECDJT281,600s
5,x_leads_y,-0.0033960798989175634,-2.2794313063962943,0.02264143909689308,0.9165770605067248,32,9,5,13,medium,0.0,0.0,KXECDJT281,600s
-10,y_leads_x,-0.0029279198924826214,-2.3237463660426907,0.02013909183379011,0.1738830510336098,409,14,10,375,high,0.0,0.0,KXFEDDECISION-24DEC-H0,600s
-9,y_leads_x,-0.0018480618365199703,-2.057310062831301,0.039656410016111206,0.1738830510336098,409,14,10,375,high,0.0,0.0,KXFEDDECISION-24DEC-H0,600s
-8,y_leads_x,-0.0013991322562388589,-1.6392563235340665,0.10115988810594533,0.1738830510336098,409,14,10,375,high,0.0,0.0,KXFEDDECISION-24DEC-H0,600s
-7,y_leads_x,-0.0008861728251469256,-1.1323431706642155,0.2574901869572208,0.1738830510336098,409,14,10,375,high,0.0,0.0,KXFEDDECISION-24DEC-H0,600s
-6,y_leads_x,-0.0019659683572034697,-5.601627639171919,2.1234833545333034e-08,0.1738830510336098,409,14,10,375,high,0.0,0.0,KXFEDDECISION-24DEC-H0,600s
-5,y_leads_x,-0.0013437562607590784,-1.7519659524146665,0.07977966262390859,0.1738830510336098,409,14,10,375,high,0.0,0.0,KXFEDDECISION-24DEC-H0,600s
-4,y_leads_x,-0.002100087117919037,-2.993935171229311,0.0027540445508848796,0.1738830510336098,409,14,10,375,high,0.0,0.0,KXFEDDECISION-24DEC-H0,600s
-3,y_leads_x,-0.0014946242682107448,-1.2337762241476353,0.21728630134864335,0.1738830510336098,409,14,10,375,high,0.0,0.0,KXFEDDECISION-24DEC-H0,600s
-2,y_leads_x,-0.003705453890815823,-2.6453072574554346,0.00816167691973341,0.1738830510336098,409,14,10,375,high,0.0,0.0,KXFEDDECISION-24DEC-H0,600s
-1,y_leads_x,-0.004971144955218094,-2.3766753416690913,0.01746945637197969,0.1738830510336098,409,14,10,375,high,0.0,0.0,KXFEDDECISION-24DEC-H0,600s
1,x_leads_y,-0.005053203053285712,-2.3697624689303476,0.017799516370376647,0.1738830510336098,409,14,10,375,high,0.0,0.0,KXFEDDECISION-24DEC-H0,600s
2,x_leads_y,-0.003771947099029079,-2.6744797502561806,0.00748452961188848,0.1738830510336098,409,14,10,375,high,0.0,0.0,KXFEDDECISION-24DEC-H0,600s
3,x_leads_y,-0.0015683284370768013,-1.2915533471157925,0.19651186921454122,0.1738830510336098,409,14,10,375,high,0.0,0.0,KXFEDDECISION-24DEC-H0,600s
4,x_leads_y,-0.0021655151254335054,-2.9335293510272855,0.0033513196584264784,0.1738830510336098,409,14,10,375,high,0.0,0.0,KXFEDDECISION-24DEC-H0,600s
5,x_leads_y,-0.001460409382155271,-1.921646588793124,0.054650242151064406,0.1738830510336098,409,14,10,375,high,0.0,0.0,KXFEDDECISION-24DEC-H0,600s
6,x_leads_y,-0.0019252017811694567,-4.904750957915168,9.354595091386891e-07,0.1738830510336098,409,14,10,375,high,0.0,0.0,KXFEDDECISION-24DEC-H0,600s
7,x_leads_y,-0.001041727604982595,-0.9771337660956407,0.32850293309640943,0.1738830510336098,409,14,10,375,high,0.0,0.0,KXFEDDECISION-24DEC-H0,600s
8,x_leads_y,-0.0016627024223903467,-2.0434615940898517,0.041006765519731425,0.1738830510336098,409,14,10,375,high,0.0,0.0,KXFEDDECISION-24DEC-H0,600s
9,x_leads_y,-0.002091716807684734,-1.8341465761910132,0.06663223919448728,0.1738830510336098,409,14,10,375,high,0.0,0.0,KXFEDDECISION-24DEC-H0,600s
10,x_leads_y,-0.003133995294562363,-2.0058876728213564,0.04486823375604346,0.1738830510336098,409,14,10,375,high,0.0,0.0,KXFEDDECISION-24DEC-H0,600s
-10,y_leads_x,-0.0007887439092623297,-0.3581297796286886,0.7202461941374384,0.5370398225634732,657,21,10,616,high,0.0,0.0,KXFEDDECISION-24DEC-H0,600s
-9,y_leads_x,-0.0030089588916942084,-1.2389212816987745,0.2153746514967957,0.5370398225634732,657,21,10,616,high,0.0,0.0,KXFEDDECISION-24DEC-H0,600s
-8,y_leads_x,-0.0021249293841180223,-0.8593825870369,0.3901294734114875,0.5370398225634732,657,21,10,616,high,0.0,0.0,KXFEDDECISION-24DEC-H0,600s
-7,y_leads_x,-0.005663445025920291,-4.013450990380208,5.9837430987334136e-05,0.5370398225634732,657,21,10,616,high,0.0,0.0,KXFEDDECISION-24DEC-H0,600s
-6,y_leads_x,-0.005856970673071039,-2.716368531349358,0.006600240292860547,0.5370398225634732,657,21,10,616,high,0.0,0.0,KXFEDDECISION-24DEC-H0,600s
-5,y_leads_x,-0.008127783926516474,-3.369250175518078,0.0007537298321343277,0.5370398225634732,657,21,10,616,high,0.0,0.0,KXFEDDECISION-24DEC-H0,600s
-4,y_leads_x,-0.008540595229610058,-2.6262739124432537,0.008632531892740916,0.5370398225634732,657,21,10,616,high,0.0,0.0,KXFEDDECISION-24DEC-H0,600s
-3,y_leads_x,-0.008381099971588767,-2.0524281975268703,0.04012806650205623,0.5370398225634732,657,21,10,616,high,0.0,0.0,KXFEDDECISION-24DEC-H0,600s
-2,y_leads_x,-0.013533015037717458,-3.0365939347027737,0.0023926754381812655,0.5370398225634732,657,21,10,616,high,0.0,0.0,KXFEDDECISION-24DEC-H0,600s
-1,y_leads_x,-0.02031063519204274,-4.399914928313581,1.082933240595306e-05,0.5370398225634732,657,21,10,616,high,0.0,0.0,KXFEDDECISION-24DEC-H0,600s
1,x_leads_y,-0.020561448912930123,-4.491814819604196,7.061881463665846e-06,0.5370398225634732,657,21,10,616,high,0.0,0.0,KXFEDDECISION-24DEC-H0,600s
2,x_leads_y,-0.013955398059634317,-3.170076689612034,0.0015239870920013881,0.5370398225634732,657,21,10,616,high,0.0,0.0,KXFEDDECISION-24DEC-H0,600s
3,x_leads_y,-0.008788517462977319,-2.1953024252000226,0.028141911062215533,0.5370398225634732,657,21,10,616,high,0.0,0.0,KXFEDDECISION-24DEC-H0,600s
4,x_leads_y,-0.00884510520519946,-2.727990949942507,0.006372135622259324,0.5370398225634732,657,21,10,616,high,0.0,0.0,KXFEDDECISION-24DEC-H0,600s
5,x_leads_y,-0.00836872010126587,-3.5446839154350758,0.00039308416311232565,0.5370398225634732,657,21,10,616,high,0.0,0.0,KXFEDDECISION-24DEC-H0,600s
6,x_leads_y,-0.006036782559231069,-2.7027005429224515,0.006877868010539754,0.5370398225634732,657,21,10,616,high,0.0,0.0,KXFEDDECISION-24DEC-H0,600s
7,x_leads_y,-0.005859124088670826,-3.6390288530786923,0.0002736681392221305,0.5370398225634732,657,21,10,616,high,0.0,0.0,KXFEDDECISION-24DEC-H0,600s
8,x_leads_y,-0.0022303854249877786,-1.0531559726711723,0.2922695131408285,0.5370398225634732,657,21,10,616,high,0.0,0.0,KXFEDDECISION-24DEC-H0,600s
9,x_leads_y,-0.0032050058325285027,-1.2064257771635736,0.2276533618734038,0.5370398225634732,657,21,10,616,high,0.0,0.0,KXFEDDECISION-24DEC-H0,600s
10,x_leads_y,-0.0008158149499874432,-0.27155144605080284,0.7859669373010014,0.5370398225634732,657,21,10,616,high,0.0,0.0,KXFEDDECISION-24DEC-H0,600s
-10,y_leads_x,4.6757389331400154e-05,0.05780779785592624,0.9539017267775286,0.8334077085536411,276,12,10,244,high,0.0,0.0,KXECDJT281,600s
-9,y_leads_x,0.004641448330760262,3.2890743943978085,0.0010051745116397802,0.8334077085536411,276,12,10,244,high,0.0,0.0,KXECDJT281,600s
-8,y_leads_x,-0.002609644493225263,-1.1185579196182922,0.2633287840819556,0.8334077085536411,276,12,10,244,high,0.0,0.0,KXECDJT281,600s
-7,y_leads_x,-0.0127100947203154,-3.3399350702642354,0.0008379797937549589,0.8334077085536411,276,12,10,244,high,0.0,0.0,KXECDJT281,600s
-6,y_leads_x,-0.026073912292921678,-5.310107753037925,1.0956044018120423e-07,0.8334077085536411,276,12,10,244,high,0.0,0.0,KXECDJT281,600s
-5,y_leads_x,-0.03343430902877562,-5.9410723157636225,2.8316365667628934e-09,0.8334077085536411,276,12,10,244,high,0.0,0.0,KXECDJT281,600s
-4,y_leads_x,-0.032905740782613754,-5.067371607209189,4.033463833390681e-07,0.8334077085536411,276,12,10,244,high,0.0,0.0,KXECDJT281,600s
-3,y_leads_x,-0.036928748341452176,-5.1796574791781,2.2229368477185264e-07,0.8334077085536411,276,12,10,244,high,0.0,0.0,KXECDJT281,600s
-2,y_leads_x,-0.06038445876877773,-11.435638688833292,2.7748725210699453e-30,0.8334077085536411,276,12,10,244,high,0.0,0.0,KXECDJT281,600s
-1,y_leads_x,-0.08382705863951519,-23.303651236978865,4.071030860010175e-120,0.8334077085536411,276,12,10,244,high,0.0,0.0,KXECDJT281,600s
1,x_leads_y,-0.08358813092429349,-25.754148388969764,2.8963602442802974e-146,0.8334077085536411,276,12,10,244,high,0.0,0.0,KXECDJT281,600s
2,x_leads_y,-0.05974778812536528,-14.015258966331999,1.2573878276131196e-44,0.8334077085536411,276,12,10,244,high,0.0,0.0,KXECDJT281,600s
3,x_leads_y,-0.035888119452357606,-6.452375601305882,1.1011026028397758e-10,0.8334077085536411,276,12,10,244,high,0.0,0.0,KXECDJT281,600s
4,x_leads_y,-0.031599177776441556,-7.077785282917918,1.464764384547738e-12,0.8334077085536411,276,12,10,244,high,0.0,0.0,KXECDJT281,600s
5,x_leads_y,-0.03198157442211418,-9.720483472309798,2.4660776708048524e-22,0.8334077085536411,276,12,10,244,high,0.0,0.0,KXECDJT281,600s
6,x_leads_y,-0.024466843165018893,-9.805232635470439,1.069003921902194e-22,0.8334077085536411,276,12,10,244,high,0.0,0.0,KXECDJT281,600s
7,x_leads_y,-0.010759639517759666,-6.237895091301321,4.434979063884333e-10,0.8334077085536411,276,12,10,244,high,0.0,0.0,KXECDJT281,600s
8,x_leads_y,-0.0007016395994582682,-0.5212363416720993,0.6022021406183258,0.8334077085536411,276,12,10,244,high,0.0,0.0,KXECDJT281,600s
9,x_leads_y,0.005882745564471218,3.850910183074138,0.00011767965440215829,0.8334077085536411,276,12,10,244,high,0.0,0.0,KXECDJT281,600s
10,x_leads_y,0.0006845774314620046,0.39683788191828917,0.691487013786668,0.8334077085536411,276,12,10,244,high,0.0,0.0,KXECDJT281,600s
-10,y_leads_x,-0.021000932042176283,-3.0561588351153675,0.0022419245670957043,0.9884829018745523,42,8,10,14,medium,0.0,0.0,KX538APPROVEMIN-24NOV30-T37,600s
-9,y_leads_x,-0.03356774314297151,-2.341998318136705,0.019180801358494554,0.9884829018745523,42,8,10,14,medium,0.0,0.0,KX538APPROVEMIN-24NOV30-T37,600s
-8,y_leads_x,-0.062052404410145756,-2.6174651707541137,0.00885855281549508,0.9884829018745523,42,8,10,14,medium,0.0,0.0,KX538APPROVEMIN-24NOV30-T37,600s
-7,y_leads_x,-0.08154399714040958,-2.2957383934691333,0.021690843808446922,0.9884829018745523,42,8,10,14,medium,0.0,0.0,KX538APPROVEMIN-24NOV30-T37,600s
-6,y_leads_x,-0.08675618304972736,-2.4666400912433084,0.013638736618770549,0.9884829018745523,42,8,10,14,medium,0.0,0.0,KX538APPROVEMIN-24NOV30-T37,600s
-5,y_leads_x,-0.08596130289820487,-3.0072652801916053,0.002636096104559673,0.9884829018745523,42,8,10,14,medium,0.0,0.0,KX538APPROVEMIN-24NOV30-T37,600s
-4,y_leads_x,-0.09644477801977992,-3.8026259297629936,0.00014317044983845108,0.9884829018745523,42,8,10,14,medium,0.0,0.0,KX538APPROVEMIN-24NOV30-T37,600s
-3,y_leads_x,-0.1010758892313062,-5.922890104079981,3.163322509544097e-09,0.9884829018745523,42,8,10,14,medium,0.0,0.0,KX538APPROVEMIN-24NOV30-T37,600s
-2,y_leads_x,-0.12102545694153065,-9.690844664993591,3.2978981255316986e-22,0.9884829018745523,42,8,10,14,medium,0.0,0.0,KX538APPROVEMIN-24NOV30-T37,600s
-1,y_leads_x,-0.14110837181629715,-19.790299625383128,3.60890009039679e-87,0.9884829018745523,42,8,10,14,medium,0.0,0.0,KX538APPROVEMIN-24NOV30-T37,600s
1,x_leads_y,-0.13214082398543808,-12.397578450677017,2.6934055864398275e-35,0.9884829018745523,42,8,10,14,medium,0.0,0.0,KX538APPROVEMIN-24NOV30-T37,600s
2,x_leads_y,-0.12586449501264754,-5.196111909913109,2.0349978173071157e-07,0.9884829018745523,42,8,10,14,medium,0.0,0.0,KX538APPROVEMIN-24NOV30-T37,600s
3,x_leads_y,-0.1094837525574985,-2.929455546881153,0.0033955637761896524,0.9884829018745523,42,8,10,14,medium,0.0,0.0,KX538APPROVEMIN-24NOV30-T37,600s
4,x_leads_y,-0.0944852660147083,-2.4807121449422542,0.013112021296286277,0.9884829018745523,42,8,10,14,medium,0.0,0.0,KX538APPROVEMIN-24NOV30-T37,600s
5,x_leads_y,-0.06403054737652494,-1.5523466969086277,0.12057929015319953,0.9884829018745523,42,8,10,14,medium,0.0,0.0,KX538APPROVEMIN-24NOV30-T37,600s
6,x_leads_y,-0.04353360875492113,-0.9544475044829951,0.33985716983687253,0.9884829018745523,42,8,10,14,medium,0.0,0.0,KX538APPROVEMIN-24NOV30-T37,600s
7,x_leads_y,-0.02331553146964081,-0.574682756893664,0.5655058712195031,0.9884829018745523,42,8,10,14,medium,0.0,0.0,KX538APPROVEMIN-24NOV30-T37,600s
8,x_leads_y,-0.00887764683088981,-0.22905083929364015,0.8188294022504263,0.9884829018745523,42,8,10,14,medium,0.0,0.0,KX538APPROVEMIN-24NOV30-T37,600s
9,x_leads_y,0.0065049579019027,0.19711453786573993,0.8437379070427602,0.9884829018745523,42,8,10,14,medium,0.0,0.0,KX538APPROVEMIN-24NOV30-T37,600s
10,x_leads_y,0.0034260804220838754,0.18729801049327924,0.8514269827822335,0.9884829018745523,42,8,10,14,medium,0.0,0.0,KX538APPROVEMIN-24NOV30-T37,600s
-10,y_leads_x,4.6757389331400154e-05,0.05780779785592624,0.9539017267775286,0.8334077085536411,276,12,10,244,high,0.0,0.0,KXECDJT281,600s
-9,y_leads_x,0.004641448330760262,3.2890743943978085,0.0010051745116397802,0.8334077085536411,276,12,10,244,high,0.0,0.0,KXECDJT281,600s
-8,y_leads_x,-0.002609644493225263,-1.1185579196182922,0.2633287840819556,0.8334077085536411,276,12,10,244,high,0.0,0.0,KXECDJT281,600s
-7,y_leads_x,-0.0127100947203154,-3.3399350702642354,0.0008379797937549589,0.8334077085536411,276,12,10,244,high,0.0,0.0,KXECDJT281,600s
-6,y_leads_x,-0.026073912292921678,-5.310107753037925,1.0956044018120423e-07,0.8334077085536411,276,12,10,244,high,0.0,0.0,KXECDJT281,600s
-5,y_leads_x,-0.03343430902877562,-5.9410723157636225,2.8316365667628934e-09,0.8334077085536411,276,12,10,244,high,0.0,0.0,KXECDJT281,600s
-4,y_leads_x,-0.032905740782613754,-5.067371607209189,4.033463833390681e-07,0.8334077085536411,276,12,10,244,high,0.0,0.0,KXECDJT281,600s
-3,y_leads_x,-0.036928748341452176,-5.1796574791781,2.2229368477185264e-07,0.8334077085536411,276,12,10,244,high,0.0,0.0,KXECDJT281,600s
-2,y_leads_x,-0.06038445876877773,-11.435638688833292,2.7748725210699453e-30,0.8334077085536411,276,12,10,244,high,0.0,0.0,KXECDJT281,600s
-1,y_leads_x,-0.08382705863951519,-23.303651236978865,4.071030860010175e-120,0.8334077085536411,276,12,10,244,high,0.0,0.0,KXECDJT281,600s
1,x_leads_y,-0.08358813092429349,-25.754148388969764,2.8963602442802974e-146,0.8334077085536411,276,12,10,244,high,0.0,0.0,KXECDJT281,600s
2,x_leads_y,-0.05974778812536528,-14.015258966331999,1.2573878276131196e-44,0.8334077085536411,276,12,10,244,high,0.0,0.0,KXECDJT281,600s
3,x_leads_y,-0.035888119452357606,-6.452375601305882,1.1011026028397758e-10,0.8334077085536411,276,12,10,244,high,0.0,0.0,KXECDJT281,600s
4,x_leads_y,-0.031599177776441556,-7.077785282917918,1.464764384547738e-12,0.8334077085536411,276,12,10,244,high,0.0,0.0,KXECDJT281,600s
5,x_leads_y,-0.03198157442211418,-9.720483472309798,2.4660776708048524e-22,0.8334077085536411,276,12,10,244,high,0.0,0.0,KXECDJT281,600s
6,x_leads_y,-0.024466843165018893,-9.805232635470439,1.069003921902194e-22,0.8334077085536411,276,12,10,244,high,0.0,0.0,KXECDJT281,600s
7,x_leads_y,-0.010759639517759666,-6.237895091301321,4.434979063884333e-10,0.8334077085536411,276,12,10,244,high,0.0,0.0,KXECDJT281,600s
8,x_leads_y,-0.0007016395994582682,-0.5212363416720993,0.6022021406183258,0.8334077085536411,276,12,10,244,high,0.0,0.0,KXECDJT281,600s
9,x_leads_y,0.005882745564471218,3.850910183074138,0.00011767965440215829,0.8334077085536411,276,12,10,244,high,0.0,0.0,KXECDJT281,600s
10,x_leads_y,0.0006845774314620046,0.39683788191828917,0.691487013786668,0.8334077085536411,276,12,10,244,high,0.0,0.0,KXECDJT281,600s
-10,y_leads_x,-0.021237749778639188,-3.0560647020938188,0.0022426285564702696,0.9859785645490184,49,10,10,19,medium,0.0,0.0,KX538APPROVEMIN-24NOV30-T37,600s
-9,y_leads_x,-0.03507963053274988,-2.3769893967883124,0.01745458986067153,0.9859785645490184,49,10,10,19,medium,0.0,0.0,KX538APPROVEMIN-24NOV30-T37,600s
-8,y_leads_x,-0.06505350813156731,-2.634019141365521,0.008438073081745899,0.9859785645490184,49,10,10,19,medium,0.0,0.0,KX538APPROVEMIN-24NOV30-T37,600s
-7,y_leads_x,-0.08704698301586182,-2.3707626781322317,0.017751425085884547,0.9859785645490184,49,10,10,19,medium,0.0,0.0,KX538APPROVEMIN-24NOV30-T37,600s
-6,y_leads_x,-0.09144315275997392,-2.5140418201594112,0.011935627954727815,0.9859785645490184,49,10,10,19,medium,0.0,0.0,KX538APPROVEMIN-24NOV30-T37,600s
-5,y_leads_x,-0.08800861899546018,-3.0487816205164684,0.002297714402040748,0.9859785645490184,49,10,10,19,medium,0.0,0.0,KX538APPROVEMIN-24NOV30-T37,600s
-4,y_leads_x,-0.09582605273867024,-3.839820123908324,0.00012312448764890458,0.9859785645490184,49,10,10,19,medium,0.0,0.0,KX538APPROVEMIN-24NOV30-T37,600s
-3,y_leads_x,-0.09753937323154985,-5.988446546042836,2.1185474194828462e-09,0.9859785645490184,49,10,10,19,medium,0.0,0.0,KX538APPROVEMIN-24NOV30-T37,600s
-2,y_leads_x,-0.116313450071794,-9.369022504837,7.320735168803738e-21,0.9859785645490184,49,10,10,19,medium,0.0,0.0,KX538APPROVEMIN-24NOV30-T37,600s
-1,y_leads_x,-0.13305788075623298,-20.29413685336793,1.4487647360693667e-91,0.9859785645490184,49,10,10,19,medium,0.0,0.0,KX538APPROVEMIN-24NOV30-T37,600s
1,x_leads_y,-0.11900727371492484,-12.6619544050648,9.607727246665684e-37,0.9859785645490184,49,10,10,19,medium,0.0,0.0,KX538APPROVEMIN-24NOV30-T37,600s
2,x_leads_y,-0.10822367346560939,-4.8475697934901785,1.2498306829823566e-06,0.9859785645490184,49,10,10,19,medium,0.0,0.0,KX538APPROVEMIN-24NOV30-T37,600s
3,x_leads_y,-0.08669018893347544,-2.4387586337090013,0.014737808281013287,0.9859785645490184,49,10,10,19,medium,0.0,0.0,KX538APPROVEMIN-24NOV30-T37,600s
4,x_leads_y,-0.07122173513809177,-1.9101465072806518,0.056114352365584194,0.9859785645490184,49,10,10,19,medium,0.0,0.0,KX538APPROVEMIN-24NOV30-T37,600s
5,x_leads_y,-0.04413431088702795,-1.1321603061787275,0.257567044760985,0.9859785645490184,49,10,10,19,medium,0.0,0.0,KX538APPROVEMIN-24NOV30-T37,600s
6,x_leads_y,-0.02574270751310887,-0.6152075741989071,0.5384176463918992,0.9859785645490184,49,10,10,19,medium,0.0,0.0,KX538APPROVEMIN-24NOV30-T37,600s
7,x_leads_y,-0.009909106077503324,-0.27527789106073314,0.7831027489262093,0.9859785645490184,49,10,10,19,medium,0.0,0.0,KX538APPROVEMIN-24NOV30-T37,600s
8,x_leads_y,0.0005814066052548612,0.017857322275659743,0.9857526754702022,0.9859785645490184,49,10,10,19,medium,0.0,0.0,KX538APPROVEMIN-24NOV30-T37,600s
9,x_leads_y,0.01041908668824704,0.38818095978516426,0.6978821224744682,0.9859785645490184,49,10,10,19,medium,0.0,0.0,KX538APPROVEMIN-24NOV30-T37,600s
10,x_leads_y,0.005031847784840276,0.3423294417235757,0.7321029812687053,0.9859785645490184,49,10,10,19,medium,0.0,0.0,KX538APPROVEMIN-24NOV30-T37,600s
-10,y_leads_x,-0.0014620626882309597,-2.2970943885038455,0.02161338582338307,0.31076055296031546,514,15,10,479,high,1.5857288444250055e-82,6.222922502287376e-53,FEDDECISION-24SEP-C25,600s
-9,y_leads_x,-0.0008051297541539936,-0.8095217534271786,0.4182150953586744,0.31076055296031546,514,15,10,479,high,1.5857288444250055e-82,6.222922502287376e-53,FEDDECISION-24SEP-C25,600s
-8,y_leads_x,-0.0014446639488153927,-1.3771051984714429,0.16847972571936698,0.31076055296031546,514,15,10,479,high,1.5857288444250055e-82,6.222922502287376e-53,FEDDECISION-24SEP-C25,600s
-7,y_leads_x,-0.0029864740276427494,-2.9271381285867024,0.0034209690859625607,0.31076055296031546,514,15,10,479,high,1.5857288444250055e-82,6.222922502287376e-53,FEDDECISION-24SEP-C25,600s
-6,y_leads_x,-0.0036896611455139463,-2.6487517281714545,0.008078965756118911,0.31076055296031546,514,15,10,479,high,1.5857288444250055e-82,6.222922502287376e-53,FEDDECISION-24SEP-C25,600s
-5,y_leads_x,-0.0020075285090117865,-2.8982458475398527,0.0037525630960885334,0.31076055296031546,514,15,10,479,high,1.5857288444250055e-82,6.222922502287376e-53,FEDDECISION-24SEP-C25,600s
-4,y_leads_x,-0.0030728595736288925,-3.941828659947642,8.086273506538447e-05,0.31076055296031546,514,15,10,479,high,1.5857288444250055e-82,6.222922502287376e-53,FEDDECISION-24SEP-C25,600s
-3,y_leads_x,-0.0023247106785138126,-1.799438743707428,0.07194930554853163,0.31076055296031546,514,15,10,479,high,1.5857288444250055e-82,6.222922502287376e-53,FEDDECISION-24SEP-C25,600s
-2,y_leads_x,-0.004454983704530038,-2.725119193105203,0.00642782775197183,0.31076055296031546,514,15,10,479,high,1.5857288444250055e-82,6.222922502287376e-53,FEDDECISION-24SEP-C25,600s
-1,y_leads_x,-0.010615934436806019,-9.834881084763358,7.966166279038449e-23,0.31076055296031546,514,15,10,479,high,1.5857288444250055e-82,6.222922502287376e-53,FEDDECISION-24SEP-C25,600s
1,x_leads_y,-0.010562720137635744,-9.367991041647072,7.392616618749598e-21,0.31076055296031546,514,15,10,479,high,1.5857288444250055e-82,6.222922502287376e-53,FEDDECISION-24SEP-C25,600s
2,x_leads_y,-0.004388839440251965,-2.4267804968159745,0.015233469423288596,0.31076055296031546,514,15,10,479,high,1.5857288444250055e-82,6.222922502287376e-53,FEDDECISION-24SEP-C25,600s
3,x_leads_y,-0.0022583937497553754,-1.6026888886602977,0.10900335788223041,0.31076055296031546,514,15,10,479,high,1.5857288444250055e-82,6.222922502287376e-53,FEDDECISION-24SEP-C25,600s
4,x_leads_y,-0.0032352857723862163,-3.5350504390731365,0.00040769732833669626,0.31076055296031546,514,15,10,479,high,1.5857288444250055e-82,6.222922502287376e-53,FEDDECISION-24SEP-C25,600s
5,x_leads_y,-0.002574442357444062,-2.90236353522639,0.003703584799374555,0.31076055296031546,514,15,10,479,high,1.5857288444250055e-82,6.222922502287376e-53,FEDDECISION-24SEP-C25,600s
6,x_leads_y,-0.0043605945261571515,-4.465121649962382,8.002326997265993e-06,0.31076055296031546,514,15,10,479,high,1.5857288444250055e-82,6.222922502287376e-53,FEDDECISION-24SEP-C25,600s
7,x_leads_y,-0.0036086526971036734,-5.8483513328047545,4.964690800268355e-09,0.31076055296031546,514,15,10,479,high,1.5857288444250055e-82,6.222922502287376e-53,FEDDECISION-24SEP-C25,600s
8,x_leads_y,-0.001848495080938974,-1.9173922763188391,0.05518811473171521,0.31076055296031546,514,15,10,479,high,1.5857288444250055e-82,6.222922502287376e-53,FEDDECISION-24SEP-C25,600s
9,x_leads_y,-0.0008451117025307508,-1.0978208409667543,0.27228272910301754,0.31076055296031546,514,15,10,479,high,1.5857288444250055e-82,6.222922502287376e-53,FEDDECISION-24SEP-C25,600s
10,x_leads_y,-0.0013737738006085536,-1.927894205907218,0.05386828658873739,0.31076055296031546,514,15,10,479,high,1.5857288444250055e-82,6.222922502287376e-53,FEDDECISION-24SEP-C25,600s
-10,y_leads_x,-0.0019770117691526616,-2.6626347365691445,0.007753152319961547,0.2936178271421028,478,13,10,445,high,3.713271167037072e-221,1.668387072051532e-87,FEDDECISION-24SEP-C25,600s
-9,y_leads_x,-0.001094796725201482,-1.344938976883146,0.17864494188477098,0.2936178271421028,478,13,10,445,high,3.713271167037072e-221,1.668387072051532e-87,FEDDECISION-24SEP-C25,600s
-8,y_leads_x,-0.0020446914466223233,-2.6157476179033243,0.008903233918029286,0.2936178271421028,478,13,10,445,high,3.713271167037072e-221,1.668387072051532e-87,FEDDECISION-24SEP-C25,600s
-7,y_leads_x,-0.0025170600521073976,-2.399867689746235,0.01640099884214,0.2936178271421028,478,13,10,445,high,3.713271167037072e-221,1.668387072051532e-87,FEDDECISION-24SEP-C25,600s
-6,y_leads_x,-0.0031400206970307256,-2.1785244301801883,0.029367015444695797,0.2936178271421028,478,13,10,445,high,3.713271167037072e-221,1.668387072051532e-87,FEDDECISION-24SEP-C25,600s
-5,y_leads_x,-0.001634985987001787,-2.44592336896915,0.0144481705687025,0.2936178271421028,478,13,10,445,high,3.713271167037072e-221,1.668387072051532e-87,FEDDECISION-24SEP-C25,600s
-4,y_leads_x,-0.003025080339773832,-4.731878460485059,2.224515995644905e-06,0.2936178271421028,478,13,10,445,high,3.713271167037072e-221,1.668387072051532e-87,FEDDECISION-24SEP-C25,600s
-3,y_leads_x,-0.0018160281509370288,-1.3172613196439333,0.18775104598632542,0.2936178271421028,478,13,10,445,high,3.713271167037072e-221,1.668387072051532e-87,FEDDECISION-24SEP-C25,600s
-2,y_leads_x,-0.004156820649321578,-2.562555376007077,0.010390501644462362,0.2936178271421028,478,13,10,445,high,3.713271167037072e-221,1.668387072051532e-87,FEDDECISION-24SEP-C25,600s
-1,y_leads_x,-0.00996562315758943,-7.8148070335113164,5.5047295272422195e-15,0.2936178271421028,478,13,10,445,high,3.713271167037072e-221,1.668387072051532e-87,FEDDECISION-24SEP-C25,600s
1,x_leads_y,-0.010104018139077976,-8.079003967228436,6.529790313178093e-16,0.2936178271421028,478,13,10,445,high,3.713271167037072e-221,1.668387072051532e-87,FEDDECISION-24SEP-C25,600s
2,x_leads_y,-0.004348889227348485,-2.627363569364662,0.008604934018068104,0.2936178271421028,478,13,10,445,high,3.713271167037072e-221,1.668387072051532e-87,FEDDECISION-24SEP-C25,600s
3,x_leads_y,-0.0021242697101496377,-1.551161772948267,0.12086292056108681,0.2936178271421028,478,13,10,445,high,3.713271167037072e-221,1.668387072051532e-87,FEDDECISION-24SEP-C25,600s
4,x_leads_y,-0.003368082775546216,-4.026173888151765,5.669177173961051e-05,0.2936178271421028,478,13,10,445,high,3.713271167037072e-221,1.668387072051532e-87,FEDDECISION-24SEP-C25,600s
5,x_leads_y,-0.0025751001816702963,-2.671331898457607,0.007555090354892884,0.2936178271421028,478,13,10,445,high,3.713271167037072e-221,1.668387072051532e-87,FEDDECISION-24SEP-C25,600s
6,x_leads_y,-0.0041421229462021356,-4.030747654721657,5.559971136193193e-05,0.2936178271421028,478,13,10,445,high,3.713271167037072e-221,1.668387072051532e-87,FEDDECISION-24SEP-C25,600s
7,x_leads_y,-0.003543698087444859,-5.842176997903663,5.152302003669133e-09,0.2936178271421028,478,13,10,445,high,3.713271167037072e-221,1.668387072051532e-87,FEDDECISION-24SEP-C25,600s
8,x_leads_y,-0.00217363167708523,-2.8061973031840077,0.005012998686769562,0.2936178271421028,478,13,10,445,high,3.713271167037072e-221,1.668387072051532e-87,FEDDECISION-24SEP-C25,600s
9,x_leads_y,-0.000876167671754384,-1.0926861018531089,0.2745316439729597,0.2936178271421028,478,13,10,445,high,3.713271167037072e-221,1.668387072051532e-87,FEDDECISION-24SEP-C25,600s
10,x_leads_y,-0.0015187289228898394,-2.16386349049586,0.030474827663278112,0.2936178271421028,478,13,10,445,high,3.713271167037072e-221,1.668387072051532e-87,FEDDECISION-24SEP-C25,600s
