contract_ticker,etf,mode,bar_freq,bar_sec,is_primary_bar,median_intertrade_sec,K_chosen,k_lag,direction,coef,t_stat,p_value,p_fdr,r_squared,n_obs,n_days,n_params,n_active,n_ylags,n_active_bars,r2_daily_screen,contract_title
KXECKH276,VFH,calendar,30s,30,False,539.5,3,-3,etf_leads_kalshi,-3.047045142167135e-06,-26.127410672052648,1.780214444951023e-150,6.230750557328581e-150,0.04002525033313742,2928,6,15,12,2,12,0.8816564277734555,"Will Harris win 276-262 - PA, NV, MI, WI?"
KXECKH276,VFH,calendar,30s,30,False,539.5,3,-2,etf_leads_kalshi,-3.24687149266183e-06,-12.625764034031178,1.52256454305666e-36,2.1315903602793238e-36,0.04002525033313742,2928,6,15,12,2,12,0.8816564277734555,"Will Harris win 276-262 - PA, NV, MI, WI?"
KXECKH276,VFH,calendar,30s,30,False,539.5,3,-1,etf_leads_kalshi,-1.5746437585221173e-06,-11.48087934061496,1.6459790456741522e-30,1.9203088866198443e-30,0.04002525033313742,2928,6,15,12,2,12,0.8816564277734555,"Will Harris win 276-262 - PA, NV, MI, WI?"
KXECKH276,VFH,calendar,30s,30,False,539.5,3,0,contemp,-5.907122503086986e-06,-52.63041120260168,0.0,0.0,0.04002525033313742,2928,6,15,12,2,12,0.8816564277734555,"Will Harris win 276-262 - PA, NV, MI, WI?"
KXECKH276,VFH,calendar,30s,30,False,539.5,3,1,kalshi_leads_etf,5.381100519648757e-06,25.40921546284061,1.9947560965698628e-142,4.654430891996347e-142,0.04002525033313742,2928,6,15,12,2,12,0.8816564277734555,"Will Harris win 276-262 - PA, NV, MI, WI?"
KXECKH276,VFH,calendar,30s,30,False,539.5,3,2,kalshi_leads_etf,-4.077046968925519e-06,-12.702905225753117,5.69746762164737e-37,9.970568337882898e-37,0.04002525033313742,2928,6,15,12,2,12,0.8816564277734555,"Will Harris win 276-262 - PA, NV, MI, WI?"
KXECKH276,VFH,calendar,30s,30,False,539.5,3,3,kalshi_leads_etf,1.6167795698471423e-07,0.6779516753185232,0.497802333801879,0.497802333801879,0.04002525033313742,2928,6,15,12,2,12,0.8816564277734555,"Will Harris win 276-262 - PA, NV, MI, WI?"
KXECKH276,VFH,calendar,1min,60,False,539.5,3,-3,etf_leads_kalshi,-8.76668898817763e-06,-44.38567016459579,0.0,0.0,0.029351837960073457,1445,6,14,12,1,12,0.8816564277734555,"Will Harris win 276-262 - PA, NV, MI, WI?"
KXECKH276,VFH,calendar,1min,60,False,539.5,3,-2,etf_leads_kalshi,1.4100622154720406e-05,36.14520772860731,4.424759998723762e-286,1.032443999702211e-285,0.029351837960073457,1445,6,14,12,1,12,0.8816564277734555,"Will Harris win 276-262 - PA, NV, MI, WI?"
KXECKH276,VFH,calendar,1min,60,False,539.5,3,-1,etf_leads_kalshi,-7.771390153987714e-06,-16.472884107777574,5.746416351769729e-61,8.04498289247762e-61,0.029351837960073457,1445,6,14,12,1,12,0.8816564277734555,"Will Harris win 276-262 - PA, NV, MI, WI?"
KXECKH276,VFH,calendar,1min,60,False,539.5,3,0,contemp,-1.4686386976649504e-05,-63.55297619877981,0.0,0.0,0.029351837960073457,1445,6,14,12,1,12,0.8816564277734555,"Will Harris win 276-262 - PA, NV, MI, WI?"
KXECKH276,VFH,calendar,1min,60,False,539.5,3,1,kalshi_leads_etf,7.954600184339096e-06,24.50635473045628,1.2638203291947917e-132,2.2116855760908857e-132,0.029351837960073457,1445,6,14,12,1,12,0.8816564277734555,"Will Harris win 276-262 - PA, NV, MI, WI?"
KXECKH276,VFH,calendar,1min,60,False,539.5,3,2,kalshi_leads_etf,-2.974313987665768e-06,-15.492033530897327,3.9267110953731333e-54,4.581162944601989e-54,0.029351837960073457,1445,6,14,12,1,12,0.8816564277734555,"Will Harris win 276-262 - PA, NV, MI, WI?"
KXECKH276,VFH,calendar,1min,60,False,539.5,3,3,kalshi_leads_etf,-2.468963323289347e-07,-2.7835175016923603,0.0053772961257735315,0.0053772961257735315,0.029351837960073457,1445,6,14,12,1,12,0.8816564277734555,"Will Harris win 276-262 - PA, NV, MI, WI?"
KXECKH276,VFH,calendar,10min,600,True,539.5,3,-3,etf_leads_kalshi,0.00010827948349716412,27.25921809609852,1.2922180727394678e-163,1.2922180727394678e-163,0.06992085243262902,110,6,13,7,0,11,0.8816564277734555,"Will Harris win 276-262 - PA, NV, MI, WI?"
KXECKH276,VFH,calendar,10min,600,True,539.5,3,-2,etf_leads_kalshi,8.797398767636137e-05,42.151175408319396,0.0,0.0,0.06992085243262902,110,6,13,7,0,11,0.8816564277734555,"Will Harris win 276-262 - PA, NV, MI, WI?"
KXECKH276,VFH,calendar,10min,600,True,539.5,3,-1,etf_leads_kalshi,3.4425386753597006e-05,29.102116157234747,3.375236420566928e-186,3.93777582399475e-186,0.06992085243262902,110,6,13,7,0,11,0.8816564277734555,"Will Harris win 276-262 - PA, NV, MI, WI?"
KXECKH276,VFH,calendar,10min,600,True,539.5,3,0,contemp,-8.555606694124665e-05,-86.58480786886615,0.0,0.0,0.06992085243262902,110,6,13,7,0,11,0.8816564277734555,"Will Harris win 276-262 - PA, NV, MI, WI?"
KXECKH276,VFH,calendar,10min,600,True,539.5,3,1,kalshi_leads_etf,-6.82150404921258e-05,-81.87005996177143,0.0,0.0,0.06992085243262902,110,6,13,7,0,11,0.8816564277734555,"Will Harris win 276-262 - PA, NV, MI, WI?"
KXECKH276,VFH,calendar,10min,600,True,539.5,3,2,kalshi_leads_etf,-6.113926878276281e-05,-71.68278974909671,0.0,0.0,0.06992085243262902,110,6,13,7,0,11,0.8816564277734555,"Will Harris win 276-262 - PA, NV, MI, WI?"
KXECKH276,VFH,calendar,10min,600,True,539.5,3,3,kalshi_leads_etf,9.047719862701216e-05,77.43953996585667,0.0,0.0,0.06992085243262902,110,6,13,7,0,11,0.8816564277734555,"Will Harris win 276-262 - PA, NV, MI, WI?"
KXECDJT316,VFH,calendar,30s,30,False,1343.6,4,-4,etf_leads_kalshi,2.6159378387444475e-07,0.30680058242732416,0.7589951649142401,0.7589951649142401,0.0329610802619873,4122,7,18,20,2,20,0.7907331233858175,"Will Trump win 316-222 - AZ, GA, MI, MN, NC, PA, WI?"
KXECDJT316,VFH,calendar,30s,30,False,1343.6,4,-3,etf_leads_kalshi,5.278399070230955e-07,0.4556976651596063,0.6486074012038372,0.7589951649142401,0.0329610802619873,4122,7,18,20,2,20,0.7907331233858175,"Will Trump win 316-222 - AZ, GA, MI, MN, NC, PA, WI?"
KXECDJT316,VFH,calendar,30s,30,False,1343.6,4,-2,etf_leads_kalshi,-8.45550263577961e-07,-0.5892490503160325,0.5556942174992978,0.7589951649142401,0.0329610802619873,4122,7,18,20,2,20,0.7907331233858175,"Will Trump win 316-222 - AZ, GA, MI, MN, NC, PA, WI?"
KXECDJT316,VFH,calendar,30s,30,False,1343.6,4,-1,etf_leads_kalshi,-3.9529763181945355e-06,-5.396414867632006,6.798564670275822e-08,6.118708203248241e-07,0.0329610802619873,4122,7,18,20,2,20,0.7907331233858175,"Will Trump win 316-222 - AZ, GA, MI, MN, NC, PA, WI?"
KXECDJT316,VFH,calendar,30s,30,False,1343.6,4,0,contemp,3.0688208097175243e-06,2.2110241448656933,0.027034165104741298,0.12165374297133584,0.0329610802619873,4122,7,18,20,2,20,0.7907331233858175,"Will Trump win 316-222 - AZ, GA, MI, MN, NC, PA, WI?"
KXECDJT316,VFH,calendar,30s,30,False,1343.6,4,1,kalshi_leads_etf,8.735568716875477e-07,0.8479122030255416,0.3964868679701208,0.7136763623462173,0.0329610802619873,4122,7,18,20,2,20,0.7907331233858175,"Will Trump win 316-222 - AZ, GA, MI, MN, NC, PA, WI?"
KXECDJT316,VFH,calendar,30s,30,False,1343.6,4,2,kalshi_leads_etf,-2.7781199614884187e-06,-0.9194978237081246,0.35783524341893747,0.7136763623462173,0.0329610802619873,4122,7,18,20,2,20,0.7907331233858175,"Will Trump win 316-222 - AZ, GA, MI, MN, NC, PA, WI?"
KXECDJT316,VFH,calendar,30s,30,False,1343.6,4,3,kalshi_leads_etf,-1.383555195366015e-06,-0.38371441478355695,0.7011901275475353,0.7589951649142401,0.0329610802619873,4122,7,18,20,2,20,0.7907331233858175,"Will Trump win 316-222 - AZ, GA, MI, MN, NC, PA, WI?"
KXECDJT316,VFH,calendar,30s,30,False,1343.6,4,4,kalshi_leads_etf,-3.827773992107135e-06,-1.5674223167351657,0.11701601096848654,0.35104803290545966,0.0329610802619873,4122,7,18,20,2,20,0.7907331233858175,"Will Trump win 316-222 - AZ, GA, MI, MN, NC, PA, WI?"
KXECDJT316,VFH,calendar,1min,60,False,1343.6,4,-4,etf_leads_kalshi,-3.654347526799362e-06,-0.41900649525787365,0.6752113854167874,0.7793303907939232,0.03087576007864401,2031,7,18,20,2,20,0.7907331233858175,"Will Trump win 316-222 - AZ, GA, MI, MN, NC, PA, WI?"
KXECDJT316,VFH,calendar,1min,60,False,1343.6,4,-3,etf_leads_kalshi,-5.110886335748085e-06,-1.2870415674250226,0.19807980023362703,0.44567955052566083,0.03087576007864401,2031,7,18,20,2,20,0.7907331233858175,"Will Trump win 316-222 - AZ, GA, MI, MN, NC, PA, WI?"
KXECDJT316,VFH,calendar,1min,60,False,1343.6,4,-2,etf_leads_kalshi,2.190711530963417e-06,1.4626036080529947,0.1435758754127661,0.44567955052566083,0.03087576007864401,2031,7,18,20,2,20,0.7907331233858175,"Will Trump win 316-222 - AZ, GA, MI, MN, NC, PA, WI?"
KXECDJT316,VFH,calendar,1min,60,False,1343.6,4,-1,etf_leads_kalshi,-3.3223767253041538e-06,-1.2962588178676873,0.19488633157566693,0.44567955052566083,0.03087576007864401,2031,7,18,20,2,20,0.7907331233858175,"Will Trump win 316-222 - AZ, GA, MI, MN, NC, PA, WI?"
KXECDJT316,VFH,calendar,1min,60,False,1343.6,4,0,contemp,-5.46189001940371e-07,-0.3951419579452755,0.6927381251501539,0.7793303907939232,0.03087576007864401,2031,7,18,20,2,20,0.7907331233858175,"Will Trump win 316-222 - AZ, GA, MI, MN, NC, PA, WI?"
KXECDJT316,VFH,calendar,1min,60,False,1343.6,4,1,kalshi_leads_etf,3.637317722741851e-07,0.06834825964336821,0.9455084082772115,0.9455084082772115,0.03087576007864401,2031,7,18,20,2,20,0.7907331233858175,"Will Trump win 316-222 - AZ, GA, MI, MN, NC, PA, WI?"
KXECDJT316,VFH,calendar,1min,60,False,1343.6,4,2,kalshi_leads_etf,-7.71974920662825e-06,-0.9446234203366796,0.34485116583878905,0.5172767487581836,0.03087576007864401,2031,7,18,20,2,20,0.7907331233858175,"Will Trump win 316-222 - AZ, GA, MI, MN, NC, PA, WI?"
KXECDJT316,VFH,calendar,1min,60,False,1343.6,4,3,kalshi_leads_etf,5.4891296344365026e-06,1.1154547481007253,0.2646555997414791,0.4763800795346624,0.03087576007864401,2031,7,18,20,2,20,0.7907331233858175,"Will Trump win 316-222 - AZ, GA, MI, MN, NC, PA, WI?"
KXECDJT316,VFH,calendar,1min,60,False,1343.6,4,4,kalshi_leads_etf,-5.8906902022195645e-06,-5.634311972763161,1.7575860248426468e-08,1.5818274223583822e-07,0.03087576007864401,2031,7,18,20,2,20,0.7907331233858175,"Will Trump win 316-222 - AZ, GA, MI, MN, NC, PA, WI?"
KXECDJT316,VFH,calendar,2min,120,False,1343.6,4,-4,etf_leads_kalshi,-2.3279174584570977e-05,-7.642685627873695,2.1273697307342838e-14,1.9146327576608554e-13,0.050718774611287265,987,7,17,20,1,20,0.7907331233858175,"Will Trump win 316-222 - AZ, GA, MI, MN, NC, PA, WI?"
KXECDJT316,VFH,calendar,2min,120,False,1343.6,4,-3,etf_leads_kalshi,1.8237530443112515e-05,2.1283793877840886,0.0333056407228435,0.07493769162639788,0.050718774611287265,987,7,17,20,1,20,0.7907331233858175,"Will Trump win 316-222 - AZ, GA, MI, MN, NC, PA, WI?"
KXECDJT316,VFH,calendar,2min,120,False,1343.6,4,-2,etf_leads_kalshi,-1.2315397603047229e-05,-1.006967085398329,0.31395059169125117,0.5651110650442521,0.050718774611287265,987,7,17,20,1,20,0.7907331233858175,"Will Trump win 316-222 - AZ, GA, MI, MN, NC, PA, WI?"
KXECDJT316,VFH,calendar,2min,120,False,1343.6,4,-1,etf_leads_kalshi,-7.055730266462818e-06,-2.7013035011636095,0.006906827963603678,0.03108072583621655,0.050718774611287265,987,7,17,20,1,20,0.7907331233858175,"Will Trump win 316-222 - AZ, GA, MI, MN, NC, PA, WI?"
KXECDJT316,VFH,calendar,2min,120,False,1343.6,4,0,contemp,-5.961656526206682e-07,-0.22309105448485037,0.823464640412209,0.9263977204637351,0.050718774611287265,987,7,17,20,1,20,0.7907331233858175,"Will Trump win 316-222 - AZ, GA, MI, MN, NC, PA, WI?"
KXECDJT316,VFH,calendar,2min,120,False,1343.6,4,1,kalshi_leads_etf,-7.21268613062126e-06,-0.4944095122936225,0.6210169974425511,0.9263977204637351,0.050718774611287265,987,7,17,20,1,20,0.7907331233858175,"Will Trump win 316-222 - AZ, GA, MI, MN, NC, PA, WI?"
KXECDJT316,VFH,calendar,2min,120,False,1343.6,4,2,kalshi_leads_etf,8.92545756348551e-08,0.032848028493894815,0.9737957776586026,0.9737957776586026,0.050718774611287265,987,7,17,20,1,20,0.7907331233858175,"Will Trump win 316-222 - AZ, GA, MI, MN, NC, PA, WI?"
KXECDJT316,VFH,calendar,2min,120,False,1343.6,4,3,kalshi_leads_etf,-2.767794980429113e-06,-0.25843126451999143,0.796074090280608,0.9263977204637351,0.050718774611287265,987,7,17,20,1,20,0.7907331233858175,"Will Trump win 316-222 - AZ, GA, MI, MN, NC, PA, WI?"
KXECDJT316,VFH,calendar,2min,120,False,1343.6,4,4,kalshi_leads_etf,-2.4553962136231245e-05,-2.2684970193887857,0.02329893047191425,0.06989679141574276,0.050718774611287265,987,7,17,20,1,20,0.7907331233858175,"Will Trump win 316-222 - AZ, GA, MI, MN, NC, PA, WI?"
KXECDJT316,VFH,calendar,5min,300,False,1343.6,4,-4,etf_leads_kalshi,2.876265801756314e-05,2.1483862905542295,0.031683080964138154,0.07128693216931085,0.0814950561323019,358,7,17,15,1,17,0.7907331233858175,"Will Trump win 316-222 - AZ, GA, MI, MN, NC, PA, WI?"
KXECDJT316,VFH,calendar,5min,300,False,1343.6,4,-3,etf_leads_kalshi,3.5016542916385566e-05,0.7768528620945876,0.4372455846506734,0.5313844492829721,0.0814950561323019,358,7,17,15,1,17,0.7907331233858175,"Will Trump win 316-222 - AZ, GA, MI, MN, NC, PA, WI?"
KXECDJT316,VFH,calendar,5min,300,False,1343.6,4,-2,etf_leads_kalshi,1.4292544185288587e-05,1.7219616393831672,0.08507646772535044,0.12761470158802565,0.0814950561323019,358,7,17,15,1,17,0.7907331233858175,"Will Trump win 316-222 - AZ, GA, MI, MN, NC, PA, WI?"
KXECDJT316,VFH,calendar,5min,300,False,1343.6,4,-1,etf_leads_kalshi,-2.3060158450446245e-05,-1.8406526161100754,0.06567248189188425,0.11821046740539165,0.0814950561323019,358,7,17,15,1,17,0.7907331233858175,"Will Trump win 316-222 - AZ, GA, MI, MN, NC, PA, WI?"
KXECDJT316,VFH,calendar,5min,300,False,1343.6,4,0,contemp,-6.01511913523592e-06,-0.7186741201007805,0.47234173269597524,0.5313844492829721,0.0814950561323019,358,7,17,15,1,17,0.7907331233858175,"Will Trump win 316-222 - AZ, GA, MI, MN, NC, PA, WI?"
KXECDJT316,VFH,calendar,5min,300,False,1343.6,4,1,kalshi_leads_etf,4.187990406991712e-06,0.18308584136941017,0.8547306649507431,0.8547306649507431,0.0814950561323019,358,7,17,15,1,17,0.7907331233858175,"Will Trump win 316-222 - AZ, GA, MI, MN, NC, PA, WI?"
KXECDJT316,VFH,calendar,5min,300,False,1343.6,4,2,kalshi_leads_etf,-5.20385974991863e-05,-4.403746973669536,1.0639703073585791e-05,9.575732766227212e-05,0.0814950561323019,358,7,17,15,1,17,0.7907331233858175,"Will Trump win 316-222 - AZ, GA, MI, MN, NC, PA, WI?"
KXECDJT316,VFH,calendar,5min,300,False,1343.6,4,3,kalshi_leads_etf,2.9470026959896437e-05,2.2618638903259534,0.02370581397087047,0.07111744191261142,0.0814950561323019,358,7,17,15,1,17,0.7907331233858175,"Will Trump win 316-222 - AZ, GA, MI, MN, NC, PA, WI?"
KXECDJT316,VFH,calendar,5min,300,False,1343.6,4,4,kalshi_leads_etf,4.0535039753269426e-05,2.947894389876919,0.003199463472834398,0.014397585627754792,0.0814950561323019,358,7,17,15,1,17,0.7907331233858175,"Will Trump win 316-222 - AZ, GA, MI, MN, NC, PA, WI?"
KXECDJT316,VFH,calendar,10min,600,True,1343.6,4,-4,etf_leads_kalshi,-3.584490635675798e-05,-0.5442228141269736,0.5862881542726235,0.6595741735567014,0.1960392605910779,149,7,17,13,1,16,0.7907331233858175,"Will Trump win 316-222 - AZ, GA, MI, MN, NC, PA, WI?"
KXECDJT316,VFH,calendar,10min,600,True,1343.6,4,-3,etf_leads_kalshi,8.227053502041675e-05,3.6987230682477796,0.00021668686425166658,0.0019501817782649994,0.1960392605910779,149,7,17,13,1,16,0.7907331233858175,"Will Trump win 316-222 - AZ, GA, MI, MN, NC, PA, WI?"
KXECDJT316,VFH,calendar,10min,600,True,1343.6,4,-2,etf_leads_kalshi,7.464406232002266e-05,1.7783675423900784,0.07534350986004877,0.22603052958014633,0.1960392605910779,149,7,17,13,1,16,0.7907331233858175,"Will Trump win 316-222 - AZ, GA, MI, MN, NC, PA, WI?"
KXECDJT316,VFH,calendar,10min,600,True,1343.6,4,-1,etf_leads_kalshi,0.0001146334621741852,1.876723832967468,0.06055595439508912,0.22603052958014633,0.1960392605910779,149,7,17,13,1,16,0.7907331233858175,"Will Trump win 316-222 - AZ, GA, MI, MN, NC, PA, WI?"
KXECDJT316,VFH,calendar,10min,600,True,1343.6,4,0,contemp,-6.0539737915840415e-05,-0.8324827232365737,0.4051365260630184,0.5208898192238808,0.1960392605910779,149,7,17,13,1,16,0.7907331233858175,"Will Trump win 316-222 - AZ, GA, MI, MN, NC, PA, WI?"
KXECDJT316,VFH,calendar,10min,600,True,1343.6,4,1,kalshi_leads_etf,3.94781401656078e-06,0.08830264361620695,0.9296361378636887,0.9296361378636887,0.1960392605910779,149,7,17,13,1,16,0.7907331233858175,"Will Trump win 316-222 - AZ, GA, MI, MN, NC, PA, WI?"
KXECDJT316,VFH,calendar,10min,600,True,1343.6,4,2,kalshi_leads_etf,3.991386040070667e-05,0.889892521771898,0.37352359978537175,0.5208898192238808,0.1960392605910779,149,7,17,13,1,16,0.7907331233858175,"Will Trump win 316-222 - AZ, GA, MI, MN, NC, PA, WI?"
KXECDJT316,VFH,calendar,10min,600,True,1343.6,4,3,kalshi_leads_etf,4.420965422775656e-05,0.8692278423702274,0.38472252147812624,0.5208898192238808,0.1960392605910779,149,7,17,13,1,16,0.7907331233858175,"Will Trump win 316-222 - AZ, GA, MI, MN, NC, PA, WI?"
KXECDJT316,VFH,calendar,10min,600,True,1343.6,4,4,kalshi_leads_etf,-4.358961636500032e-05,-1.098323712453756,0.27206316111356255,0.5208898192238808,0.1960392605910779,149,7,17,13,1,16,0.7907331233858175,"Will Trump win 316-222 - AZ, GA, MI, MN, NC, PA, WI?"
KXECKH276,VIS,calendar,30s,30,False,539.5,3,-3,etf_leads_kalshi,-5.448733591371654e-07,-6.111026536953873,9.899230200841584e-10,1.1549101900981848e-09,0.09738654120903001,2928,6,14,12,1,12,0.7648119234989674,"Will Harris win 276-262 - PA, NV, MI, WI?"
KXECKH276,VIS,calendar,30s,30,False,539.5,3,-2,etf_leads_kalshi,-4.012555822115276e-06,-46.5740421494028,0.0,0.0,0.09738654120903001,2928,6,14,12,1,12,0.7648119234989674,"Will Harris win 276-262 - PA, NV, MI, WI?"
KXECKH276,VIS,calendar,30s,30,False,539.5,3,-1,etf_leads_kalshi,-7.226419108248257e-07,-6.019110404608926,1.7537822502261177e-09,1.7537822502261177e-09,0.09738654120903001,2928,6,14,12,1,12,0.7648119234989674,"Will Harris win 276-262 - PA, NV, MI, WI?"
KXECKH276,VIS,calendar,30s,30,False,539.5,3,0,contemp,-3.1417048230585987e-06,-55.21715672767522,0.0,0.0,0.09738654120903001,2928,6,14,12,1,12,0.7648119234989674,"Will Harris win 276-262 - PA, NV, MI, WI?"
KXECKH276,VIS,calendar,30s,30,False,539.5,3,1,kalshi_leads_etf,3.3697381144043685e-06,37.12872121390756,9.668008300844599e-302,1.6919014526478048e-301,0.09738654120903001,2928,6,14,12,1,12,0.7648119234989674,"Will Harris win 276-262 - PA, NV, MI, WI?"
KXECKH276,VIS,calendar,30s,30,False,539.5,3,2,kalshi_leads_etf,-2.254114574158495e-06,-39.74259427891645,0.0,0.0,0.09738654120903001,2928,6,14,12,1,12,0.7648119234989674,"Will Harris win 276-262 - PA, NV, MI, WI?"
KXECKH276,VIS,calendar,30s,30,False,539.5,3,3,kalshi_leads_etf,-1.0187065902129736e-06,-6.285828249432032,3.261103231391303e-10,4.5655445239478244e-10,0.09738654120903001,2928,6,14,12,1,12,0.7648119234989674,"Will Harris win 276-262 - PA, NV, MI, WI?"
KXECKH276,VIS,calendar,1min,60,False,539.5,3,-3,etf_leads_kalshi,-4.347253084880246e-06,-10.924466534862406,8.805630421790595e-28,2.0546470984178055e-27,0.07241778565651291,1445,6,15,12,2,12,0.7648119234989674,"Will Harris win 276-262 - PA, NV, MI, WI?"
KXECKH276,VIS,calendar,1min,60,False,539.5,3,-2,etf_leads_kalshi,2.3557042297463747e-06,7.75068957870596,9.139486006108128e-15,1.2795280408551379e-14,0.07241778565651291,1445,6,15,12,2,12,0.7648119234989674,"Will Harris win 276-262 - PA, NV, MI, WI?"
KXECKH276,VIS,calendar,1min,60,False,539.5,3,-1,etf_leads_kalshi,-1.0806932670310803e-06,-4.99593653608907,5.85509149307198e-07,5.85509149307198e-07,0.07241778565651291,1445,6,15,12,2,12,0.7648119234989674,"Will Harris win 276-262 - PA, NV, MI, WI?"
KXECKH276,VIS,calendar,1min,60,False,539.5,3,0,contemp,-1.328633022421716e-05,-82.30438999453717,0.0,0.0,0.07241778565651291,1445,6,15,12,2,12,0.7648119234989674,"Will Harris win 276-262 - PA, NV, MI, WI?"
KXECKH276,VIS,calendar,1min,60,False,539.5,3,1,kalshi_leads_etf,2.7270784392403104e-06,6.941004571011376,3.893214141820185e-12,4.542083165456883e-12,0.07241778565651291,1445,6,15,12,2,12,0.7648119234989674,"Will Harris win 276-262 - PA, NV, MI, WI?"
KXECKH276,VIS,calendar,1min,60,False,539.5,3,2,kalshi_leads_etf,-3.8482176377092175e-06,-10.483773123824415,1.0256819392765883e-25,1.7949433937340296e-25,0.07241778565651291,1445,6,15,12,2,12,0.7648119234989674,"Will Harris win 276-262 - PA, NV, MI, WI?"
KXECKH276,VIS,calendar,1min,60,False,539.5,3,3,kalshi_leads_etf,-1.5957933140949618e-06,-13.359137393273537,1.047712205999795e-40,3.6669927209992826e-40,0.07241778565651291,1445,6,15,12,2,12,0.7648119234989674,"Will Harris win 276-262 - PA, NV, MI, WI?"
KXECKH276,VIS,calendar,10min,600,True,539.5,3,-3,etf_leads_kalshi,9.38348835841519e-05,17.184276838619937,3.4826257351171695e-66,4.875676029164037e-66,0.09264324068048968,110,6,13,7,0,11,0.7648119234989674,"Will Harris win 276-262 - PA, NV, MI, WI?"
KXECKH276,VIS,calendar,10min,600,True,539.5,3,-2,etf_leads_kalshi,4.397498546612604e-05,15.327129906774397,5.037581755327969e-53,5.877178714549298e-53,0.09264324068048968,110,6,13,7,0,11,0.7648119234989674,"Will Harris win 276-262 - PA, NV, MI, WI?"
KXECKH276,VIS,calendar,10min,600,True,539.5,3,-1,etf_leads_kalshi,-8.886928805159136e-06,-5.465088068216042,4.626770374157604e-08,4.626770374157604e-08,0.09264324068048968,110,6,13,7,0,11,0.7648119234989674,"Will Harris win 276-262 - PA, NV, MI, WI?"
KXECKH276,VIS,calendar,10min,600,True,539.5,3,0,contemp,-8.159919707537501e-05,-60.07260891721047,0.0,0.0,0.09264324068048968,110,6,13,7,0,11,0.7648119234989674,"Will Harris win 276-262 - PA, NV, MI, WI?"
KXECKH276,VIS,calendar,10min,600,True,539.5,3,1,kalshi_leads_etf,-0.00010918643295462093,-95.32643846948926,0.0,0.0,0.09264324068048968,110,6,13,7,0,11,0.7648119234989674,"Will Harris win 276-262 - PA, NV, MI, WI?"
KXECKH276,VIS,calendar,10min,600,True,539.5,3,2,kalshi_leads_etf,-6.985361623239788e-05,-59.577637078262725,0.0,0.0,0.09264324068048968,110,6,13,7,0,11,0.7648119234989674,"Will Harris win 276-262 - PA, NV, MI, WI?"
KXECKH276,VIS,calendar,10min,600,True,539.5,3,3,kalshi_leads_etf,9.743839903814724e-05,60.66713428005129,0.0,0.0,0.09264324068048968,110,6,13,7,0,11,0.7648119234989674,"Will Harris win 276-262 - PA, NV, MI, WI?"
KXECKH287,VNQ,calendar,30s,30,False,1255.6,3,-3,etf_leads_kalshi,1.5966142600222756e-06,0.5403247802963329,0.588973071889783,0.8245623006456961,0.02447247326808044,2436,5,13,11,1,12,0.6771339593601406,"Will Harris win 287-251 - PA, NV, MI, WI, AZ?"
KXECKH287,VNQ,calendar,30s,30,False,1255.6,3,-2,etf_leads_kalshi,1.8060893791595392e-06,2.372008680716361,0.017691675055494214,0.06192086269422975,0.02447247326808044,2436,5,13,11,1,12,0.6771339593601406,"Will Harris win 287-251 - PA, NV, MI, WI, AZ?"
KXECKH287,VNQ,calendar,30s,30,False,1255.6,3,-1,etf_leads_kalshi,1.716827783806616e-06,0.36751210188103106,0.7132370664703772,0.8321099108821068,0.02447247326808044,2436,5,13,11,1,12,0.6771339593601406,"Will Harris win 287-251 - PA, NV, MI, WI, AZ?"
KXECKH287,VNQ,calendar,30s,30,False,1255.6,3,0,contemp,-4.901730796479983e-07,-1.609951353349352,0.10740847673965852,0.25061977905920324,0.02447247326808044,2436,5,13,11,1,12,0.6771339593601406,"Will Harris win 287-251 - PA, NV, MI, WI, AZ?"
KXECKH287,VNQ,calendar,30s,30,False,1255.6,3,1,kalshi_leads_etf,-7.665685247085336e-07,-0.15245100190692434,0.8788312334368352,0.8788312334368352,0.02447247326808044,2436,5,13,11,1,12,0.6771339593601406,"Will Harris win 287-251 - PA, NV, MI, WI, AZ?"
KXECKH287,VNQ,calendar,30s,30,False,1255.6,3,2,kalshi_leads_etf,-2.654747053465275e-06,-16.048320581694355,5.8731863839063825e-58,4.111230468734468e-57,0.02447247326808044,2436,5,13,11,1,12,0.6771339593601406,"Will Harris win 287-251 - PA, NV, MI, WI, AZ?"
KXECKH287,VNQ,calendar,30s,30,False,1255.6,3,3,kalshi_leads_etf,9.741961772028832e-07,0.9564133439906778,0.3388634456909162,0.5930110299591034,0.02447247326808044,2436,5,13,11,1,12,0.6771339593601406,"Will Harris win 287-251 - PA, NV, MI, WI, AZ?"
KXECKH287,VNQ,calendar,1min,60,False,1255.6,3,-3,etf_leads_kalshi,1.0063191297993815e-05,1.688867834873777,0.09124476052181368,0.21290444121756527,0.04534308125436526,1201,5,14,11,2,12,0.6771339593601406,"Will Harris win 287-251 - PA, NV, MI, WI, AZ?"
KXECKH287,VNQ,calendar,1min,60,False,1255.6,3,-2,etf_leads_kalshi,-5.1817894109290965e-06,-1.097028983213929,0.27262872250467474,0.4771002643831808,0.04534308125436526,1201,5,14,11,2,12,0.6771339593601406,"Will Harris win 287-251 - PA, NV, MI, WI, AZ?"
KXECKH287,VNQ,calendar,1min,60,False,1255.6,3,-1,etf_leads_kalshi,4.092727968068166e-06,0.9057708875944263,0.36505713307622145,0.51107998630671,0.04534308125436526,1201,5,14,11,2,12,0.6771339593601406,"Will Harris win 287-251 - PA, NV, MI, WI, AZ?"
KXECKH287,VNQ,calendar,1min,60,False,1255.6,3,0,contemp,-3.4659889176273756e-06,-0.3034240143237142,0.7615667469790537,0.7615667469790537,0.04534308125436526,1201,5,14,11,2,12,0.6771339593601406,"Will Harris win 287-251 - PA, NV, MI, WI, AZ?"
KXECKH287,VNQ,calendar,1min,60,False,1255.6,3,1,kalshi_leads_etf,1.864943845317834e-06,0.3393093084427268,0.7343767310425333,0.7615667469790537,0.04534308125436526,1201,5,14,11,2,12,0.6771339593601406,"Will Harris win 287-251 - PA, NV, MI, WI, AZ?"
KXECKH287,VNQ,calendar,1min,60,False,1255.6,3,2,kalshi_leads_etf,-2.9827385167146648e-06,-2.3503873652214047,0.01875388263727917,0.06563858923047709,0.04534308125436526,1201,5,14,11,2,12,0.6771339593601406,"Will Harris win 287-251 - PA, NV, MI, WI, AZ?"
KXECKH287,VNQ,calendar,1min,60,False,1255.6,3,3,kalshi_leads_etf,1.4567000453258067e-05,5.277438150648701,1.310023982104693e-07,9.170167874732851e-07,0.04534308125436526,1201,5,14,11,2,12,0.6771339593601406,"Will Harris win 287-251 - PA, NV, MI, WI, AZ?"
KXECKH287,VNQ,calendar,2min,120,False,1255.6,3,-3,etf_leads_kalshi,1.2678713785715477e-06,0.07647854004397074,0.939038386528879,0.939038386528879,0.021421525951283216,584,5,12,11,0,12,0.6771339593601406,"Will Harris win 287-251 - PA, NV, MI, WI, AZ?"
KXECKH287,VNQ,calendar,2min,120,False,1255.6,3,-2,etf_leads_kalshi,9.82104928135063e-06,4.596936874025946,4.2874744698577094e-06,3.0012321289003967e-05,0.021421525951283216,584,5,12,11,0,12,0.6771339593601406,"Will Harris win 287-251 - PA, NV, MI, WI, AZ?"
KXECKH287,VNQ,calendar,2min,120,False,1255.6,3,-1,etf_leads_kalshi,-1.9713740275859043e-06,-0.14568559971819856,0.8841695898336006,0.939038386528879,0.021421525951283216,584,5,12,11,0,12,0.6771339593601406,"Will Harris win 287-251 - PA, NV, MI, WI, AZ?"
KXECKH287,VNQ,calendar,2min,120,False,1255.6,3,0,contemp,1.603392677553903e-06,0.08978336950763328,0.928459364020572,0.939038386528879,0.021421525951283216,584,5,12,11,0,12,0.6771339593601406,"Will Harris win 287-251 - PA, NV, MI, WI, AZ?"
KXECKH287,VNQ,calendar,2min,120,False,1255.6,3,1,kalshi_leads_etf,-8.491547581642778e-06,-4.203919712131517,2.623320225912403e-05,9.181620790693412e-05,0.021421525951283216,584,5,12,11,0,12,0.6771339593601406,"Will Harris win 287-251 - PA, NV, MI, WI, AZ?"
KXECKH287,VNQ,calendar,2min,120,False,1255.6,3,2,kalshi_leads_etf,-3.1104208828083007e-06,-0.35674624132289895,0.7212817846624502,0.939038386528879,0.021421525951283216,584,5,12,11,0,12,0.6771339593601406,"Will Harris win 287-251 - PA, NV, MI, WI, AZ?"
KXECKH287,VNQ,calendar,2min,120,False,1255.6,3,3,kalshi_leads_etf,-2.8125743672383825e-05,-1.1680136182632763,0.24280127174740618,0.5665363007439478,0.021421525951283216,584,5,12,11,0,12,0.6771339593601406,"Will Harris win 287-251 - PA, NV, MI, WI, AZ?"
KXECKH287,VNQ,calendar,5min,300,False,1255.6,3,-3,etf_leads_kalshi,-7.403328210707536e-05,-2.0602631699962477,0.039373388809607245,0.09187124055575024,0.11633926014602869,215,5,12,11,0,12,0.6771339593601406,"Will Harris win 287-251 - PA, NV, MI, WI, AZ?"
KXECKH287,VNQ,calendar,5min,300,False,1255.6,3,-2,etf_leads_kalshi,-4.117772581688891e-05,-14.329099794847009,1.4397472695523005e-46,5.039115443433052e-46,0.11633926014602869,215,5,12,11,0,12,0.6771339593601406,"Will Harris win 287-251 - PA, NV, MI, WI, AZ?"
KXECKH287,VNQ,calendar,5min,300,False,1255.6,3,-1,etf_leads_kalshi,1.967047448568823e-06,0.08608374323064963,0.9313998466708088,0.9313998466708088,0.11633926014602869,215,5,12,11,0,12,0.6771339593601406,"Will Harris win 287-251 - PA, NV, MI, WI, AZ?"
KXECKH287,VNQ,calendar,5min,300,False,1255.6,3,0,contemp,-8.372879724142089e-06,-141.93313529655094,0.0,0.0,0.11633926014602869,215,5,12,11,0,12,0.6771339593601406,"Will Harris win 287-251 - PA, NV, MI, WI, AZ?"
KXECKH287,VNQ,calendar,5min,300,False,1255.6,3,1,kalshi_leads_etf,-4.485755606880513e-06,-0.11613496701400705,0.9075455766307785,0.9313998466708088,0.11633926014602869,215,5,12,11,0,12,0.6771339593601406,"Will Harris win 287-251 - PA, NV, MI, WI, AZ?"
KXECKH287,VNQ,calendar,5min,300,False,1255.6,3,2,kalshi_leads_etf,1.7827132527883582e-05,0.712909011601969,0.47590206243172395,0.6662628874044135,0.11633926014602869,215,5,12,11,0,12,0.6771339593601406,"Will Harris win 287-251 - PA, NV, MI, WI, AZ?"
KXECKH287,VNQ,calendar,5min,300,False,1255.6,3,3,kalshi_leads_etf,-3.928209223832144e-05,-1.3031986633375137,0.1925069463668838,0.3368871561420467,0.11633926014602869,215,5,12,11,0,12,0.6771339593601406,"Will Harris win 287-251 - PA, NV, MI, WI, AZ?"
KXECKH287,VNQ,calendar,10min,600,True,1255.6,3,-3,etf_leads_kalshi,5.6675916816450964e-06,0.05999538509128469,0.9521593102347742,0.9521593102347742,0.18169347186871432,91,5,12,10,0,11,0.6771339593601406,"Will Harris win 287-251 - PA, NV, MI, WI, AZ?"
KXECKH287,VNQ,calendar,10min,600,True,1255.6,3,-2,etf_leads_kalshi,8.326296936125009e-06,0.1241938479801557,0.9011617931293722,0.9521593102347742,0.18169347186871432,91,5,12,10,0,11,0.6771339593601406,"Will Harris win 287-251 - PA, NV, MI, WI, AZ?"
KXECKH287,VNQ,calendar,10min,600,True,1255.6,3,-1,etf_leads_kalshi,-8.185808700914863e-05,-1.3256985745397123,0.18493955978133647,0.32364422961733885,0.18169347186871432,91,5,12,10,0,11,0.6771339593601406,"Will Harris win 287-251 - PA, NV, MI, WI, AZ?"
KXECKH287,VNQ,calendar,10min,600,True,1255.6,3,0,contemp,-5.682973681955776e-05,-2.689562495138616,0.007154574920910745,0.02504101222318761,0.18169347186871432,91,5,12,10,0,11,0.6771339593601406,"Will Harris win 287-251 - PA, NV, MI, WI, AZ?"
KXECKH287,VNQ,calendar,10min,600,True,1255.6,3,1,kalshi_leads_etf,-6.573021962829391e-05,-1.3698684709771995,0.17072796336293006,0.32364422961733885,0.18169347186871432,91,5,12,10,0,11,0.6771339593601406,"Will Harris win 287-251 - PA, NV, MI, WI, AZ?"
KXECKH287,VNQ,calendar,10min,600,True,1255.6,3,2,kalshi_leads_etf,-6.094412495425829e-05,-0.9867753062124164,0.3237528029719565,0.4532539241607391,0.18169347186871432,91,5,12,10,0,11,0.6771339593601406,"Will Harris win 287-251 - PA, NV, MI, WI, AZ?"
KXECKH287,VNQ,calendar,10min,600,True,1255.6,3,3,kalshi_leads_etf,-0.00013057844374054668,-33.61543055812036,9.9827409113959e-248,6.98791863797713e-247,0.18169347186871432,91,5,12,10,0,11,0.6771339593601406,"Will Harris win 287-251 - PA, NV, MI, WI, AZ?"
KXECKH276,VCR,calendar,30s,30,False,539.5,3,-3,etf_leads_kalshi,3.5195640572458673e-07,5.049904388439236,4.420312506269935e-07,5.157031257314925e-07,0.0843995183118732,2928,6,15,12,2,12,0.651769043544155,"Will Harris win 276-262 - PA, NV, MI, WI?"
KXECKH276,VCR,calendar,30s,30,False,539.5,3,-2,etf_leads_kalshi,-4.09630883206967e-06,-9.234948841949874,2.584094688376144e-20,4.522165704658252e-20,0.0843995183118732,2928,6,15,12,2,12,0.651769043544155,"Will Harris win 276-262 - PA, NV, MI, WI?"
KXECKH276,VCR,calendar,30s,30,False,539.5,3,-1,etf_leads_kalshi,-2.1030198257540794e-06,-7.357956822429707,1.867464244908852e-13,2.6144499428723927e-13,0.0843995183118732,2928,6,15,12,2,12,0.651769043544155,"Will Harris win 276-262 - PA, NV, MI, WI?"
KXECKH276,VCR,calendar,30s,30,False,539.5,3,0,contemp,-4.622554492593e-06,-21.286182244652018,1.5245321333073175e-100,3.5572416443837413e-100,0.0843995183118732,2928,6,15,12,2,12,0.651769043544155,"Will Harris win 276-262 - PA, NV, MI, WI?"
KXECKH276,VCR,calendar,30s,30,False,539.5,3,1,kalshi_leads_etf,3.1742741517938187e-06,29.41580089588259,3.448780895756375e-190,2.4141466270294625e-189,0.0843995183118732,2928,6,15,12,2,12,0.651769043544155,"Will Harris win 276-262 - PA, NV, MI, WI?"
KXECKH276,VCR,calendar,30s,30,False,539.5,3,2,kalshi_leads_etf,-1.0067758209588928e-06,-3.781292991611423,0.00015601592468580735,0.00015601592468580735,0.0843995183118732,2928,6,15,12,2,12,0.651769043544155,"Will Harris win 276-262 - PA, NV, MI, WI?"
KXECKH276,VCR,calendar,30s,30,False,539.5,3,3,kalshi_leads_etf,-2.3719826962807442e-06,-22.769204232690893,9.261213183664941e-115,3.2414246142827295e-114,0.0843995183118732,2928,6,15,12,2,12,0.651769043544155,"Will Harris win 276-262 - PA, NV, MI, WI?"
KXECKH276,VCR,calendar,1min,60,False,539.5,3,-3,etf_leads_kalshi,-8.300802822002303e-06,-36.074259579072326,5.746043440881217e-285,2.011115204308426e-284,0.048484413961085826,1445,6,14,12,1,12,0.651769043544155,"Will Harris win 276-262 - PA, NV, MI, WI?"
KXECKH276,VCR,calendar,1min,60,False,539.5,3,-2,etf_leads_kalshi,6.431329998545074e-06,17.92811697256509,7.114881719227521e-72,1.2451043008648162e-71,0.048484413961085826,1445,6,14,12,1,12,0.651769043544155,"Will Harris win 276-262 - PA, NV, MI, WI?"
KXECKH276,VCR,calendar,1min,60,False,539.5,3,-1,etf_leads_kalshi,-5.28221436947659e-06,-7.01967385622481,2.2238673936852915e-12,2.594511959299507e-12,0.048484413961085826,1445,6,14,12,1,12,0.651769043544155,"Will Harris win 276-262 - PA, NV, MI, WI?"
KXECKH276,VCR,calendar,1min,60,False,539.5,3,0,contemp,-1.348303344981956e-05,-103.47565005809959,0.0,0.0,0.048484413961085826,1445,6,14,12,1,12,0.651769043544155,"Will Harris win 276-262 - PA, NV, MI, WI?"
KXECKH276,VCR,calendar,1min,60,False,539.5,3,1,kalshi_leads_etf,1.5211462221462554e-06,5.26614663432764,1.393170205368881e-07,1.393170205368881e-07,0.048484413961085826,1445,6,14,12,1,12,0.651769043544155,"Will Harris win 276-262 - PA, NV, MI, WI?"
KXECKH276,VCR,calendar,1min,60,False,539.5,3,2,kalshi_leads_etf,-7.11969859483671e-06,-24.589062997267977,1.6537866218653585e-133,3.85883545101917e-133,0.048484413961085826,1445,6,14,12,1,12,0.651769043544155,"Will Harris win 276-262 - PA, NV, MI, WI?"
KXECKH276,VCR,calendar,1min,60,False,539.5,3,3,kalshi_leads_etf,-2.806875484079344e-06,-17.380219030418303,1.1650766455949998e-67,1.6311073038329997e-67,0.048484413961085826,1445,6,14,12,1,12,0.651769043544155,"Will Harris win 276-262 - PA, NV, MI, WI?"
KXECKH276,VCR,calendar,10min,600,True,539.5,3,-3,etf_leads_kalshi,4.9110972144966106e-05,3.721941439202578,0.0001976968786372858,0.0002306463584101668,0.12356700568112011,110,6,13,7,0,11,0.651769043544155,"Will Harris win 276-262 - PA, NV, MI, WI?"
KXECKH276,VCR,calendar,10min,600,True,539.5,3,-2,etf_leads_kalshi,1.8002826133476988e-05,2.596688679370308,0.009412719359502506,0.009412719359502506,0.12356700568112011,110,6,13,7,0,11,0.651769043544155,"Will Harris win 276-262 - PA, NV, MI, WI?"
KXECKH276,VCR,calendar,10min,600,True,539.5,3,-1,etf_leads_kalshi,-9.020850562046965e-05,-22.95709946979407,1.2515160475780803e-116,2.1901530832616406e-116,0.12356700568112011,110,6,13,7,0,11,0.651769043544155,"Will Harris win 276-262 - PA, NV, MI, WI?"
KXECKH276,VCR,calendar,10min,600,True,539.5,3,0,contemp,-0.000153598517969855,-46.795241949937115,0.0,0.0,0.12356700568112011,110,6,13,7,0,11,0.651769043544155,"Will Harris win 276-262 - PA, NV, MI, WI?"
KXECKH276,VCR,calendar,10min,600,True,539.5,3,1,kalshi_leads_etf,-0.00013020760099427564,-47.044091968083634,0.0,0.0,0.12356700568112011,110,6,13,7,0,11,0.651769043544155,"Will Harris win 276-262 - PA, NV, MI, WI?"
KXECKH276,VCR,calendar,10min,600,True,539.5,3,2,kalshi_leads_etf,-0.0001559937712722152,-55.0586681711659,0.0,0.0,0.12356700568112011,110,6,13,7,0,11,0.651769043544155,"Will Harris win 276-262 - PA, NV, MI, WI?"
KXECKH276,VCR,calendar,10min,600,True,539.5,3,3,kalshi_leads_etf,3.730713270295342e-05,9.612564715958849,7.076400306736558e-22,9.90696042943118e-22,0.12356700568112011,110,6,13,7,0,11,0.651769043544155,"Will Harris win 276-262 - PA, NV, MI, WI?"
FEDDECISION-24SEP-C25,VDC,calendar,30s,30,False,73.1,8,-8,etf_leads_kalshi,-1.9087608164240814e-06,-0.9989041304603375,0.31784113514575085,0.7673827845140113,0.07053804151834786,8172,11,29,385,1,394,0.6325467130894744,Will the Federal Reserve Cut rates by 25bps at their September 2024 meeting?
FEDDECISION-24SEP-C25,VDC,calendar,30s,30,False,73.1,8,-7,etf_leads_kalshi,3.6181700857061842e-06,1.9456130396108502,0.05170123948048297,0.7673827845140113,0.07053804151834786,8172,11,29,385,1,394,0.6325467130894744,Will the Federal Reserve Cut rates by 25bps at their September 2024 meeting?
FEDDECISION-24SEP-C25,VDC,calendar,30s,30,False,73.1,8,-6,etf_leads_kalshi,-3.1836540728275634e-06,-1.5752602895376522,0.11519637603998355,0.7673827845140113,0.07053804151834786,8172,11,29,385,1,394,0.6325467130894744,Will the Federal Reserve Cut rates by 25bps at their September 2024 meeting?
FEDDECISION-24SEP-C25,VDC,calendar,30s,30,False,73.1,8,-5,etf_leads_kalshi,-8.442080578114731e-07,-0.7651897984251628,0.44415853351457313,0.7673827845140113,0.07053804151834786,8172,11,29,385,1,394,0.6325467130894744,Will the Federal Reserve Cut rates by 25bps at their September 2024 meeting?
FEDDECISION-24SEP-C25,VDC,calendar,30s,30,False,73.1,8,-4,etf_leads_kalshi,6.455185306878331e-07,0.24469089549039408,0.8066957781324482,0.8663981107139519,0.07053804151834786,8172,11,29,385,1,394,0.6325467130894744,Will the Federal Reserve Cut rates by 25bps at their September 2024 meeting?
FEDDECISION-24SEP-C25,VDC,calendar,30s,30,False,73.1,8,-3,etf_leads_kalshi,2.581957700971943e-06,1.2892823404777094,0.19729994806554985,0.7673827845140113,0.07053804151834786,8172,11,29,385,1,394,0.6325467130894744,Will the Federal Reserve Cut rates by 25bps at their September 2024 meeting?
FEDDECISION-24SEP-C25,VDC,calendar,30s,30,False,73.1,8,-2,etf_leads_kalshi,-7.903958949169392e-07,-0.41459463567798643,0.6784386758033585,0.8238183920469353,0.07053804151834786,8172,11,29,385,1,394,0.6325467130894744,Will the Federal Reserve Cut rates by 25bps at their September 2024 meeting?
FEDDECISION-24SEP-C25,VDC,calendar,30s,30,False,73.1,8,-1,etf_leads_kalshi,-7.178720191893543e-06,-1.0702141217670542,0.2845229392905767,0.7673827845140113,0.07053804151834786,8172,11,29,385,1,394,0.6325467130894744,Will the Federal Reserve Cut rates by 25bps at their September 2024 meeting?
FEDDECISION-24SEP-C25,VDC,calendar,30s,30,False,73.1,8,0,contemp,-2.9293868995459435e-06,-0.7848632919315792,0.43253372642525867,0.7673827845140113,0.07053804151834786,8172,11,29,385,1,394,0.6325467130894744,Will the Federal Reserve Cut rates by 25bps at their September 2024 meeting?
FEDDECISION-24SEP-C25,VDC,calendar,30s,30,False,73.1,8,1,kalshi_leads_etf,-4.927828578143079e-06,-0.968607397521049,0.3327411110444285,0.7673827845140113,0.07053804151834786,8172,11,29,385,1,394,0.6325467130894744,Will the Federal Reserve Cut rates by 25bps at their September 2024 meeting?
FEDDECISION-24SEP-C25,VDC,calendar,30s,30,False,73.1,8,2,kalshi_leads_etf,-1.7263442379439157e-06,-0.7530803395571167,0.45140163794941845,0.7673827845140113,0.07053804151834786,8172,11,29,385,1,394,0.6325467130894744,Will the Federal Reserve Cut rates by 25bps at their September 2024 meeting?
FEDDECISION-24SEP-C25,VDC,calendar,30s,30,False,73.1,8,3,kalshi_leads_etf,8.964178758921183e-08,0.09828949086795623,0.9217024228471914,0.9217024228471914,0.07053804151834786,8172,11,29,385,1,394,0.6325467130894744,Will the Federal Reserve Cut rates by 25bps at their September 2024 meeting?
FEDDECISION-24SEP-C25,VDC,calendar,30s,30,False,73.1,8,4,kalshi_leads_etf,3.6481505145086023e-07,0.23342227749131186,0.8154335159660724,0.8663981107139519,0.07053804151834786,8172,11,29,385,1,394,0.6325467130894744,Will the Federal Reserve Cut rates by 25bps at their September 2024 meeting?
FEDDECISION-24SEP-C25,VDC,calendar,30s,30,False,73.1,8,5,kalshi_leads_etf,6.254013974003774e-07,0.631064853464641,0.5279981206351473,0.7675042548721873,0.07053804151834786,8172,11,29,385,1,394,0.6325467130894744,Will the Federal Reserve Cut rates by 25bps at their September 2024 meeting?
FEDDECISION-24SEP-C25,VDC,calendar,30s,30,False,73.1,8,6,kalshi_leads_etf,1.526898205559583e-06,0.5433119782422909,0.5869150184316726,0.7675042548721873,0.07053804151834786,8172,11,29,385,1,394,0.6325467130894744,Will the Federal Reserve Cut rates by 25bps at their September 2024 meeting?
FEDDECISION-24SEP-C25,VDC,calendar,30s,30,False,73.1,8,7,kalshi_leads_etf,5.310256171049167e-07,0.6099754437658911,0.5418780744582969,0.7675042548721873,0.07053804151834786,8172,11,29,385,1,394,0.6325467130894744,Will the Federal Reserve Cut rates by 25bps at their September 2024 meeting?
FEDDECISION-24SEP-C25,VDC,calendar,30s,30,False,73.1,8,8,kalshi_leads_etf,-1.6191238066262407e-06,-0.8864541842436132,0.375372832249519,0.7673827845140113,0.07053804151834786,8172,11,29,385,1,394,0.6325467130894744,Will the Federal Reserve Cut rates by 25bps at their September 2024 meeting?
FEDDECISION-24SEP-C25,VDC,calendar,1min,60,False,73.1,8,-8,etf_leads_kalshi,-2.71036269183067e-06,-1.2031136361837187,0.22893234922423567,0.6632045632821238,0.07476850716804928,3995,11,29,355,1,366,0.6325467130894744,Will the Federal Reserve Cut rates by 25bps at their September 2024 meeting?
FEDDECISION-24SEP-C25,VDC,calendar,1min,60,False,73.1,8,-7,etf_leads_kalshi,3.0772486933152397e-06,0.6116363071937245,0.5407784109065921,0.6953628377595735,0.07476850716804928,3995,11,29,355,1,366,0.6325467130894744,Will the Federal Reserve Cut rates by 25bps at their September 2024 meeting?
FEDDECISION-24SEP-C25,VDC,calendar,1min,60,False,73.1,8,-6,etf_leads_kalshi,6.355405885287731e-06,1.7127994965513673,0.08674943279519394,0.3686850893795742,0.07476850716804928,3995,11,29,355,1,366,0.6325467130894744,Will the Federal Reserve Cut rates by 25bps at their September 2024 meeting?
FEDDECISION-24SEP-C25,VDC,calendar,1min,60,False,73.1,8,-5,etf_leads_kalshi,-3.74103138950692e-06,-1.0108332104096382,0.3120962650739406,0.6632045632821238,0.07476850716804928,3995,11,29,355,1,366,0.6325467130894744,Will the Federal Reserve Cut rates by 25bps at their September 2024 meeting?
FEDDECISION-24SEP-C25,VDC,calendar,1min,60,False,73.1,8,-4,etf_leads_kalshi,-3.480340237265408e-07,-0.11511064876545893,0.9083574195192057,0.9083574195192057,0.07476850716804928,3995,11,29,355,1,366,0.6325467130894744,Will the Federal Reserve Cut rates by 25bps at their September 2024 meeting?
FEDDECISION-24SEP-C25,VDC,calendar,1min,60,False,73.1,8,-3,etf_leads_kalshi,-2.676548196793431e-06,-1.1256344256343143,0.2603202902574494,0.6632045632821238,0.07476850716804928,3995,11,29,355,1,366,0.6325467130894744,Will the Federal Reserve Cut rates by 25bps at their September 2024 meeting?
FEDDECISION-24SEP-C25,VDC,calendar,1min,60,False,73.1,8,-2,etf_leads_kalshi,1.4777213860261317e-06,0.5870730025004706,0.5571546784778668,0.6953628377595735,0.07476850716804928,3995,11,29,355,1,366,0.6325467130894744,Will the Federal Reserve Cut rates by 25bps at their September 2024 meeting?
FEDDECISION-24SEP-C25,VDC,calendar,1min,60,False,73.1,8,-1,etf_leads_kalshi,-1.8671748595018177e-06,-0.49699708218897404,0.6191911089233337,0.6953628377595735,0.07476850716804928,3995,11,29,355,1,366,0.6325467130894744,Will the Federal Reserve Cut rates by 25bps at their September 2024 meeting?
FEDDECISION-24SEP-C25,VDC,calendar,1min,60,False,73.1,8,0,contemp,-1.3031960051407392e-05,-1.078430958270196,0.2808414774874418,0.6632045632821238,0.07476850716804928,3995,11,29,355,1,366,0.6325467130894744,Will the Federal Reserve Cut rates by 25bps at their September 2024 meeting?
FEDDECISION-24SEP-C25,VDC,calendar,1min,60,False,73.1,8,1,kalshi_leads_etf,-7.3615574669477516e-06,-0.7254456778770889,0.4681786591094296,0.6953628377595735,0.07476850716804928,3995,11,29,355,1,366,0.6325467130894744,Will the Federal Reserve Cut rates by 25bps at their September 2024 meeting?
FEDDECISION-24SEP-C25,VDC,calendar,1min,60,False,73.1,8,2,kalshi_leads_etf,-1.7013401574804208e-06,-0.5275581422659547,0.5978060516357877,0.6953628377595735,0.07476850716804928,3995,11,29,355,1,366,0.6325467130894744,Will the Federal Reserve Cut rates by 25bps at their September 2024 meeting?
FEDDECISION-24SEP-C25,VDC,calendar,1min,60,False,73.1,8,3,kalshi_leads_etf,5.257781374184417e-06,2.4305749900299265,0.015074886134626668,0.11830297292074617,0.07476850716804928,3995,11,29,355,1,366,0.6325467130894744,Will the Federal Reserve Cut rates by 25bps at their September 2024 meeting?
FEDDECISION-24SEP-C25,VDC,calendar,1min,60,False,73.1,8,4,kalshi_leads_etf,-7.785416862683684e-07,-0.44757611882403026,0.6544591414207751,0.6953628377595735,0.07476850716804928,3995,11,29,355,1,366,0.6325467130894744,Will the Federal Reserve Cut rates by 25bps at their September 2024 meeting?
FEDDECISION-24SEP-C25,VDC,calendar,1min,60,False,73.1,8,5,kalshi_leads_etf,-7.562477971206852e-06,-2.3102016052994387,0.020876995221308148,0.11830297292074617,0.07476850716804928,3995,11,29,355,1,366,0.6325467130894744,Will the Federal Reserve Cut rates by 25bps at their September 2024 meeting?
FEDDECISION-24SEP-C25,VDC,calendar,1min,60,False,73.1,8,6,kalshi_leads_etf,8.627200789214672e-06,0.8485615619275116,0.396125303158951,0.6953628377595735,0.07476850716804928,3995,11,29,355,1,366,0.6325467130894744,Will the Federal Reserve Cut rates by 25bps at their September 2024 meeting?
FEDDECISION-24SEP-C25,VDC,calendar,1min,60,False,73.1,8,7,kalshi_leads_etf,2.883530423329327e-06,0.5140833615234455,0.6071937096705244,0.6953628377595735,0.07476850716804928,3995,11,29,355,1,366,0.6325467130894744,Will the Federal Reserve Cut rates by 25bps at their September 2024 meeting?
FEDDECISION-24SEP-C25,VDC,calendar,1min,60,False,73.1,8,8,kalshi_leads_etf,-5.48167238834932e-06,-3.0004747538010164,0.002695590984936233,0.045825046743915965,0.07476850716804928,3995,11,29,355,1,366,0.6325467130894744,Will the Federal Reserve Cut rates by 25bps at their September 2024 meeting?
FEDDECISION-24SEP-C25,VDC,calendar,2min,120,True,73.1,8,-8,etf_leads_kalshi,-5.853020102198754e-06,-0.6243253643413421,0.5324139296073618,0.7035237698550529,0.07059814732391245,1906,11,29,282,1,307,0.6325467130894744,Will the Federal Reserve Cut rates by 25bps at their September 2024 meeting?
FEDDECISION-24SEP-C25,VDC,calendar,2min,120,True,73.1,8,-7,etf_leads_kalshi,-6.446607490124036e-06,-1.16472525737108,0.24413022181628052,0.7035237698550529,0.07059814732391245,1906,11,29,282,1,307,0.6325467130894744,Will the Federal Reserve Cut rates by 25bps at their September 2024 meeting?
FEDDECISION-24SEP-C25,VDC,calendar,2min,120,True,73.1,8,-6,etf_leads_kalshi,-1.4649917362370835e-05,-1.8680515399883968,0.061754887286733236,0.7035237698550529,0.07059814732391245,1906,11,29,282,1,307,0.6325467130894744,Will the Federal Reserve Cut rates by 25bps at their September 2024 meeting?
FEDDECISION-24SEP-C25,VDC,calendar,2min,120,True,73.1,8,-5,etf_leads_kalshi,1.1905815245994119e-05,0.7578466235261299,0.44854280733768515,0.7035237698550529,0.07059814732391245,1906,11,29,282,1,307,0.6325467130894744,Will the Federal Reserve Cut rates by 25bps at their September 2024 meeting?
FEDDECISION-24SEP-C25,VDC,calendar,2min,120,True,73.1,8,-4,etf_leads_kalshi,8.792306045132279e-07,0.11520521060180643,0.9082824687156292,0.9082824687156292,0.07059814732391245,1906,11,29,282,1,307,0.6325467130894744,Will the Federal Reserve Cut rates by 25bps at their September 2024 meeting?
FEDDECISION-24SEP-C25,VDC,calendar,2min,120,True,73.1,8,-3,etf_leads_kalshi,1.340292252114535e-05,1.0308786116237771,0.3025977477159276,0.7035237698550529,0.07059814732391245,1906,11,29,282,1,307,0.6325467130894744,Will the Federal Reserve Cut rates by 25bps at their September 2024 meeting?
FEDDECISION-24SEP-C25,VDC,calendar,2min,120,True,73.1,8,-2,etf_leads_kalshi,-1.770202802722138e-06,-0.17584199247277915,0.8604180783823445,0.9082824687156292,0.07059814732391245,1906,11,29,282,1,307,0.6325467130894744,Will the Federal Reserve Cut rates by 25bps at their September 2024 meeting?
FEDDECISION-24SEP-C25,VDC,calendar,2min,120,True,73.1,8,-1,etf_leads_kalshi,-8.267828807720241e-06,-0.5727231850433947,0.5668321365845483,0.7035237698550529,0.07059814732391245,1906,11,29,282,1,307,0.6325467130894744,Will the Federal Reserve Cut rates by 25bps at their September 2024 meeting?
FEDDECISION-24SEP-C25,VDC,calendar,2min,120,True,73.1,8,0,contemp,-6.059693237762007e-06,-0.5543015110680671,0.57937251635122,0.7035237698550529,0.07059814732391245,1906,11,29,282,1,307,0.6325467130894744,Will the Federal Reserve Cut rates by 25bps at their September 2024 meeting?
FEDDECISION-24SEP-C25,VDC,calendar,2min,120,True,73.1,8,1,kalshi_leads_etf,6.479441799747004e-06,0.6086785348630777,0.542737537529403,0.7035237698550529,0.07059814732391245,1906,11,29,282,1,307,0.6325467130894744,Will the Federal Reserve Cut rates by 25bps at their September 2024 meeting?
FEDDECISION-24SEP-C25,VDC,calendar,2min,120,True,73.1,8,2,kalshi_leads_etf,-1.2086997956009812e-05,-1.1482962690396121,0.25084627881396915,0.7035237698550529,0.07059814732391245,1906,11,29,282,1,307,0.6325467130894744,Will the Federal Reserve Cut rates by 25bps at their September 2024 meeting?
FEDDECISION-24SEP-C25,VDC,calendar,2min,120,True,73.1,8,3,kalshi_leads_etf,2.103993739903088e-05,1.4822300019850265,0.13827910616498001,0.7035237698550529,0.07059814732391245,1906,11,29,282,1,307,0.6325467130894744,Will the Federal Reserve Cut rates by 25bps at their September 2024 meeting?
FEDDECISION-24SEP-C25,VDC,calendar,2min,120,True,73.1,8,4,kalshi_leads_etf,-9.760128270990424e-06,-1.033788242223678,0.30123516950302387,0.7035237698550529,0.07059814732391245,1906,11,29,282,1,307,0.6325467130894744,Will the Federal Reserve Cut rates by 25bps at their September 2024 meeting?
FEDDECISION-24SEP-C25,VDC,calendar,2min,120,True,73.1,8,5,kalshi_leads_etf,-1.495192339252049e-05,-0.914575838183157,0.3604143478611125,0.7035237698550529,0.07059814732391245,1906,11,29,282,1,307,0.6325467130894744,Will the Federal Reserve Cut rates by 25bps at their September 2024 meeting?
FEDDECISION-24SEP-C25,VDC,calendar,2min,120,True,73.1,8,6,kalshi_leads_etf,6.5009760088127555e-06,0.6440068497722211,0.5195709922193813,0.7035237698550529,0.07059814732391245,1906,11,29,282,1,307,0.6325467130894744,Will the Federal Reserve Cut rates by 25bps at their September 2024 meeting?
FEDDECISION-24SEP-C25,VDC,calendar,2min,120,True,73.1,8,7,kalshi_leads_etf,1.2792253503278147e-05,1.2625898360316858,0.20673662249371316,0.7035237698550529,0.07059814732391245,1906,11,29,282,1,307,0.6325467130894744,Will the Federal Reserve Cut rates by 25bps at their September 2024 meeting?
FEDDECISION-24SEP-C25,VDC,calendar,2min,120,True,73.1,8,8,kalshi_leads_etf,-1.810167814767287e-06,-0.23781497182786251,0.8120246059297148,0.9082824687156292,0.07059814732391245,1906,11,29,282,1,307,0.6325467130894744,Will the Federal Reserve Cut rates by 25bps at their September 2024 meeting?
FEDDECISION-24SEP-C25,VDC,calendar,5min,300,False,73.1,8,-8,etf_leads_kalshi,-2.6680834760824102e-05,-1.747702120111182,0.08051562151941216,0.2891465821355881,0.10504265786827172,653,11,30,177,2,226,0.6325467130894744,Will the Federal Reserve Cut rates by 25bps at their September 2024 meeting?
FEDDECISION-24SEP-C25,VDC,calendar,5min,300,False,73.1,8,-7,etf_leads_kalshi,-2.6135331847128982e-05,-1.5474207109189329,0.12176183027766711,0.29570730210290586,0.10504265786827172,653,11,30,177,2,226,0.6325467130894744,Will the Federal Reserve Cut rates by 25bps at their September 2024 meeting?
FEDDECISION-24SEP-C25,VDC,calendar,5min,300,False,73.1,8,-6,etf_leads_kalshi,1.0745362427709085e-05,0.8098957230623324,0.4180001101713382,0.6317797611735915,0.10504265786827172,653,11,30,177,2,226,0.6325467130894744,Will the Federal Reserve Cut rates by 25bps at their September 2024 meeting?
FEDDECISION-24SEP-C25,VDC,calendar,5min,300,False,73.1,8,-5,etf_leads_kalshi,9.983581644662851e-06,0.5007840917873562,0.6165230826565995,0.6987261603441461,0.10504265786827172,653,11,30,177,2,226,0.6325467130894744,Will the Federal Reserve Cut rates by 25bps at their September 2024 meeting?
FEDDECISION-24SEP-C25,VDC,calendar,5min,300,False,73.1,8,-4,etf_leads_kalshi,2.0507340663553195e-05,1.112287689000103,0.2660144753929605,0.5024717868533699,0.10504265786827172,653,11,30,177,2,226,0.6325467130894744,Will the Federal Reserve Cut rates by 25bps at their September 2024 meeting?
FEDDECISION-24SEP-C25,VDC,calendar,5min,300,False,73.1,8,-3,etf_leads_kalshi,-1.7972914326525614e-05,-0.9555918179565872,0.33927849685742206,0.5767734446576175,0.10504265786827172,653,11,30,177,2,226,0.6325467130894744,Will the Federal Reserve Cut rates by 25bps at their September 2024 meeting?
FEDDECISION-24SEP-C25,VDC,calendar,5min,300,False,73.1,8,-2,etf_leads_kalshi,4.251979019322964e-05,1.1895232615628835,0.2342338229516019,0.49774687377215404,0.10504265786827172,653,11,30,177,2,226,0.6325467130894744,Will the Federal Reserve Cut rates by 25bps at their September 2024 meeting?
FEDDECISION-24SEP-C25,VDC,calendar,5min,300,False,73.1,8,-1,etf_leads_kalshi,2.8373969019338888e-06,0.10499066470417341,0.9163832162658027,0.9163832162658027,0.10504265786827172,653,11,30,177,2,226,0.6325467130894744,Will the Federal Reserve Cut rates by 25bps at their September 2024 meeting?
FEDDECISION-24SEP-C25,VDC,calendar,5min,300,False,73.1,8,0,contemp,-3.063899941055109e-05,-0.7621639075975184,0.4459621843578293,0.6317797611735915,0.10504265786827172,653,11,30,177,2,226,0.6325467130894744,Will the Federal Reserve Cut rates by 25bps at their September 2024 meeting?
FEDDECISION-24SEP-C25,VDC,calendar,5min,300,False,73.1,8,1,kalshi_leads_etf,-3.719943474442957e-05,-1.7800535972085272,0.07506718963469107,0.2891465821355881,0.10504265786827172,653,11,30,177,2,226,0.6325467130894744,Will the Federal Reserve Cut rates by 25bps at their September 2024 meeting?
FEDDECISION-24SEP-C25,VDC,calendar,5min,300,False,73.1,8,2,kalshi_leads_etf,-2.86486290176514e-05,-0.6119533486730985,0.5405686234715348,0.656404757072578,0.10504265786827172,653,11,30,177,2,226,0.6325467130894744,Will the Federal Reserve Cut rates by 25bps at their September 2024 meeting?
FEDDECISION-24SEP-C25,VDC,calendar,5min,300,False,73.1,8,3,kalshi_leads_etf,8.396318485875857e-05,2.1157938557103457,0.03436234390816044,0.2891465821355881,0.10504265786827172,653,11,30,177,2,226,0.6325467130894744,Will the Federal Reserve Cut rates by 25bps at their September 2024 meeting?
FEDDECISION-24SEP-C25,VDC,calendar,5min,300,False,73.1,8,4,kalshi_leads_etf,1.0862847941074659e-05,0.3951961470253566,0.6926981359760188,0.73599176947452,0.10504265786827172,653,11,30,177,2,226,0.6325467130894744,Will the Federal Reserve Cut rates by 25bps at their September 2024 meeting?
FEDDECISION-24SEP-C25,VDC,calendar,5min,300,False,73.1,8,5,kalshi_leads_etf,2.032202227164124e-05,0.6878001099995164,0.49157866685017193,0.6428336412656095,0.10504265786827172,653,11,30,177,2,226,0.6325467130894744,Will the Federal Reserve Cut rates by 25bps at their September 2024 meeting?
FEDDECISION-24SEP-C25,VDC,calendar,5min,300,False,73.1,8,6,kalshi_leads_etf,3.546977059480489e-05,1.6461018447063787,0.09974279272291195,0.2891465821355881,0.10504265786827172,653,11,30,177,2,226,0.6325467130894744,Will the Federal Reserve Cut rates by 25bps at their September 2024 meeting?
FEDDECISION-24SEP-C25,VDC,calendar,5min,300,False,73.1,8,7,kalshi_leads_etf,-4.3757230740414976e-05,-3.088467919296686,0.0020119141434943723,0.03420254043940433,0.10504265786827172,653,11,30,177,2,226,0.6325467130894744,Will the Federal Reserve Cut rates by 25bps at their September 2024 meeting?
FEDDECISION-24SEP-C25,VDC,calendar,5min,300,False,73.1,8,8,kalshi_leads_etf,-2.0579250335211498e-05,-1.6349871812193646,0.10205173487138404,0.2891465821355881,0.10504265786827172,653,11,30,177,2,226,0.6325467130894744,Will the Federal Reserve Cut rates by 25bps at their September 2024 meeting?
FEDDECISION-24SEP-C25,VDC,calendar,10min,600,False,73.1,6,-6,etf_leads_kalshi,-0.0001007971521019186,-1.9962486159928419,0.04590686806208605,0.30253426848464265,0.11037072651304447,279,11,24,110,0,165,0.6325467130894744,Will the Federal Reserve Cut rates by 25bps at their September 2024 meeting?
FEDDECISION-24SEP-C25,VDC,calendar,10min,600,False,73.1,6,-5,etf_leads_kalshi,-2.9729719124282454e-05,-1.1048831156034478,0.26921023947708267,0.5758470013890674,0.11037072651304447,279,11,24,110,0,165,0.6325467130894744,Will the Federal Reserve Cut rates by 25bps at their September 2024 meeting?
FEDDECISION-24SEP-C25,VDC,calendar,10min,600,False,73.1,6,-4,etf_leads_kalshi,-4.843741412441011e-05,-1.0612134644978555,0.2885929017093697,0.5758470013890674,0.11037072651304447,279,11,24,110,0,165,0.6325467130894744,Will the Federal Reserve Cut rates by 25bps at their September 2024 meeting?
FEDDECISION-24SEP-C25,VDC,calendar,10min,600,False,73.1,6,-3,etf_leads_kalshi,-5.1059084864823245e-05,-1.8853176227711552,0.05938696829119799,0.30253426848464265,0.11037072651304447,279,11,24,110,0,165,0.6325467130894744,Will the Federal Reserve Cut rates by 25bps at their September 2024 meeting?
FEDDECISION-24SEP-C25,VDC,calendar,10min,600,False,73.1,6,-2,etf_leads_kalshi,-1.5796067369234793e-05,-0.3142052825534822,0.7533651308181453,0.816145558386324,0.11037072651304447,279,11,24,110,0,165,0.6325467130894744,Will the Federal Reserve Cut rates by 25bps at their September 2024 meeting?
FEDDECISION-24SEP-C25,VDC,calendar,10min,600,False,73.1,6,-1,etf_leads_kalshi,2.6519180535483083e-05,0.6597535999249186,0.5094119639296475,0.7742994334613055,0.11037072651304447,279,11,24,110,0,165,0.6325467130894744,Will the Federal Reserve Cut rates by 25bps at their September 2024 meeting?
FEDDECISION-24SEP-C25,VDC,calendar,10min,600,False,73.1,6,0,contemp,-0.00011579099168690748,-1.6226608141683456,0.10466193249268953,0.34015128060124095,0.11037072651304447,279,11,24,110,0,165,0.6325467130894744,Will the Federal Reserve Cut rates by 25bps at their September 2024 meeting?
FEDDECISION-24SEP-C25,VDC,calendar,10min,600,False,73.1,6,1,kalshi_leads_etf,-4.244754106588361e-06,-0.08523226686685763,0.9320767386565892,0.9320767386565892,0.11037072651304447,279,11,24,110,0,165,0.6325467130894744,Will the Federal Reserve Cut rates by 25bps at their September 2024 meeting?
FEDDECISION-24SEP-C25,VDC,calendar,10min,600,False,73.1,6,2,kalshi_leads_etf,9.261224259615071e-05,1.0150720950511802,0.3100714622864209,0.5758470013890674,0.11037072651304447,279,11,24,110,0,165,0.6325467130894744,Will the Federal Reserve Cut rates by 25bps at their September 2024 meeting?
FEDDECISION-24SEP-C25,VDC,calendar,10min,600,False,73.1,6,3,kalshi_leads_etf,-2.6435321252459842e-05,-0.5489959574821994,0.583008224066455,0.7742994334613055,0.11037072651304447,279,11,24,110,0,165,0.6325467130894744,Will the Federal Reserve Cut rates by 25bps at their September 2024 meeting?
FEDDECISION-24SEP-C25,VDC,calendar,10min,600,False,73.1,6,4,kalshi_leads_etf,1.9827343382670658e-05,0.5307169349954266,0.5956149488163889,0.7742994334613055,0.11037072651304447,279,11,24,110,0,165,0.6325467130894744,Will the Federal Reserve Cut rates by 25bps at their September 2024 meeting?
FEDDECISION-24SEP-C25,VDC,calendar,10min,600,False,73.1,6,5,kalshi_leads_etf,7.441718717895327e-06,0.34816951015993297,0.7277128843207769,0.816145558386324,0.11037072651304447,279,11,24,110,0,165,0.6325467130894744,Will the Federal Reserve Cut rates by 25bps at their September 2024 meeting?
FEDDECISION-24SEP-C25,VDC,calendar,10min,600,False,73.1,6,6,kalshi_leads_etf,-6.974386630809214e-05,-1.8131051798540243,0.06981560041953293,0.30253426848464265,0.11037072651304447,279,11,24,110,0,165,0.6325467130894744,Will the Federal Reserve Cut rates by 25bps at their September 2024 meeting?
KXECKH276,VDE,calendar,30s,30,False,539.5,3,-3,etf_leads_kalshi,-9.636344052363886e-07,-10.702800914529767,9.874739716838491e-27,3.456158900893472e-26,0.03759922493634027,2928,6,14,12,1,12,0.6325059413818794,"Will Harris win 276-262 - PA, NV, MI, WI?"
KXECKH276,VDE,calendar,30s,30,False,539.5,3,-2,etf_leads_kalshi,-8.116181708794945e-07,-3.0142126176419555,0.002576471750200146,0.002576471750200146,0.03759922493634027,2928,6,14,12,1,12,0.6325059413818794,"Will Harris win 276-262 - PA, NV, MI, WI?"
KXECKH276,VDE,calendar,30s,30,False,539.5,3,-1,etf_leads_kalshi,-7.653409837671113e-07,-7.502536840180472,6.259441383015446e-14,8.763217936221624e-14,0.03759922493634027,2928,6,14,12,1,12,0.6325059413818794,"Will Harris win 276-262 - PA, NV, MI, WI?"
KXECKH276,VDE,calendar,30s,30,False,539.5,3,0,contemp,-1.065119023933831e-05,-51.16964042138878,0.0,0.0,0.03759922493634027,2928,6,14,12,1,12,0.6325059413818794,"Will Harris win 276-262 - PA, NV, MI, WI?"
KXECKH276,VDE,calendar,30s,30,False,539.5,3,1,kalshi_leads_etf,1.4780891574154805e-06,7.083292329765349,1.4076928499666596e-12,1.6423083249611029e-12,0.03759922493634027,2928,6,14,12,1,12,0.6325059413818794,"Will Harris win 276-262 - PA, NV, MI, WI?"
KXECKH276,VDE,calendar,30s,30,False,539.5,3,2,kalshi_leads_etf,-2.513401555717985e-06,-7.5829554474677945,3.377708602159547e-14,5.910990053779207e-14,0.03759922493634027,2928,6,14,12,1,12,0.6325059413818794,"Will Harris win 276-262 - PA, NV, MI, WI?"
KXECKH276,VDE,calendar,30s,30,False,539.5,3,3,kalshi_leads_etf,-7.304980653635843e-07,-8.947459756518624,3.6375652424167703e-19,8.487652232305798e-19,0.03759922493634027,2928,6,14,12,1,12,0.6325059413818794,"Will Harris win 276-262 - PA, NV, MI, WI?"
KXECKH276,VDE,calendar,1min,60,False,539.5,3,-3,etf_leads_kalshi,-6.640423802209904e-07,-1.338222538455414,0.1808239040756554,0.1808239040756554,0.02581769993295524,1445,6,14,12,1,12,0.6325059413818794,"Will Harris win 276-262 - PA, NV, MI, WI?"
KXECKH276,VDE,calendar,1min,60,False,539.5,3,-2,etf_leads_kalshi,1.3086986470161232e-05,24.058483025994907,6.804538759375669e-128,2.381588565781484e-127,0.02581769993295524,1445,6,14,12,1,12,0.6325059413818794,"Will Harris win 276-262 - PA, NV, MI, WI?"
KXECKH276,VDE,calendar,1min,60,False,539.5,3,-1,etf_leads_kalshi,3.500245794862339e-06,2.9869583294023947,0.002817681260970576,0.0032872948044656725,0.02581769993295524,1445,6,14,12,1,12,0.6325059413818794,"Will Harris win 276-262 - PA, NV, MI, WI?"
KXECKH276,VDE,calendar,1min,60,False,539.5,3,0,contemp,-1.0332532650446164e-05,-21.2011617834908,9.316797682961873e-100,1.6304395945183278e-99,0.02581769993295524,1445,6,14,12,1,12,0.6325059413818794,"Will Harris win 276-262 - PA, NV, MI, WI?"
KXECKH276,VDE,calendar,1min,60,False,539.5,3,1,kalshi_leads_etf,-4.026391632817319e-06,-9.49918607577445,2.115371953950222e-21,2.961520735530311e-21,0.02581769993295524,1445,6,14,12,1,12,0.6325059413818794,"Will Harris win 276-262 - PA, NV, MI, WI?"
KXECKH276,VDE,calendar,1min,60,False,539.5,3,2,kalshi_leads_etf,3.4180716516009196e-06,21.513275857561204,1.1694689196554345e-102,2.7287608125293474e-102,0.02581769993295524,1445,6,14,12,1,12,0.6325059413818794,"Will Harris win 276-262 - PA, NV, MI, WI?"
KXECKH276,VDE,calendar,1min,60,False,539.5,3,3,kalshi_leads_etf,1.0336474850690978e-05,55.70167036388395,0.0,0.0,0.02581769993295524,1445,6,14,12,1,12,0.6325059413818794,"Will Harris win 276-262 - PA, NV, MI, WI?"
KXECKH276,VDE,calendar,10min,600,True,539.5,3,-3,etf_leads_kalshi,-5.530271047899275e-05,-6.743694795832353,1.5440871969081724e-11,1.5440871969081724e-11,0.12453169600915759,110,6,13,7,0,11,0.6325059413818794,"Will Harris win 276-262 - PA, NV, MI, WI?"
KXECKH276,VDE,calendar,10min,600,True,539.5,3,-2,etf_leads_kalshi,-0.0001905865245074497,-44.2315208858039,0.0,0.0,0.12453169600915759,110,6,13,7,0,11,0.6325059413818794,"Will Harris win 276-262 - PA, NV, MI, WI?"
KXECKH276,VDE,calendar,10min,600,True,539.5,3,-1,etf_leads_kalshi,-0.0002043843998635622,-83.69080718251766,0.0,0.0,0.12453169600915759,110,6,13,7,0,11,0.6325059413818794,"Will Harris win 276-262 - PA, NV, MI, WI?"
KXECKH276,VDE,calendar,10min,600,True,539.5,3,0,contemp,-9.736299943069864e-05,-47.72754560073339,0.0,0.0,0.12453169600915759,110,6,13,7,0,11,0.6325059413818794,"Will Harris win 276-262 - PA, NV, MI, WI?"
KXECKH276,VDE,calendar,10min,600,True,539.5,3,1,kalshi_leads_etf,-7.591867675338998e-05,-44.13446513028224,0.0,0.0,0.12453169600915759,110,6,13,7,0,11,0.6325059413818794,"Will Harris win 276-262 - PA, NV, MI, WI?"
KXECKH276,VDE,calendar,10min,600,True,539.5,3,2,kalshi_leads_etf,-0.00017962883432346674,-102.01287346648995,0.0,0.0,0.12453169600915759,110,6,13,7,0,11,0.6325059413818794,"Will Harris win 276-262 - PA, NV, MI, WI?"
KXECKH276,VDE,calendar,10min,600,True,539.5,3,3,kalshi_leads_etf,-5.525970742384568e-05,-22.90954536529021,3.732189414489946e-116,4.354220983571604e-116,0.12453169600915759,110,6,13,7,0,11,0.6325059413818794,"Will Harris win 276-262 - PA, NV, MI, WI?"
KXECKH276,VOX,calendar,30s,30,False,539.5,3,-3,etf_leads_kalshi,3.131065361289647e-07,1.1380766766533787,0.25508846619070213,0.25508846619070213,0.034095733770614256,2928,6,14,12,1,12,0.5903053031486734,"Will Harris win 276-262 - PA, NV, MI, WI?"
KXECKH276,VOX,calendar,30s,30,False,539.5,3,-2,etf_leads_kalshi,-2.4418571553215333e-06,-7.457004069023284,8.85119713001829e-14,1.2391675982025605e-13,0.034095733770614256,2928,6,14,12,1,12,0.5903053031486734,"Will Harris win 276-262 - PA, NV, MI, WI?"
KXECKH276,VOX,calendar,30s,30,False,539.5,3,-1,etf_leads_kalshi,1.0391392890612545e-06,7.387404425239756,1.4972267765620682e-13,1.7467645726557462e-13,0.034095733770614256,2928,6,14,12,1,12,0.5903053031486734,"Will Harris win 276-262 - PA, NV, MI, WI?"
KXECKH276,VOX,calendar,30s,30,False,539.5,3,0,contemp,-5.077303867164301e-06,-46.020641184500064,0.0,0.0,0.034095733770614256,2928,6,14,12,1,12,0.5903053031486734,"Will Harris win 276-262 - PA, NV, MI, WI?"
KXECKH276,VOX,calendar,30s,30,False,539.5,3,1,kalshi_leads_etf,2.8075356011266607e-06,12.763851471003257,2.6097153430694492e-37,4.567001850371536e-37,0.034095733770614256,2928,6,14,12,1,12,0.5903053031486734,"Will Harris win 276-262 - PA, NV, MI, WI?"
KXECKH276,VOX,calendar,30s,30,False,539.5,3,2,kalshi_leads_etf,-3.2178367786327897e-06,-14.342662111925206,1.1842418465679146e-46,2.7632309753251344e-46,0.034095733770614256,2928,6,14,12,1,12,0.5903053031486734,"Will Harris win 276-262 - PA, NV, MI, WI?"
KXECKH276,VOX,calendar,30s,30,False,539.5,3,3,kalshi_leads_etf,-2.8924265415368826e-06,-30.83818512898078,8.067628539379368e-209,2.823669988782779e-208,0.034095733770614256,2928,6,14,12,1,12,0.5903053031486734,"Will Harris win 276-262 - PA, NV, MI, WI?"
KXECKH276,VOX,calendar,1min,60,False,539.5,3,-3,etf_leads_kalshi,-3.6112457939189967e-06,-8.894845844326541,5.85004481133608e-19,1.023757841983814e-18,0.03854723725846021,1445,6,15,12,2,12,0.5903053031486734,"Will Harris win 276-262 - PA, NV, MI, WI?"
KXECKH276,VOX,calendar,1min,60,False,539.5,3,-2,etf_leads_kalshi,5.9850612738981955e-06,9.83613676539467,7.86740240114791e-23,1.8357272269345125e-22,0.03854723725846021,1445,6,15,12,2,12,0.5903053031486734,"Will Harris win 276-262 - PA, NV, MI, WI?"
KXECKH276,VOX,calendar,1min,60,False,539.5,3,-1,etf_leads_kalshi,-1.822361407040645e-06,-3.382991216419318,0.0007170092545750239,0.0010038129564050335,0.03854723725846021,1445,6,15,12,2,12,0.5903053031486734,"Will Harris win 276-262 - PA, NV, MI, WI?"
KXECKH276,VOX,calendar,1min,60,False,539.5,3,0,contemp,-8.33254248372804e-06,-23.637015875117623,1.605314182485291e-123,5.618599638698518e-123,0.03854723725846021,1445,6,15,12,2,12,0.5903053031486734,"Will Harris win 276-262 - PA, NV, MI, WI?"
KXECKH276,VOX,calendar,1min,60,False,539.5,3,1,kalshi_leads_etf,-6.340694060070665e-07,-1.6870346479382379,0.09159668986843461,0.10686280484650705,0.03854723725846021,1445,6,15,12,2,12,0.5903053031486734,"Will Harris win 276-262 - PA, NV, MI, WI?"
KXECKH276,VOX,calendar,1min,60,False,539.5,3,2,kalshi_leads_etf,-1.1577233325840514e-05,-64.9531885012617,0.0,0.0,0.03854723725846021,1445,6,15,12,2,12,0.5903053031486734,"Will Harris win 276-262 - PA, NV, MI, WI?"
KXECKH276,VOX,calendar,1min,60,False,539.5,3,3,kalshi_leads_etf,3.290664284164861e-07,0.752638524663744,0.45166716082109815,0.45166716082109815,0.03854723725846021,1445,6,15,12,2,12,0.5903053031486734,"Will Harris win 276-262 - PA, NV, MI, WI?"
KXECKH276,VOX,calendar,10min,600,True,539.5,3,-3,etf_leads_kalshi,8.094227507318396e-05,5.2438053806623985,1.572981191896424e-07,2.752717085818742e-07,0.19100943397867465,110,6,14,7,1,11,0.5903053031486734,"Will Harris win 276-262 - PA, NV, MI, WI?"
KXECKH276,VOX,calendar,10min,600,True,539.5,3,-2,etf_leads_kalshi,-4.478346238005296e-05,-12.600419329114885,2.100249389427719e-36,1.4701745725994033e-35,0.19100943397867465,110,6,14,7,1,11,0.5903053031486734,"Will Harris win 276-262 - PA, NV, MI, WI?"
KXECKH276,VOX,calendar,10min,600,True,539.5,3,-1,etf_leads_kalshi,2.7373511486770907e-05,1.8941908961988225,0.0581996760642934,0.06789962207500898,0.19100943397867465,110,6,14,7,1,11,0.5903053031486734,"Will Harris win 276-262 - PA, NV, MI, WI?"
KXECKH276,VOX,calendar,10min,600,True,539.5,3,0,contemp,-6.839434379310883e-05,-12.25173709275777,1.6443557332979135e-34,5.7552450665426975e-34,0.19100943397867465,110,6,14,7,1,11,0.5903053031486734,"Will Harris win 276-262 - PA, NV, MI, WI?"
KXECKH276,VOX,calendar,10min,600,True,539.5,3,1,kalshi_leads_etf,1.0276423054845758e-05,0.535529309626367,0.5922838958056422,0.5922838958056422,0.19100943397867465,110,6,14,7,1,11,0.5903053031486734,"Will Harris win 276-262 - PA, NV, MI, WI?"
KXECKH276,VOX,calendar,10min,600,True,539.5,3,2,kalshi_leads_etf,-5.7266751578453665e-05,-5.5340787379270315,3.128684122712054e-08,7.300262952994794e-08,0.19100943397867465,110,6,14,7,1,11,0.5903053031486734,"Will Harris win 276-262 - PA, NV, MI, WI?"
KXECKH276,VOX,calendar,10min,600,True,539.5,3,3,kalshi_leads_etf,0.00010103952443224948,4.308945103717117,1.6403507414402405e-05,2.2964910380163367e-05,0.19100943397867465,110,6,14,7,1,11,0.5903053031486734,"Will Harris win 276-262 - PA, NV, MI, WI?"
KXECKH276,VGT,calendar,30s,30,False,539.5,3,-3,etf_leads_kalshi,1.9070885262919246e-06,7.705407858733115,1.3042605499213715e-14,1.82596476988992e-14,0.040161432972364075,2928,6,14,12,1,12,0.5887966658096906,"Will Harris win 276-262 - PA, NV, MI, WI?"
KXECKH276,VGT,calendar,30s,30,False,539.5,3,-2,etf_leads_kalshi,-1.5620842060973469e-06,-1.1872212933105144,0.23514034395649208,0.23514034395649208,0.040161432972364075,2928,6,14,12,1,12,0.5887966658096906,"Will Harris win 276-262 - PA, NV, MI, WI?"
KXECKH276,VGT,calendar,30s,30,False,539.5,3,-1,etf_leads_kalshi,3.613777931640544e-06,19.071461782801485,4.35946841443184e-81,7.62906972525572e-81,0.040161432972364075,2928,6,14,12,1,12,0.5887966658096906,"Will Harris win 276-262 - PA, NV, MI, WI?"
KXECKH276,VGT,calendar,30s,30,False,539.5,3,0,contemp,-1.1096235820200766e-05,-55.728611656395366,0.0,0.0,0.040161432972364075,2928,6,14,12,1,12,0.5887966658096906,"Will Harris win 276-262 - PA, NV, MI, WI?"
KXECKH276,VGT,calendar,30s,30,False,539.5,3,1,kalshi_leads_etf,2.34077288669188e-06,21.283755711111073,1.605523321924131e-100,3.7462210844896395e-100,0.040161432972364075,2928,6,14,12,1,12,0.5887966658096906,"Will Harris win 276-262 - PA, NV, MI, WI?"
KXECKH276,VGT,calendar,30s,30,False,539.5,3,2,kalshi_leads_etf,-4.418168226998936e-06,-35.82002540684388,5.38827196814309e-281,1.8858951888500815e-280,0.040161432972364075,2928,6,14,12,1,12,0.5887966658096906,"Will Harris win 276-262 - PA, NV, MI, WI?"
KXECKH276,VGT,calendar,30s,30,False,539.5,3,3,kalshi_leads_etf,1.2977110360372223e-06,2.7639515882858223,0.00571060111990002,0.00666236797321669,0.040161432972364075,2928,6,14,12,1,12,0.5887966658096906,"Will Harris win 276-262 - PA, NV, MI, WI?"
KXECKH276,VGT,calendar,1min,60,False,539.5,3,-3,etf_leads_kalshi,-1.36674312050232e-05,-37.06880140704997,8.942369918914918e-301,3.129829471620221e-300,0.044530393825854775,1445,6,15,12,2,12,0.5887966658096906,"Will Harris win 276-262 - PA, NV, MI, WI?"
KXECKH276,VGT,calendar,1min,60,False,539.5,3,-2,etf_leads_kalshi,-4.774387933287817e-06,-8.450782814612259,2.893560846420296e-17,4.050985184988414e-17,0.044530393825854775,1445,6,15,12,2,12,0.5887966658096906,"Will Harris win 276-262 - PA, NV, MI, WI?"
KXECKH276,VGT,calendar,1min,60,False,539.5,3,-1,etf_leads_kalshi,2.849936492141847e-06,1.4173397590613956,0.15638361609554574,0.15638361609554574,0.044530393825854775,1445,6,15,12,2,12,0.5887966658096906,"Will Harris win 276-262 - PA, NV, MI, WI?"
KXECKH276,VGT,calendar,1min,60,False,539.5,3,0,contemp,-1.6210712191067458e-05,-44.88602057114948,0.0,0.0,0.044530393825854775,1445,6,15,12,2,12,0.5887966658096906,"Will Harris win 276-262 - PA, NV, MI, WI?"
KXECKH276,VGT,calendar,1min,60,False,539.5,3,1,kalshi_leads_etf,-5.680974210544863e-06,-9.938522478471603,2.8299331489092635e-23,4.952383010591211e-23,0.044530393825854775,1445,6,15,12,2,12,0.5887966658096906,"Will Harris win 276-262 - PA, NV, MI, WI?"
KXECKH276,VGT,calendar,1min,60,False,539.5,3,2,kalshi_leads_etf,-8.166732896239793e-06,-8.26290096629478,1.4217419096127406e-16,1.6586988945481975e-16,0.044530393825854775,1445,6,15,12,2,12,0.5887966658096906,"Will Harris win 276-262 - PA, NV, MI, WI?"
KXECKH276,VGT,calendar,1min,60,False,539.5,3,3,kalshi_leads_etf,4.4234285364181285e-06,14.759420258716204,2.6757092583888707e-49,6.243321602907365e-49,0.044530393825854775,1445,6,15,12,2,12,0.5887966658096906,"Will Harris win 276-262 - PA, NV, MI, WI?"
KXECKH276,VGT,calendar,10min,600,True,539.5,3,-3,etf_leads_kalshi,7.729707550107e-05,23.67493098361864,6.536413952852047e-124,6.536413952852047e-124,0.08380681952467339,110,6,13,7,0,11,0.5887966658096906,"Will Harris win 276-262 - PA, NV, MI, WI?"
KXECKH276,VGT,calendar,10min,600,True,539.5,3,-2,etf_leads_kalshi,-6.37608267189196e-05,-37.167880051629936,2.2548544952654593e-302,2.6306635778097025e-302,0.08380681952467339,110,6,13,7,0,11,0.5887966658096906,"Will Harris win 276-262 - PA, NV, MI, WI?"
KXECKH276,VGT,calendar,10min,600,True,539.5,3,-1,etf_leads_kalshi,-6.445699357891945e-05,-66.29400042880286,0.0,0.0,0.08380681952467339,110,6,13,7,0,11,0.5887966658096906,"Will Harris win 276-262 - PA, NV, MI, WI?"
KXECKH276,VGT,calendar,10min,600,True,539.5,3,0,contemp,-0.00010351210051026025,-127.4501783048833,0.0,0.0,0.08380681952467339,110,6,13,7,0,11,0.5887966658096906,"Will Harris win 276-262 - PA, NV, MI, WI?"
KXECKH276,VGT,calendar,10min,600,True,539.5,3,1,kalshi_leads_etf,-0.000122287756974454,-178.56090821299918,0.0,0.0,0.08380681952467339,110,6,13,7,0,11,0.5887966658096906,"Will Harris win 276-262 - PA, NV, MI, WI?"
KXECKH276,VGT,calendar,10min,600,True,539.5,3,2,kalshi_leads_etf,-0.0001239652013697896,-176.82875475126949,0.0,0.0,0.08380681952467339,110,6,13,7,0,11,0.5887966658096906,"Will Harris win 276-262 - PA, NV, MI, WI?"
KXECKH276,VGT,calendar,10min,600,True,539.5,3,3,kalshi_leads_etf,4.190139076548607e-05,43.632540134667295,0.0,0.0,0.08380681952467339,110,6,13,7,0,11,0.5887966658096906,"Will Harris win 276-262 - PA, NV, MI, WI?"
KXECKH276,VDC,calendar,30s,30,False,539.5,3,-3,etf_leads_kalshi,-6.7226133476579015e-06,-119.9878302881426,0.0,0.0,0.06645869280637462,2928,6,14,12,1,12,0.532567360488065,"Will Harris win 276-262 - PA, NV, MI, WI?"
KXECKH276,VDC,calendar,30s,30,False,539.5,3,-2,etf_leads_kalshi,4.071308025419319e-07,3.9466252590462223,7.926046426582211e-05,9.247054164345914e-05,0.06645869280637462,2928,6,14,12,1,12,0.532567360488065,"Will Harris win 276-262 - PA, NV, MI, WI?"
KXECKH276,VDC,calendar,30s,30,False,539.5,3,-1,etf_leads_kalshi,-5.649751383430235e-06,-44.79479466622778,0.0,0.0,0.06645869280637462,2928,6,14,12,1,12,0.532567360488065,"Will Harris win 276-262 - PA, NV, MI, WI?"
KXECKH276,VDC,calendar,30s,30,False,539.5,3,0,contemp,-4.4656107966471683e-07,-1.3219384280356317,0.18618865479367475,0.18618865479367475,0.06645869280637462,2928,6,14,12,1,12,0.532567360488065,"Will Harris win 276-262 - PA, NV, MI, WI?"
KXECKH276,VDC,calendar,30s,30,False,539.5,3,1,kalshi_leads_etf,1.7644416578373554e-06,16.67148729138795,2.1127155935210334e-62,3.6972522886618088e-62,0.06645869280637462,2928,6,14,12,1,12,0.532567360488065,"Will Harris win 276-262 - PA, NV, MI, WI?"
KXECKH276,VDC,calendar,30s,30,False,539.5,3,2,kalshi_leads_etf,-1.7212568959400718e-06,-51.38939265673067,0.0,0.0,0.06645869280637462,2928,6,14,12,1,12,0.532567360488065,"Will Harris win 276-262 - PA, NV, MI, WI?"
KXECKH276,VDC,calendar,30s,30,False,539.5,3,3,kalshi_leads_etf,2.481647993218321e-07,5.1735103918843235,2.2973633916855204e-07,3.2163087483597286e-07,0.06645869280637462,2928,6,14,12,1,12,0.532567360488065,"Will Harris win 276-262 - PA, NV, MI, WI?"
KXECKH276,VDC,calendar,1min,60,False,539.5,3,-3,etf_leads_kalshi,3.3602527780918707e-06,7.914383031188729,2.4848220632805605e-15,4.348438610740981e-15,0.05554301458603761,1445,6,15,12,2,12,0.532567360488065,"Will Harris win 276-262 - PA, NV, MI, WI?"
KXECKH276,VDC,calendar,1min,60,False,539.5,3,-2,etf_leads_kalshi,2.419517313711648e-06,14.575492199946035,4.0221324407565526e-48,9.384975695098623e-48,0.05554301458603761,1445,6,15,12,2,12,0.532567360488065,"Will Harris win 276-262 - PA, NV, MI, WI?"
KXECKH276,VDC,calendar,1min,60,False,539.5,3,-1,etf_leads_kalshi,-1.0871296971166775e-05,-47.95628804305519,0.0,0.0,0.05554301458603761,1445,6,15,12,2,12,0.532567360488065,"Will Harris win 276-262 - PA, NV, MI, WI?"
KXECKH276,VDC,calendar,1min,60,False,539.5,3,0,contemp,-4.969111426636386e-06,-5.255882971342265,1.473159499931778e-07,1.7186860832537412e-07,0.05554301458603761,1445,6,15,12,2,12,0.532567360488065,"Will Harris win 276-262 - PA, NV, MI, WI?"
KXECKH276,VDC,calendar,1min,60,False,539.5,3,1,kalshi_leads_etf,2.2996052709313295e-06,6.020728989122477,1.7363327019270709e-09,2.4308657826978993e-09,0.05554301458603761,1445,6,15,12,2,12,0.532567360488065,"Will Harris win 276-262 - PA, NV, MI, WI?"
KXECKH276,VDC,calendar,1min,60,False,539.5,3,2,kalshi_leads_etf,-4.0186537365238145e-06,-20.26372705236742,2.688227199737553e-91,9.408795199081437e-91,0.05554301458603761,1445,6,15,12,2,12,0.532567360488065,"Will Harris win 276-262 - PA, NV, MI, WI?"
KXECKH276,VDC,calendar,1min,60,False,539.5,3,3,kalshi_leads_etf,-8.193757963379642e-07,-2.259778068792808,0.023835028200166468,0.023835028200166468,0.05554301458603761,1445,6,15,12,2,12,0.532567360488065,"Will Harris win 276-262 - PA, NV, MI, WI?"
KXECKH276,VDC,calendar,10min,600,True,539.5,3,-3,etf_leads_kalshi,-1.4749217158211642e-05,-9.844456649724753,7.242952645240376e-23,7.242952645240376e-23,0.08801282030386481,110,6,13,7,0,11,0.532567360488065,"Will Harris win 276-262 - PA, NV, MI, WI?"
KXECKH276,VDC,calendar,10min,600,True,539.5,3,-2,etf_leads_kalshi,-3.424228681148489e-05,-43.49844523279976,0.0,0.0,0.08801282030386481,110,6,13,7,0,11,0.532567360488065,"Will Harris win 276-262 - PA, NV, MI, WI?"
KXECKH276,VDC,calendar,10min,600,True,539.5,3,-1,etf_leads_kalshi,-7.024891829061463e-05,-157.44937646400183,0.0,0.0,0.08801282030386481,110,6,13,7,0,11,0.532567360488065,"Will Harris win 276-262 - PA, NV, MI, WI?"
KXECKH276,VDC,calendar,10min,600,True,539.5,3,0,contemp,-9.190222673159006e-05,-246.58830889696796,0.0,0.0,0.08801282030386481,110,6,13,7,0,11,0.532567360488065,"Will Harris win 276-262 - PA, NV, MI, WI?"
KXECKH276,VDC,calendar,10min,600,True,539.5,3,1,kalshi_leads_etf,-8.35784174650893e-05,-265.9467411205527,0.0,0.0,0.08801282030386481,110,6,13,7,0,11,0.532567360488065,"Will Harris win 276-262 - PA, NV, MI, WI?"
KXECKH276,VDC,calendar,10min,600,True,539.5,3,2,kalshi_leads_etf,-4.4693503330500834e-05,-138.92954681087895,0.0,0.0,0.08801282030386481,110,6,13,7,0,11,0.532567360488065,"Will Harris win 276-262 - PA, NV, MI, WI?"
KXECKH276,VDC,calendar,10min,600,True,539.5,3,3,kalshi_leads_etf,5.597357638208265e-05,127.0171130916311,0.0,0.0,0.08801282030386481,110,6,13,7,0,11,0.532567360488065,"Will Harris win 276-262 - PA, NV, MI, WI?"
KXECDJT316,VIS,calendar,30s,30,False,1343.6,4,-4,etf_leads_kalshi,6.826395324571912e-07,1.1365666051623005,0.25571950709914926,0.46029511277846863,0.0677613089027721,4122,7,18,20,2,20,0.5039225356388715,"Will Trump win 316-222 - AZ, GA, MI, MN, NC, PA, WI?"
KXECDJT316,VIS,calendar,30s,30,False,1343.6,4,-3,etf_leads_kalshi,1.5005179967429308e-06,0.4052164249495709,0.68531843270674,0.7709832367950825,0.0677613089027721,4122,7,18,20,2,20,0.5039225356388715,"Will Trump win 316-222 - AZ, GA, MI, MN, NC, PA, WI?"
KXECDJT316,VIS,calendar,30s,30,False,1343.6,4,-2,etf_leads_kalshi,1.3247681741154633e-06,1.60912893541933,0.10758815137800334,0.32276445413401006,0.0677613089027721,4122,7,18,20,2,20,0.5039225356388715,"Will Trump win 316-222 - AZ, GA, MI, MN, NC, PA, WI?"
KXECDJT316,VIS,calendar,30s,30,False,1343.6,4,-1,etf_leads_kalshi,-9.874171033813852e-07,-0.8384401462428505,0.4017835500875854,0.5415852120722956,0.0677613089027721,4122,7,18,20,2,20,0.5039225356388715,"Will Trump win 316-222 - AZ, GA, MI, MN, NC, PA, WI?"
KXECDJT316,VIS,calendar,30s,30,False,1343.6,4,0,contemp,2.391642781615067e-06,4.711436554088325,2.4597667883668203e-06,2.2137901095301384e-05,0.0677613089027721,4122,7,18,20,2,20,0.5039225356388715,"Will Trump win 316-222 - AZ, GA, MI, MN, NC, PA, WI?"
KXECDJT316,VIS,calendar,30s,30,False,1343.6,4,1,kalshi_leads_etf,3.3539889665498557e-06,2.4082144388494506,0.016030761888903514,0.07213842850006581,0.0677613089027721,4122,7,18,20,2,20,0.5039225356388715,"Will Trump win 316-222 - AZ, GA, MI, MN, NC, PA, WI?"
KXECDJT316,VIS,calendar,30s,30,False,1343.6,4,2,kalshi_leads_etf,1.4487681276797144e-06,0.8042840575431913,0.4212329427228966,0.5415852120722956,0.0677613089027721,4122,7,18,20,2,20,0.5039225356388715,"Will Trump win 316-222 - AZ, GA, MI, MN, NC, PA, WI?"
KXECDJT316,VIS,calendar,30s,30,False,1343.6,4,3,kalshi_leads_etf,-6.419589249909368e-06,-1.1530253058148643,0.24889999782664451,0.46029511277846863,0.0677613089027721,4122,7,18,20,2,20,0.5039225356388715,"Will Trump win 316-222 - AZ, GA, MI, MN, NC, PA, WI?"
KXECDJT316,VIS,calendar,30s,30,False,1343.6,4,4,kalshi_leads_etf,-2.053388476221321e-07,-0.05915128804287456,0.9528316081717151,0.9528316081717151,0.0677613089027721,4122,7,18,20,2,20,0.5039225356388715,"Will Trump win 316-222 - AZ, GA, MI, MN, NC, PA, WI?"
KXECDJT316,VIS,calendar,1min,60,False,1343.6,4,-4,etf_leads_kalshi,-2.2056689637437403e-06,-1.7721074555761216,0.07637672157899768,0.22913016473699305,0.06714288696024118,2031,7,17,20,1,20,0.5039225356388715,"Will Trump win 316-222 - AZ, GA, MI, MN, NC, PA, WI?"
KXECDJT316,VIS,calendar,1min,60,False,1343.6,4,-3,etf_leads_kalshi,-1.1808075310264719e-05,-11.241048868882727,2.563186755387456e-29,2.3068680798487106e-28,0.06714288696024118,2031,7,17,20,1,20,0.5039225356388715,"Will Trump win 316-222 - AZ, GA, MI, MN, NC, PA, WI?"
KXECDJT316,VIS,calendar,1min,60,False,1343.6,4,-2,etf_leads_kalshi,8.81453771775397e-06,2.506053782302824,0.012208704786524716,0.054939171539361224,0.06714288696024118,2031,7,17,20,1,20,0.5039225356388715,"Will Trump win 316-222 - AZ, GA, MI, MN, NC, PA, WI?"
KXECDJT316,VIS,calendar,1min,60,False,1343.6,4,-1,etf_leads_kalshi,8.622159953457097e-07,0.18912789807541136,0.8499925765485674,0.8499925765485674,0.06714288696024118,2031,7,17,20,1,20,0.5039225356388715,"Will Trump win 316-222 - AZ, GA, MI, MN, NC, PA, WI?"
KXECDJT316,VIS,calendar,1min,60,False,1343.6,4,0,contemp,4.61577968662209e-06,1.2389692868021775,0.215356872402934,0.38764237032528115,0.06714288696024118,2031,7,17,20,1,20,0.5039225356388715,"Will Trump win 316-222 - AZ, GA, MI, MN, NC, PA, WI?"
KXECDJT316,VIS,calendar,1min,60,False,1343.6,4,1,kalshi_leads_etf,5.494433766070063e-06,1.4682067258563987,0.14204807786040097,0.3196081751859022,0.06714288696024118,2031,7,17,20,1,20,0.5039225356388715,"Will Trump win 316-222 - AZ, GA, MI, MN, NC, PA, WI?"
KXECDJT316,VIS,calendar,1min,60,False,1343.6,4,2,kalshi_leads_etf,-9.861241941445823e-06,-0.8152890072742269,0.41490689958933036,0.6223603493839955,0.06714288696024118,2031,7,17,20,1,20,0.5039225356388715,"Will Trump win 316-222 - AZ, GA, MI, MN, NC, PA, WI?"
KXECDJT316,VIS,calendar,1min,60,False,1343.6,4,3,kalshi_leads_etf,3.6627730782959354e-06,0.5563898337873592,0.5779443871585708,0.7430713549181625,0.06714288696024118,2031,7,17,20,1,20,0.5039225356388715,"Will Trump win 316-222 - AZ, GA, MI, MN, NC, PA, WI?"
KXECDJT316,VIS,calendar,1min,60,False,1343.6,4,4,kalshi_leads_etf,-8.88410880232648e-07,-0.3624128961643457,0.717043503851742,0.8066739418332097,0.06714288696024118,2031,7,17,20,1,20,0.5039225356388715,"Will Trump win 316-222 - AZ, GA, MI, MN, NC, PA, WI?"
KXECDJT316,VIS,calendar,2min,120,False,1343.6,4,-4,etf_leads_kalshi,-1.3831355526943133e-05,-2.104525707755005,0.03533261452711774,0.31799353074405967,0.07488847507503327,987,7,17,20,1,20,0.5039225356388715,"Will Trump win 316-222 - AZ, GA, MI, MN, NC, PA, WI?"
KXECDJT316,VIS,calendar,2min,120,False,1343.6,4,-3,etf_leads_kalshi,1.4852257315938493e-06,0.12568177390593185,0.8999838297679894,0.8999838297679894,0.07488847507503327,987,7,17,20,1,20,0.5039225356388715,"Will Trump win 316-222 - AZ, GA, MI, MN, NC, PA, WI?"
KXECDJT316,VIS,calendar,2min,120,False,1343.6,4,-2,etf_leads_kalshi,-6.241439978952865e-06,-0.5445405403960707,0.5860695587349757,0.7535180040878259,0.07488847507503327,987,7,17,20,1,20,0.5039225356388715,"Will Trump win 316-222 - AZ, GA, MI, MN, NC, PA, WI?"
KXECDJT316,VIS,calendar,2min,120,False,1343.6,4,-1,etf_leads_kalshi,-3.5312321027884754e-06,-0.5679584426946621,0.5700631865501298,0.7535180040878259,0.07488847507503327,987,7,17,20,1,20,0.5039225356388715,"Will Trump win 316-222 - AZ, GA, MI, MN, NC, PA, WI?"
KXECDJT316,VIS,calendar,2min,120,False,1343.6,4,0,contemp,1.1803068604537018e-05,1.2837137590618926,0.19924212838156607,0.5977263851446982,0.07488847507503327,987,7,17,20,1,20,0.5039225356388715,"Will Trump win 316-222 - AZ, GA, MI, MN, NC, PA, WI?"
KXECDJT316,VIS,calendar,2min,120,False,1343.6,4,1,kalshi_leads_etf,2.92025813300736e-06,0.2718456933917158,0.7857406694911878,0.8839582531775864,0.07488847507503327,987,7,17,20,1,20,0.5039225356388715,"Will Trump win 316-222 - AZ, GA, MI, MN, NC, PA, WI?"
KXECDJT316,VIS,calendar,2min,120,False,1343.6,4,2,kalshi_leads_etf,-7.06823492881844e-06,-1.5363881795220085,0.12444320409633905,0.5599944184335257,0.07488847507503327,987,7,17,20,1,20,0.5039225356388715,"Will Trump win 316-222 - AZ, GA, MI, MN, NC, PA, WI?"
KXECDJT316,VIS,calendar,2min,120,False,1343.6,4,3,kalshi_leads_etf,-6.041587558255393e-06,-0.7661514931032148,0.44358616680859975,0.7535180040878259,0.07488847507503327,987,7,17,20,1,20,0.5039225356388715,"Will Trump win 316-222 - AZ, GA, MI, MN, NC, PA, WI?"
KXECDJT316,VIS,calendar,2min,120,False,1343.6,4,4,kalshi_leads_etf,-1.3913679493180557e-05,-1.0078336524534905,0.3135343273939616,0.7054522366364137,0.07488847507503327,987,7,17,20,1,20,0.5039225356388715,"Will Trump win 316-222 - AZ, GA, MI, MN, NC, PA, WI?"
KXECDJT316,VIS,calendar,5min,300,False,1343.6,4,-4,etf_leads_kalshi,5.221406579645017e-06,0.260617726096394,0.794387318525051,0.794387318525051,0.0808853123158475,358,7,17,15,1,17,0.5039225356388715,"Will Trump win 316-222 - AZ, GA, MI, MN, NC, PA, WI?"
KXECDJT316,VIS,calendar,5min,300,False,1343.6,4,-3,etf_leads_kalshi,3.303254523468312e-05,2.3647032749660317,0.0180445217765138,0.11123098564707516,0.0808853123158475,358,7,17,15,1,17,0.5039225356388715,"Will Trump win 316-222 - AZ, GA, MI, MN, NC, PA, WI?"
KXECDJT316,VIS,calendar,5min,300,False,1343.6,4,-2,etf_leads_kalshi,7.805419788200395e-06,0.41814967529416935,0.6758376873865217,0.794387318525051,0.0808853123158475,358,7,17,15,1,17,0.5039225356388715,"Will Trump win 316-222 - AZ, GA, MI, MN, NC, PA, WI?"
KXECDJT316,VIS,calendar,5min,300,False,1343.6,4,-1,etf_leads_kalshi,-6.4477052196349915e-06,-0.322972212346445,0.7467162865891321,0.794387318525051,0.0808853123158475,358,7,17,15,1,17,0.5039225356388715,"Will Trump win 316-222 - AZ, GA, MI, MN, NC, PA, WI?"
KXECDJT316,VIS,calendar,5min,300,False,1343.6,4,0,contemp,7.169682049989898e-06,0.8052764419699369,0.42066017310842674,0.7571883115951681,0.0808853123158475,358,7,17,15,1,17,0.5039225356388715,"Will Trump win 316-222 - AZ, GA, MI, MN, NC, PA, WI?"
KXECDJT316,VIS,calendar,5min,300,False,1343.6,4,1,kalshi_leads_etf,3.1735096589079747e-06,0.2691661299920202,0.7878018430650529,0.794387318525051,0.0808853123158475,358,7,17,15,1,17,0.5039225356388715,"Will Trump win 316-222 - AZ, GA, MI, MN, NC, PA, WI?"
KXECDJT316,VIS,calendar,5min,300,False,1343.6,4,2,kalshi_leads_etf,-2.8285822375885012e-05,-1.0324650502214756,0.3018543120912274,0.6791722022052616,0.0808853123158475,358,7,17,15,1,17,0.5039225356388715,"Will Trump win 316-222 - AZ, GA, MI, MN, NC, PA, WI?"
KXECDJT316,VIS,calendar,5min,300,False,1343.6,4,3,kalshi_leads_etf,2.3002453481843522e-05,1.8174939460285975,0.06914151445217143,0.20742454335651428,0.0808853123158475,358,7,17,15,1,17,0.5039225356388715,"Will Trump win 316-222 - AZ, GA, MI, MN, NC, PA, WI?"
KXECDJT316,VIS,calendar,5min,300,False,1343.6,4,4,kalshi_leads_etf,5.0988136929599285e-05,2.2457816566951307,0.024717996810461145,0.11123098564707516,0.0808853123158475,358,7,17,15,1,17,0.5039225356388715,"Will Trump win 316-222 - AZ, GA, MI, MN, NC, PA, WI?"
KXECDJT316,VIS,calendar,10min,600,True,1343.6,4,-4,etf_leads_kalshi,6.888373588707031e-05,0.99081517706598,0.32177583698082624,0.5791965065654872,0.15755780264058972,149,7,17,13,1,16,0.5039225356388715,"Will Trump win 316-222 - AZ, GA, MI, MN, NC, PA, WI?"
KXECDJT316,VIS,calendar,10min,600,True,1343.6,4,-3,etf_leads_kalshi,5.11155746129992e-05,1.0419305235209304,0.2974438913356726,0.5791965065654872,0.15755780264058972,149,7,17,13,1,16,0.5039225356388715,"Will Trump win 316-222 - AZ, GA, MI, MN, NC, PA, WI?"
KXECDJT316,VIS,calendar,10min,600,True,1343.6,4,-2,etf_leads_kalshi,8.556347734788124e-05,2.71249170679275,0.0066779452368034625,0.026113249119062758,0.15755780264058972,149,7,17,13,1,16,0.5039225356388715,"Will Trump win 316-222 - AZ, GA, MI, MN, NC, PA, WI?"
KXECDJT316,VIS,calendar,10min,600,True,1343.6,4,-1,etf_leads_kalshi,0.00014844021215931584,3.333846515647185,0.0008565390789787635,0.007708851710808872,0.15755780264058972,149,7,17,13,1,16,0.5039225356388715,"Will Trump win 316-222 - AZ, GA, MI, MN, NC, PA, WI?"
KXECDJT316,VIS,calendar,10min,600,True,1343.6,4,0,contemp,4.607065834228389e-06,0.09590193030910038,0.923598461483804,0.923598461483804,0.15755780264058972,149,7,17,13,1,16,0.5039225356388715,"Will Trump win 316-222 - AZ, GA, MI, MN, NC, PA, WI?"
KXECDJT316,VIS,calendar,10min,600,True,1343.6,4,1,kalshi_leads_etf,5.9488194996534675e-06,0.20824824821259547,0.8350351376566431,0.923598461483804,0.15755780264058972,149,7,17,13,1,16,0.5039225356388715,"Will Trump win 316-222 - AZ, GA, MI, MN, NC, PA, WI?"
KXECDJT316,VIS,calendar,10min,600,True,1343.6,4,2,kalshi_leads_etf,6.776277701115708e-05,2.623450221308896,0.00870441637302092,0.026113249119062758,0.15755780264058972,149,7,17,13,1,16,0.5039225356388715,"Will Trump win 316-222 - AZ, GA, MI, MN, NC, PA, WI?"
KXECDJT316,VIS,calendar,10min,600,True,1343.6,4,3,kalshi_leads_etf,-5.849357929983151e-06,-0.13324916395390804,0.8939963302647296,0.923598461483804,0.15755780264058972,149,7,17,13,1,16,0.5039225356388715,"Will Trump win 316-222 - AZ, GA, MI, MN, NC, PA, WI?"
KXECDJT316,VIS,calendar,10min,600,True,1343.6,4,4,kalshi_leads_etf,-7.865866134610382e-06,-0.48554451756619454,0.627290142081129,0.923598461483804,0.15755780264058972,149,7,17,13,1,16,0.5039225356388715,"Will Trump win 316-222 - AZ, GA, MI, MN, NC, PA, WI?"
KXECDJT316,VDE,calendar,30s,30,False,1343.6,4,-4,etf_leads_kalshi,4.248328820293348e-06,1.6744374034057317,0.09404466699678746,0.2937753756869738,0.02735399825155338,4122,7,17,20,1,20,0.492237843550756,"Will Trump win 316-222 - AZ, GA, MI, MN, NC, PA, WI?"
KXECDJT316,VDE,calendar,30s,30,False,1343.6,4,-3,etf_leads_kalshi,8.197860469976326e-06,4.011742830302687,6.0272137392234906e-05,0.0005424492365301141,0.02735399825155338,4122,7,17,20,1,20,0.492237843550756,"Will Trump win 316-222 - AZ, GA, MI, MN, NC, PA, WI?"
KXECDJT316,VDE,calendar,30s,30,False,1343.6,4,-2,etf_leads_kalshi,-5.361232174873034e-07,-0.8962208828420994,0.3701348045828555,0.5552022068742833,0.02735399825155338,4122,7,17,20,1,20,0.492237843550756,"Will Trump win 316-222 - AZ, GA, MI, MN, NC, PA, WI?"
KXECDJT316,VDE,calendar,30s,30,False,1343.6,4,-1,etf_leads_kalshi,-1.09544320775248e-06,-0.6456993896168887,0.5184740559633507,0.666609500524308,0.02735399825155338,4122,7,17,20,1,20,0.492237843550756,"Will Trump win 316-222 - AZ, GA, MI, MN, NC, PA, WI?"
KXECDJT316,VDE,calendar,30s,30,False,1343.6,4,0,contemp,5.177661699752552e-06,1.6549969074228488,0.09792512522899127,0.2937753756869738,0.02735399825155338,4122,7,17,20,1,20,0.492237843550756,"Will Trump win 316-222 - AZ, GA, MI, MN, NC, PA, WI?"
KXECDJT316,VDE,calendar,30s,30,False,1343.6,4,1,kalshi_leads_etf,-5.65111842196064e-07,-0.49813810601304837,0.618386703756713,0.6956850417263022,0.02735399825155338,4122,7,17,20,1,20,0.492237843550756,"Will Trump win 316-222 - AZ, GA, MI, MN, NC, PA, WI?"
KXECDJT316,VDE,calendar,30s,30,False,1343.6,4,2,kalshi_leads_etf,-1.7627810572542792e-06,-0.35988405200156015,0.7189338437460845,0.7189338437460845,0.02735399825155338,4122,7,17,20,1,20,0.492237843550756,"Will Trump win 316-222 - AZ, GA, MI, MN, NC, PA, WI?"
KXECDJT316,VDE,calendar,30s,30,False,1343.6,4,3,kalshi_leads_etf,-6.360059395330045e-06,-1.437093108732705,0.15069153907447042,0.33905596291755846,0.02735399825155338,4122,7,17,20,1,20,0.492237843550756,"Will Trump win 316-222 - AZ, GA, MI, MN, NC, PA, WI?"
KXECDJT316,VDE,calendar,30s,30,False,1343.6,4,4,kalshi_leads_etf,-2.358430584699436e-06,-1.2558811940761077,0.20915904783109351,0.3764862860959683,0.02735399825155338,4122,7,17,20,1,20,0.492237843550756,"Will Trump win 316-222 - AZ, GA, MI, MN, NC, PA, WI?"
KXECDJT316,VDE,calendar,1min,60,False,1343.6,4,-4,etf_leads_kalshi,2.8787188760308353e-06,3.7675053122368105,0.00016488703317080823,0.0007419916492686371,0.02909342122434,2031,7,18,20,2,20,0.492237843550756,"Will Trump win 316-222 - AZ, GA, MI, MN, NC, PA, WI?"
KXECDJT316,VDE,calendar,1min,60,False,1343.6,4,-3,etf_leads_kalshi,-1.0747080792660078e-06,-0.1603819766194999,0.8725801864085538,0.8725801864085538,0.02909342122434,2031,7,18,20,2,20,0.492237843550756,"Will Trump win 316-222 - AZ, GA, MI, MN, NC, PA, WI?"
KXECDJT316,VDE,calendar,1min,60,False,1343.6,4,-2,etf_leads_kalshi,1.140122018172161e-05,1.4175062249978758,0.15633497565075616,0.28601151643191963,0.02909342122434,2031,7,18,20,2,20,0.492237843550756,"Will Trump win 316-222 - AZ, GA, MI, MN, NC, PA, WI?"
KXECDJT316,VDE,calendar,1min,60,False,1343.6,4,-1,etf_leads_kalshi,1.5580093639560597e-05,4.984607044212405,6.2087865385644e-07,5.58790788470796e-06,0.02909342122434,2031,7,18,20,2,20,0.492237843550756,"Will Trump win 316-222 - AZ, GA, MI, MN, NC, PA, WI?"
KXECDJT316,VDE,calendar,1min,60,False,1343.6,4,0,contemp,2.5955782078149613e-06,1.4087967146221725,0.15889528690662202,0.28601151643191963,0.02909342122434,2031,7,18,20,2,20,0.492237843550756,"Will Trump win 316-222 - AZ, GA, MI, MN, NC, PA, WI?"
KXECDJT316,VDE,calendar,1min,60,False,1343.6,4,1,kalshi_leads_etf,1.5591613251876085e-06,0.20800702270802018,0.8352234839563932,0.8725801864085538,0.02909342122434,2031,7,18,20,2,20,0.492237843550756,"Will Trump win 316-222 - AZ, GA, MI, MN, NC, PA, WI?"
KXECDJT316,VDE,calendar,1min,60,False,1343.6,4,2,kalshi_leads_etf,-1.1844900482546605e-05,-0.8819205306863187,0.3778197837349965,0.5658184073769942,0.02909342122434,2031,7,18,20,2,20,0.492237843550756,"Will Trump win 316-222 - AZ, GA, MI, MN, NC, PA, WI?"
KXECDJT316,VDE,calendar,1min,60,False,1343.6,4,3,kalshi_leads_etf,4.406278848708106e-06,0.7720564681656297,0.4400809835154399,0.5658184073769942,0.02909342122434,2031,7,18,20,2,20,0.492237843550756,"Will Trump win 316-222 - AZ, GA, MI, MN, NC, PA, WI?"
KXECDJT316,VDE,calendar,1min,60,False,1343.6,4,4,kalshi_leads_etf,-1.5403457967721852e-05,-3.4302381413644087,0.0006030517297140253,0.001809155189142076,0.02909342122434,2031,7,18,20,2,20,0.492237843550756,"Will Trump win 316-222 - AZ, GA, MI, MN, NC, PA, WI?"
KXECDJT316,VDE,calendar,2min,120,False,1343.6,4,-4,etf_leads_kalshi,-3.302805501953788e-05,-1.6041087334934419,0.10869008714939365,0.32607026144818096,0.02401128603927838,987,7,16,20,0,20,0.492237843550756,"Will Trump win 316-222 - AZ, GA, MI, MN, NC, PA, WI?"
KXECDJT316,VDE,calendar,2min,120,False,1343.6,4,-3,etf_leads_kalshi,5.57491408859503e-06,0.673619411966963,0.5005533085188331,0.5631224720836873,0.02401128603927838,987,7,16,20,0,20,0.492237843550756,"Will Trump win 316-222 - AZ, GA, MI, MN, NC, PA, WI?"
KXECDJT316,VDE,calendar,2min,120,False,1343.6,4,-2,etf_leads_kalshi,7.5267451156815334e-06,0.7290687941527272,0.4659595820927941,0.5631224720836873,0.02401128603927838,987,7,16,20,0,20,0.492237843550756,"Will Trump win 316-222 - AZ, GA, MI, MN, NC, PA, WI?"
KXECDJT316,VDE,calendar,2min,120,False,1343.6,4,-1,etf_leads_kalshi,1.2703707143652379e-05,0.8085209878389696,0.4187907289995243,0.5631224720836873,0.02401128603927838,987,7,16,20,0,20,0.492237843550756,"Will Trump win 316-222 - AZ, GA, MI, MN, NC, PA, WI?"
KXECDJT316,VDE,calendar,2min,120,False,1343.6,4,0,contemp,2.577342005263882e-05,3.9894275130064254,6.623295520499043e-05,0.0005960965968449139,0.02401128603927838,987,7,16,20,0,20,0.492237843550756,"Will Trump win 316-222 - AZ, GA, MI, MN, NC, PA, WI?"
KXECDJT316,VDE,calendar,2min,120,False,1343.6,4,1,kalshi_leads_etf,-2.4013215209781027e-06,-0.14403891865662877,0.8854697374173873,0.8854697374173873,0.02401128603927838,987,7,16,20,0,20,0.492237843550756,"Will Trump win 316-222 - AZ, GA, MI, MN, NC, PA, WI?"
KXECDJT316,VDE,calendar,2min,120,False,1343.6,4,2,kalshi_leads_etf,-1.539637390411965e-05,-1.0737016954523322,0.2829564012431045,0.5631224720836873,0.02401128603927838,987,7,16,20,0,20,0.492237843550756,"Will Trump win 316-222 - AZ, GA, MI, MN, NC, PA, WI?"
KXECDJT316,VDE,calendar,2min,120,False,1343.6,4,3,kalshi_leads_etf,-2.3054040333937894e-05,-1.7587809232592557,0.07861472620563213,0.32607026144818096,0.02401128603927838,987,7,16,20,0,20,0.492237843550756,"Will Trump win 316-222 - AZ, GA, MI, MN, NC, PA, WI?"
KXECDJT316,VDE,calendar,2min,120,False,1343.6,4,4,kalshi_leads_etf,-4.971265290856504e-06,-0.7759028814443872,0.4378063311601883,0.5631224720836873,0.02401128603927838,987,7,16,20,0,20,0.492237843550756,"Will Trump win 316-222 - AZ, GA, MI, MN, NC, PA, WI?"
KXECDJT316,VDE,calendar,5min,300,False,1343.6,4,-4,etf_leads_kalshi,1.0738921997430775e-05,0.3197916461661754,0.7491262807442041,0.7738479084835503,0.08542822768134939,358,7,17,15,1,17,0.492237843550756,"Will Trump win 316-222 - AZ, GA, MI, MN, NC, PA, WI?"
KXECDJT316,VDE,calendar,5min,300,False,1343.6,4,-3,etf_leads_kalshi,-9.159817901512194e-06,-0.2873453412219535,0.7738479084835503,0.7738479084835503,0.08542822768134939,358,7,17,15,1,17,0.492237843550756,"Will Trump win 316-222 - AZ, GA, MI, MN, NC, PA, WI?"
KXECDJT316,VDE,calendar,5min,300,False,1343.6,4,-2,etf_leads_kalshi,-5.749462266419831e-06,-0.3867062278175191,0.6989737050611067,0.7738479084835503,0.08542822768134939,358,7,17,15,1,17,0.492237843550756,"Will Trump win 316-222 - AZ, GA, MI, MN, NC, PA, WI?"
KXECDJT316,VDE,calendar,5min,300,False,1343.6,4,-1,etf_leads_kalshi,-1.0739074091110973e-05,-0.48004353910754544,0.6311964342179677,0.7738479084835503,0.08542822768134939,358,7,17,15,1,17,0.492237843550756,"Will Trump win 316-222 - AZ, GA, MI, MN, NC, PA, WI?"
KXECDJT316,VDE,calendar,5min,300,False,1343.6,4,0,contemp,8.47880944812928e-05,4.632728261902752,3.6087808915370057e-06,3.2479028023833056e-05,0.08542822768134939,358,7,17,15,1,17,0.492237843550756,"Will Trump win 316-222 - AZ, GA, MI, MN, NC, PA, WI?"
KXECDJT316,VDE,calendar,5min,300,False,1343.6,4,1,kalshi_leads_etf,-2.9226427173476558e-05,-0.9270145933210844,0.353918957404032,0.7738479084835503,0.08542822768134939,358,7,17,15,1,17,0.492237843550756,"Will Trump win 316-222 - AZ, GA, MI, MN, NC, PA, WI?"
KXECDJT316,VDE,calendar,5min,300,False,1343.6,4,2,kalshi_leads_etf,-5.54430638090944e-05,-1.871376133647829,0.06129296456000997,0.2758183405200449,0.08542822768134939,358,7,17,15,1,17,0.492237843550756,"Will Trump win 316-222 - AZ, GA, MI, MN, NC, PA, WI?"
KXECDJT316,VDE,calendar,5min,300,False,1343.6,4,3,kalshi_leads_etf,-4.2581298737618184e-05,-0.9683118574164284,0.3328886446770535,0.7738479084835503,0.08542822768134939,358,7,17,15,1,17,0.492237843550756,"Will Trump win 316-222 - AZ, GA, MI, MN, NC, PA, WI?"
KXECDJT316,VDE,calendar,5min,300,False,1343.6,4,4,kalshi_leads_etf,-4.959720111394438e-06,-0.3126791345584748,0.7545244494674532,0.7738479084835503,0.08542822768134939,358,7,17,15,1,17,0.492237843550756,"Will Trump win 316-222 - AZ, GA, MI, MN, NC, PA, WI?"
KXECDJT316,VDE,calendar,10min,600,True,1343.6,4,-4,etf_leads_kalshi,-8.659946686305246e-05,-1.777084990213445,0.07555425735621496,0.29481212516868505,0.17083089737961898,149,7,17,13,1,16,0.492237843550756,"Will Trump win 316-222 - AZ, GA, MI, MN, NC, PA, WI?"
KXECDJT316,VDE,calendar,10min,600,True,1343.6,4,-3,etf_leads_kalshi,-2.734446153563455e-05,-0.2785755623935362,0.7805705689417658,0.8419993417127436,0.17083089737961898,149,7,17,13,1,16,0.492237843550756,"Will Trump win 316-222 - AZ, GA, MI, MN, NC, PA, WI?"
KXECDJT316,VDE,calendar,10min,600,True,1343.6,4,-2,etf_leads_kalshi,1.9245504209952015e-05,0.30270205646319687,0.7621169304456195,0.8419993417127436,0.17083089737961898,149,7,17,13,1,16,0.492237843550756,"Will Trump win 316-222 - AZ, GA, MI, MN, NC, PA, WI?"
KXECDJT316,VDE,calendar,10min,600,True,1343.6,4,-1,etf_leads_kalshi,1.5856359596512688e-05,0.1993367396573277,0.8419993417127436,0.8419993417127436,0.17083089737961898,149,7,17,13,1,16,0.492237843550756,"Will Trump win 316-222 - AZ, GA, MI, MN, NC, PA, WI?"
KXECDJT316,VDE,calendar,10min,600,True,1343.6,4,0,contemp,3.961890640493251e-05,0.8526225446443141,0.393868656280121,0.8419993417127436,0.17083089737961898,149,7,17,13,1,16,0.492237843550756,"Will Trump win 316-222 - AZ, GA, MI, MN, NC, PA, WI?"
KXECDJT316,VDE,calendar,10min,600,True,1343.6,4,1,kalshi_leads_etf,-1.4276389059559367e-05,-0.21022526838594038,0.833491858879426,0.8419993417127436,0.17083089737961898,149,7,17,13,1,16,0.492237843550756,"Will Trump win 316-222 - AZ, GA, MI, MN, NC, PA, WI?"
KXECDJT316,VDE,calendar,10min,600,True,1343.6,4,2,kalshi_leads_etf,-2.0101523822031035e-05,-0.2973346540875569,0.7662110271617488,0.8419993417127436,0.17083089737961898,149,7,17,13,1,16,0.492237843550756,"Will Trump win 316-222 - AZ, GA, MI, MN, NC, PA, WI?"
KXECDJT316,VDE,calendar,10min,600,True,1343.6,4,3,kalshi_leads_etf,3.2003585978331645e-05,1.6532956474646656,0.09827070838956167,0.29481212516868505,0.17083089737961898,149,7,17,13,1,16,0.492237843550756,"Will Trump win 316-222 - AZ, GA, MI, MN, NC, PA, WI?"
KXECDJT316,VDE,calendar,10min,600,True,1343.6,4,4,kalshi_leads_etf,0.000125326814648421,2.5945344354721396,0.009471912470088087,0.08524721223079279,0.17083089737961898,149,7,17,13,1,16,0.492237843550756,"Will Trump win 316-222 - AZ, GA, MI, MN, NC, PA, WI?"
KXECKH276,VAW,calendar,30s,30,False,539.5,3,-3,etf_leads_kalshi,-1.4307323501618557e-06,-7.885738015009947,3.126819938819109e-15,3.6479565952889606e-15,0.08416810677165176,2928,6,14,12,1,12,0.4430827720119678,"Will Harris win 276-262 - PA, NV, MI, WI?"
KXECKH276,VAW,calendar,30s,30,False,539.5,3,-2,etf_leads_kalshi,-1.495232615928665e-06,-88.47300951265788,0.0,0.0,0.08416810677165176,2928,6,14,12,1,12,0.4430827720119678,"Will Harris win 276-262 - PA, NV, MI, WI?"
KXECKH276,VAW,calendar,30s,30,False,539.5,3,-1,etf_leads_kalshi,-4.852825115145877e-06,-20.029673538777423,3.036418769813906e-89,1.0627465694348672e-88,0.08416810677165176,2928,6,14,12,1,12,0.4430827720119678,"Will Harris win 276-262 - PA, NV, MI, WI?"
KXECKH276,VAW,calendar,30s,30,False,539.5,3,0,contemp,-2.518585616115881e-06,-8.770448374930208,1.779562118307799e-18,3.1142337070386482e-18,0.08416810677165176,2928,6,14,12,1,12,0.4430827720119678,"Will Harris win 276-262 - PA, NV, MI, WI?"
KXECKH276,VAW,calendar,30s,30,False,539.5,3,1,kalshi_leads_etf,1.0701759702599174e-06,5.606826901696028,2.0606956802914164e-08,2.0606956802914164e-08,0.08416810677165176,2928,6,14,12,1,12,0.4430827720119678,"Will Harris win 276-262 - PA, NV, MI, WI?"
KXECKH276,VAW,calendar,30s,30,False,539.5,3,2,kalshi_leads_etf,-2.6336725426352396e-06,-9.347857979891922,8.944066227307282e-21,2.0869487863716993e-20,0.08416810677165176,2928,6,14,12,1,12,0.4430827720119678,"Will Harris win 276-262 - PA, NV, MI, WI?"
KXECKH276,VAW,calendar,30s,30,False,539.5,3,3,kalshi_leads_etf,-6.94620069206047e-07,-8.198483206218164,2.4343906625011955e-16,3.4081469275016737e-16,0.08416810677165176,2928,6,14,12,1,12,0.4430827720119678,"Will Harris win 276-262 - PA, NV, MI, WI?"
KXECKH276,VAW,calendar,1min,60,False,539.5,3,-3,etf_leads_kalshi,-8.921398399038282e-06,-15.271264915723405,1.1884519020610842e-52,1.6638326628855178e-52,0.06438165405092644,1445,6,14,12,1,12,0.4430827720119678,"Will Harris win 276-262 - PA, NV, MI, WI?"
KXECKH276,VAW,calendar,1min,60,False,539.5,3,-2,etf_leads_kalshi,6.486341008293457e-06,111.52821659264572,0.0,0.0,0.06438165405092644,1445,6,14,12,1,12,0.4430827720119678,"Will Harris win 276-262 - PA, NV, MI, WI?"
KXECKH276,VAW,calendar,1min,60,False,539.5,3,-1,etf_leads_kalshi,-3.4336557259550416e-06,-37.907171711840476,0.0,0.0,0.06438165405092644,1445,6,14,12,1,12,0.4430827720119678,"Will Harris win 276-262 - PA, NV, MI, WI?"
KXECKH276,VAW,calendar,1min,60,False,539.5,3,0,contemp,-1.6215313295498058e-05,-70.30106576818243,0.0,0.0,0.06438165405092644,1445,6,14,12,1,12,0.4430827720119678,"Will Harris win 276-262 - PA, NV, MI, WI?"
KXECKH276,VAW,calendar,1min,60,False,539.5,3,1,kalshi_leads_etf,1.3350104002303038e-06,14.96259749079851,1.2889526580308949e-50,1.503778101036044e-50,0.06438165405092644,1445,6,14,12,1,12,0.4430827720119678,"Will Harris win 276-262 - PA, NV, MI, WI?"
KXECKH276,VAW,calendar,1min,60,False,539.5,3,2,kalshi_leads_etf,-6.3371611530126116e-06,-230.0163014614748,0.0,0.0,0.06438165405092644,1445,6,14,12,1,12,0.4430827720119678,"Will Harris win 276-262 - PA, NV, MI, WI?"
KXECKH276,VAW,calendar,1min,60,False,539.5,3,3,kalshi_leads_etf,-2.722996112720335e-07,-3.135859147530872,0.001713514784673455,0.001713514784673455,0.06438165405092644,1445,6,14,12,1,12,0.4430827720119678,"Will Harris win 276-262 - PA, NV, MI, WI?"
KXECKH276,VAW,calendar,10min,600,True,539.5,3,-3,etf_leads_kalshi,4.619413826620818e-05,4.896684227102443,9.746727100094091e-07,1.7056772425164661e-06,0.1615610091179489,110,6,14,7,1,11,0.4430827720119678,"Will Harris win 276-262 - PA, NV, MI, WI?"
KXECKH276,VAW,calendar,10min,600,True,539.5,3,-2,etf_leads_kalshi,5.094063475089914e-05,10.495427456911143,9.066640442582647e-26,6.346648309807853e-25,0.1615610091179489,110,6,14,7,1,11,0.4430827720119678,"Will Harris win 276-262 - PA, NV, MI, WI?"
KXECKH276,VAW,calendar,10min,600,True,539.5,3,-1,etf_leads_kalshi,5.26276332749811e-07,0.496688455510699,0.6194087646679438,0.6194087646679438,0.1615610091179489,110,6,14,7,1,11,0.4430827720119678,"Will Harris win 276-262 - PA, NV, MI, WI?"
KXECKH276,VAW,calendar,10min,600,True,539.5,3,0,contemp,-5.2227950405961145e-05,-7.132291227882518,9.87117354288559e-13,2.3032738266733043e-12,0.1615610091179489,110,6,14,7,1,11,0.4430827720119678,"Will Harris win 276-262 - PA, NV, MI, WI?"
KXECKH276,VAW,calendar,10min,600,True,539.5,3,1,kalshi_leads_etf,-5.764929595128535e-05,-3.0299725991320186,0.0024457592657278057,0.003424062972018928,0.1615610091179489,110,6,14,7,1,11,0.4430827720119678,"Will Harris win 276-262 - PA, NV, MI, WI?"
KXECKH276,VAW,calendar,10min,600,True,539.5,3,2,kalshi_leads_etf,1.3303358108142952e-05,0.5995387415673747,0.5488136833472412,0.6194087646679438,0.1615610091179489,110,6,14,7,1,11,0.4430827720119678,"Will Harris win 276-262 - PA, NV, MI, WI?"
KXECKH276,VAW,calendar,10min,600,True,539.5,3,3,kalshi_leads_etf,0.00010353471377587635,9.117796776185894,7.666701523972103e-20,2.683345533390236e-19,0.1615610091179489,110,6,14,7,1,11,0.4430827720119678,"Will Harris win 276-262 - PA, NV, MI, WI?"
KXECDJT281,VNQ,calendar,30s,30,False,229.9,5,-5,etf_leads_kalshi,-1.0746119606437821e-06,-0.35802795563092676,0.7203223928235558,0.7203223928235558,0.01583970970355375,5964,11,23,92,1,92,0.4303337624527567,"Will Trump win 281-257 - AZ, GA, NC, PA?"
KXECDJT281,VNQ,calendar,30s,30,False,229.9,5,-4,etf_leads_kalshi,3.1330462094823045e-06,3.1959711875914687,0.0013936102756317284,0.007664856515974506,0.01583970970355375,5964,11,23,92,1,92,0.4303337624527567,"Will Trump win 281-257 - AZ, GA, NC, PA?"
KXECDJT281,VNQ,calendar,30s,30,False,229.9,5,-3,etf_leads_kalshi,-5.939010539092474e-07,-0.9889830103913456,0.32267145415200416,0.3549385995672046,0.01583970970355375,5964,11,23,92,1,92,0.4303337624527567,"Will Trump win 281-257 - AZ, GA, NC, PA?"
KXECDJT281,VNQ,calendar,30s,30,False,229.9,5,-2,etf_leads_kalshi,-7.120716888747462e-07,-1.8590838735836623,0.06301525072345569,0.13693654612410083,0.01583970970355375,5964,11,23,92,1,92,0.4303337624527567,"Will Trump win 281-257 - AZ, GA, NC, PA?"
KXECDJT281,VNQ,calendar,30s,30,False,229.9,5,-1,etf_leads_kalshi,-3.862587869869693e-06,-2.3425354774559337,0.01915321293281325,0.07022844742031525,0.01583970970355375,5964,11,23,92,1,92,0.4303337624527567,"Will Trump win 281-257 - AZ, GA, NC, PA?"
KXECDJT281,VNQ,calendar,30s,30,False,229.9,5,0,contemp,-1.9281731863785047e-06,-1.7823470070468002,0.07469266152223682,0.13693654612410083,0.01583970970355375,5964,11,23,92,1,92,0.4303337624527567,"Will Trump win 281-257 - AZ, GA, NC, PA?"
KXECDJT281,VNQ,calendar,30s,30,False,229.9,5,1,kalshi_leads_etf,2.4694424373646444e-06,1.4392939243910732,0.1500672635029729,0.2358199855046717,0.01583970970355375,5964,11,23,92,1,92,0.4303337624527567,"Will Trump win 281-257 - AZ, GA, NC, PA?"
KXECDJT281,VNQ,calendar,30s,30,False,229.9,5,2,kalshi_leads_etf,-1.7686359248676366e-06,-1.2323811734069994,0.21780673021657504,0.29580042563019693,0.01583970970355375,5964,11,23,92,1,92,0.4303337624527567,"Will Trump win 281-257 - AZ, GA, NC, PA?"
KXECDJT281,VNQ,calendar,30s,30,False,229.9,5,3,kalshi_leads_etf,4.0269422154530846e-06,1.8513857200618464,0.0641140819559331,0.13693654612410083,0.01583970970355375,5964,11,23,92,1,92,0.4303337624527567,"Will Trump win 281-257 - AZ, GA, NC, PA?"
KXECDJT281,VNQ,calendar,30s,30,False,229.9,5,4,kalshi_leads_etf,-1.9449005747389007e-06,-1.1699563628508638,0.24201853006107021,0.29580042563019693,0.01583970970355375,5964,11,23,92,1,92,0.4303337624527567,"Will Trump win 281-257 - AZ, GA, NC, PA?"
KXECDJT281,VNQ,calendar,30s,30,False,229.9,5,5,kalshi_leads_etf,-3.2847893539118078e-06,-3.971383636297214,7.145640152874945e-05,0.0007860204168162439,0.01583970970355375,5964,11,23,92,1,92,0.4303337624527567,"Will Trump win 281-257 - AZ, GA, NC, PA?"
KXECDJT281,VNQ,calendar,1min,60,False,229.9,5,-5,etf_leads_kalshi,3.036550287016841e-06,1.577040180954278,0.11478627986686477,0.24284689760582362,0.03501769512533348,2923,11,24,87,2,88,0.4303337624527567,"Will Trump win 281-257 - AZ, GA, NC, PA?"
KXECDJT281,VNQ,calendar,1min,60,False,229.9,5,-4,etf_leads_kalshi,-3.1704037764290644e-06,-0.8751988809148833,0.3814657020269008,0.5532838870843527,0.03501769512533348,2923,11,24,87,2,88,0.4303337624527567,"Will Trump win 281-257 - AZ, GA, NC, PA?"
KXECDJT281,VNQ,calendar,1min,60,False,229.9,5,-3,etf_leads_kalshi,-1.813499906985102e-06,-0.5021385532504273,0.6155700624836865,0.7523634097022834,0.03501769512533348,2923,11,24,87,2,88,0.4303337624527567,"Will Trump win 281-257 - AZ, GA, NC, PA?"
KXECDJT281,VNQ,calendar,1min,60,False,229.9,5,-2,etf_leads_kalshi,4.7369898186137604e-07,0.10270868632691045,0.9181941794165214,0.9181941794165214,0.03501769512533348,2923,11,24,87,2,88,0.4303337624527567,"Will Trump win 281-257 - AZ, GA, NC, PA?"
KXECDJT281,VNQ,calendar,1min,60,False,229.9,5,-1,etf_leads_kalshi,-2.0146076644496275e-06,-1.504463968491885,0.13246194414863105,0.24284689760582362,0.03501769512533348,2923,11,24,87,2,88,0.4303337624527567,"Will Trump win 281-257 - AZ, GA, NC, PA?"
KXECDJT281,VNQ,calendar,1min,60,False,229.9,5,0,contemp,-2.809094986315639e-06,-2.538086038162221,0.011146057867437685,0.061303318270907264,0.03501769512533348,2923,11,24,87,2,88,0.4303337624527567,"Will Trump win 281-257 - AZ, GA, NC, PA?"
KXECDJT281,VNQ,calendar,1min,60,False,229.9,5,1,kalshi_leads_etf,-6.538994568731929e-07,-0.31530967170482765,0.7525265423160975,0.8277791965477073,0.03501769512533348,2923,11,24,87,2,88,0.4303337624527567,"Will Trump win 281-257 - AZ, GA, NC, PA?"
KXECDJT281,VNQ,calendar,1min,60,False,229.9,5,2,kalshi_leads_etf,1.566614406241032e-06,1.6682611393911237,0.09526389864601285,0.24284689760582362,0.03501769512533348,2923,11,24,87,2,88,0.4303337624527567,"Will Trump win 281-257 - AZ, GA, NC, PA?"
KXECDJT281,VNQ,calendar,1min,60,False,229.9,5,3,kalshi_leads_etf,7.816250471266458e-06,0.8373634899044173,0.4023882815158929,0.5532838870843527,0.03501769512533348,2923,11,24,87,2,88,0.4303337624527567,"Will Trump win 281-257 - AZ, GA, NC, PA?"
KXECDJT281,VNQ,calendar,1min,60,False,229.9,5,4,kalshi_leads_etf,9.657134810583257e-06,7.284613769427297,3.2259314575354195e-13,3.5485246032889615e-12,0.03501769512533348,2923,11,24,87,2,88,0.4303337624527567,"Will Trump win 281-257 - AZ, GA, NC, PA?"
KXECDJT281,VNQ,calendar,1min,60,False,229.9,5,5,kalshi_leads_etf,5.66069567752431e-06,1.5064125260758787,0.13196130710895157,0.24284689760582362,0.03501769512533348,2923,11,24,87,2,88,0.4303337624527567,"Will Trump win 281-257 - AZ, GA, NC, PA?"
KXECDJT281,VNQ,calendar,2min,120,False,229.9,5,-5,etf_leads_kalshi,2.9392337838645523e-05,2.172657475208773,0.02980610660186397,0.11679150618056337,0.035023297796847985,1402,11,23,75,1,79,0.4303337624527567,"Will Trump win 281-257 - AZ, GA, NC, PA?"
KXECDJT281,VNQ,calendar,2min,120,False,229.9,5,-4,etf_leads_kalshi,3.491402102477272e-05,2.0782140683036805,0.037689646913805,0.11679150618056337,0.035023297796847985,1402,11,23,75,1,79,0.4303337624527567,"Will Trump win 281-257 - AZ, GA, NC, PA?"
KXECDJT281,VNQ,calendar,2min,120,False,229.9,5,-3,etf_leads_kalshi,1.0306904426982484e-05,1.785150011741092,0.07423698771655882,0.1361011441470245,0.035023297796847985,1402,11,23,75,1,79,0.4303337624527567,"Will Trump win 281-257 - AZ, GA, NC, PA?"
KXECDJT281,VNQ,calendar,2min,120,False,229.9,5,-2,etf_leads_kalshi,7.669412290727157e-06,2.3689200835954582,0.017840107813911057,0.11679150618056337,0.035023297796847985,1402,11,23,75,1,79,0.4303337624527567,"Will Trump win 281-257 - AZ, GA, NC, PA?"
KXECDJT281,VNQ,calendar,2min,120,False,229.9,5,-1,etf_leads_kalshi,6.215513351811997e-07,0.1843073137400008,0.853772376679468,0.9285243176761496,0.035023297796847985,1402,11,23,75,1,79,0.4303337624527567,"Will Trump win 281-257 - AZ, GA, NC, PA?"
KXECDJT281,VNQ,calendar,2min,120,False,229.9,5,0,contemp,9.460118045578272e-07,0.08970163369608267,0.9285243176761496,0.9285243176761496,0.035023297796847985,1402,11,23,75,1,79,0.4303337624527567,"Will Trump win 281-257 - AZ, GA, NC, PA?"
KXECDJT281,VNQ,calendar,2min,120,False,229.9,5,1,kalshi_leads_etf,3.607842633730803e-06,0.42436544369996243,0.6712993183152629,0.9157040152883165,0.035023297796847985,1402,11,23,75,1,79,0.4303337624527567,"Will Trump win 281-257 - AZ, GA, NC, PA?"
KXECDJT281,VNQ,calendar,2min,120,False,229.9,5,2,kalshi_leads_etf,1.6825857714398027e-05,1.9757440407968738,0.0481837741802749,0.11679150618056337,0.035023297796847985,1402,11,23,75,1,79,0.4303337624527567,"Will Trump win 281-257 - AZ, GA, NC, PA?"
KXECDJT281,VNQ,calendar,2min,120,False,229.9,5,3,kalshi_leads_etf,1.704001561536688e-05,1.9342121571590378,0.05308704826389244,0.11679150618056337,0.035023297796847985,1402,11,23,75,1,79,0.4303337624527567,"Will Trump win 281-257 - AZ, GA, NC, PA?"
KXECDJT281,VNQ,calendar,2min,120,False,229.9,5,4,kalshi_leads_etf,3.2157851838324194e-06,1.1290393224962936,0.2588812459564829,0.40681338650304455,0.035023297796847985,1402,11,23,75,1,79,0.4303337624527567,"Will Trump win 281-257 - AZ, GA, NC, PA?"
KXECDJT281,VNQ,calendar,2min,120,False,229.9,5,5,kalshi_leads_etf,3.831458466961431e-06,0.31967808262235303,0.7492123761449863,0.9157040152883165,0.035023297796847985,1402,11,23,75,1,79,0.4303337624527567,"Will Trump win 281-257 - AZ, GA, NC, PA?"
KXECDJT281,VNQ,calendar,5min,300,True,229.9,5,-5,etf_leads_kalshi,-2.5610568693886336e-06,-0.1379395219011047,0.8902882149891752,0.8902882149891752,0.1273762992912355,492,11,23,53,1,61,0.4303337624527567,"Will Trump win 281-257 - AZ, GA, NC, PA?"
KXECDJT281,VNQ,calendar,5min,300,True,229.9,5,-4,etf_leads_kalshi,-1.2104585136845491e-05,-0.6304950595480533,0.5283707341420993,0.8518813979269744,0.1273762992912355,492,11,23,53,1,61,0.4303337624527567,"Will Trump win 281-257 - AZ, GA, NC, PA?"
KXECDJT281,VNQ,calendar,5min,300,True,229.9,5,-3,etf_leads_kalshi,-2.983770580357578e-05,-2.596025519632119,0.009430906041213206,0.03457998881778176,0.1273762992912355,492,11,23,53,1,61,0.4303337624527567,"Will Trump win 281-257 - AZ, GA, NC, PA?"
KXECDJT281,VNQ,calendar,5min,300,True,229.9,5,-2,etf_leads_kalshi,8.798854860043491e-05,5.071262130217978,3.951859961126943e-07,4.347045957239637e-06,0.1273762992912355,492,11,23,53,1,61,0.4303337624527567,"Will Trump win 281-257 - AZ, GA, NC, PA?"
KXECDJT281,VNQ,calendar,5min,300,True,229.9,5,-1,etf_leads_kalshi,0.00011135278569458906,2.248339811289325,0.024554529963933425,0.06752495740081692,0.1273762992912355,492,11,23,53,1,61,0.4303337624527567,"Will Trump win 281-257 - AZ, GA, NC, PA?"
KXECDJT281,VNQ,calendar,5min,300,True,229.9,5,0,contemp,-1.0597942566450103e-05,-0.5041104407359758,0.6141837704304958,0.8518813979269744,0.1273762992912355,492,11,23,53,1,61,0.4303337624527567,"Will Trump win 281-257 - AZ, GA, NC, PA?"
KXECDJT281,VNQ,calendar,5min,300,True,229.9,5,1,kalshi_leads_etf,8.85359827330181e-05,3.649634869010087,0.00026261333050849934,0.0014443733177967463,0.1273762992912355,492,11,23,53,1,61,0.4303337624527567,"Will Trump win 281-257 - AZ, GA, NC, PA?"
KXECDJT281,VNQ,calendar,5min,300,True,229.9,5,2,kalshi_leads_etf,1.1368065910279122e-05,0.4964880625455236,0.6195501075832541,0.8518813979269744,0.1273762992912355,492,11,23,53,1,61,0.4303337624527567,"Will Trump win 281-257 - AZ, GA, NC, PA?"
KXECDJT281,VNQ,calendar,5min,300,True,229.9,5,3,kalshi_leads_etf,3.5316221608483306e-05,1.3269367915511745,0.18452959259321422,0.4059651037050713,0.1273762992912355,492,11,23,53,1,61,0.4303337624527567,"Will Trump win 281-257 - AZ, GA, NC, PA?"
KXECDJT281,VNQ,calendar,5min,300,True,229.9,5,4,kalshi_leads_etf,5.395548960770383e-06,0.34699284950498904,0.7285966906998791,0.8544511577989755,0.1273762992912355,492,11,23,53,1,61,0.4303337624527567,"Will Trump win 281-257 - AZ, GA, NC, PA?"
KXECDJT281,VNQ,calendar,5min,300,True,229.9,5,5,kalshi_leads_etf,1.6248656094710676e-05,0.2835258356731992,0.7767737798172505,0.8544511577989755,0.1273762992912355,492,11,23,53,1,61,0.4303337624527567,"Will Trump win 281-257 - AZ, GA, NC, PA?"
KXECDJT281,VNQ,calendar,10min,600,False,229.9,5,-5,etf_leads_kalshi,1.2018472471228683e-05,0.2273321264796068,0.8201654936705081,0.8201654936705081,0.19963115091231365,189,10,21,32,0,49,0.4303337624527567,"Will Trump win 281-257 - AZ, GA, NC, PA?"
KXECDJT281,VNQ,calendar,10min,600,False,229.9,5,-4,etf_leads_kalshi,2.7290380392975983e-05,0.44031265489923554,0.659710676409734,0.8063130489452304,0.19963115091231365,189,10,21,32,0,49,0.4303337624527567,"Will Trump win 281-257 - AZ, GA, NC, PA?"
KXECDJT281,VNQ,calendar,10min,600,False,229.9,5,-3,etf_leads_kalshi,-1.1431585616311806e-05,-0.2281881266695869,0.819499991513602,0.8201654936705081,0.19963115091231365,189,10,21,32,0,49,0.4303337624527567,"Will Trump win 281-257 - AZ, GA, NC, PA?"
KXECDJT281,VNQ,calendar,10min,600,False,229.9,5,-2,etf_leads_kalshi,-0.00010944953756633029,-1.4376976829864474,0.1505198508129998,0.23653119413471396,0.19963115091231365,189,10,21,32,0,49,0.4303337624527567,"Will Trump win 281-257 - AZ, GA, NC, PA?"
KXECDJT281,VNQ,calendar,10min,600,False,229.9,5,-1,etf_leads_kalshi,-9.537811091719269e-05,-2.98577621903943,0.0028285955289633793,0.007778637704649293,0.19963115091231365,189,10,21,32,0,49,0.4303337624527567,"Will Trump win 281-257 - AZ, GA, NC, PA?"
KXECDJT281,VNQ,calendar,10min,600,False,229.9,5,0,contemp,0.0001591600947674557,2.5553193372982137,0.010609041794335595,0.02333989194753831,0.19963115091231365,189,10,21,32,0,49,0.4303337624527567,"Will Trump win 281-257 - AZ, GA, NC, PA?"
KXECDJT281,VNQ,calendar,10min,600,False,229.9,5,1,kalshi_leads_etf,0.00011613336807388935,2.17719913056109,0.029465713159632576,0.05402047412599306,0.19963115091231365,189,10,21,32,0,49,0.4303337624527567,"Will Trump win 281-257 - AZ, GA, NC, PA?"
KXECDJT281,VNQ,calendar,10min,600,False,229.9,5,2,kalshi_leads_etf,5.0863385648337304e-05,0.8097006781223786,0.4181122281925481,0.5749043137647536,0.19963115091231365,189,10,21,32,0,49,0.4303337624527567,"Will Trump win 281-257 - AZ, GA, NC, PA?"
KXECDJT281,VNQ,calendar,10min,600,False,229.9,5,3,kalshi_leads_etf,0.00015486156019110843,3.1504573128352384,0.0016301507651748674,0.005977219472307848,0.19963115091231365,189,10,21,32,0,49,0.4303337624527567,"Will Trump win 281-257 - AZ, GA, NC, PA?"
KXECDJT281,VNQ,calendar,10min,600,False,229.9,5,4,kalshi_leads_etf,0.00013777766277734636,3.3240652500648804,0.0008871543630011981,0.005977219472307848,0.19963115091231365,189,10,21,32,0,49,0.4303337624527567,"Will Trump win 281-257 - AZ, GA, NC, PA?"
KXECDJT281,VNQ,calendar,10min,600,False,229.9,5,5,kalshi_leads_etf,0.00013459422929020895,3.1666466638993587,0.0015420756260091596,0.005977219472307848,0.19963115091231365,189,10,21,32,0,49,0.4303337624527567,"Will Trump win 281-257 - AZ, GA, NC, PA?"
FEDDECISION-24SEP-C25,VOX,calendar,30s,30,False,73.1,8,-8,etf_leads_kalshi,-2.4630337395051273e-06,-0.9909557212689477,0.3217072019051139,0.8799423906110084,0.040173886492061106,8172,11,29,385,1,394,0.4259019059689291,Will the Federal Reserve Cut rates by 25bps at their September 2024 meeting?
FEDDECISION-24SEP-C25,VOX,calendar,30s,30,False,73.1,8,-7,etf_leads_kalshi,1.931560611910982e-06,0.6265496120998177,0.530954506437679,0.8799423906110084,0.040173886492061106,8172,11,29,385,1,394,0.4259019059689291,Will the Federal Reserve Cut rates by 25bps at their September 2024 meeting?
FEDDECISION-24SEP-C25,VOX,calendar,30s,30,False,73.1,8,-6,etf_leads_kalshi,-2.1917462759496844e-06,-0.7029335954149236,0.4820971334447127,0.8799423906110084,0.040173886492061106,8172,11,29,385,1,394,0.4259019059689291,Will the Federal Reserve Cut rates by 25bps at their September 2024 meeting?
FEDDECISION-24SEP-C25,VOX,calendar,30s,30,False,73.1,8,-5,etf_leads_kalshi,-3.112373404582067e-06,-1.679538464547222,0.0930471489796308,0.6045443141943692,0.040173886492061106,8172,11,29,385,1,394,0.4259019059689291,Will the Federal Reserve Cut rates by 25bps at their September 2024 meeting?
FEDDECISION-24SEP-C25,VOX,calendar,30s,30,False,73.1,8,-4,etf_leads_kalshi,2.431142431753901e-06,0.7036487494682496,0.4816515442770999,0.8799423906110084,0.040173886492061106,8172,11,29,385,1,394,0.4259019059689291,Will the Federal Reserve Cut rates by 25bps at their September 2024 meeting?
FEDDECISION-24SEP-C25,VOX,calendar,30s,30,False,73.1,8,-3,etf_leads_kalshi,2.1394937791485975e-06,1.6132772320712474,0.10668429074018279,0.6045443141943692,0.040173886492061106,8172,11,29,385,1,394,0.4259019059689291,Will the Federal Reserve Cut rates by 25bps at their September 2024 meeting?
FEDDECISION-24SEP-C25,VOX,calendar,30s,30,False,73.1,8,-2,etf_leads_kalshi,-1.1765456085396175e-06,-0.5324353895367255,0.5944244798542226,0.8799423906110084,0.040173886492061106,8172,11,29,385,1,394,0.4259019059689291,Will the Federal Reserve Cut rates by 25bps at their September 2024 meeting?
FEDDECISION-24SEP-C25,VOX,calendar,30s,30,False,73.1,8,-1,etf_leads_kalshi,-5.684510324079565e-06,-0.7412314888234751,0.4585530938717247,0.8799423906110084,0.040173886492061106,8172,11,29,385,1,394,0.4259019059689291,Will the Federal Reserve Cut rates by 25bps at their September 2024 meeting?
FEDDECISION-24SEP-C25,VOX,calendar,30s,30,False,73.1,8,0,contemp,-1.9406092938063047e-07,-0.053523844448641646,0.9573145327534585,0.9908859645160053,0.040173886492061106,8172,11,29,385,1,394,0.4259019059689291,Will the Federal Reserve Cut rates by 25bps at their September 2024 meeting?
FEDDECISION-24SEP-C25,VOX,calendar,30s,30,False,73.1,8,1,kalshi_leads_etf,-4.1931395692888785e-06,-0.7072365140078368,0.47941951080199197,0.8799423906110084,0.040173886492061106,8172,11,29,385,1,394,0.4259019059689291,Will the Federal Reserve Cut rates by 25bps at their September 2024 meeting?
FEDDECISION-24SEP-C25,VOX,calendar,30s,30,False,73.1,8,2,kalshi_leads_etf,-3.211176109972081e-06,-2.1751055076847403,0.029622210833994227,0.5035775841779019,0.040173886492061106,8172,11,29,385,1,394,0.4259019059689291,Will the Federal Reserve Cut rates by 25bps at their September 2024 meeting?
FEDDECISION-24SEP-C25,VOX,calendar,30s,30,False,73.1,8,3,kalshi_leads_etf,-6.488560872991294e-07,-0.18759704652346318,0.8511925416727205,0.9646848805624166,0.040173886492061106,8172,11,29,385,1,394,0.4259019059689291,Will the Federal Reserve Cut rates by 25bps at their September 2024 meeting?
FEDDECISION-24SEP-C25,VOX,calendar,30s,30,False,73.1,8,4,kalshi_leads_etf,2.687220232347454e-08,0.011422997936646119,0.9908859645160053,0.9908859645160053,0.040173886492061106,8172,11,29,385,1,394,0.4259019059689291,Will the Federal Reserve Cut rates by 25bps at their September 2024 meeting?
FEDDECISION-24SEP-C25,VOX,calendar,30s,30,False,73.1,8,5,kalshi_leads_etf,2.3900606311224312e-06,0.49424125802798097,0.6211358051371825,0.8799423906110084,0.040173886492061106,8172,11,29,385,1,394,0.4259019059689291,Will the Federal Reserve Cut rates by 25bps at their September 2024 meeting?
FEDDECISION-24SEP-C25,VOX,calendar,30s,30,False,73.1,8,6,kalshi_leads_etf,7.260791129127548e-07,0.20052139845487638,0.8410728242881584,0.9646848805624166,0.040173886492061106,8172,11,29,385,1,394,0.4259019059689291,Will the Federal Reserve Cut rates by 25bps at their September 2024 meeting?
FEDDECISION-24SEP-C25,VOX,calendar,30s,30,False,73.1,8,7,kalshi_leads_etf,1.8783862091059233e-06,1.0122314940004937,0.31142738113788104,0.8799423906110084,0.040173886492061106,8172,11,29,385,1,394,0.4259019059689291,Will the Federal Reserve Cut rates by 25bps at their September 2024 meeting?
FEDDECISION-24SEP-C25,VOX,calendar,30s,30,False,73.1,8,8,kalshi_leads_etf,-1.0012854712637417e-06,-0.24676200623173955,0.8050924159500331,0.9646848805624166,0.040173886492061106,8172,11,29,385,1,394,0.4259019059689291,Will the Federal Reserve Cut rates by 25bps at their September 2024 meeting?
FEDDECISION-24SEP-C25,VOX,calendar,1min,60,False,73.1,8,-8,etf_leads_kalshi,-3.5787126015883385e-06,-1.1570578250964372,0.24724873610195486,0.6297318122865485,0.043979702255369624,3995,11,30,355,2,366,0.4259019059689291,Will the Federal Reserve Cut rates by 25bps at their September 2024 meeting?
FEDDECISION-24SEP-C25,VOX,calendar,1min,60,False,73.1,8,-7,etf_leads_kalshi,8.482694918458685e-06,1.3487161589149126,0.17742815325231198,0.6297318122865485,0.043979702255369624,3995,11,30,355,2,366,0.4259019059689291,Will the Federal Reserve Cut rates by 25bps at their September 2024 meeting?
FEDDECISION-24SEP-C25,VOX,calendar,1min,60,False,73.1,8,-6,etf_leads_kalshi,2.9096568225372685e-06,0.41285840377538935,0.6797103584198538,0.8395283955284478,0.043979702255369624,3995,11,30,355,2,366,0.4259019059689291,Will the Federal Reserve Cut rates by 25bps at their September 2024 meeting?
FEDDECISION-24SEP-C25,VOX,calendar,1min,60,False,73.1,8,-5,etf_leads_kalshi,-1.3876145191583786e-05,-3.1106769735749116,0.0018665900766595548,0.031732031303212435,0.043979702255369624,3995,11,30,355,2,366,0.4259019059689291,Will the Federal Reserve Cut rates by 25bps at their September 2024 meeting?
FEDDECISION-24SEP-C25,VOX,calendar,1min,60,False,73.1,8,-4,etf_leads_kalshi,-1.0147552836986502e-06,-0.2273460038963912,0.8201547035607741,0.8706097905726611,0.043979702255369624,3995,11,30,355,2,366,0.4259019059689291,Will the Federal Reserve Cut rates by 25bps at their September 2024 meeting?
FEDDECISION-24SEP-C25,VOX,calendar,1min,60,False,73.1,8,-3,etf_leads_kalshi,-5.150571780657963e-06,-1.8584295238190676,0.06310804291333037,0.5364183647633082,0.043979702255369624,3995,11,30,355,2,366,0.4259019059689291,Will the Federal Reserve Cut rates by 25bps at their September 2024 meeting?
FEDDECISION-24SEP-C25,VOX,calendar,1min,60,False,73.1,8,-2,etf_leads_kalshi,-9.934457781836176e-07,-0.16288397226182671,0.8706097905726611,0.8706097905726611,0.043979702255369624,3995,11,30,355,2,366,0.4259019059689291,Will the Federal Reserve Cut rates by 25bps at their September 2024 meeting?
FEDDECISION-24SEP-C25,VOX,calendar,1min,60,False,73.1,8,-1,etf_leads_kalshi,3.0316132163460083e-06,0.6523257820702567,0.514191031323398,0.7946588665907061,0.043979702255369624,3995,11,30,355,2,366,0.4259019059689291,Will the Federal Reserve Cut rates by 25bps at their September 2024 meeting?
FEDDECISION-24SEP-C25,VOX,calendar,1min,60,False,73.1,8,0,contemp,-7.690897363220655e-06,-0.49423975637402484,0.6211368655294952,0.8395283955284478,0.043979702255369624,3995,11,30,355,2,366,0.4259019059689291,Will the Federal Reserve Cut rates by 25bps at their September 2024 meeting?
FEDDECISION-24SEP-C25,VOX,calendar,1min,60,False,73.1,8,1,kalshi_leads_etf,-6.995546167368323e-06,-0.6660268048942775,0.5053939674052659,0.7946588665907061,0.043979702255369624,3995,11,30,355,2,366,0.4259019059689291,Will the Federal Reserve Cut rates by 25bps at their September 2024 meeting?
FEDDECISION-24SEP-C25,VOX,calendar,1min,60,False,73.1,8,2,kalshi_leads_etf,-3.1052626681226523e-06,-0.39698797824130133,0.69137632572931,0.8395283955284478,0.043979702255369624,3995,11,30,355,2,366,0.4259019059689291,Will the Federal Reserve Cut rates by 25bps at their September 2024 meeting?
FEDDECISION-24SEP-C25,VOX,calendar,1min,60,False,73.1,8,3,kalshi_leads_etf,7.382998966912222e-06,1.6221929820007825,0.10476203390124518,0.5936515254403893,0.043979702255369624,3995,11,30,355,2,366,0.4259019059689291,Will the Federal Reserve Cut rates by 25bps at their September 2024 meeting?
FEDDECISION-24SEP-C25,VOX,calendar,1min,60,False,73.1,8,4,kalshi_leads_etf,-5.019398245661048e-06,-0.7240891326008346,0.46901101593345473,0.7946588665907061,0.043979702255369624,3995,11,30,355,2,366,0.4259019059689291,Will the Federal Reserve Cut rates by 25bps at their September 2024 meeting?
FEDDECISION-24SEP-C25,VOX,calendar,1min,60,False,73.1,8,5,kalshi_leads_etf,5.858542083202845e-06,1.2557366476354053,0.20921146747841157,0.6297318122865485,0.043979702255369624,3995,11,30,355,2,366,0.4259019059689291,Will the Federal Reserve Cut rates by 25bps at their September 2024 meeting?
FEDDECISION-24SEP-C25,VOX,calendar,1min,60,False,73.1,8,6,kalshi_leads_etf,1.90120831800666e-05,0.7759776040064406,0.4377622095760405,0.7946588665907061,0.043979702255369624,3995,11,30,355,2,366,0.4259019059689291,Will the Federal Reserve Cut rates by 25bps at their September 2024 meeting?
FEDDECISION-24SEP-C25,VOX,calendar,1min,60,False,73.1,8,7,kalshi_leads_etf,-8.059220249733152e-06,-1.128044006845766,0.25930133447093173,0.6297318122865485,0.043979702255369624,3995,11,30,355,2,366,0.4259019059689291,Will the Federal Reserve Cut rates by 25bps at their September 2024 meeting?
FEDDECISION-24SEP-C25,VOX,calendar,1min,60,False,73.1,8,8,kalshi_leads_etf,-2.6899059891752243e-06,-0.2522156862409518,0.8008743540596214,0.8706097905726611,0.043979702255369624,3995,11,30,355,2,366,0.4259019059689291,Will the Federal Reserve Cut rates by 25bps at their September 2024 meeting?
FEDDECISION-24SEP-C25,VOX,calendar,2min,120,True,73.1,8,-8,etf_leads_kalshi,-7.08116829569323e-06,-0.5984009254159275,0.5495724484368205,0.73281534645545,0.05519140223535113,1906,11,29,282,1,307,0.4259019059689291,Will the Federal Reserve Cut rates by 25bps at their September 2024 meeting?
FEDDECISION-24SEP-C25,VOX,calendar,2min,120,True,73.1,8,-7,etf_leads_kalshi,-2.1615416829492034e-05,-0.983471131251846,0.3253756167852121,0.73281534645545,0.05519140223535113,1906,11,29,282,1,307,0.4259019059689291,Will the Federal Reserve Cut rates by 25bps at their September 2024 meeting?
FEDDECISION-24SEP-C25,VOX,calendar,2min,120,True,73.1,8,-6,etf_leads_kalshi,7.343759559512904e-06,0.6361636317181383,0.5246697747556618,0.73281534645545,0.05519140223535113,1906,11,29,282,1,307,0.4259019059689291,Will the Federal Reserve Cut rates by 25bps at their September 2024 meeting?
FEDDECISION-24SEP-C25,VOX,calendar,2min,120,True,73.1,8,-5,etf_leads_kalshi,1.995459776874126e-05,1.073809412137464,0.28290811060821464,0.73281534645545,0.05519140223535113,1906,11,29,282,1,307,0.4259019059689291,Will the Federal Reserve Cut rates by 25bps at their September 2024 meeting?
FEDDECISION-24SEP-C25,VOX,calendar,2min,120,True,73.1,8,-4,etf_leads_kalshi,6.286788094174858e-06,0.6475060103847998,0.5173045058414849,0.73281534645545,0.05519140223535113,1906,11,29,282,1,307,0.4259019059689291,Will the Federal Reserve Cut rates by 25bps at their September 2024 meeting?
FEDDECISION-24SEP-C25,VOX,calendar,2min,120,True,73.1,8,-3,etf_leads_kalshi,1.3700056497917231e-05,0.5193811248419453,0.6034949911986058,0.73281534645545,0.05519140223535113,1906,11,29,282,1,307,0.4259019059689291,Will the Federal Reserve Cut rates by 25bps at their September 2024 meeting?
FEDDECISION-24SEP-C25,VOX,calendar,2min,120,True,73.1,8,-2,etf_leads_kalshi,-8.759567097793563e-06,-1.722612076656416,0.08495869961362491,0.28885957868632467,0.05519140223535113,1906,11,29,282,1,307,0.4259019059689291,Will the Federal Reserve Cut rates by 25bps at their September 2024 meeting?
FEDDECISION-24SEP-C25,VOX,calendar,2min,120,True,73.1,8,-1,etf_leads_kalshi,-1.1736520148289577e-05,-0.7429568253998872,0.457507820061103,0.73281534645545,0.05519140223535113,1906,11,29,282,1,307,0.4259019059689291,Will the Federal Reserve Cut rates by 25bps at their September 2024 meeting?
FEDDECISION-24SEP-C25,VOX,calendar,2min,120,True,73.1,8,0,contemp,5.144207843594691e-07,0.030569596925071905,0.9756127889518245,0.9756127889518245,0.05519140223535113,1906,11,29,282,1,307,0.4259019059689291,Will the Federal Reserve Cut rates by 25bps at their September 2024 meeting?
FEDDECISION-24SEP-C25,VOX,calendar,2min,120,True,73.1,8,1,kalshi_leads_etf,3.152674746082056e-06,0.19640348729726742,0.8442943669495895,0.8970627648839389,0.05519140223535113,1906,11,29,282,1,307,0.4259019059689291,Will the Federal Reserve Cut rates by 25bps at their September 2024 meeting?
FEDDECISION-24SEP-C25,VOX,calendar,2min,120,True,73.1,8,2,kalshi_leads_etf,-1.3989258903089032e-05,-0.8003379921531198,0.42351499670000614,0.73281534645545,0.05519140223535113,1906,11,29,282,1,307,0.4259019059689291,Will the Federal Reserve Cut rates by 25bps at their September 2024 meeting?
FEDDECISION-24SEP-C25,VOX,calendar,2min,120,True,73.1,8,3,kalshi_leads_etf,3.270814577644184e-05,1.788062673746038,0.07376589683468272,0.28885957868632467,0.05519140223535113,1906,11,29,282,1,307,0.4259019059689291,Will the Federal Reserve Cut rates by 25bps at their September 2024 meeting?
FEDDECISION-24SEP-C25,VOX,calendar,2min,120,True,73.1,8,4,kalshi_leads_etf,-3.971917232900017e-05,-3.538857865825188,0.00040186216587390224,0.006831656819856338,0.05519140223535113,1906,11,29,282,1,307,0.4259019059689291,Will the Federal Reserve Cut rates by 25bps at their September 2024 meeting?
FEDDECISION-24SEP-C25,VOX,calendar,2min,120,True,73.1,8,5,kalshi_leads_etf,-6.317110319134988e-05,-2.49223788779548,0.012694098527777961,0.10789983748611268,0.05519140223535113,1906,11,29,282,1,307,0.4259019059689291,Will the Federal Reserve Cut rates by 25bps at their September 2024 meeting?
FEDDECISION-24SEP-C25,VOX,calendar,2min,120,True,73.1,8,6,kalshi_leads_etf,2.2630996528469317e-05,1.958048957343384,0.05022426827865998,0.2846041869124065,0.05519140223535113,1906,11,29,282,1,307,0.4259019059689291,Will the Federal Reserve Cut rates by 25bps at their September 2024 meeting?
FEDDECISION-24SEP-C25,VOX,calendar,2min,120,True,73.1,8,7,kalshi_leads_etf,7.2771595041863845e-06,0.5335722629610415,0.5936375026892636,0.73281534645545,0.05519140223535113,1906,11,29,282,1,307,0.4259019059689291,Will the Federal Reserve Cut rates by 25bps at their September 2024 meeting?
FEDDECISION-24SEP-C25,VOX,calendar,2min,120,True,73.1,8,8,kalshi_leads_etf,2.3404437008376256e-06,0.2950174601138556,0.767980541766569,0.8703779473354449,0.05519140223535113,1906,11,29,282,1,307,0.4259019059689291,Will the Federal Reserve Cut rates by 25bps at their September 2024 meeting?
FEDDECISION-24SEP-C25,VOX,calendar,5min,300,False,73.1,8,-8,etf_leads_kalshi,-4.990914404259158e-05,-1.0355187410545659,0.3004267187870846,0.5737712498759228,0.06902175562481128,653,11,28,177,0,226,0.4259019059689291,Will the Federal Reserve Cut rates by 25bps at their September 2024 meeting?
FEDDECISION-24SEP-C25,VOX,calendar,5min,300,False,73.1,8,-7,etf_leads_kalshi,-4.192275328215583e-05,-1.3783368089660983,0.1680993235402114,0.5715377000367188,0.06902175562481128,653,11,28,177,0,226,0.4259019059689291,Will the Federal Reserve Cut rates by 25bps at their September 2024 meeting?
FEDDECISION-24SEP-C25,VOX,calendar,5min,300,False,73.1,8,-6,etf_leads_kalshi,-3.4863000798116417e-05,-1.0043145375981608,0.3152270286135912,0.5737712498759228,0.06902175562481128,653,11,28,177,0,226,0.4259019059689291,Will the Federal Reserve Cut rates by 25bps at their September 2024 meeting?
FEDDECISION-24SEP-C25,VOX,calendar,5min,300,False,73.1,8,-5,etf_leads_kalshi,-1.9029140665518354e-05,-0.45643892524218344,0.6480743800899778,0.7869474615378301,0.06902175562481128,653,11,28,177,0,226,0.4259019059689291,Will the Federal Reserve Cut rates by 25bps at their September 2024 meeting?
FEDDECISION-24SEP-C25,VOX,calendar,5min,300,False,73.1,8,-4,etf_leads_kalshi,-7.578674266454504e-06,-0.18869006539946906,0.8503357383831914,0.9034817220321409,0.06902175562481128,653,11,28,177,0,226,0.4259019059689291,Will the Federal Reserve Cut rates by 25bps at their September 2024 meeting?
FEDDECISION-24SEP-C25,VOX,calendar,5min,300,False,73.1,8,-3,etf_leads_kalshi,-3.251548056565316e-05,-0.9590918020714793,0.3375124999270134,0.5737712498759228,0.06902175562481128,653,11,28,177,0,226,0.4259019059689291,Will the Federal Reserve Cut rates by 25bps at their September 2024 meeting?
FEDDECISION-24SEP-C25,VOX,calendar,5min,300,False,73.1,8,-2,etf_leads_kalshi,2.4614635018763764e-05,0.4671643848121026,0.6403822725656524,0.7869474615378301,0.06902175562481128,653,11,28,177,0,226,0.4259019059689291,Will the Federal Reserve Cut rates by 25bps at their September 2024 meeting?
FEDDECISION-24SEP-C25,VOX,calendar,5min,300,False,73.1,8,-1,etf_leads_kalshi,-1.2201750097050415e-05,-0.4722804612859658,0.6367266147584585,0.7869474615378301,0.06902175562481128,653,11,28,177,0,226,0.4259019059689291,Will the Federal Reserve Cut rates by 25bps at their September 2024 meeting?
FEDDECISION-24SEP-C25,VOX,calendar,5min,300,False,73.1,8,0,contemp,-5.913894596597094e-05,-1.390329098824098,0.16442896553531516,0.5715377000367188,0.06902175562481128,653,11,28,177,0,226,0.4259019059689291,Will the Federal Reserve Cut rates by 25bps at their September 2024 meeting?
FEDDECISION-24SEP-C25,VOX,calendar,5min,300,False,73.1,8,1,kalshi_leads_etf,-9.067046593434664e-05,-3.738416195543755,0.0001851832010407259,0.0031481144176923404,0.06902175562481128,653,11,28,177,0,226,0.4259019059689291,Will the Federal Reserve Cut rates by 25bps at their September 2024 meeting?
FEDDECISION-24SEP-C25,VOX,calendar,5min,300,False,73.1,8,2,kalshi_leads_etf,-0.00011256357243103489,-1.4138799159930842,0.15739716381954316,0.5715377000367188,0.06902175562481128,653,11,28,177,0,226,0.4259019059689291,Will the Federal Reserve Cut rates by 25bps at their September 2024 meeting?
FEDDECISION-24SEP-C25,VOX,calendar,5min,300,False,73.1,8,3,kalshi_leads_etf,6.788001518227866e-05,1.2512218235206851,0.21085355820929264,0.5737712498759228,0.06902175562481128,653,11,28,177,0,226,0.4259019059689291,Will the Federal Reserve Cut rates by 25bps at their September 2024 meeting?
FEDDECISION-24SEP-C25,VOX,calendar,5min,300,False,73.1,8,4,kalshi_leads_etf,8.92388961707804e-06,0.35822798098434555,0.7201727090412888,0.8161957369134607,0.06902175562481128,653,11,28,177,0,226,0.4259019059689291,Will the Federal Reserve Cut rates by 25bps at their September 2024 meeting?
FEDDECISION-24SEP-C25,VOX,calendar,5min,300,False,73.1,8,5,kalshi_leads_etf,-2.2824485967343173e-05,-1.023811902549387,0.30592412735855656,0.5737712498759228,0.06902175562481128,653,11,28,177,0,226,0.4259019059689291,Will the Federal Reserve Cut rates by 25bps at their September 2024 meeting?
FEDDECISION-24SEP-C25,VOX,calendar,5min,300,False,73.1,8,6,kalshi_leads_etf,-2.5206821730338717e-05,-0.6085530902592131,0.542820705832342,0.7869474615378301,0.06902175562481128,653,11,28,177,0,226,0.4259019059689291,Will the Federal Reserve Cut rates by 25bps at their September 2024 meeting?
FEDDECISION-24SEP-C25,VOX,calendar,5min,300,False,73.1,8,7,kalshi_leads_etf,-2.519044282729784e-06,-0.04818879375665377,0.9615657810998328,0.9615657810998328,0.06902175562481128,653,11,28,177,0,226,0.4259019059689291,Will the Federal Reserve Cut rates by 25bps at their September 2024 meeting?
FEDDECISION-24SEP-C25,VOX,calendar,5min,300,False,73.1,8,8,kalshi_leads_etf,-5.46886942857941e-05,-2.0476068750422938,0.04059853516047703,0.3450875488640548,0.06902175562481128,653,11,28,177,0,226,0.4259019059689291,Will the Federal Reserve Cut rates by 25bps at their September 2024 meeting?
FEDDECISION-24SEP-C25,VOX,calendar,10min,600,False,73.1,6,-6,etf_leads_kalshi,-0.00011361154667924238,-2.3086357394122774,0.020963802981470513,0.16406339065932182,0.12370369726119135,279,11,24,110,0,165,0.4259019059689291,Will the Federal Reserve Cut rates by 25bps at their September 2024 meeting?
FEDDECISION-24SEP-C25,VOX,calendar,10min,600,False,73.1,6,-5,etf_leads_kalshi,-4.408522586060043e-05,-0.8281746438590702,0.4075716014859545,0.5373950369544522,0.12370369726119135,279,11,24,110,0,165,0.4259019059689291,Will the Federal Reserve Cut rates by 25bps at their September 2024 meeting?
FEDDECISION-24SEP-C25,VOX,calendar,10min,600,False,73.1,6,-4,etf_leads_kalshi,-6.752466838381295e-05,-1.067882309039295,0.28557360355417094,0.4640571057755278,0.12370369726119135,279,11,24,110,0,165,0.4259019059689291,Will the Federal Reserve Cut rates by 25bps at their September 2024 meeting?
FEDDECISION-24SEP-C25,VOX,calendar,10min,600,False,73.1,6,-3,etf_leads_kalshi,-0.00015455550242639222,-2.23770158797729,0.025240521639895666,0.16406339065932182,0.12370369726119135,279,11,24,110,0,165,0.4259019059689291,Will the Federal Reserve Cut rates by 25bps at their September 2024 meeting?
FEDDECISION-24SEP-C25,VOX,calendar,10min,600,False,73.1,6,-2,etf_leads_kalshi,-4.979622014571815e-05,-1.2010420134534308,0.22973490446244194,0.42665053685882076,0.12370369726119135,279,11,24,110,0,165,0.4259019059689291,Will the Federal Reserve Cut rates by 25bps at their September 2024 meeting?
FEDDECISION-24SEP-C25,VOX,calendar,10min,600,False,73.1,6,-1,etf_leads_kalshi,-1.56321011962288e-05,-0.22338612805409758,0.8232349997791321,0.891837916427393,0.12370369726119135,279,11,24,110,0,165,0.4259019059689291,Will the Federal Reserve Cut rates by 25bps at their September 2024 meeting?
FEDDECISION-24SEP-C25,VOX,calendar,10min,600,False,73.1,6,0,contemp,-0.00015566640266721882,-1.9953233851431986,0.04600762097848416,0.19936635757343135,0.12370369726119135,279,11,24,110,0,165,0.4259019059689291,Will the Federal Reserve Cut rates by 25bps at their September 2024 meeting?
FEDDECISION-24SEP-C25,VOX,calendar,10min,600,False,73.1,6,1,kalshi_leads_etf,-0.00015317520014728145,-1.4939371840853346,0.13519203838875987,0.42665053685882076,0.12370369726119135,279,11,24,110,0,165,0.4259019059689291,Will the Federal Reserve Cut rates by 25bps at their September 2024 meeting?
FEDDECISION-24SEP-C25,VOX,calendar,10min,600,False,73.1,6,2,kalshi_leads_etf,8.791745146557787e-07,0.009767713669658215,0.9922066159943297,0.9922066159943297,0.12370369726119135,279,11,24,110,0,165,0.4259019059689291,Will the Federal Reserve Cut rates by 25bps at their September 2024 meeting?
FEDDECISION-24SEP-C25,VOX,calendar,10min,600,False,73.1,6,3,kalshi_leads_etf,-7.940444105002238e-05,-1.3904616731731578,0.16438872991839626,0.42665053685882076,0.12370369726119135,279,11,24,110,0,165,0.4259019059689291,Will the Federal Reserve Cut rates by 25bps at their September 2024 meeting?
FEDDECISION-24SEP-C25,VOX,calendar,10min,600,False,73.1,6,4,kalshi_leads_etf,3.527153406374307e-05,0.5615102913963691,0.5744497165604205,0.6788951195714061,0.12370369726119135,279,11,24,110,0,165,0.4259019059689291,Will the Federal Reserve Cut rates by 25bps at their September 2024 meeting?
FEDDECISION-24SEP-C25,VOX,calendar,10min,600,False,73.1,6,5,kalshi_leads_etf,-3.7306932048385105e-05,-0.817958652044389,0.413380797657271,0.5373950369544522,0.12370369726119135,279,11,24,110,0,165,0.4259019059689291,Will the Federal Reserve Cut rates by 25bps at their September 2024 meeting?
FEDDECISION-24SEP-C25,VOX,calendar,10min,600,False,73.1,6,6,kalshi_leads_etf,-4.7415152485442234e-05,-1.2753259098985714,0.20219391063678993,0.42665053685882076,0.12370369726119135,279,11,24,110,0,165,0.4259019059689291,Will the Federal Reserve Cut rates by 25bps at their September 2024 meeting?
FEDDECISION-24SEP-C25,VPU,calendar,30s,30,False,73.1,8,-8,etf_leads_kalshi,-4.230597229805278e-08,-0.030942462526236964,0.9753154259231922,0.9753154259231922,0.07604656484957806,8172,11,30,385,2,394,0.4196610274034253,Will the Federal Reserve Cut rates by 25bps at their September 2024 meeting?
FEDDECISION-24SEP-C25,VPU,calendar,30s,30,False,73.1,8,-7,etf_leads_kalshi,4.129467250066345e-06,2.515301042627761,0.011893078267002019,0.0554430836384571,0.07604656484957806,8172,11,30,385,2,394,0.4196610274034253,Will the Federal Reserve Cut rates by 25bps at their September 2024 meeting?
FEDDECISION-24SEP-C25,VPU,calendar,30s,30,False,73.1,8,-6,etf_leads_kalshi,-5.435760489483646e-06,-2.482526635888835,0.013045431444342847,0.0554430836384571,0.07604656484957806,8172,11,30,385,2,394,0.4196610274034253,Will the Federal Reserve Cut rates by 25bps at their September 2024 meeting?
FEDDECISION-24SEP-C25,VPU,calendar,30s,30,False,73.1,8,-5,etf_leads_kalshi,-3.5422655480838824e-06,-4.128765296403467,3.647164566225399e-05,0.0006200179762583178,0.07604656484957806,8172,11,30,385,2,394,0.4196610274034253,Will the Federal Reserve Cut rates by 25bps at their September 2024 meeting?
FEDDECISION-24SEP-C25,VPU,calendar,30s,30,False,73.1,8,-4,etf_leads_kalshi,-2.7749232478639237e-06,-1.9078362722194717,0.056412381047152,0.15983507963359733,0.07604656484957806,8172,11,30,385,2,394,0.4196610274034253,Will the Federal Reserve Cut rates by 25bps at their September 2024 meeting?
FEDDECISION-24SEP-C25,VPU,calendar,30s,30,False,73.1,8,-3,etf_leads_kalshi,1.1831901178251378e-06,0.47070533695023525,0.6378511726830203,0.7347115908996307,0.07604656484957806,8172,11,30,385,2,394,0.4196610274034253,Will the Federal Reserve Cut rates by 25bps at their September 2024 meeting?
FEDDECISION-24SEP-C25,VPU,calendar,30s,30,False,73.1,8,-2,etf_leads_kalshi,-1.7696595116679725e-06,-0.4107644610371042,0.6812452548924115,0.7347115908996307,0.07604656484957806,8172,11,30,385,2,394,0.4196610274034253,Will the Federal Reserve Cut rates by 25bps at their September 2024 meeting?
FEDDECISION-24SEP-C25,VPU,calendar,30s,30,False,73.1,8,-1,etf_leads_kalshi,-7.2361652846004745e-06,-1.0194485972494465,0.3079900447079351,0.5235830760034896,0.07604656484957806,8172,11,30,385,2,394,0.4196610274034253,Will the Federal Reserve Cut rates by 25bps at their September 2024 meeting?
FEDDECISION-24SEP-C25,VPU,calendar,30s,30,False,73.1,8,0,contemp,-5.581112204556681e-06,-1.1987297429621784,0.23063304890306724,0.43564020348357146,0.07604656484957806,8172,11,30,385,2,394,0.4196610274034253,Will the Federal Reserve Cut rates by 25bps at their September 2024 meeting?
FEDDECISION-24SEP-C25,VPU,calendar,30s,30,False,73.1,8,1,kalshi_leads_etf,-3.322987390349432e-06,-0.5325456006963486,0.5943481675839216,0.7347115908996307,0.07604656484957806,8172,11,30,385,2,394,0.4196610274034253,Will the Federal Reserve Cut rates by 25bps at their September 2024 meeting?
FEDDECISION-24SEP-C25,VPU,calendar,30s,30,False,73.1,8,2,kalshi_leads_etf,-4.884214288198291e-06,-3.1284043863240454,0.0017575818436164215,0.014939445670739583,0.07604656484957806,8172,11,30,385,2,394,0.4196610274034253,Will the Federal Reserve Cut rates by 25bps at their September 2024 meeting?
FEDDECISION-24SEP-C25,VPU,calendar,30s,30,False,73.1,8,3,kalshi_leads_etf,2.6491608735654024e-06,1.3647576909656391,0.17232922060938982,0.36961262572743153,0.07604656484957806,8172,11,30,385,2,394,0.4196610274034253,Will the Federal Reserve Cut rates by 25bps at their September 2024 meeting?
FEDDECISION-24SEP-C25,VPU,calendar,30s,30,False,73.1,8,4,kalshi_leads_etf,-2.4436944918353757e-06,-2.083184972929083,0.03723436630691388,0.1265968454435072,0.07604656484957806,8172,11,30,385,2,394,0.4196610274034253,Will the Federal Reserve Cut rates by 25bps at their September 2024 meeting?
FEDDECISION-24SEP-C25,VPU,calendar,30s,30,False,73.1,8,5,kalshi_leads_etf,4.301672809800256e-07,0.396829409388928,0.6914932620231818,0.7347115908996307,0.07604656484957806,8172,11,30,385,2,394,0.4196610274034253,Will the Federal Reserve Cut rates by 25bps at their September 2024 meeting?
FEDDECISION-24SEP-C25,VPU,calendar,30s,30,False,73.1,8,6,kalshi_leads_etf,-2.238601424578113e-06,-0.5688870832666565,0.5694327716523686,0.7347115908996307,0.07604656484957806,8172,11,30,385,2,394,0.4196610274034253,Will the Federal Reserve Cut rates by 25bps at their September 2024 meeting?
FEDDECISION-24SEP-C25,VPU,calendar,30s,30,False,73.1,8,7,kalshi_leads_etf,-7.207484464244663e-07,-0.495518207352053,0.6202343729723574,0.7347115908996307,0.07604656484957806,8172,11,30,385,2,394,0.4196610274034253,Will the Federal Reserve Cut rates by 25bps at their September 2024 meeting?
FEDDECISION-24SEP-C25,VPU,calendar,30s,30,False,73.1,8,8,kalshi_leads_etf,-2.806332627258811e-06,-1.3596669121409388,0.17393535328349718,0.36961262572743153,0.07604656484957806,8172,11,30,385,2,394,0.4196610274034253,Will the Federal Reserve Cut rates by 25bps at their September 2024 meeting?
FEDDECISION-24SEP-C25,VPU,calendar,1min,60,False,73.1,8,-8,etf_leads_kalshi,-5.187570395982299e-07,-0.0858611597672746,0.9315767874616621,0.9944539530561396,0.06457891016319894,3995,11,30,355,2,366,0.4196610274034253,Will the Federal Reserve Cut rates by 25bps at their September 2024 meeting?
FEDDECISION-24SEP-C25,VPU,calendar,1min,60,False,73.1,8,-7,etf_leads_kalshi,3.0564742962831795e-07,0.06745250206508599,0.946221473718796,0.9944539530561396,0.06457891016319894,3995,11,30,355,2,366,0.4196610274034253,Will the Federal Reserve Cut rates by 25bps at their September 2024 meeting?
FEDDECISION-24SEP-C25,VPU,calendar,1min,60,False,73.1,8,-6,etf_leads_kalshi,9.764177700806433e-06,0.8862313429683498,0.3754928772465227,0.6383378913190886,0.06457891016319894,3995,11,30,355,2,366,0.4196610274034253,Will the Federal Reserve Cut rates by 25bps at their September 2024 meeting?
FEDDECISION-24SEP-C25,VPU,calendar,1min,60,False,73.1,8,-5,etf_leads_kalshi,-8.288108674060749e-06,-1.5555102417952535,0.11982459728397882,0.5292418112823103,0.06457891016319894,3995,11,30,355,2,366,0.4196610274034253,Will the Federal Reserve Cut rates by 25bps at their September 2024 meeting?
FEDDECISION-24SEP-C25,VPU,calendar,1min,60,False,73.1,8,-4,etf_leads_kalshi,-4.5621059623633296e-07,-0.10190101002402699,0.9188352482543667,0.9944539530561396,0.06457891016319894,3995,11,30,355,2,366,0.4196610274034253,Will the Federal Reserve Cut rates by 25bps at their September 2024 meeting?
FEDDECISION-24SEP-C25,VPU,calendar,1min,60,False,73.1,8,-3,etf_leads_kalshi,-4.511909841418109e-06,-1.5360444252725265,0.12452748500760241,0.5292418112823103,0.06457891016319894,3995,11,30,355,2,366,0.4196610274034253,Will the Federal Reserve Cut rates by 25bps at their September 2024 meeting?
FEDDECISION-24SEP-C25,VPU,calendar,1min,60,False,73.1,8,-2,etf_leads_kalshi,-7.5103679669748995e-06,-2.6100228867894013,0.009053616530132348,0.1539114810122499,0.06457891016319894,3995,11,30,355,2,366,0.4196610274034253,Will the Federal Reserve Cut rates by 25bps at their September 2024 meeting?
FEDDECISION-24SEP-C25,VPU,calendar,1min,60,False,73.1,8,-1,etf_leads_kalshi,-8.218847240406633e-06,-0.9868935965853561,0.32369480373123705,0.6383378913190886,0.06457891016319894,3995,11,30,355,2,366,0.4196610274034253,Will the Federal Reserve Cut rates by 25bps at their September 2024 meeting?
FEDDECISION-24SEP-C25,VPU,calendar,1min,60,False,73.1,8,0,contemp,-1.3920165437305369e-05,-0.9204785389846469,0.3573227429152952,0.6383378913190886,0.06457891016319894,3995,11,30,355,2,366,0.4196610274034253,Will the Federal Reserve Cut rates by 25bps at their September 2024 meeting?
FEDDECISION-24SEP-C25,VPU,calendar,1min,60,False,73.1,8,1,kalshi_leads_etf,-9.745698373435566e-06,-1.0118400676568817,0.3116145287725314,0.6383378913190886,0.06457891016319894,3995,11,30,355,2,366,0.4196610274034253,Will the Federal Reserve Cut rates by 25bps at their September 2024 meeting?
FEDDECISION-24SEP-C25,VPU,calendar,1min,60,False,73.1,8,2,kalshi_leads_etf,-2.2665035781577407e-08,-0.006950995014980133,0.9944539530561396,0.9944539530561396,0.06457891016319894,3995,11,30,355,2,366,0.4196610274034253,Will the Federal Reserve Cut rates by 25bps at their September 2024 meeting?
FEDDECISION-24SEP-C25,VPU,calendar,1min,60,False,73.1,8,3,kalshi_leads_etf,-5.142594457428657e-06,-1.0289602020348183,0.30349837675101443,0.6383378913190886,0.06457891016319894,3995,11,30,355,2,366,0.4196610274034253,Will the Federal Reserve Cut rates by 25bps at their September 2024 meeting?
FEDDECISION-24SEP-C25,VPU,calendar,1min,60,False,73.1,8,4,kalshi_leads_etf,5.2729736362584866e-08,0.010841272550479116,0.9913500854548577,0.9944539530561396,0.06457891016319894,3995,11,30,355,2,366,0.4196610274034253,Will the Federal Reserve Cut rates by 25bps at their September 2024 meeting?
FEDDECISION-24SEP-C25,VPU,calendar,1min,60,False,73.1,8,5,kalshi_leads_etf,-4.6531138719148875e-06,-1.6416869284577476,0.1006549019924139,0.5292418112823103,0.06457891016319894,3995,11,30,355,2,366,0.4196610274034253,Will the Federal Reserve Cut rates by 25bps at their September 2024 meeting?
FEDDECISION-24SEP-C25,VPU,calendar,1min,60,False,73.1,8,6,kalshi_leads_etf,9.629032647301126e-06,0.5830534473198482,0.5598573208774515,0.8652340413560614,0.06457891016319894,3995,11,30,355,2,366,0.4196610274034253,Will the Federal Reserve Cut rates by 25bps at their September 2024 meeting?
FEDDECISION-24SEP-C25,VPU,calendar,1min,60,False,73.1,8,7,kalshi_leads_etf,-1.1128319870335608e-06,-0.31530204993050187,0.7525323287080636,0.9944539530561396,0.06457891016319894,3995,11,30,355,2,366,0.4196610274034253,Will the Federal Reserve Cut rates by 25bps at their September 2024 meeting?
FEDDECISION-24SEP-C25,VPU,calendar,1min,60,False,73.1,8,8,kalshi_leads_etf,-4.338420296524332e-06,-1.3468503875609414,0.17802842275839525,0.6052966373785439,0.06457891016319894,3995,11,30,355,2,366,0.4196610274034253,Will the Federal Reserve Cut rates by 25bps at their September 2024 meeting?
FEDDECISION-24SEP-C25,VPU,calendar,2min,120,True,73.1,8,-8,etf_leads_kalshi,8.153221273573938e-06,1.1038336524318069,0.2696653038939968,0.5730387707747432,0.07942665581102315,1906,11,34,282,6,307,0.4196610274034253,Will the Federal Reserve Cut rates by 25bps at their September 2024 meeting?
FEDDECISION-24SEP-C25,VPU,calendar,2min,120,True,73.1,8,-7,etf_leads_kalshi,-1.3121149825769335e-05,-0.6737333178848208,0.5004808755511532,0.6544749911053542,0.07942665581102315,1906,11,34,282,6,307,0.4196610274034253,Will the Federal Reserve Cut rates by 25bps at their September 2024 meeting?
FEDDECISION-24SEP-C25,VPU,calendar,2min,120,True,73.1,8,-6,etf_leads_kalshi,-5.559476216665948e-06,-0.7963279092667065,0.42584146778875787,0.6544749911053542,0.07942665581102315,1906,11,34,282,6,307,0.4196610274034253,Will the Federal Reserve Cut rates by 25bps at their September 2024 meeting?
FEDDECISION-24SEP-C25,VPU,calendar,2min,120,True,73.1,8,-5,etf_leads_kalshi,1.7845315100850756e-05,1.2887145817980392,0.19749733118492752,0.5595757716906279,0.07942665581102315,1906,11,34,282,6,307,0.4196610274034253,Will the Federal Reserve Cut rates by 25bps at their September 2024 meeting?
FEDDECISION-24SEP-C25,VPU,calendar,2min,120,True,73.1,8,-4,etf_leads_kalshi,2.0257681624181722e-05,1.652018528103953,0.0985307738477005,0.42512258860140845,0.07942665581102315,1906,11,34,282,6,307,0.4196610274034253,Will the Federal Reserve Cut rates by 25bps at their September 2024 meeting?
FEDDECISION-24SEP-C25,VPU,calendar,2min,120,True,73.1,8,-3,etf_leads_kalshi,1.5961475802829765e-05,0.7814947608104448,0.4345115569533874,0.6544749911053542,0.07942665581102315,1906,11,34,282,6,307,0.4196610274034253,Will the Federal Reserve Cut rates by 25bps at their September 2024 meeting?
FEDDECISION-24SEP-C25,VPU,calendar,2min,120,True,73.1,8,-2,etf_leads_kalshi,-3.738412408448867e-07,-0.038772542112005655,0.9690717365878886,0.9690717365878886,0.07942665581102315,1906,11,34,282,6,307,0.4196610274034253,Will the Federal Reserve Cut rates by 25bps at their September 2024 meeting?
FEDDECISION-24SEP-C25,VPU,calendar,2min,120,True,73.1,8,-1,etf_leads_kalshi,-1.800477945912573e-05,-1.0286495430656513,0.303644388145495,0.5735505109414906,0.07942665581102315,1906,11,34,282,6,307,0.4196610274034253,Will the Federal Reserve Cut rates by 25bps at their September 2024 meeting?
FEDDECISION-24SEP-C25,VPU,calendar,2min,120,True,73.1,8,0,contemp,-1.5925852802182029e-06,-0.11880455138131508,0.9054302027451184,0.9620195904166884,0.07942665581102315,1906,11,34,282,6,307,0.4196610274034253,Will the Federal Reserve Cut rates by 25bps at their September 2024 meeting?
FEDDECISION-24SEP-C25,VPU,calendar,2min,120,True,73.1,8,1,kalshi_leads_etf,-3.871414919235751e-06,-0.17775599729876607,0.8589146059740476,0.9620195904166884,0.07942665581102315,1906,11,34,282,6,307,0.4196610274034253,Will the Federal Reserve Cut rates by 25bps at their September 2024 meeting?
FEDDECISION-24SEP-C25,VPU,calendar,2min,120,True,73.1,8,2,kalshi_leads_etf,-7.868828249789337e-06,-0.7251489432537673,0.4683606613078909,0.6544749911053542,0.07942665581102315,1906,11,34,282,6,307,0.4196610274034253,Will the Federal Reserve Cut rates by 25bps at their September 2024 meeting?
FEDDECISION-24SEP-C25,VPU,calendar,2min,120,True,73.1,8,3,kalshi_leads_etf,3.6298412378473956e-05,1.767029260681322,0.07722332806748354,0.42512258860140845,0.07942665581102315,1906,11,34,282,6,307,0.4196610274034253,Will the Federal Reserve Cut rates by 25bps at their September 2024 meeting?
FEDDECISION-24SEP-C25,VPU,calendar,2min,120,True,73.1,8,4,kalshi_leads_etf,-2.7091147997464194e-05,-1.8128710921883044,0.0698517057801162,0.42512258860140845,0.07942665581102315,1906,11,34,282,6,307,0.4196610274034253,Will the Federal Reserve Cut rates by 25bps at their September 2024 meeting?
FEDDECISION-24SEP-C25,VPU,calendar,2min,120,True,73.1,8,5,kalshi_leads_etf,-1.9015886639880202e-05,-1.162458624802453,0.24504922186886302,0.5730387707747432,0.07942665581102315,1906,11,34,282,6,307,0.4196610274034253,Will the Federal Reserve Cut rates by 25bps at their September 2024 meeting?
FEDDECISION-24SEP-C25,VPU,calendar,2min,120,True,73.1,8,6,kalshi_leads_etf,1.2910196659062905e-05,1.6447138059350441,0.10002884437680198,0.42512258860140845,0.07942665581102315,1906,11,34,282,6,307,0.4196610274034253,Will the Federal Reserve Cut rates by 25bps at their September 2024 meeting?
FEDDECISION-24SEP-C25,VPU,calendar,2min,120,True,73.1,8,7,kalshi_leads_etf,7.89895836425717e-06,1.3315521658053566,0.1830073923055876,0.5595757716906279,0.07942665581102315,1906,11,34,282,6,307,0.4196610274034253,Will the Federal Reserve Cut rates by 25bps at their September 2024 meeting?
FEDDECISION-24SEP-C25,VPU,calendar,2min,120,True,73.1,8,8,kalshi_leads_etf,1.3333066198824906e-06,0.245343388028925,0.8061905593162996,0.9620195904166884,0.07942665581102315,1906,11,34,282,6,307,0.4196610274034253,Will the Federal Reserve Cut rates by 25bps at their September 2024 meeting?
FEDDECISION-24SEP-C25,VPU,calendar,5min,300,False,73.1,8,-8,etf_leads_kalshi,-7.82929331462902e-06,-0.6569499545362243,0.5112130960545089,0.6207587594947609,0.10247182178383585,653,11,30,177,2,226,0.4196610274034253,Will the Federal Reserve Cut rates by 25bps at their September 2024 meeting?
FEDDECISION-24SEP-C25,VPU,calendar,5min,300,False,73.1,8,-7,etf_leads_kalshi,-3.748576289304412e-05,-2.092950717461973,0.03635355411999618,0.23653541737565642,0.10247182178383585,653,11,30,177,2,226,0.4196610274034253,Will the Federal Reserve Cut rates by 25bps at their September 2024 meeting?
FEDDECISION-24SEP-C25,VPU,calendar,5min,300,False,73.1,8,-6,etf_leads_kalshi,9.20307506774664e-06,0.4158496934577502,0.6775199931363578,0.6775199931363578,0.10247182178383585,653,11,30,177,2,226,0.4196610274034253,Will the Federal Reserve Cut rates by 25bps at their September 2024 meeting?
FEDDECISION-24SEP-C25,VPU,calendar,5min,300,False,73.1,8,-5,etf_leads_kalshi,1.6915047377036525e-05,0.7186554052421913,0.4723532665543029,0.6207587594947609,0.10247182178383585,653,11,30,177,2,226,0.4196610274034253,Will the Federal Reserve Cut rates by 25bps at their September 2024 meeting?
FEDDECISION-24SEP-C25,VPU,calendar,5min,300,False,73.1,8,-4,etf_leads_kalshi,1.8495848271916958e-05,0.9377066666232753,0.3483951768621125,0.5922718006655913,0.10247182178383585,653,11,30,177,2,226,0.4196610274034253,Will the Federal Reserve Cut rates by 25bps at their September 2024 meeting?
FEDDECISION-24SEP-C25,VPU,calendar,5min,300,False,73.1,8,-3,etf_leads_kalshi,-2.200844701059477e-05,-0.72826064449145,0.4664540487708764,0.6207587594947609,0.10247182178383585,653,11,30,177,2,226,0.4196610274034253,Will the Federal Reserve Cut rates by 25bps at their September 2024 meeting?
FEDDECISION-24SEP-C25,VPU,calendar,5min,300,False,73.1,8,-2,etf_leads_kalshi,3.8753282831557064e-05,1.0496924138347934,0.2938595527206507,0.5550680440278957,0.10247182178383585,653,11,30,177,2,226,0.4196610274034253,Will the Federal Reserve Cut rates by 25bps at their September 2024 meeting?
FEDDECISION-24SEP-C25,VPU,calendar,5min,300,False,73.1,8,-1,etf_leads_kalshi,4.582124645800684e-05,1.8543948884866674,0.0636826855622715,0.23653541737565642,0.10247182178383585,653,11,30,177,2,226,0.4196610274034253,Will the Federal Reserve Cut rates by 25bps at their September 2024 meeting?
FEDDECISION-24SEP-C25,VPU,calendar,5min,300,False,73.1,8,0,contemp,-3.479908537662162e-05,-0.6787068055544642,0.49732365319303806,0.6207587594947609,0.10247182178383585,653,11,30,177,2,226,0.4196610274034253,Will the Federal Reserve Cut rates by 25bps at their September 2024 meeting?
FEDDECISION-24SEP-C25,VPU,calendar,5min,300,False,73.1,8,1,kalshi_leads_etf,-3.5851695920223384e-05,-1.6432151582660397,0.10033842471232107,0.24367903144420833,0.10247182178383585,653,11,30,177,2,226,0.4196610274034253,Will the Federal Reserve Cut rates by 25bps at their September 2024 meeting?
FEDDECISION-24SEP-C25,VPU,calendar,5min,300,False,73.1,8,2,kalshi_leads_etf,-7.345500351104732e-05,-1.7308244006353473,0.0834830884855258,0.23653541737565642,0.10247182178383585,653,11,30,177,2,226,0.4196610274034253,Will the Federal Reserve Cut rates by 25bps at their September 2024 meeting?
FEDDECISION-24SEP-C25,VPU,calendar,5min,300,False,73.1,8,3,kalshi_leads_etf,5.880156299150694e-05,1.851712835105298,0.06406706994041382,0.23653541737565642,0.10247182178383585,653,11,30,177,2,226,0.4196610274034253,Will the Federal Reserve Cut rates by 25bps at their September 2024 meeting?
FEDDECISION-24SEP-C25,VPU,calendar,5min,300,False,73.1,8,4,kalshi_leads_etf,-8.58196655015818e-06,-0.43113298438873127,0.6663716784315719,0.6775199931363578,0.10247182178383585,653,11,30,177,2,226,0.4196610274034253,Will the Federal Reserve Cut rates by 25bps at their September 2024 meeting?
FEDDECISION-24SEP-C25,VPU,calendar,5min,300,False,73.1,8,5,kalshi_leads_etf,-8.190305418243326e-06,-0.45897687514883134,0.6462507723639992,0.6775199931363578,0.10247182178383585,653,11,30,177,2,226,0.4196610274034253,Will the Federal Reserve Cut rates by 25bps at their September 2024 meeting?
FEDDECISION-24SEP-C25,VPU,calendar,5min,300,False,73.1,8,6,kalshi_leads_etf,3.779449296544312e-05,1.8035564973808993,0.07130086101864604,0.23653541737565642,0.10247182178383585,653,11,30,177,2,226,0.4196610274034253,Will the Federal Reserve Cut rates by 25bps at their September 2024 meeting?
FEDDECISION-24SEP-C25,VPU,calendar,5min,300,False,73.1,8,7,kalshi_leads_etf,2.386596157066728e-05,1.2664112432611219,0.2053658876972102,0.4364025113565717,0.10247182178383585,653,11,30,177,2,226,0.4196610274034253,Will the Federal Reserve Cut rates by 25bps at their September 2024 meeting?
FEDDECISION-24SEP-C25,VPU,calendar,5min,300,False,73.1,8,8,kalshi_leads_etf,2.8696583808257147e-05,1.9158168798029658,0.05538840840283661,0.23653541737565642,0.10247182178383585,653,11,30,177,2,226,0.4196610274034253,Will the Federal Reserve Cut rates by 25bps at their September 2024 meeting?
FEDDECISION-24SEP-C25,VPU,calendar,10min,600,False,73.1,6,-6,etf_leads_kalshi,-4.4082655803102174e-05,-1.3051416531190227,0.19184461760817606,0.659720682116118,0.09376156886700604,279,11,24,110,0,165,0.4196610274034253,Will the Federal Reserve Cut rates by 25bps at their September 2024 meeting?
FEDDECISION-24SEP-C25,VPU,calendar,10min,600,False,73.1,6,-5,etf_leads_kalshi,-7.625429959239244e-05,-3.027586129295763,0.0024651545288139807,0.03204700887458175,0.09376156886700604,279,11,24,110,0,165,0.4196610274034253,Will the Federal Reserve Cut rates by 25bps at their September 2024 meeting?
FEDDECISION-24SEP-C25,VPU,calendar,10min,600,False,73.1,6,-4,etf_leads_kalshi,-4.435643497273562e-05,-0.9975708978472959,0.31848747883442885,0.6900562041412625,0.09376156886700604,279,11,24,110,0,165,0.4196610274034253,Will the Federal Reserve Cut rates by 25bps at their September 2024 meeting?
FEDDECISION-24SEP-C25,VPU,calendar,10min,600,False,73.1,6,-3,etf_leads_kalshi,3.038533751968367e-06,0.10181744296579606,0.918901580119238,0.9415476469108933,0.09376156886700604,279,11,24,110,0,165,0.4196610274034253,Will the Federal Reserve Cut rates by 25bps at their September 2024 meeting?
FEDDECISION-24SEP-C25,VPU,calendar,10min,600,False,73.1,6,-2,etf_leads_kalshi,-1.0203533699705134e-05,-0.37072803638627755,0.7108401060378164,0.9415476469108933,0.09376156886700604,279,11,24,110,0,165,0.4196610274034253,Will the Federal Reserve Cut rates by 25bps at their September 2024 meeting?
FEDDECISION-24SEP-C25,VPU,calendar,10min,600,False,73.1,6,-1,etf_leads_kalshi,8.345331005114696e-05,1.2346792540156477,0.21694989989863023,0.659720682116118,0.09376156886700604,279,11,24,110,0,165,0.4196610274034253,Will the Federal Reserve Cut rates by 25bps at their September 2024 meeting?
FEDDECISION-24SEP-C25,VPU,calendar,10min,600,False,73.1,6,0,contemp,-8.090625837526576e-05,-0.8800083609396111,0.3788547802154649,0.7035874489715778,0.09376156886700604,279,11,24,110,0,165,0.4196610274034253,Will the Federal Reserve Cut rates by 25bps at their September 2024 meeting?
FEDDECISION-24SEP-C25,VPU,calendar,10min,600,False,73.1,6,1,kalshi_leads_etf,-2.4537498027893864e-05,-0.30355586714053673,0.7614662787196238,0.9415476469108933,0.09376156886700604,279,11,24,110,0,165,0.4196610274034253,Will the Federal Reserve Cut rates by 25bps at their September 2024 meeting?
FEDDECISION-24SEP-C25,VPU,calendar,10min,600,False,73.1,6,2,kalshi_leads_etf,1.1401043580110273e-05,0.19537841267235856,0.8450967151404336,0.9415476469108933,0.09376156886700604,279,11,24,110,0,165,0.4196610274034253,Will the Federal Reserve Cut rates by 25bps at their September 2024 meeting?
FEDDECISION-24SEP-C25,VPU,calendar,10min,600,False,73.1,6,3,kalshi_leads_etf,-3.0978542541237243e-06,-0.07332481301726326,0.9415476469108933,0.9415476469108933,0.09376156886700604,279,11,24,110,0,165,0.4196610274034253,Will the Federal Reserve Cut rates by 25bps at their September 2024 meeting?
FEDDECISION-24SEP-C25,VPU,calendar,10min,600,False,73.1,6,4,kalshi_leads_etf,6.491714542708184e-05,1.7471318391254143,0.0806144716451581,0.5239940656935276,0.09376156886700604,279,11,24,110,0,165,0.4196610274034253,Will the Federal Reserve Cut rates by 25bps at their September 2024 meeting?
FEDDECISION-24SEP-C25,VPU,calendar,10min,600,False,73.1,6,5,kalshi_leads_etf,4.971451376623509e-06,0.11901516500647558,0.9052633412391423,0.9415476469108933,0.09376156886700604,279,11,24,110,0,165,0.4196610274034253,Will the Federal Reserve Cut rates by 25bps at their September 2024 meeting?
FEDDECISION-24SEP-C25,VPU,calendar,10min,600,False,73.1,6,6,kalshi_leads_etf,-3.4470642100433696e-05,-1.1413153325555507,0.25373872389081464,0.659720682116118,0.09376156886700604,279,11,24,110,0,165,0.4196610274034253,Will the Federal Reserve Cut rates by 25bps at their September 2024 meeting?
KXECDJT281,VOX,calendar,30s,30,False,229.9,5,-5,etf_leads_kalshi,8.478845470433201e-07,0.28135325353821167,0.77843946873506,0.77843946873506,0.02979003841507133,5964,11,23,92,1,92,0.3259960474534679,"Will Trump win 281-257 - AZ, GA, NC, PA?"
KXECDJT281,VOX,calendar,30s,30,False,229.9,5,-4,etf_leads_kalshi,-1.2038636240883398e-06,-2.839628444703361,0.004516610769264605,0.024841359230955328,0.02979003841507133,5964,11,23,92,1,92,0.3259960474534679,"Will Trump win 281-257 - AZ, GA, NC, PA?"
KXECDJT281,VOX,calendar,30s,30,False,229.9,5,-3,etf_leads_kalshi,2.2791865306589812e-06,2.6083806260944296,0.009097173574390114,0.033356303106097086,0.02979003841507133,5964,11,23,92,1,92,0.3259960474534679,"Will Trump win 281-257 - AZ, GA, NC, PA?"
KXECDJT281,VOX,calendar,30s,30,False,229.9,5,-2,etf_leads_kalshi,3.1319876537036157e-06,2.303447748504292,0.021253663843035925,0.047483938704310176,0.02979003841507133,5964,11,23,92,1,92,0.3259960474534679,"Will Trump win 281-257 - AZ, GA, NC, PA?"
KXECDJT281,VOX,calendar,30s,30,False,229.9,5,-1,etf_leads_kalshi,1.3014200594208737e-06,2.297616802174969,0.02158360850195917,0.047483938704310176,0.02979003841507133,5964,11,23,92,1,92,0.3259960474534679,"Will Trump win 281-257 - AZ, GA, NC, PA?"
KXECDJT281,VOX,calendar,30s,30,False,229.9,5,0,contemp,-4.700987972591988e-06,-1.6871909052145915,0.09156664963057427,0.12590414324203963,0.02979003841507133,5964,11,23,92,1,92,0.3259960474534679,"Will Trump win 281-257 - AZ, GA, NC, PA?"
KXECDJT281,VOX,calendar,30s,30,False,229.9,5,1,kalshi_leads_etf,-3.683796393870809e-06,-7.466072898489741,8.262358467029726e-14,9.088594313732698e-13,0.02979003841507133,5964,11,23,92,1,92,0.3259960474534679,"Will Trump win 281-257 - AZ, GA, NC, PA?"
KXECDJT281,VOX,calendar,30s,30,False,229.9,5,2,kalshi_leads_etf,-2.417126181617217e-06,-2.1687049579266944,0.030105090743225305,0.05519266636257973,0.02979003841507133,5964,11,23,92,1,92,0.3259960474534679,"Will Trump win 281-257 - AZ, GA, NC, PA?"
KXECDJT281,VOX,calendar,30s,30,False,229.9,5,3,kalshi_leads_etf,-1.5250024020470067e-07,-0.41255274031138894,0.6799343325165499,0.7479277657682049,0.02979003841507133,5964,11,23,92,1,92,0.3259960474534679,"Will Trump win 281-257 - AZ, GA, NC, PA?"
KXECDJT281,VOX,calendar,30s,30,False,229.9,5,4,kalshi_leads_etf,7.121940046434874e-07,0.9404532511325151,0.34698511839613455,0.4240929224841644,0.02979003841507133,5964,11,23,92,1,92,0.3259960474534679,"Will Trump win 281-257 - AZ, GA, NC, PA?"
KXECDJT281,VOX,calendar,30s,30,False,229.9,5,5,kalshi_leads_etf,1.1313576096245466e-06,1.736262634903403,0.08251740680336064,0.12590414324203963,0.02979003841507133,5964,11,23,92,1,92,0.3259960474534679,"Will Trump win 281-257 - AZ, GA, NC, PA?"
KXECDJT281,VOX,calendar,1min,60,False,229.9,5,-5,etf_leads_kalshi,1.1874806815615899e-05,14.252058364006736,4.352601789310973e-46,4.78786196824207e-45,0.04325119238504849,2923,11,24,87,2,88,0.3259960474534679,"Will Trump win 281-257 - AZ, GA, NC, PA?"
KXECDJT281,VOX,calendar,1min,60,False,229.9,5,-4,etf_leads_kalshi,8.742975912718493e-07,0.20774090779897533,0.8354312746009374,0.8354312746009374,0.04325119238504849,2923,11,24,87,2,88,0.3259960474534679,"Will Trump win 281-257 - AZ, GA, NC, PA?"
KXECDJT281,VOX,calendar,1min,60,False,229.9,5,-3,etf_leads_kalshi,6.238993003053124e-06,3.5069716041589714,0.00045323751141581264,0.0009971225251147878,0.04325119238504849,2923,11,24,87,2,88,0.3259960474534679,"Will Trump win 281-257 - AZ, GA, NC, PA?"
KXECDJT281,VOX,calendar,1min,60,False,229.9,5,-2,etf_leads_kalshi,1.3852653162754965e-06,0.3051274599580209,0.7602690777961144,0.8354312746009374,0.04325119238504849,2923,11,24,87,2,88,0.3259960474534679,"Will Trump win 281-257 - AZ, GA, NC, PA?"
KXECDJT281,VOX,calendar,1min,60,False,229.9,5,-1,etf_leads_kalshi,9.670686629577386e-06,2.4138442101443345,0.015785210094686634,0.028780338481724597,0.04325119238504849,2923,11,24,87,2,88,0.3259960474534679,"Will Trump win 281-257 - AZ, GA, NC, PA?"
KXECDJT281,VOX,calendar,1min,60,False,229.9,5,0,contemp,-3.6940705326578746e-06,-2.359192330472691,0.018314760852006562,0.028780338481724597,0.04325119238504849,2923,11,24,87,2,88,0.3259960474534679,"Will Trump win 281-257 - AZ, GA, NC, PA?"
KXECDJT281,VOX,calendar,1min,60,False,229.9,5,1,kalshi_leads_etf,-1.3343312740389366e-05,-5.500480697046597,3.787572184937105e-08,2.0831647017154078e-07,0.04325119238504849,2923,11,24,87,2,88,0.3259960474534679,"Will Trump win 281-257 - AZ, GA, NC, PA?"
KXECDJT281,VOX,calendar,1min,60,False,229.9,5,2,kalshi_leads_etf,3.4234383982893484e-06,1.2269254598882158,0.21985060836119963,0.2687062991081329,0.04325119238504849,2923,11,24,87,2,88,0.3259960474534679,"Will Trump win 281-257 - AZ, GA, NC, PA?"
KXECDJT281,VOX,calendar,1min,60,False,229.9,5,3,kalshi_leads_etf,-2.6615235462004295e-06,-1.3052543948883446,0.191806237562405,0.2637335766483069,0.04325119238504849,2923,11,24,87,2,88,0.3259960474534679,"Will Trump win 281-257 - AZ, GA, NC, PA?"
KXECDJT281,VOX,calendar,1min,60,False,229.9,5,4,kalshi_leads_etf,-5.562428269033468e-06,-3.5647945554529974,0.00036414130386497307,0.0009971225251147878,0.04325119238504849,2923,11,24,87,2,88,0.3259960474534679,"Will Trump win 281-257 - AZ, GA, NC, PA?"
KXECDJT281,VOX,calendar,1min,60,False,229.9,5,5,kalshi_leads_etf,7.439977030662898e-06,4.096636467461484,4.191964113495184e-05,0.00015370535082815675,0.04325119238504849,2923,11,24,87,2,88,0.3259960474534679,"Will Trump win 281-257 - AZ, GA, NC, PA?"
KXECDJT281,VOX,calendar,2min,120,False,229.9,5,-5,etf_leads_kalshi,1.551646527478928e-05,2.265940905245164,0.023455001675222974,0.051601003685490546,0.0550335575888361,1402,11,23,75,1,79,0.3259960474534679,"Will Trump win 281-257 - AZ, GA, NC, PA?"
KXECDJT281,VOX,calendar,2min,120,False,229.9,5,-4,etf_leads_kalshi,5.357061348194294e-06,1.0340532340333783,0.301111277341771,0.4731748643942116,0.0550335575888361,1402,11,23,75,1,79,0.3259960474534679,"Will Trump win 281-257 - AZ, GA, NC, PA?"
KXECDJT281,VOX,calendar,2min,120,False,229.9,5,-3,etf_leads_kalshi,1.498303174275868e-06,0.44780383980043936,0.6542947719805434,0.8078514621440445,0.0550335575888361,1402,11,23,75,1,79,0.3259960474534679,"Will Trump win 281-257 - AZ, GA, NC, PA?"
KXECDJT281,VOX,calendar,2min,120,False,229.9,5,-2,etf_leads_kalshi,2.2459971263634576e-05,7.847605278732042,4.240563996294238e-15,4.664620395923662e-14,0.0550335575888361,1402,11,23,75,1,79,0.3259960474534679,"Will Trump win 281-257 - AZ, GA, NC, PA?"
KXECDJT281,VOX,calendar,2min,120,False,229.9,5,-1,etf_leads_kalshi,-1.055875442759488e-06,-0.2431987151583854,0.8078514621440445,0.8078514621440445,0.0550335575888361,1402,11,23,75,1,79,0.3259960474534679,"Will Trump win 281-257 - AZ, GA, NC, PA?"
KXECDJT281,VOX,calendar,2min,120,False,229.9,5,0,contemp,8.522477710106155e-06,4.261409137326076,2.0314194518301422e-05,0.00011172806985065782,0.0550335575888361,1402,11,23,75,1,79,0.3259960474534679,"Will Trump win 281-257 - AZ, GA, NC, PA?"
KXECDJT281,VOX,calendar,2min,120,False,229.9,5,1,kalshi_leads_etf,-9.74953657722871e-06,-1.0610912960296308,0.2886484130557775,0.4731748643942116,0.0550335575888361,1402,11,23,75,1,79,0.3259960474534679,"Will Trump win 281-257 - AZ, GA, NC, PA?"
KXECDJT281,VOX,calendar,2min,120,False,229.9,5,2,kalshi_leads_etf,-2.055474586781997e-06,-0.43358024335099316,0.664593284038251,0.8078514621440445,0.0550335575888361,1402,11,23,75,1,79,0.3259960474534679,"Will Trump win 281-257 - AZ, GA, NC, PA?"
KXECDJT281,VOX,calendar,2min,120,False,229.9,5,3,kalshi_leads_etf,1.026545692344208e-05,3.131553323466285,0.0017388420600869966,0.0047818156652392405,0.0550335575888361,1402,11,23,75,1,79,0.3259960474534679,"Will Trump win 281-257 - AZ, GA, NC, PA?"
KXECDJT281,VOX,calendar,2min,120,False,229.9,5,4,kalshi_leads_etf,-1.4646244911284224e-06,-0.30455728135616006,0.76070335968983,0.8078514621440445,0.0550335575888361,1402,11,23,75,1,79,0.3259960474534679,"Will Trump win 281-257 - AZ, GA, NC, PA?"
KXECDJT281,VOX,calendar,2min,120,False,229.9,5,5,kalshi_leads_etf,-7.685033909258898e-06,-3.1369448407223834,0.0017071824164371007,0.0047818156652392405,0.0550335575888361,1402,11,23,75,1,79,0.3259960474534679,"Will Trump win 281-257 - AZ, GA, NC, PA?"
KXECDJT281,VOX,calendar,5min,300,True,229.9,5,-5,etf_leads_kalshi,1.4222828204244328e-05,0.9849661979781795,0.32464067479414616,0.44638092784195094,0.06401017727053415,492,11,23,53,1,61,0.3259960474534679,"Will Trump win 281-257 - AZ, GA, NC, PA?"
KXECDJT281,VOX,calendar,5min,300,True,229.9,5,-4,etf_leads_kalshi,6.846948648242524e-06,1.3854112124462972,0.16592676444432963,0.3650388817775252,0.06401017727053415,492,11,23,53,1,61,0.3259960474534679,"Will Trump win 281-257 - AZ, GA, NC, PA?"
KXECDJT281,VOX,calendar,5min,300,True,229.9,5,-3,etf_leads_kalshi,2.9756592375001337e-05,2.709219267463554,0.0067441752480396884,0.024728642576145526,0.06401017727053415,492,11,23,53,1,61,0.3259960474534679,"Will Trump win 281-257 - AZ, GA, NC, PA?"
KXECDJT281,VOX,calendar,5min,300,True,229.9,5,-2,etf_leads_kalshi,5.1581823441552764e-05,3.378406899859942,0.0007290711462265732,0.004009891304246152,0.06401017727053415,492,11,23,53,1,61,0.3259960474534679,"Will Trump win 281-257 - AZ, GA, NC, PA?"
KXECDJT281,VOX,calendar,5min,300,True,229.9,5,-1,etf_leads_kalshi,1.6092942482594018e-05,1.6279576039122312,0.10353387571993965,0.28471815822983404,0.06401017727053415,492,11,23,53,1,61,0.3259960474534679,"Will Trump win 281-257 - AZ, GA, NC, PA?"
KXECDJT281,VOX,calendar,5min,300,True,229.9,5,0,contemp,2.513655304560913e-05,0.8300834608155885,0.4064915974664932,0.4968230635701583,0.06401017727053415,492,11,23,53,1,61,0.3259960474534679,"Will Trump win 281-257 - AZ, GA, NC, PA?"
KXECDJT281,VOX,calendar,5min,300,True,229.9,5,1,kalshi_leads_etf,-6.101598889680122e-07,-0.022781495228317895,0.9818245688631845,0.9818245688631845,0.06401017727053415,492,11,23,53,1,61,0.3259960474534679,"Will Trump win 281-257 - AZ, GA, NC, PA?"
KXECDJT281,VOX,calendar,5min,300,True,229.9,5,2,kalshi_leads_etf,2.3786619290912845e-05,1.1923358286856756,0.23312959122000654,0.427404250570012,0.06401017727053415,492,11,23,53,1,61,0.3259960474534679,"Will Trump win 281-257 - AZ, GA, NC, PA?"
KXECDJT281,VOX,calendar,5min,300,True,229.9,5,3,kalshi_leads_etf,3.84837817927827e-05,4.814626803999628,1.4747523492059555e-06,1.622227584126551e-05,0.06401017727053415,492,11,23,53,1,61,0.3259960474534679,"Will Trump win 281-257 - AZ, GA, NC, PA?"
KXECDJT281,VOX,calendar,5min,300,True,229.9,5,4,kalshi_leads_etf,-3.1243818556379573e-06,-0.3611508100705434,0.7179867118187314,0.7897853830006046,0.06401017727053415,492,11,23,53,1,61,0.3259960474534679,"Will Trump win 281-257 - AZ, GA, NC, PA?"
KXECDJT281,VOX,calendar,5min,300,True,229.9,5,5,kalshi_leads_etf,-2.9876394197312504e-05,-1.0346710612778494,0.3008225551357774,0.44638092784195094,0.06401017727053415,492,11,23,53,1,61,0.3259960474534679,"Will Trump win 281-257 - AZ, GA, NC, PA?"
KXECDJT281,VOX,calendar,10min,600,False,229.9,5,-5,etf_leads_kalshi,5.033928102218899e-05,2.2027254903957902,0.027614102519010746,0.299026373716468,0.09520226170053236,189,10,21,32,0,49,0.3259960474534679,"Will Trump win 281-257 - AZ, GA, NC, PA?"
KXECDJT281,VOX,calendar,10min,600,False,229.9,5,-4,etf_leads_kalshi,5.1340442554723865e-05,1.786349535915253,0.07404268100717724,0.299026373716468,0.09520226170053236,189,10,21,32,0,49,0.3259960474534679,"Will Trump win 281-257 - AZ, GA, NC, PA?"
KXECDJT281,VOX,calendar,10min,600,False,229.9,5,-3,etf_leads_kalshi,-4.328902552557935e-05,-0.800937654790196,0.4231677396078046,0.9553481241595257,0.09520226170053236,189,10,21,32,0,49,0.3259960474534679,"Will Trump win 281-257 - AZ, GA, NC, PA?"
KXECDJT281,VOX,calendar,10min,600,False,229.9,5,-2,etf_leads_kalshi,-7.804409549226333e-06,-0.203468270141926,0.838769043702555,0.9553481241595257,0.09520226170053236,189,10,21,32,0,49,0.3259960474534679,"Will Trump win 281-257 - AZ, GA, NC, PA?"
KXECDJT281,VOX,calendar,10min,600,False,229.9,5,-1,etf_leads_kalshi,6.582058821134156e-05,1.7417474400460198,0.08155264737721854,0.299026373716468,0.09520226170053236,189,10,21,32,0,49,0.3259960474534679,"Will Trump win 281-257 - AZ, GA, NC, PA?"
KXECDJT281,VOX,calendar,10min,600,False,229.9,5,0,contemp,-4.200017225535152e-06,-0.07853351052447922,0.9374036749840406,0.9553481241595257,0.09520226170053236,189,10,21,32,0,49,0.3259960474534679,"Will Trump win 281-257 - AZ, GA, NC, PA?"
KXECDJT281,VOX,calendar,10min,600,False,229.9,5,1,kalshi_leads_etf,-2.210970497839086e-06,-0.09547709642332146,0.9239358815474992,0.9553481241595257,0.09520226170053236,189,10,21,32,0,49,0.3259960474534679,"Will Trump win 281-257 - AZ, GA, NC, PA?"
KXECDJT281,VOX,calendar,10min,600,False,229.9,5,2,kalshi_leads_etf,3.3982018693415485e-06,0.19439462245237796,0.845866900270374,0.9553481241595257,0.09520226170053236,189,10,21,32,0,49,0.3259960474534679,"Will Trump win 281-257 - AZ, GA, NC, PA?"
KXECDJT281,VOX,calendar,10min,600,False,229.9,5,3,kalshi_leads_etf,3.345325330334358e-05,0.5808610511447659,0.5613341044846745,0.9553481241595257,0.09520226170053236,189,10,21,32,0,49,0.3259960474534679,"Will Trump win 281-257 - AZ, GA, NC, PA?"
KXECDJT281,VOX,calendar,10min,600,False,229.9,5,4,kalshi_leads_etf,7.722920236771034e-07,0.05599207039658287,0.9553481241595257,0.9553481241595257,0.09520226170053236,189,10,21,32,0,49,0.3259960474534679,"Will Trump win 281-257 - AZ, GA, NC, PA?"
KXECDJT281,VOX,calendar,10min,600,False,229.9,5,5,kalshi_leads_etf,-1.4306768936658568e-05,-0.37992610658386594,0.7040002675778497,0.9553481241595257,0.09520226170053236,189,10,21,32,0,49,0.3259960474534679,"Will Trump win 281-257 - AZ, GA, NC, PA?"
KXECDJT306,VDC,calendar,30s,30,False,425.3,5,-5,etf_leads_kalshi,-1.4981690360044893e-06,-18.250068392263582,2.0665040869556994e-74,4.5463089913025385e-74,0.061400201641734764,7346,13,25,39,1,40,0.3214474527210765,"Will Trump win 306-232 - AZ, GA, MI, PA, WI, NC?"
KXECDJT306,VDC,calendar,30s,30,False,425.3,5,-4,etf_leads_kalshi,-2.247694475145731e-06,-26.185894763114874,3.8471839410973805e-151,4.2319023352071185e-150,0.061400201641734764,7346,13,25,39,1,40,0.3214474527210765,"Will Trump win 306-232 - AZ, GA, MI, PA, WI, NC?"
KXECDJT306,VDC,calendar,30s,30,False,425.3,5,-3,etf_leads_kalshi,-3.469873750935621e-06,-14.449920316048237,2.5097604560630016e-47,4.60122750278217e-47,0.061400201641734764,7346,13,25,39,1,40,0.3214474527210765,"Will Trump win 306-232 - AZ, GA, MI, PA, WI, NC?"
KXECDJT306,VDC,calendar,30s,30,False,425.3,5,-2,etf_leads_kalshi,-1.341862171252427e-06,-18.278777670843386,1.2213262278714042e-74,3.3586471266463614e-74,0.061400201641734764,7346,13,25,39,1,40,0.3214474527210765,"Will Trump win 306-232 - AZ, GA, MI, PA, WI, NC?"
KXECDJT306,VDC,calendar,30s,30,False,425.3,5,-1,etf_leads_kalshi,-1.1685245169772511e-07,-0.788949694957883,0.430141408844526,0.430141408844526,0.061400201641734764,7346,13,25,39,1,40,0.3214474527210765,"Will Trump win 306-232 - AZ, GA, MI, PA, WI, NC?"
KXECDJT306,VDC,calendar,30s,30,False,425.3,5,0,contemp,-1.9197279293037274e-06,-13.940002282161016,3.6192864244369093e-44,5.687450095543715e-44,0.061400201641734764,7346,13,25,39,1,40,0.3214474527210765,"Will Trump win 306-232 - AZ, GA, MI, PA, WI, NC?"
KXECDJT306,VDC,calendar,30s,30,False,425.3,5,1,kalshi_leads_etf,-1.6574710711603196e-06,-19.581745977891398,2.2130348902515696e-85,8.114461264255756e-85,0.061400201641734764,7346,13,25,39,1,40,0.3214474527210765,"Will Trump win 306-232 - AZ, GA, MI, PA, WI, NC?"
KXECDJT306,VDC,calendar,30s,30,False,425.3,5,2,kalshi_leads_etf,3.315216405960328e-07,1.0858958912050747,0.27752505495109026,0.3052775604461993,0.061400201641734764,7346,13,25,39,1,40,0.3214474527210765,"Will Trump win 306-232 - AZ, GA, MI, PA, WI, NC?"
KXECDJT306,VDC,calendar,30s,30,False,425.3,5,3,kalshi_leads_etf,2.4519582826750963e-07,6.006640467720768,1.8940688452261706e-09,2.3149730330542085e-09,0.061400201641734764,7346,13,25,39,1,40,0.3214474527210765,"Will Trump win 306-232 - AZ, GA, MI, PA, WI, NC?"
KXECDJT306,VDC,calendar,30s,30,False,425.3,5,4,kalshi_leads_etf,-1.9808109566998424e-06,-19.95757593720548,1.288107768483456e-88,7.084592726659008e-88,0.061400201641734764,7346,13,25,39,1,40,0.3214474527210765,"Will Trump win 306-232 - AZ, GA, MI, PA, WI, NC?"
KXECDJT306,VDC,calendar,30s,30,False,425.3,5,5,kalshi_leads_etf,1.2676499013825404e-06,8.943327562266315,3.7762434691853607e-19,5.192334770129871e-19,0.061400201641734764,7346,13,25,39,1,40,0.3214474527210765,"Will Trump win 306-232 - AZ, GA, MI, PA, WI, NC?"
KXECDJT306,VDC,calendar,1min,60,False,425.3,4,-4,etf_leads_kalshi,-7.910745831728803e-06,-38.85086674598486,0.0,0.0,0.06608345775244828,3630,13,23,34,1,36,0.3214474527210765,"Will Trump win 306-232 - AZ, GA, MI, PA, WI, NC?"
KXECDJT306,VDC,calendar,1min,60,False,425.3,4,-3,etf_leads_kalshi,6.185725134270755e-06,6.538992490060922,6.193463479379541e-11,9.290195219069311e-11,0.06608345775244828,3630,13,23,34,1,36,0.3214474527210765,"Will Trump win 306-232 - AZ, GA, MI, PA, WI, NC?"
KXECDJT306,VDC,calendar,1min,60,False,425.3,4,-2,etf_leads_kalshi,-7.34383934785468e-06,-26.63606683111098,2.595513285522734e-156,1.1679809784852303e-155,0.06608345775244828,3630,13,23,34,1,36,0.3214474527210765,"Will Trump win 306-232 - AZ, GA, MI, PA, WI, NC?"
KXECDJT306,VDC,calendar,1min,60,False,425.3,4,-1,etf_leads_kalshi,-7.312089723834756e-06,-14.638932233787877,1.585384398263076e-48,4.7561531947892283e-48,0.06608345775244828,3630,13,23,34,1,36,0.3214474527210765,"Will Trump win 306-232 - AZ, GA, MI, PA, WI, NC?"
KXECDJT306,VDC,calendar,1min,60,False,425.3,4,0,contemp,-1.7972136499240253e-06,-7.820838789285811,5.247250883529171e-15,1.1806314487940636e-14,0.06608345775244828,3630,13,23,34,1,36,0.3214474527210765,"Will Trump win 306-232 - AZ, GA, MI, PA, WI, NC?"
KXECDJT306,VDC,calendar,1min,60,False,425.3,4,1,kalshi_leads_etf,-2.2684932541389425e-06,-7.121981858459244,1.0638606288235756e-12,1.914949131882436e-12,0.06608345775244828,3630,13,23,34,1,36,0.3214474527210765,"Will Trump win 306-232 - AZ, GA, MI, PA, WI, NC?"
KXECDJT306,VDC,calendar,1min,60,False,425.3,4,2,kalshi_leads_etf,-7.699741834113598e-07,-2.0726263250604338,0.038207069139389344,0.0491233746077863,0.06608345775244828,3630,13,23,34,1,36,0.3214474527210765,"Will Trump win 306-232 - AZ, GA, MI, PA, WI, NC?"
KXECDJT306,VDC,calendar,1min,60,False,425.3,4,3,kalshi_leads_etf,5.943700157275604e-07,1.2137475653763492,0.22484413475696374,0.22484413475696374,0.06608345775244828,3630,13,23,34,1,36,0.3214474527210765,"Will Trump win 306-232 - AZ, GA, MI, PA, WI, NC?"
KXECDJT306,VDC,calendar,1min,60,False,425.3,4,4,kalshi_leads_etf,6.185137414242376e-07,1.8983455261645408,0.05765058044534003,0.06485690300100753,0.06608345775244828,3630,13,23,34,1,36,0.3214474527210765,"Will Trump win 306-232 - AZ, GA, MI, PA, WI, NC?"
KXECDJT306,VDC,calendar,2min,120,False,425.3,4,-4,etf_leads_kalshi,-1.3929769764258442e-05,-51.54407548621873,0.0,0.0,0.06899023168518081,1760,13,23,31,1,33,0.3214474527210765,"Will Trump win 306-232 - AZ, GA, MI, PA, WI, NC?"
KXECDJT306,VDC,calendar,2min,120,False,425.3,4,-3,etf_leads_kalshi,-5.605960026380605e-06,-8.651748484328127,5.07163220241484e-18,9.128937964346713e-18,0.06899023168518081,1760,13,23,31,1,33,0.3214474527210765,"Will Trump win 306-232 - AZ, GA, MI, PA, WI, NC?"
KXECDJT306,VDC,calendar,2min,120,False,425.3,4,-2,etf_leads_kalshi,-5.802055901909623e-06,-11.035839895386284,2.5664233198696375e-28,5.774452469706684e-28,0.06899023168518081,1760,13,23,31,1,33,0.3214474527210765,"Will Trump win 306-232 - AZ, GA, MI, PA, WI, NC?"
KXECDJT306,VDC,calendar,2min,120,False,425.3,4,-1,etf_leads_kalshi,-1.2501742273525696e-05,-14.476079004323902,1.7161140191527792e-47,5.148342057458338e-47,0.06899023168518081,1760,13,23,31,1,33,0.3214474527210765,"Will Trump win 306-232 - AZ, GA, MI, PA, WI, NC?"
KXECDJT306,VDC,calendar,2min,120,False,425.3,4,0,contemp,-1.1014245294762583e-05,-21.94748049600242,9.153587119830798e-107,4.119114203923859e-106,0.06899023168518081,1760,13,23,31,1,33,0.3214474527210765,"Will Trump win 306-232 - AZ, GA, MI, PA, WI, NC?"
KXECDJT306,VDC,calendar,2min,120,False,425.3,4,1,kalshi_leads_etf,2.8471840478658166e-06,2.4804713683242667,0.01312088008937943,0.016869702972059267,0.06899023168518081,1760,13,23,31,1,33,0.3214474527210765,"Will Trump win 306-232 - AZ, GA, MI, PA, WI, NC?"
KXECDJT306,VDC,calendar,2min,120,False,425.3,4,2,kalshi_leads_etf,-5.337401459941303e-07,-1.8412599743790656,0.06558347022146001,0.07378140399914251,0.06899023168518081,1760,13,23,31,1,33,0.3214474527210765,"Will Trump win 306-232 - AZ, GA, MI, PA, WI, NC?"
KXECDJT306,VDC,calendar,2min,120,False,425.3,4,3,kalshi_leads_etf,-1.0535350613463736e-06,-0.7162765540009123,0.4738206010937488,0.4738206010937488,0.06899023168518081,1760,13,23,31,1,33,0.3214474527210765,"Will Trump win 306-232 - AZ, GA, MI, PA, WI, NC?"
KXECDJT306,VDC,calendar,2min,120,False,425.3,4,4,kalshi_leads_etf,-2.7007053340833124e-06,-3.7661031678938977,0.00016581529694565623,0.0002487229454184844,0.06899023168518081,1760,13,23,31,1,33,0.3214474527210765,"Will Trump win 306-232 - AZ, GA, MI, PA, WI, NC?"
KXECDJT306,VDC,calendar,5min,300,False,425.3,4,-4,etf_leads_kalshi,1.555664817081309e-05,8.213697638648897,2.1447924870125858e-16,3.860626476622654e-16,0.10390542891081811,637,13,23,26,1,29,0.3214474527210765,"Will Trump win 306-232 - AZ, GA, MI, PA, WI, NC?"
KXECDJT306,VDC,calendar,5min,300,False,425.3,4,-3,etf_leads_kalshi,2.3262980153451537e-05,16.308413417015014,8.599755760233923e-60,7.739780184210531e-59,0.10390542891081811,637,13,23,26,1,29,0.3214474527210765,"Will Trump win 306-232 - AZ, GA, MI, PA, WI, NC?"
KXECDJT306,VDC,calendar,5min,300,False,425.3,4,-2,etf_leads_kalshi,1.0437731010164097e-05,2.7931160041020484,0.005220296744734275,0.006711810100372639,0.10390542891081811,637,13,23,26,1,29,0.3214474527210765,"Will Trump win 306-232 - AZ, GA, MI, PA, WI, NC?"
KXECDJT306,VDC,calendar,5min,300,False,425.3,4,-1,etf_leads_kalshi,-2.433940935934457e-05,-13.863420870176672,1.055228883874096e-43,4.7485299774334325e-43,0.10390542891081811,637,13,23,26,1,29,0.3214474527210765,"Will Trump win 306-232 - AZ, GA, MI, PA, WI, NC?"
KXECDJT306,VDC,calendar,5min,300,False,425.3,4,0,contemp,-3.410847721096998e-05,-11.147272929845325,7.383463679660582e-29,2.215039103898175e-28,0.10390542891081811,637,13,23,26,1,29,0.3214474527210765,"Will Trump win 306-232 - AZ, GA, MI, PA, WI, NC?"
KXECDJT306,VDC,calendar,5min,300,False,425.3,4,1,kalshi_leads_etf,1.473521011485925e-05,3.9072064048505406,9.33693893515196e-05,0.0001400540840272794,0.10390542891081811,637,13,23,26,1,29,0.3214474527210765,"Will Trump win 306-232 - AZ, GA, MI, PA, WI, NC?"
KXECDJT306,VDC,calendar,5min,300,False,425.3,4,2,kalshi_leads_etf,3.1321486403159795e-05,9.46952240377047,2.8112609460297774e-21,6.325337128566999e-21,0.10390542891081811,637,13,23,26,1,29,0.3214474527210765,"Will Trump win 306-232 - AZ, GA, MI, PA, WI, NC?"
KXECDJT306,VDC,calendar,5min,300,False,425.3,4,3,kalshi_leads_etf,-2.1714709490902944e-06,-0.9130417554359,0.3612205812744055,0.3612205812744055,0.10390542891081811,637,13,23,26,1,29,0.3214474527210765,"Will Trump win 306-232 - AZ, GA, MI, PA, WI, NC?"
KXECDJT306,VDC,calendar,5min,300,False,425.3,4,4,kalshi_leads_etf,4.828858477808914e-06,1.7892951595543924,0.07356729320169056,0.08276320485190189,0.10390542891081811,637,13,23,26,1,29,0.3214474527210765,"Will Trump win 306-232 - AZ, GA, MI, PA, WI, NC?"
KXECDJT306,VDC,calendar,10min,600,True,425.3,4,-4,etf_leads_kalshi,-3.616913573756019e-05,-6.492233000280201,8.457332039738543e-11,3.8057994178823445e-10,0.1951557286713399,265,13,25,21,3,26,0.3214474527210765,"Will Trump win 306-232 - AZ, GA, MI, PA, WI, NC?"
KXECDJT306,VDC,calendar,10min,600,True,425.3,4,-3,etf_leads_kalshi,-2.2541784307826092e-05,-2.5708587158253753,0.010144670407765883,0.013043147667127565,0.1951557286713399,265,13,25,21,3,26,0.3214474527210765,"Will Trump win 306-232 - AZ, GA, MI, PA, WI, NC?"
KXECDJT306,VDC,calendar,10min,600,True,425.3,4,-2,etf_leads_kalshi,4.8350586366097654e-05,9.233610815827848,2.6165917703278625e-20,2.3549325932950764e-19,0.1951557286713399,265,13,25,21,3,26,0.3214474527210765,"Will Trump win 306-232 - AZ, GA, MI, PA, WI, NC?"
KXECDJT306,VDC,calendar,10min,600,True,425.3,4,-1,etf_leads_kalshi,4.55856740266906e-06,0.27612038614619105,0.7824556032397398,0.7824556032397398,0.1951557286713399,265,13,25,21,3,26,0.3214474527210765,"Will Trump win 306-232 - AZ, GA, MI, PA, WI, NC?"
KXECDJT306,VDC,calendar,10min,600,True,425.3,4,0,contemp,-5.342025948986486e-05,-5.240599209705758,1.600560080248385e-07,4.801680240745155e-07,0.1951557286713399,265,13,25,21,3,26,0.3214474527210765,"Will Trump win 306-232 - AZ, GA, MI, PA, WI, NC?"
KXECDJT306,VDC,calendar,10min,600,True,425.3,4,1,kalshi_leads_etf,3.960322656171098e-05,3.2722116902827456,0.0010670964497768466,0.0019207736095983238,0.1951557286713399,265,13,25,21,3,26,0.3214474527210765,"Will Trump win 306-232 - AZ, GA, MI, PA, WI, NC?"
KXECDJT306,VDC,calendar,10min,600,True,425.3,4,2,kalshi_leads_etf,1.647941424934863e-05,2.9076748391724343,0.0036412673295680305,0.0054619009943520464,0.1951557286713399,265,13,25,21,3,26,0.3214474527210765,"Will Trump win 306-232 - AZ, GA, MI, PA, WI, NC?"
KXECDJT306,VDC,calendar,10min,600,True,425.3,4,3,kalshi_leads_etf,4.1233473063144345e-05,3.7439540861366902,0.00018114676928251543,0.00040758023088565976,0.1951557286713399,265,13,25,21,3,26,0.3214474527210765,"Will Trump win 306-232 - AZ, GA, MI, PA, WI, NC?"
KXECDJT306,VDC,calendar,10min,600,True,425.3,4,4,kalshi_leads_etf,-4.75836854572639e-05,-1.5885387382951992,0.11216456854265401,0.12618513961048577,0.1951557286713399,265,13,25,21,3,26,0.3214474527210765,"Will Trump win 306-232 - AZ, GA, MI, PA, WI, NC?"
KXECDJT281,VGT,calendar,30s,30,False,229.9,5,-5,etf_leads_kalshi,-6.904425849138125e-07,-0.45792852628773595,0.6470037916683065,0.8896302135439214,0.03528838767001896,5964,11,24,92,2,92,0.3150074068770069,"Will Trump win 281-257 - AZ, GA, NC, PA?"
KXECDJT281,VGT,calendar,30s,30,False,229.9,5,-4,etf_leads_kalshi,1.3373730316829622e-06,0.4878194359580261,0.6256777433108758,0.8896302135439214,0.03528838767001896,5964,11,24,92,2,92,0.3150074068770069,"Will Trump win 281-257 - AZ, GA, NC, PA?"
KXECDJT281,VGT,calendar,30s,30,False,229.9,5,-3,etf_leads_kalshi,2.4479312932515063e-06,1.0277499681841458,0.3040674564229303,0.557457003442039,0.03528838767001896,5964,11,24,92,2,92,0.3150074068770069,"Will Trump win 281-257 - AZ, GA, NC, PA?"
KXECDJT281,VGT,calendar,30s,30,False,229.9,5,-2,etf_leads_kalshi,1.9236789949527136e-07,0.04782909376794873,0.9618524496101611,0.9819080809971396,0.03528838767001896,5964,11,24,92,2,92,0.3150074068770069,"Will Trump win 281-257 - AZ, GA, NC, PA?"
KXECDJT281,VGT,calendar,30s,30,False,229.9,5,-1,etf_leads_kalshi,2.766113713711957e-07,0.33064263606053684,0.7409144369597012,0.9055620896174125,0.03528838767001896,5964,11,24,92,2,92,0.3150074068770069,"Will Trump win 281-257 - AZ, GA, NC, PA?"
KXECDJT281,VGT,calendar,30s,30,False,229.9,5,0,contemp,-5.708957036785809e-06,-3.603145398037166,0.00031438954825023177,0.0011527616769175166,0.03528838767001896,5964,11,24,92,2,92,0.3150074068770069,"Will Trump win 281-257 - AZ, GA, NC, PA?"
KXECDJT281,VGT,calendar,30s,30,False,229.9,5,1,kalshi_leads_etf,-5.769511992061882e-06,-5.4809755789844115,4.2298687197315905e-08,2.3264277958523748e-07,0.03528838767001896,5964,11,24,92,2,92,0.3150074068770069,"Will Trump win 281-257 - AZ, GA, NC, PA?"
KXECDJT281,VGT,calendar,30s,30,False,229.9,5,2,kalshi_leads_etf,-3.537637649190458e-06,-6.7213265977549375,1.8007745066218184e-11,1.9808519572840003e-10,0.03528838767001896,5964,11,24,92,2,92,0.3150074068770069,"Will Trump win 281-257 - AZ, GA, NC, PA?"
KXECDJT281,VGT,calendar,30s,30,False,229.9,5,3,kalshi_leads_etf,-2.4092834292179355e-06,-1.568667354087776,0.11672546922851153,0.3209950403784067,0.03528838767001896,5964,11,24,92,2,92,0.3150074068770069,"Will Trump win 281-257 - AZ, GA, NC, PA?"
KXECDJT281,VGT,calendar,30s,30,False,229.9,5,4,kalshi_leads_etf,1.2361221115365674e-06,1.1146448135497602,0.26500265849713545,0.557457003442039,0.03528838767001896,5964,11,24,92,2,92,0.3150074068770069,"Will Trump win 281-257 - AZ, GA, NC, PA?"
KXECDJT281,VGT,calendar,30s,30,False,229.9,5,5,kalshi_leads_etf,6.539018571635852e-08,0.022676801250442597,0.9819080809971396,0.9819080809971396,0.03528838767001896,5964,11,24,92,2,92,0.3150074068770069,"Will Trump win 281-257 - AZ, GA, NC, PA?"
KXECDJT281,VGT,calendar,1min,60,False,229.9,5,-5,etf_leads_kalshi,2.338786066495473e-06,0.7397901296226573,0.45942734906467264,0.8422834732852332,0.04158284812598578,2923,11,24,87,2,88,0.3150074068770069,"Will Trump win 281-257 - AZ, GA, NC, PA?"
KXECDJT281,VGT,calendar,1min,60,False,229.9,5,-4,etf_leads_kalshi,4.4204121902729493e-07,0.17963901130382354,0.8574359762561828,0.9048236112931343,0.04158284812598578,2923,11,24,87,2,88,0.3150074068770069,"Will Trump win 281-257 - AZ, GA, NC, PA?"
KXECDJT281,VGT,calendar,1min,60,False,229.9,5,-3,etf_leads_kalshi,7.527361811861935e-07,0.3662967351019352,0.7141436655777859,0.8918060662010099,0.04158284812598578,2923,11,24,87,2,88,0.3150074068770069,"Will Trump win 281-257 - AZ, GA, NC, PA?"
KXECDJT281,VGT,calendar,1min,60,False,229.9,5,-2,etf_leads_kalshi,7.33224268992465e-06,5.115042376458633,3.136705281009302e-07,1.7251879045551161e-06,0.04158284812598578,2923,11,24,87,2,88,0.3150074068770069,"Will Trump win 281-257 - AZ, GA, NC, PA?"
KXECDJT281,VGT,calendar,1min,60,False,229.9,5,-1,etf_leads_kalshi,2.855903741035753e-06,0.34557849649431005,0.7296595087099172,0.8918060662010099,0.04158284812598578,2923,11,24,87,2,88,0.3150074068770069,"Will Trump win 281-257 - AZ, GA, NC, PA?"
KXECDJT281,VGT,calendar,1min,60,False,229.9,5,0,contemp,-5.855787605072253e-06,-4.156734748501898,3.228284391832517e-05,8.877782077539422e-05,0.04158284812598578,2923,11,24,87,2,88,0.3150074068770069,"Will Trump win 281-257 - AZ, GA, NC, PA?"
KXECDJT281,VGT,calendar,1min,60,False,229.9,5,1,kalshi_leads_etf,-1.71688535415651e-05,-7.886544117748662,3.1066975681981524e-15,3.417367325017968e-14,0.04158284812598578,2923,11,24,87,2,88,0.3150074068770069,"Will Trump win 281-257 - AZ, GA, NC, PA?"
KXECDJT281,VGT,calendar,1min,60,False,229.9,5,2,kalshi_leads_etf,1.9531993538802844e-06,1.1830180080530897,0.2368020105581008,0.5209644232278218,0.04158284812598578,2923,11,24,87,2,88,0.3150074068770069,"Will Trump win 281-257 - AZ, GA, NC, PA?"
KXECDJT281,VGT,calendar,1min,60,False,229.9,5,3,kalshi_leads_etf,7.707167552778277e-07,0.11957022017855873,0.9048236112931343,0.9048236112931343,0.04158284812598578,2923,11,24,87,2,88,0.3150074068770069,"Will Trump win 281-257 - AZ, GA, NC, PA?"
KXECDJT281,VGT,calendar,1min,60,False,229.9,5,4,kalshi_leads_etf,-2.288364629457958e-06,-0.3466278473420065,0.7288709223569999,0.8918060662010099,0.04158284812598578,2923,11,24,87,2,88,0.3150074068770069,"Will Trump win 281-257 - AZ, GA, NC, PA?"
KXECDJT281,VGT,calendar,1min,60,False,229.9,5,5,kalshi_leads_etf,1.0568831133857809e-05,4.236989216817823,2.265370112131621e-05,8.306357077815945e-05,0.04158284812598578,2923,11,24,87,2,88,0.3150074068770069,"Will Trump win 281-257 - AZ, GA, NC, PA?"
KXECDJT281,VGT,calendar,2min,120,False,229.9,5,-5,etf_leads_kalshi,2.074109751624567e-05,11.205995963565778,3.810436767579955e-29,4.19148044433795e-28,0.05077595171302718,1402,11,23,75,1,79,0.3150074068770069,"Will Trump win 281-257 - AZ, GA, NC, PA?"
KXECDJT281,VGT,calendar,2min,120,False,229.9,5,-4,etf_leads_kalshi,1.841262861154796e-06,0.41826636456181254,0.6757523788741692,0.7095414254242742,0.05077595171302718,1402,11,23,75,1,79,0.3150074068770069,"Will Trump win 281-257 - AZ, GA, NC, PA?"
KXECDJT281,VGT,calendar,2min,120,False,229.9,5,-3,etf_leads_kalshi,-1.2865342779430503e-05,-5.01365673975138,5.340522495697845e-07,2.9372873726338146e-06,0.05077595171302718,1402,11,23,75,1,79,0.3150074068770069,"Will Trump win 281-257 - AZ, GA, NC, PA?"
KXECDJT281,VGT,calendar,2min,120,False,229.9,5,-2,etf_leads_kalshi,4.723290425936259e-06,0.7500216836358841,0.4532416453510686,0.7095414254242742,0.05077595171302718,1402,11,23,75,1,79,0.3150074068770069,"Will Trump win 281-257 - AZ, GA, NC, PA?"
KXECDJT281,VGT,calendar,2min,120,False,229.9,5,-1,etf_leads_kalshi,4.564466121988608e-06,1.2574018894965127,0.20860814538561767,0.3824482665402991,0.05077595171302718,1402,11,23,75,1,79,0.3150074068770069,"Will Trump win 281-257 - AZ, GA, NC, PA?"
KXECDJT281,VGT,calendar,2min,120,False,229.9,5,0,contemp,-2.6162530699261794e-06,-0.37247204034006975,0.7095414254242742,0.7095414254242742,0.05077595171302718,1402,11,23,75,1,79,0.3150074068770069,"Will Trump win 281-257 - AZ, GA, NC, PA?"
KXECDJT281,VGT,calendar,2min,120,False,229.9,5,1,kalshi_leads_etf,-1.2386269603018641e-05,-1.6125256878694059,0.10684759468407173,0.23506470830495782,0.05077595171302718,1402,11,23,75,1,79,0.3150074068770069,"Will Trump win 281-257 - AZ, GA, NC, PA?"
KXECDJT281,VGT,calendar,2min,120,False,229.9,5,2,kalshi_leads_etf,5.514945895604363e-06,0.5340465869358505,0.5933093027580892,0.7095414254242742,0.05077595171302718,1402,11,23,75,1,79,0.3150074068770069,"Will Trump win 281-257 - AZ, GA, NC, PA?"
KXECDJT281,VGT,calendar,2min,120,False,229.9,5,3,kalshi_leads_etf,1.3890058255275655e-05,2.9204600175377298,0.0034951504243130654,0.012815551555814575,0.05077595171302718,1402,11,23,75,1,79,0.3150074068770069,"Will Trump win 281-257 - AZ, GA, NC, PA?"
KXECDJT281,VGT,calendar,2min,120,False,229.9,5,4,kalshi_leads_etf,1.489131437479756e-06,0.42530838080032385,0.6706118848859468,0.7095414254242742,0.05077595171302718,1402,11,23,75,1,79,0.3150074068770069,"Will Trump win 281-257 - AZ, GA, NC, PA?"
KXECDJT281,VGT,calendar,2min,120,False,229.9,5,5,kalshi_leads_etf,-1.7174178715984535e-05,-2.429421038432011,0.01512295868078483,0.04158813637215828,0.05077595171302718,1402,11,23,75,1,79,0.3150074068770069,"Will Trump win 281-257 - AZ, GA, NC, PA?"
KXECDJT281,VGT,calendar,5min,300,True,229.9,5,-5,etf_leads_kalshi,-1.531981646076154e-05,-0.7322993171623396,0.4639858960213299,0.7475717679602177,0.05006352121638791,492,11,24,53,2,61,0.3150074068770069,"Will Trump win 281-257 - AZ, GA, NC, PA?"
KXECDJT281,VGT,calendar,5min,300,True,229.9,5,-4,etf_leads_kalshi,1.6665491861894188e-05,0.8603403402099974,0.3896014620160553,0.7475717679602177,0.05006352121638791,492,11,24,53,2,61,0.3150074068770069,"Will Trump win 281-257 - AZ, GA, NC, PA?"
KXECDJT281,VGT,calendar,5min,300,True,229.9,5,-3,etf_leads_kalshi,-4.597535281567702e-06,-0.41299442522749935,0.6796106981456524,0.7475717679602177,0.05006352121638791,492,11,24,53,2,61,0.3150074068770069,"Will Trump win 281-257 - AZ, GA, NC, PA?"
KXECDJT281,VGT,calendar,5min,300,True,229.9,5,-2,etf_leads_kalshi,2.8935836092430333e-05,1.2953917773779258,0.1951851131376089,0.5367590611284244,0.05006352121638791,492,11,24,53,2,61,0.3150074068770069,"Will Trump win 281-257 - AZ, GA, NC, PA?"
KXECDJT281,VGT,calendar,5min,300,True,229.9,5,-1,etf_leads_kalshi,-2.4557308564011292e-05,-2.7548305535443958,0.005872253878397405,0.06459479266237146,0.05006352121638791,492,11,24,53,2,61,0.3150074068770069,"Will Trump win 281-257 - AZ, GA, NC, PA?"
KXECDJT281,VGT,calendar,5min,300,True,229.9,5,0,contemp,-1.638018682998359e-05,-0.5122885494738604,0.6084490779065763,0.7475717679602177,0.05006352121638791,492,11,24,53,2,61,0.3150074068770069,"Will Trump win 281-257 - AZ, GA, NC, PA?"
KXECDJT281,VGT,calendar,5min,300,True,229.9,5,1,kalshi_leads_etf,-1.2894106392375027e-05,-0.25066930480828103,0.8020697943146322,0.8020697943146322,0.05006352121638791,492,11,24,53,2,61,0.3150074068770069,"Will Trump win 281-257 - AZ, GA, NC, PA?"
KXECDJT281,VGT,calendar,5min,300,True,229.9,5,2,kalshi_leads_etf,8.516534471519283e-06,0.555487392187592,0.5785613314509299,0.7475717679602177,0.05006352121638791,492,11,24,53,2,61,0.3150074068770069,"Will Trump win 281-257 - AZ, GA, NC, PA?"
KXECDJT281,VGT,calendar,5min,300,True,229.9,5,3,kalshi_leads_etf,-2.0796730392244816e-05,-1.339811450639759,0.18030665197634999,0.5367590611284244,0.05006352121638791,492,11,24,53,2,61,0.3150074068770069,"Will Trump win 281-257 - AZ, GA, NC, PA?"
KXECDJT281,VGT,calendar,5min,300,True,229.9,5,4,kalshi_leads_etf,-9.488940118319872e-06,-0.46109299431959055,0.6447318877468773,0.7475717679602177,0.05006352121638791,492,11,24,53,2,61,0.3150074068770069,"Will Trump win 281-257 - AZ, GA, NC, PA?"
KXECDJT281,VGT,calendar,5min,300,True,229.9,5,5,kalshi_leads_etf,-4.612369118420227e-05,-1.330489019171571,0.1833572019337827,0.5367590611284244,0.05006352121638791,492,11,24,53,2,61,0.3150074068770069,"Will Trump win 281-257 - AZ, GA, NC, PA?"
KXECDJT281,VGT,calendar,10min,600,False,229.9,5,-5,etf_leads_kalshi,2.0316320810766393e-05,1.0485832824056125,0.2943699533842068,0.5122725304984257,0.0952351164924421,189,10,21,32,0,49,0.3150074068770069,"Will Trump win 281-257 - AZ, GA, NC, PA?"
KXECDJT281,VGT,calendar,10min,600,False,229.9,5,-4,etf_leads_kalshi,-3.340419993798313e-05,-0.8916849167671443,0.3725618403624914,0.5122725304984257,0.0952351164924421,189,10,21,32,0,49,0.3150074068770069,"Will Trump win 281-257 - AZ, GA, NC, PA?"
KXECDJT281,VGT,calendar,10min,600,False,229.9,5,-3,etf_leads_kalshi,-2.5916053942281655e-05,-1.035204108191631,0.30057360062685246,0.5122725304984257,0.0952351164924421,189,10,21,32,0,49,0.3150074068770069,"Will Trump win 281-257 - AZ, GA, NC, PA?"
KXECDJT281,VGT,calendar,10min,600,False,229.9,5,-2,etf_leads_kalshi,4.590235529758261e-05,2.6978637167517823,0.006978600363083411,0.025588201331305842,0.0952351164924421,189,10,21,32,0,49,0.3150074068770069,"Will Trump win 281-257 - AZ, GA, NC, PA?"
KXECDJT281,VGT,calendar,10min,600,False,229.9,5,-1,etf_leads_kalshi,3.152787490863273e-05,0.8932913226237224,0.3717011836828481,0.5122725304984257,0.0952351164924421,189,10,21,32,0,49,0.3150074068770069,"Will Trump win 281-257 - AZ, GA, NC, PA?"
KXECDJT281,VGT,calendar,10min,600,False,229.9,5,0,contemp,-9.60535345851471e-05,-3.368581624235316,0.0007555602142961718,0.004155581178628945,0.0952351164924421,189,10,21,32,0,49,0.3150074068770069,"Will Trump win 281-257 - AZ, GA, NC, PA?"
KXECDJT281,VGT,calendar,10min,600,False,229.9,5,1,kalshi_leads_etf,-1.0042882559287548e-05,-0.24051697825418183,0.8099295027625385,0.8909224530387924,0.0952351164924421,189,10,21,32,0,49,0.3150074068770069,"Will Trump win 281-257 - AZ, GA, NC, PA?"
KXECDJT281,VGT,calendar,10min,600,False,229.9,5,2,kalshi_leads_etf,-5.615321733726767e-05,-4.011364205182429,6.036889701534163e-05,0.0006640578671687579,0.0952351164924421,189,10,21,32,0,49,0.3150074068770069,"Will Trump win 281-257 - AZ, GA, NC, PA?"
KXECDJT281,VGT,calendar,10min,600,False,229.9,5,3,kalshi_leads_etf,5.600873667629277e-06,0.2666152788457255,0.7897653905278174,0.8909224530387924,0.0952351164924421,189,10,21,32,0,49,0.3150074068770069,"Will Trump win 281-257 - AZ, GA, NC, PA?"
KXECDJT281,VGT,calendar,10min,600,False,229.9,5,4,kalshi_leads_etf,-3.63812673559431e-05,-1.329359004772281,0.1837295560786747,0.5052562792163554,0.0952351164924421,189,10,21,32,0,49,0.3150074068770069,"Will Trump win 281-257 - AZ, GA, NC, PA?"
KXECDJT281,VGT,calendar,10min,600,False,229.9,5,5,kalshi_leads_etf,4.4248469750068903e-07,0.012277729836665729,0.9902040350338537,0.9902040350338537,0.0952351164924421,189,10,21,32,0,49,0.3150074068770069,"Will Trump win 281-257 - AZ, GA, NC, PA?"
KXECDJT312,VAW,calendar,30s,30,False,603.4,5,-5,etf_leads_kalshi,5.525631469901746e-06,5.543806306395092,2.9596622314856042e-08,6.511256909268329e-08,0.08441204487419096,9583,19,31,77,1,78,0.3098810916918901,Will Trump win 312-226 - swing state sweep?
KXECDJT312,VAW,calendar,30s,30,False,603.4,5,-4,etf_leads_kalshi,2.1311052622913773e-06,2.7174990295116497,0.006577734830086203,0.009044385391368528,0.08441204487419096,9583,19,31,77,1,78,0.3098810916918901,Will Trump win 312-226 - swing state sweep?
KXECDJT312,VAW,calendar,30s,30,False,603.4,5,-3,etf_leads_kalshi,-2.2880021646799673e-06,-2.089137747688806,0.036695325259919705,0.0448498419843463,0.08441204487419096,9583,19,31,77,1,78,0.3098810916918901,Will Trump win 312-226 - swing state sweep?
KXECDJT312,VAW,calendar,30s,30,False,603.4,5,-2,etf_leads_kalshi,4.2162509328103675e-06,5.830481371111537,5.5267708960297765e-09,1.5198619964081886e-08,0.08441204487419096,9583,19,31,77,1,78,0.3098810916918901,Will Trump win 312-226 - swing state sweep?
KXECDJT312,VAW,calendar,30s,30,False,603.4,5,-1,etf_leads_kalshi,5.107864996330872e-06,11.941398992937602,7.200184256370837e-33,3.96010134100396e-32,0.08441204487419096,9583,19,31,77,1,78,0.3098810916918901,Will Trump win 312-226 - swing state sweep?
KXECDJT312,VAW,calendar,30s,30,False,603.4,5,0,contemp,-5.557091508091045e-06,-5.14178317514768,2.721430834173367e-07,4.989289862651173e-07,0.08441204487419096,9583,19,31,77,1,78,0.3098810916918901,Will Trump win 312-226 - swing state sweep?
KXECDJT312,VAW,calendar,30s,30,False,603.4,5,1,kalshi_leads_etf,2.079464249598853e-06,1.7409321123812518,0.08169547902816618,0.0898650269309828,0.08441204487419096,9583,19,31,77,1,78,0.3098810916918901,Will Trump win 312-226 - swing state sweep?
KXECDJT312,VAW,calendar,30s,30,False,603.4,5,2,kalshi_leads_etf,-8.160367292165521e-06,-31.925301968874425,1.1898816874140144e-223,1.3088698561554158e-222,0.08441204487419096,9583,19,31,77,1,78,0.3098810916918901,Will Trump win 312-226 - swing state sweep?
KXECDJT312,VAW,calendar,30s,30,False,603.4,5,3,kalshi_leads_etf,1.2331669663589204e-07,0.1916463116438543,0.84801926339337,0.84801926339337,0.08441204487419096,9583,19,31,77,1,78,0.3098810916918901,Will Trump win 312-226 - swing state sweep?
KXECDJT312,VAW,calendar,30s,30,False,603.4,5,4,kalshi_leads_etf,3.244096465588687e-06,5.1114921214110565,3.1962415666845975e-07,5.022665319075796e-07,0.08441204487419096,9583,19,31,77,1,78,0.3098810916918901,Will Trump win 312-226 - swing state sweep?
KXECDJT312,VAW,calendar,30s,30,False,603.4,5,5,kalshi_leads_etf,3.730461509536742e-06,6.808569329569061,9.857408264015434e-12,3.6143830301389924e-11,0.08441204487419096,9583,19,31,77,1,78,0.3098810916918901,Will Trump win 312-226 - swing state sweep?
KXECDJT312,VAW,calendar,1min,60,False,603.4,5,-5,etf_leads_kalshi,2.1168715366312107e-06,1.357850857466962,0.1745110134947725,0.19196211484424974,0.08047155938270434,4693,19,32,75,2,77,0.3098810916918901,Will Trump win 312-226 - swing state sweep?
KXECDJT312,VAW,calendar,1min,60,False,603.4,5,-4,etf_leads_kalshi,-4.997929328333795e-06,-2.2513996700140373,0.024360235020308336,0.038280369317627384,0.08047155938270434,4693,19,32,75,2,77,0.3098810916918901,Will Trump win 312-226 - swing state sweep?
KXECDJT312,VAW,calendar,1min,60,False,603.4,5,-3,etf_leads_kalshi,-6.242126146049271e-06,-12.139896538997775,6.49080569024726e-34,7.139886259271987e-33,0.08047155938270434,4693,19,32,75,2,77,0.3098810916918901,Will Trump win 312-226 - swing state sweep?
KXECDJT312,VAW,calendar,1min,60,False,603.4,5,-2,etf_leads_kalshi,3.398343007470241e-08,0.011334939009788533,0.99095622082559,0.99095622082559,0.08047155938270434,4693,19,32,75,2,77,0.3098810916918901,Will Trump win 312-226 - swing state sweep?
KXECDJT312,VAW,calendar,1min,60,False,603.4,5,-1,etf_leads_kalshi,-9.955606036246821e-06,-4.076190444020069,4.5779529635181385e-05,0.0001258937064967488,0.08047155938270434,4693,19,32,75,2,77,0.3098810916918901,Will Trump win 312-226 - swing state sweep?
KXECDJT312,VAW,calendar,1min,60,False,603.4,5,0,contemp,-7.555648775993062e-06,-3.0872427450937794,0.0020202254949376395,0.003703746740719006,0.08047155938270434,4693,19,32,75,2,77,0.3098810916918901,Will Trump win 312-226 - swing state sweep?
KXECDJT312,VAW,calendar,1min,60,False,603.4,5,1,kalshi_leads_etf,-5.136390878746631e-06,-1.5228031190270919,0.12780796941787265,0.15620974039962213,0.08047155938270434,4693,19,32,75,2,77,0.3098810916918901,Will Trump win 312-226 - swing state sweep?
KXECDJT312,VAW,calendar,1min,60,False,603.4,5,2,kalshi_leads_etf,-1.1759631624539127e-05,-5.086046413919778,3.6560461685724997e-07,1.3405502618099166e-06,0.08047155938270434,4693,19,32,75,2,77,0.3098810916918901,Will Trump win 312-226 - swing state sweep?
KXECDJT312,VAW,calendar,1min,60,False,603.4,5,3,kalshi_leads_etf,-3.2479403899348776e-06,-1.960883511136041,0.04989261322034823,0.06860234317797881,0.08047155938270434,4693,19,32,75,2,77,0.3098810916918901,Will Trump win 312-226 - swing state sweep?
KXECDJT312,VAW,calendar,1min,60,False,603.4,5,4,kalshi_leads_etf,-1.2783393148736801e-05,-5.376624569643887,7.589519600424959e-08,4.1742357802337276e-07,0.08047155938270434,4693,19,32,75,2,77,0.3098810916918901,Will Trump win 312-226 - swing state sweep?
KXECDJT312,VAW,calendar,1min,60,False,603.4,5,5,kalshi_leads_etf,4.624261735597706e-06,3.7048135905629302,0.00021154624771041407,0.00046540174496291096,0.08047155938270434,4693,19,32,75,2,77,0.3098810916918901,Will Trump win 312-226 - swing state sweep?
KXECDJT312,VAW,calendar,2min,120,False,603.4,5,-5,etf_leads_kalshi,4.78666952784041e-07,0.29869010603806884,0.7651765068733549,0.7651765068733549,0.06574644407660657,2247,19,31,68,1,76,0.3098810916918901,Will Trump win 312-226 - swing state sweep?
KXECDJT312,VAW,calendar,2min,120,False,603.4,5,-4,etf_leads_kalshi,4.367017624456024e-06,1.3412777015756834,0.17983030674048595,0.24726667176816816,0.06574644407660657,2247,19,31,68,1,76,0.3098810916918901,Will Trump win 312-226 - swing state sweep?
KXECDJT312,VAW,calendar,2min,120,False,603.4,5,-3,etf_leads_kalshi,-1.0236039597581023e-05,-9.005460533514627,2.147625259699e-19,1.18119389283445e-18,0.06574644407660657,2247,19,31,68,1,76,0.3098810916918901,Will Trump win 312-226 - swing state sweep?
KXECDJT312,VAW,calendar,2min,120,False,603.4,5,-2,etf_leads_kalshi,2.4951924171427557e-06,1.4387166272723957,0.1502308264055041,0.236077012922935,0.06574644407660657,2247,19,31,68,1,76,0.3098810916918901,Will Trump win 312-226 - swing state sweep?
KXECDJT312,VAW,calendar,2min,120,False,603.4,5,-1,etf_leads_kalshi,-3.1592286194237968e-06,-1.086988069616013,0.2770420822701464,0.304746290497161,0.06574644407660657,2247,19,31,68,1,76,0.3098810916918901,Will Trump win 312-226 - swing state sweep?
KXECDJT312,VAW,calendar,2min,120,False,603.4,5,0,contemp,-1.2305537655404308e-05,-2.194690084595299,0.02818583647795845,0.051674033542923825,0.06574644407660657,2247,19,31,68,1,76,0.3098810916918901,Will Trump win 312-226 - swing state sweep?
KXECDJT312,VAW,calendar,2min,120,False,603.4,5,1,kalshi_leads_etf,-1.815992457670865e-05,-25.60313594175134,1.407679269656461e-144,1.548447196622107e-143,0.06574644407660657,2247,19,31,68,1,76,0.3098810916918901,Will Trump win 312-226 - swing state sweep?
KXECDJT312,VAW,calendar,2min,120,False,603.4,5,2,kalshi_leads_etf,-2.1619803491907077e-05,-5.4241518594778215,5.8230361665187995e-08,1.281067956634136e-07,0.06574644407660657,2247,19,31,68,1,76,0.3098810916918901,Will Trump win 312-226 - swing state sweep?
KXECDJT312,VAW,calendar,2min,120,False,603.4,5,3,kalshi_leads_etf,9.204712385603968e-06,7.390062387968378,1.467599368137844e-13,5.381197683172096e-13,0.06574644407660657,2247,19,31,68,1,76,0.3098810916918901,Will Trump win 312-226 - swing state sweep?
KXECDJT312,VAW,calendar,2min,120,False,603.4,5,4,kalshi_leads_etf,4.629625223410504e-06,1.1040937761859186,0.26955246081164985,0.304746290497161,0.06574644407660657,2247,19,31,68,1,76,0.3098810916918901,Will Trump win 312-226 - swing state sweep?
KXECDJT312,VAW,calendar,2min,120,False,603.4,5,5,kalshi_leads_etf,3.963013700760758e-06,6.612565257323562,3.7771651561070237e-11,1.0387204179294315e-10,0.06574644407660657,2247,19,31,68,1,76,0.3098810916918901,Will Trump win 312-226 - swing state sweep?
KXECDJT312,VAW,calendar,5min,300,False,603.4,5,-5,etf_leads_kalshi,-3.276708548139303e-05,-2.3559735312667267,0.018474234011451634,0.05080414353149199,0.07155980521310501,785,18,30,52,1,63,0.3098810916918901,Will Trump win 312-226 - swing state sweep?
KXECDJT312,VAW,calendar,5min,300,False,603.4,5,-4,etf_leads_kalshi,6.432487102117838e-06,0.7605023554247888,0.44695436185384396,0.5422285656773325,0.07155980521310501,785,18,30,52,1,63,0.3098810916918901,Will Trump win 312-226 - swing state sweep?
KXECDJT312,VAW,calendar,5min,300,False,603.4,5,-3,etf_leads_kalshi,1.582663332609967e-05,1.0573432628116048,0.2903549554356234,0.4562720728274082,0.07155980521310501,785,18,30,52,1,63,0.3098810916918901,Will Trump win 312-226 - swing state sweep?
KXECDJT312,VAW,calendar,5min,300,False,603.4,5,-2,etf_leads_kalshi,-9.343542913431976e-06,-0.7512860665357066,0.45248051285230084,0.5422285656773325,0.07155980521310501,785,18,30,52,1,63,0.3098810916918901,Will Trump win 312-226 - swing state sweep?
KXECDJT312,VAW,calendar,5min,300,False,603.4,5,-1,etf_leads_kalshi,1.667006470112976e-05,9.060380497167076,1.2999628425200978e-19,1.4299591267721075e-18,0.07155980521310501,785,18,30,52,1,63,0.3098810916918901,Will Trump win 312-226 - swing state sweep?
KXECDJT312,VAW,calendar,5min,300,False,603.4,5,0,contemp,-1.1828804526349501e-05,-2.469373185268984,0.01353499831294382,0.049628327147460675,0.07155980521310501,785,18,30,52,1,63,0.3098810916918901,Will Trump win 312-226 - swing state sweep?
KXECDJT312,VAW,calendar,5min,300,False,603.4,5,1,kalshi_leads_etf,9.225903328142125e-06,3.959768619451745,7.502241573938408e-05,0.00041262328656661244,0.07155980521310501,785,18,30,52,1,63,0.3098810916918901,Will Trump win 312-226 - swing state sweep?
KXECDJT312,VAW,calendar,5min,300,False,603.4,5,2,kalshi_leads_etf,1.9637837363395855e-05,1.7669560459857794,0.07723558967804396,0.16991829729169672,0.07155980521310501,785,18,30,52,1,63,0.3098810916918901,Will Trump win 312-226 - swing state sweep?
KXECDJT312,VAW,calendar,5min,300,False,603.4,5,3,kalshi_leads_etf,5.052962712301547e-06,0.6856480719827607,0.49293505970666585,0.5422285656773325,0.07155980521310501,785,18,30,52,1,63,0.3098810916918901,Will Trump win 312-226 - swing state sweep?
KXECDJT312,VAW,calendar,5min,300,False,603.4,5,4,kalshi_leads_etf,-6.583630016903372e-06,-0.5699560755102394,0.5687074901904348,0.5687074901904348,0.07155980521310501,785,18,30,52,1,63,0.3098810916918901,Will Trump win 312-226 - swing state sweep?
KXECDJT312,VAW,calendar,5min,300,False,603.4,5,5,kalshi_leads_etf,2.526865378204053e-05,1.5778790177773419,0.1145934061814476,0.21008791133265395,0.07155980521310501,785,18,30,52,1,63,0.3098810916918901,Will Trump win 312-226 - swing state sweep?
KXECDJT312,VAW,calendar,10min,600,True,603.4,5,-5,etf_leads_kalshi,7.037814856147051e-05,3.2972428798012032,0.0009763902749944575,0.0076413967767411115,0.09617495743351723,301,17,29,40,1,56,0.3098810916918901,Will Trump win 312-226 - swing state sweep?
KXECDJT312,VAW,calendar,10min,600,True,603.4,5,-4,etf_leads_kalshi,6.325181355571612e-05,3.1968555419913613,0.001389344868498384,0.0076413967767411115,0.09617495743351723,301,17,29,40,1,56,0.3098810916918901,Will Trump win 312-226 - swing state sweep?
KXECDJT312,VAW,calendar,10min,600,True,603.4,5,-3,etf_leads_kalshi,-3.4446754815282396e-05,-0.8295064041244405,0.406817914479467,0.6392852941820196,0.09617495743351723,301,17,29,40,1,56,0.3098810916918901,Will Trump win 312-226 - swing state sweep?
KXECDJT312,VAW,calendar,10min,600,True,603.4,5,-2,etf_leads_kalshi,-5.3171943942315097e-05,-2.4837892057062736,0.012999273143043952,0.047664001524494494,0.09617495743351723,301,17,29,40,1,56,0.3098810916918901,Will Trump win 312-226 - swing state sweep?
KXECDJT312,VAW,calendar,10min,600,True,603.4,5,-1,etf_leads_kalshi,1.730735210911615e-05,1.556640940211302,0.11955575796102663,0.3257826621933066,0.09617495743351723,301,17,29,40,1,56,0.3098810916918901,Will Trump win 312-226 - swing state sweep?
KXECDJT312,VAW,calendar,10min,600,True,603.4,5,0,contemp,8.222753172894666e-06,0.2771600371912361,0.7816572236947787,0.9805085876273716,0.09617495743351723,301,17,29,40,1,56,0.3098810916918901,Will Trump win 312-226 - swing state sweep?
KXECDJT312,VAW,calendar,10min,600,True,603.4,5,1,kalshi_leads_etf,-2.253989052986038e-05,-0.8432838459855352,0.39906971512179623,0.6392852941820196,0.09617495743351723,301,17,29,40,1,56,0.3098810916918901,Will Trump win 312-226 - swing state sweep?
KXECDJT312,VAW,calendar,10min,600,True,603.4,5,2,kalshi_leads_etf,6.997157900389667e-07,0.02443129292316616,0.9805085876273716,0.9805085876273716,0.09617495743351723,301,17,29,40,1,56,0.3098810916918901,Will Trump win 312-226 - swing state sweep?
KXECDJT312,VAW,calendar,10min,600,True,603.4,5,3,kalshi_leads_etf,5.607956909109907e-06,0.05703944176777306,0.9545137762820141,0.9805085876273716,0.09617495743351723,301,17,29,40,1,56,0.3098810916918901,Will Trump win 312-226 - swing state sweep?
KXECDJT312,VAW,calendar,10min,600,True,603.4,5,4,kalshi_leads_etf,-1.8334334146990108e-05,-0.21044004329203433,0.8333242422735148,0.9805085876273716,0.09617495743351723,301,17,29,40,1,56,0.3098810916918901,Will Trump win 312-226 - swing state sweep?
KXECDJT312,VAW,calendar,10min,600,True,603.4,5,5,kalshi_leads_etf,-5.1897913895113355e-05,-1.4463358388680398,0.1480830282696848,0.3257826621933066,0.09617495743351723,301,17,29,40,1,56,0.3098810916918901,Will Trump win 312-226 - swing state sweep?
KXECDJT281,VCR,calendar,30s,30,False,229.9,5,-5,etf_leads_kalshi,8.047527053574638e-07,1.3134587060860075,0.18902842676432685,0.4158625388815191,0.06258676118861417,5964,11,24,92,2,92,0.2842956735630119,"Will Trump win 281-257 - AZ, GA, NC, PA?"
KXECDJT281,VCR,calendar,30s,30,False,229.9,5,-4,etf_leads_kalshi,1.0144490250944374e-06,0.7144031807761946,0.4749779056957465,0.6530946203316514,0.06258676118861417,5964,11,24,92,2,92,0.2842956735630119,"Will Trump win 281-257 - AZ, GA, NC, PA?"
KXECDJT281,VCR,calendar,30s,30,False,229.9,5,-3,etf_leads_kalshi,4.9801981767414235e-06,3.1525947598821227,0.0016182628827715174,0.008900445855243345,0.06258676118861417,5964,11,24,92,2,92,0.2842956735630119,"Will Trump win 281-257 - AZ, GA, NC, PA?"
KXECDJT281,VCR,calendar,30s,30,False,229.9,5,-2,etf_leads_kalshi,2.996418445639405e-07,0.37007606407740157,0.7113258161080798,0.7824583977188878,0.06258676118861417,5964,11,24,92,2,92,0.2842956735630119,"Will Trump win 281-257 - AZ, GA, NC, PA?"
KXECDJT281,VCR,calendar,30s,30,False,229.9,5,-1,etf_leads_kalshi,6.597079142662585e-07,0.5076852174503986,0.6116741170175435,0.7476016985769975,0.06258676118861417,5964,11,24,92,2,92,0.2842956735630119,"Will Trump win 281-257 - AZ, GA, NC, PA?"
KXECDJT281,VCR,calendar,30s,30,False,229.9,5,0,contemp,-5.811238268272536e-06,-3.4692726023224036,0.0005218696407697591,0.00574056604846735,0.06258676118861417,5964,11,24,92,2,92,0.2842956735630119,"Will Trump win 281-257 - AZ, GA, NC, PA?"
KXECDJT281,VCR,calendar,30s,30,False,229.9,5,1,kalshi_leads_etf,-1.2902368457668768e-06,-0.8750817793968161,0.3815294103097314,0.5995462162010066,0.06258676118861417,5964,11,24,92,2,92,0.2842956735630119,"Will Trump win 281-257 - AZ, GA, NC, PA?"
KXECDJT281,VCR,calendar,30s,30,False,229.9,5,2,kalshi_leads_etf,-2.6333557181839965e-06,-2.5483411633563136,0.010823656330920169,0.03968673988004062,0.06258676118861417,5964,11,24,92,2,92,0.2842956735630119,"Will Trump win 281-257 - AZ, GA, NC, PA?"
KXECDJT281,VCR,calendar,30s,30,False,229.9,5,3,kalshi_leads_etf,-2.0896205477589445e-06,-1.0529110085193278,0.29238178023058503,0.5360332637560726,0.06258676118861417,5964,11,24,92,2,92,0.2842956735630119,"Will Trump win 281-257 - AZ, GA, NC, PA?"
KXECDJT281,VCR,calendar,30s,30,False,229.9,5,4,kalshi_leads_etf,2.1320267824947736e-06,2.3494509760516795,0.01880111975273517,0.051703079320021716,0.06258676118861417,5964,11,24,92,2,92,0.2842956735630119,"Will Trump win 281-257 - AZ, GA, NC, PA?"
KXECDJT281,VCR,calendar,30s,30,False,229.9,5,5,kalshi_leads_etf,1.4285706474435253e-07,0.07894942480547822,0.9370728505861726,0.9370728505861726,0.06258676118861417,5964,11,24,92,2,92,0.2842956735630119,"Will Trump win 281-257 - AZ, GA, NC, PA?"
KXECDJT281,VCR,calendar,1min,60,False,229.9,5,-5,etf_leads_kalshi,7.242868889219608e-06,6.499331216469959,8.067785998623019e-11,8.874564598485321e-10,0.04853347564432642,2923,11,24,87,2,88,0.2842956735630119,"Will Trump win 281-257 - AZ, GA, NC, PA?"
KXECDJT281,VCR,calendar,1min,60,False,229.9,5,-4,etf_leads_kalshi,4.449009472880889e-06,0.7480620599372168,0.45442272523826055,0.6248312472026082,0.04853347564432642,2923,11,24,87,2,88,0.2842956735630119,"Will Trump win 281-257 - AZ, GA, NC, PA?"
KXECDJT281,VCR,calendar,1min,60,False,229.9,5,-3,etf_leads_kalshi,-4.1870165367165443e-07,-0.17921368558252157,0.8577699181513421,0.9070893765634411,0.04853347564432642,2923,11,24,87,2,88,0.2842956735630119,"Will Trump win 281-257 - AZ, GA, NC, PA?"
KXECDJT281,VCR,calendar,1min,60,False,229.9,5,-2,etf_leads_kalshi,4.082622769752712e-06,1.8946109475867456,0.05814396335494374,0.1065972661507302,0.04853347564432642,2923,11,24,87,2,88,0.2842956735630119,"Will Trump win 281-257 - AZ, GA, NC, PA?"
KXECDJT281,VCR,calendar,1min,60,False,229.9,5,-1,etf_leads_kalshi,9.641936856429872e-06,3.8279940039244926,0.0001291919030076726,0.00047370364436146616,0.04853347564432642,2923,11,24,87,2,88,0.2842956735630119,"Will Trump win 281-257 - AZ, GA, NC, PA?"
KXECDJT281,VCR,calendar,1min,60,False,229.9,5,0,contemp,-4.236945623502143e-06,-1.4814923086895013,0.1384754329579974,0.2176042517911388,0.04853347564432642,2923,11,24,87,2,88,0.2842956735630119,"Will Trump win 281-257 - AZ, GA, NC, PA?"
KXECDJT281,VCR,calendar,1min,60,False,229.9,5,1,kalshi_leads_etf,-1.0139379476578708e-05,-4.777692610580394,1.7731817062905392e-06,9.752499384597965e-06,0.04853347564432642,2923,11,24,87,2,88,0.2842956735630119,"Will Trump win 281-257 - AZ, GA, NC, PA?"
KXECDJT281,VCR,calendar,1min,60,False,229.9,5,2,kalshi_leads_etf,-9.166125664102702e-07,-0.550313667325607,0.5821042515731838,0.7114607519227801,0.04853347564432642,2923,11,24,87,2,88,0.2842956735630119,"Will Trump win 281-257 - AZ, GA, NC, PA?"
KXECDJT281,VCR,calendar,1min,60,False,229.9,5,3,kalshi_leads_etf,5.775033633189914e-06,2.44338348042847,0.014550267255996036,0.03201058796319128,0.04853347564432642,2923,11,24,87,2,88,0.2842956735630119,"Will Trump win 281-257 - AZ, GA, NC, PA?"
KXECDJT281,VCR,calendar,1min,60,False,229.9,5,4,kalshi_leads_etf,-9.175101399990221e-07,-0.11671061708300128,0.9070893765634411,0.9070893765634411,0.04853347564432642,2923,11,24,87,2,88,0.2842956735630119,"Will Trump win 281-257 - AZ, GA, NC, PA?"
KXECDJT281,VCR,calendar,1min,60,False,229.9,5,5,kalshi_leads_etf,3.3295527968976492e-06,2.4441470484599974,0.014519507209389788,0.03201058796319128,0.04853347564432642,2923,11,24,87,2,88,0.2842956735630119,"Will Trump win 281-257 - AZ, GA, NC, PA?"
KXECDJT281,VCR,calendar,2min,120,False,229.9,5,-5,etf_leads_kalshi,4.881828952126162e-06,0.6286900171068871,0.529552014959005,0.8321531663641506,0.04779507639986569,1402,11,23,75,1,79,0.2842956735630119,"Will Trump win 281-257 - AZ, GA, NC, PA?"
KXECDJT281,VCR,calendar,2min,120,False,229.9,5,-4,etf_leads_kalshi,-1.942826276725561e-06,-0.8672545220565195,0.3858025687328941,0.8321531663641506,0.04779507639986569,1402,11,23,75,1,79,0.2842956735630119,"Will Trump win 281-257 - AZ, GA, NC, PA?"
KXECDJT281,VCR,calendar,2min,120,False,229.9,5,-3,etf_leads_kalshi,5.164126450484253e-07,0.15819782320555537,0.8743009189862533,0.8844603961942153,0.04779507639986569,1402,11,23,75,1,79,0.2842956735630119,"Will Trump win 281-257 - AZ, GA, NC, PA?"
KXECDJT281,VCR,calendar,2min,120,False,229.9,5,-2,etf_leads_kalshi,1.0108325997999307e-05,1.8228381830514795,0.06832790275964713,0.2505356434520395,0.04779507639986569,1402,11,23,75,1,79,0.2842956735630119,"Will Trump win 281-257 - AZ, GA, NC, PA?"
KXECDJT281,VCR,calendar,2min,120,False,229.9,5,-1,etf_leads_kalshi,-1.2352574687504173e-06,-0.16955631925793807,0.8653590772062654,0.8844603961942153,0.04779507639986569,1402,11,23,75,1,79,0.2842956735630119,"Will Trump win 281-257 - AZ, GA, NC, PA?"
KXECDJT281,VCR,calendar,2min,120,False,229.9,5,0,contemp,2.6487562114326107e-06,0.7336864306934209,0.46313987043392446,0.8321531663641506,0.04779507639986569,1402,11,23,75,1,79,0.2842956735630119,"Will Trump win 281-257 - AZ, GA, NC, PA?"
KXECDJT281,VCR,calendar,2min,120,False,229.9,5,1,kalshi_leads_etf,-1.3952558796946931e-05,-2.354043734909171,0.01857042602008935,0.10213734311049143,0.04779507639986569,1402,11,23,75,1,79,0.2842956735630119,"Will Trump win 281-257 - AZ, GA, NC, PA?"
KXECDJT281,VCR,calendar,2min,120,False,229.9,5,2,kalshi_leads_etf,1.233820915581607e-05,1.0310414582117922,0.30252137863377304,0.8319337912428758,0.04779507639986569,1402,11,23,75,1,79,0.2842956735630119,"Will Trump win 281-257 - AZ, GA, NC, PA?"
KXECDJT281,VCR,calendar,2min,120,False,229.9,5,3,kalshi_leads_etf,5.652912296010268e-07,0.14531724944725388,0.8844603961942153,0.8844603961942153,0.04779507639986569,1402,11,23,75,1,79,0.2842956735630119,"Will Trump win 281-257 - AZ, GA, NC, PA?"
KXECDJT281,VCR,calendar,2min,120,False,229.9,5,4,kalshi_leads_etf,-3.6475082942212505e-06,-0.5052078770195,0.613412838360066,0.8434426527450907,0.04779507639986569,1402,11,23,75,1,79,0.2842956735630119,"Will Trump win 281-257 - AZ, GA, NC, PA?"
KXECDJT281,VCR,calendar,2min,120,False,229.9,5,5,kalshi_leads_etf,-1.8914714192677006e-05,-3.3152404292047573,0.0009156433404354364,0.0100720767447898,0.04779507639986569,1402,11,23,75,1,79,0.2842956735630119,"Will Trump win 281-257 - AZ, GA, NC, PA?"
KXECDJT281,VCR,calendar,5min,300,True,229.9,5,-5,etf_leads_kalshi,-1.3770677727774581e-05,-0.5465592386717589,0.5846815792623248,0.9789022705086868,0.03776039740672532,492,11,23,53,1,61,0.2842956735630119,"Will Trump win 281-257 - AZ, GA, NC, PA?"
KXECDJT281,VCR,calendar,5min,300,True,229.9,5,-4,etf_leads_kalshi,9.42709635252776e-06,0.562283004344893,0.5739232160288569,0.9789022705086868,0.03776039740672532,492,11,23,53,1,61,0.2842956735630119,"Will Trump win 281-257 - AZ, GA, NC, PA?"
KXECDJT281,VCR,calendar,5min,300,True,229.9,5,-3,etf_leads_kalshi,2.6566160991871817e-05,0.8322566082098939,0.40526411744813795,0.9789022705086868,0.03776039740672532,492,11,23,53,1,61,0.2842956735630119,"Will Trump win 281-257 - AZ, GA, NC, PA?"
KXECDJT281,VCR,calendar,5min,300,True,229.9,5,-2,etf_leads_kalshi,3.204894059558399e-05,2.112791881040095,0.03461858489545682,0.380804433850025,0.03776039740672532,492,11,23,53,1,61,0.2842956735630119,"Will Trump win 281-257 - AZ, GA, NC, PA?"
KXECDJT281,VCR,calendar,5min,300,True,229.9,5,-1,etf_leads_kalshi,4.687057070953843e-06,0.28272741549166897,0.7773857987892382,0.9789022705086868,0.03776039740672532,492,11,23,53,1,61,0.2842956735630119,"Will Trump win 281-257 - AZ, GA, NC, PA?"
KXECDJT281,VCR,calendar,5min,300,True,229.9,5,0,contemp,-6.8915903315710925e-06,-0.29622721974964683,0.7670565628271713,0.9789022705086868,0.03776039740672532,492,11,23,53,1,61,0.2842956735630119,"Will Trump win 281-257 - AZ, GA, NC, PA?"
KXECDJT281,VCR,calendar,5min,300,True,229.9,5,1,kalshi_leads_etf,-6.006097889154687e-06,-0.14235782377617642,0.8867973747766962,0.9789022705086868,0.03776039740672532,492,11,23,53,1,61,0.2842956735630119,"Will Trump win 281-257 - AZ, GA, NC, PA?"
KXECDJT281,VCR,calendar,5min,300,True,229.9,5,2,kalshi_leads_etf,-7.803555968937329e-07,-0.02644516470333617,0.9789022705086868,0.9789022705086868,0.03776039740672532,492,11,23,53,1,61,0.2842956735630119,"Will Trump win 281-257 - AZ, GA, NC, PA?"
KXECDJT281,VCR,calendar,5min,300,True,229.9,5,3,kalshi_leads_etf,1.4793771630597286e-05,0.4888607678063585,0.6249402725939015,0.9789022705086868,0.03776039740672532,492,11,23,53,1,61,0.2842956735630119,"Will Trump win 281-257 - AZ, GA, NC, PA?"
KXECDJT281,VCR,calendar,5min,300,True,229.9,5,4,kalshi_leads_etf,2.4708273230601767e-05,1.4017234157904996,0.16099785546578615,0.8854882050618238,0.03776039740672532,492,11,23,53,1,61,0.2842956735630119,"Will Trump win 281-257 - AZ, GA, NC, PA?"
KXECDJT281,VCR,calendar,5min,300,True,229.9,5,5,kalshi_leads_etf,-2.822739546129289e-06,-0.09702873975576172,0.9227035711004294,0.9789022705086868,0.03776039740672532,492,11,23,53,1,61,0.2842956735630119,"Will Trump win 281-257 - AZ, GA, NC, PA?"
KXECDJT281,VCR,calendar,10min,600,False,229.9,5,-5,etf_leads_kalshi,8.892614380686363e-05,3.0679881684008325,0.002155051503226158,0.01185278326774387,0.10536696907732335,189,10,21,32,0,49,0.2842956735630119,"Will Trump win 281-257 - AZ, GA, NC, PA?"
KXECDJT281,VCR,calendar,10min,600,False,229.9,5,-4,etf_leads_kalshi,8.428793060289607e-05,1.8655401307705808,0.06210573254647841,0.1366326116022525,0.10536696907732335,189,10,21,32,0,49,0.2842956735630119,"Will Trump win 281-257 - AZ, GA, NC, PA?"
KXECDJT281,VCR,calendar,10min,600,False,229.9,5,-3,etf_leads_kalshi,7.875777873995425e-05,2.4343524661561546,0.014918460135268935,0.04102576537198957,0.10536696907732335,189,10,21,32,0,49,0.2842956735630119,"Will Trump win 281-257 - AZ, GA, NC, PA?"
KXECDJT281,VCR,calendar,10min,600,False,229.9,5,-2,etf_leads_kalshi,0.0001091169300773099,1.4799247448131077,0.13889333118258076,0.2430283600613339,0.10536696907732335,189,10,21,32,0,49,0.2842956735630119,"Will Trump win 281-257 - AZ, GA, NC, PA?"
KXECDJT281,VCR,calendar,10min,600,False,229.9,5,-1,etf_leads_kalshi,7.802741995211943e-05,0.930813322139361,0.35195013719686585,0.48393143864569055,0.10536696907732335,189,10,21,32,0,49,0.2842956735630119,"Will Trump win 281-257 - AZ, GA, NC, PA?"
KXECDJT281,VCR,calendar,10min,600,False,229.9,5,0,contemp,6.290708470119263e-06,0.37960342167416317,0.7042398204950169,0.8607375583827983,0.10536696907732335,189,10,21,32,0,49,0.2842956735630119,"Will Trump win 281-257 - AZ, GA, NC, PA?"
KXECDJT281,VCR,calendar,10min,600,False,229.9,5,1,kalshi_leads_etf,-2.7276733668233007e-06,-0.03526761014560612,0.9718663506150663,0.9718663506150663,0.10536696907732335,189,10,21,32,0,49,0.2842956735630119,"Will Trump win 281-257 - AZ, GA, NC, PA?"
KXECDJT281,VCR,calendar,10min,600,False,229.9,5,2,kalshi_leads_etf,-3.569641454936408e-06,-0.10087754128057676,0.9196476716092468,0.9718663506150663,0.10536696907732335,189,10,21,32,0,49,0.2842956735630119,"Will Trump win 281-257 - AZ, GA, NC, PA?"
KXECDJT281,VCR,calendar,10min,600,False,229.9,5,3,kalshi_leads_etf,5.860272986464013e-05,2.4914829889321117,0.012721105858392106,0.04102576537198957,0.10536696907732335,189,10,21,32,0,49,0.2842956735630119,"Will Trump win 281-257 - AZ, GA, NC, PA?"
KXECDJT281,VCR,calendar,10min,600,False,229.9,5,4,kalshi_leads_etf,-6.405772690887604e-05,-3.450595804820743,0.00055935059840765,0.006152856582484149,0.10536696907732335,189,10,21,32,0,49,0.2842956735630119,"Will Trump win 281-257 - AZ, GA, NC, PA?"
KXECDJT281,VCR,calendar,10min,600,False,229.9,5,5,kalshi_leads_etf,-6.141621810969575e-05,-1.4232820410509437,0.15465441094812157,0.2430283600613339,0.10536696907732335,189,10,21,32,0,49,0.2842956735630119,"Will Trump win 281-257 - AZ, GA, NC, PA?"
KXFEDDECISION-24DEC-C25,VFH,calendar,30s,30,False,267.1,10,-10,etf_leads_kalshi,-1.6077019091094095e-06,-1.208721221142411,0.22676996599932886,0.5361641171111271,0.03338969991627416,24144,33,55,657,1,680,0.2706214856006831,Will the Federal Reserve Cut rates by 25bps at their December 2024 meeting?
KXFEDDECISION-24DEC-C25,VFH,calendar,30s,30,False,267.1,10,-9,etf_leads_kalshi,-7.531388722467339e-07,-1.2009138488470747,0.22978462161905444,0.5361641171111271,0.03338969991627416,24144,33,55,657,1,680,0.2706214856006831,Will the Federal Reserve Cut rates by 25bps at their December 2024 meeting?
KXFEDDECISION-24DEC-C25,VFH,calendar,30s,30,False,267.1,10,-8,etf_leads_kalshi,-2.4432107242734346e-06,-4.665856917933629,3.0733351370476894e-06,6.454003787800148e-05,0.03338969991627416,24144,33,55,657,1,680,0.2706214856006831,Will the Federal Reserve Cut rates by 25bps at their December 2024 meeting?
KXFEDDECISION-24DEC-C25,VFH,calendar,30s,30,False,267.1,10,-7,etf_leads_kalshi,-5.669122787044321e-07,-0.7458897281332807,0.4557340307593679,0.7349815950628256,0.03338969991627416,24144,33,55,657,1,680,0.2706214856006831,Will the Federal Reserve Cut rates by 25bps at their December 2024 meeting?
KXFEDDECISION-24DEC-C25,VFH,calendar,30s,30,False,267.1,10,-6,etf_leads_kalshi,-5.422353588348746e-07,-0.43304325231186686,0.6649833479139851,0.7349815950628256,0.03338969991627416,24144,33,55,657,1,680,0.2706214856006831,Will the Federal Reserve Cut rates by 25bps at their December 2024 meeting?
KXFEDDECISION-24DEC-C25,VFH,calendar,30s,30,False,267.1,10,-5,etf_leads_kalshi,1.7362884207312096e-06,2.3009246940977985,0.021395888031092096,0.1497712162176447,0.03338969991627416,24144,33,55,657,1,680,0.2706214856006831,Will the Federal Reserve Cut rates by 25bps at their December 2024 meeting?
KXFEDDECISION-24DEC-C25,VFH,calendar,30s,30,False,267.1,10,-4,etf_leads_kalshi,1.3793939047941317e-06,2.09428584370257,0.03623452463031544,0.16966989983481448,0.03338969991627416,24144,33,55,657,1,680,0.2706214856006831,Will the Federal Reserve Cut rates by 25bps at their December 2024 meeting?
KXFEDDECISION-24DEC-C25,VFH,calendar,30s,30,False,267.1,10,-3,etf_leads_kalshi,1.2125816030782564e-06,1.4035468787784597,0.16045382305922262,0.48136146917766787,0.03338969991627416,24144,33,55,657,1,680,0.2706214856006831,Will the Federal Reserve Cut rates by 25bps at their December 2024 meeting?
KXFEDDECISION-24DEC-C25,VFH,calendar,30s,30,False,267.1,10,-2,etf_leads_kalshi,-1.3703238630300463e-06,-0.6459993243058455,0.5182797930049949,0.7349815950628256,0.03338969991627416,24144,33,55,657,1,680,0.2706214856006831,Will the Federal Reserve Cut rates by 25bps at their December 2024 meeting?
KXFEDDECISION-24DEC-C25,VFH,calendar,30s,30,False,267.1,10,-1,etf_leads_kalshi,4.965428245858931e-07,0.23215550774270627,0.816417233389076,0.816417233389076,0.03338969991627416,24144,33,55,657,1,680,0.2706214856006831,Will the Federal Reserve Cut rates by 25bps at their December 2024 meeting?
KXFEDDECISION-24DEC-C25,VFH,calendar,30s,30,False,267.1,10,0,contemp,-1.0297452134605276e-06,-0.6059435088411852,0.5445522663787008,0.7349815950628256,0.03338969991627416,24144,33,55,657,1,680,0.2706214856006831,Will the Federal Reserve Cut rates by 25bps at their December 2024 meeting?
KXFEDDECISION-24DEC-C25,VFH,calendar,30s,30,False,267.1,10,1,kalshi_leads_etf,-3.6603888317320584e-07,-0.2736127800239841,0.7843822116328601,0.816417233389076,0.03338969991627416,24144,33,55,657,1,680,0.2706214856006831,Will the Federal Reserve Cut rates by 25bps at their December 2024 meeting?
KXFEDDECISION-24DEC-C25,VFH,calendar,30s,30,False,267.1,10,2,kalshi_leads_etf,1.3462191609906033e-06,1.9583053879827776,0.05019418895687837,0.1756796613490743,0.03338969991627416,24144,33,55,657,1,680,0.2706214856006831,Will the Federal Reserve Cut rates by 25bps at their December 2024 meeting?
KXFEDDECISION-24DEC-C25,VFH,calendar,30s,30,False,267.1,10,3,kalshi_leads_etf,3.7097264906076495e-07,0.43977375249458517,0.6601009797038513,0.7349815950628256,0.03338969991627416,24144,33,55,657,1,680,0.2706214856006831,Will the Federal Reserve Cut rates by 25bps at their December 2024 meeting?
KXFEDDECISION-24DEC-C25,VFH,calendar,30s,30,False,267.1,10,4,kalshi_leads_etf,5.775374045078279e-07,0.44010313283816754,0.6598624130196429,0.7349815950628256,0.03338969991627416,24144,33,55,657,1,680,0.2706214856006831,Will the Federal Reserve Cut rates by 25bps at their December 2024 meeting?
KXFEDDECISION-24DEC-C25,VFH,calendar,30s,30,False,267.1,10,5,kalshi_leads_etf,3.2503280802162127e-07,0.4949719282004791,0.6206199360908518,0.7349815950628256,0.03338969991627416,24144,33,55,657,1,680,0.2706214856006831,Will the Federal Reserve Cut rates by 25bps at their December 2024 meeting?
KXFEDDECISION-24DEC-C25,VFH,calendar,30s,30,False,267.1,10,6,kalshi_leads_etf,-5.977630222507299e-07,-0.45764337144105355,0.6472086783412978,0.7349815950628256,0.03338969991627416,24144,33,55,657,1,680,0.2706214856006831,Will the Federal Reserve Cut rates by 25bps at their December 2024 meeting?
KXFEDDECISION-24DEC-C25,VFH,calendar,30s,30,False,267.1,10,7,kalshi_leads_etf,2.5241996469982123e-06,2.8350235891607034,0.004582230209161037,0.048113417196190895,0.03338969991627416,24144,33,55,657,1,680,0.2706214856006831,Will the Federal Reserve Cut rates by 25bps at their December 2024 meeting?
KXFEDDECISION-24DEC-C25,VFH,calendar,30s,30,False,267.1,10,8,kalshi_leads_etf,-1.4417631579602067e-06,-2.0496602636919397,0.04039759519876535,0.16966989983481448,0.03338969991627416,24144,33,55,657,1,680,0.2706214856006831,Will the Federal Reserve Cut rates by 25bps at their December 2024 meeting?
KXFEDDECISION-24DEC-C25,VFH,calendar,30s,30,False,267.1,10,9,kalshi_leads_etf,4.260245613650494e-07,0.5317905047277862,0.5948710999120725,0.7349815950628256,0.03338969991627416,24144,33,55,657,1,680,0.2706214856006831,Will the Federal Reserve Cut rates by 25bps at their December 2024 meeting?
KXFEDDECISION-24DEC-C25,VFH,calendar,30s,30,False,267.1,10,10,kalshi_leads_etf,-9.197452915713785e-07,-0.6217427980763228,0.5341110048520342,0.7349815950628256,0.03338969991627416,24144,33,55,657,1,680,0.2706214856006831,Will the Federal Reserve Cut rates by 25bps at their December 2024 meeting?
KXFEDDECISION-24DEC-C25,VFH,calendar,1min,60,False,267.1,10,-10,etf_leads_kalshi,-3.4083951656671125e-06,-2.0106284735547924,0.04436471418821738,0.15527649965876084,0.04456696940123017,11737,33,55,610,1,652,0.2706214856006831,Will the Federal Reserve Cut rates by 25bps at their December 2024 meeting?
KXFEDDECISION-24DEC-C25,VFH,calendar,1min,60,False,267.1,10,-9,etf_leads_kalshi,1.3435962140526092e-06,0.6691927052867538,0.5033725589517593,0.8148049442703775,0.04456696940123017,11737,33,55,610,1,652,0.2706214856006831,Will the Federal Reserve Cut rates by 25bps at their December 2024 meeting?
KXFEDDECISION-24DEC-C25,VFH,calendar,1min,60,False,267.1,10,-8,etf_leads_kalshi,-4.5275330316199285e-06,-2.474424625939102,0.013345097719341295,0.07006176302654181,0.04456696940123017,11737,33,55,610,1,652,0.2706214856006831,Will the Federal Reserve Cut rates by 25bps at their December 2024 meeting?
KXFEDDECISION-24DEC-C25,VFH,calendar,1min,60,False,267.1,10,-7,etf_leads_kalshi,2.587680465562613e-06,1.5484695113720457,0.12150929674506986,0.3645278902352096,0.04456696940123017,11737,33,55,610,1,652,0.2706214856006831,Will the Federal Reserve Cut rates by 25bps at their December 2024 meeting?
KXFEDDECISION-24DEC-C25,VFH,calendar,1min,60,False,267.1,10,-6,etf_leads_kalshi,1.4758785613508673e-06,0.7644440321694292,0.4446026773225208,0.8148049442703775,0.04456696940123017,11737,33,55,610,1,652,0.2706214856006831,Will the Federal Reserve Cut rates by 25bps at their December 2024 meeting?
KXFEDDECISION-24DEC-C25,VFH,calendar,1min,60,False,267.1,10,-5,etf_leads_kalshi,5.90715675203858e-07,0.24914452168845846,0.80324899167897,0.9690442225201807,0.04456696940123017,11737,33,55,610,1,652,0.2706214856006831,Will the Federal Reserve Cut rates by 25bps at their December 2024 meeting?
KXFEDDECISION-24DEC-C25,VFH,calendar,1min,60,False,267.1,10,-4,etf_leads_kalshi,-4.853044223200932e-06,-4.41307873824557,1.019109112251009e-05,0.00021401291357271192,0.04456696940123017,11737,33,55,610,1,652,0.2706214856006831,Will the Federal Reserve Cut rates by 25bps at their December 2024 meeting?
KXFEDDECISION-24DEC-C25,VFH,calendar,1min,60,False,267.1,10,-3,etf_leads_kalshi,-2.1308736364091655e-06,-0.6553131208954165,0.512266174739747,0.8148049442703775,0.04456696940123017,11737,33,55,610,1,652,0.2706214856006831,Will the Federal Reserve Cut rates by 25bps at their December 2024 meeting?
KXFEDDECISION-24DEC-C25,VFH,calendar,1min,60,False,267.1,10,-2,etf_leads_kalshi,2.3101734566680157e-06,1.309160345280957,0.19048004158630438,0.5000101091640491,0.04456696940123017,11737,33,55,610,1,652,0.2706214856006831,Will the Federal Reserve Cut rates by 25bps at their December 2024 meeting?
KXFEDDECISION-24DEC-C25,VFH,calendar,1min,60,False,267.1,10,-1,etf_leads_kalshi,1.6051483689542733e-06,0.5939278769150105,0.552560352862783,0.8148049442703775,0.04456696940123017,11737,33,55,610,1,652,0.2706214856006831,Will the Federal Reserve Cut rates by 25bps at their December 2024 meeting?
KXFEDDECISION-24DEC-C25,VFH,calendar,1min,60,False,267.1,10,0,contemp,2.8911946992861177e-07,0.09678232638065919,0.9228992595430292,0.9690442225201807,0.04456696940123017,11737,33,55,610,1,652,0.2706214856006831,Will the Federal Reserve Cut rates by 25bps at their December 2024 meeting?
KXFEDDECISION-24DEC-C25,VFH,calendar,1min,60,False,267.1,10,1,kalshi_leads_etf,-9.598462173893e-07,-0.4449443345898554,0.6563599822946536,0.861472476761733,0.04456696940123017,11737,33,55,610,1,652,0.2706214856006831,Will the Federal Reserve Cut rates by 25bps at their December 2024 meeting?
KXFEDDECISION-24DEC-C25,VFH,calendar,1min,60,False,267.1,10,2,kalshi_leads_etf,3.047993083070515e-06,2.0171474599277652,0.04368012710008275,0.15527649965876084,0.04456696940123017,11737,33,55,610,1,652,0.2706214856006831,Will the Federal Reserve Cut rates by 25bps at their December 2024 meeting?
KXFEDDECISION-24DEC-C25,VFH,calendar,1min,60,False,267.1,10,3,kalshi_leads_etf,-4.3929300071781525e-07,-0.18049271233443298,0.8567657751593221,0.9690442225201807,0.04456696940123017,11737,33,55,610,1,652,0.2706214856006831,Will the Federal Reserve Cut rates by 25bps at their December 2024 meeting?
KXFEDDECISION-24DEC-C25,VFH,calendar,1min,60,False,267.1,10,4,kalshi_leads_etf,1.5649181583572675e-06,1.1162656705830991,0.26430843163565754,0.5550477064348809,0.04456696940123017,11737,33,55,610,1,652,0.2706214856006831,Will the Federal Reserve Cut rates by 25bps at their December 2024 meeting?
KXFEDDECISION-24DEC-C25,VFH,calendar,1min,60,False,267.1,10,5,kalshi_leads_etf,1.3576293751607828e-06,0.5504605447284536,0.5820035316216983,0.8148049442703775,0.04456696940123017,11737,33,55,610,1,652,0.2706214856006831,Will the Federal Reserve Cut rates by 25bps at their December 2024 meeting?
KXFEDDECISION-24DEC-C25,VFH,calendar,1min,60,False,267.1,10,6,kalshi_leads_etf,-2.9465713448531515e-07,-0.10830241790311686,0.9137558046903855,0.9690442225201807,0.04456696940123017,11737,33,55,610,1,652,0.2706214856006831,Will the Federal Reserve Cut rates by 25bps at their December 2024 meeting?
KXFEDDECISION-24DEC-C25,VFH,calendar,1min,60,False,267.1,10,7,kalshi_leads_etf,4.4732988757791995e-08,0.01931981591045247,0.9845859760677816,0.9845859760677816,0.04456696940123017,11737,33,55,610,1,652,0.2706214856006831,Will the Federal Reserve Cut rates by 25bps at their December 2024 meeting?
KXFEDDECISION-24DEC-C25,VFH,calendar,1min,60,False,267.1,10,8,kalshi_leads_etf,6.803807434796507e-06,3.7233871861911645,0.00019656771593259395,0.0013759740115281576,0.04456696940123017,11737,33,55,610,1,652,0.2706214856006831,Will the Federal Reserve Cut rates by 25bps at their December 2024 meeting?
KXFEDDECISION-24DEC-C25,VFH,calendar,1min,60,False,267.1,10,9,kalshi_leads_etf,-1.8394455267156944e-06,-1.1490543596018135,0.25053356638221425,0.5550477064348809,0.04456696940123017,11737,33,55,610,1,652,0.2706214856006831,Will the Federal Reserve Cut rates by 25bps at their December 2024 meeting?
KXFEDDECISION-24DEC-C25,VFH,calendar,1min,60,False,267.1,10,10,kalshi_leads_etf,-4.060802497455863e-06,-4.004884128229943,6.204788798958215e-05,0.0006515028238906125,0.04456696940123017,11737,33,55,610,1,652,0.2706214856006831,Will the Federal Reserve Cut rates by 25bps at their December 2024 meeting?
KXFEDDECISION-24DEC-C25,VFH,calendar,2min,120,False,267.1,10,-10,etf_leads_kalshi,2.1102718583359674e-07,0.042160743364423645,0.9663705569735813,0.9663705569735813,0.05595526023424868,5530,33,55,527,1,606,0.2706214856006831,Will the Federal Reserve Cut rates by 25bps at their December 2024 meeting?
KXFEDDECISION-24DEC-C25,VFH,calendar,2min,120,False,267.1,10,-9,etf_leads_kalshi,-1.0418830488130562e-05,-2.796541492460941,0.005165277807553602,0.05423541697931283,0.05595526023424868,5530,33,55,527,1,606,0.2706214856006831,Will the Federal Reserve Cut rates by 25bps at their December 2024 meeting?
KXFEDDECISION-24DEC-C25,VFH,calendar,2min,120,False,267.1,10,-8,etf_leads_kalshi,-8.5566880037335e-07,-0.22825092603254807,0.819451172908095,0.9057091911089471,0.05595526023424868,5530,33,55,527,1,606,0.2706214856006831,Will the Federal Reserve Cut rates by 25bps at their December 2024 meeting?
KXFEDDECISION-24DEC-C25,VFH,calendar,2min,120,False,267.1,10,-7,etf_leads_kalshi,-2.338876548330934e-06,-0.7406660351495405,0.45889595808155137,0.9057091911089471,0.05595526023424868,5530,33,55,527,1,606,0.2706214856006831,Will the Federal Reserve Cut rates by 25bps at their December 2024 meeting?
KXFEDDECISION-24DEC-C25,VFH,calendar,2min,120,False,267.1,10,-6,etf_leads_kalshi,-3.7736841459248473e-06,-0.7966364254600733,0.42566221607196775,0.9057091911089471,0.05595526023424868,5530,33,55,527,1,606,0.2706214856006831,Will the Federal Reserve Cut rates by 25bps at their December 2024 meeting?
KXFEDDECISION-24DEC-C25,VFH,calendar,2min,120,False,267.1,10,-5,etf_leads_kalshi,-1.2078911033802648e-05,-2.6009119161207073,0.009297632338680912,0.062365951056482107,0.05595526023424868,5530,33,55,527,1,606,0.2706214856006831,Will the Federal Reserve Cut rates by 25bps at their December 2024 meeting?
KXFEDDECISION-24DEC-C25,VFH,calendar,2min,120,False,267.1,10,-4,etf_leads_kalshi,-7.836810658567549e-07,-0.15026340027804488,0.8805568074363046,0.9245846478081199,0.05595526023424868,5530,33,55,527,1,606,0.2706214856006831,Will the Federal Reserve Cut rates by 25bps at their December 2024 meeting?
KXFEDDECISION-24DEC-C25,VFH,calendar,2min,120,False,267.1,10,-3,etf_leads_kalshi,4.65254138813953e-06,1.3539217568098485,0.17576134148238842,0.5272840244471653,0.05595526023424868,5530,33,55,527,1,606,0.2706214856006831,Will the Federal Reserve Cut rates by 25bps at their December 2024 meeting?
KXFEDDECISION-24DEC-C25,VFH,calendar,2min,120,False,267.1,10,-2,etf_leads_kalshi,-7.336822586531456e-06,-2.515711768607294,0.011879228772663258,0.062365951056482107,0.05595526023424868,5530,33,55,527,1,606,0.2706214856006831,Will the Federal Reserve Cut rates by 25bps at their December 2024 meeting?
KXFEDDECISION-24DEC-C25,VFH,calendar,2min,120,False,267.1,10,-1,etf_leads_kalshi,-3.4629077646097465e-06,-0.5762173927352545,0.5644682505196499,0.9057091911089471,0.05595526023424868,5530,33,55,527,1,606,0.2706214856006831,Will the Federal Reserve Cut rates by 25bps at their December 2024 meeting?
KXFEDDECISION-24DEC-C25,VFH,calendar,2min,120,False,267.1,10,0,contemp,7.921034642241955e-06,2.3053403002185298,0.02114752217510916,0.08881959313545847,0.05595526023424868,5530,33,55,527,1,606,0.2706214856006831,Will the Federal Reserve Cut rates by 25bps at their December 2024 meeting?
KXFEDDECISION-24DEC-C25,VFH,calendar,2min,120,False,267.1,10,1,kalshi_leads_etf,-1.912360261034871e-06,-0.3605752001860072,0.7184170312208418,0.9057091911089471,0.05595526023424868,5530,33,55,527,1,606,0.2706214856006831,Will the Federal Reserve Cut rates by 25bps at their December 2024 meeting?
KXFEDDECISION-24DEC-C25,VFH,calendar,2min,120,False,267.1,10,2,kalshi_leads_etf,3.098505125844167e-06,0.7111214483177086,0.4770089799443452,0.9057091911089471,0.05595526023424868,5530,33,55,527,1,606,0.2706214856006831,Will the Federal Reserve Cut rates by 25bps at their December 2024 meeting?
KXFEDDECISION-24DEC-C25,VFH,calendar,2min,120,False,267.1,10,3,kalshi_leads_etf,2.835283033362222e-06,0.6138911550521785,0.5392872554075756,0.9057091911089471,0.05595526023424868,5530,33,55,527,1,606,0.2706214856006831,Will the Federal Reserve Cut rates by 25bps at their December 2024 meeting?
KXFEDDECISION-24DEC-C25,VFH,calendar,2min,120,False,267.1,10,4,kalshi_leads_etf,1.29337891939258e-06,0.32404992847154224,0.7459002344248901,0.9057091911089471,0.05595526023424868,5530,33,55,527,1,606,0.2706214856006831,Will the Federal Reserve Cut rates by 25bps at their December 2024 meeting?
KXFEDDECISION-24DEC-C25,VFH,calendar,2min,120,False,267.1,10,5,kalshi_leads_etf,-9.92851192597078e-07,-0.29395673555575275,0.768790963505991,0.9057091911089471,0.05595526023424868,5530,33,55,527,1,606,0.2706214856006831,Will the Federal Reserve Cut rates by 25bps at their December 2024 meeting?
KXFEDDECISION-24DEC-C25,VFH,calendar,2min,120,False,267.1,10,6,kalshi_leads_etf,-4.234937707021134e-06,-1.3874803378934029,0.16529534259772194,0.5272840244471653,0.05595526023424868,5530,33,55,527,1,606,0.2706214856006831,Will the Federal Reserve Cut rates by 25bps at their December 2024 meeting?
KXFEDDECISION-24DEC-C25,VFH,calendar,2min,120,False,267.1,10,7,kalshi_leads_etf,-1.349046293341365e-06,-0.23556589317499077,0.8137695419889658,0.9057091911089471,0.05595526023424868,5530,33,55,527,1,606,0.2706214856006831,Will the Federal Reserve Cut rates by 25bps at their December 2024 meeting?
KXFEDDECISION-24DEC-C25,VFH,calendar,2min,120,False,267.1,10,8,kalshi_leads_etf,-5.879356824036797e-06,-0.932619298271243,0.35101656574126483,0.9057091911089471,0.05595526023424868,5530,33,55,527,1,606,0.2706214856006831,Will the Federal Reserve Cut rates by 25bps at their December 2024 meeting?
KXFEDDECISION-24DEC-C25,VFH,calendar,2min,120,False,267.1,10,9,kalshi_leads_etf,2.0532822032864884e-06,0.38835152674082296,0.6977559107020038,0.9057091911089471,0.05595526023424868,5530,33,55,527,1,606,0.2706214856006831,Will the Federal Reserve Cut rates by 25bps at their December 2024 meeting?
KXFEDDECISION-24DEC-C25,VFH,calendar,2min,120,False,267.1,10,10,kalshi_leads_etf,-9.214472933933945e-06,-2.9116942256951224,0.0035947434277674105,0.05423541697931283,0.05595526023424868,5530,33,55,527,1,606,0.2706214856006831,Will the Federal Reserve Cut rates by 25bps at their December 2024 meeting?
KXFEDDECISION-24DEC-C25,VFH,calendar,5min,300,True,267.1,10,-10,etf_leads_kalshi,1.509010051166493e-06,0.06612269280948944,0.9472801441361158,0.9946441513429217,0.09307054943435811,1807,33,55,344,1,506,0.2706214856006831,Will the Federal Reserve Cut rates by 25bps at their December 2024 meeting?
KXFEDDECISION-24DEC-C25,VFH,calendar,5min,300,True,267.1,10,-9,etf_leads_kalshi,1.521227007251725e-06,0.09932058917967729,0.9208837314399716,0.9946441513429217,0.09307054943435811,1807,33,55,344,1,506,0.2706214856006831,Will the Federal Reserve Cut rates by 25bps at their December 2024 meeting?
KXFEDDECISION-24DEC-C25,VFH,calendar,5min,300,True,267.1,10,-8,etf_leads_kalshi,-1.056002218605301e-05,-0.46431854535626915,0.6424195389764866,0.9946441513429217,0.09307054943435811,1807,33,55,344,1,506,0.2706214856006831,Will the Federal Reserve Cut rates by 25bps at their December 2024 meeting?
KXFEDDECISION-24DEC-C25,VFH,calendar,5min,300,True,267.1,10,-7,etf_leads_kalshi,3.3633098812706865e-05,2.326726915326091,0.019979804381386686,0.41957589200912043,0.09307054943435811,1807,33,55,344,1,506,0.2706214856006831,Will the Federal Reserve Cut rates by 25bps at their December 2024 meeting?
KXFEDDECISION-24DEC-C25,VFH,calendar,5min,300,True,267.1,10,-6,etf_leads_kalshi,1.183886689255377e-06,0.09214295073301428,0.9265844638315939,0.9946441513429217,0.09307054943435811,1807,33,55,344,1,506,0.2706214856006831,Will the Federal Reserve Cut rates by 25bps at their December 2024 meeting?
KXFEDDECISION-24DEC-C25,VFH,calendar,5min,300,True,267.1,10,-5,etf_leads_kalshi,1.2626983156732317e-05,0.9521578072175796,0.3410169555534003,0.8568392581231332,0.09307054943435811,1807,33,55,344,1,506,0.2706214856006831,Will the Federal Reserve Cut rates by 25bps at their December 2024 meeting?
KXFEDDECISION-24DEC-C25,VFH,calendar,5min,300,True,267.1,10,-4,etf_leads_kalshi,-3.284885922399628e-06,-0.2246618391080945,0.8222423536829722,0.9946441513429217,0.09307054943435811,1807,33,55,344,1,506,0.2706214856006831,Will the Federal Reserve Cut rates by 25bps at their December 2024 meeting?
KXFEDDECISION-24DEC-C25,VFH,calendar,5min,300,True,267.1,10,-3,etf_leads_kalshi,1.1984163102217209e-05,0.8228295002800405,0.41060495821917076,0.8568392581231332,0.09307054943435811,1807,33,55,344,1,506,0.2706214856006831,Will the Federal Reserve Cut rates by 25bps at their December 2024 meeting?
KXFEDDECISION-24DEC-C25,VFH,calendar,5min,300,True,267.1,10,-2,etf_leads_kalshi,-2.566082350714956e-05,-1.8969962328194911,0.05782843529166163,0.5459675763596584,0.09307054943435811,1807,33,55,344,1,506,0.2706214856006831,Will the Federal Reserve Cut rates by 25bps at their December 2024 meeting?
KXFEDDECISION-24DEC-C25,VFH,calendar,5min,300,True,267.1,10,-1,etf_leads_kalshi,-1.5554106445215747e-05,-1.6901960587041487,0.09099045216170656,0.5459675763596584,0.09307054943435811,1807,33,55,344,1,506,0.2706214856006831,Will the Federal Reserve Cut rates by 25bps at their December 2024 meeting?
KXFEDDECISION-24DEC-C25,VFH,calendar,5min,300,True,267.1,10,0,contemp,9.741752005772124e-06,0.7392347096676575,0.45976448756813204,0.8568392581231332,0.09307054943435811,1807,33,55,344,1,506,0.2706214856006831,Will the Federal Reserve Cut rates by 25bps at their December 2024 meeting?
KXFEDDECISION-24DEC-C25,VFH,calendar,5min,300,True,267.1,10,1,kalshi_leads_etf,2.3735469358343487e-05,1.6257924074727166,0.10399382406850637,0.5459675763596584,0.09307054943435811,1807,33,55,344,1,506,0.2706214856006831,Will the Federal Reserve Cut rates by 25bps at their December 2024 meeting?
KXFEDDECISION-24DEC-C25,VFH,calendar,5min,300,True,267.1,10,2,kalshi_leads_etf,-1.2335130938406271e-05,-1.1412834604622875,0.25375198263533716,0.8568392581231332,0.09307054943435811,1807,33,55,344,1,506,0.2706214856006831,Will the Federal Reserve Cut rates by 25bps at their December 2024 meeting?
KXFEDDECISION-24DEC-C25,VFH,calendar,5min,300,True,267.1,10,3,kalshi_leads_etf,-2.9372373946912665e-06,-0.259600840344876,0.795171688047207,0.9946441513429217,0.09307054943435811,1807,33,55,344,1,506,0.2706214856006831,Will the Federal Reserve Cut rates by 25bps at their December 2024 meeting?
KXFEDDECISION-24DEC-C25,VFH,calendar,5min,300,True,267.1,10,4,kalshi_leads_etf,-1.4434614830607176e-06,-0.2536088138011526,0.7997977867831274,0.9946441513429217,0.09307054943435811,1807,33,55,344,1,506,0.2706214856006831,Will the Federal Reserve Cut rates by 25bps at their December 2024 meeting?
KXFEDDECISION-24DEC-C25,VFH,calendar,5min,300,True,267.1,10,5,kalshi_leads_etf,7.933239858531986e-06,0.6909094720876383,0.48962243321321897,0.8568392581231332,0.09307054943435811,1807,33,55,344,1,506,0.2706214856006831,Will the Federal Reserve Cut rates by 25bps at their December 2024 meeting?
KXFEDDECISION-24DEC-C25,VFH,calendar,5min,300,True,267.1,10,6,kalshi_leads_etf,-6.50710851513571e-06,-0.733374618043998,0.46332997564382483,0.8568392581231332,0.09307054943435811,1807,33,55,344,1,506,0.2706214856006831,Will the Federal Reserve Cut rates by 25bps at their December 2024 meeting?
KXFEDDECISION-24DEC-C25,VFH,calendar,5min,300,True,267.1,10,7,kalshi_leads_etf,-1.2189193253318138e-05,-0.9283452959706314,0.3532284850138051,0.8568392581231332,0.09307054943435811,1807,33,55,344,1,506,0.2706214856006831,Will the Federal Reserve Cut rates by 25bps at their December 2024 meeting?
KXFEDDECISION-24DEC-C25,VFH,calendar,5min,300,True,267.1,10,8,kalshi_leads_etf,-8.368698057098506e-09,-0.0011740502084457232,0.999063243680277,0.999063243680277,0.09307054943435811,1807,33,55,344,1,506,0.2706214856006831,Will the Federal Reserve Cut rates by 25bps at their December 2024 meeting?
KXFEDDECISION-24DEC-C25,VFH,calendar,5min,300,True,267.1,10,9,kalshi_leads_etf,-1.8926190497496877e-06,-0.1590386048420446,0.8736384586219964,0.9946441513429217,0.09307054943435811,1807,33,55,344,1,506,0.2706214856006831,Will the Federal Reserve Cut rates by 25bps at their December 2024 meeting?
KXFEDDECISION-24DEC-C25,VFH,calendar,5min,300,True,267.1,10,10,kalshi_leads_etf,-1.2061302326350391e-05,-1.280079191717064,0.20051728600055263,0.8421726012023211,0.09307054943435811,1807,33,55,344,1,506,0.2706214856006831,Will the Federal Reserve Cut rates by 25bps at their December 2024 meeting?
KXFEDDECISION-24DEC-C25,VFH,calendar,10min,600,False,267.1,8,-8,etf_leads_kalshi,-4.263038491171884e-05,-0.6418057871844532,0.5209992916110293,0.9841097730430554,0.09354726414057979,697,33,52,218,2,412,0.2706214856006831,Will the Federal Reserve Cut rates by 25bps at their December 2024 meeting?
KXFEDDECISION-24DEC-C25,VFH,calendar,10min,600,False,267.1,8,-7,etf_leads_kalshi,-5.868282171831574e-07,-0.013413699259138977,0.9892977373970945,0.9988615595528643,0.09354726414057979,697,33,52,218,2,412,0.2706214856006831,Will the Federal Reserve Cut rates by 25bps at their December 2024 meeting?
KXFEDDECISION-24DEC-C25,VFH,calendar,10min,600,False,267.1,8,-6,etf_leads_kalshi,-1.8241160288250412e-05,-0.437221368875161,0.661950813967791,0.9988615595528643,0.09354726414057979,697,33,52,218,2,412,0.2706214856006831,Will the Federal Reserve Cut rates by 25bps at their December 2024 meeting?
KXFEDDECISION-24DEC-C25,VFH,calendar,10min,600,False,267.1,8,-5,etf_leads_kalshi,-3.084826616150802e-05,-0.8578242255870182,0.39098953062269504,0.9199172783972831,0.09354726414057979,697,33,52,218,2,412,0.2706214856006831,Will the Federal Reserve Cut rates by 25bps at their December 2024 meeting?
KXFEDDECISION-24DEC-C25,VFH,calendar,10min,600,False,267.1,8,-4,etf_leads_kalshi,6.223401185741349e-05,1.0739440792057893,0.2828477456613272,0.9199172783972831,0.09354726414057979,697,33,52,218,2,412,0.2706214856006831,Will the Federal Reserve Cut rates by 25bps at their December 2024 meeting?
KXFEDDECISION-24DEC-C25,VFH,calendar,10min,600,False,267.1,8,-3,etf_leads_kalshi,3.816792540775923e-05,1.0393253266249511,0.29865345983973757,0.9199172783972831,0.09354726414057979,697,33,52,218,2,412,0.2706214856006831,Will the Federal Reserve Cut rates by 25bps at their December 2024 meeting?
KXFEDDECISION-24DEC-C25,VFH,calendar,10min,600,False,267.1,8,-2,etf_leads_kalshi,2.786907652931434e-05,1.1472334316583663,0.25128515791204564,0.9199172783972831,0.09354726414057979,697,33,52,218,2,412,0.2706214856006831,Will the Federal Reserve Cut rates by 25bps at their December 2024 meeting?
KXFEDDECISION-24DEC-C25,VFH,calendar,10min,600,False,267.1,8,-1,etf_leads_kalshi,-4.0430454919841575e-06,-0.11109994670881498,0.9115370910013921,0.9988615595528643,0.09354726414057979,697,33,52,218,2,412,0.2706214856006831,Will the Federal Reserve Cut rates by 25bps at their December 2024 meeting?
KXFEDDECISION-24DEC-C25,VFH,calendar,10min,600,False,267.1,8,0,contemp,-3.4882863460899056e-05,-0.9733554637040175,0.3303766655289596,0.9199172783972831,0.09354726414057979,697,33,52,218,2,412,0.2706214856006831,Will the Federal Reserve Cut rates by 25bps at their December 2024 meeting?
KXFEDDECISION-24DEC-C25,VFH,calendar,10min,600,False,267.1,8,1,kalshi_leads_etf,6.3831170707415e-06,0.19964950394859382,0.841754708564467,0.9988615595528643,0.09354726414057979,697,33,52,218,2,412,0.2706214856006831,Will the Federal Reserve Cut rates by 25bps at their December 2024 meeting?
KXFEDDECISION-24DEC-C25,VFH,calendar,10min,600,False,267.1,8,2,kalshi_leads_etf,-2.880028463044345e-05,-0.7876211521001856,0.4309183384045616,0.9199172783972831,0.09354726414057979,697,33,52,218,2,412,0.2706214856006831,Will the Federal Reserve Cut rates by 25bps at their December 2024 meeting?
KXFEDDECISION-24DEC-C25,VFH,calendar,10min,600,False,267.1,8,3,kalshi_leads_etf,2.8876567747518847e-08,0.0014268239910146259,0.9988615595528643,0.9988615595528643,0.09354726414057979,697,33,52,218,2,412,0.2706214856006831,Will the Federal Reserve Cut rates by 25bps at their December 2024 meeting?
KXFEDDECISION-24DEC-C25,VFH,calendar,10min,600,False,267.1,8,4,kalshi_leads_etf,-1.8294113271839623e-05,-0.5012791033997106,0.6161747097313028,0.9988615595528643,0.09354726414057979,697,33,52,218,2,412,0.2706214856006831,Will the Federal Reserve Cut rates by 25bps at their December 2024 meeting?
KXFEDDECISION-24DEC-C25,VFH,calendar,10min,600,False,267.1,8,5,kalshi_leads_etf,-3.469655644141328e-05,-1.1519539354119956,0.249340002944609,0.9199172783972831,0.09354726414057979,697,33,52,218,2,412,0.2706214856006831,Will the Federal Reserve Cut rates by 25bps at their December 2024 meeting?
KXFEDDECISION-24DEC-C25,VFH,calendar,10min,600,False,267.1,8,6,kalshi_leads_etf,-2.4699573710952896e-06,-0.11008804691491383,0.9123395477166756,0.9988615595528643,0.09354726414057979,697,33,52,218,2,412,0.2706214856006831,Will the Federal Reserve Cut rates by 25bps at their December 2024 meeting?
KXFEDDECISION-24DEC-C25,VFH,calendar,10min,600,False,267.1,8,7,kalshi_leads_etf,1.1552279053793902e-05,0.7842349710018907,0.432902248657545,0.9199172783972831,0.09354726414057979,697,33,52,218,2,412,0.2706214856006831,Will the Federal Reserve Cut rates by 25bps at their December 2024 meeting?
KXFEDDECISION-24DEC-C25,VFH,calendar,10min,600,False,267.1,8,8,kalshi_leads_etf,-5.191957813225301e-06,-0.1691491085150955,0.8656793583924899,0.9988615595528643,0.09354726414057979,697,33,52,218,2,412,0.2706214856006831,Will the Federal Reserve Cut rates by 25bps at their December 2024 meeting?
AAAGASM-24OCT31-US-3.15,VPU,calendar,30s,30,False,2294.9,4,-4,etf_leads_kalshi,-1.4834276091794987e-06,-9.083537340181824,1.051022757058388e-19,9.459204813525492e-19,0.04958371618640833,7143,16,26,15,1,16,0.1991053646058067,Will average **gas prices** be above $3.15?
AAAGASM-24OCT31-US-3.15,VPU,calendar,30s,30,False,2294.9,4,-3,etf_leads_kalshi,-2.4201465958614897e-06,-2.5051221037373947,0.012240912669531478,0.018361369004297218,0.04958371618640833,7143,16,26,15,1,16,0.1991053646058067,Will average **gas prices** be above $3.15?
AAAGASM-24OCT31-US-3.15,VPU,calendar,30s,30,False,2294.9,4,-2,etf_leads_kalshi,-1.0758004702826381e-06,-2.155424629242889,0.031128620764700392,0.040022512411757645,0.04958371618640833,7143,16,26,15,1,16,0.1991053646058067,Will average **gas prices** be above $3.15?
AAAGASM-24OCT31-US-3.15,VPU,calendar,30s,30,False,2294.9,4,-1,etf_leads_kalshi,-3.051449718671939e-06,-3.0406164991961715,0.0023609433543319808,0.004249698037797565,0.04958371618640833,7143,16,26,15,1,16,0.1991053646058067,Will average **gas prices** be above $3.15?
AAAGASM-24OCT31-US-3.15,VPU,calendar,30s,30,False,2294.9,4,0,contemp,1.0220328905275663e-07,0.24853731480596855,0.8037187025288977,0.8037187025288977,0.04958371618640833,7143,16,26,15,1,16,0.1991053646058067,Will average **gas prices** be above $3.15?
AAAGASM-24OCT31-US-3.15,VPU,calendar,30s,30,False,2294.9,4,1,kalshi_leads_etf,1.2500916281775925e-06,4.901561348711603,9.507794797048511e-07,4.27850765867183e-06,0.04958371618640833,7143,16,26,15,1,16,0.1991053646058067,Will average **gas prices** be above $3.15?
AAAGASM-24OCT31-US-3.15,VPU,calendar,30s,30,False,2294.9,4,2,kalshi_leads_etf,2.6078812319779814e-07,0.42090388018387614,0.67382527172328,0.75805343068869,0.04958371618640833,7143,16,26,15,1,16,0.1991053646058067,Will average **gas prices** be above $3.15?
AAAGASM-24OCT31-US-3.15,VPU,calendar,30s,30,False,2294.9,4,3,kalshi_leads_etf,-3.598468393763336e-06,-3.579658671328614,0.0003440432963660616,0.001032129889098185,0.04958371618640833,7143,16,26,15,1,16,0.1991053646058067,Will average **gas prices** be above $3.15?
AAAGASM-24OCT31-US-3.15,VPU,calendar,30s,30,False,2294.9,4,4,kalshi_leads_etf,2.0655738090207175e-06,3.169222715405312,0.0015284722346215636,0.0034390625278985184,0.04958371618640833,7143,16,26,15,1,16,0.1991053646058067,Will average **gas prices** be above $3.15?
AAAGASM-24OCT31-US-3.15,VPU,calendar,1min,60,False,2294.9,4,-4,etf_leads_kalshi,-3.5721529858923283e-06,-8.544494865293617,1.2909970357814937e-17,1.1618973322033443e-16,0.046844406794789406,3507,15,26,15,2,16,0.1991053646058067,Will average **gas prices** be above $3.15?
AAAGASM-24OCT31-US-3.15,VPU,calendar,1min,60,False,2294.9,4,-3,etf_leads_kalshi,-3.63582840969987e-08,-0.05301326829116632,0.9577213360125111,0.9577213360125111,0.046844406794789406,3507,15,26,15,2,16,0.1991053646058067,Will average **gas prices** be above $3.15?
AAAGASM-24OCT31-US-3.15,VPU,calendar,1min,60,False,2294.9,4,-2,etf_leads_kalshi,-2.6312663619125594e-06,-4.941391598512558,7.756693848544637e-07,1.7452561159225434e-06,0.046844406794789406,3507,15,26,15,2,16,0.1991053646058067,Will average **gas prices** be above $3.15?
AAAGASM-24OCT31-US-3.15,VPU,calendar,1min,60,False,2294.9,4,-1,etf_leads_kalshi,-6.056937245883795e-06,-5.167069277138035,2.3779314212756046e-07,7.133794263826815e-07,0.046844406794789406,3507,15,26,15,2,16,0.1991053646058067,Will average **gas prices** be above $3.15?
AAAGASM-24OCT31-US-3.15,VPU,calendar,1min,60,False,2294.9,4,0,contemp,-5.477785237198713e-06,-3.294141640888407,0.0009872273792120635,0.001777009282581714,0.046844406794789406,3507,15,26,15,2,16,0.1991053646058067,Will average **gas prices** be above $3.15?
AAAGASM-24OCT31-US-3.15,VPU,calendar,1min,60,False,2294.9,4,1,kalshi_leads_etf,4.469238244798069e-06,5.2357237249949895,1.6433962242333262e-07,7.133794263826815e-07,0.046844406794789406,3507,15,26,15,2,16,0.1991053646058067,Will average **gas prices** be above $3.15?
AAAGASM-24OCT31-US-3.15,VPU,calendar,1min,60,False,2294.9,4,2,kalshi_leads_etf,-3.921804388353701e-06,-2.9073220920165856,0.0036453763577570376,0.005468064536635557,0.046844406794789406,3507,15,26,15,2,16,0.1991053646058067,Will average **gas prices** be above $3.15?
AAAGASM-24OCT31-US-3.15,VPU,calendar,1min,60,False,2294.9,4,3,kalshi_leads_etf,-7.709649229085064e-07,-1.0503104368107425,0.2935754082560288,0.37745409632917987,0.046844406794789406,3507,15,26,15,2,16,0.1991053646058067,Will average **gas prices** be above $3.15?
AAAGASM-24OCT31-US-3.15,VPU,calendar,1min,60,False,2294.9,4,4,kalshi_leads_etf,-6.582180951484434e-07,-0.3033285717640549,0.7616394741209844,0.8568444083861075,0.046844406794789406,3507,15,26,15,2,16,0.1991053646058067,Will average **gas prices** be above $3.15?
AAAGASM-24OCT31-US-3.15,VPU,calendar,2min,120,False,2294.9,4,-4,etf_leads_kalshi,3.616157625383431e-06,0.6082924302691642,0.5429935406549681,0.7851476126139255,0.043482753717180134,1691,15,25,15,1,16,0.1991053646058067,Will average **gas prices** be above $3.15?
AAAGASM-24OCT31-US-3.15,VPU,calendar,2min,120,False,2294.9,4,-3,etf_leads_kalshi,-2.517031238228667e-05,-5.394273200985674,6.880146818951453e-08,3.096066068528154e-07,0.043482753717180134,1691,15,25,15,1,16,0.1991053646058067,Will average **gas prices** be above $3.15?
AAAGASM-24OCT31-US-3.15,VPU,calendar,2min,120,False,2294.9,4,-2,etf_leads_kalshi,-1.2015753702377334e-05,-6.441036270918501,1.1866050845954083e-10,1.0679445761358674e-09,0.043482753717180134,1691,15,25,15,1,16,0.1991053646058067,Will average **gas prices** be above $3.15?
AAAGASM-24OCT31-US-3.15,VPU,calendar,2min,120,False,2294.9,4,-1,etf_leads_kalshi,-2.922627244675692e-06,-1.4651578392851337,0.14287785933172975,0.25718014679711354,0.043482753717180134,1691,15,25,15,1,16,0.1991053646058067,Will average **gas prices** be above $3.15?
AAAGASM-24OCT31-US-3.15,VPU,calendar,2min,120,False,2294.9,4,0,contemp,-1.228147797970678e-05,-1.8899517466903146,0.058764413877992236,0.14758423857294045,0.043482753717180134,1691,15,25,15,1,16,0.1991053646058067,Will average **gas prices** be above $3.15?
AAAGASM-24OCT31-US-3.15,VPU,calendar,2min,120,False,2294.9,4,1,kalshi_leads_etf,-1.2930186231387746e-05,-1.8411949515096129,0.06559299492130687,0.14758423857294045,0.043482753717180134,1691,15,25,15,1,16,0.1991053646058067,Will average **gas prices** be above $3.15?
AAAGASM-24OCT31-US-3.15,VPU,calendar,2min,120,False,2294.9,4,2,kalshi_leads_etf,-2.030625192667004e-06,-0.44693047546745923,0.6549252591076934,0.7851476126139255,0.043482753717180134,1691,15,25,15,1,16,0.1991053646058067,Will average **gas prices** be above $3.15?
AAAGASM-24OCT31-US-3.15,VPU,calendar,2min,120,False,2294.9,4,3,kalshi_leads_etf,-2.8720502636586274e-09,-0.0011978467783995198,0.9990442567778636,0.9990442567778636,0.043482753717180134,1691,15,25,15,1,16,0.1991053646058067,Will average **gas prices** be above $3.15?
AAAGASM-24OCT31-US-3.15,VPU,calendar,2min,120,False,2294.9,4,4,kalshi_leads_etf,1.6408458905933528e-06,0.38814465290439915,0.697908988990156,0.7851476126139255,0.043482753717180134,1691,15,25,15,1,16,0.1991053646058067,Will average **gas prices** be above $3.15?
AAAGASM-24OCT31-US-3.15,VPU,calendar,5min,300,False,2294.9,4,-4,etf_leads_kalshi,-1.7860131004542323e-05,-3.8451468328807716,0.00012048027286674595,0.00021686449116014268,0.0876849837134287,602,14,24,13,1,15,0.1991053646058067,Will average **gas prices** be above $3.15?
AAAGASM-24OCT31-US-3.15,VPU,calendar,5min,300,False,2294.9,4,-3,etf_leads_kalshi,-1.2282759759966065e-05,-1.4019021039926336,0.16094448211666734,0.18106254238125077,0.0876849837134287,602,14,24,13,1,15,0.1991053646058067,Will average **gas prices** be above $3.15?
AAAGASM-24OCT31-US-3.15,VPU,calendar,5min,300,False,2294.9,4,-2,etf_leads_kalshi,-4.1097941081360486e-05,-3.8897734808840223,0.00010033783635967023,0.00021686449116014268,0.0876849837134287,602,14,24,13,1,15,0.1991053646058067,Will average **gas prices** be above $3.15?
AAAGASM-24OCT31-US-3.15,VPU,calendar,5min,300,False,2294.9,4,-1,etf_leads_kalshi,-5.617769002927438e-05,-5.67648834497257,1.3748791818364314e-08,6.186956318263942e-08,0.0876849837134287,602,14,24,13,1,15,0.1991053646058067,Will average **gas prices** be above $3.15?
AAAGASM-24OCT31-US-3.15,VPU,calendar,5min,300,False,2294.9,4,0,contemp,-7.879962050739713e-05,-12.69760187898368,6.096947290101765e-37,5.487252561091589e-36,0.0876849837134287,602,14,24,13,1,15,0.1991053646058067,Will average **gas prices** be above $3.15?
AAAGASM-24OCT31-US-3.15,VPU,calendar,5min,300,False,2294.9,4,1,kalshi_leads_etf,-3.802096115219524e-05,-4.1134730626753075,3.8975053943036275e-05,0.00011692516182910883,0.0876849837134287,602,14,24,13,1,15,0.1991053646058067,Will average **gas prices** be above $3.15?
AAAGASM-24OCT31-US-3.15,VPU,calendar,5min,300,False,2294.9,4,2,kalshi_leads_etf,-1.2547552260185864e-05,-1.6983398009135864,0.0894436468533498,0.11499897452573545,0.0876849837134287,602,14,24,13,1,15,0.1991053646058067,Will average **gas prices** be above $3.15?
AAAGASM-24OCT31-US-3.15,VPU,calendar,5min,300,False,2294.9,4,3,kalshi_leads_etf,-1.606576375684208e-05,-2.6663529655258937,0.007667913994090176,0.011501870991135265,0.0876849837134287,602,14,24,13,1,15,0.1991053646058067,Will average **gas prices** be above $3.15?
AAAGASM-24OCT31-US-3.15,VPU,calendar,5min,300,False,2294.9,4,4,kalshi_leads_etf,-2.6607698465328105e-06,-0.3129428046066319,0.7543241163041197,0.7543241163041197,0.0876849837134287,602,14,24,13,1,15,0.1991053646058067,Will average **gas prices** be above $3.15?
AAAGASM-24OCT31-US-3.15,VPU,calendar,10min,600,True,2294.9,3,-3,etf_leads_kalshi,2.2398891727740996e-05,1.500028846855348,0.13360693034868584,0.23381212811020025,0.13212025760440738,271,12,20,10,1,13,0.1991053646058067,Will average **gas prices** be above $3.15?
AAAGASM-24OCT31-US-3.15,VPU,calendar,10min,600,True,2294.9,3,-2,etf_leads_kalshi,-1.5290178987372833e-05,-1.2217088828159774,0.22181773594333587,0.3105448303206702,0.13212025760440738,271,12,20,10,1,13,0.1991053646058067,Will average **gas prices** be above $3.15?
AAAGASM-24OCT31-US-3.15,VPU,calendar,10min,600,True,2294.9,3,-1,etf_leads_kalshi,-0.00010770423563944987,-4.146876750545103,3.370413729210213e-05,0.00011796448052235744,0.13212025760440738,271,12,20,10,1,13,0.1991053646058067,Will average **gas prices** be above $3.15?
AAAGASM-24OCT31-US-3.15,VPU,calendar,10min,600,True,2294.9,3,0,contemp,-0.0001557014284044891,-8.658349286982476,4.786449468684138e-18,3.350514628078897e-17,0.13212025760440738,271,12,20,10,1,13,0.1991053646058067,Will average **gas prices** be above $3.15?
AAAGASM-24OCT31-US-3.15,VPU,calendar,10min,600,True,2294.9,3,1,kalshi_leads_etf,-8.57045966642513e-05,-2.212870022320725,0.02690660798292764,0.06278208529349784,0.13212025760440738,271,12,20,10,1,13,0.1991053646058067,Will average **gas prices** be above $3.15?
AAAGASM-24OCT31-US-3.15,VPU,calendar,10min,600,True,2294.9,3,2,kalshi_leads_etf,-5.847629630081414e-05,-0.4941534159280677,0.6211978361227095,0.7247308088098278,0.13212025760440738,271,12,20,10,1,13,0.1991053646058067,Will average **gas prices** be above $3.15?
AAAGASM-24OCT31-US-3.15,VPU,calendar,10min,600,True,2294.9,3,3,kalshi_leads_etf,-5.571620786038202e-06,-0.04257470586478512,0.9660405589982543,0.9660405589982543,0.13212025760440738,271,12,20,10,1,13,0.1991053646058067,Will average **gas prices** be above $3.15?
FEDDECISION-24NOV-H0,VDE,calendar,30s,30,False,923.7,6,-6,etf_leads_kalshi,-8.703468616355215e-06,-1.7559627328899186,0.07909477209987338,0.21740567916379208,0.03469165624507409,22287,37,52,142,2,144,0.1925413869786475,Will the Federal Reserve Hike rates by 0bps at their November 2024 meeting?
FEDDECISION-24NOV-H0,VDE,calendar,30s,30,False,923.7,6,-5,etf_leads_kalshi,-5.63028126965255e-06,-1.0055497347255358,0.3146322137506117,0.48937583336258056,0.03469165624507409,22287,37,52,142,2,144,0.1925413869786475,Will the Federal Reserve Hike rates by 0bps at their November 2024 meeting?
FEDDECISION-24NOV-H0,VDE,calendar,30s,30,False,923.7,6,-4,etf_leads_kalshi,-2.701066961904961e-06,-0.8410415039366788,0.4003246836285742,0.48937583336258056,0.03469165624507409,22287,37,52,142,2,144,0.1925413869786475,Will the Federal Reserve Hike rates by 0bps at their November 2024 meeting?
FEDDECISION-24NOV-H0,VDE,calendar,30s,30,False,923.7,6,-3,etf_leads_kalshi,-4.661474464092421e-06,-0.9176544267663637,0.358799813884506,0.48937583336258056,0.03469165624507409,22287,37,52,142,2,144,0.1925413869786475,Will the Federal Reserve Hike rates by 0bps at their November 2024 meeting?
FEDDECISION-24NOV-H0,VDE,calendar,30s,30,False,923.7,6,-2,etf_leads_kalshi,-9.16162172352269e-06,-2.46256478426579,0.013794724906444695,0.08573812563707332,0.03469165624507409,22287,37,52,142,2,144,0.1925413869786475,Will the Federal Reserve Hike rates by 0bps at their November 2024 meeting?
FEDDECISION-24NOV-H0,VDE,calendar,30s,30,False,923.7,6,-1,etf_leads_kalshi,-6.625349401363222e-06,-5.084382258613016,3.688244750608863e-07,4.794718175791521e-06,0.03469165624507409,22287,37,52,142,2,144,0.1925413869786475,Will the Federal Reserve Hike rates by 0bps at their November 2024 meeting?
FEDDECISION-24NOV-H0,VDE,calendar,30s,30,False,923.7,6,0,contemp,8.530442801633461e-07,0.5669705521900532,0.5707341888122068,0.5707341888122068,0.03469165624507409,22287,37,52,142,2,144,0.1925413869786475,Will the Federal Reserve Hike rates by 0bps at their November 2024 meeting?
FEDDECISION-24NOV-H0,VDE,calendar,30s,30,False,923.7,6,1,kalshi_leads_etf,3.0649380028544187e-06,2.3303867147497774,0.019785721300863077,0.08573812563707332,0.03469165624507409,22287,37,52,142,2,144,0.1925413869786475,Will the Federal Reserve Hike rates by 0bps at their November 2024 meeting?
FEDDECISION-24NOV-H0,VDE,calendar,30s,30,False,923.7,6,2,kalshi_leads_etf,2.6748782371863982e-06,1.6845908830969212,0.09206753152996093,0.21740567916379208,0.03469165624507409,22287,37,52,142,2,144,0.1925413869786475,Will the Federal Reserve Hike rates by 0bps at their November 2024 meeting?
FEDDECISION-24NOV-H0,VDE,calendar,30s,30,False,923.7,6,3,kalshi_leads_etf,-5.017263400994901e-06,-1.643202307225885,0.10034108269098096,0.21740567916379208,0.03469165624507409,22287,37,52,142,2,144,0.1925413869786475,Will the Federal Reserve Hike rates by 0bps at their November 2024 meeting?
FEDDECISION-24NOV-H0,VDE,calendar,30s,30,False,923.7,6,4,kalshi_leads_etf,1.0060659570594533e-06,0.8167221265124648,0.41408724361449123,0.48937583336258056,0.03469165624507409,22287,37,52,142,2,144,0.1925413869786475,Will the Federal Reserve Hike rates by 0bps at their November 2024 meeting?
FEDDECISION-24NOV-H0,VDE,calendar,30s,30,False,923.7,6,5,kalshi_leads_etf,8.006561634461324e-07,0.6429014665842341,0.5202880377362602,0.5636453742142818,0.03469165624507409,22287,37,52,142,2,144,0.1925413869786475,Will the Federal Reserve Hike rates by 0bps at their November 2024 meeting?
FEDDECISION-24NOV-H0,VDE,calendar,30s,30,False,923.7,6,6,kalshi_leads_etf,2.4360860526594152e-06,1.4226620166654451,0.15483415659434682,0.28754914796092984,0.03469165624507409,22287,37,52,142,2,144,0.1925413869786475,Will the Federal Reserve Hike rates by 0bps at their November 2024 meeting?
FEDDECISION-24NOV-H0,VDE,calendar,1min,60,False,923.7,6,-6,etf_leads_kalshi,1.4791826829190987e-05,1.0881797425051152,0.2765157658085281,0.5665029323754871,0.028548525373116584,10911,37,51,135,1,139,0.1925413869786475,Will the Federal Reserve Hike rates by 0bps at their November 2024 meeting?
FEDDECISION-24NOV-H0,VDE,calendar,1min,60,False,923.7,6,-5,etf_leads_kalshi,8.042621680337875e-06,1.4407891733594123,0.14964425303653087,0.5665029323754871,0.028548525373116584,10911,37,51,135,1,139,0.1925413869786475,Will the Federal Reserve Hike rates by 0bps at their November 2024 meeting?
FEDDECISION-24NOV-H0,VDE,calendar,1min,60,False,923.7,6,-4,etf_leads_kalshi,5.739805392995895e-06,0.8227782756224565,0.41063409282110963,0.6672804008343031,0.028548525373116584,10911,37,51,135,1,139,0.1925413869786475,Will the Federal Reserve Hike rates by 0bps at their November 2024 meeting?
FEDDECISION-24NOV-H0,VDE,calendar,1min,60,False,923.7,6,-3,etf_leads_kalshi,-4.212801863329673e-06,-0.668876634644398,0.5035741761196199,0.7273849210616732,0.028548525373116584,10911,37,51,135,1,139,0.1925413869786475,Will the Federal Reserve Hike rates by 0bps at their November 2024 meeting?
FEDDECISION-24NOV-H0,VDE,calendar,1min,60,False,923.7,6,-2,etf_leads_kalshi,-3.361928910646865e-06,-1.0256850986450259,0.30504004050987765,0.5665029323754871,0.028548525373116584,10911,37,51,135,1,139,0.1925413869786475,Will the Federal Reserve Hike rates by 0bps at their November 2024 meeting?
FEDDECISION-24NOV-H0,VDE,calendar,1min,60,False,923.7,6,-1,etf_leads_kalshi,-3.860058121236983e-06,-1.1898366074054187,0.2341106182781082,0.5665029323754871,0.028548525373116584,10911,37,51,135,1,139,0.1925413869786475,Will the Federal Reserve Hike rates by 0bps at their November 2024 meeting?
FEDDECISION-24NOV-H0,VDE,calendar,1min,60,False,923.7,6,0,contemp,-8.194693815429801e-06,-3.0421122355534163,0.00234924281754431,0.03054015662807603,0.028548525373116584,10911,37,51,135,1,139,0.1925413869786475,Will the Federal Reserve Hike rates by 0bps at their November 2024 meeting?
FEDDECISION-24NOV-H0,VDE,calendar,1min,60,False,923.7,6,1,kalshi_leads_etf,-1.620757832838042e-08,-0.007523451067856665,0.9939972111776797,0.9939972111776797,0.028548525373116584,10911,37,51,135,1,139,0.1925413869786475,Will the Federal Reserve Hike rates by 0bps at their November 2024 meeting?
FEDDECISION-24NOV-H0,VDE,calendar,1min,60,False,923.7,6,2,kalshi_leads_etf,-5.745618701148771e-07,-0.15607407148159116,0.8759746358443681,0.9939972111776797,0.028548525373116584,10911,37,51,135,1,139,0.1925413869786475,Will the Federal Reserve Hike rates by 0bps at their November 2024 meeting?
FEDDECISION-24NOV-H0,VDE,calendar,1min,60,False,923.7,6,3,kalshi_leads_etf,7.138811226273604e-06,1.1237467061725848,0.26112049609991606,0.5665029323754871,0.028548525373116584,10911,37,51,135,1,139,0.1925413869786475,Will the Federal Reserve Hike rates by 0bps at their November 2024 meeting?
FEDDECISION-24NOV-H0,VDE,calendar,1min,60,False,923.7,6,4,kalshi_leads_etf,-3.3178855784051306e-07,-0.09841730860302358,0.9216009311234745,0.9939972111776797,0.028548525373116584,10911,37,51,135,1,139,0.1925413869786475,Will the Federal Reserve Hike rates by 0bps at their November 2024 meeting?
FEDDECISION-24NOV-H0,VDE,calendar,1min,60,False,923.7,6,5,kalshi_leads_etf,-6.717557479724476e-06,-2.2090013299157323,0.027174548402089486,0.17663456461358165,0.028548525373116584,10911,37,51,135,1,139,0.1925413869786475,Will the Federal Reserve Hike rates by 0bps at their November 2024 meeting?
FEDDECISION-24NOV-H0,VDE,calendar,1min,60,False,923.7,6,6,kalshi_leads_etf,-2.3873882989610053e-07,-0.05819534035605097,0.9535930322911326,0.9939972111776797,0.028548525373116584,10911,37,51,135,1,139,0.1925413869786475,Will the Federal Reserve Hike rates by 0bps at their November 2024 meeting?
FEDDECISION-24NOV-H0,VDE,calendar,2min,120,False,923.7,6,-6,etf_leads_kalshi,5.873468150007517e-06,0.8865000287379471,0.37534813867846106,0.48795258028199934,0.06496912696903512,5227,37,52,128,2,138,0.1925413869786475,Will the Federal Reserve Hike rates by 0bps at their November 2024 meeting?
FEDDECISION-24NOV-H0,VDE,calendar,2min,120,False,923.7,6,-5,etf_leads_kalshi,2.8006294443754634e-06,0.56747527764963,0.5703913184717304,0.674098830921136,0.06496912696903512,5227,37,52,128,2,138,0.1925413869786475,Will the Federal Reserve Hike rates by 0bps at their November 2024 meeting?
FEDDECISION-24NOV-H0,VDE,calendar,2min,120,False,923.7,6,-4,etf_leads_kalshi,-3.0561875126575557e-05,-1.50748614583551,0.13168609235155168,0.4340090554961877,0.06496912696903512,5227,37,52,128,2,138,0.1925413869786475,Will the Federal Reserve Hike rates by 0bps at their November 2024 meeting?
FEDDECISION-24NOV-H0,VDE,calendar,2min,120,False,923.7,6,-3,etf_leads_kalshi,5.629293158829178e-05,1.4921804692731901,0.13565184097418045,0.4340090554961877,0.06496912696903512,5227,37,52,128,2,138,0.1925413869786475,Will the Federal Reserve Hike rates by 0bps at their November 2024 meeting?
FEDDECISION-24NOV-H0,VDE,calendar,2min,120,False,923.7,6,-2,etf_leads_kalshi,9.816901271879451e-06,2.2299809658537866,0.025748706539900145,0.33473318501870186,0.06496912696903512,5227,37,52,128,2,138,0.1925413869786475,Will the Federal Reserve Hike rates by 0bps at their November 2024 meeting?
FEDDECISION-24NOV-H0,VDE,calendar,2min,120,False,923.7,6,-1,etf_leads_kalshi,-9.897678799653675e-06,-1.0354307150349977,0.30046780765120684,0.4340090554961877,0.06496912696903512,5227,37,52,128,2,138,0.1925413869786475,Will the Federal Reserve Hike rates by 0bps at their November 2024 meeting?
FEDDECISION-24NOV-H0,VDE,calendar,2min,120,False,923.7,6,0,contemp,-8.639007097653674e-06,-1.2721495558900822,0.20331998661506812,0.4340090554961877,0.06496912696903512,5227,37,52,128,2,138,0.1925413869786475,Will the Federal Reserve Hike rates by 0bps at their November 2024 meeting?
FEDDECISION-24NOV-H0,VDE,calendar,2min,120,False,923.7,6,1,kalshi_leads_etf,-3.4125511280324997e-06,-0.35708509542024386,0.7210281020649545,0.781113777237034,0.06496912696903512,5227,37,52,128,2,138,0.1925413869786475,Will the Federal Reserve Hike rates by 0bps at their November 2024 meeting?
FEDDECISION-24NOV-H0,VDE,calendar,2min,120,False,923.7,6,2,kalshi_leads_etf,7.245903157940187e-06,1.045078330643279,0.2959867682562969,0.4340090554961877,0.06496912696903512,5227,37,52,128,2,138,0.1925413869786475,Will the Federal Reserve Hike rates by 0bps at their November 2024 meeting?
FEDDECISION-24NOV-H0,VDE,calendar,2min,120,False,923.7,6,3,kalshi_leads_etf,-7.903847666307171e-06,-1.3743442674567141,0.1693348295376228,0.4340090554961877,0.06496912696903512,5227,37,52,128,2,138,0.1925413869786475,Will the Federal Reserve Hike rates by 0bps at their November 2024 meeting?
FEDDECISION-24NOV-H0,VDE,calendar,2min,120,False,923.7,6,4,kalshi_leads_etf,2.1748685856918296e-07,0.03923593003632489,0.9687022876545781,0.9687022876545781,0.06496912696903512,5227,37,52,128,2,138,0.1925413869786475,Will the Federal Reserve Hike rates by 0bps at their November 2024 meeting?
FEDDECISION-24NOV-H0,VDE,calendar,2min,120,False,923.7,6,5,kalshi_leads_etf,1.0930530615057683e-05,1.1813954313303603,0.23744567211881606,0.4340090554961877,0.06496912696903512,5227,37,52,128,2,138,0.1925413869786475,Will the Federal Reserve Hike rates by 0bps at their November 2024 meeting?
FEDDECISION-24NOV-H0,VDE,calendar,2min,120,False,923.7,6,6,kalshi_leads_etf,1.732183654305564e-05,1.2150259078951653,0.22435621023916696,0.4340090554961877,0.06496912696903512,5227,37,52,128,2,138,0.1925413869786475,Will the Federal Reserve Hike rates by 0bps at their November 2024 meeting?
FEDDECISION-24NOV-H0,VDE,calendar,5min,300,False,923.7,6,-6,etf_leads_kalshi,4.3493942391751066e-05,2.036556393981029,0.041694516363400644,0.42196111625655475,0.05580220912786671,1817,36,51,110,2,132,0.1925413869786475,Will the Federal Reserve Hike rates by 0bps at their November 2024 meeting?
FEDDECISION-24NOV-H0,VDE,calendar,5min,300,False,923.7,6,-5,etf_leads_kalshi,-2.2806723328842892e-05,-1.1425332013953378,0.2532324534938266,0.5064721569624117,0.05580220912786671,1817,36,51,110,2,132,0.1925413869786475,Will the Federal Reserve Hike rates by 0bps at their November 2024 meeting?
FEDDECISION-24NOV-H0,VDE,calendar,5min,300,False,923.7,6,-4,etf_leads_kalshi,-3.8111231844825295e-05,-1.6577118432364086,0.0973756422130511,0.42196111625655475,0.05580220912786671,1817,36,51,110,2,132,0.1925413869786475,Will the Federal Reserve Hike rates by 0bps at their November 2024 meeting?
FEDDECISION-24NOV-H0,VDE,calendar,5min,300,False,923.7,6,-3,etf_leads_kalshi,1.5319003676656022e-07,0.010972946919402454,0.9912450307580204,0.9912450307580204,0.05580220912786671,1817,36,51,110,2,132,0.1925413869786475,Will the Federal Reserve Hike rates by 0bps at their November 2024 meeting?
FEDDECISION-24NOV-H0,VDE,calendar,5min,300,False,923.7,6,-2,etf_leads_kalshi,1.5171233926899553e-05,1.0117132601412118,0.31167517351533025,0.5064721569624117,0.05580220912786671,1817,36,51,110,2,132,0.1925413869786475,Will the Federal Reserve Hike rates by 0bps at their November 2024 meeting?
FEDDECISION-24NOV-H0,VDE,calendar,5min,300,False,923.7,6,-1,etf_leads_kalshi,1.9839515195374722e-05,1.1924270816520628,0.2330938266628133,0.5064721569624117,0.05580220912786671,1817,36,51,110,2,132,0.1925413869786475,Will the Federal Reserve Hike rates by 0bps at their November 2024 meeting?
FEDDECISION-24NOV-H0,VDE,calendar,5min,300,False,923.7,6,0,contemp,-4.6069208959301064e-05,-1.359864718203217,0.1738727377003041,0.5064721569624117,0.05580220912786671,1817,36,51,110,2,132,0.1925413869786475,Will the Federal Reserve Hike rates by 0bps at their November 2024 meeting?
FEDDECISION-24NOV-H0,VDE,calendar,5min,300,False,923.7,6,1,kalshi_leads_etf,6.440664143803862e-07,0.027659436567388583,0.9779337762451764,0.9912450307580204,0.05580220912786671,1817,36,51,110,2,132,0.1925413869786475,Will the Federal Reserve Hike rates by 0bps at their November 2024 meeting?
FEDDECISION-24NOV-H0,VDE,calendar,5min,300,False,923.7,6,2,kalshi_leads_etf,-9.000763807050904e-06,-0.5648275798854034,0.5721910458968034,0.7438483596658443,0.05580220912786671,1817,36,51,110,2,132,0.1925413869786475,Will the Federal Reserve Hike rates by 0bps at their November 2024 meeting?
FEDDECISION-24NOV-H0,VDE,calendar,5min,300,False,923.7,6,3,kalshi_leads_etf,4.662896045813809e-05,1.090707838065113,0.2754014605911852,0.5064721569624117,0.05580220912786671,1817,36,51,110,2,132,0.1925413869786475,Will the Federal Reserve Hike rates by 0bps at their November 2024 meeting?
FEDDECISION-24NOV-H0,VDE,calendar,5min,300,False,923.7,6,4,kalshi_leads_etf,-6.266234389325403e-05,-1.658347788881874,0.09724728843557486,0.42196111625655475,0.05580220912786671,1817,36,51,110,2,132,0.1925413869786475,Will the Federal Reserve Hike rates by 0bps at their November 2024 meeting?
FEDDECISION-24NOV-H0,VDE,calendar,5min,300,False,923.7,6,5,kalshi_leads_etf,2.110457368203267e-06,0.1371124281541703,0.8909419290035477,0.9912450307580204,0.05580220912786671,1817,36,51,110,2,132,0.1925413869786475,Will the Federal Reserve Hike rates by 0bps at their November 2024 meeting?
FEDDECISION-24NOV-H0,VDE,calendar,5min,300,False,923.7,6,6,kalshi_leads_etf,-8.662758609965023e-06,-0.6535475675295976,0.5134033339122126,0.7415825934287515,0.05580220912786671,1817,36,51,110,2,132,0.1925413869786475,Will the Federal Reserve Hike rates by 0bps at their November 2024 meeting?
FEDDECISION-24NOV-H0,VDE,calendar,10min,600,True,923.7,6,-6,etf_leads_kalshi,5.037247792225923e-05,0.7007339696876554,0.48346905237358695,0.7963348673506031,0.05569283171111672,685,36,49,74,0,118,0.1925413869786475,Will the Federal Reserve Hike rates by 0bps at their November 2024 meeting?
FEDDECISION-24NOV-H0,VDE,calendar,10min,600,True,923.7,6,-5,etf_leads_kalshi,4.9161583277905026e-05,1.3819138685398142,0.1669981491154079,0.7963348673506031,0.05569283171111672,685,36,49,74,0,118,0.1925413869786475,Will the Federal Reserve Hike rates by 0bps at their November 2024 meeting?
FEDDECISION-24NOV-H0,VDE,calendar,10min,600,True,923.7,6,-4,etf_leads_kalshi,1.5284830782103364e-06,0.05770931313313809,0.9539801752540411,0.9683674422755996,0.05569283171111672,685,36,49,74,0,118,0.1925413869786475,Will the Federal Reserve Hike rates by 0bps at their November 2024 meeting?
FEDDECISION-24NOV-H0,VDE,calendar,10min,600,True,923.7,6,-3,etf_leads_kalshi,1.6221849320388927e-05,0.45584355547698785,0.6485024809776708,0.843053225270972,0.05569283171111672,685,36,49,74,0,118,0.1925413869786475,Will the Federal Reserve Hike rates by 0bps at their November 2024 meeting?
FEDDECISION-24NOV-H0,VDE,calendar,10min,600,True,923.7,6,-2,etf_leads_kalshi,-2.358619798923303e-06,-0.039655923110269026,0.9683674422755996,0.9683674422755996,0.05569283171111672,685,36,49,74,0,118,0.1925413869786475,Will the Federal Reserve Hike rates by 0bps at their November 2024 meeting?
FEDDECISION-24NOV-H0,VDE,calendar,10min,600,True,923.7,6,-1,etf_leads_kalshi,-2.5458203424498186e-05,-0.6538149685478392,0.5132310216139271,0.7963348673506031,0.05569283171111672,685,36,49,74,0,118,0.1925413869786475,Will the Federal Reserve Hike rates by 0bps at their November 2024 meeting?
FEDDECISION-24NOV-H0,VDE,calendar,10min,600,True,923.7,6,0,contemp,2.9044977685773776e-05,0.830099323794937,0.40648262939337365,0.7963348673506031,0.05569283171111672,685,36,49,74,0,118,0.1925413869786475,Will the Federal Reserve Hike rates by 0bps at their November 2024 meeting?
FEDDECISION-24NOV-H0,VDE,calendar,10min,600,True,923.7,6,1,kalshi_leads_etf,-3.7940839593910135e-05,-1.3870754909491194,0.16541874464822848,0.7963348673506031,0.05569283171111672,685,36,49,74,0,118,0.1925413869786475,Will the Federal Reserve Hike rates by 0bps at their November 2024 meeting?
FEDDECISION-24NOV-H0,VDE,calendar,10min,600,True,923.7,6,2,kalshi_leads_etf,-3.281230330107168e-05,-0.8765214941257577,0.3807465966839776,0.7963348673506031,0.05569283171111672,685,36,49,74,0,118,0.1925413869786475,Will the Federal Reserve Hike rates by 0bps at their November 2024 meeting?
FEDDECISION-24NOV-H0,VDE,calendar,10min,600,True,923.7,6,3,kalshi_leads_etf,2.077752631494053e-05,0.5958001338275993,0.5513087543196483,0.7963348673506031,0.05569283171111672,685,36,49,74,0,118,0.1925413869786475,Will the Federal Reserve Hike rates by 0bps at their November 2024 meeting?
FEDDECISION-24NOV-H0,VDE,calendar,10min,600,True,923.7,6,4,kalshi_leads_etf,3.563805799635219e-05,0.8665131977772563,0.3862087920220759,0.7963348673506031,0.05569283171111672,685,36,49,74,0,118,0.1925413869786475,Will the Federal Reserve Hike rates by 0bps at their November 2024 meeting?
FEDDECISION-24NOV-H0,VDE,calendar,10min,600,True,923.7,6,5,kalshi_leads_etf,-2.8942394257746108e-05,-0.762746947413539,0.4456143261384997,0.7963348673506031,0.05569283171111672,685,36,49,74,0,118,0.1925413869786475,Will the Federal Reserve Hike rates by 0bps at their November 2024 meeting?
FEDDECISION-24NOV-H0,VDE,calendar,10min,600,True,923.7,6,6,kalshi_leads_etf,6.4110381979928925e-06,0.3064391356537577,0.759270314683935,0.8973194628082869,0.05569283171111672,685,36,49,74,0,118,0.1925413869786475,Will the Federal Reserve Hike rates by 0bps at their November 2024 meeting?
FEDDECISION-24NOV-H0,VNQ,calendar,30s,30,False,923.7,6,-6,etf_leads_kalshi,-5.924540045223521e-06,-2.7054021432147564,0.0068221745179123045,0.04434413436642998,0.04022153245448068,22287,37,52,142,2,144,0.1705945291867034,Will the Federal Reserve Hike rates by 0bps at their November 2024 meeting?
FEDDECISION-24NOV-H0,VNQ,calendar,30s,30,False,923.7,6,-5,etf_leads_kalshi,-4.5621167911403215e-06,-2.172897068437198,0.029788065172877225,0.09681121181185098,0.04022153245448068,22287,37,52,142,2,144,0.1705945291867034,Will the Federal Reserve Hike rates by 0bps at their November 2024 meeting?
FEDDECISION-24NOV-H0,VNQ,calendar,30s,30,False,923.7,6,-4,etf_leads_kalshi,-2.464464192673686e-06,-0.7842363178306369,0.4329014585224751,0.5668806058456117,0.04022153245448068,22287,37,52,142,2,144,0.1705945291867034,Will the Federal Reserve Hike rates by 0bps at their November 2024 meeting?
FEDDECISION-24NOV-H0,VNQ,calendar,30s,30,False,923.7,6,-3,etf_leads_kalshi,-7.461008683387311e-06,-1.1186476642051608,0.2632904806209987,0.42784703100912286,0.04022153245448068,22287,37,52,142,2,144,0.1705945291867034,Will the Federal Reserve Hike rates by 0bps at their November 2024 meeting?
FEDDECISION-24NOV-H0,VNQ,calendar,30s,30,False,923.7,6,-2,etf_leads_kalshi,-8.664786360869751e-06,-2.465258612757134,0.013691439257207684,0.059329570114566625,0.04022153245448068,22287,37,52,142,2,144,0.1705945291867034,Will the Federal Reserve Hike rates by 0bps at their November 2024 meeting?
FEDDECISION-24NOV-H0,VNQ,calendar,30s,30,False,923.7,6,-1,etf_leads_kalshi,-1.7332785594709684e-06,-1.483679531256655,0.13789395901274212,0.32936890667582097,0.04022153245448068,22287,37,52,142,2,144,0.1705945291867034,Will the Federal Reserve Hike rates by 0bps at their November 2024 meeting?
FEDDECISION-24NOV-H0,VNQ,calendar,30s,30,False,923.7,6,0,contemp,5.281800309991268e-06,4.579499687387855,4.660894852689455e-06,6.0591633084962915e-05,0.04022153245448068,22287,37,52,142,2,144,0.1705945291867034,Will the Federal Reserve Hike rates by 0bps at their November 2024 meeting?
FEDDECISION-24NOV-H0,VNQ,calendar,30s,30,False,923.7,6,1,kalshi_leads_etf,-1.2050562378396717e-06,-0.6223836635486216,0.533689619867422,0.5781637548563738,0.04022153245448068,22287,37,52,142,2,144,0.1705945291867034,Will the Federal Reserve Hike rates by 0bps at their November 2024 meeting?
FEDDECISION-24NOV-H0,VNQ,calendar,30s,30,False,923.7,6,2,kalshi_leads_etf,-7.412493272351752e-07,-0.7772378212062828,0.43701847202593214,0.5668806058456117,0.04022153245448068,22287,37,52,142,2,144,0.1705945291867034,Will the Federal Reserve Hike rates by 0bps at their November 2024 meeting?
FEDDECISION-24NOV-H0,VNQ,calendar,30s,30,False,923.7,6,3,kalshi_leads_etf,-3.5437047092716054e-06,-1.4324453125242527,0.15201641846576353,0.32936890667582097,0.04022153245448068,22287,37,52,142,2,144,0.1705945291867034,Will the Federal Reserve Hike rates by 0bps at their November 2024 meeting?
FEDDECISION-24NOV-H0,VNQ,calendar,30s,30,False,923.7,6,4,kalshi_leads_etf,1.481098751800008e-06,0.7068363136139053,0.4796682049462868,0.5668806058456117,0.04022153245448068,22287,37,52,142,2,144,0.1705945291867034,Will the Federal Reserve Hike rates by 0bps at their November 2024 meeting?
FEDDECISION-24NOV-H0,VNQ,calendar,30s,30,False,923.7,6,5,kalshi_leads_etf,-1.778019286142924e-06,-1.2859881825262915,0.1984471859840382,0.3685447739703567,0.04022153245448068,22287,37,52,142,2,144,0.1705945291867034,Will the Federal Reserve Hike rates by 0bps at their November 2024 meeting?
FEDDECISION-24NOV-H0,VNQ,calendar,30s,30,False,923.7,6,6,kalshi_leads_etf,3.105457451057727e-07,0.17683431014475032,0.8596385381301361,0.8596385381301361,0.04022153245448068,22287,37,52,142,2,144,0.1705945291867034,Will the Federal Reserve Hike rates by 0bps at their November 2024 meeting?
FEDDECISION-24NOV-H0,VNQ,calendar,1min,60,False,923.7,6,-6,etf_leads_kalshi,1.2055264217572828e-05,1.309654783358975,0.19031264655237756,0.4595424744421632,0.045823082274153104,10911,37,52,135,2,139,0.1705945291867034,Will the Federal Reserve Hike rates by 0bps at their November 2024 meeting?
FEDDECISION-24NOV-H0,VNQ,calendar,1min,60,False,923.7,6,-5,etf_leads_kalshi,-1.3670714288598815e-06,-0.3883389909654076,0.6977651863198187,0.6977651863198187,0.045823082274153104,10911,37,52,135,2,139,0.1705945291867034,Will the Federal Reserve Hike rates by 0bps at their November 2024 meeting?
FEDDECISION-24NOV-H0,VNQ,calendar,1min,60,False,923.7,6,-4,etf_leads_kalshi,5.687451949249149e-06,0.6877961184227023,0.4915811808168832,0.6390555350619481,0.045823082274153104,10911,37,52,135,2,139,0.1705945291867034,Will the Federal Reserve Hike rates by 0bps at their November 2024 meeting?
FEDDECISION-24NOV-H0,VNQ,calendar,1min,60,False,923.7,6,-3,etf_leads_kalshi,-6.466024275842312e-06,-1.672855609872494,0.09435572430014605,0.39422844266802626,0.045823082274153104,10911,37,52,135,2,139,0.1705945291867034,Will the Federal Reserve Hike rates by 0bps at their November 2024 meeting?
FEDDECISION-24NOV-H0,VNQ,calendar,1min,60,False,923.7,6,-2,etf_leads_kalshi,-5.009014719557595e-06,-1.8335987381618228,0.06671357968180858,0.39422844266802626,0.045823082274153104,10911,37,52,135,2,139,0.1705945291867034,Will the Federal Reserve Hike rates by 0bps at their November 2024 meeting?
FEDDECISION-24NOV-H0,VNQ,calendar,1min,60,False,923.7,6,-1,etf_leads_kalshi,-4.687560558370978e-06,-0.7978620209839977,0.42495056508142315,0.613817482895389,0.045823082274153104,10911,37,52,135,2,139,0.1705945291867034,Will the Federal Reserve Hike rates by 0bps at their November 2024 meeting?
FEDDECISION-24NOV-H0,VNQ,calendar,1min,60,False,923.7,6,0,contemp,-5.846439452893359e-06,-2.2225099665089183,0.026248861244843217,0.3412351961829618,0.045823082274153104,10911,37,52,135,2,139,0.1705945291867034,Will the Federal Reserve Hike rates by 0bps at their November 2024 meeting?
FEDDECISION-24NOV-H0,VNQ,calendar,1min,60,False,923.7,6,1,kalshi_leads_etf,-3.283292052954195e-06,-1.164635292685023,0.24416665156786976,0.4595424744421632,0.045823082274153104,10911,37,52,135,2,139,0.1705945291867034,Will the Federal Reserve Hike rates by 0bps at their November 2024 meeting?
FEDDECISION-24NOV-H0,VNQ,calendar,1min,60,False,923.7,6,2,kalshi_leads_etf,4.433293188470233e-06,1.5493356283431525,0.12130105928246962,0.39422844266802626,0.045823082274153104,10911,37,52,135,2,139,0.1705945291867034,Will the Federal Reserve Hike rates by 0bps at their November 2024 meeting?
FEDDECISION-24NOV-H0,VNQ,calendar,1min,60,False,923.7,6,3,kalshi_leads_etf,2.1168462948094685e-06,0.45103051008177214,0.6519675596294356,0.6977651863198187,0.045823082274153104,10911,37,52,135,2,139,0.1705945291867034,Will the Federal Reserve Hike rates by 0bps at their November 2024 meeting?
FEDDECISION-24NOV-H0,VNQ,calendar,1min,60,False,923.7,6,4,kalshi_leads_etf,-7.89019741664443e-06,-1.004709661988517,0.31503667432821425,0.5119345957833481,0.045823082274153104,10911,37,52,135,2,139,0.1705945291867034,Will the Federal Reserve Hike rates by 0bps at their November 2024 meeting?
FEDDECISION-24NOV-H0,VNQ,calendar,1min,60,False,923.7,6,5,kalshi_leads_etf,-2.6348124064039446e-06,-1.1565752284376167,0.24744594777654938,0.4595424744421632,0.045823082274153104,10911,37,52,135,2,139,0.1705945291867034,Will the Federal Reserve Hike rates by 0bps at their November 2024 meeting?
FEDDECISION-24NOV-H0,VNQ,calendar,1min,60,False,923.7,6,6,kalshi_leads_etf,-3.001034551179262e-06,-0.5900485412716505,0.555158106622994,0.6560959441908112,0.045823082274153104,10911,37,52,135,2,139,0.1705945291867034,Will the Federal Reserve Hike rates by 0bps at their November 2024 meeting?
FEDDECISION-24NOV-H0,VNQ,calendar,2min,120,False,923.7,6,-6,etf_leads_kalshi,-9.295065428885678e-06,-1.6919759685309261,0.09065055574208832,0.23569144492942962,0.08260716429935944,5227,37,54,128,4,138,0.1705945291867034,Will the Federal Reserve Hike rates by 0bps at their November 2024 meeting?
FEDDECISION-24NOV-H0,VNQ,calendar,2min,120,False,923.7,6,-5,etf_leads_kalshi,4.368758489176461e-06,0.9559322349925312,0.33910647190068466,0.44083841347089003,0.08260716429935944,5227,37,54,128,4,138,0.1705945291867034,Will the Federal Reserve Hike rates by 0bps at their November 2024 meeting?
FEDDECISION-24NOV-H0,VNQ,calendar,2min,120,False,923.7,6,-4,etf_leads_kalshi,-4.389650742494145e-05,-2.2034250525529786,0.027564804048834733,0.16166478425164124,0.08260716429935944,5227,37,54,128,4,138,0.1705945291867034,Will the Federal Reserve Hike rates by 0bps at their November 2024 meeting?
FEDDECISION-24NOV-H0,VNQ,calendar,2min,120,False,923.7,6,-3,etf_leads_kalshi,4.4652524873191776e-05,1.3340815431744641,0.18217713395113266,0.263144749040525,0.08260716429935944,5227,37,54,128,4,138,0.1705945291867034,Will the Federal Reserve Hike rates by 0bps at their November 2024 meeting?
FEDDECISION-24NOV-H0,VNQ,calendar,2min,120,False,923.7,6,-2,etf_leads_kalshi,1.811753875896586e-05,1.5395916207519351,0.12365992924325074,0.263144749040525,0.08260716429935944,5227,37,54,128,4,138,0.1705945291867034,Will the Federal Reserve Hike rates by 0bps at their November 2024 meeting?
FEDDECISION-24NOV-H0,VNQ,calendar,2min,120,False,923.7,6,-1,etf_leads_kalshi,-2.0901952762389876e-05,-3.4357922597144896,0.0005908238226525187,0.007680709694482742,0.08260716429935944,5227,37,54,128,4,138,0.1705945291867034,Will the Federal Reserve Hike rates by 0bps at their November 2024 meeting?
FEDDECISION-24NOV-H0,VNQ,calendar,2min,120,False,923.7,6,0,contemp,-2.340732092564286e-06,-0.5879699173468185,0.5565524849801656,0.6577438458856503,0.08260716429935944,5227,37,54,128,4,138,0.1705945291867034,Will the Federal Reserve Hike rates by 0bps at their November 2024 meeting?
FEDDECISION-24NOV-H0,VNQ,calendar,2min,120,False,923.7,6,1,kalshi_leads_etf,-9.765300182071614e-06,-2.0823856524526096,0.03730725790422491,0.16166478425164124,0.08260716429935944,5227,37,54,128,4,138,0.1705945291867034,Will the Federal Reserve Hike rates by 0bps at their November 2024 meeting?
FEDDECISION-24NOV-H0,VNQ,calendar,2min,120,False,923.7,6,2,kalshi_leads_etf,3.682720775857752e-06,0.3855130996368323,0.6998573029841609,0.7581787448995077,0.08260716429935944,5227,37,54,128,4,138,0.1705945291867034,Will the Federal Reserve Hike rates by 0bps at their November 2024 meeting?
FEDDECISION-24NOV-H0,VNQ,calendar,2min,120,False,923.7,6,3,kalshi_leads_etf,-1.4515780880316278e-05,-1.3746148587610985,0.16925087955336438,0.263144749040525,0.08260716429935944,5227,37,54,128,4,138,0.1705945291867034,Will the Federal Reserve Hike rates by 0bps at their November 2024 meeting?
FEDDECISION-24NOV-H0,VNQ,calendar,2min,120,False,923.7,6,4,kalshi_leads_etf,4.644214259834782e-07,0.09691846134573524,0.9227911477912225,0.9227911477912225,0.08260716429935944,5227,37,54,128,4,138,0.1705945291867034,Will the Federal Reserve Hike rates by 0bps at their November 2024 meeting?
FEDDECISION-24NOV-H0,VNQ,calendar,2min,120,False,923.7,6,5,kalshi_leads_etf,1.4049715273191046e-05,1.4565220083625445,0.14524837014280645,0.263144749040525,0.08260716429935944,5227,37,54,128,4,138,0.1705945291867034,Will the Federal Reserve Hike rates by 0bps at their November 2024 meeting?
FEDDECISION-24NOV-H0,VNQ,calendar,2min,120,False,923.7,6,6,kalshi_leads_etf,2.493379954824528e-05,1.8027761520639838,0.0714233769217581,0.2321259749957138,0.08260716429935944,5227,37,54,128,4,138,0.1705945291867034,Will the Federal Reserve Hike rates by 0bps at their November 2024 meeting?
FEDDECISION-24NOV-H0,VNQ,calendar,5min,300,False,923.7,6,-6,etf_leads_kalshi,2.271361616065877e-05,1.1206946599528298,0.2624178560275827,0.5969116009937345,0.07752489875381663,1817,36,51,110,2,132,0.1705945291867034,Will the Federal Reserve Hike rates by 0bps at their November 2024 meeting?
FEDDECISION-24NOV-H0,VNQ,calendar,5min,300,False,923.7,6,-5,etf_leads_kalshi,1.4140583900273567e-05,0.9014855450283147,0.36733021599614435,0.5969116009937345,0.07752489875381663,1817,36,51,110,2,132,0.1705945291867034,Will the Federal Reserve Hike rates by 0bps at their November 2024 meeting?
FEDDECISION-24NOV-H0,VNQ,calendar,5min,300,False,923.7,6,-4,etf_leads_kalshi,-1.323557714882679e-05,-0.6631578108874414,0.5072294885358893,0.647143525526595,0.07752489875381663,1817,36,51,110,2,132,0.1705945291867034,Will the Federal Reserve Hike rates by 0bps at their November 2024 meeting?
FEDDECISION-24NOV-H0,VNQ,calendar,5min,300,False,923.7,6,-3,etf_leads_kalshi,-4.493828228842773e-05,-2.272680199736335,0.023045458704606843,0.2995909631598889,0.07752489875381663,1817,36,51,110,2,132,0.1705945291867034,Will the Federal Reserve Hike rates by 0bps at their November 2024 meeting?
FEDDECISION-24NOV-H0,VNQ,calendar,5min,300,False,923.7,6,-2,etf_leads_kalshi,-1.077771765276351e-05,-1.1132460205269155,0.2656027826097256,0.5969116009937345,0.07752489875381663,1817,36,51,110,2,132,0.1705945291867034,Will the Federal Reserve Hike rates by 0bps at their November 2024 meeting?
FEDDECISION-24NOV-H0,VNQ,calendar,5min,300,False,923.7,6,-1,etf_leads_kalshi,-5.566050357590568e-07,-0.0409023676593021,0.9673737299095683,0.9673737299095683,0.07752489875381663,1817,36,51,110,2,132,0.1705945291867034,Will the Federal Reserve Hike rates by 0bps at their November 2024 meeting?
FEDDECISION-24NOV-H0,VNQ,calendar,5min,300,False,923.7,6,0,contemp,-5.560678946693092e-05,-1.924462652890292,0.05429661769893716,0.3529280150430915,0.07752489875381663,1817,36,51,110,2,132,0.1705945291867034,Will the Federal Reserve Hike rates by 0bps at their November 2024 meeting?
FEDDECISION-24NOV-H0,VNQ,calendar,5min,300,False,923.7,6,1,kalshi_leads_etf,-5.7815327237562715e-06,-0.3287836190767314,0.7423192454539274,0.8041791825750879,0.07752489875381663,1817,36,51,110,2,132,0.1705945291867034,Will the Federal Reserve Hike rates by 0bps at their November 2024 meeting?
FEDDECISION-24NOV-H0,VNQ,calendar,5min,300,False,923.7,6,2,kalshi_leads_etf,1.010995225238807e-05,0.6128751570402005,0.5399588909487049,0.647143525526595,0.07752489875381663,1817,36,51,110,2,132,0.1705945291867034,Will the Federal Reserve Hike rates by 0bps at their November 2024 meeting?
FEDDECISION-24NOV-H0,VNQ,calendar,5min,300,False,923.7,6,3,kalshi_leads_etf,5.4467922024012355e-05,1.2842819088479018,0.1990433344975986,0.5969116009937345,0.07752489875381663,1817,36,51,110,2,132,0.1705945291867034,Will the Federal Reserve Hike rates by 0bps at their November 2024 meeting?
FEDDECISION-24NOV-H0,VNQ,calendar,5min,300,False,923.7,6,4,kalshi_leads_etf,-4.0627554547491493e-05,-1.0479787980704203,0.2946483753527259,0.5969116009937345,0.07752489875381663,1817,36,51,110,2,132,0.1705945291867034,Will the Federal Reserve Hike rates by 0bps at their November 2024 meeting?
FEDDECISION-24NOV-H0,VNQ,calendar,5min,300,False,923.7,6,5,kalshi_leads_etf,1.231631192852362e-05,0.952415555019007,0.34088627376413805,0.5969116009937345,0.07752489875381663,1817,36,51,110,2,132,0.1705945291867034,Will the Federal Reserve Hike rates by 0bps at their November 2024 meeting?
FEDDECISION-24NOV-H0,VNQ,calendar,5min,300,False,923.7,6,6,kalshi_leads_etf,-9.534179728882763e-06,-0.6013859069312613,0.5475829831378881,0.647143525526595,0.07752489875381663,1817,36,51,110,2,132,0.1705945291867034,Will the Federal Reserve Hike rates by 0bps at their November 2024 meeting?
FEDDECISION-24NOV-H0,VNQ,calendar,10min,600,True,923.7,6,-6,etf_leads_kalshi,-2.417433682634957e-05,-0.688889287052203,0.49089294155588126,0.9133912124973086,0.07363168957524302,685,36,50,74,1,118,0.1705945291867034,Will the Federal Reserve Hike rates by 0bps at their November 2024 meeting?
FEDDECISION-24NOV-H0,VNQ,calendar,10min,600,True,923.7,6,-5,etf_leads_kalshi,-7.56183677682103e-06,-0.2273022299689825,0.8201887392240822,0.9133912124973086,0.07363168957524302,685,36,50,74,1,118,0.1705945291867034,Will the Federal Reserve Hike rates by 0bps at their November 2024 meeting?
FEDDECISION-24NOV-H0,VNQ,calendar,10min,600,True,923.7,6,-4,etf_leads_kalshi,-4.942534866283101e-06,-0.2044056672466336,0.8380365018575785,0.9133912124973086,0.07363168957524302,685,36,50,74,1,118,0.1705945291867034,Will the Federal Reserve Hike rates by 0bps at their November 2024 meeting?
FEDDECISION-24NOV-H0,VNQ,calendar,10min,600,True,923.7,6,-3,etf_leads_kalshi,2.401206431383377e-06,0.1309033390184002,0.8958517732597228,0.9133912124973086,0.07363168957524302,685,36,50,74,1,118,0.1705945291867034,Will the Federal Reserve Hike rates by 0bps at their November 2024 meeting?
FEDDECISION-24NOV-H0,VNQ,calendar,10min,600,True,923.7,6,-2,etf_leads_kalshi,4.9950413481948416e-05,1.1714706717822185,0.24140963978799468,0.7845813293109827,0.07363168957524302,685,36,50,74,1,118,0.1705945291867034,Will the Federal Reserve Hike rates by 0bps at their November 2024 meeting?
FEDDECISION-24NOV-H0,VNQ,calendar,10min,600,True,923.7,6,-1,etf_leads_kalshi,-0.00010350288190024971,-2.234715657938369,0.025436021991709218,0.3306682858922198,0.07363168957524302,685,36,50,74,1,118,0.1705945291867034,Will the Federal Reserve Hike rates by 0bps at their November 2024 meeting?
FEDDECISION-24NOV-H0,VNQ,calendar,10min,600,True,923.7,6,0,contemp,-1.0969791229915006e-05,-0.448527004381317,0.6537729015501237,0.9133912124973086,0.07363168957524302,685,36,50,74,1,118,0.1705945291867034,Will the Federal Reserve Hike rates by 0bps at their November 2024 meeting?
FEDDECISION-24NOV-H0,VNQ,calendar,10min,600,True,923.7,6,1,kalshi_leads_etf,5.385127316454243e-06,0.18109248317785304,0.8562949846079956,0.9133912124973086,0.07363168957524302,685,36,50,74,1,118,0.1705945291867034,Will the Federal Reserve Hike rates by 0bps at their November 2024 meeting?
FEDDECISION-24NOV-H0,VNQ,calendar,10min,600,True,923.7,6,2,kalshi_leads_etf,8.105441906454342e-06,0.24930307315994676,0.8031263543226848,0.9133912124973086,0.07363168957524302,685,36,50,74,1,118,0.1705945291867034,Will the Federal Reserve Hike rates by 0bps at their November 2024 meeting?
FEDDECISION-24NOV-H0,VNQ,calendar,10min,600,True,923.7,6,3,kalshi_leads_etf,2.102636719085529e-05,0.72835031108018,0.46639917187419544,0.9133912124973086,0.07363168957524302,685,36,50,74,1,118,0.1705945291867034,Will the Federal Reserve Hike rates by 0bps at their November 2024 meeting?
FEDDECISION-24NOV-H0,VNQ,calendar,10min,600,True,923.7,6,4,kalshi_leads_etf,3.619999172556922e-05,1.8849754464205004,0.05943315288064622,0.3808609218701908,0.07363168957524302,685,36,50,74,1,118,0.1705945291867034,Will the Federal Reserve Hike rates by 0bps at their November 2024 meeting?
FEDDECISION-24NOV-H0,VNQ,calendar,10min,600,True,923.7,6,5,kalshi_leads_etf,3.913629503954045e-05,1.7066292660232554,0.08789098197004404,0.3808609218701908,0.07363168957524302,685,36,50,74,1,118,0.1705945291867034,Will the Federal Reserve Hike rates by 0bps at their November 2024 meeting?
FEDDECISION-24NOV-H0,VNQ,calendar,10min,600,True,923.7,6,6,kalshi_leads_etf,2.7514811759362143e-06,0.10876206565290884,0.9133912124973086,0.9133912124973086,0.07363168957524302,685,36,50,74,1,118,0.1705945291867034,Will the Federal Reserve Hike rates by 0bps at their November 2024 meeting?
KXFEDDECISION-24DEC-C25,VIS,calendar,30s,30,False,267.1,10,-10,etf_leads_kalshi,-7.548788207836829e-07,-0.8388581700650355,0.4015489034150178,0.8968069120922919,0.0685742140025386,24144,33,55,657,1,680,0.1537791226116408,Will the Federal Reserve Cut rates by 25bps at their December 2024 meeting?
KXFEDDECISION-24DEC-C25,VIS,calendar,30s,30,False,267.1,10,-9,etf_leads_kalshi,-8.774974650387025e-07,-1.4481670676537166,0.14757033235839884,0.5516750210332031,0.0685742140025386,24144,33,55,657,1,680,0.1537791226116408,Will the Federal Reserve Cut rates by 25bps at their December 2024 meeting?
KXFEDDECISION-24DEC-C25,VIS,calendar,30s,30,False,267.1,10,-8,etf_leads_kalshi,-1.138589423794297e-06,-1.413116629006615,0.15762143458091515,0.5516750210332031,0.0685742140025386,24144,33,55,657,1,680,0.1537791226116408,Will the Federal Reserve Cut rates by 25bps at their December 2024 meeting?
KXFEDDECISION-24DEC-C25,VIS,calendar,30s,30,False,267.1,10,-7,etf_leads_kalshi,-1.3408405852969152e-06,-2.6287546118346,0.008569817537394166,0.059988722761759164,0.0685742140025386,24144,33,55,657,1,680,0.1537791226116408,Will the Federal Reserve Cut rates by 25bps at their December 2024 meeting?
KXFEDDECISION-24DEC-C25,VIS,calendar,30s,30,False,267.1,10,-6,etf_leads_kalshi,-1.3885760615316906e-06,-1.1019495543468005,0.2704836032666049,0.8114508097998148,0.0685742140025386,24144,33,55,657,1,680,0.1537791226116408,Will the Federal Reserve Cut rates by 25bps at their December 2024 meeting?
KXFEDDECISION-24DEC-C25,VIS,calendar,30s,30,False,267.1,10,-5,etf_leads_kalshi,1.2043390298397032e-07,0.15210523637719434,0.8791039342346082,0.9951706396853979,0.0685742140025386,24144,33,55,657,1,680,0.1537791226116408,Will the Federal Reserve Cut rates by 25bps at their December 2024 meeting?
KXFEDDECISION-24DEC-C25,VIS,calendar,30s,30,False,267.1,10,-4,etf_leads_kalshi,4.572622909166125e-09,0.0060527425140131435,0.9951706396853979,0.9951706396853979,0.0685742140025386,24144,33,55,657,1,680,0.1537791226116408,Will the Federal Reserve Cut rates by 25bps at their December 2024 meeting?
KXFEDDECISION-24DEC-C25,VIS,calendar,30s,30,False,267.1,10,-3,etf_leads_kalshi,-1.4161064880528492e-07,-0.13243296135834687,0.8946418448782784,0.9951706396853979,0.0685742140025386,24144,33,55,657,1,680,0.1537791226116408,Will the Federal Reserve Cut rates by 25bps at their December 2024 meeting?
KXFEDDECISION-24DEC-C25,VIS,calendar,30s,30,False,267.1,10,-2,etf_leads_kalshi,-8.958098861713947e-07,-0.9545682630607566,0.3397960730470796,0.891964691748584,0.0685742140025386,24144,33,55,657,1,680,0.1537791226116408,Will the Federal Reserve Cut rates by 25bps at their December 2024 meeting?
KXFEDDECISION-24DEC-C25,VIS,calendar,30s,30,False,267.1,10,-1,etf_leads_kalshi,-8.311930189540408e-07,-2.170352996030876,0.029980114719644763,0.157395602278135,0.0685742140025386,24144,33,55,657,1,680,0.1537791226116408,Will the Federal Reserve Cut rates by 25bps at their December 2024 meeting?
KXFEDDECISION-24DEC-C25,VIS,calendar,30s,30,False,267.1,10,0,contemp,-7.470859380176629e-07,-0.7859978766652828,0.43186873109729695,0.8968069120922919,0.0685742140025386,24144,33,55,657,1,680,0.1537791226116408,Will the Federal Reserve Cut rates by 25bps at their December 2024 meeting?
KXFEDDECISION-24DEC-C25,VIS,calendar,30s,30,False,267.1,10,1,kalshi_leads_etf,-2.518991989125153e-07,-0.39251414372071947,0.6946783629537967,0.9951706396853979,0.0685742140025386,24144,33,55,657,1,680,0.1537791226116408,Will the Federal Reserve Cut rates by 25bps at their December 2024 meeting?
KXFEDDECISION-24DEC-C25,VIS,calendar,30s,30,False,267.1,10,2,kalshi_leads_etf,-1.53018552953377e-07,-0.2198676647834317,0.8259742198650848,0.9951706396853979,0.0685742140025386,24144,33,55,657,1,680,0.1537791226116408,Will the Federal Reserve Cut rates by 25bps at their December 2024 meeting?
KXFEDDECISION-24DEC-C25,VIS,calendar,30s,30,False,267.1,10,3,kalshi_leads_etf,2.700834709889528e-07,0.36910846685890064,0.7120468782314934,0.9951706396853979,0.0685742140025386,24144,33,55,657,1,680,0.1537791226116408,Will the Federal Reserve Cut rates by 25bps at their December 2024 meeting?
KXFEDDECISION-24DEC-C25,VIS,calendar,30s,30,False,267.1,10,4,kalshi_leads_etf,1.084970623306223e-07,0.1187869703511693,0.9054441317440234,0.9951706396853979,0.0685742140025386,24144,33,55,657,1,680,0.1537791226116408,Will the Federal Reserve Cut rates by 25bps at their December 2024 meeting?
KXFEDDECISION-24DEC-C25,VIS,calendar,30s,30,False,267.1,10,5,kalshi_leads_etf,1.1142727864600022e-07,0.1379001186362529,0.8903193566464779,0.9951706396853979,0.0685742140025386,24144,33,55,657,1,680,0.1537791226116408,Will the Federal Reserve Cut rates by 25bps at their December 2024 meeting?
KXFEDDECISION-24DEC-C25,VIS,calendar,30s,30,False,267.1,10,6,kalshi_leads_etf,-4.703126576167196e-08,-0.05015706616432691,0.9599972247006721,0.9951706396853979,0.0685742140025386,24144,33,55,657,1,680,0.1537791226116408,Will the Federal Reserve Cut rates by 25bps at their December 2024 meeting?
KXFEDDECISION-24DEC-C25,VIS,calendar,30s,30,False,267.1,10,7,kalshi_leads_etf,2.234163473557327e-06,2.9381856820276306,0.0033013923093717294,0.03466461924840316,0.0685742140025386,24144,33,55,657,1,680,0.1537791226116408,Will the Federal Reserve Cut rates by 25bps at their December 2024 meeting?
KXFEDDECISION-24DEC-C25,VIS,calendar,30s,30,False,267.1,10,8,kalshi_leads_etf,-1.6005535115721227e-06,-4.075077353267739,4.5999054340913853e-05,0.000965980141159191,0.0685742140025386,24144,33,55,657,1,680,0.1537791226116408,Will the Federal Reserve Cut rates by 25bps at their December 2024 meeting?
KXFEDDECISION-24DEC-C25,VIS,calendar,30s,30,False,267.1,10,9,kalshi_leads_etf,2.8595252399035636e-07,0.3410638794682104,0.7330554926516608,0.9951706396853979,0.0685742140025386,24144,33,55,657,1,680,0.1537791226116408,Will the Federal Reserve Cut rates by 25bps at their December 2024 meeting?
KXFEDDECISION-24DEC-C25,VIS,calendar,30s,30,False,267.1,10,10,kalshi_leads_etf,-6.052891100381249e-07,-0.722876110807697,0.4697560015721529,0.8968069120922919,0.0685742140025386,24144,33,55,657,1,680,0.1537791226116408,Will the Federal Reserve Cut rates by 25bps at their December 2024 meeting?
KXFEDDECISION-24DEC-C25,VIS,calendar,1min,60,False,267.1,10,-10,etf_leads_kalshi,-3.6883940862414985e-06,-1.5011081512961046,0.13332759085252407,0.305318174671705,0.07363299122998135,11737,33,55,610,1,652,0.1537791226116408,Will the Federal Reserve Cut rates by 25bps at their December 2024 meeting?
KXFEDDECISION-24DEC-C25,VIS,calendar,1min,60,False,267.1,10,-9,etf_leads_kalshi,2.0379641202588157e-06,1.3493331309058045,0.1772299885447417,0.3383481599490523,0.07363299122998135,11737,33,55,610,1,652,0.1537791226116408,Will the Federal Reserve Cut rates by 25bps at their December 2024 meeting?
KXFEDDECISION-24DEC-C25,VIS,calendar,1min,60,False,267.1,10,-8,etf_leads_kalshi,-4.741320704240584e-06,-3.302831419187528,0.0009571390986968173,0.020099921072633163,0.07363299122998135,11737,33,55,610,1,652,0.1537791226116408,Will the Federal Reserve Cut rates by 25bps at their December 2024 meeting?
KXFEDDECISION-24DEC-C25,VIS,calendar,1min,60,False,267.1,10,-7,etf_leads_kalshi,-7.598525065200875e-07,-0.48481618287793715,0.6278067423099003,0.7755259757945827,0.07363299122998135,11737,33,55,610,1,652,0.1537791226116408,Will the Federal Reserve Cut rates by 25bps at their December 2024 meeting?
KXFEDDECISION-24DEC-C25,VIS,calendar,1min,60,False,267.1,10,-6,etf_leads_kalshi,4.804280780282042e-06,1.4560108979922826,0.1453896069865262,0.305318174671705,0.07363299122998135,11737,33,55,610,1,652,0.1537791226116408,Will the Federal Reserve Cut rates by 25bps at their December 2024 meeting?
KXFEDDECISION-24DEC-C25,VIS,calendar,1min,60,False,267.1,10,-5,etf_leads_kalshi,-2.580502851046026e-06,-2.4615296161082965,0.013834597524693747,0.14526327400928435,0.07363299122998135,11737,33,55,610,1,652,0.1537791226116408,Will the Federal Reserve Cut rates by 25bps at their December 2024 meeting?
KXFEDDECISION-24DEC-C25,VIS,calendar,1min,60,False,267.1,10,-4,etf_leads_kalshi,-1.834973383449371e-06,-1.9577400798742395,0.05026051967295561,0.26386772828301697,0.07363299122998135,11737,33,55,610,1,652,0.1537791226116408,Will the Federal Reserve Cut rates by 25bps at their December 2024 meeting?
KXFEDDECISION-24DEC-C25,VIS,calendar,1min,60,False,267.1,10,-3,etf_leads_kalshi,-3.6391300265460604e-06,-1.717380346916375,0.0859097001562614,0.305318174671705,0.07363299122998135,11737,33,55,610,1,652,0.1537791226116408,Will the Federal Reserve Cut rates by 25bps at their December 2024 meeting?
KXFEDDECISION-24DEC-C25,VIS,calendar,1min,60,False,267.1,10,-2,etf_leads_kalshi,-1.5656090356277905e-06,-0.505633031212144,0.6131142888943559,0.7755259757945827,0.07363299122998135,11737,33,55,610,1,652,0.1537791226116408,Will the Federal Reserve Cut rates by 25bps at their December 2024 meeting?
KXFEDDECISION-24DEC-C25,VIS,calendar,1min,60,False,267.1,10,-1,etf_leads_kalshi,-8.891622006387015e-07,-0.5856685139571545,0.5580982967859813,0.7755259757945827,0.07363299122998135,11737,33,55,610,1,652,0.1537791226116408,Will the Federal Reserve Cut rates by 25bps at their December 2024 meeting?
KXFEDDECISION-24DEC-C25,VIS,calendar,1min,60,False,267.1,10,0,contemp,-2.593440800674765e-06,-1.7010330347931177,0.08893678413472757,0.305318174671705,0.07363299122998135,11737,33,55,610,1,652,0.1537791226116408,Will the Federal Reserve Cut rates by 25bps at their December 2024 meeting?
KXFEDDECISION-24DEC-C25,VIS,calendar,1min,60,False,267.1,10,1,kalshi_leads_etf,-3.2324356370485344e-09,-0.0019229791155406203,0.9984656855985743,0.9984656855985743,0.07363299122998135,11737,33,55,610,1,652,0.1537791226116408,Will the Federal Reserve Cut rates by 25bps at their December 2024 meeting?
KXFEDDECISION-24DEC-C25,VIS,calendar,1min,60,False,267.1,10,2,kalshi_leads_etf,5.763014593048763e-07,0.29921051199262444,0.7647794290928005,0.892242667274934,0.07363299122998135,11737,33,55,610,1,652,0.1537791226116408,Will the Federal Reserve Cut rates by 25bps at their December 2024 meeting?
KXFEDDECISION-24DEC-C25,VIS,calendar,1min,60,False,267.1,10,3,kalshi_leads_etf,1.7724023562597554e-06,1.5153723812221807,0.129678127595126,0.305318174671705,0.07363299122998135,11737,33,55,610,1,652,0.1537791226116408,Will the Federal Reserve Cut rates by 25bps at their December 2024 meeting?
KXFEDDECISION-24DEC-C25,VIS,calendar,1min,60,False,267.1,10,4,kalshi_leads_etf,1.1146015775290866e-06,0.6881361200005566,0.4913670664680674,0.7755259757945827,0.07363299122998135,11737,33,55,610,1,652,0.1537791226116408,Will the Federal Reserve Cut rates by 25bps at their December 2024 meeting?
KXFEDDECISION-24DEC-C25,VIS,calendar,1min,60,False,267.1,10,5,kalshi_leads_etf,-3.1270415848258377e-07,-0.15832632346479542,0.8741996666148963,0.9662206841533065,0.07363299122998135,11737,33,55,610,1,652,0.1537791226116408,Will the Federal Reserve Cut rates by 25bps at their December 2024 meeting?
KXFEDDECISION-24DEC-C25,VIS,calendar,1min,60,False,267.1,10,6,kalshi_leads_etf,2.8415587813345817e-06,1.564612543285152,0.11767378599369636,0.305318174671705,0.07363299122998135,11737,33,55,610,1,652,0.1537791226116408,Will the Federal Reserve Cut rates by 25bps at their December 2024 meeting?
KXFEDDECISION-24DEC-C25,VIS,calendar,1min,60,False,267.1,10,7,kalshi_leads_etf,-8.02261332305138e-07,-0.795873503972047,0.4261055630816608,0.7456847353929065,0.07363299122998135,11737,33,55,610,1,652,0.1537791226116408,Will the Federal Reserve Cut rates by 25bps at their December 2024 meeting?
KXFEDDECISION-24DEC-C25,VIS,calendar,1min,60,False,267.1,10,8,kalshi_leads_etf,4.407715706030581e-06,2.2767424665631864,0.022801608987636668,0.15961126291345668,0.07363299122998135,11737,33,55,610,1,652,0.1537791226116408,Will the Federal Reserve Cut rates by 25bps at their December 2024 meeting?
KXFEDDECISION-24DEC-C25,VIS,calendar,1min,60,False,267.1,10,9,kalshi_leads_etf,-1.053761082377059e-06,-0.6255801240706631,0.5315903789819589,0.7755259757945827,0.07363299122998135,11737,33,55,610,1,652,0.1537791226116408,Will the Federal Reserve Cut rates by 25bps at their December 2024 meeting?
KXFEDDECISION-24DEC-C25,VIS,calendar,1min,60,False,267.1,10,10,kalshi_leads_etf,1.876610043738354e-08,0.01023423664723862,0.9918344031313722,0.9984656855985743,0.07363299122998135,11737,33,55,610,1,652,0.1537791226116408,Will the Federal Reserve Cut rates by 25bps at their December 2024 meeting?
KXFEDDECISION-24DEC-C25,VIS,calendar,2min,120,False,267.1,10,-10,etf_leads_kalshi,3.2556230868511757e-06,0.4931520967256433,0.6219051225439715,0.8195135948100077,0.08041868621420745,5530,33,56,527,2,606,0.1537791226116408,Will the Federal Reserve Cut rates by 25bps at their December 2024 meeting?
KXFEDDECISION-24DEC-C25,VIS,calendar,2min,120,False,267.1,10,-9,etf_leads_kalshi,-9.138573257863653e-06,-3.5161690393740477,0.00043782213520515977,0.009194264839308356,0.08041868621420745,5530,33,56,527,2,606,0.1537791226116408,Will the Federal Reserve Cut rates by 25bps at their December 2024 meeting?
KXFEDDECISION-24DEC-C25,VIS,calendar,2min,120,False,267.1,10,-8,etf_leads_kalshi,-2.6360958431830433e-06,-0.48963626404110305,0.6243913103314345,0.8195135948100077,0.08041868621420745,5530,33,56,527,2,606,0.1537791226116408,Will the Federal Reserve Cut rates by 25bps at their December 2024 meeting?
KXFEDDECISION-24DEC-C25,VIS,calendar,2min,120,False,267.1,10,-7,etf_leads_kalshi,-8.566440621478105e-07,-0.19284633923717842,0.8470793111258921,0.8470793111258921,0.08041868621420745,5530,33,56,527,2,606,0.1537791226116408,Will the Federal Reserve Cut rates by 25bps at their December 2024 meeting?
KXFEDDECISION-24DEC-C25,VIS,calendar,2min,120,False,267.1,10,-6,etf_leads_kalshi,-1.5949535661903976e-06,-0.3181328579842217,0.7503841602988317,0.8367069623549916,0.08041868621420745,5530,33,56,527,2,606,0.1537791226116408,Will the Federal Reserve Cut rates by 25bps at their December 2024 meeting?
KXFEDDECISION-24DEC-C25,VIS,calendar,2min,120,False,267.1,10,-5,etf_leads_kalshi,-3.911379184590875e-06,-1.5128508054794472,0.130317560252949,0.38572812355328345,0.08041868621420745,5530,33,56,527,2,606,0.1537791226116408,Will the Federal Reserve Cut rates by 25bps at their December 2024 meeting?
KXFEDDECISION-24DEC-C25,VIS,calendar,2min,120,False,267.1,10,-4,etf_leads_kalshi,-4.450198887529965e-06,-1.4504106209968244,0.1469440470679175,0.38572812355328345,0.08041868621420745,5530,33,56,527,2,606,0.1537791226116408,Will the Federal Reserve Cut rates by 25bps at their December 2024 meeting?
KXFEDDECISION-24DEC-C25,VIS,calendar,2min,120,False,267.1,10,-3,etf_leads_kalshi,9.257049862900503e-07,0.2574080701327351,0.7968637736714206,0.8367069623549916,0.08041868621420745,5530,33,56,527,2,606,0.1537791226116408,Will the Federal Reserve Cut rates by 25bps at their December 2024 meeting?
KXFEDDECISION-24DEC-C25,VIS,calendar,2min,120,False,267.1,10,-2,etf_leads_kalshi,-4.721525649743544e-06,-1.4577004862354037,0.14492311788297035,0.38572812355328345,0.08041868621420745,5530,33,56,527,2,606,0.1537791226116408,Will the Federal Reserve Cut rates by 25bps at their December 2024 meeting?
KXFEDDECISION-24DEC-C25,VIS,calendar,2min,120,False,267.1,10,-1,etf_leads_kalshi,-5.34221992921219e-06,-0.7272805514372669,0.4670541096572183,0.8195135948100077,0.08041868621420745,5530,33,56,527,2,606,0.1537791226116408,Will the Federal Reserve Cut rates by 25bps at their December 2024 meeting?
KXFEDDECISION-24DEC-C25,VIS,calendar,2min,120,False,267.1,10,0,contemp,-4.451460684031363e-06,-1.6126496089817581,0.1068206540863228,0.38572812355328345,0.08041868621420745,5530,33,56,527,2,606,0.1537791226116408,Will the Federal Reserve Cut rates by 25bps at their December 2024 meeting?
KXFEDDECISION-24DEC-C25,VIS,calendar,2min,120,False,267.1,10,1,kalshi_leads_etf,-3.491709659319796e-06,-0.5709051278868925,0.5680639547661832,0.8195135948100077,0.08041868621420745,5530,33,56,527,2,606,0.1537791226116408,Will the Federal Reserve Cut rates by 25bps at their December 2024 meeting?
KXFEDDECISION-24DEC-C25,VIS,calendar,2min,120,False,267.1,10,2,kalshi_leads_etf,2.0950853108209028e-06,0.5564708759479545,0.577888998724665,0.8195135948100077,0.08041868621420745,5530,33,56,527,2,606,0.1537791226116408,Will the Federal Reserve Cut rates by 25bps at their December 2024 meeting?
KXFEDDECISION-24DEC-C25,VIS,calendar,2min,120,False,267.1,10,3,kalshi_leads_etf,6.296346285978542e-06,1.8910267440257988,0.05862077427006181,0.38572812355328345,0.08041868621420745,5530,33,56,527,2,606,0.1537791226116408,Will the Federal Reserve Cut rates by 25bps at their December 2024 meeting?
KXFEDDECISION-24DEC-C25,VIS,calendar,2min,120,False,267.1,10,4,kalshi_leads_etf,5.251875033494401e-06,1.7835350210579126,0.07449925240197519,0.38572812355328345,0.08041868621420745,5530,33,56,527,2,606,0.1537791226116408,Will the Federal Reserve Cut rates by 25bps at their December 2024 meeting?
KXFEDDECISION-24DEC-C25,VIS,calendar,2min,120,False,267.1,10,5,kalshi_leads_etf,-2.8116813720072518e-06,-0.9302478724026332,0.3522427605968693,0.8195135948100077,0.08041868621420745,5530,33,56,527,2,606,0.1537791226116408,Will the Federal Reserve Cut rates by 25bps at their December 2024 meeting?
KXFEDDECISION-24DEC-C25,VIS,calendar,2min,120,False,267.1,10,6,kalshi_leads_etf,-1.1267875078808167e-06,-0.3150721170202469,0.7527068985266975,0.8367069623549916,0.08041868621420745,5530,33,56,527,2,606,0.1537791226116408,Will the Federal Reserve Cut rates by 25bps at their December 2024 meeting?
KXFEDDECISION-24DEC-C25,VIS,calendar,2min,120,False,267.1,10,7,kalshi_leads_etf,-1.4642324052297946e-06,-0.2971758567672905,0.7663322532108029,0.8367069623549916,0.08041868621420745,5530,33,56,527,2,606,0.1537791226116408,Will the Federal Reserve Cut rates by 25bps at their December 2024 meeting?
KXFEDDECISION-24DEC-C25,VIS,calendar,2min,120,False,267.1,10,8,kalshi_leads_etf,-2.7832605536784315e-06,-0.5278552202821334,0.5975998269547618,0.8195135948100077,0.08041868621420745,5530,33,56,527,2,606,0.1537791226116408,Will the Federal Reserve Cut rates by 25bps at their December 2024 meeting?
KXFEDDECISION-24DEC-C25,VIS,calendar,2min,120,False,267.1,10,9,kalshi_leads_etf,3.442429608075228e-06,0.8576432611816932,0.3910894791589422,0.8195135948100077,0.08041868621420745,5530,33,56,527,2,606,0.1537791226116408,Will the Federal Reserve Cut rates by 25bps at their December 2024 meeting?
KXFEDDECISION-24DEC-C25,VIS,calendar,2min,120,False,267.1,10,10,kalshi_leads_etf,-7.531352829276254e-06,-2.637564079586731,0.008350384730431435,0.08767903966953007,0.08041868621420745,5530,33,56,527,2,606,0.1537791226116408,Will the Federal Reserve Cut rates by 25bps at their December 2024 meeting?
KXFEDDECISION-24DEC-C25,VIS,calendar,5min,300,True,267.1,10,-10,etf_leads_kalshi,3.0888997323679784e-05,3.124521259244302,0.0017809465200009254,0.037399876920019434,0.10012887052495612,1807,33,55,344,1,506,0.1537791226116408,Will the Federal Reserve Cut rates by 25bps at their December 2024 meeting?
KXFEDDECISION-24DEC-C25,VIS,calendar,5min,300,True,267.1,10,-9,etf_leads_kalshi,2.48819909019224e-05,2.2683374121539988,0.023308649312539148,0.09789632711266442,0.10012887052495612,1807,33,55,344,1,506,0.1537791226116408,Will the Federal Reserve Cut rates by 25bps at their December 2024 meeting?
KXFEDDECISION-24DEC-C25,VIS,calendar,5min,300,True,267.1,10,-8,etf_leads_kalshi,-8.910587344569452e-06,-0.7279469742374954,0.4666460464634865,0.8166305813111014,0.10012887052495612,1807,33,55,344,1,506,0.1537791226116408,Will the Federal Reserve Cut rates by 25bps at their December 2024 meeting?
KXFEDDECISION-24DEC-C25,VIS,calendar,5min,300,True,267.1,10,-7,etf_leads_kalshi,3.569922952151206e-05,2.7762912092973444,0.005498293706104575,0.038488055942732025,0.10012887052495612,1807,33,55,344,1,506,0.1537791226116408,Will the Federal Reserve Cut rates by 25bps at their December 2024 meeting?
KXFEDDECISION-24DEC-C25,VIS,calendar,5min,300,True,267.1,10,-6,etf_leads_kalshi,4.8906742470270575e-06,0.6077588156545393,0.5433474479299494,0.8251438191832002,0.10012887052495612,1807,33,55,344,1,506,0.1537791226116408,Will the Federal Reserve Cut rates by 25bps at their December 2024 meeting?
KXFEDDECISION-24DEC-C25,VIS,calendar,5min,300,True,267.1,10,-5,etf_leads_kalshi,2.4338688407413986e-05,2.6781979575286052,0.007401945750225351,0.038860215188683093,0.10012887052495612,1807,33,55,344,1,506,0.1537791226116408,Will the Federal Reserve Cut rates by 25bps at their December 2024 meeting?
KXFEDDECISION-24DEC-C25,VIS,calendar,5min,300,True,267.1,10,-4,etf_leads_kalshi,1.5692370160123563e-05,0.88710575984922,0.3750219633238747,0.8166305813111014,0.10012887052495612,1807,33,55,344,1,506,0.1537791226116408,Will the Federal Reserve Cut rates by 25bps at their December 2024 meeting?
KXFEDDECISION-24DEC-C25,VIS,calendar,5min,300,True,267.1,10,-3,etf_leads_kalshi,1.456643930853362e-05,1.412208136389175,0.15788868548680068,0.4144577994028518,0.10012887052495612,1807,33,55,344,1,506,0.1537791226116408,Will the Federal Reserve Cut rates by 25bps at their December 2024 meeting?
KXFEDDECISION-24DEC-C25,VIS,calendar,5min,300,True,267.1,10,-2,etf_leads_kalshi,-7.526809163933503e-06,-0.8444397547337439,0.3984237152076672,0.8166305813111014,0.10012887052495612,1807,33,55,344,1,506,0.1537791226116408,Will the Federal Reserve Cut rates by 25bps at their December 2024 meeting?
KXFEDDECISION-24DEC-C25,VIS,calendar,5min,300,True,267.1,10,-1,etf_leads_kalshi,-2.5093812957445172e-05,-2.024494565117755,0.042919290616961425,0.150217517159365,0.10012887052495612,1807,33,55,344,1,506,0.1537791226116408,Will the Federal Reserve Cut rates by 25bps at their December 2024 meeting?
KXFEDDECISION-24DEC-C25,VIS,calendar,5min,300,True,267.1,10,0,contemp,-1.1270571758993492e-08,-0.0008125390443236042,0.9993516877128228,0.9993516877128228,0.10012887052495612,1807,33,55,344,1,506,0.1537791226116408,Will the Federal Reserve Cut rates by 25bps at their December 2024 meeting?
KXFEDDECISION-24DEC-C25,VIS,calendar,5min,300,True,267.1,10,1,kalshi_leads_etf,2.1491360781323787e-05,2.846260984131374,0.004423592368167828,0.038488055942732025,0.10012887052495612,1807,33,55,344,1,506,0.1537791226116408,Will the Federal Reserve Cut rates by 25bps at their December 2024 meeting?
KXFEDDECISION-24DEC-C25,VIS,calendar,5min,300,True,267.1,10,2,kalshi_leads_etf,6.315343699399341e-06,0.48822435849448964,0.625390932805727,0.8251438191832002,0.10012887052495612,1807,33,55,344,1,506,0.1537791226116408,Will the Federal Reserve Cut rates by 25bps at their December 2024 meeting?
KXFEDDECISION-24DEC-C25,VIS,calendar,5min,300,True,267.1,10,3,kalshi_leads_etf,9.307697846850867e-07,0.09225517434397902,0.9264953021186261,0.9973531675324567,0.10012887052495612,1807,33,55,344,1,506,0.1537791226116408,Will the Federal Reserve Cut rates by 25bps at their December 2024 meeting?
KXFEDDECISION-24DEC-C25,VIS,calendar,5min,300,True,267.1,10,4,kalshi_leads_etf,3.7695915398650944e-06,0.49489967220323705,0.6206709420899095,0.8251438191832002,0.10012887052495612,1807,33,55,344,1,506,0.1537791226116408,Will the Federal Reserve Cut rates by 25bps at their December 2024 meeting?
KXFEDDECISION-24DEC-C25,VIS,calendar,5min,300,True,267.1,10,5,kalshi_leads_etf,-3.075573899603789e-06,-0.2708117545676234,0.7865358187602536,0.9716030702332544,0.10012887052495612,1807,33,55,344,1,506,0.1537791226116408,Will the Federal Reserve Cut rates by 25bps at their December 2024 meeting?
KXFEDDECISION-24DEC-C25,VIS,calendar,5min,300,True,267.1,10,6,kalshi_leads_etf,1.295996688288775e-06,0.15682100564559248,0.8753859175709164,0.9973531675324567,0.10012887052495612,1807,33,55,344,1,506,0.1537791226116408,Will the Federal Reserve Cut rates by 25bps at their December 2024 meeting?
KXFEDDECISION-24DEC-C25,VIS,calendar,5min,300,True,267.1,10,7,kalshi_leads_etf,-3.956417618964998e-06,-0.4835841789835632,0.628681005091962,0.8251438191832002,0.10012887052495612,1807,33,55,344,1,506,0.1537791226116408,Will the Federal Reserve Cut rates by 25bps at their December 2024 meeting?
KXFEDDECISION-24DEC-C25,VIS,calendar,5min,300,True,267.1,10,8,kalshi_leads_etf,6.20105235230134e-07,0.06288238783831583,0.9498601595547207,0.9973531675324567,0.10012887052495612,1807,33,55,344,1,506,0.1537791226116408,Will the Federal Reserve Cut rates by 25bps at their December 2024 meeting?
KXFEDDECISION-24DEC-C25,VIS,calendar,5min,300,True,267.1,10,9,kalshi_leads_etf,-1.5326019349213355e-05,-1.5312723099867815,0.1257021060738504,0.3771063182215512,0.10012887052495612,1807,33,55,344,1,506,0.1537791226116408,Will the Federal Reserve Cut rates by 25bps at their December 2024 meeting?
KXFEDDECISION-24DEC-C25,VIS,calendar,5min,300,True,267.1,10,10,kalshi_leads_etf,-7.056312994948193e-06,-0.7856749464391516,0.4320579445003083,0.8166305813111014,0.10012887052495612,1807,33,55,344,1,506,0.1537791226116408,Will the Federal Reserve Cut rates by 25bps at their December 2024 meeting?
KXFEDDECISION-24DEC-C25,VIS,calendar,10min,600,False,267.1,8,-8,etf_leads_kalshi,-6.607379107730788e-05,-1.6575872839010253,0.09740079804616178,0.27596892779745835,0.12387289025407056,697,33,52,218,2,412,0.1537791226116408,Will the Federal Reserve Cut rates by 25bps at their December 2024 meeting?
KXFEDDECISION-24DEC-C25,VIS,calendar,10min,600,False,267.1,8,-7,etf_leads_kalshi,2.7308247941922924e-05,0.6228565312165918,0.5333788053502553,0.6974953608426415,0.12387289025407056,697,33,52,218,2,412,0.1537791226116408,Will the Federal Reserve Cut rates by 25bps at their December 2024 meeting?
KXFEDDECISION-24DEC-C25,VIS,calendar,10min,600,False,267.1,8,-6,etf_leads_kalshi,-0.00012083721461314275,-3.0565838562391736,0.0022387484967904244,0.030461281639871902,0.12387289025407056,697,33,52,218,2,412,0.1537791226116408,Will the Federal Reserve Cut rates by 25bps at their December 2024 meeting?
KXFEDDECISION-24DEC-C25,VIS,calendar,10min,600,False,267.1,8,-5,etf_leads_kalshi,-3.4258996520059596e-05,-1.5062021858121848,0.13201527850736078,0.3206085335178762,0.12387289025407056,697,33,52,218,2,412,0.1537791226116408,Will the Federal Reserve Cut rates by 25bps at their December 2024 meeting?
KXFEDDECISION-24DEC-C25,VIS,calendar,10min,600,False,267.1,8,-4,etf_leads_kalshi,3.884933434149009e-05,0.8278041150819248,0.4077814438396522,0.5776903787728406,0.12387289025407056,697,33,52,218,2,412,0.1537791226116408,Will the Federal Reserve Cut rates by 25bps at their December 2024 meeting?
KXFEDDECISION-24DEC-C25,VIS,calendar,10min,600,False,267.1,8,-3,etf_leads_kalshi,-5.3504008112039885e-06,-0.21761082086377534,0.827732352703522,0.827732352703522,0.12387289025407056,697,33,52,218,2,412,0.1537791226116408,Will the Federal Reserve Cut rates by 25bps at their December 2024 meeting?
KXFEDDECISION-24DEC-C25,VIS,calendar,10min,600,False,267.1,8,-2,etf_leads_kalshi,4.640762672112202e-05,2.78362464816788,0.005375520289389159,0.030461281639871902,0.12387289025407056,697,33,52,218,2,412,0.1537791226116408,Will the Federal Reserve Cut rates by 25bps at their December 2024 meeting?
KXFEDDECISION-24DEC-C25,VIS,calendar,10min,600,False,267.1,8,-1,etf_leads_kalshi,-7.121401396951988e-06,-0.25993583215565863,0.7949132709501405,0.827732352703522,0.12387289025407056,697,33,52,218,2,412,0.1537791226116408,Will the Federal Reserve Cut rates by 25bps at their December 2024 meeting?
KXFEDDECISION-24DEC-C25,VIS,calendar,10min,600,False,267.1,8,0,contemp,-5.5956519015462665e-05,-2.3411857137266168,0.019222602623268966,0.0816960611488931,0.12387289025407056,697,33,52,218,2,412,0.1537791226116408,Will the Federal Reserve Cut rates by 25bps at their December 2024 meeting?
KXFEDDECISION-24DEC-C25,VIS,calendar,10min,600,False,267.1,8,1,kalshi_leads_etf,1.7540452830545357e-05,0.8890444850262549,0.37397917257193647,0.5776903787728406,0.12387289025407056,697,33,52,218,2,412,0.1537791226116408,Will the Federal Reserve Cut rates by 25bps at their December 2024 meeting?
KXFEDDECISION-24DEC-C25,VIS,calendar,10min,600,False,267.1,8,2,kalshi_leads_etf,-3.83901223841192e-05,-1.153757162709895,0.24859974106482208,0.46957728867799725,0.12387289025407056,697,33,52,218,2,412,0.1537791226116408,Will the Federal Reserve Cut rates by 25bps at their December 2024 meeting?
KXFEDDECISION-24DEC-C25,VIS,calendar,10min,600,False,267.1,8,3,kalshi_leads_etf,-1.1959836841460909e-05,-0.5098182593193584,0.6101787922641102,0.7409313906064195,0.12387289025407056,697,33,52,218,2,412,0.1537791226116408,Will the Federal Reserve Cut rates by 25bps at their December 2024 meeting?
KXFEDDECISION-24DEC-C25,VIS,calendar,10min,600,False,267.1,8,4,kalshi_leads_etf,-2.6835991977124574e-05,-2.898093499711862,0.0037543864564927457,0.030461281639871902,0.12387289025407056,697,33,52,218,2,412,0.1537791226116408,Will the Federal Reserve Cut rates by 25bps at their December 2024 meeting?
KXFEDDECISION-24DEC-C25,VIS,calendar,10min,600,False,267.1,8,5,kalshi_leads_etf,-5.3380264507565916e-05,-1.8468833512490328,0.06476404815845155,0.22019776373873526,0.12387289025407056,697,33,52,218,2,412,0.1537791226116408,Will the Federal Reserve Cut rates by 25bps at their December 2024 meeting?
KXFEDDECISION-24DEC-C25,VIS,calendar,10min,600,False,267.1,8,6,kalshi_leads_etf,1.3964535056374939e-05,0.8299756072864997,0.4065525751667639,0.5776903787728406,0.12387289025407056,697,33,52,218,2,412,0.1537791226116408,Will the Federal Reserve Cut rates by 25bps at their December 2024 meeting?
KXFEDDECISION-24DEC-C25,VIS,calendar,10min,600,False,267.1,8,7,kalshi_leads_etf,-1.954749386012423e-05,-1.2539683865035929,0.20985349632412875,0.4459386796887736,0.12387289025407056,697,33,52,218,2,412,0.1537791226116408,Will the Federal Reserve Cut rates by 25bps at their December 2024 meeting?
KXFEDDECISION-24DEC-C25,VIS,calendar,10min,600,False,267.1,8,8,kalshi_leads_etf,6.812601153793999e-06,0.28400360178798345,0.7764076204222937,0.827732352703522,0.12387289025407056,697,33,52,218,2,412,0.1537791226116408,Will the Federal Reserve Cut rates by 25bps at their December 2024 meeting?
KXFEDDECISION-24DEC-H0,VGT,calendar,30s,30,False,366.7,8,-8,etf_leads_kalshi,-1.3296872969636752e-08,-0.007035961937793344,0.9943861609181027,0.9943861609181027,0.03882403356159758,23079,34,53,377,2,392,0.1198576154549284,Will the Federal Reserve Hike rates by 0bps at their December 2024 meeting?
KXFEDDECISION-24DEC-H0,VGT,calendar,30s,30,False,366.7,8,-7,etf_leads_kalshi,-1.506841625215871e-06,-0.9878451280462597,0.32322850230225986,0.8207985556358873,0.03882403356159758,23079,34,53,377,2,392,0.1198576154549284,Will the Federal Reserve Hike rates by 0bps at their December 2024 meeting?
KXFEDDECISION-24DEC-H0,VGT,calendar,30s,30,False,366.7,8,-6,etf_leads_kalshi,-2.2045017377361242e-06,-1.5140589047150106,0.13001090031170942,0.7367284350996867,0.03882403356159758,23079,34,53,377,2,392,0.1198576154549284,Will the Federal Reserve Hike rates by 0bps at their December 2024 meeting?
KXFEDDECISION-24DEC-H0,VGT,calendar,30s,30,False,366.7,8,-5,etf_leads_kalshi,-5.527780954400869e-06,-2.382475527520744,0.017196674956711015,0.186411535282216,0.03882403356159758,23079,34,53,377,2,392,0.1198576154549284,Will the Federal Reserve Hike rates by 0bps at their December 2024 meeting?
KXFEDDECISION-24DEC-H0,VGT,calendar,30s,30,False,366.7,8,-4,etf_leads_kalshi,-1.8976239027964428e-06,-1.1350810563085345,0.25634135800838465,0.8207985556358873,0.03882403356159758,23079,34,53,377,2,392,0.1198576154549284,Will the Federal Reserve Hike rates by 0bps at their December 2024 meeting?
KXFEDDECISION-24DEC-H0,VGT,calendar,30s,30,False,366.7,8,-3,etf_leads_kalshi,-1.0835210913987611e-06,-0.9466629896844709,0.3438105353434492,0.8207985556358873,0.03882403356159758,23079,34,53,377,2,392,0.1198576154549284,Will the Federal Reserve Hike rates by 0bps at their December 2024 meeting?
KXFEDDECISION-24DEC-H0,VGT,calendar,30s,30,False,366.7,8,-2,etf_leads_kalshi,-9.680262021613922e-07,-0.948285801847893,0.34298397692420934,0.8207985556358873,0.03882403356159758,23079,34,53,377,2,392,0.1198576154549284,Will the Federal Reserve Hike rates by 0bps at their December 2024 meeting?
KXFEDDECISION-24DEC-H0,VGT,calendar,30s,30,False,366.7,8,-1,etf_leads_kalshi,-4.189604539369421e-07,-0.46349725183604173,0.6430079842429235,0.917599971286714,0.03882403356159758,23079,34,53,377,2,392,0.1198576154549284,Will the Federal Reserve Hike rates by 0bps at their December 2024 meeting?
KXFEDDECISION-24DEC-H0,VGT,calendar,30s,30,False,366.7,8,0,contemp,6.696344929752327e-07,0.49845230481952846,0.618165278405995,0.917599971286714,0.03882403356159758,23079,34,53,377,2,392,0.1198576154549284,Will the Federal Reserve Hike rates by 0bps at their December 2024 meeting?
KXFEDDECISION-24DEC-H0,VGT,calendar,30s,30,False,366.7,8,1,kalshi_leads_etf,3.3257287488090195e-07,0.2306022941148297,0.8176237851986711,0.9943861609181027,0.03882403356159758,23079,34,53,377,2,392,0.1198576154549284,Will the Federal Reserve Hike rates by 0bps at their December 2024 meeting?
KXFEDDECISION-24DEC-H0,VGT,calendar,30s,30,False,366.7,8,2,kalshi_leads_etf,-1.9029384775588188e-08,-0.017745002432273983,0.9858422795410088,0.9943861609181027,0.03882403356159758,23079,34,53,377,2,392,0.1198576154549284,Will the Federal Reserve Hike rates by 0bps at their December 2024 meeting?
KXFEDDECISION-24DEC-H0,VGT,calendar,30s,30,False,366.7,8,3,kalshi_leads_etf,-3.1029029276705906e-06,-2.291564795959955,0.021930768856731293,0.186411535282216,0.03882403356159758,23079,34,53,377,2,392,0.1198576154549284,Will the Federal Reserve Hike rates by 0bps at their December 2024 meeting?
KXFEDDECISION-24DEC-H0,VGT,calendar,30s,30,False,366.7,8,4,kalshi_leads_etf,-3.2036922485471744e-07,-0.18069969403890945,0.8566032989549338,0.9943861609181027,0.03882403356159758,23079,34,53,377,2,392,0.1198576154549284,Will the Federal Reserve Hike rates by 0bps at their December 2024 meeting?
KXFEDDECISION-24DEC-H0,VGT,calendar,30s,30,False,366.7,8,5,kalshi_leads_etf,-1.0963212756078548e-07,-0.11769115809805525,0.9063123729045658,0.9943861609181027,0.03882403356159758,23079,34,53,377,2,392,0.1198576154549284,Will the Federal Reserve Hike rates by 0bps at their December 2024 meeting?
KXFEDDECISION-24DEC-H0,VGT,calendar,30s,30,False,366.7,8,6,kalshi_leads_etf,-1.2642903754609952e-06,-0.8664231672071048,0.38625814382865287,0.8207985556358873,0.03882403356159758,23079,34,53,377,2,392,0.1198576154549284,Will the Federal Reserve Hike rates by 0bps at their December 2024 meeting?
KXFEDDECISION-24DEC-H0,VGT,calendar,30s,30,False,366.7,8,7,kalshi_leads_etf,-6.935550276365386e-07,-0.45693519388596887,0.6477176267906217,0.917599971286714,0.03882403356159758,23079,34,53,377,2,392,0.1198576154549284,Will the Federal Reserve Hike rates by 0bps at their December 2024 meeting?
KXFEDDECISION-24DEC-H0,VGT,calendar,30s,30,False,366.7,8,8,kalshi_leads_etf,-4.684657524125671e-07,-0.4986215206067633,0.6180460413155383,0.917599971286714,0.03882403356159758,23079,34,53,377,2,392,0.1198576154549284,Will the Federal Reserve Hike rates by 0bps at their December 2024 meeting?
KXFEDDECISION-24DEC-H0,VGT,calendar,1min,60,False,366.7,8,-8,etf_leads_kalshi,3.726215329605315e-07,0.1511330823333277,0.8798707362944019,0.9866689576998184,0.0388445613340066,11258,34,52,355,1,383,0.1198576154549284,Will the Federal Reserve Hike rates by 0bps at their December 2024 meeting?
KXFEDDECISION-24DEC-H0,VGT,calendar,1min,60,False,366.7,8,-7,etf_leads_kalshi,-4.45703421936351e-07,-0.12708456900495593,0.8988734645801982,0.9866689576998184,0.0388445613340066,11258,34,52,355,1,383,0.1198576154549284,Will the Federal Reserve Hike rates by 0bps at their December 2024 meeting?
KXFEDDECISION-24DEC-H0,VGT,calendar,1min,60,False,366.7,8,-6,etf_leads_kalshi,-3.829421035441487e-06,-2.1473876761904256,0.03176243094713813,0.26998066305067414,0.0388445613340066,11258,34,52,355,1,383,0.1198576154549284,Will the Federal Reserve Hike rates by 0bps at their December 2024 meeting?
KXFEDDECISION-24DEC-H0,VGT,calendar,1min,60,False,366.7,8,-5,etf_leads_kalshi,-6.318188974461097e-07,-0.2641513369676584,0.7916633070535495,0.9866689576998184,0.0388445613340066,11258,34,52,355,1,383,0.1198576154549284,Will the Federal Reserve Hike rates by 0bps at their December 2024 meeting?
KXFEDDECISION-24DEC-H0,VGT,calendar,1min,60,False,366.7,8,-4,etf_leads_kalshi,-4.106842270004099e-06,-0.6258642506626487,0.5314039846669885,0.9866689576998184,0.0388445613340066,11258,34,52,355,1,383,0.1198576154549284,Will the Federal Reserve Hike rates by 0bps at their December 2024 meeting?
KXFEDDECISION-24DEC-H0,VGT,calendar,1min,60,False,366.7,8,-3,etf_leads_kalshi,-6.096194891228767e-06,-1.5479887710907572,0.12162500003773803,0.5390216484284363,0.0388445613340066,11258,34,52,355,1,383,0.1198576154549284,Will the Federal Reserve Hike rates by 0bps at their December 2024 meeting?
KXFEDDECISION-24DEC-H0,VGT,calendar,1min,60,False,366.7,8,-2,etf_leads_kalshi,-1.249096274517842e-05,-2.335665522203468,0.01950868075749914,0.26998066305067414,0.0388445613340066,11258,34,52,355,1,383,0.1198576154549284,Will the Federal Reserve Hike rates by 0bps at their December 2024 meeting?
KXFEDDECISION-24DEC-H0,VGT,calendar,1min,60,False,366.7,8,-1,etf_leads_kalshi,-1.959549790934419e-07,-0.07348242711997616,0.9414222273933668,0.9866689576998184,0.0388445613340066,11258,34,52,355,1,383,0.1198576154549284,Will the Federal Reserve Hike rates by 0bps at their December 2024 meeting?
KXFEDDECISION-24DEC-H0,VGT,calendar,1min,60,False,366.7,8,0,contemp,-8.062298018938668e-07,-0.40681469199243253,0.6841440951751885,0.9866689576998184,0.0388445613340066,11258,34,52,355,1,383,0.1198576154549284,Will the Federal Reserve Hike rates by 0bps at their December 2024 meeting?
KXFEDDECISION-24DEC-H0,VGT,calendar,1min,60,False,366.7,8,1,kalshi_leads_etf,-2.6724947409774496e-06,-0.788141976682267,0.4306136641299909,0.9866689576998184,0.0388445613340066,11258,34,52,355,1,383,0.1198576154549284,Will the Federal Reserve Hike rates by 0bps at their December 2024 meeting?
KXFEDDECISION-24DEC-H0,VGT,calendar,1min,60,False,366.7,8,2,kalshi_leads_etf,-1.350984184545896e-06,-0.3780318348221412,0.705406944963203,0.9866689576998184,0.0388445613340066,11258,34,52,355,1,383,0.1198576154549284,Will the Federal Reserve Hike rates by 0bps at their December 2024 meeting?
KXFEDDECISION-24DEC-H0,VGT,calendar,1min,60,False,366.7,8,3,kalshi_leads_etf,-1.0267620835721562e-06,-0.38084160609055073,0.7033207843816225,0.9866689576998184,0.0388445613340066,11258,34,52,355,1,383,0.1198576154549284,Will the Federal Reserve Hike rates by 0bps at their December 2024 meeting?
KXFEDDECISION-24DEC-H0,VGT,calendar,1min,60,False,366.7,8,4,kalshi_leads_etf,-5.201713306961568e-08,-0.016708761213593114,0.9866689576998184,0.9866689576998184,0.0388445613340066,11258,34,52,355,1,383,0.1198576154549284,Will the Federal Reserve Hike rates by 0bps at their December 2024 meeting?
KXFEDDECISION-24DEC-H0,VGT,calendar,1min,60,False,366.7,8,5,kalshi_leads_etf,-3.824196633882019e-06,-0.9979237737692321,0.31831632285973266,0.9866689576998184,0.0388445613340066,11258,34,52,355,1,383,0.1198576154549284,Will the Federal Reserve Hike rates by 0bps at their December 2024 meeting?
KXFEDDECISION-24DEC-H0,VGT,calendar,1min,60,False,366.7,8,6,kalshi_leads_etf,-3.7764649879099606e-06,-1.5267281553797782,0.12682862315963206,0.5390216484284363,0.0388445613340066,11258,34,52,355,1,383,0.1198576154549284,Will the Federal Reserve Hike rates by 0bps at their December 2024 meeting?
KXFEDDECISION-24DEC-H0,VGT,calendar,1min,60,False,366.7,8,7,kalshi_leads_etf,2.2961673811801663e-06,0.7045210115920622,0.4811083696574894,0.9866689576998184,0.0388445613340066,11258,34,52,355,1,383,0.1198576154549284,Will the Federal Reserve Hike rates by 0bps at their December 2024 meeting?
KXFEDDECISION-24DEC-H0,VGT,calendar,1min,60,False,366.7,8,8,kalshi_leads_etf,-1.0688410904984692e-06,-0.3773363207946183,0.7059236835846658,0.9866689576998184,0.0388445613340066,11258,34,52,355,1,383,0.1198576154549284,Will the Federal Reserve Hike rates by 0bps at their December 2024 meeting?
KXFEDDECISION-24DEC-H0,VGT,calendar,2min,120,False,366.7,8,-8,etf_leads_kalshi,-6.37441865689706e-06,-1.9460936891971818,0.051643486525873424,0.3668961753006274,0.056019435580067944,5350,34,53,313,2,362,0.1198576154549284,Will the Federal Reserve Hike rates by 0bps at their December 2024 meeting?
KXFEDDECISION-24DEC-H0,VGT,calendar,2min,120,False,366.7,8,-7,etf_leads_kalshi,3.2836877096390946e-06,0.5555015545759309,0.5785516470994394,0.7565675385146515,0.056019435580067944,5350,34,53,313,2,362,0.1198576154549284,Will the Federal Reserve Hike rates by 0bps at their December 2024 meeting?
KXFEDDECISION-24DEC-H0,VGT,calendar,2min,120,False,366.7,8,-6,etf_leads_kalshi,4.4767610267144705e-06,0.7413106156443887,0.45850512658969467,0.7565675385146515,0.056019435580067944,5350,34,53,313,2,362,0.1198576154549284,Will the Federal Reserve Hike rates by 0bps at their December 2024 meeting?
KXFEDDECISION-24DEC-H0,VGT,calendar,2min,120,False,366.7,8,-5,etf_leads_kalshi,4.440716630804634e-06,0.9104342104118731,0.3625935628390956,0.6848989520294028,0.056019435580067944,5350,34,53,313,2,362,0.1198576154549284,Will the Federal Reserve Hike rates by 0bps at their December 2024 meeting?
KXFEDDECISION-24DEC-H0,VGT,calendar,2min,120,False,366.7,8,-4,etf_leads_kalshi,-9.66792480169126e-06,-1.6391018169840292,0.10119205671578414,0.3668961753006274,0.056019435580067944,5350,34,53,313,2,362,0.1198576154549284,Will the Federal Reserve Hike rates by 0bps at their December 2024 meeting?
KXFEDDECISION-24DEC-H0,VGT,calendar,2min,120,False,366.7,8,-3,etf_leads_kalshi,1.2808860957128777e-06,0.22257028288653768,0.8238699671240639,0.8238699671240639,0.056019435580067944,5350,34,53,313,2,362,0.1198576154549284,Will the Federal Reserve Hike rates by 0bps at their December 2024 meeting?
KXFEDDECISION-24DEC-H0,VGT,calendar,2min,120,False,366.7,8,-2,etf_leads_kalshi,-1.0977818432314574e-05,-1.6076555453037207,0.10791063979430218,0.3668961753006274,0.056019435580067944,5350,34,53,313,2,362,0.1198576154549284,Will the Federal Reserve Hike rates by 0bps at their December 2024 meeting?
KXFEDDECISION-24DEC-H0,VGT,calendar,2min,120,False,366.7,8,-1,etf_leads_kalshi,-1.289943727412129e-05,-1.8590443848847058,0.06302084734689054,0.3668961753006274,0.056019435580067944,5350,34,53,313,2,362,0.1198576154549284,Will the Federal Reserve Hike rates by 0bps at their December 2024 meeting?
KXFEDDECISION-24DEC-H0,VGT,calendar,2min,120,False,366.7,8,0,contemp,-6.408750960108505e-06,-1.329968937847226,0.18352850585238079,0.5199974332484122,0.056019435580067944,5350,34,53,313,2,362,0.1198576154549284,Will the Federal Reserve Hike rates by 0bps at their December 2024 meeting?
KXFEDDECISION-24DEC-H0,VGT,calendar,2min,120,False,366.7,8,1,kalshi_leads_etf,-2.7057958367912424e-06,-0.40355854029463545,0.6865373785459519,0.7926273506619831,0.056019435580067944,5350,34,53,313,2,362,0.1198576154549284,Will the Federal Reserve Hike rates by 0bps at their December 2024 meeting?
KXFEDDECISION-24DEC-H0,VGT,calendar,2min,120,False,366.7,8,2,kalshi_leads_etf,-5.463658105541789e-06,-1.1799543772405912,0.23801836076733274,0.5780445904349509,0.056019435580067944,5350,34,53,313,2,362,0.1198576154549284,Will the Federal Reserve Hike rates by 0bps at their December 2024 meeting?
KXFEDDECISION-24DEC-H0,VGT,calendar,2min,120,False,366.7,8,3,kalshi_leads_etf,-8.151377902125674e-06,-1.7226422053333397,0.08495324771481265,0.3668961753006274,0.056019435580067944,5350,34,53,313,2,362,0.1198576154549284,Will the Federal Reserve Hike rates by 0bps at their December 2024 meeting?
KXFEDDECISION-24DEC-H0,VGT,calendar,2min,120,False,366.7,8,4,kalshi_leads_etf,2.776523748750407e-06,0.5701273081841008,0.5685913546247081,0.7565675385146515,0.056019435580067944,5350,34,53,313,2,362,0.1198576154549284,Will the Federal Reserve Hike rates by 0bps at their December 2024 meeting?
KXFEDDECISION-24DEC-H0,VGT,calendar,2min,120,False,366.7,8,5,kalshi_leads_etf,-1.6318090379001875e-06,-0.32796236018359587,0.7429401222154864,0.7926273506619831,0.056019435580067944,5350,34,53,313,2,362,0.1198576154549284,Will the Federal Reserve Hike rates by 0bps at their December 2024 meeting?
KXFEDDECISION-24DEC-H0,VGT,calendar,2min,120,False,366.7,8,6,kalshi_leads_etf,-1.7809668296377625e-06,-0.3239152311162907,0.7460022123877488,0.7926273506619831,0.056019435580067944,5350,34,53,313,2,362,0.1198576154549284,Will the Federal Reserve Hike rates by 0bps at their December 2024 meeting?
KXFEDDECISION-24DEC-H0,VGT,calendar,2min,120,False,366.7,8,7,kalshi_leads_etf,7.43200606178224e-06,1.0881964276537837,0.2765084014568725,0.5875803530958541,0.056019435580067944,5350,34,53,313,2,362,0.1198576154549284,Will the Federal Reserve Hike rates by 0bps at their December 2024 meeting?
KXFEDDECISION-24DEC-H0,VGT,calendar,2min,120,False,366.7,8,8,kalshi_leads_etf,2.5732939849133867e-06,0.6441713090740615,0.519464353527411,0.7565675385146515,0.056019435580067944,5350,34,53,313,2,362,0.1198576154549284,Will the Federal Reserve Hike rates by 0bps at their December 2024 meeting?
KXFEDDECISION-24DEC-H0,VGT,calendar,5min,300,False,366.7,8,-8,etf_leads_kalshi,-1.6785348438315594e-05,-0.8463699585522315,0.397346391927925,0.6754888662774724,0.06251808226096023,1801,34,52,228,1,324,0.1198576154549284,Will the Federal Reserve Hike rates by 0bps at their December 2024 meeting?
KXFEDDECISION-24DEC-H0,VGT,calendar,5min,300,False,366.7,8,-7,etf_leads_kalshi,-9.69976486912548e-06,-1.0571225413978136,0.2904556648493457,0.6172182878048597,0.06251808226096023,1801,34,52,228,1,324,0.1198576154549284,Will the Federal Reserve Hike rates by 0bps at their December 2024 meeting?
KXFEDDECISION-24DEC-H0,VGT,calendar,5min,300,False,366.7,8,-6,etf_leads_kalshi,-3.032703230173791e-06,-0.1936947626343364,0.8464148929954282,0.8993158238076424,0.06251808226096023,1801,34,52,228,1,324,0.1198576154549284,Will the Federal Reserve Hike rates by 0bps at their December 2024 meeting?
KXFEDDECISION-24DEC-H0,VGT,calendar,5min,300,False,366.7,8,-5,etf_leads_kalshi,-1.2769030996594564e-05,-0.9102551916792284,0.3626879434219391,0.6754888662774724,0.06251808226096023,1801,34,52,228,1,324,0.1198576154549284,Will the Federal Reserve Hike rates by 0bps at their December 2024 meeting?
KXFEDDECISION-24DEC-H0,VGT,calendar,5min,300,False,366.7,8,-4,etf_leads_kalshi,9.51444080581059e-06,0.49417033897914314,0.6211858854528939,0.8085601005821239,0.06251808226096023,1801,34,52,228,1,324,0.1198576154549284,Will the Federal Reserve Hike rates by 0bps at their December 2024 meeting?
KXFEDDECISION-24DEC-H0,VGT,calendar,5min,300,False,366.7,8,-3,etf_leads_kalshi,5.635523667305626e-06,0.3401448571253584,0.7337474424329478,0.8315804347573408,0.06251808226096023,1801,34,52,228,1,324,0.1198576154549284,Will the Federal Reserve Hike rates by 0bps at their December 2024 meeting?
KXFEDDECISION-24DEC-H0,VGT,calendar,5min,300,False,366.7,8,-2,etf_leads_kalshi,-4.05829546707057e-06,-0.43181892457680804,0.6658730240088079,0.8085601005821239,0.06251808226096023,1801,34,52,228,1,324,0.1198576154549284,Will the Federal Reserve Hike rates by 0bps at their December 2024 meeting?
KXFEDDECISION-24DEC-H0,VGT,calendar,5min,300,False,366.7,8,-1,etf_leads_kalshi,-3.257479738117239e-05,-2.590515734209263,0.009583224061657772,0.05266032903216812,0.06251808226096023,1801,34,52,228,1,324,0.1198576154549284,Will the Federal Reserve Hike rates by 0bps at their December 2024 meeting?
KXFEDDECISION-24DEC-H0,VGT,calendar,5min,300,False,366.7,8,0,contemp,-1.1782914109227242e-05,-0.7556954464345144,0.4498318148372549,0.695194622930303,0.06251808226096023,1801,34,52,228,1,324,0.1198576154549284,Will the Federal Reserve Hike rates by 0bps at their December 2024 meeting?
KXFEDDECISION-24DEC-H0,VGT,calendar,5min,300,False,366.7,8,1,kalshi_leads_etf,-1.0235523125478465e-05,-1.0591486952762499,0.2895320660216578,0.6172182878048597,0.06251808226096023,1801,34,52,228,1,324,0.1198576154549284,Will the Federal Reserve Hike rates by 0bps at their December 2024 meeting?
KXFEDDECISION-24DEC-H0,VGT,calendar,5min,300,False,366.7,8,2,kalshi_leads_etf,3.000805750151604e-05,2.188136411497762,0.02865966732242703,0.0974428688962519,0.06251808226096023,1801,34,52,228,1,324,0.1198576154549284,Will the Federal Reserve Hike rates by 0bps at their December 2024 meeting?
KXFEDDECISION-24DEC-H0,VGT,calendar,5min,300,False,366.7,8,3,kalshi_leads_etf,3.5586632065021485e-05,2.5490035793638044,0.010803119147094987,0.05266032903216812,0.06251808226096023,1801,34,52,228,1,324,0.1198576154549284,Will the Federal Reserve Hike rates by 0bps at their December 2024 meeting?
KXFEDDECISION-24DEC-H0,VGT,calendar,5min,300,False,366.7,8,4,kalshi_leads_etf,-2.6199501146704516e-05,-4.4292094641091335,9.457913071080701e-06,0.00016078452220837192,0.06251808226096023,1801,34,52,228,1,324,0.1198576154549284,Will the Federal Reserve Hike rates by 0bps at their December 2024 meeting?
KXFEDDECISION-24DEC-H0,VGT,calendar,5min,300,False,366.7,8,5,kalshi_leads_etf,-8.464781489131569e-07,-0.05134126010809936,0.9590535906279307,0.9590535906279307,0.06251808226096023,1801,34,52,228,1,324,0.1198576154549284,Will the Federal Reserve Hike rates by 0bps at their December 2024 meeting?
KXFEDDECISION-24DEC-H0,VGT,calendar,5min,300,False,366.7,8,6,kalshi_leads_etf,-2.1866319254908382e-05,-1.3836028646446448,0.16648009069522463,0.4716935903031364,0.06251808226096023,1801,34,52,228,1,324,0.1198576154549284,Will the Federal Reserve Hike rates by 0bps at their December 2024 meeting?
KXFEDDECISION-24DEC-H0,VGT,calendar,5min,300,False,366.7,8,7,kalshi_leads_etf,9.671187673993052e-06,0.6465199225562615,0.5179426991064672,0.7337521570674951,0.06251808226096023,1801,34,52,228,1,324,0.1198576154549284,Will the Federal Reserve Hike rates by 0bps at their December 2024 meeting?
KXFEDDECISION-24DEC-H0,VGT,calendar,5min,300,False,366.7,8,8,kalshi_leads_etf,3.208198209222897e-05,2.5008185145655353,0.012390665654627793,0.05266032903216812,0.06251808226096023,1801,34,52,228,1,324,0.1198576154549284,Will the Federal Reserve Hike rates by 0bps at their December 2024 meeting?
KXFEDDECISION-24DEC-H0,VGT,calendar,10min,600,True,366.7,8,-8,etf_leads_kalshi,2.150849305478529e-05,0.635925472157797,0.524824999368114,0.8539514157298235,0.062445234520160264,621,33,50,130,0,275,0.1198576154549284,Will the Federal Reserve Hike rates by 0bps at their December 2024 meeting?
KXFEDDECISION-24DEC-H0,VGT,calendar,10min,600,True,366.7,8,-7,etf_leads_kalshi,1.3904101110250663e-05,0.5203936505629622,0.6027892346328166,0.8539514157298235,0.062445234520160264,621,33,50,130,0,275,0.1198576154549284,Will the Federal Reserve Hike rates by 0bps at their December 2024 meeting?
KXFEDDECISION-24DEC-H0,VGT,calendar,10min,600,True,366.7,8,-6,etf_leads_kalshi,5.266220879825706e-05,1.2141258350432522,0.22469967588558615,0.6726302858239369,0.062445234520160264,621,33,50,130,0,275,0.1198576154549284,Will the Federal Reserve Hike rates by 0bps at their December 2024 meeting?
KXFEDDECISION-24DEC-H0,VGT,calendar,10min,600,True,366.7,8,-5,etf_leads_kalshi,2.6085839126702956e-05,1.1815131707369495,0.23739892440844834,0.6726302858239369,0.062445234520160264,621,33,50,130,0,275,0.1198576154549284,Will the Federal Reserve Hike rates by 0bps at their December 2024 meeting?
KXFEDDECISION-24DEC-H0,VGT,calendar,10min,600,True,366.7,8,-4,etf_leads_kalshi,3.6608205222232028e-06,0.11591168564339577,0.9077225343212154,0.99452978345882,0.062445234520160264,621,33,50,130,0,275,0.1198576154549284,Will the Federal Reserve Hike rates by 0bps at their December 2024 meeting?
KXFEDDECISION-24DEC-H0,VGT,calendar,10min,600,True,366.7,8,-3,etf_leads_kalshi,-2.091101648640974e-07,-0.006855953434509909,0.99452978345882,0.99452978345882,0.062445234520160264,621,33,50,130,0,275,0.1198576154549284,Will the Federal Reserve Hike rates by 0bps at their December 2024 meeting?
KXFEDDECISION-24DEC-H0,VGT,calendar,10min,600,True,366.7,8,-2,etf_leads_kalshi,1.0742418943928326e-05,0.5231338110960216,0.6008811379736961,0.8539514157298235,0.062445234520160264,621,33,50,130,0,275,0.1198576154549284,Will the Federal Reserve Hike rates by 0bps at their December 2024 meeting?
KXFEDDECISION-24DEC-H0,VGT,calendar,10min,600,True,366.7,8,-1,etf_leads_kalshi,-5.847453532961481e-07,-0.01672484960870396,0.9866561228112418,0.99452978345882,0.062445234520160264,621,33,50,130,0,275,0.1198576154549284,Will the Federal Reserve Hike rates by 0bps at their December 2024 meeting?
KXFEDDECISION-24DEC-H0,VGT,calendar,10min,600,True,366.7,8,0,contemp,3.9950675426558665e-05,1.4960359921039221,0.1346442761745531,0.6726302858239369,0.062445234520160264,621,33,50,130,0,275,0.1198576154549284,Will the Federal Reserve Hike rates by 0bps at their December 2024 meeting?
KXFEDDECISION-24DEC-H0,VGT,calendar,10min,600,True,366.7,8,1,kalshi_leads_etf,2.798398604372127e-05,0.7913726359788372,0.4287265732708865,0.8539514157298235,0.062445234520160264,621,33,50,130,0,275,0.1198576154549284,Will the Federal Reserve Hike rates by 0bps at their December 2024 meeting?
KXFEDDECISION-24DEC-H0,VGT,calendar,10min,600,True,366.7,8,2,kalshi_leads_etf,3.076591908824256e-05,1.2793014206186613,0.2007909325440692,0.6726302858239369,0.062445234520160264,621,33,50,130,0,275,0.1198576154549284,Will the Federal Reserve Hike rates by 0bps at their December 2024 meeting?
KXFEDDECISION-24DEC-H0,VGT,calendar,10min,600,True,366.7,8,3,kalshi_leads_etf,-3.240934977841551e-06,-0.11318660961363151,0.9098826114243244,0.99452978345882,0.062445234520160264,621,33,50,130,0,275,0.1198576154549284,Will the Federal Reserve Hike rates by 0bps at their December 2024 meeting?
KXFEDDECISION-24DEC-H0,VGT,calendar,10min,600,True,366.7,8,4,kalshi_leads_etf,5.1062844016170003e-05,1.0577702053294586,0.2901602194130748,0.7046748185746102,0.062445234520160264,621,33,50,130,0,275,0.1198576154549284,Will the Federal Reserve Hike rates by 0bps at their December 2024 meeting?
KXFEDDECISION-24DEC-H0,VGT,calendar,10min,600,True,366.7,8,5,kalshi_leads_etf,2.6077337573823476e-05,1.6660536252169107,0.09570273408711052,0.6726302858239369,0.062445234520160264,621,33,50,130,0,275,0.1198576154549284,Will the Federal Reserve Hike rates by 0bps at their December 2024 meeting?
KXFEDDECISION-24DEC-H0,VGT,calendar,10min,600,True,366.7,8,6,kalshi_leads_etf,-4.9547889439210295e-06,-0.16140567271031225,0.8717738990778817,0.99452978345882,0.062445234520160264,621,33,50,130,0,275,0.1198576154549284,Will the Federal Reserve Hike rates by 0bps at their December 2024 meeting?
KXFEDDECISION-24DEC-H0,VGT,calendar,10min,600,True,366.7,8,7,kalshi_leads_etf,2.018609499929435e-05,0.713979893355204,0.4752396126279843,0.8539514157298235,0.062445234520160264,621,33,50,130,0,275,0.1198576154549284,Will the Federal Reserve Hike rates by 0bps at their December 2024 meeting?
KXFEDDECISION-24DEC-H0,VGT,calendar,10min,600,True,366.7,8,8,kalshi_leads_etf,4.082275165829846e-05,1.4062691656122346,0.15964421259275696,0.6726302858239369,0.062445234520160264,621,33,50,130,0,275,0.1198576154549284,Will the Federal Reserve Hike rates by 0bps at their December 2024 meeting?
