ticker,date,close,dividend,lag_close,daily_price_return,daily_total_return,dividend_return_component
VAW,2024-01-03,186.83999633789062,0.0,189.52000427246094,-0.014141029306423136,-0.014141029306423136,0.0
VAW,2024-01-04,185.9600067138672,0.0,186.83999633789062,-0.004709856782656008,-0.004709856782656008,0.0
VAW,2024-01-05,186.58999633789062,0.0,185.9600067138672,0.003387769419651576,0.003387769419651576,0.0
VAW,2024-01-08,187.5399932861328,0.0,186.58999633789062,0.005091360559983382,0.005091360559983382,0.0
VAW,2024-01-09,185.36000061035156,0.0,187.5399932861328,-0.011624148202112772,-0.011624148202112772,0.0
VAW,2024-01-10,184.9600067138672,0.0,185.36000061035156,-0.002157929948032322,-0.002157929948032322,0.0
VAW,2024-01-11,184.38999938964844,0.0,184.9600067138672,-0.003081786891911964,-0.003081786891911964,0.0
VAW,2024-01-12,184.5500030517578,0.0,184.38999938964844,0.0008677458790553594,0.0008677458790553594,0.0
VAW,2024-01-16,182.39999389648438,0.0,184.5500030517578,-0.011650008776594056,-0.011650008776594056,0.0
VAW,2024-01-17,180.9600067138672,0.0,182.39999389648438,-0.007894666835539521,-0.007894666835539521,0.0
VAW,2024-01-18,181.89999389648438,0.0,180.9600067138672,0.005194447102908617,0.005194447102908617,0.0
VAW,2024-01-19,182.19000244140625,0.0,181.89999389648438,0.001594329602269795,0.001594329602269795,0.0
VAW,2024-01-22,182.94000244140625,0.0,182.19000244140625,0.004116581535483554,0.004116581535483554,0.0
VAW,2024-01-23,183.4600067138672,0.0,182.94000244140625,0.002842485325906141,0.002842485325906141,0.0
VAW,2024-01-24,181.10000610351562,0.0,183.4600067138672,-0.012863842385181679,-0.012863842385181679,0.0
VAW,2024-01-25,182.74000549316406,0.0,181.10000610351562,0.009055766617208416,0.009055766617208416,0.0
VAW,2024-01-26,182.9600067138672,0.0,182.74000549316406,0.001203902889842956,0.001203902889842956,0.0
VAW,2024-01-29,184.16000366210938,0.0,182.9600067138672,0.006558793748400182,0.006558793748400182,0.0
VAW,2024-01-30,184.77000427246094,0.0,184.16000366210938,0.0033123403465540324,0.0033123403465540324,0.0
VAW,2024-01-31,182.2100067138672,0.0,184.77000427246094,-0.013855049517771278,-0.013855049517771278,0.0
VAW,2024-02-01,185.1999969482422,0.0,182.2100067138672,0.016409583031684605,0.016409583031684605,0.0
VAW,2024-02-02,183.9499969482422,0.0,185.1999969482422,-0.006749460154415354,-0.006749460154415354,0.0
VAW,2024-02-05,179.6300048828125,0.0,183.9499969482422,-0.023484599821141594,-0.023484599821141594,0.0
VAW,2024-02-06,182.0800018310547,0.0,179.6300048828125,0.013639129775899761,0.013639129775899761,0.0
VAW,2024-02-07,183.3000030517578,0.0,182.0800018310547,0.006700358130681039,0.006700358130681039,0.0
VAW,2024-02-08,183.3800048828125,0.0,183.3000030517578,0.00043645297175531894,0.00043645297175531894,0.0
VAW,2024-02-09,183.88999938964844,0.0,183.3800048828125,0.0027810802337029372,0.0027810802337029372,0.0
VAW,2024-02-12,185.4499969482422,0.0,183.88999938964844,0.008483319178702153,0.008483319178702153,0.0
VAW,2024-02-13,182.17999267578125,0.0,185.4499969482422,-0.017632808445791293,-0.017632808445791293,0.0
VAW,2024-02-14,183.69000244140625,0.0,182.17999267578125,0.008288559810803786,0.008288559810803786,0.0
VAW,2024-02-15,187.57000732421875,0.0,183.69000244140625,0.021122569716607975,0.021122569716607975,0.0
VAW,2024-02-16,188.1199951171875,0.0,187.57000732421875,0.0029321734365457264,0.0029321734365457264,0.0
VAW,2024-02-20,187.5800018310547,0.0,188.1199951171875,-0.0028704725714905344,-0.0028704725714905344,0.0
VAW,2024-02-21,188.5500030517578,0.0,187.5800018310547,0.00517113344298159,0.00517113344298159,0.0
VAW,2024-02-22,190.5,0.0,188.5500030517578,0.010342067974970615,0.010342067974970615,0.0
VAW,2024-02-23,191.52000427246094,0.0,190.5,0.005354353136277856,0.005354353136277856,0.0
VAW,2024-02-26,190.66000366210938,0.0,191.52000427246094,-0.004490395734996433,-0.004490395734996433,0.0
VAW,2024-02-27,191.41000366210938,0.0,190.66000366210938,0.003933703900106611,0.003933703900106611,0.0
VAW,2024-02-28,191.4600067138672,0.0,191.41000366210938,0.0002612353105957421,0.0002612353105957421,0.0
VAW,2024-02-29,192.9499969482422,0.0,191.4600067138672,0.007782253118802762,0.007782253118802762,0.0
VAW,2024-03-01,193.94000244140625,0.0,192.9499969482422,0.0051308914683716456,0.0051308914683716456,0.0
VAW,2024-03-04,195.0399932861328,0.0,193.94000244140625,0.005671809997315425,0.005671809997315425,0.0
VAW,2024-03-05,193.8699951171875,0.0,195.0399932861328,-0.005998760301580197,-0.005998760301580197,0.0
VAW,2024-03-06,195.38999938964844,0.0,193.8699951171875,0.007840327594490049,0.007840327594490049,0.0
VAW,2024-03-07,197.97000122070312,0.0,195.38999938964844,0.01320436992227858,0.01320436992227858,0.0
VAW,2024-03-08,197.10000610351562,0.0,197.97000122070312,-0.004394580551715044,-0.004394580551715044,0.0
VAW,2024-03-11,198.61000061035156,0.0,197.10000610351562,0.00766105763610625,0.00766105763610625,0.0
VAW,2024-03-12,198.4600067138672,0.0,198.61000061035156,-0.0007552182469333646,-0.0007552182469333646,0.0
VAW,2024-03-13,199.8800048828125,0.0,198.4600067138672,0.007155084757165309,0.007155084757165309,0.0
VAW,2024-03-14,198.3300018310547,0.0,199.8800048828125,-0.007754667870188192,-0.007754667870188192,0.0
VAW,2024-03-15,198.64999389648438,0.0,198.3300018310547,0.0016134324735310734,0.0016134324735310734,0.0
VAW,2024-03-18,198.69000244140625,0.0,198.64999389648438,0.00020140219557585048,0.00020140219557585048,0.0
VAW,2024-03-19,199.16000366210938,0.0,198.69000244140625,0.0023655001002969023,0.0023655001002969023,0.0
VAW,2024-03-20,201.41000366210938,0.0,199.16000366210938,0.01129744907927055,0.01129744907927055,0.0
VAW,2024-03-21,202.42999267578125,0.0,201.41000366210938,0.005064242069043656,0.005064242069043656,0.0
VAW,2024-03-22,200.44000244140625,0.682,202.42999267578125,-0.009830510825351024,-0.006461444853529841,0.003369065971821253
VAW,2024-03-25,200.60000610351562,0.0,200.44000244140625,0.0007982621241293675,0.0007982621241293675,0.0
VAW,2024-03-26,200.63999938964844,0.0,200.60000610351562,0.00019936831962086288,0.00019936831962086288,0.0
VAW,2024-03-27,203.9499969482422,0.0,200.63999938964844,0.016497196813511028,0.016497196813511028,0.0
VAW,2024-03-28,204.42999267578125,0.0,203.9499969482422,0.002353497105767932,0.002353497105767932,0.0
VAW,2024-04-01,203.77999877929688,0.0,204.42999267578125,-0.0031795427274472488,-0.0031795427274472488,0.0
VAW,2024-04-02,202.77000427246094,0.0,203.77999877929688,-0.004956298522358016,-0.004956298522358016,0.0
VAW,2024-04-03,204.4199981689453,0.0,202.77000427246094,0.00813726814478577,0.00813726814478577,0.0
VAW,2024-04-04,202.16000366210938,0.0,204.4199981689453,-0.01105564292671668,-0.01105564292671668,0.0
VAW,2024-04-05,203.66000366210938,0.0,202.16000366210938,0.007419865318696317,0.007419865318696317,0.0
VAW,2024-04-08,204.00999450683594,0.0,203.66000366210938,0.0017185055407700212,0.0017185055407700212,0.0
VAW,2024-04-09,204.6300048828125,0.0,204.00999450683594,0.003039117654384249,0.003039117654384249,0.0
VAW,2024-04-10,201.35000610351562,0.0,204.6300048828125,-0.01602892391648658,-0.01602892391648658,0.0
VAW,2024-04-11,201.27000427246094,0.0,201.35000610351562,-0.0003973271846515747,-0.0003973271846515747,0.0
VAW,2024-04-12,197.63999938964844,0.0,201.27000427246094,-0.018035498612592682,-0.018035498612592682,0.0
VAW,2024-04-15,196.6300048828125,0.0,197.63999938964844,-0.005110273780383534,-0.005110273780383534,0.0
VAW,2024-04-16,195.2899932861328,0.0,196.6300048828125,-0.006814888691470622,-0.006814888691470622,0.0
VAW,2024-04-17,195.42999267578125,0.0,195.2899932861328,0.0007168794841592163,0.0007168794841592163,0.0
VAW,2024-04-18,195.36000061035156,0.0,195.42999267578125,-0.0003581439290426536,-0.0003581439290426536,0.0
VAW,2024-04-19,195.25,0.0,195.36000061035156,-0.0005630661855441366,-0.0005630661855441366,0.0
VAW,2024-04-22,195.72999572753906,0.0,195.25,0.0024583648017364457,0.0024583648017364457,0.0
VAW,2024-04-23,194.1699981689453,0.0,195.72999572753906,-0.007970150680252974,-0.007970150680252974,0.0
VAW,2024-04-24,194.22000122070312,0.0,194.1699981689453,0.00025752202827078463,0.00025752202827078463,0.0
VAW,2024-04-25,194.9499969482422,0.0,194.22000122070312,0.003758602218880247,0.003758602218880247,0.0
VAW,2024-04-26,196.19000244140625,0.0,194.9499969482422,0.0063606335602728326,0.0063606335602728326,0.0
VAW,2024-04-29,198.02999877929688,0.0,196.19000244140625,0.009378644757600085,0.009378644757600085,0.0
VAW,2024-04-30,194.47000122070312,0.0,198.02999877929688,-0.01797706196302784,-0.01797706196302784,0.0
VAW,2024-05-01,195.38999938964844,0.0,194.47000122070312,0.004730797362937356,0.004730797362937356,0.0
VAW,2024-05-02,195.47999572753906,0.0,195.38999938964844,0.00046059848596025077,0.00046059848596025077,0.0
VAW,2024-05-03,197.05999755859375,0.0,195.47999572753906,0.008082677847286668,0.008082677847286668,0.0
VAW,2024-05-06,198.49000549316406,0.0,197.05999755859375,0.007256713449136809,0.007256713449136809,0.0
VAW,2024-05-07,200.64999389648438,0.0,198.49000549316406,0.01088210158468006,0.01088210158468006,0.0
VAW,2024-05-08,199.92999267578125,0.0,200.64999389648438,-0.0035883440947154233,-0.0035883440947154233,0.0
VAW,2024-05-09,202.24000549316406,0.0,199.92999267578125,0.01155410844799487,0.01155410844799487,0.0
VAW,2024-05-10,202.2899932861328,0.0,202.24000549316406,0.0002471706468107904,0.0002471706468107904,0.0
VAW,2024-05-13,202.1699981689453,0.0,202.2899932861328,-0.0005931836530231882,-0.0005931836530231882,0.0
VAW,2024-05-14,202.72000122070312,0.0,202.1699981689453,0.0027204978816797176,0.0027204978816797176,0.0
VAW,2024-05-15,203.02999877929688,0.0,202.72000122070312,0.0015291907889061207,0.0015291907889061207,0.0
VAW,2024-05-16,201.69000244140625,0.0,203.02999877929688,-0.006599991853160847,-0.006599991853160847,0.0
VAW,2024-05-17,203.4199981689453,0.0,201.69000244140625,0.008577498669234407,0.008577498669234407,0.0
VAW,2024-05-20,203.8000030517578,0.0,203.4199981689453,0.0018680802587407452,0.0018680802587407452,0.0
VAW,2024-05-21,203.52000427246094,0.0,203.8000030517578,-0.0013738899661633885,-0.0013738899661633885,0.0
VAW,2024-05-22,201.61000061035156,0.0,203.52000427246094,-0.00938484484086577,-0.00938484484086577,0.0
VAW,2024-05-23,199.6300048828125,0.0,201.61000061035156,-0.009820920200113381,-0.009820920200113381,0.0
VAW,2024-05-24,201.2899932861328,0.0,199.6300048828125,0.008315325165146215,0.008315325165146215,0.0
VAW,2024-05-28,200.57000732421875,0.0,201.2899932861328,-0.0035768591878813094,-0.0035768591878813094,0.0
VAW,2024-05-29,197.64999389648438,0.0,200.57000732421875,-0.014558574667717927,-0.014558574667717927,0.0
VAW,2024-05-30,199.5,0.0,197.64999389648438,0.009360010931670049,0.009360010931670049,0.0
VAW,2024-05-31,202.0,0.0,199.5,0.012531328320801949,0.012531328320801949,0.0
VAW,2024-06-03,200.5,0.0,202.0,-0.007425742574257432,-0.007425742574257432,0.0
VAW,2024-06-04,197.4499969482422,0.0,200.5,-0.015211985295550234,-0.015211985295550234,0.0
VAW,2024-06-05,199.22000122070312,0.0,197.4499969482422,0.008964316534909367,0.008964316534909367,0.0
VAW,2024-06-06,199.3000030517578,0.0,199.22000122070312,0.0004015752964787733,0.0004015752964787733,0.0
VAW,2024-06-07,196.97999572753906,0.0,199.3000030517578,-0.011640779170566495,-0.011640779170566495,0.0
VAW,2024-06-10,197.02999877929688,0.0,196.97999572753906,0.0002538483746694631,0.0002538483746694631,0.0
VAW,2024-06-11,196.5,0.0,197.02999877929688,-0.0026899395146956495,-0.0026899395146956495,0.0
VAW,2024-06-12,197.33999633789062,0.0,196.5,0.004274790523616456,0.004274790523616456,0.0
VAW,2024-06-13,197.02999877929688,0.0,197.33999633789062,-0.0015708805328189523,-0.0015708805328189523,0.0
VAW,2024-06-14,194.77999877929688,0.0,197.02999877929688,-0.011419580845251631,-0.011419580845251631,0.0
VAW,2024-06-17,196.14999389648438,0.0,194.77999877929688,0.0070335513182737674,0.0070335513182737674,0.0
VAW,2024-06-18,195.86000061035156,0.0,196.14999389648438,-0.0014784261797420317,-0.0014784261797420317,0.0
VAW,2024-06-20,195.5500030517578,0.0,195.86000061035156,-0.0015827507282125675,-0.0015827507282125675,0.0
VAW,2024-06-21,195.52000427246094,0.0,195.5500030517578,-0.00015340720444245726,-0.00015340720444245726,0.0
VAW,2024-06-24,196.25999450683594,0.0,195.52000427246094,0.0037847290210970552,0.0037847290210970552,0.0
VAW,2024-06-25,193.72999572753906,0.0,196.25999450683594,-0.012891057016761298,-0.012891057016761298,0.0
VAW,2024-06-26,193.9600067138672,0.0,193.72999572753906,0.0011872760615325717,0.0011872760615325717,0.0
VAW,2024-06-27,193.4600067138672,0.0,193.9600067138672,-0.0025778510140886945,-0.0025778510140886945,0.0
VAW,2024-06-28,192.6300048828125,0.818,193.4600067138672,-0.004290301882818981,-6.203778888747014e-05,0.004228264093931544
VAW,2024-07-01,189.88999938964844,0.0,192.6300048828125,-0.014224188463427434,-0.014224188463427434,0.0
VAW,2024-07-02,190.42999267578125,0.0,189.88999938964844,0.002843716298217336,0.002843716298217336,0.0
VAW,2024-07-03,191.91000366210938,0.0,190.42999267578125,0.00777194267316883,0.00777194267316883,0.0
VAW,2024-07-05,191.9499969482422,0.0,191.91000366210938,0.00020839604694722347,0.00020839604694722347,0.0
VAW,2024-07-08,192.5399932861328,0.0,191.9499969482422,0.003073698084244958,0.003073698084244958,0.0
VAW,2024-07-09,190.75,0.0,192.5399932861328,-0.009296734956631636,-0.009296734956631636,0.0
VAW,2024-07-10,193.1999969482422,0.0,190.75,0.012844020698517422,0.012844020698517422,0.0
VAW,2024-07-11,196.77000427246094,0.0,193.1999969482422,0.018478299071480464,0.018478299071480464,0.0
VAW,2024-07-12,198.67999267578125,0.0,196.77000427246094,0.009706705096553359,0.009706705096553359,0.0
VAW,2024-07-15,198.60000610351562,0.0,198.67999267578125,-0.0004025899698725244,-0.0004025899698725244,0.0
VAW,2024-07-16,202.86000061035156,0.0,198.60000610351562,0.021450122738745137,0.021450122738745137,0.0
VAW,2024-07-17,201.94000244140625,0.0,202.86000061035156,-0.004535138352446455,-0.004535138352446455,0.0
VAW,2024-07-18,200.00999450683594,0.0,201.94000244140625,-0.00955733342199161,-0.00955733342199161,0.0
VAW,2024-07-19,198.1199951171875,0.0,200.00999450683594,-0.00944952473154459,-0.00944952473154459,0.0
VAW,2024-07-22,199.16000366210938,0.0,198.1199951171875,0.0052493870914276375,0.0052493870914276375,0.0
VAW,2024-07-23,200.25,0.0,199.16000366210938,0.005472968055071359,0.005472968055071359,0.0
VAW,2024-07-24,197.22000122070312,0.0,200.25,-0.015131080046426382,-0.015131080046426382,0.0
VAW,2024-07-25,198.27999877929688,0.0,197.22000122070312,0.005374696035051363,0.005374696035051363,0.0
VAW,2024-07-26,201.6199951171875,0.0,198.27999877929688,0.016844847480599112,0.016844847480599112,0.0
VAW,2024-07-29,201.88999938964844,0.0,201.6199951171875,0.0013391740849115763,0.0013391740849115763,0.0
VAW,2024-07-30,201.5,0.0,201.88999938964844,-0.0019317419923100543,-0.0019317419923100543,0.0
VAW,2024-07-31,203.8000030517578,0.0,201.5,0.011414407204753507,0.011414407204753507,0.0
VAW,2024-08-01,202.0,0.0,203.8000030517578,-0.008832203262041594,-0.008832203262041594,0.0
VAW,2024-08-02,197.22000122070312,0.0,202.0,-0.023663360293548874,-0.023663360293548874,0.0
VAW,2024-08-05,191.99000549316406,0.0,197.22000122070312,-0.026518586832814828,-0.026518586832814828,0.0
VCR,2024-01-03,294.8299865722656,0.0,301.6199951171875,-0.022511798471065436,-0.022511798471065436,0.0
VCR,2024-01-04,292.7300109863281,0.0,294.8299865722656,-0.007122666219783524,-0.007122666219783524,0.0
VCR,2024-01-05,293.3800048828125,0.0,292.7300109863281,0.002220455273083566,0.002220455273083566,0.0
VCR,2024-01-08,298.6000061035156,0.0,293.3800048828125,0.017792627765440994,0.017792627765440994,0.0
VCR,2024-01-09,297.510009765625,0.0,298.6000061035156,-0.0036503560469209884,-0.0036503560469209884,0.0
VCR,2024-01-10,300.1300048828125,0.0,297.510009765625,0.008806409973403984,0.008806409973403984,0.0
VCR,2024-01-11,299.5899963378906,0.0,300.1300048828125,-0.001799248779317253,-0.001799248779317253,0.0
VCR,2024-01-12,296.3800048828125,0.0,299.5899963378906,-0.010714614954825619,-0.010714614954825619,0.0
VCR,2024-01-16,295.8299865722656,0.0,296.3800048828125,-0.0018557875075423391,-0.0018557875075423391,0.0
VCR,2024-01-17,293.3599853515625,0.0,295.8299865722656,-0.008349394357626272,-0.008349394357626272,0.0
VCR,2024-01-18,295.3399963378906,0.0,293.3599853515625,0.006749424206424326,0.006749424206424326,0.0
VCR,2024-01-19,298.1700134277344,0.0,295.3399963378906,0.00958223445836981,0.00958223445836981,0.0
VCR,2024-01-22,297.75,0.0,298.1700134277344,-0.0014086373841082356,-0.0014086373841082356,0.0
VCR,2024-01-23,297.0299987792969,0.0,297.75,-0.0024181401199097063,-0.0024181401199097063,0.0
VCR,2024-01-24,295.75,0.0,297.0299987792969,-0.004309324932017966,-0.004309324932017966,0.0
VCR,2024-01-25,293.489990234375,0.0,295.75,-0.007641622199915488,-0.007641622199915488,0.0
VCR,2024-01-26,294.95001220703125,0.0,293.489990234375,0.004974690862507014,0.004974690862507014,0.0
VCR,2024-01-29,298.6000061035156,0.0,294.95001220703125,0.012374957604417203,0.012374957604417203,0.0
VCR,2024-01-30,297.7799987792969,0.0,298.6000061035156,-0.0027461731663008804,-0.0027461731663008804,0.0
VCR,2024-01-31,292.25,0.0,297.7799987792969,-0.018570752911432065,-0.018570752911432065,0.0
VCR,2024-02-01,298.260009765625,0.0,292.25,0.020564618530795498,0.020564618530795498,0.0
VCR,2024-02-02,303.3299865722656,0.0,298.260009765625,0.016998513513845293,0.016998513513845293,0.0
VCR,2024-02-05,299.0,0.0,303.3299865722656,-0.014274838505734189,-0.014274838505734189,0.0
VCR,2024-02-06,300.54998779296875,0.0,299.0,0.005183905662102806,0.005183905662102806,0.0
VCR,2024-02-07,303.3800048828125,0.0,300.54998779296875,0.00941612778168932,0.00941612778168932,0.0
VCR,2024-02-08,305.3399963378906,0.0,303.3800048828125,0.006460516261891369,0.006460516261891369,0.0
VCR,2024-02-09,308.07000732421875,0.0,305.3399963378906,0.008940888907678746,0.008940888907678746,0.0
VCR,2024-02-12,308.6499938964844,0.0,308.07000732421875,0.0018826453678602029,0.0018826453678602029,0.0
VCR,2024-02-13,301.8399963378906,0.0,308.6499938964844,-0.022063818866873808,-0.022063818866873808,0.0
VCR,2024-02-14,305.25,0.0,301.8399963378906,0.011297388362979222,0.011297388362979222,0.0
VCR,2024-02-15,308.8900146484375,0.0,305.25,0.011924699912981174,0.011924699912981174,0.0
VCR,2024-02-16,307.3599853515625,0.0,308.8900146484375,-0.0049533142034920985,-0.0049533142034920985,0.0
VCR,2024-02-20,304.0799865722656,0.0,307.3599853515625,-0.010671521784285543,-0.010671521784285543,0.0
VCR,2024-02-21,305.739990234375,0.0,304.0799865722656,0.005459101997542515,0.005459101997542515,0.0
VCR,2024-02-22,311.6199951171875,0.0,305.739990234375,0.01923204379742738,0.01923204379742738,0.0
VCR,2024-02-23,310.42999267578125,0.0,311.6199951171875,-0.0038187615045649492,-0.0038187615045649492,0.0
VCR,2024-02-26,311.17999267578125,0.0,310.42999267578125,0.002416003664901467,0.002416003664901467,0.0
VCR,2024-02-27,312.739990234375,0.0,311.17999267578125,0.005013167926316786,0.005013167926316786,0.0
VCR,2024-02-28,313.3599853515625,0.0,312.739990234375,0.0019824619062078774,0.0019824619062078774,0.0
VCR,2024-02-29,315.739990234375,0.0,313.3599853515625,0.007595114226669253,0.007595114226669253,0.0
VCR,2024-03-01,317.3900146484375,0.0,315.739990234375,0.005225896196543456,0.005225896196543456,0.0
VCR,2024-03-04,313.5899963378906,0.0,317.3900146484375,-0.011972709080832367,-0.011972709080832367,0.0
VCR,2024-03-05,309.989990234375,0.0,313.5899963378906,-0.01147997750424623,-0.01147997750424623,0.0
VCR,2024-03-06,308.6700134277344,0.0,309.989990234375,-0.004258127191921979,-0.004258127191921979,0.0
VCR,2024-03-07,311.2099914550781,0.0,308.6700134277344,0.008228781277253683,0.008228781277253683,0.0
VCR,2024-03-08,310.1600036621094,0.0,311.2099914550781,-0.0033738884412402026,-0.0033738884412402026,0.0
VCR,2024-03-11,309.0,0.0,310.1600036621094,-0.00374001692163084,-0.00374001692163084,0.0
VCR,2024-03-12,311.6400146484375,0.0,309.0,0.008543736726335016,0.008543736726335016,0.0
VCR,2024-03-13,311.7300109863281,0.0,311.6400146484375,0.0002887829985251944,0.0002887829985251944,0.0
VCR,2024-03-14,309.75,0.0,311.7300109863281,-0.0063516854859860805,-0.0063516854859860805,0.0
VCR,2024-03-15,306.6499938964844,0.0,309.75,-0.010008090729671126,-0.010008090729671126,0.0
VCR,2024-03-18,308.2200012207031,0.0,306.6499938964844,0.005119867456278904,0.005119867456278904,0.0
VCR,2024-03-19,310.9200134277344,0.0,308.2200012207031,0.008760016210297428,0.008760016210297428,0.0
VCR,2024-03-20,315.9800109863281,0.0,310.9200134277344,0.016274274218664342,0.016274274218664342,0.0
VCR,2024-03-21,317.9700012207031,0.0,315.9800109863281,0.006297835828802167,0.006297835828802167,0.0
VCR,2024-03-22,315.04998779296875,0.639,317.9700012207031,-0.009183298476347801,-0.007173674934671359,0.002009623541676404
VCR,2024-03-25,314.1700134277344,0.0,315.04998779296875,-0.002793126168322946,-0.002793126168322946,0.0
VCR,2024-03-26,314.19000244140625,0.0,314.1700134277344,6.362482992505747e-05,6.362482992505747e-05,0.0
VCR,2024-03-27,318.1199951171875,0.0,314.19000244140625,0.012508331408521478,0.012508331408521478,0.0
VCR,2024-03-28,317.7300109863281,0.0,318.1199951171875,-0.0012259026054483035,-0.0012259026054483035,0.0
VCR,2024-04-01,315.7200012207031,0.0,317.7300109863281,-0.006326156472866162,-0.006326156472866162,0.0
VCR,2024-04-02,310.67999267578125,0.0,315.7200012207031,-0.01596353897578595,-0.01596353897578595,0.0
VCR,2024-04-03,310.9700012207031,0.0,310.67999267578125,0.0009334638591436129,0.0009334638591436129,0.0
VCR,2024-04-04,307.0199890136719,0.0,310.9700012207031,-0.012702229126686171,-0.012702229126686171,0.0
VCR,2024-04-05,309.2799987792969,0.0,307.0199890136719,0.00736111603966072,0.00736111603966072,0.0
VCR,2024-04-08,311.70001220703125,0.0,309.2799987792969,0.00782466838232665,0.00782466838232665,0.0
VCR,2024-04-09,312.92999267578125,0.0,311.70001220703125,0.0039460392062258265,0.0039460392062258265,0.0
VCR,2024-04-10,307.57000732421875,0.0,312.92999267578125,-0.01712838486886692,-0.01712838486886692,0.0
VCR,2024-04-11,309.5899963378906,0.0,307.57000732421875,0.006567574749063665,0.006567574749063665,0.0
VCR,2024-04-12,304.79998779296875,0.0,309.5899963378906,-0.015472103755232447,-0.015472103755232447,0.0
VCR,2024-04-15,299.5400085449219,0.0,304.79998779296875,-0.01725715045507037,-0.01725715045507037,0.0
VCR,2024-04-16,298.17999267578125,0.0,299.5400085449219,-0.004540347968030045,-0.004540347968030045,0.0
VCR,2024-04-17,295.92999267578125,0.0,298.17999267578125,-0.007545777903504303,-0.007545777903504303,0.0
VCR,2024-04-18,294.489990234375,0.0,295.92999267578125,-0.004866023982178502,-0.004866023982178502,0.0
VCR,2024-04-19,292.0299987792969,0.0,294.489990234375,-0.008353395825509424,-0.008353395825509424,0.0
VCR,2024-04-22,293.9200134277344,0.0,292.0299987792969,0.006471988002389795,0.006471988002389795,0.0
VCR,2024-04-23,298.29998779296875,0.0,293.9200134277344,0.014901926255903808,0.014901926255903808,0.0
VCR,2024-04-24,299.3999938964844,0.0,298.29998779296875,0.003687583468086064,0.003687583468086064,0.0
VCR,2024-04-25,298.8599853515625,0.0,299.3999938964844,-0.0018036357913506773,-0.0018036357913506773,0.0
VCR,2024-04-26,302.42999267578125,0.0,298.8599853515625,0.011945417584154683,0.011945417584154683,0.0
VCR,2024-04-29,308.0899963378906,0.0,302.42999267578125,0.018715087124897556,0.018715087124897556,0.0
VCR,2024-04-30,300.8999938964844,0.0,308.0899963378906,-0.02333734469431059,-0.02333734469431059,0.0
VCR,2024-05-01,299.7300109863281,0.0,300.8999938964844,-0.0038882782781269887,-0.0038882782781269887,0.0
VCR,2024-05-02,304.3399963378906,0.0,299.7300109863281,0.015380459689012582,0.015380459689012582,0.0
VCR,2024-05-03,306.75,0.0,304.3399963378906,0.007918787182456644,0.007918787182456644,0.0
VCR,2024-05-06,310.32000732421875,0.0,306.75,0.011638165686124635,0.011638165686124635,0.0
VCR,2024-05-07,308.6000061035156,0.0,310.32000732421875,-0.005542669438345582,-0.005542669438345582,0.0
VCR,2024-05-08,307.7099914550781,0.0,308.6000061035156,-0.002884039633294644,-0.002884039633294644,0.0
VCR,2024-05-09,310.1099853515625,0.0,307.7099914550781,0.0077995319070902625,0.0077995319070902625,0.0
VCR,2024-05-10,308.75,0.0,310.1099853515625,-0.00438549358551199,-0.00438549358551199,0.0
VCR,2024-05-13,308.8900146484375,0.0,308.75,0.0004534887398786047,0.0004534887398786047,0.0
VCR,2024-05-14,310.8900146484375,0.0,308.8900146484375,0.006474796546195538,0.006474796546195538,0.0
VCR,2024-05-15,311.3299865722656,0.0,310.8900146484375,0.0014152012065284936,0.0014152012065284936,0.0
VCR,2024-05-16,308.5299987792969,0.0,311.3299865722656,-0.008993633487723196,-0.008993633487723196,0.0
VCR,2024-05-17,309.3500061035156,0.0,308.5299987792969,0.00265778798646199,0.00265778798646199,0.0
VCR,2024-05-20,307.5,0.0,309.3500061035156,-0.005980300846984865,-0.005980300846984865,0.0
VCR,2024-05-21,308.45001220703125,0.0,307.5,0.0030894705919715104,0.0030894705919715104,0.0
VCR,2024-05-22,304.9800109863281,0.0,308.45001220703125,-0.011249800886291017,-0.011249800886291017,0.0
VCR,2024-05-23,300.25,0.0,304.9800109863281,-0.01550924918335117,-0.01550924918335117,0.0
VCR,2024-05-24,303.2900085449219,0.0,300.25,0.010124924379423472,0.010124924379423472,0.0
VCR,2024-05-28,302.8399963378906,0.0,303.2900085449219,-0.001483768651629025,-0.001483768651629025,0.0
VCR,2024-05-29,300.95001220703125,0.0,302.8399963378906,-0.006240866971714776,-0.006240866971714776,0.0
VCR,2024-05-30,302.7099914550781,0.0,300.95001220703125,0.005848078340784824,0.005848078340784824,0.0
VCR,2024-05-31,304.510009765625,0.0,302.7099914550781,0.005946345880076365,0.005946345880076365,0.0
VCR,2024-06-03,305.1199951171875,0.0,304.510009765625,0.0020031701159248794,0.0020031701159248794,0.0
VCR,2024-06-04,304.07000732421875,0.0,305.1199951171875,-0.0034412290566715464,-0.0034412290566715464,0.0
VCR,2024-06-05,306.260009765625,0.0,304.07000732421875,0.007202296802233166,0.007202296802233166,0.0
VCR,2024-06-06,308.6499938964844,0.0,306.260009765625,0.007803774749071568,0.007803774749071568,0.0
VCR,2024-06-07,306.1600036621094,0.0,308.6499938964844,-0.008067358767582244,-0.008067358767582244,0.0
VCR,2024-06-10,307.5199890136719,0.0,306.1600036621094,0.004442073867569674,0.004442073867569674,0.0
VCR,2024-06-11,306.3299865722656,0.0,307.5199890136719,-0.003869675090790059,-0.003869675090790059,0.0
VCR,2024-06-12,309.989990234375,0.0,306.3299865722656,0.011947911802770772,0.011947911802770772,0.0
VCR,2024-06-13,309.19000244140625,0.0,309.989990234375,-0.002580689113102941,-0.002580689113102941,0.0
VCR,2024-06-14,305.989990234375,0.0,309.19000244140625,-0.010349662607987087,-0.010349662607987087,0.0
VCR,2024-06-17,310.7799987792969,0.0,305.989990234375,0.0156541347684378,0.0156541347684378,0.0
VCR,2024-06-18,309.80999755859375,0.0,310.7799987792969,-0.0031211829091741805,-0.0031211829091741805,0.0
VCR,2024-06-20,309.80999755859375,0.0,309.80999755859375,0.0,0.0,0.0
VCR,2024-06-21,312.2300109863281,0.0,309.80999755859375,0.007811282549965659,0.007811282549965659,0.0
VCR,2024-06-24,311.239990234375,0.0,312.2300109863281,-0.0031708058710488984,-0.0031708058710488984,0.0
VCR,2024-06-25,309.79998779296875,0.0,311.239990234375,-0.004626662660932035,-0.004626662660932035,0.0
VCR,2024-06-26,314.3599853515625,0.0,309.79998779296875,0.014719166359816294,0.014719166359816294,0.0
VCR,2024-06-27,315.8699951171875,0.0,314.3599853515625,0.004803441391996177,0.004803441391996177,0.0
VCR,2024-06-28,312.3299865722656,0.667,315.8699951171875,-0.011207169404009232,-0.009095541169891752,0.0021116282341174684
VCR,2024-07-01,312.30999755859375,0.0,312.3299865722656,-6.399966231629417e-05,-6.399966231629417e-05,0.0
VCR,2024-07-02,317.1300048828125,0.0,312.30999755859375,0.015433407069571858,0.015433407069571858,0.0
VCR,2024-07-03,318.44000244140625,0.0,317.1300048828125,0.0041307903333771545,0.0041307903333771545,0.0
VCR,2024-07-05,320.0400085449219,0.0,318.44000244140625,0.005024513538653297,0.005024513538653297,0.0
VCR,2024-07-08,320.7300109863281,0.0,320.0400085449219,0.0021559880733141856,0.0021559880733141856,0.0
VCR,2024-07-09,321.07000732421875,0.0,320.7300109863281,0.0010600702342915547,0.0010600702342915547,0.0
VCR,2024-07-10,322.75,0.0,321.07000732421875,0.005232480884098223,0.005232480884098223,0.0
VCR,2024-07-11,321.5799865722656,0.0,322.75,-0.0036251384283016996,-0.0036251384283016996,0.0
VCR,2024-07-12,326.1400146484375,0.0,321.5799865722656,0.01418007421661227,0.01418007421661227,0.0
VCR,2024-07-15,325.19000244140625,0.0,326.1400146484375,-0.0029128968061625793,-0.0029128968061625793,0.0
VCR,2024-07-16,331.80999755859375,0.0,325.19000244140625,0.02035731439308419,0.02035731439308419,0.0
VCR,2024-07-17,325.9700012207031,0.0,331.80999755859375,-0.017600423076038707,-0.017600423076038707,0.0
VCR,2024-07-18,321.7099914550781,0.0,325.9700012207031,-0.013068717212234127,-0.013068717212234127,0.0
VCR,2024-07-19,319.4700012207031,0.0,321.7099914550781,-0.006962762406736656,-0.006962762406736656,0.0
VCR,2024-07-22,322.54998779296875,0.0,319.4700012207031,0.00964092578488418,0.00964092578488418,0.0
VCR,2024-07-23,322.44000244140625,0.0,322.54998779296875,-0.0003409869965119716,-0.0003409869965119716,0.0
VCR,2024-07-24,309.6000061035156,0.0,322.44000244140625,-0.039821350454877,-0.039821350454877,0.0
VCR,2024-07-25,309.70001220703125,0.0,309.6000061035156,0.0003230171238504109,0.0003230171238504109,0.0
VCR,2024-07-26,314.3900146484375,0.0,309.70001220703125,0.015143694725691548,0.015143694725691548,0.0
VCR,2024-07-29,318.2300109863281,0.0,314.3900146484375,0.012214116730725921,0.012214116730725921,0.0
VCR,2024-07-30,316.760009765625,0.0,318.2300109863281,-0.004619304182364781,-0.004619304182364781,0.0
VCR,2024-07-31,322.2200012207031,0.0,316.760009765625,0.0172369973694535,0.0172369973694535,0.0
VCR,2024-08-01,313.739990234375,0.0,322.2200012207031,-0.02631745687481324,-0.02631745687481324,0.0
VCR,2024-08-02,302.30999755859375,0.0,313.739990234375,-0.03643141783501247,-0.03643141783501247,0.0
VCR,2024-08-05,293.989990234375,0.0,302.30999755859375,-0.027521442861333623,-0.027521442861333623,0.0
VDC,2024-01-03,191.44000244140625,0.0,193.14999389648438,-0.008853178923705074,-0.008853178923705074,0.0
VDC,2024-01-04,191.17999267578125,0.0,191.44000244140625,-0.0013581788670556927,-0.0013581788670556927,0.0
VDC,2024-01-05,190.61000061035156,0.0,191.17999267578125,-0.0029814420298484023,-0.0029814420298484023,0.0
VDC,2024-01-08,192.10000610351562,0.0,190.61000061035156,0.007817037345327682,0.007817037345327682,0.0
VDC,2024-01-09,192.6300048828125,0.0,192.10000610351562,0.0027589732558950253,0.0027589732558950253,0.0
VDC,2024-01-10,192.3699951171875,0.0,192.6300048828125,-0.0013497885014496225,-0.0013497885014496225,0.0
VDC,2024-01-11,192.27999877929688,0.0,192.3699951171875,-0.0004678293921867027,-0.0004678293921867027,0.0
VDC,2024-01-12,192.9600067138672,0.0,192.27999877929688,0.0035365505454929558,0.0035365505454929558,0.0
VDC,2024-01-16,192.02000427246094,0.0,192.9600067138672,-0.004871488436462124,-0.004871488436462124,0.0
VDC,2024-01-17,191.60000610351562,0.0,192.02000427246094,-0.0021872625747334506,-0.0021872625747334506,0.0
VDC,2024-01-18,191.4499969482422,0.0,191.60000610351562,-0.0007829287604114166,-0.0007829287604114166,0.0
VDC,2024-01-19,190.83999633789062,0.0,191.4499969482422,-0.0031862137376605926,-0.0031862137376605926,0.0
VDC,2024-01-22,190.16000366210938,0.0,190.83999633789062,-0.0035631559884191644,-0.0035631559884191644,0.0
VDC,2024-01-23,191.88999938964844,0.0,190.16000366210938,0.009097579376434295,0.009097579376434295,0.0
VDC,2024-01-24,189.57000732421875,0.0,191.88999938964844,-0.0120902187336962,-0.0120902187336962,0.0
VDC,2024-01-25,191.49000549316406,0.0,189.57000732421875,0.010128174789071798,0.010128174789071798,0.0
VDC,2024-01-26,192.25,0.0,191.49000549316406,0.003968846859023545,0.003968846859023545,0.0
VDC,2024-01-29,193.27000427246094,0.0,192.25,0.0053056139009670655,0.0053056139009670655,0.0
VDC,2024-01-30,194.32000732421875,0.0,193.27000427246094,0.005432829867782152,0.005432829867782152,0.0
VDC,2024-01-31,192.75999450683594,0.0,194.32000732421875,-0.008028060717288676,-0.008028060717288676,0.0
VDC,2024-02-01,196.60000610351562,0.0,192.75999450683594,0.019921206194802643,0.019921206194802643,0.0
VDC,2024-02-02,196.19000244140625,0.0,196.60000610351562,-0.0020854712582943913,-0.0020854712582943913,0.0
VDC,2024-02-05,194.82000732421875,0.0,196.19000244140625,-0.006983001682752232,-0.006983001682752232,0.0
VDC,2024-02-06,195.4499969482422,0.0,194.82000732421875,0.0032337008538092515,0.0032337008538092515,0.0
VDC,2024-02-07,195.05999755859375,0.0,195.4499969482422,-0.001995392150104358,-0.001995392150104358,0.0
VDC,2024-02-08,195.39999389648438,0.0,195.05999755859375,0.0017430346670055386,0.0017430346670055386,0.0
VDC,2024-02-09,193.75999450683594,0.0,195.39999389648438,-0.00839303705668104,-0.00839303705668104,0.0
VDC,2024-02-12,195.36000061035156,0.0,193.75999450683594,0.008257670049939936,0.008257670049939936,0.0
VDC,2024-02-13,193.0500030517578,0.0,195.36000061035156,-0.011824311790421649,-0.011824311790421649,0.0
VDC,2024-02-14,192.92999267578125,0.0,193.0500030517578,-0.0006216543593857704,-0.0006216543593857704,0.0
VDC,2024-02-15,194.30999755859375,0.0,192.92999267578125,0.007152878946777408,0.007152878946777408,0.0
VDC,2024-02-16,194.47000122070312,0.0,194.30999755859375,0.0008234453405369102,0.0008234453405369102,0.0
VDC,2024-02-20,196.39999389648438,0.0,194.47000122070312,0.00992437220993736,0.00992437220993736,0.0
VDC,2024-02-21,196.80999755859375,0.0,196.39999389648438,0.0020875950857996983,0.0020875950857996983,0.0
VDC,2024-02-22,197.44000244140625,0.0,196.80999755859375,0.0032010817063545804,0.0032010817063545804,0.0
VDC,2024-02-23,198.25,0.0,197.44000244140625,0.004102499739555787,0.004102499739555787,0.0
VDC,2024-02-26,198.00999450683594,0.0,198.25,-0.0012106203942702232,-0.0012106203942702232,0.0
VDC,2024-02-27,198.0399932861328,0.0,198.00999450683594,0.00015150133896812967,0.00015150133896812967,0.0
VDC,2024-02-28,198.38999938964844,0.0,198.0399932861328,0.001767350612913443,0.001767350612913443,0.0
VDC,2024-02-29,198.32000732421875,0.0,198.38999938964844,-0.0003528003712133243,-0.0003528003712133243,0.0
VDC,2024-03-01,198.25999450683594,0.0,198.32000732421875,-0.00030260596594622324,-0.00030260596594622324,0.0
VDC,2024-03-04,198.36000061035156,0.0,198.25999450683594,0.0005044189765281981,0.0005044189765281981,0.0
VDC,2024-03-05,198.9600067138672,0.0,198.36000061035156,0.003024834148363631,0.003024834148363631,0.0
VDC,2024-03-06,200.24000549316406,0.0,198.9600067138672,0.006433447608079845,0.006433447608079845,0.0
VDC,2024-03-07,201.49000549316406,0.0,200.24000549316406,0.006242508817962733,0.006242508817962733,0.0
VDC,2024-03-08,200.00999450683594,0.0,201.49000549316406,-0.007345332006447047,-0.007345332006447047,0.0
VDC,2024-03-11,200.88999938964844,0.0,200.00999450683594,0.004399804544679586,0.004399804544679586,0.0
VDC,2024-03-12,202.1199951171875,0.0,200.88999938964844,0.006122732496769867,0.006122732496769867,0.0
VDC,2024-03-13,202.72999572753906,0.0,202.1199951171875,0.003018012196160491,0.003018012196160491,0.0
VDC,2024-03-14,201.0800018310547,0.0,202.72999572753906,-0.008138874025834353,-0.008138874025834353,0.0
VDC,2024-03-15,201.00999450683594,0.0,201.0800018310547,-0.0003481565724152702,-0.0003481565724152702,0.0
VDC,2024-03-18,202.27999877929688,0.0,201.00999450683594,0.0063181150548101694,0.0063181150548101694,0.0
VDC,2024-03-19,203.00999450683594,0.0,202.27999877929688,0.0036088379075756016,0.0036088379075756016,0.0
VDC,2024-03-20,203.9199981689453,0.0,203.00999450683594,0.00448255596637015,0.00448255596637015,0.0
VDC,2024-03-21,204.02000427246094,0.0,203.9199981689453,0.0004904183229383907,0.0004904183229383907,0.0
VDC,2024-03-22,202.3300018310547,0.862,204.02000427246094,-0.008283513410524801,-0.004058437526059944,0.004225075884464897
VDC,2024-03-25,201.6300048828125,0.0,202.3300018310547,-0.003459679444013819,-0.003459679444013819,0.0
VDC,2024-03-26,201.8699951171875,0.0,201.6300048828125,0.0011902506004226598,0.0011902506004226598,0.0
VDC,2024-03-27,203.8699951171875,0.0,201.8699951171875,0.009907366366353587,0.009907366366353587,0.0
VDC,2024-03-28,204.13999938964844,0.0,203.8699951171875,0.0013243943637009092,0.0013243943637009092,0.0
VDC,2024-04-01,202.42999267578125,0.0,204.13999938964844,-0.008376637204760895,-0.008376637204760895,0.0
VDC,2024-04-02,201.22000122070312,0.0,202.42999267578125,-0.005977332899557486,-0.005977332899557486,0.0
VDC,2024-04-03,199.02000427246094,0.0,201.22000122070312,-0.010933291595745409,-0.010933291595745409,0.0
VDC,2024-04-04,198.13999938964844,0.0,199.02000427246094,-0.004421690603562456,-0.004421690603562456,0.0
VDC,2024-04-05,198.52000427246094,0.0,198.13999938964844,0.0019178605227772039,0.0019178605227772039,0.0
VDC,2024-04-08,198.3699951171875,0.0,198.52000427246094,-0.0007556374775589125,-0.0007556374775589125,0.0
VDC,2024-04-09,199.36000061035156,0.0,198.3699951171875,0.004990701807393805,0.004990701807393805,0.0
VDC,2024-04-10,198.3300018310547,0.0,199.36000061035156,-0.00516652676636975,-0.00516652676636975,0.0
VDC,2024-04-11,197.58999633789062,0.0,198.3300018310547,-0.0037311828081080245,-0.0037311828081080245,0.0
VDC,2024-04-12,195.5399932861328,0.0,197.58999633789062,-0.010375034615882961,-0.010375034615882961,0.0
VDC,2024-04-15,194.57000732421875,0.0,195.5399932861328,-0.0049605502465916995,-0.0049605502465916995,0.0
VDC,2024-04-16,194.9499969482422,0.0,194.57000732421875,0.0019529712171426628,0.0019529712171426628,0.0
VDC,2024-04-17,195.33999633789062,0.0,194.9499969482422,0.0020005098525441856,0.0020005098525441856,0.0
VDC,2024-04-18,196.25999450683594,0.0,195.33999633789062,0.004709727583663614,0.004709727583663614,0.0
VDC,2024-04-19,198.19000244140625,0.0,196.25999450683594,0.009833934518443499,0.009833934518443499,0.0
VDC,2024-04-22,200.19000244140625,0.0,198.19000244140625,0.010091326380558874,0.010091326380558874,0.0
VDC,2024-04-23,200.6199951171875,0.0,200.19000244140625,0.002147922826001736,0.002147922826001736,0.0
VDC,2024-04-24,202.14999389648438,0.0,200.6199951171875,0.007626352390264879,0.007626352390264879,0.0
VDC,2024-04-25,201.5399932861328,0.0,202.14999389648438,-0.003017564327327804,-0.003017564327327804,0.0
VDC,2024-04-26,201.1999969482422,0.0,201.5399932861328,-0.0016869919083897233,-0.0016869919083897233,0.0
VDC,2024-04-29,201.88999938964844,0.0,201.1999969482422,0.0034294356454873665,0.0034294356454873665,0.0
VDC,2024-04-30,200.8000030517578,0.0,201.88999938964844,-0.005398961519569534,-0.005398961519569534,0.0
VDC,2024-05-01,199.63999938964844,0.0,200.8000030517578,-0.005776910580077899,-0.005776910580077899,0.0
VDC,2024-05-02,201.66000366210938,0.0,199.63999938964844,0.01011823421476965,0.01011823421476965,0.0
VDC,2024-05-03,202.30999755859375,0.0,201.66000366210938,0.0032232167245889176,0.0032232167245889176,0.0
VDC,2024-05-06,202.38999938964844,0.0,202.30999755859375,0.00039544180722717037,0.00039544180722717037,0.0
VDC,2024-05-07,204.5800018310547,0.0,202.38999938964844,0.010820704817484428,0.010820704817484428,0.0
VDC,2024-05-08,203.94000244140625,0.0,204.5800018310547,-0.003128357532115822,-0.003128357532115822,0.0
VDC,2024-05-09,205.8699951171875,0.0,203.94000244140625,0.009463531689109184,0.009463531689109184,0.0
VDC,2024-05-10,207.1199951171875,0.0,205.8699951171875,0.00607179302301164,0.00607179302301164,0.0
VDC,2024-05-13,206.67999267578125,0.0,207.1199951171875,-0.0021243841820163256,-0.0021243841820163256,0.0
VDC,2024-05-14,206.33999633789062,0.0,206.67999267578125,-0.0016450374972868387,-0.0016450374972868387,0.0
VDC,2024-05-15,206.42999267578125,0.0,206.33999633789062,0.0004361555659972982,0.0004361555659972982,0.0
VDC,2024-05-16,209.07000732421875,0.0,206.42999267578125,0.012788910246118723,0.012788910246118723,0.0
VDC,2024-05-17,208.49000549316406,0.0,209.07000732421875,-0.0027741991234315755,-0.0027741991234315755,0.0
VDC,2024-05-20,207.30999755859375,0.0,208.49000549316406,-0.005659781780805839,-0.005659781780805839,0.0
VDC,2024-05-21,208.27000427246094,0.0,207.30999755859375,0.004630778665634994,0.004630778665634994,0.0
VDC,2024-05-22,207.5399932861328,0.0,208.27000427246094,-0.003505118218431136,-0.003505118218431136,0.0
VDC,2024-05-23,205.27999877929688,0.0,207.5399932861328,-0.010889440974974463,-0.010889440974974463,0.0
VDC,2024-05-24,205.8300018310547,0.0,205.27999877929688,0.0026792822244174896,0.0026792822244174896,0.0
VDC,2024-05-28,204.02999877929688,0.0,205.8300018310547,-0.008745095640796063,-0.008745095640796063,0.0
VDC,2024-05-29,202.27000427246094,0.0,204.02999877929688,-0.008626155552447723,-0.008626155552447723,0.0
VDC,2024-05-30,202.63999938964844,0.0,202.27000427246094,0.0018292139683209196,0.0018292139683209196,0.0
VDC,2024-05-31,205.89999389648438,0.0,202.63999938964844,0.016087616051396747,0.016087616051396747,0.0
VDC,2024-06-03,205.92999267578125,0.0,205.89999389648438,0.00014569587268642437,0.00014569587268642437,0.0
VDC,2024-06-04,207.02999877929688,0.0,205.92999267578125,0.005341650767926254,0.005341650767926254,0.0
VDC,2024-06-05,206.72000122070312,0.0,207.02999877929688,-0.0014973557475804755,-0.0014973557475804755,0.0
VDC,2024-06-06,207.42999267578125,0.0,206.72000122070312,0.003434556167209557,0.003434556167209557,0.0
VDC,2024-06-07,206.11000061035156,0.0,207.42999267578125,-0.006363554510137148,-0.006363554510137148,0.0
VDC,2024-06-10,205.57000732421875,0.0,206.11000061035156,-0.0026199276334663013,-0.0026199276334663013,0.0
VDC,2024-06-11,205.39999389648438,0.0,205.57000732421875,-0.0008270342057546953,-0.0008270342057546953,0.0
VDC,2024-06-12,203.61000061035156,0.0,205.39999389648438,-0.008714670590666662,-0.008714670590666662,0.0
VDC,2024-06-13,203.6199951171875,0.0,203.61000061035156,4.9086522302399516e-05,4.9086522302399516e-05,0.0
VDC,2024-06-14,203.6999969482422,0.0,203.6199951171875,0.00039289771620243386,0.00039289771620243386,0.0
VDC,2024-06-17,205.72000122070312,0.0,203.6999969482422,0.009916565060009264,0.009916565060009264,0.0
VDC,2024-06-18,205.99000549316406,0.0,205.72000122070312,0.0013124843032217282,0.0013124843032217282,0.0
VDC,2024-06-20,205.4499969482422,0.0,205.99000549316406,-0.0026215278922345764,-0.0026215278922345764,0.0
VDC,2024-06-21,205.7100067138672,0.0,205.4499969482422,0.0012655622754305096,0.0012655622754305096,0.0
VDC,2024-06-24,207.67999267578125,0.0,205.7100067138672,0.009576519846476117,0.009576519846476117,0.0
VDC,2024-06-25,206.32000732421875,0.0,207.67999267578125,-0.006548465906803247,-0.006548465906803247,0.0
VDC,2024-06-26,206.14999389648438,0.0,206.32000732421875,-0.0008240278290956304,-0.0008240278290956304,0.0
VDC,2024-06-27,205.52000427246094,0.0,206.14999389648438,-0.0030559769229960843,-0.0030559769229960843,0.0
VDC,2024-06-28,203.02999877929688,1.541,205.52000427246094,-0.012115635662711566,-0.004617582101185458,0.007498053561526172
VDC,2024-07-01,201.77000427246094,0.0,203.02999877929688,-0.006205952393299352,-0.006205952393299352,0.0
VDC,2024-07-02,202.92999267578125,0.0,201.77000427246094,0.005749062688990669,0.005749062688990669,0.0
VDC,2024-07-03,202.5,0.0,202.92999267578125,-0.002118921260043871,-0.002118921260043871,0.0
VDC,2024-07-05,204.55999755859375,0.0,202.5,0.0101728274498456,0.0101728274498456,0.0
VDC,2024-07-08,204.22000122070312,0.0,204.55999755859375,-0.0016620861456221325,-0.0016620861456221325,0.0
VDC,2024-07-09,203.35000610351562,0.0,204.22000122070312,-0.004260087709270333,-0.004260087709270333,0.0
VDC,2024-07-10,204.14999389648438,0.0,203.35000610351562,0.003934043614247651,0.003934043614247651,0.0
VDC,2024-07-11,204.4600067138672,0.0,204.14999389648438,0.0015185541349562737,0.0015185541349562737,0.0
VDC,2024-07-12,205.3000030517578,0.0,204.4600067138672,0.004108365011775472,0.004108365011775472,0.0
VDC,2024-07-15,204.0800018310547,0.0,205.3000030517578,-0.005942528994485996,-0.005942528994485996,0.0
VDC,2024-07-16,206.0,0.0,204.0800018310547,0.009408066207950982,0.009408066207950982,0.0
VDC,2024-07-17,208.6199951171875,0.0,206.0,0.012718422898968518,0.012718422898968518,0.0
VDC,2024-07-18,207.36000061035156,0.0,208.6199951171875,-0.00603966319780691,-0.00603966319780691,0.0
VDC,2024-07-19,206.8000030517578,0.0,207.36000061035156,-0.002700605502244602,-0.002700605502244602,0.0
VDC,2024-07-22,206.9199981689453,0.0,206.8000030517578,0.0005802471731950476,0.0005802471731950476,0.0
VDC,2024-07-23,206.14999389648438,0.0,206.9199981689453,-0.003721265606392743,-0.003721265606392743,0.0
VDC,2024-07-24,205.83999633789062,0.0,206.14999389648438,-0.0015037476001547034,-0.0015037476001547034,0.0
VDC,2024-07-25,206.05999755859375,0.0,205.83999633789062,0.0010687972435734494,0.0010687972435734494,0.0
VDC,2024-07-26,208.2899932861328,0.0,206.05999755859375,0.010822070047365573,0.010822070047365573,0.0
VDC,2024-07-29,208.36000061035156,0.0,208.2899932861328,0.00033610507693748737,0.00033610507693748737,0.0
VDC,2024-07-30,207.5399932861328,0.0,208.36000061035156,-0.0039355313967013306,-0.0039355313967013306,0.0
VDC,2024-07-31,207.36000061035156,0.0,207.5399932861328,-0.000867267426057472,-0.000867267426057472,0.0
VDC,2024-08-01,208.97000122070312,0.0,207.36000061035156,0.0077642776119435375,0.0077642776119435375,0.0
VDC,2024-08-02,210.13999938964844,0.0,208.97000122070312,0.005598880997802258,0.005598880997802258,0.0
VDC,2024-08-05,206.0,0.0,210.13999938964844,-0.01970114876593254,-0.01970114876593254,0.0
VDE,2024-01-03,120.0,0.0,118.44999694824219,0.013085716265869518,0.013085716265869518,0.0
VDE,2024-01-04,118.08999633789062,0.0,120.0,-0.01591669718424482,-0.01591669718424482,0.0
VDE,2024-01-05,118.2300033569336,0.0,118.08999633789062,0.001185595930093486,0.001185595930093486,0.0
VDE,2024-01-08,116.87999725341797,0.0,118.2300033569336,-0.01141847302025345,-0.01141847302025345,0.0
VDE,2024-01-09,115.06999969482422,0.0,116.87999725341797,-0.015485947990478977,-0.015485947990478977,0.0
VDE,2024-01-10,113.9000015258789,0.0,115.06999969482422,-0.010167708108527407,-0.010167708108527407,0.0
VDE,2024-01-11,114.0199966430664,0.0,113.9000015258789,0.001053512867251749,0.001053512867251749,0.0
VDE,2024-01-12,115.52999877929688,0.0,114.0199966430664,0.013243309776244327,0.013243309776244327,0.0
VDE,2024-01-16,112.80000305175781,0.0,115.52999877929688,-0.023630189183627692,-0.023630189183627692,0.0
VDE,2024-01-17,111.87999725341797,0.0,112.80000305175781,-0.008156079551856932,-0.008156079551856932,0.0
VDE,2024-01-18,111.7699966430664,0.0,111.87999725341797,-0.0009832017612799726,-0.0009832017612799726,0.0
VDE,2024-01-19,112.05000305175781,0.0,111.7699966430664,0.002505201906604748,0.002505201906604748,0.0
VDE,2024-01-22,112.5,0.0,112.05000305175781,0.004016036911969723,0.004016036911969723,0.0
VDE,2024-01-23,112.83999633789062,0.0,112.5,0.0030221896701387863,0.0030221896701387863,0.0
VDE,2024-01-24,114.47000122070312,0.0,112.83999633789062,0.014445275927974732,0.014445275927974732,0.0
VDE,2024-01-25,116.76000213623047,0.0,114.47000122070312,0.020005249332636366,0.020005249332636366,0.0
VDE,2024-01-26,117.66999816894531,0.0,116.76000213623047,0.007793730867297288,0.007793730867297288,0.0
VDE,2024-01-29,117.61000061035156,0.0,117.66999816894531,-0.0005098798294158602,-0.0005098798294158602,0.0
VDE,2024-01-30,118.70999908447266,0.0,117.61000061035156,0.009352933155450271,0.009352933155450271,0.0
VDE,2024-01-31,116.36000061035156,0.0,118.70999908447266,-0.01979612915714757,-0.01979612915714757,0.0
VDE,2024-02-01,116.23999786376953,0.0,116.36000061035156,-0.0010313058263370367,-0.0010313058263370367,0.0
VDE,2024-02-02,116.02999877929688,0.0,116.23999786376953,-0.0018065991769783407,-0.0018065991769783407,0.0
VDE,2024-02-05,115.5999984741211,0.0,116.02999877929688,-0.003705940788585993,-0.003705940788585993,0.0
VDE,2024-02-06,116.2300033569336,0.0,115.5999984741211,0.005449869300418131,0.005449869300418131,0.0
VDE,2024-02-07,116.43000030517578,0.0,116.2300033569336,0.0017206998405394636,0.0017206998405394636,0.0
VDE,2024-02-08,117.68000030517578,0.0,116.43000030517578,0.010736064560024072,0.010736064560024072,0.0
VDE,2024-02-09,116.01000213623047,0.0,117.68000030517578,-0.014191010916167257,-0.014191010916167257,0.0
VDE,2024-02-12,117.33000183105469,0.0,116.01000213623047,0.011378326614235768,0.011378326614235768,0.0
VDE,2024-02-13,116.06999969482422,0.0,117.33000183105469,-0.010738959486634725,-0.010738959486634725,0.0
VDE,2024-02-14,115.95999908447266,0.0,116.06999969482422,-0.0009477092327111469,-0.0009477092327111469,0.0
VDE,2024-02-15,119.2300033569336,0.0,115.95999908447266,0.02819941616314492,0.02819941616314492,0.0
VDE,2024-02-16,119.27999877929688,0.0,119.2300033569336,0.00041931913910642216,0.00041931913910642216,0.0
VDE,2024-02-20,118.16999816894531,0.0,119.27999877929688,-0.009305840222260442,-0.009305840222260442,0.0
VDE,2024-02-21,120.52999877929688,0.0,118.16999816894531,0.019971233366505636,0.019971233366505636,0.0
VDE,2024-02-22,120.63999938964844,0.0,120.52999877929688,0.0009126409314330619,0.0009126409314330619,0.0
VDE,2024-02-23,119.87000274658203,0.0,120.63999938964844,-0.006382598200945222,-0.006382598200945222,0.0
VDE,2024-02-26,120.26000213623047,0.0,119.87000274658203,0.0032535194853788862,0.0032535194853788862,0.0
VDE,2024-02-27,119.81999969482422,0.0,120.26000213623047,-0.003658759634045383,-0.003658759634045383,0.0
VDE,2024-02-28,119.56999969482422,0.0,119.81999969482422,-0.0020864630331892675,-0.0020864630331892675,0.0
VDE,2024-02-29,120.08000183105469,0.0,119.56999969482422,0.00426530181092355,0.00426530181092355,0.0
VDE,2024-03-01,121.68000030517578,0.0,120.08000183105469,0.013324437456057048,0.013324437456057048,0.0
VDE,2024-03-04,120.30999755859375,0.0,121.68000030517578,-0.011259062649129126,-0.011259062649129126,0.0
VDE,2024-03-05,121.12000274658203,0.0,120.30999755859375,0.00673265068926443,0.00673265068926443,0.0
VDE,2024-03-06,121.4800033569336,0.0,121.12000274658203,0.0029722638886062747,0.0029722638886062747,0.0
VDE,2024-03-07,122.51000213623047,0.0,121.4800033569336,0.008478751653228978,0.008478751653228978,0.0
VDE,2024-03-08,122.91000366210938,0.0,122.51000213623047,0.003265051986809153,0.003265051986809153,0.0
VDE,2024-03-11,124.16000366210938,0.0,122.91000366210938,0.010170042817965852,0.010170042817965852,0.0
VDE,2024-03-12,123.98999786376953,0.0,124.16000366210938,-0.001369247691088149,-0.001369247691088149,0.0
VDE,2024-03-13,125.88999938964844,0.0,123.98999786376953,0.015323829007292122,0.015323829007292122,0.0
VDE,2024-03-14,127.18000030517578,0.0,125.88999938964844,0.01024704838971835,0.01024704838971835,0.0
VDE,2024-03-15,127.58999633789062,0.0,127.18000030517578,0.003223746121489457,0.003223746121489457,0.0
VDE,2024-03-18,128.00999450683594,0.0,127.58999633789062,0.003291779771143366,0.003291779771143366,0.0
VDE,2024-03-19,129.50999450683594,0.0,128.00999450683594,0.01171783504701196,0.01171783504701196,0.0
VDE,2024-03-20,129.47999572753906,0.0,129.50999450683594,-0.00023163292849415207,-0.00023163292849415207,0.0
VDE,2024-03-21,130.1199951171875,0.0,129.47999572753906,0.004942843765574079,0.004942843765574079,0.0
VDE,2024-03-22,128.89999389648438,0.956,130.1199951171875,-0.009375970384908006,-0.0020289058608200516,0.007347064524088061
VDE,2024-03-25,130.0,0.0,128.89999389648438,0.008533794845630549,0.008533794845630549,0.0
VDE,2024-03-26,129.02000427246094,0.0,130.0,-0.007538428673377395,-0.007538428673377395,0.0
VDE,2024-03-27,130.27999877929688,0.0,129.02000427246094,0.0097658848636768,0.0097658848636768,0.0
VDE,2024-03-28,131.6999969482422,0.0,130.27999877929688,0.010899586907050063,0.010899586907050063,0.0
VDE,2024-04-01,132.57000732421875,0.0,131.6999969482422,0.006606001489267044,0.006606001489267044,0.0
VDE,2024-04-02,134.3300018310547,0.0,132.57000732421875,0.01327596295994482,0.01327596295994482,0.0
VDE,2024-04-03,135.39999389648438,0.0,134.3300018310547,0.007965399023632802,0.007965399023632802,0.0
VDE,2024-04-04,135.22999572753906,0.0,135.39999389648438,-0.0012555256765762746,-0.0012555256765762746,0.0
VDE,2024-04-05,136.6999969482422,0.0,135.22999572753906,0.010870378371266698,0.010870378371266698,0.0
VDE,2024-04-08,135.8699951171875,0.0,136.6999969482422,-0.006071703361990144,-0.006071703361990144,0.0
VDE,2024-04-09,135.80999755859375,0.0,135.8699951171875,-0.00044158063406130044,-0.00044158063406130044,0.0
VDE,2024-04-10,136.2899932861328,0.0,135.80999755859375,0.003534318063233677,0.003534318063233677,0.0
VDE,2024-04-11,135.9600067138672,0.0,136.2899932861328,-0.002421209102071331,-0.002421209102071331,0.0
VDE,2024-04-12,134.02000427246094,0.0,135.9600067138672,-0.014268919870598862,-0.014268919870598862,0.0
VDE,2024-04-15,132.6699981689453,0.0,134.02000427246094,-0.010073168635117202,-0.010073168635117202,0.0
VDE,2024-04-16,131.57000732421875,0.0,132.6699981689453,-0.008291180070160276,-0.008291180070160276,0.0
VDE,2024-04-17,130.97000122070312,0.0,131.57000732421875,-0.004560356237094942,-0.004560356237094942,0.0
VDE,2024-04-18,130.67999267578125,0.0,130.97000122070312,-0.002214312760318027,-0.002214312760318027,0.0
VDE,2024-04-19,132.25,0.0,130.67999267578125,0.012014136916229878,0.012014136916229878,0.0
VDE,2024-04-22,133.1999969482422,0.0,132.25,0.0071833417636459895,0.0071833417636459895,0.0
VDE,2024-04-23,133.7100067138672,0.0,133.1999969482422,0.0038289022320561195,0.0038289022320561195,0.0
VDE,2024-04-24,133.89999389648438,0.0,133.7100067138672,0.0014208897844403268,0.0014208897844403268,0.0
VDE,2024-04-25,134.55999755859375,0.0,133.89999389648438,0.004929079105258305,0.004929079105258305,0.0
VDE,2024-04-26,133.49000549316406,0.0,134.55999755859375,-0.007951784221486458,-0.007951784221486458,0.0
VDE,2024-04-29,134.44000244140625,0.0,133.49000549316406,0.0071166147962353765,0.0071166147962353765,0.0
VDE,2024-04-30,130.36000061035156,0.0,134.44000244140625,-0.03034812375009366,-0.03034812375009366,0.0
VDE,2024-05-01,128.22999572753906,0.0,130.36000061035156,-0.016339405284134023,-0.016339405284134023,0.0
VDE,2024-05-02,129.07000732421875,0.0,128.22999572753906,0.0065508198133650275,0.0065508198133650275,0.0
VDE,2024-05-03,129.1699981689453,0.0,129.07000732421875,0.0007747024022040083,0.0007747024022040083,0.0
VDE,2024-05-06,130.25999450683594,0.0,129.1699981689453,0.008438463678423158,0.008438463678423158,0.0
VDE,2024-05-07,130.24000549316406,0.0,130.25999450683594,-0.00015345474063277464,-0.00015345474063277464,0.0
VDE,2024-05-08,130.0399932861328,0.0,130.24000549316406,-0.001535720198059587,-0.001535720198059587,0.0
VDE,2024-05-09,131.8300018310547,0.0,130.0399932861328,0.013765061806664702,0.013765061806664702,0.0
VDE,2024-05-10,130.97000122070312,0.0,131.8300018310547,-0.006523557599989127,-0.006523557599989127,0.0
VDE,2024-05-13,130.57000732421875,0.0,130.97000122070312,-0.003054087903766045,-0.003054087903766045,0.0
VDE,2024-05-14,131.02000427246094,0.0,130.57000732421875,0.003446403637895168,0.003446403637895168,0.0
VDE,2024-05-15,131.3000030517578,0.0,131.02000427246094,0.0021370689220450156,0.0021370689220450156,0.0
VDE,2024-05-16,130.88999938964844,0.0,131.3000030517578,-0.0031226477728850677,-0.0031226477728850677,0.0
VDE,2024-05-17,132.74000549316406,0.0,130.88999938964844,0.01413405235038856,0.01413405235038856,0.0
VDE,2024-05-20,132.1199951171875,0.0,132.74000549316406,-0.004670862967596445,-0.004670862967596445,0.0
VDE,2024-05-21,131.5500030517578,0.0,132.1199951171875,-0.004314199867507695,-0.004314199867507695,0.0
VDE,2024-05-22,128.9600067138672,0.0,131.5500030517578,-0.01968830313802128,-0.01968830313802128,0.0
VDE,2024-05-23,127.69000244140625,0.0,128.9600067138672,-0.009848047505757296,-0.009848047505757296,0.0
VDE,2024-05-24,127.9000015258789,0.0,127.69000244140625,0.0016446008337185347,0.0016446008337185347,0.0
VDE,2024-05-28,129.36000061035156,0.0,127.9000015258789,0.011415160805742897,0.011415160805742897,0.0
VDE,2024-05-29,127.11000061035156,0.0,129.36000061035156,-0.01739332088268364,-0.01739332088268364,0.0
VDE,2024-05-30,127.55999755859375,0.0,127.11000061035156,0.0035402167105766935,0.0035402167105766935,0.0
VDE,2024-05-31,130.55999755859375,0.0,127.55999755859375,0.02351834475868486,0.02351834475868486,0.0
VDE,2024-06-03,127.02999877929688,0.0,130.55999755859375,-0.02703736860681738,-0.02703736860681738,0.0
VDE,2024-06-04,125.58000183105469,0.0,127.02999877929688,-0.011414602551964359,-0.011414602551964359,0.0
VDE,2024-06-05,125.73999786376953,0.0,125.58000183105469,0.001274056620337527,0.001274056620337527,0.0
VDE,2024-06-06,126.2699966430664,0.0,125.73999786376953,0.00421503728567818,0.00421503728567818,0.0
VDE,2024-06-07,125.69999694824219,0.0,126.2699966430664,-0.0045141340775946,-0.0045141340775946,0.0
VDE,2024-06-10,127.16000366210938,0.0,125.69999694824219,0.011615009938849452,0.011615009938849452,0.0
VDE,2024-06-11,126.95999908447266,0.0,127.16000366210938,-0.0015728575957592028,-0.0015728575957592028,0.0
VDE,2024-06-12,125.83999633789062,0.0,126.95999908447266,-0.00882169781552089,-0.00882169781552089,0.0
VDE,2024-06-13,124.54000091552734,0.0,125.83999633789062,-0.010330542436386314,-0.010330542436386314,0.0
VDE,2024-06-14,123.16999816894531,0.0,124.54000091552734,-0.011000503745870915,-0.011000503745870915,0.0
VDE,2024-06-17,123.52999877929688,0.0,123.16999816894531,0.002922794639143911,0.002922794639143911,0.0
VDE,2024-06-18,124.2300033569336,0.0,123.52999877929688,0.005666676795547998,0.005666676795547998,0.0
VDE,2024-06-20,126.16000366210938,0.0,124.2300033569336,0.01553570194818854,0.01553570194818854,0.0
VDE,2024-06-21,125.30000305175781,0.0,126.16000366210938,-0.006816745286841286,-0.006816745286841286,0.0
VDE,2024-06-24,128.66000366210938,0.0,125.30000305175781,0.026815646676110916,0.026815646676110916,0.0
VDE,2024-06-25,128.91000366210938,0.0,128.66000366210938,0.0019431058050998207,0.0019431058050998207,0.0
VDE,2024-06-26,127.83000183105469,0.0,128.91000366210938,-0.008377952062475491,-0.008377952062475491,0.0
VDE,2024-06-27,128.0800018310547,0.0,127.83000183105469,0.00195572241585662,0.00195572241585662,0.0
VDE,2024-06-28,127.56999969482422,0.948,128.0800018310547,-0.0039819029429996045,0.0034197209361948033,0.007401623879194424
VDE,2024-07-01,127.55999755859375,0.0,127.56999969482422,-7.840508155831927e-05,-7.840508155831927e-05,0.0
VDE,2024-07-02,127.69000244140625,0.0,127.55999755859375,0.0010191665514323045,0.0010191665514323045,0.0
VDE,2024-07-03,128.27999877929688,0.0,127.69000244140625,0.004620536663873631,0.004620536663873631,0.0
VDE,2024-07-05,126.1500015258789,0.0,128.27999877929688,-0.0166042818341664,-0.0166042818341664,0.0
VDE,2024-07-08,125.63999938964844,0.0,126.1500015258789,-0.004042823068264867,-0.004042823068264867,0.0
VDE,2024-07-09,124.5,0.0,125.63999938964844,-0.00907353864363647,-0.00907353864363647,0.0
VDE,2024-07-10,125.33999633789062,0.0,124.5,0.006746958537274139,0.006746958537274139,0.0
VDE,2024-07-11,126.94999694824219,0.0,125.33999633789062,0.012845066677769301,0.012845066677769301,0.0
VDE,2024-07-12,127.31999969482422,0.0,126.94999694824219,0.0029145549860303266,0.0029145549860303266,0.0
VDE,2024-07-15,129.4199981689453,0.0,127.31999969482422,0.016493861758990036,0.016493861758990036,0.0
VDE,2024-07-16,129.94000244140625,0.0,129.4199981689453,0.004017959201190191,0.004017959201190191,0.0
VDE,2024-07-17,130.9499969482422,0.0,129.94000244140625,0.007772775803135623,0.007772775803135623,0.0
VDE,2024-07-18,131.05999755859375,0.0,130.9499969482422,0.0008400199535325559,0.0008400199535325559,0.0
VDE,2024-07-19,129.61000061035156,0.0,131.05999755859375,-0.011063611897245251,-0.011063611897245251,0.0
VDE,2024-07-22,128.9499969482422,0.0,129.61000061035156,-0.005092227906807523,-0.005092227906807523,0.0
VDE,2024-07-23,127.04000091552734,0.0,128.9499969482422,-0.01481191219788458,-0.01481191219788458,0.0
VDE,2024-07-24,126.81999969482422,0.0,127.04000091552734,-0.001731747631593672,-0.001731747631593672,0.0
VDE,2024-07-25,128.64999389648438,0.0,126.81999969482422,0.01442985496028859,0.01442985496028859,0.0
VDE,2024-07-26,129.1999969482422,0.0,128.64999389648438,0.004275189101061061,0.004275189101061061,0.0
VDE,2024-07-29,128.00999450683594,0.0,129.1999969482422,-0.009210545429679584,-0.009210545429679584,0.0
VDE,2024-07-30,129.92999267578125,0.0,128.00999450683594,0.014998814556177242,0.014998814556177242,0.0
VDE,2024-07-31,130.6699981689453,0.0,129.92999267578125,0.005695417031313266,0.005695417031313266,0.0
VDE,2024-08-01,127.19000244140625,0.0,130.6699981689453,-0.026631941350758415,-0.026631941350758415,0.0
VDE,2024-08-02,123.41000366210938,0.0,127.19000244140625,-0.029719307388473726,-0.029719307388473726,0.0
VDE,2024-08-05,120.80000305175781,0.0,123.41000366210938,-0.02114901979500472,-0.02114901979500472,0.0
VFH,2024-01-03,91.29000091552734,0.0,92.31999969482422,-0.011156832568258945,-0.011156832568258945,0.0
VFH,2024-01-04,91.62000274658203,0.0,91.29000091552734,0.0036148737840417944,0.0036148737840417944,0.0
VFH,2024-01-05,92.12000274658203,0.0,91.62000274658203,0.005457323564844074,0.005457323564844074,0.0
VFH,2024-01-08,92.7300033569336,0.0,92.12000274658203,0.006621804083415395,0.006621804083415395,0.0
VFH,2024-01-09,92.0199966430664,0.0,92.7300033569336,-0.00765670967501475,-0.00765670967501475,0.0
VFH,2024-01-10,92.2300033569336,0.0,92.0199966430664,0.0022821856284322983,0.0022821856284322983,0.0
VFH,2024-01-11,91.7699966430664,0.0,92.2300033569336,-0.004987603785364114,-0.004987603785364114,0.0
VFH,2024-01-12,91.52999877929688,0.0,91.7699966430664,-0.0026152105540876436,-0.0026152105540876436,0.0
VFH,2024-01-16,90.88999938964844,0.0,91.52999877929688,-0.006992236405374053,-0.006992236405374053,0.0
VFH,2024-01-17,90.62000274658203,0.0,90.88999938964844,-0.002970586916927198,-0.002970586916927198,0.0
VFH,2024-01-18,90.8499984741211,0.0,90.62000274658203,0.0025380238420675827,0.0025380238420675827,0.0
VFH,2024-01-19,92.4000015258789,0.0,90.8499984741211,0.017061123586032068,0.017061123586032068,0.0
VFH,2024-01-22,92.9800033569336,0.0,92.4000015258789,0.00627707599000682,0.00627707599000682,0.0
VFH,2024-01-23,92.91999816894531,0.0,92.9800033569336,-0.0006453558380496993,-0.0006453558380496993,0.0
VFH,2024-01-24,93.29000091552734,0.0,92.91999816894531,0.00398194956815745,0.00398194956815745,0.0
VFH,2024-01-25,93.69999694824219,0.0,93.29000091552734,0.0043948550615418025,0.0043948550615418025,0.0
VFH,2024-01-26,94.0199966430664,0.0,93.69999694824219,0.0034151516034839347,0.0034151516034839347,0.0
VFH,2024-01-29,94.54000091552734,0.0,94.0199966430664,0.005530783780338444,0.005530783780338444,0.0
VFH,2024-01-30,95.47000122070312,0.0,94.54000091552734,0.009837109119628096,0.009837109119628096,0.0
VFH,2024-01-31,93.9800033569336,0.0,95.47000122070312,-0.01560697438690739,-0.01560697438690739,0.0
VFH,2024-02-01,94.02999877929688,0.0,93.9800033569336,0.0005319793634546155,0.0005319793634546155,0.0
VFH,2024-02-02,94.45999908447266,0.0,94.02999877929688,0.004573011919154268,0.004573011919154268,0.0
VFH,2024-02-05,93.69000244140625,0.0,94.45999908447266,-0.008151563101094439,-0.008151563101094439,0.0
VFH,2024-02-06,93.97000122070312,0.0,93.69000244140625,0.0029885662504063326,0.0029885662504063326,0.0
VFH,2024-02-07,94.52999877929688,0.0,93.97000122070312,0.005959322670205269,0.005959322670205269,0.0
VFH,2024-02-08,94.33000183105469,0.0,94.52999877929688,-0.0021156981997759727,-0.0021156981997759727,0.0
VFH,2024-02-09,94.75,0.0,94.33000183105469,0.004452434652736814,0.004452434652736814,0.0
VFH,2024-02-12,95.37999725341797,0.0,94.75,0.006649047529477148,0.006649047529477148,0.0
VFH,2024-02-13,93.87999725341797,0.0,95.37999725341797,-0.015726567867417773,-0.015726567867417773,0.0
VFH,2024-02-14,94.93000030517578,0.0,93.87999725341797,0.011184523673594127,0.011184523673594127,0.0
VFH,2024-02-15,96.5999984741211,0.0,94.93000030517578,0.01759189048326859,0.01759189048326859,0.0
VFH,2024-02-16,96.2699966430664,0.0,96.5999984741211,-0.003416168077301718,-0.003416168077301718,0.0
VFH,2024-02-20,95.87999725341797,0.0,96.2699966430664,-0.004051100064897839,-0.004051100064897839,0.0
VFH,2024-02-21,95.98999786376953,0.0,95.87999725341797,0.0011472738162561225,0.0011472738162561225,0.0
VFH,2024-02-22,97.16999816894531,0.0,95.98999786376953,0.012292950634819944,0.012292950634819944,0.0
VFH,2024-02-23,97.52999877929688,0.0,97.16999816894531,0.00370485352614347,0.00370485352614347,0.0
VFH,2024-02-26,97.23999786376953,0.0,97.52999877929688,-0.002973453492843725,-0.002973453492843725,0.0
VFH,2024-02-27,97.58000183105469,0.0,97.23999786376953,0.0034965443722190237,0.0034965443722190237,0.0
VFH,2024-02-28,97.8499984741211,0.0,97.58000183105469,0.002766925988932245,0.002766925988932245,0.0
VFH,2024-02-29,97.93000030517578,0.0,97.8499984741211,0.0008175966510193255,0.0008175966510193255,0.0
VFH,2024-03-01,97.91000366210938,0.0,97.93000030517578,-0.00020419322989984057,-0.00020419322989984057,0.0
VFH,2024-03-04,98.08000183105469,0.0,97.91000366210938,0.0017362696618006268,0.0017362696618006268,0.0
VFH,2024-03-05,98.2699966430664,0.0,98.08000183105469,0.0019371411956026208,0.0019371411956026208,0.0
VFH,2024-03-06,98.77999877929688,0.0,98.2699966430664,0.005189805165892958,0.005189805165892958,0.0
VFH,2024-03-07,98.69000244140625,0.0,98.77999877929688,-0.0009110785483172901,-0.0009110785483172901,0.0
VFH,2024-03-08,98.91999816894531,0.0,98.69000244140625,0.0023304865928603924,0.0023304865928603924,0.0
VFH,2024-03-11,99.04000091552734,0.0,98.91999816894531,0.0012131292843038377,0.0012131292843038377,0.0
VFH,2024-03-12,99.4000015258789,0.0,99.04000091552734,0.0036349011209986237,0.0036349011209986237,0.0
VFH,2024-03-13,99.91000366210938,0.0,99.4000015258789,0.005130806120739129,0.005130806120739129,0.0
VFH,2024-03-14,99.08999633789062,0.0,99.91000366210938,-0.008207459655311111,-0.008207459655311111,0.0
VFH,2024-03-15,99.05000305175781,0.0,99.08999633789062,-0.0004036056878682359,-0.0004036056878682359,0.0
VFH,2024-03-18,99.33999633789062,0.0,99.05000305175781,0.0029277463624233224,0.0029277463624233224,0.0
VFH,2024-03-19,99.8499984741211,0.0,99.33999633789062,0.005133905325461985,0.005133905325461985,0.0
VFH,2024-03-20,101.25,0.0,99.8499984741211,0.014021047043298207,0.014021047043298207,0.0
VFH,2024-03-21,102.26000213623047,0.0,101.25,0.009975329740547823,0.009975329740547823,0.0
VFH,2024-03-22,100.48999786376953,0.4,102.26000213623047,-0.017308862072024422,-0.013397264266001296,0.003911597806023133
VFH,2024-03-25,100.48999786376953,0.0,100.48999786376953,0.0,0.0,0.0
VFH,2024-03-26,100.58000183105469,0.0,100.48999786376953,0.0008956510020745601,0.0008956510020745601,0.0
VFH,2024-03-27,101.93000030517578,0.0,100.58000183105469,0.013422136106029381,0.013422136106029381,0.0
VFH,2024-03-28,102.38999938964844,0.0,101.93000030517578,0.004512892015063663,0.004512892015063663,0.0
VFH,2024-04-01,101.52999877929688,0.0,102.38999938964844,-0.00839926375112865,-0.00839926375112865,0.0
VFH,2024-04-02,100.94000244140625,0.0,101.52999877929688,-0.00581105431876483,-0.00581105431876483,0.0
VFH,2024-04-03,100.95999908447266,0.0,100.94000244140625,0.00019810424591582,0.00019810424591582,0.0
VFH,2024-04-04,99.83000183105469,0.0,100.95999908447266,-0.011192524402387383,-0.011192524402387383,0.0
VFH,2024-04-05,100.68000030517578,0.0,99.83000183105469,0.008514459165888555,0.008514459165888555,0.0
VFH,2024-04-08,101.37000274658203,0.0,100.68000030517578,0.006853421129467074,0.006853421129467074,0.0
VFH,2024-04-09,100.76000213623047,0.0,101.37000274658203,-0.006017565293714333,-0.006017565293714333,0.0
VFH,2024-04-10,99.11000061035156,0.0,100.76000213623047,-0.01637556064804424,-0.01637556064804424,0.0
VFH,2024-04-11,98.62000274658203,0.0,99.11000061035156,-0.004943980029784689,-0.004943980029784689,0.0
VFH,2024-04-12,97.18000030517578,0.0,98.62000274658203,-0.0146015250588315,-0.0146015250588315,0.0
VFH,2024-04-15,96.4800033569336,0.0,97.18000030517578,-0.007203096789915375,-0.007203096789915375,0.0
VFH,2024-04-16,95.9000015258789,0.0,96.4800033569336,-0.006011627392973229,-0.006011627392973229,0.0
VFH,2024-04-17,96.02999877929688,0.0,95.9000015258789,0.0013555500662103537,0.0013555500662103537,0.0
VFH,2024-04-18,96.4000015258789,0.0,96.02999877929688,0.0038529912661187105,0.0038529912661187105,0.0
VFH,2024-04-19,97.75,0.0,96.4000015258789,0.014004133327307988,0.014004133327307988,0.0
VFH,2024-04-22,99.05999755859375,0.0,97.75,0.013401509550831303,0.013401509550831303,0.0
VFH,2024-04-23,99.81999969482422,0.0,99.05999755859375,0.0076721396624397364,0.0076721396624397364,0.0
VFH,2024-04-24,99.72000122070312,0.0,99.81999969482422,-0.0010017879626008641,-0.0010017879626008641,0.0
VFH,2024-04-25,99.12000274658203,0.0,99.72000122070312,-0.006016831796794353,-0.006016831796794353,0.0
VFH,2024-04-26,98.93000030517578,0.0,99.12000274658203,-0.0019168930199893186,-0.0019168930199893186,0.0
VFH,2024-04-29,98.73999786376953,0.0,98.93000030517578,-0.001920574555950072,-0.001920574555950072,0.0
VFH,2024-04-30,97.66000366210938,0.0,98.73999786376953,-0.010937758001070774,-0.010937758001070774,0.0
VFH,2024-05-01,97.76000213623047,0.0,97.66000366210938,0.0010239450171134479,0.0010239450171134479,0.0
VFH,2024-05-02,98.37000274658203,0.0,97.76000213623047,0.006239776974447331,0.006239776974447331,0.0
VFH,2024-05-03,98.69999694824219,0.0,98.37000274658203,0.003354622267423002,0.003354622267423002,0.0
VFH,2024-05-06,99.8499984741211,0.0,98.69999694824219,0.011651484918302035,0.011651484918302035,0.0
VFH,2024-05-07,100.08999633789062,0.0,99.8499984741211,0.0024035840504468275,0.0024035840504468275,0.0
VFH,2024-05-08,100.4800033569336,0.0,100.08999633789062,0.0038965634260426096,0.0038965634260426096,0.0
VFH,2024-05-09,101.27999877929688,0.0,100.4800033569336,0.007961737615806763,0.007961737615806763,0.0
VFH,2024-05-10,101.52999877929688,0.0,101.27999877929688,0.0024684044531317895,0.0024684044531317895,0.0
VFH,2024-05-13,101.16999816894531,0.0,101.52999877929688,-0.0035457560787932607,-0.0035457560787932607,0.0
VFH,2024-05-14,101.6500015258789,0.0,101.16999816894531,0.004744522740151025,0.004744522740151025,0.0
VFH,2024-05-15,102.48999786376953,0.0,101.6500015258789,0.00826361362795236,0.00826361362795236,0.0
VFH,2024-05-16,102.36000061035156,0.0,102.48999786376953,-0.0012683896587719623,-0.0012683896587719623,0.0
VFH,2024-05-17,103.0,0.0,102.36000061035156,0.006252436360221214,0.006252436360221214,0.0
VFH,2024-05-20,101.97000122070312,0.0,103.0,-0.009999988148513328,-0.009999988148513328,0.0
VFH,2024-05-21,102.52999877929688,0.0,101.97000122070312,0.005491787308913532,0.005491787308913532,0.0
VFH,2024-05-22,101.86000061035156,0.0,102.52999877929688,-0.0065346549977780555,-0.0065346549977780555,0.0
VFH,2024-05-23,100.37000274658203,0.0,101.86000061035156,-0.01462789961556421,-0.01462789961556421,0.0
VFH,2024-05-24,101.12999725341797,0.0,100.37000274658203,0.007571928724110943,0.007571928724110943,0.0
VFH,2024-05-28,100.04000091552734,0.0,101.12999725341797,-0.01077817034998274,-0.01077817034998274,0.0
VFH,2024-05-29,99.02999877929688,0.0,100.04000091552734,-0.010095982876722531,-0.010095982876722531,0.0
VFH,2024-05-30,99.7300033569336,0.0,99.02999877929688,0.007068611393167723,0.007068611393167723,0.0
VFH,2024-05-31,101.01000213623047,0.0,99.7300033569336,0.01283464089252817,0.01283464089252817,0.0
VFH,2024-06-03,100.36000061035156,0.0,101.01000213623047,-0.006435021405130303,-0.006435021405130303,0.0
VFH,2024-06-04,99.81999969482422,0.0,100.36000061035156,-0.0053806388226710355,-0.0053806388226710355,0.0
VFH,2024-06-05,100.22000122070312,0.0,99.81999969482422,0.004007228281925679,0.004007228281925679,0.0
VFH,2024-06-06,100.08000183105469,0.0,100.22000122070312,-0.0013969206539933277,-0.0013969206539933277,0.0
VFH,2024-06-07,100.2300033569336,0.0,100.08000183105469,0.0014988161784021958,0.0014988161784021958,0.0
VFH,2024-06-10,100.05999755859375,0.0,100.2300033569336,-0.0016961567658979604,-0.0016961567658979604,0.0
VFH,2024-06-11,98.93000030517578,0.0,100.05999755859375,-0.011293196891757451,-0.011293196891757451,0.0
VFH,2024-06-12,99.22000122070312,0.0,98.93000030517578,0.0029313748573007725,0.0029313748573007725,0.0
VFH,2024-06-13,98.80000305175781,0.0,99.22000122070312,-0.0042329990302164555,-0.0042329990302164555,0.0
VFH,2024-06-14,98.5,0.0,98.80000305175781,-0.003036468041409335,-0.003036468041409335,0.0
VFH,2024-06-17,99.33000183105469,0.0,98.5,0.008426414528474035,0.008426414528474035,0.0
VFH,2024-06-18,99.9000015258789,0.0,99.33000183105469,0.005738444420787303,0.005738444420787303,0.0
VFH,2024-06-20,100.5199966430664,0.0,99.9000015258789,0.0062061572344109805,0.0062061572344109805,0.0
VFH,2024-06-21,100.1500015258789,0.0,100.5199966430664,-0.003680811077832691,-0.003680811077832691,0.0
VFH,2024-06-24,101.12000274658203,0.0,100.1500015258789,0.009685483833492325,0.009685483833492325,0.0
VFH,2024-06-25,100.33999633789062,0.0,101.12000274658203,-0.007713670762511615,-0.007713670762511615,0.0
VFH,2024-06-26,99.76000213623047,0.0,100.33999633789062,-0.005780289244849635,-0.005780289244849635,0.0
VFH,2024-06-27,99.83000183105469,0.0,99.76000213623047,0.0007016809675748359,0.0007016809675748359,0.0
VFH,2024-06-28,99.87999725341797,0.461,99.83000183105469,0.0005008055839554881,0.0051186558448437225,0.004617850260888147
VFH,2024-07-01,100.08000183105469,0.0,99.87999725341797,0.002002448769889975,0.002002448769889975,0.0
VFH,2024-07-02,101.13999938964844,0.0,100.08000183105469,0.01059150219024918,0.01059150219024918,0.0
VFH,2024-07-03,100.76000213623047,0.0,101.13999938964844,-0.003757141148023946,-0.003757141148023946,0.0
VFH,2024-07-05,100.55999755859375,0.0,100.76000213623047,-0.0019849600376775633,-0.0019849600376775633,0.0
VFH,2024-07-08,100.31999969482422,0.0,100.55999755859375,-0.002386613659469239,-0.002386613659469239,0.0
VFH,2024-07-09,101.01000213623047,0.0,100.31999969482422,0.006878014787731868,0.006878014787731868,0.0
VFH,2024-07-10,101.52999877929688,0.0,101.01000213623047,0.005147971805456342,0.005147971805456342,0.0
VFH,2024-07-11,102.7300033569336,0.0,101.52999877929688,0.011819211977390554,0.011819211977390554,0.0
VFH,2024-07-12,102.98999786376953,0.0,102.7300033569336,0.002530852704565767,0.002530852704565767,0.0
VFH,2024-07-15,104.62000274658203,0.0,102.98999786376953,0.01582682703779259,0.01582682703779259,0.0
VFH,2024-07-16,106.1500015258789,0.0,104.62000274658203,0.01462434275597313,0.01462434275597313,0.0
VFH,2024-07-17,106.9000015258789,0.0,106.1500015258789,0.0070654732851525015,0.0070654732851525015,0.0
VFH,2024-07-18,105.41000366210938,0.0,106.9000015258789,-0.013938239873727443,-0.013938239873727443,0.0
VFH,2024-07-19,104.54000091552734,0.0,105.41000366210938,-0.00825351215593173,-0.00825351215593173,0.0
VFH,2024-07-22,105.33000183105469,0.0,104.54000091552734,0.0075569247045033094,0.0075569247045033094,0.0
VFH,2024-07-23,105.56999969482422,0.0,105.33000183105469,0.0022785327978487313,0.0022785327978487313,0.0
VFH,2024-07-24,104.06999969482422,0.0,105.56999969482422,-0.01420858202459141,-0.01420858202459141,0.0
VFH,2024-07-25,104.7300033569336,0.0,104.06999969482422,0.0063419204770325255,0.0063419204770325255,0.0
VFH,2024-07-26,106.29000091552734,0.0,104.7300033569336,0.014895421642230566,0.014895421642230566,0.0
VFH,2024-07-29,105.9000015258789,0.0,106.29000091552734,-0.0036692011128910407,-0.0036692011128910407,0.0
VFH,2024-07-30,107.0199966430664,0.0,105.9000015258789,0.010575968848440587,0.010575968848440587,0.0
VFH,2024-07-31,106.88999938964844,0.0,107.0199966430664,-0.001214700593306306,-0.001214700593306306,0.0
VFH,2024-08-01,105.0199966430664,0.0,106.88999938964844,-0.017494646433341865,-0.017494646433341865,0.0
VFH,2024-08-02,102.3499984741211,0.0,105.0199966430664,-0.025423712190925762,-0.025423712190925762,0.0
VFH,2024-08-05,99.2699966430664,0.0,102.3499984741211,-0.030092837097925873,-0.030092837097925873,0.0
VGT,2024-01-03,58.122501373291016,0.0,58.911251068115234,-0.013388778552881897,-0.013388778552881897,0.0
VGT,2024-01-04,57.772499084472656,0.0,58.122501373291016,-0.006021803613896037,-0.006021803613896037,0.0
VGT,2024-01-05,57.786251068115234,0.0,57.772499084472656,0.00023803684902867772,0.00023803684902867772,0.0
VGT,2024-01-08,59.25749969482422,0.0,57.786251068115234,0.025460184724126922,0.025460184724126922,0.0
VGT,2024-01-09,59.36249923706055,0.0,59.25749969482422,0.0017719198882348852,0.0017719198882348852,0.0
VGT,2024-01-10,59.866249084472656,0.0,59.36249923706055,0.008485994590632373,0.008485994590632373,0.0
VGT,2024-01-11,60.07624816894531,0.0,59.866249084472656,0.0035078042750991134,0.0035078042750991134,0.0
VGT,2024-01-12,60.209999084472656,0.0,60.07624816894531,0.0022263526702135383,0.0022263526702135383,0.0
VGT,2024-01-16,60.29875183105469,0.0,60.209999084472656,0.0014740532790493699,0.0014740532790493699,0.0
VGT,2024-01-17,59.96875,0.0,60.29875183105469,-0.005472780464499283,-0.005472780464499283,0.0
VGT,2024-01-18,61.1349983215332,0.0,59.96875,0.01944760098439935,0.01944760098439935,0.0
VGT,2024-01-19,62.462501525878906,0.0,61.1349983215332,0.021714291989734624,0.021714291989734624,0.0
VGT,2024-01-22,62.869998931884766,0.0,62.462501525878906,0.006523872660415764,0.006523872660415764,0.0
VGT,2024-01-23,63.131248474121094,0.0,62.869998931884766,0.00415539282129429,0.00415539282129429,0.0
VGT,2024-01-24,63.43375015258789,0.0,63.131248474121094,0.004791631494359017,0.004791631494359017,0.0
VGT,2024-01-25,63.584999084472656,0.0,63.43375015258789,0.0023843605576043814,0.0023843605576043814,0.0
VGT,2024-01-26,62.92499923706055,0.0,63.584999084472656,-0.010379804307857232,-0.010379804307857232,0.0
VGT,2024-01-29,63.65999984741211,0.0,62.92499923706055,0.011680581950943791,0.011680581950943791,0.0
VGT,2024-01-30,63.04750061035156,0.0,63.65999984741211,-0.009621414365828751,-0.009621414365828751,0.0
VGT,2024-01-31,61.73875045776367,0.0,63.04750061035156,-0.020758160750515287,-0.020758160750515287,0.0
VGT,2024-02-01,62.53499984741211,0.0,61.73875045776367,0.012897076532074614,0.012897076532074614,0.0
VGT,2024-02-02,63.14500045776367,0.0,62.53499984741211,0.009754547242983636,0.009754547242983636,0.0
VGT,2024-02-05,63.17499923706055,0.0,63.14500045776367,0.0004750776637802989,0.0004750776637802989,0.0
VGT,2024-02-06,63.067501068115234,0.0,63.17499923706055,-0.0017015935139458316,-0.0017015935139458316,0.0
VGT,2024-02-07,63.88249969482422,0.0,63.067501068115234,0.012922640233180571,0.012922640233180571,0.0
VGT,2024-02-08,64.20625305175781,0.0,63.88249969482422,0.005067950666930887,0.005067950666930887,0.0
VGT,2024-02-09,65.18000030517578,0.0,64.20625305175781,0.01516592554673779,0.01516592554673779,0.0
VGT,2024-02-12,64.77375030517578,0.0,65.18000030517578,-0.006232740075144516,-0.006232740075144516,0.0
VGT,2024-02-13,63.50749969482422,0.0,64.77375030517578,-0.019548823472251287,-0.019548823472251287,0.0
VGT,2024-02-14,64.35624694824219,0.0,63.50749969482422,0.013364520056631024,0.013364520056631024,0.0
VGT,2024-02-15,64.3062515258789,0.0,64.35624694824219,-0.0007768542252547528,-0.0007768542252547528,0.0
VGT,2024-02-16,63.625,0.0,64.3062515258789,-0.010593861556442152,-0.010593861556442152,0.0
VGT,2024-02-20,62.873748779296875,0.0,63.625,-0.011807484804764234,-0.011807484804764234,0.0
VGT,2024-02-21,62.337501525878906,0.0,62.873748779296875,-0.008528953081839208,-0.008528953081839208,0.0
VGT,2024-02-22,64.36499786376953,0.0,62.337501525878906,0.03252450432343568,0.03252450432343568,0.0
VGT,2024-02-23,64.14749908447266,0.0,64.36499786376953,-0.003379146842468872,-0.003379146842468872,0.0
VGT,2024-02-26,64.31500244140625,0.0,64.14749908447266,0.0026112219388789715,0.0026112219388789715,0.0
VGT,2024-02-27,64.40875244140625,0.0,64.31500244140625,0.0014576692286594195,0.0014576692286594195,0.0
VGT,2024-02-28,64.11000061035156,0.0,64.40875244140625,-0.004638373198215029,-0.004638373198215029,0.0
VGT,2024-02-29,64.72374725341797,0.0,64.11000061035156,0.009573337033587759,0.009573337033587759,0.0
VGT,2024-03-01,65.92375183105469,0.0,64.72374725341797,0.01854040639733423,0.01854040639733423,0.0
VGT,2024-03-04,66.04624938964844,0.0,65.92375183105469,0.0018581703132989347,0.0018581703132989347,0.0
VGT,2024-03-05,64.45999908447266,0.0,66.04624938964844,-0.02401726547434191,-0.02401726547434191,0.0
VGT,2024-03-06,65.17500305175781,0.0,64.45999908447266,0.01109221187465681,0.01109221187465681,0.0
VGT,2024-03-07,66.2699966430664,0.0,65.17500305175781,0.016800821481189887,0.016800821481189887,0.0
VGT,2024-03-08,65.18624877929688,0.0,66.2699966430664,-0.01635352223732034,-0.01635352223732034,0.0
VGT,2024-03-11,64.90750122070312,0.0,65.18624877929688,-0.004276171183549948,-0.004276171183549948,0.0
VGT,2024-03-12,66.25,0.0,64.90750122070312,0.02068326085658434,0.02068326085658434,0.0
VGT,2024-03-13,65.54875183105469,0.0,66.25,-0.010584878021816069,-0.010584878021816069,0.0
VGT,2024-03-14,65.30249786376953,0.0,65.54875183105469,-0.003756806352619102,-0.003756806352619102,0.0
VGT,2024-03-15,64.44499969482422,0.0,65.30249786376953,-0.013131169511067964,-0.013131169511067964,0.0
VGT,2024-03-18,64.74749755859375,0.0,64.44499969482422,0.004693891926479843,0.004693891926479843,0.0
VGT,2024-03-19,65.02124786376953,0.0,64.74749755859375,0.004227967342337102,0.004227967342337102,0.0
VGT,2024-03-20,65.90249633789062,0.0,65.02124786376953,0.013553238411656787,0.013553238411656787,0.0
VGT,2024-03-21,66.0875015258789,0.0,65.90249633789062,0.0028072561476235602,0.0028072561476235602,0.0
VGT,2024-03-22,66.03500366210938,0.157375,66.0875015258789,-0.0007943690192157016,0.0015869435794815256,0.0023813125986972624
VGT,2024-03-25,65.76875305175781,0.0,66.03500366210938,-0.004031961771576831,-0.004031961771576831,0.0
VGT,2024-03-26,65.4800033569336,0.0,65.76875305175781,-0.004390378126782779,-0.004390378126782779,0.0
VGT,2024-03-27,65.63500213623047,0.0,65.4800033569336,0.002367116239319289,0.002367116239319289,0.0
VGT,2024-03-28,65.5425033569336,0.0,65.63500213623047,-0.001409290413442621,-0.001409290413442621,0.0
VGT,2024-04-01,65.67749786376953,0.0,65.5425033569336,0.0020596483185999492,0.0020596483185999492,0.0
VGT,2024-04-02,64.93624877929688,0.0,65.67749786376953,-0.011286195555290202,-0.011286195555290202,0.0
VGT,2024-04-03,65.06999969482422,0.0,64.93624877929688,0.0020597265478319304,0.0020597265478319304,0.0
VGT,2024-04-04,64.01875305175781,0.0,65.06999969482422,-0.01615562698627193,-0.01615562698627193,0.0
VGT,2024-04-05,64.79750061035156,0.0,64.01875305175781,0.01216436624381223,0.01216436624381223,0.0
VGT,2024-04-08,64.70375061035156,0.0,64.79750061035156,-0.0014468150641141486,-0.0014468150641141486,0.0
VGT,2024-04-09,64.8499984741211,0.0,64.70375061035156,0.002260268723064396,0.002260268723064396,0.0
VGT,2024-04-10,64.26000213623047,0.0,64.8499984741211,-0.009097862016543723,-0.009097862016543723,0.0
VGT,2024-04-11,65.5,0.0,64.26000213623047,0.01929657364686599,0.01929657364686599,0.0
VGT,2024-04-12,64.33499908447266,0.0,65.5,-0.01778627351950146,-0.01778627351950146,0.0
VGT,2024-04-15,63.11125183105469,0.0,64.33499908447266,-0.01902148551849936,-0.01902148551849936,0.0
VGT,2024-04-16,63.14875030517578,0.0,63.11125183105469,0.0005941646383671451,0.0005941646383671451,0.0
VGT,2024-04-17,62.21125030517578,0.0,63.14875030517578,-0.014845899490795844,-0.014845899490795844,0.0
VGT,2024-04-18,61.62125015258789,0.0,62.21125030517578,-0.009483817632561009,-0.009483817632561009,0.0
VGT,2024-04-19,59.98749923706055,0.0,61.62125015258789,-0.02651278433140858,-0.02651278433140858,0.0
VGT,2024-04-22,60.807498931884766,0.0,59.98749923706055,0.013669509568713822,0.013669509568713822,0.0
VGT,2024-04-23,61.806251525878906,0.0,60.807498931884766,0.016424826074707077,0.016424826074707077,0.0
VGT,2024-04-24,61.904998779296875,0.0,61.806251525878906,0.0015976903788870178,0.0015976903788870178,0.0
VGT,2024-04-25,61.93000030517578,0.0,61.904998779296875,0.0004038692572798652,0.0004038692572798652,0.0
VGT,2024-04-26,62.99250030517578,0.0,61.93000030517578,0.01715646689430428,0.01715646689430428,0.0
VGT,2024-04-29,63.24250030517578,0.0,62.99250030517578,0.003968726416459845,0.003968726416459845,0.0
VGT,2024-04-30,61.841251373291016,0.0,63.24250030517578,-0.022156760487378913,-0.022156760487378913,0.0
VGT,2024-05-01,61.17124938964844,0.0,61.841251373291016,-0.010834224223540634,-0.010834224223540634,0.0
VGT,2024-05-02,62.00749969482422,0.0,61.17124938964844,0.013670642884029416,0.013670642884029416,0.0
VGT,2024-05-03,63.682498931884766,0.0,62.00749969482422,0.02701284917637725,0.02701284917637725,0.0
VGT,2024-05-06,64.60375213623047,0.0,63.682498931884766,0.014466348208651114,0.014466348208651114,0.0
VGT,2024-05-07,64.33374786376953,0.0,64.60375213623047,-0.004179389950781487,-0.004179389950781487,0.0
VGT,2024-05-08,64.42749786376953,0.0,64.33374786376953,0.0014572444962870357,0.0014572444962870357,0.0
VGT,2024-05-09,64.3637466430664,0.0,64.42749786376953,-0.000989503283798543,-0.000989503283798543,0.0
VGT,2024-05-10,64.53250122070312,0.0,64.3637466430664,0.002621888663078664,0.002621888663078664,0.0
VGT,2024-05-13,64.84750366210938,0.0,64.53250122070312,0.004881299119786631,0.004881299119786631,0.0
VGT,2024-05-14,65.51499938964844,0.0,64.84750366210938,0.0102933141577366,0.0102933141577366,0.0
VGT,2024-05-15,67.01499938964844,0.0,65.51499938964844,0.02289552032319797,0.02289552032319797,0.0
VGT,2024-05-16,66.73124694824219,0.0,67.01499938964844,-0.00423416315736147,-0.00423416315736147,0.0
VGT,2024-05-17,66.5687484741211,0.0,66.73124694824219,-0.002435118202528619,-0.002435118202528619,0.0
VGT,2024-05-20,67.4124984741211,0.0,66.5687484741211,0.012674866500276938,0.012674866500276938,0.0
VGT,2024-05-21,67.47624969482422,0.0,67.4124984741211,0.0009456884427387902,0.0009456884427387902,0.0
VGT,2024-05-22,67.49250030517578,0.0,67.47624969482422,0.00024083452214762602,0.00024083452214762602,0.0
VGT,2024-05-23,67.49749755859375,0.0,67.49250030517578,7.40416104807462e-05,7.40416104807462e-05,0.0
VGT,2024-05-24,68.15374755859375,0.0,67.49749755859375,0.009722582669532631,0.009722582669532631,0.0
VGT,2024-05-28,68.73999786376953,0.0,68.15374755859375,0.008601879224202191,0.008601879224202191,0.0
VGT,2024-05-29,68.5,0.0,68.73999786376953,-0.0034913859649103873,-0.0034913859649103873,0.0
VGT,2024-05-30,66.88500213623047,0.0,68.5,-0.023576611149920157,-0.023576611149920157,0.0
VGT,2024-05-31,66.82624816894531,0.0,66.88500213623047,-0.0008784326143174148,-0.0008784326143174148,0.0
VGT,2024-06-03,67.17749786376953,0.0,66.82624816894531,0.005256163625050769,0.005256163625050769,0.0
VGT,2024-06-04,67.21875,0.0,67.17749786376953,0.0006140767004172432,0.0006140767004172432,0.0
VGT,2024-06-05,68.9312515258789,0.0,67.21875,0.025476545247849813,0.025476545247849813,0.0
VGT,2024-06-06,68.73625183105469,0.0,68.9312515258789,-0.0028289011226063643,-0.0028289011226063643,0.0
VGT,2024-06-07,68.73124694824219,0.0,68.73625183105469,-7.281285608651267e-05,-7.281285608651267e-05,0.0
VGT,2024-06-10,68.96875,0.0,68.73124694824219,0.0034555324150697952,0.0034555324150697952,0.0
VGT,2024-06-11,69.93624877929688,0.0,68.96875,0.014028074733801521,0.014028074733801521,0.0
VGT,2024-06-12,71.44000244140625,0.0,69.93624877929688,0.02150177752391169,0.02150177752391169,0.0
VGT,2024-06-13,72.14624786376953,0.0,71.44000244140625,0.00988585383857643,0.00988585383857643,0.0
VGT,2024-06-14,72.4262466430664,0.0,72.14624786376953,0.003880988791344908,0.003880988791344908,0.0
VGT,2024-06-17,73.30874633789062,0.0,72.4262466430664,0.012184805035850843,0.012184805035850843,0.0
VGT,2024-06-18,73.60250091552734,0.0,73.30874633789062,0.0040070877256959125,0.0040070877256959125,0.0
VGT,2024-06-20,72.59375,0.0,73.60250091552734,-0.013705389123734757,-0.013705389123734757,0.0
VGT,2024-06-21,72.21749877929688,0.0,72.59375,-0.00518296989345679,-0.00518296989345679,0.0
VGT,2024-06-24,70.89250183105469,0.0,72.21749877929688,-0.018347311533060684,-0.018347311533060684,0.0
VGT,2024-06-25,71.90750122070312,0.0,70.89250183105469,0.014317443501532745,0.014317443501532745,0.0
VGT,2024-06-26,72.0512466430664,0.0,71.90750122070312,0.0019990323669027976,0.0019990323669027976,0.0
VGT,2024-06-27,72.19499969482422,0.0,72.0512466430664,0.001995150097401588,0.001995150097401588,0.0
VGT,2024-06-28,72.0737533569336,0.09525,72.19499969482422,-0.0016794284701592277,-0.000360085019745382,0.0013193434504139023
VGT,2024-07-01,72.78125,0.0,72.0737533569336,0.009816286929898554,0.009816286929898554,0.0
VGT,2024-07-02,73.26499938964844,0.0,72.78125,0.006646621068591596,0.006646621068591596,0.0
VGT,2024-07-03,74.11125183105469,0.0,73.26499938964844,0.011550569145651446,0.011550569145651446,0.0
VGT,2024-07-05,74.4887466430664,0.0,74.11125183105469,0.005093623473966691,0.005093623473966691,0.0
VGT,2024-07-08,74.9887466430664,0.0,74.4887466430664,0.006712423319402694,0.006712423319402694,0.0
VGT,2024-07-09,74.82875061035156,0.0,74.9887466430664,-0.002133600571781802,-0.002133600571781802,0.0
VGT,2024-07-10,75.85624694824219,0.0,74.82875061035156,0.013731304204730232,0.013731304204730232,0.0
VGT,2024-07-11,74.3949966430664,0.0,75.85624694824219,-0.019263414207307372,-0.019263414207307372,0.0
VGT,2024-07-12,75.0875015258789,0.0,74.3949966430664,0.009308487318508973,0.009308487318508973,0.0
VGT,2024-07-15,75.47250366210938,0.0,75.0875015258789,0.005127379769025664,0.005127379769025664,0.0
VGT,2024-07-16,75.56375122070312,0.0,75.47250366210938,0.0012090172468939286,0.0012090172468939286,0.0
VGT,2024-07-17,72.84124755859375,0.0,75.56375122070312,-0.0360292285405156,-0.0360292285405156,0.0
VGT,2024-07-18,72.4625015258789,0.0,72.84124755859375,-0.005199609361580149,-0.005199609361580149,0.0
VGT,2024-07-19,71.60250091552734,0.0,72.4625015258789,-0.011868215866718712,-0.011868215866718712,0.0
VGT,2024-07-22,73.02874755859375,0.0,71.60250091552734,0.01991895010411726,0.01991895010411726,0.0
VGT,2024-07-23,72.89375305175781,0.0,73.02874755859375,-0.001848511871679337,-0.001848511871679337,0.0
VGT,2024-07-24,70.03250122070312,0.0,72.89375305175781,-0.039252359924767055,-0.039252359924767055,0.0
VGT,2024-07-25,69.37374877929688,0.0,70.03250122070312,-0.009406381750242443,-0.009406381750242443,0.0
VGT,2024-07-26,70.19499969482422,0.0,69.37374877929688,0.011838064541387805,0.011838064541387805,0.0
VGT,2024-07-29,69.93624877929688,0.0,70.19499969482422,-0.003686173041559604,-0.003686173041559604,0.0
VGT,2024-07-30,68.60124969482422,0.0,69.93624877929688,-0.01908880026845039,-0.01908880026845039,0.0
VGT,2024-07-31,71.00125122070312,0.0,68.60124969482422,0.03498480766101819,0.03498480766101819,0.0
VGT,2024-08-01,68.43499755859375,0.0,71.00125122070312,-0.03614378082059888,-0.03614378082059888,0.0
VGT,2024-08-02,66.7562484741211,0.0,68.43499755859375,-0.024530563956480234,-0.024530563956480234,0.0
VGT,2024-08-05,64.41999816894531,0.0,66.7562484741211,-0.034996728524693155,-0.034996728524693155,0.0
VHT,2024-01-03,253.6300048828125,0.0,254.5800018310547,-0.0037316244065102033,-0.0037316244065102033,0.0
VHT,2024-01-04,254.83999633789062,0.0,253.6300048828125,0.004770695232360955,0.004770695232360955,0.0
VHT,2024-01-05,254.64999389648438,0.0,254.83999633789062,-0.0007455754361035405,-0.0007455754361035405,0.0
VHT,2024-01-08,257.4599914550781,0.0,254.64999389648438,0.011034744260532081,0.011034744260532081,0.0
VHT,2024-01-09,257.54998779296875,0.0,257.4599914550781,0.0003495546526743887,0.0003495546526743887,0.0
VHT,2024-01-10,258.3599853515625,0.0,257.54998779296875,0.0031450110541060283,0.0031450110541060283,0.0
VHT,2024-01-11,257.8399963378906,0.0,258.3599853515625,-0.0020126530544747334,-0.0020126530544747334,0.0
VHT,2024-01-12,257.20001220703125,0.0,257.8399963378906,-0.0024820979675345134,-0.0024820979675345134,0.0
VHT,2024-01-16,255.77000427246094,0.0,257.20001220703125,-0.005559906169130491,-0.005559906169130491,0.0
VHT,2024-01-17,254.88999938964844,0.0,255.77000427246094,-0.0034406101892818786,-0.0034406101892818786,0.0
VHT,2024-01-18,254.99000549316406,0.0,254.88999938964844,0.0003923500480800257,0.0003923500480800257,0.0
VHT,2024-01-19,255.27000427246094,0.0,254.99000549316406,0.0010980774668221116,0.0010980774668221116,0.0
VHT,2024-01-22,256.5799865722656,0.0,255.27000427246094,0.005131751783913119,0.005131751783913119,0.0
VHT,2024-01-23,256.3699951171875,0.0,256.5799865722656,-0.0008184249203667671,-0.0008184249203667671,0.0
VHT,2024-01-24,254.05999755859375,0.0,256.3699951171875,-0.009010405283729983,-0.009010405283729983,0.0
VHT,2024-01-25,253.8000030517578,0.0,254.05999755859375,-0.0010233586921765125,-0.0010233586921765125,0.0
VHT,2024-01-26,255.0,0.0,253.8000030517578,0.004728120306592309,0.004728120306592309,0.0
VHT,2024-01-29,257.1499938964844,0.0,255.0,0.008431348613664236,0.008431348613664236,0.0
VHT,2024-01-30,257.239990234375,0.0,257.1499938964844,0.00034997604521369574,0.00034997604521369574,0.0
VHT,2024-01-31,256.6400146484375,0.0,257.239990234375,-0.002332357365551374,-0.002332357365551374,0.0
VHT,2024-02-01,260.0,0.0,256.6400146484375,0.013092211501644524,0.013092211501644524,0.0
VHT,2024-02-02,259.489990234375,0.0,260.0,-0.0019615760216346034,-0.0019615760216346034,0.0
VHT,2024-02-05,260.05999755859375,0.0,259.489990234375,0.0021966447480457063,0.0021966447480457063,0.0
VHT,2024-02-06,263.1499938964844,0.0,260.05999755859375,0.011881859443586329,0.011881859443586329,0.0
VHT,2024-02-07,263.510009765625,0.0,263.1499938964844,0.0013681013775066475,0.0013681013775066475,0.0
VHT,2024-02-08,263.45001220703125,0.0,263.510009765625,-0.0002276860702449257,-0.0002276860702449257,0.0
VHT,2024-02-09,263.45001220703125,0.0,263.45001220703125,0.0,0.0,0.0
VHT,2024-02-12,264.25,0.0,263.45001220703125,0.0030365828654435045,0.0030365828654435045,0.0
VHT,2024-02-13,261.3500061035156,0.0,264.25,-0.010974432910063836,-0.010974432910063836,0.0
VHT,2024-02-14,263.8599853515625,0.0,261.3500061035156,0.009603899710844965,0.009603899710844965,0.0
VHT,2024-02-15,265.989990234375,0.0,263.8599853515625,0.008072481623064176,0.008072481623064176,0.0
VHT,2024-02-16,266.6600036621094,0.0,265.989990234375,0.0025189422622406976,0.0025189422622406976,0.0
VHT,2024-02-20,265.4700012207031,0.0,266.6600036621094,-0.004462620659505201,-0.004462620659505201,0.0
VHT,2024-02-21,266.05999755859375,0.0,265.4700012207031,0.002222459544120481,0.002222459544120481,0.0
VHT,2024-02-22,269.1400146484375,0.0,266.05999755859375,0.011576400504045958,0.011576400504045958,0.0
VHT,2024-02-23,270.42999267578125,0.0,269.1400146484375,0.004792962611036344,0.004792962611036344,0.0
VHT,2024-02-26,269.2900085449219,0.0,270.42999267578125,-0.004215450067426851,-0.004215450067426851,0.0
VHT,2024-02-27,269.6199951171875,0.0,269.2900085449219,0.0012253947855276337,0.0012253947855276337,0.0
VHT,2024-02-28,267.9700012207031,0.0,269.6199951171875,-0.006119701529432975,-0.006119701529432975,0.0
VHT,2024-02-29,265.4100036621094,0.0,267.9700012207031,-0.00955329905187896,-0.00955329905187896,0.0
VHT,2024-03-01,268.5,0.0,265.4100036621094,0.011642350684808678,0.011642350684808678,0.0
VHT,2024-03-04,267.9200134277344,0.0,268.5,-0.0021600989656075376,-0.0021600989656075376,0.0
VHT,2024-03-05,265.760009765625,0.0,267.9200134277344,-0.008062121356574137,-0.008062121356574137,0.0
VHT,2024-03-06,267.5899963378906,0.0,265.760009765625,0.0068858613223241605,0.0068858613223241605,0.0
VHT,2024-03-07,269.010009765625,0.0,267.5899963378906,0.005306676061018756,0.005306676061018756,0.0
VHT,2024-03-08,268.5299987792969,0.0,269.010009765625,-0.0017843610605654536,-0.0017843610605654536,0.0
VHT,2024-03-11,267.9700012207031,0.0,268.5299987792969,-0.0020854189890866515,-0.0020854189890866515,0.0
VHT,2024-03-12,269.0,0.0,267.9700012207031,0.003843709275683338,0.003843709275683338,0.0
VHT,2024-03-13,268.0299987792969,0.0,269.0,-0.003605952493320186,-0.003605952493320186,0.0
VHT,2024-03-14,266.70001220703125,0.0,268.0299987792969,-0.004962081029447618,-0.004962081029447618,0.0
VHT,2024-03-15,265.8399963378906,0.0,266.70001220703125,-0.003224656279629312,-0.003224656279629312,0.0
VHT,2024-03-18,265.6300048828125,0.0,265.8399963378906,-0.0007899167091892645,-0.0007899167091892645,0.0
VHT,2024-03-19,267.57000732421875,0.0,265.6300048828125,0.007303400992904052,0.007303400992904052,0.0
VHT,2024-03-20,267.260009765625,0.0,267.57000732421875,-0.001158566170004649,-0.001158566170004649,0.0
VHT,2024-03-21,267.6099853515625,0.0,267.260009765625,0.0013094947734395568,0.0013094947734395568,0.0
VHT,2024-03-22,266.1600036621094,0.819,267.6099853515625,-0.005418264522335625,-0.00235784060383315,0.0030604239185024044
VHT,2024-03-25,265.69000244140625,0.0,266.1600036621094,-0.0017658596867912157,-0.0017658596867912157,0.0
VHT,2024-03-26,266.8999938964844,0.0,265.69000244140625,0.004554147479993942,0.004554147479993942,0.0
VHT,2024-03-27,270.5400085449219,0.0,266.8999938964844,0.013638121887141308,0.013638121887141308,0.0
VHT,2024-03-28,270.5199890136719,0.0,270.5400085449219,-7.399841286936937e-05,-7.399841286936937e-05,0.0
VHT,2024-04-01,268.17999267578125,0.0,270.5199890136719,-0.008649994207165057,-0.008649994207165057,0.0
VHT,2024-04-02,263.75,0.0,268.17999267578125,-0.01651872919967201,-0.01651872919967201,0.0
VHT,2024-04-03,263.7799987792969,0.0,263.75,0.00011373944757098187,0.00011373944757098187,0.0
VHT,2024-04-04,260.2200012207031,0.0,263.7799987792969,-0.013496086037866672,-0.013496086037866672,0.0
VHT,2024-04-05,262.3800048828125,0.0,260.2200012207031,0.008300682699164952,0.008300682699164952,0.0
VHT,2024-04-08,261.7200012207031,0.0,262.3800048828125,-0.0025154495381770614,-0.0025154495381770614,0.0
VHT,2024-04-09,262.95001220703125,0.0,261.7200012207031,0.004699721001800272,0.004699721001800272,0.0
VHT,2024-04-10,259.739990234375,0.0,262.95001220703125,-0.012207727034174387,-0.012207727034174387,0.0
VHT,2024-04-11,258.6199951171875,0.0,259.739990234375,-0.004311985675278129,-0.004311985675278129,0.0
VHT,2024-04-12,254.77000427246094,0.0,258.6199951171875,-0.014886671245129435,-0.014886671245129435,0.0
VHT,2024-04-15,253.58999633789062,0.0,254.77000427246094,-0.0046316595940719685,-0.0046316595940719685,0.0
VHT,2024-04-16,253.80999755859375,0.0,253.58999633789062,0.0008675469217247489,0.0008675469217247489,0.0
VHT,2024-04-17,253.1300048828125,0.0,253.80999755859375,-0.002679140626146048,-0.002679140626146048,0.0
VHT,2024-04-18,252.8300018310547,0.0,253.1300048828125,-0.0011851738078095808,-0.0011851738078095808,0.0
VHT,2024-04-19,253.3300018310547,0.0,252.8300018310547,0.0019776134018070213,0.0019776134018070213,0.0
VHT,2024-04-22,254.52999877929688,0.0,253.3300018310547,0.004736892352144251,0.004736892352144251,0.0
VHT,2024-04-23,257.82000732421875,0.0,254.52999877929688,0.012925818413155543,0.012925818413155543,0.0
VHT,2024-04-24,257.260009765625,0.0,257.82000732421875,-0.002172048493852996,-0.002172048493852996,0.0
VHT,2024-04-25,255.24000549316406,0.0,257.260009765625,-0.00785199485260557,-0.00785199485260557,0.0
VHT,2024-04-26,255.32000732421875,0.0,255.24000549316406,0.0003134376638964653,0.0003134376638964653,0.0
VHT,2024-04-29,256.5400085449219,0.0,255.32000732421875,0.004778322049606931,0.004778322049606931,0.0
VHT,2024-04-30,256.0400085449219,0.0,256.5400085449219,-0.0019490137340992808,-0.0019490137340992808,0.0
VHT,2024-05-01,257.2799987792969,0.0,256.0400085449219,0.004842954979660696,0.004842954979660696,0.0
VHT,2024-05-02,257.1400146484375,0.0,257.2799987792969,-0.0005440925510088457,-0.0005440925510088457,0.0
VHT,2024-05-03,258.0199890136719,0.0,257.1400146484375,0.003422160360523785,0.003422160360523785,0.0
VHT,2024-05-06,259.1600036621094,0.0,258.0199890136719,0.0044183191108386755,0.0044183191108386755,0.0
VHT,2024-05-07,261.05999755859375,0.0,259.1600036621094,0.007331354644374732,0.007331354644374732,0.0
VHT,2024-05-08,259.75,0.0,261.05999755859375,-0.005017994219124744,-0.005017994219124744,0.0
VHT,2024-05-09,262.04998779296875,0.0,259.75,0.008854620954643844,0.008854620954643844,0.0
VHT,2024-05-10,262.19000244140625,0.0,262.04998779296875,0.0005343051133743781,0.0005343051133743781,0.0
VHT,2024-05-13,262.1700134277344,0.0,262.19000244140625,-7.623865702632848e-05,-7.623865702632848e-05,0.0
VHT,2024-05-14,263.2799987792969,0.0,262.1700134277344,0.004233837947559493,0.004233837947559493,0.0
VHT,2024-05-15,267.2300109863281,0.0,263.2799987792969,0.015003085024861695,0.015003085024861695,0.0
VHT,2024-05-16,266.989990234375,0.0,267.2300109863281,-0.0008981803767743601,-0.0008981803767743601,0.0
VHT,2024-05-17,267.1099853515625,0.0,266.989990234375,0.0004494367638359087,0.0004494367638359087,0.0
VHT,2024-05-20,266.8500061035156,0.0,267.1099853515625,-0.0009733041155488564,-0.0009733041155488564,0.0
VHT,2024-05-21,266.9100036621094,0.0,266.8500061035156,0.00022483626464842033,0.00022483626464842033,0.0
VHT,2024-05-22,267.3900146484375,0.0,266.9100036621094,0.0017984001339110822,0.0017984001339110822,0.0
VHT,2024-05-23,264.3999938964844,0.0,267.3900146484375,-0.011182245365012555,-0.011182245365012555,0.0
VHT,2024-05-24,263.510009765625,0.0,264.3999938964844,-0.0033660520098491853,-0.0033660520098491853,0.0
VHT,2024-05-28,260.6600036621094,0.0,263.510009765625,-0.01081555158398162,-0.01081555158398162,0.0
VHT,2024-05-29,258.510009765625,0.0,260.6600036621094,-0.008248269263708696,-0.008248269263708696,0.0
VHT,2024-05-30,258.9100036621094,0.0,258.510009765625,0.0015473052546284283,0.0015473052546284283,0.0
VHT,2024-05-31,262.45001220703125,0.0,258.9100036621094,0.013672737610949115,0.013672737610949115,0.0
VHT,2024-06-03,264.0299987792969,0.0,262.45001220703125,0.006020142879701096,0.006020142879701096,0.0
VHT,2024-06-04,264.8399963378906,0.0,264.0299987792969,0.0030678239682560005,0.0030678239682560005,0.0
VHT,2024-06-05,266.3399963378906,0.0,264.8399963378906,0.005663797087832156,0.005663797087832156,0.0
VHT,2024-06-06,266.8900146484375,0.0,266.3399963378906,0.002065098438497781,0.002065098438497781,0.0
VHT,2024-06-07,266.8699951171875,0.0,266.8900146484375,-7.501041684299103e-05,-7.501041684299103e-05,0.0
VHT,2024-06-10,268.05999755859375,0.0,266.8699951171875,0.004459109166182973,0.004459109166182973,0.0
VHT,2024-06-11,267.010009765625,0.0,268.05999755859375,-0.003916987997208521,-0.003916987997208521,0.0
VHT,2024-06-12,266.75,0.0,267.010009765625,-0.0009737828400262494,-0.0009737828400262494,0.0
VHT,2024-06-13,266.3800048828125,0.0,266.75,-0.0013870482368790737,-0.0013870482368790737,0.0
VHT,2024-06-14,265.989990234375,0.0,266.3800048828125,-0.0014641288433382416,-0.0014641288433382416,0.0
VHT,2024-06-17,265.6099853515625,0.0,265.989990234375,-0.0014286435458630287,-0.0014286435458630287,0.0
VHT,2024-06-18,265.6300048828125,0.0,265.6099853515625,7.537190751127909e-05,7.537190751127909e-05,0.0
VHT,2024-06-20,266.6000061035156,0.0,265.6300048828125,0.003651700496452026,0.003651700496452026,0.0
VHT,2024-06-21,267.6300048828125,0.0,266.6000061035156,0.0038634611992354184,0.0038634611992354184,0.0
VHT,2024-06-24,269.3699951171875,0.0,267.6300048828125,0.006501476675370821,0.006501476675370821,0.0
VHT,2024-06-25,268.6499938964844,0.0,269.3699951171875,-0.0026729080215111,-0.0026729080215111,0.0
VHT,2024-06-26,267.69000244140625,0.0,268.6499938964844,-0.0035733909431914235,-0.0035733909431914235,0.0
VHT,2024-06-27,267.42999267578125,0.0,267.69000244140625,-0.0009713092130958501,-0.0009713092130958501,0.0
VHT,2024-06-28,266.0,0.966,267.42999267578125,-0.005347166417174809,-0.0017350061267951133,0.0036121602903797334
VHT,2024-07-01,264.75,0.0,266.0,-0.0046992481203007586,-0.0046992481203007586,0.0
VHT,2024-07-02,263.760009765625,0.0,264.75,-0.0037393398843248438,-0.0037393398843248438,0.0
VHT,2024-07-03,261.8800048828125,0.0,263.760009765625,-0.007127710089497863,-0.007127710089497863,0.0
VHT,2024-07-05,263.9200134277344,0.0,261.8800048828125,0.0077898598857699675,0.0077898598857699675,0.0
VHT,2024-07-08,263.6400146484375,0.0,263.9200134277344,-0.001060922874549397,-0.001060922874549397,0.0
VHT,2024-07-09,264.9599914550781,0.0,263.6400146484375,0.005006739240250857,0.005006739240250857,0.0
VHT,2024-07-10,267.54998779296875,0.0,264.9599914550781,0.009775046880350358,0.009775046880350358,0.0
VHT,2024-07-11,270.1499938964844,0.0,267.54998779296875,0.00971783301118112,0.00971783301118112,0.0
VHT,2024-07-12,272.1199951171875,0.0,270.1499938964844,0.007292249732413492,0.007292249732413492,0.0
VHT,2024-07-15,271.2900085449219,0.0,272.1199951171875,-0.0030500756547059416,-0.0030500756547059416,0.0
VHT,2024-07-16,275.7300109863281,0.0,271.2900085449219,0.016366258621983265,0.016366258621983265,0.0
VHT,2024-07-17,276.20001220703125,0.0,275.7300109863281,0.0017045704202522938,0.0017045704202522938,0.0
VHT,2024-07-18,269.5299987792969,0.0,276.20001220703125,-0.024149214818769527,-0.024149214818769527,0.0
VHT,2024-07-19,270.8999938964844,0.0,269.5299987792969,0.0050829040306912265,0.0050829040306912265,0.0
VHT,2024-07-22,272.739990234375,0.0,270.8999938964844,0.006792160868758446,0.006792160868758446,0.0
VHT,2024-07-23,272.8999938964844,0.0,272.739990234375,0.0005866527382796249,0.0005866527382796249,0.0
VHT,2024-07-24,274.75,0.0,272.8999938964844,0.006779062458379448,0.006779062458379448,0.0
VHT,2024-07-25,273.54998779296875,0.0,274.75,-0.004367651344972745,-0.004367651344972745,0.0
VHT,2024-07-26,275.42999267578125,0.0,273.54998779296875,0.006872619143508674,0.006872619143508674,0.0
VHT,2024-07-29,275.4700012207031,0.0,275.42999267578125,0.00014525849030899707,0.00014525849030899707,0.0
VHT,2024-07-30,275.739990234375,0.0,275.4700012207031,0.0009801031418137374,0.0009801031418137374,0.0
VHT,2024-07-31,274.67999267578125,0.0,275.739990234375,-0.0038441923410992285,-0.0038441923410992285,0.0
VHT,2024-08-01,277.2099914550781,0.0,274.67999267578125,0.009210713727822117,0.009210713727822117,0.0
VHT,2024-08-02,275.9100036621094,0.0,277.2099914550781,-0.004689541622021287,-0.004689541622021287,0.0
VHT,2024-08-05,268.95001220703125,0.0,275.9100036621094,-0.025225585744261814,-0.025225585744261814,0.0
VIS,2024-01-03,214.00999450683594,0.0,218.08999633789062,-0.018707881606515597,-0.018707881606515597,0.0
VIS,2024-01-04,214.49000549316406,0.0,214.00999450683594,0.002242937239609999,0.002242937239609999,0.0
VIS,2024-01-05,214.5,0.0,214.49000549316406,4.659660860628634e-05,4.659660860628634e-05,0.0
VIS,2024-01-08,216.0500030517578,0.0,214.5,0.00722612145341639,0.00722612145341639,0.0
VIS,2024-01-09,215.2899932861328,0.0,216.0500030517578,-0.0035177493862054154,-0.0035177493862054154,0.0
VIS,2024-01-10,216.25,0.0,215.2899932861328,0.0044591330010925745,0.0044591330010925745,0.0
VIS,2024-01-11,215.82000732421875,0.0,216.25,-0.0019884054371387405,-0.0019884054371387405,0.0
VIS,2024-01-12,215.77999877929688,0.0,215.82000732421875,-0.00018537922140726693,-0.00018537922140726693,0.0
VIS,2024-01-16,213.72999572753906,0.0,215.77999877929688,-0.00950043128814082,-0.00950043128814082,0.0
VIS,2024-01-17,212.17999267578125,0.0,213.72999572753906,-0.007252154974698777,-0.007252154974698777,0.0
VIS,2024-01-18,214.99000549316406,0.0,212.17999267578125,0.013243533388544337,0.013243533388544337,0.0
VIS,2024-01-19,216.67999267578125,0.0,214.99000549316406,0.00786077091695736,0.00786077091695736,0.0
VIS,2024-01-22,218.75,0.0,216.67999267578125,0.009553292385956924,0.009553292385956924,0.0
VIS,2024-01-23,218.27000427246094,0.0,218.75,-0.0021942661830357535,-0.0021942661830357535,0.0
VIS,2024-01-24,216.7100067138672,0.0,218.27000427246094,-0.007147100050662214,-0.007147100050662214,0.0
VIS,2024-01-25,218.8699951171875,0.0,216.7100067138672,0.009967183500539711,0.009967183500539711,0.0
VIS,2024-01-26,218.6699981689453,0.0,218.8699951171875,-0.0009137705153925424,-0.0009137705153925424,0.0
VIS,2024-01-29,220.49000549316406,0.0,218.6699981689453,0.008323077420125058,0.008323077420125058,0.0
VIS,2024-01-30,220.55999755859375,0.0,220.49000549316406,0.00031743872142020457,0.00031743872142020457,0.0
VIS,2024-01-31,217.8300018310547,0.0,220.55999755859375,-0.012377565096834076,-0.012377565096834076,0.0
VIS,2024-02-01,221.74000549316406,0.0,217.8300018310547,0.017949794010202025,0.017949794010202025,0.0
VIS,2024-02-02,223.00999450683594,0.0,221.74000549316406,0.005727378832012464,0.005727378832012464,0.0
VIS,2024-02-05,221.3300018310547,0.0,223.00999450683594,-0.007533261814101078,-0.007533261814101078,0.0
VIS,2024-02-06,223.33999633789062,0.0,221.3300018310547,0.009081437176195362,0.009081437176195362,0.0
VIS,2024-02-07,224.7899932861328,0.0,223.33999633789062,0.006492329954409515,0.006492329954409515,0.0
VIS,2024-02-08,225.5399932861328,0.0,224.7899932861328,0.003336447450511537,0.003336447450511537,0.0
VIS,2024-02-09,226.1300048828125,0.0,225.5399932861328,0.0026159954519957562,0.0026159954519957562,0.0
VIS,2024-02-12,226.94000244140625,0.0,226.1300048828125,0.0035819994742118944,0.0035819994742118944,0.0
VIS,2024-02-13,223.61000061035156,0.0,226.94000244140625,-0.0146734898882116,-0.0146734898882116,0.0
VIS,2024-02-14,227.64999389648438,0.0,223.61000061035156,0.018067140445890084,0.018067140445890084,0.0
VIS,2024-02-15,229.49000549316406,0.0,227.64999389648438,0.00808263406989762,0.00808263406989762,0.0
VIS,2024-02-16,228.13999938964844,0.0,229.49000549316406,-0.005882635719209328,-0.005882635719209328,0.0
VIS,2024-02-20,227.1699981689453,0.0,228.13999938964844,-0.004251780587789078,-0.004251780587789078,0.0
VIS,2024-02-21,227.7899932861328,0.0,227.1699981689453,0.002729212141501236,0.002729212141501236,0.0
VIS,2024-02-22,230.4499969482422,0.0,227.7899932861328,0.01167743860797299,0.01167743860797299,0.0
VIS,2024-02-23,231.69000244140625,0.0,230.4499969482422,0.005380800649099404,0.005380800649099404,0.0
VIS,2024-02-26,231.8000030517578,0.0,231.69000244140625,0.00047477495443248863,0.00047477495443248863,0.0
VIS,2024-02-27,232.13999938964844,0.0,231.8000030517578,0.001466765890485,0.001466765890485,0.0
VIS,2024-02-28,232.80999755859375,0.0,232.13999938964844,0.0028861814883556214,0.0028861814883556214,0.0
VIS,2024-02-29,233.3699951171875,0.0,232.80999755859375,0.0024053844957960813,0.0024053844957960813,0.0
VIS,2024-03-01,234.6999969482422,0.0,233.3699951171875,0.0056991123918344044,0.0056991123918344044,0.0
VIS,2024-03-04,235.60000610351562,0.0,234.6999969482422,0.0038347216317684563,0.0038347216317684563,0.0
VIS,2024-03-05,233.52000427246094,0.0,235.60000610351562,-0.008828530463368511,-0.008828530463368511,0.0
VIS,2024-03-06,235.02000427246094,0.0,233.52000427246094,0.006423432564902853,0.006423432564902853,0.0
VIS,2024-03-07,236.77999877929688,0.0,235.02000427246094,0.007488700854568764,0.007488700854568764,0.0
VIS,2024-03-08,236.14999389648438,0.0,236.77999877929688,-0.0026607183295060954,-0.0026607183295060954,0.0
VIS,2024-03-11,234.77000427246094,0.0,236.14999389648438,-0.0058436995964029625,-0.0058436995964029625,0.0
VIS,2024-03-12,235.92999267578125,0.0,234.77000427246094,0.004940956605231861,0.004940956605231861,0.0
VIS,2024-03-13,236.63999938964844,0.0,235.92999267578125,0.0030093957356363,0.0030093957356363,0.0
VIS,2024-03-14,235.38999938964844,0.0,236.63999938964844,-0.005282285341548509,-0.005282285341548509,0.0
VIS,2024-03-15,235.49000549316406,0.0,235.38999938964844,0.0004248528135220031,0.0004248528135220031,0.0
VIS,2024-03-18,235.75999450683594,0.0,235.49000549316406,0.0011464988210707627,0.0011464988210707627,0.0
VIS,2024-03-19,237.9499969482422,0.0,235.75999450683594,0.009289118138924746,0.009289118138924746,0.0
VIS,2024-03-20,240.94000244140625,0.0,237.9499969482422,0.012565688302212719,0.012565688302212719,0.0
VIS,2024-03-21,243.72999572753906,0.0,240.94000244140625,0.011579618402350222,0.011579618402350222,0.0
VIS,2024-03-22,242.0800018310547,0.619,243.72999572753906,-0.006769761315422507,-0.004230065706138597,0.0025396956092838398
VIS,2024-03-25,240.5399932861328,0.0,242.0800018310547,-0.0063615686272038285,-0.0063615686272038285,0.0
VIS,2024-03-26,240.17999267578125,0.0,240.5399932861328,-0.0014966351558982627,-0.0014966351558982627,0.0
VIS,2024-03-27,244.14999389648438,0.0,240.17999267578125,0.016529275300887436,0.016529275300887436,0.0
VIS,2024-03-28,244.14999389648438,0.0,244.14999389648438,0.0,0.0,0.0
VIS,2024-04-01,242.07000732421875,0.0,244.14999389648438,-0.00851929807193652,-0.00851929807193652,0.0
VIS,2024-04-02,240.63999938964844,0.0,242.07000732421875,-0.0059074147614455175,-0.0059074147614455175,0.0
VIS,2024-04-03,242.1699981689453,0.0,240.63999938964844,0.006358040156156486,0.006358040156156486,0.0
VIS,2024-04-04,240.0399932861328,0.0,242.1699981689453,-0.008795494482873756,-0.008795494482873756,0.0
VIS,2024-04-05,243.17999267578125,0.0,240.0399932861328,0.013081150964312505,0.013081150964312505,0.0
VIS,2024-04-08,243.02999877929688,0.0,243.17999267578125,-0.000616801961518032,-0.000616801961518032,0.0
VIS,2024-04-09,242.41000366210938,0.0,243.02999877929688,-0.0025511052968837378,-0.0025511052968837378,0.0
VIS,2024-04-10,239.5,0.0,242.41000366210938,-0.01200447018748274,-0.01200447018748274,0.0
VIS,2024-04-11,239.8699951171875,0.0,239.5,0.0015448647899269918,0.0015448647899269918,0.0
VIS,2024-04-12,237.44000244140625,0.0,239.8699951171875,-0.010130457019412065,-0.010130457019412065,0.0
VIS,2024-04-15,235.36000061035156,0.0,237.44000244140625,-0.008760115438290472,-0.008760115438290472,0.0
VIS,2024-04-16,234.75,0.0,235.36000061035156,-0.0025917768897419924,-0.0025917768897419924,0.0
VIS,2024-04-17,233.0800018310547,0.0,234.75,-0.007113943211694673,-0.007113943211694673,0.0
VIS,2024-04-18,232.2899932861328,0.0,233.0800018310547,-0.00338943083368648,-0.00338943083368648,0.0
VIS,2024-04-19,232.1999969482422,0.0,232.2899932861328,-0.00038743097202542653,-0.00038743097202542653,0.0
VIS,2024-04-22,233.7100067138672,0.0,232.1999969482422,0.006503056784973094,0.006503056784973094,0.0
VIS,2024-04-23,237.1699981689453,0.0,233.7100067138672,0.014804635469948924,0.014804635469948924,0.0
VIS,2024-04-24,235.5399932861328,0.0,237.1699981689453,-0.0068727279816032105,-0.0068727279816032105,0.0
VIS,2024-04-25,236.22000122070312,0.0,235.5399932861328,0.002887016871670811,0.002887016871670811,0.0
VIS,2024-04-26,236.5,0.0,236.22000122070312,0.0011853305302258477,0.0011853305302258477,0.0
VIS,2024-04-29,238.17999267578125,0.0,236.5,0.00710356311112581,0.00710356311112581,0.0
VIS,2024-04-30,234.0500030517578,0.0,238.17999267578125,-0.017339783991199176,-0.017339783991199176,0.0
VIS,2024-05-01,233.2100067138672,0.0,234.0500030517578,-0.0035889610208843514,-0.0035889610208843514,0.0
VIS,2024-05-02,235.7899932861328,0.0,233.2100067138672,0.011062932541445747,0.011062932541445747,0.0
VIS,2024-05-03,237.47000122070312,0.0,235.7899932861328,0.007125017949899171,0.007125017949899171,0.0
VIS,2024-05-06,240.07000732421875,0.0,237.47000122070312,0.010948777067210314,0.010948777067210314,0.0
VIS,2024-05-07,240.36000061035156,0.0,240.07000732421875,0.0012079530023971774,0.0012079530023971774,0.0
VIS,2024-05-08,240.47000122070312,0.0,240.36000061035156,0.0004576494011991894,0.0004576494011991894,0.0
VIS,2024-05-09,242.9499969482422,0.0,240.47000122070312,0.010313118954338618,0.010313118954338618,0.0
VIS,2024-05-10,243.14999389648438,0.0,242.9499969482422,0.0008232021023024672,0.0008232021023024672,0.0
VIS,2024-05-13,241.97999572753906,0.0,243.14999389648438,-0.004811837130637153,-0.004811837130637153,0.0
VIS,2024-05-14,242.39999389648438,0.0,241.97999572753906,0.0017356730984416924,0.0017356730984416924,0.0
VIS,2024-05-15,244.0399932861328,0.0,242.39999389648438,0.006765674220061246,0.006765674220061246,0.0
VIS,2024-05-16,242.0800018310547,0.0,244.0399932861328,-0.00803143545730256,-0.00803143545730256,0.0
VIS,2024-05-17,242.2899932861328,0.0,242.0800018310547,0.0008674465197033854,0.0008674465197033854,0.0
VIS,2024-05-20,242.94000244140625,0.0,242.2899932861328,0.0026827734255858715,0.0026827734255858715,0.0
VIS,2024-05-21,242.38999938964844,0.0,242.94000244140625,-0.0022639460205424733,-0.0022639460205424733,0.0
VIS,2024-05-22,242.72000122070312,0.0,242.38999938964844,0.0013614498613212511,0.0013614498613212511,0.0
VIS,2024-05-23,239.67999267578125,0.0,242.72000122070312,-0.012524754983655573,-0.012524754983655573,0.0
VIS,2024-05-24,241.41000366210938,0.0,239.67999267578125,0.0072180033344224626,0.0072180033344224626,0.0
VIS,2024-05-28,238.3699951171875,0.0,241.41000366210938,-0.012592719849243816,-0.012592719849243816,0.0
VIS,2024-05-29,235.0399932861328,0.0,238.3699951171875,-0.01396988672763777,-0.01396988672763777,0.0
VIS,2024-05-30,236.75999450683594,0.0,235.0399932861328,0.007317908738234236,0.007317908738234236,0.0
VIS,2024-05-31,239.55999755859375,0.0,236.75999450683594,0.01182633517790932,0.01182633517790932,0.0
VIS,2024-06-03,236.5500030517578,0.0,239.55999755859375,-0.012564679151408464,-0.012564679151408464,0.0
VIS,2024-06-04,234.9600067138672,0.0,236.5500030517578,-0.006721607767397608,-0.006721607767397608,0.0
VIS,2024-06-05,237.94000244140625,0.0,234.9600067138672,0.012682991327830795,0.012682991327830795,0.0
VIS,2024-06-06,236.13999938964844,0.0,237.94000244140625,-0.007564945084007402,-0.007564945084007402,0.0
VIS,2024-06-07,235.97000122070312,0.0,236.13999938964844,-0.0007199041644139204,-0.0007199041644139204,0.0
VIS,2024-06-10,236.72000122070312,0.0,235.97000122070312,0.0031783701153542676,0.0031783701153542676,0.0
VIS,2024-06-11,235.35000610351562,0.0,236.72000122070312,-0.0057874075283997906,-0.0057874075283997906,0.0
VIS,2024-06-12,238.13999938964844,0.0,235.35000610351562,0.011854655677831838,0.011854655677831838,0.0
VIS,2024-06-13,236.88999938964844,0.0,238.13999938964844,-0.005249013198974306,-0.005249013198974306,0.0
VIS,2024-06-14,234.30999755859375,0.0,236.88999938964844,-0.010891138662257216,-0.010891138662257216,0.0
VIS,2024-06-17,236.64999389648438,0.0,234.30999755859375,0.009986754138843201,0.009986754138843201,0.0
VIS,2024-06-18,237.83999633789062,0.0,236.64999389648438,0.005028533581652228,0.005028533581652228,0.0
VIS,2024-06-20,237.91000366210938,0.0,237.83999633789062,0.00029434630548563767,0.00029434630548563767,0.0
VIS,2024-06-21,237.25999450683594,0.0,237.91000366210938,-0.002732164033743656,-0.002732164033743656,0.0
VIS,2024-06-24,238.27999877929688,0.0,237.25999450683594,0.004299099283809227,0.004299099283809227,0.0
VIS,2024-06-25,236.32000732421875,0.0,238.27999877929688,-0.00822558110256466,-0.00822558110256466,0.0
VIS,2024-06-26,235.4199981689453,0.0,236.32000732421875,-0.0038084340190404076,-0.0038084340190404076,0.0
VIS,2024-06-27,236.0,0.0,235.4199981689453,0.0024636897271508307,0.0024636897271508307,0.0
VIS,2024-06-28,235.22000122070312,0.788,236.0,-0.003305079573291847,3.3903477555607964e-05,0.003338983050847458
VIS,2024-07-01,232.1199951171875,0.0,235.22000122070312,-0.013179177312421353,-0.013179177312421353,0.0
VIS,2024-07-02,233.72000122070312,0.0,232.1199951171875,0.006893012826007627,0.006893012826007627,0.0
VIS,2024-07-03,234.91000366210938,0.0,233.72000122070312,0.005091572972749203,0.005091572972749203,0.0
VIS,2024-07-05,233.86000061035156,0.0,234.91000366210938,-0.004469809865007335,-0.004469809865007335,0.0
VIS,2024-07-08,234.02999877929688,0.0,233.86000061035156,0.0007269228106629999,0.0007269228106629999,0.0
VIS,2024-07-09,232.72000122070312,0.0,234.02999877929688,-0.0055975625579058885,-0.0055975625579058885,0.0
VIS,2024-07-10,235.02000427246094,0.0,232.72000122070312,0.009883134409133021,0.009883134409133021,0.0
VIS,2024-07-11,238.74000549316406,0.0,235.02000427246094,0.015828445039046457,0.015828445039046457,0.0
VIS,2024-07-12,240.35000610351562,0.0,238.74000549316406,0.0067437403589976075,0.0067437403589976075,0.0
VIS,2024-07-15,242.38999938964844,0.0,240.35000610351562,0.008487594068353088,0.008487594068353088,0.0
VIS,2024-07-16,249.25999450683594,0.0,242.38999938964844,0.028342733340841253,0.028342733340841253,0.0
VIS,2024-07-17,245.55999755859375,0.0,249.25999450683594,-0.014843926140505115,-0.014843926140505115,0.0
VIS,2024-07-18,243.33999633789062,0.0,245.55999755859375,-0.009040565412831159,-0.009040565412831159,0.0
VIS,2024-07-19,242.0,0.0,243.33999633789062,-0.00550668348013772,-0.00550668348013772,0.0
VIS,2024-07-22,245.10000610351562,0.0,242.0,0.012809942576510913,0.012809942576510913,0.0
VIS,2024-07-23,245.0800018310547,0.0,245.10000610351562,-8.161677667395395e-05,-8.161677667395395e-05,0.0
VIS,2024-07-24,239.27999877929688,0.0,245.0800018310547,-0.023665754073871836,-0.023665754073871836,0.0
VIS,2024-07-25,241.27999877929688,0.0,239.27999877929688,0.008358408601651268,0.008358408601651268,0.0
VIS,2024-07-26,245.61000061035156,0.0,241.27999877929688,0.01794596258687564,0.01794596258687564,0.0
VIS,2024-07-29,244.99000549316406,0.0,245.61000061035156,-0.0025243072987531923,-0.0025243072987531923,0.0
VIS,2024-07-30,245.49000549316406,0.0,244.99000549316406,0.002040899582795186,0.002040899582795186,0.0
VIS,2024-07-31,248.33999633789062,0.0,245.49000549316406,0.011609396639187919,0.011609396639187919,0.0
VIS,2024-08-01,243.3000030517578,0.0,248.33999633789062,-0.020294730452018794,-0.020294730452018794,0.0
VIS,2024-08-02,237.32000732421875,0.0,243.3000030517578,-0.024578691543488906,-0.024578691543488906,0.0
VIS,2024-08-05,232.3300018310547,0.0,237.32000732421875,-0.021026484658526412,-0.021026484658526412,0.0
VNQ,2024-01-03,86.98999786376953,0.0,89.12000274658203,-0.023900413119031128,-0.023900413119031128,0.0
VNQ,2024-01-04,86.83000183105469,0.0,86.98999786376953,-0.001839246311574838,-0.001839246311574838,0.0
VNQ,2024-01-05,86.61000061035156,0.0,86.83000183105469,-0.002533700518988602,-0.002533700518988602,0.0
VNQ,2024-01-08,87.8499984741211,0.0,86.61000061035156,0.014317028692196088,0.014317028692196088,0.0
VNQ,2024-01-09,87.26000213623047,0.0,87.8499984741211,-0.00671595160089189,-0.00671595160089189,0.0
VNQ,2024-01-10,87.36000061035156,0.0,87.26000213623047,0.0011459829437658886,0.0011459829437658886,0.0
VNQ,2024-01-11,86.55000305175781,0.0,87.36000061035156,-0.009271950010698249,-0.009271950010698249,0.0
VNQ,2024-01-12,87.06999969482422,0.0,86.55000305175781,0.006008048812608857,0.006008048812608857,0.0
VNQ,2024-01-16,86.43000030517578,0.0,87.06999969482422,-0.007350400733795781,-0.007350400733795781,0.0
VNQ,2024-01-17,84.8499984741211,0.0,86.43000030517578,-0.018280710696238045,-0.018280710696238045,0.0
VNQ,2024-01-18,84.38999938964844,0.0,84.8499984741211,-0.005421321069474794,-0.005421321069474794,0.0
VNQ,2024-01-19,85.4000015258789,0.0,84.38999938964844,0.011968268083129674,0.011968268083129674,0.0
VNQ,2024-01-22,85.91000366210938,0.0,85.4000015258789,0.005971921863208829,0.005971921863208829,0.0
VNQ,2024-01-23,85.31999969482422,0.0,85.91000366210938,-0.006867698080955553,-0.006867698080955553,0.0
VNQ,2024-01-24,84.0999984741211,0.0,85.31999969482422,-0.014299123594313956,-0.014299123594313956,0.0
VNQ,2024-01-25,85.18000030517578,0.0,84.0999984741211,0.012841876939950536,0.012841876939950536,0.0
VNQ,2024-01-26,84.94000244140625,0.0,85.18000030517578,-0.002817537719061791,-0.002817537719061791,0.0
VNQ,2024-01-29,85.5,0.0,84.94000244140625,0.006592860165974823,0.006592860165974823,0.0
VNQ,2024-01-30,84.69999694824219,0.0,85.5,-0.009356760839272615,-0.009356760839272615,0.0
VNQ,2024-01-31,83.88999938964844,0.0,84.69999694824219,-0.009563135629021557,-0.009563135629021557,0.0
VNQ,2024-02-01,85.41000366210938,0.0,83.88999938964844,0.01811901637286817,0.01811901637286817,0.0
VNQ,2024-02-02,84.3499984741211,0.0,85.41000366210938,-0.012410784949521525,-0.012410784949521525,0.0
VNQ,2024-02-05,82.58000183105469,0.0,84.3499984741211,-0.0209839558397793,-0.0209839558397793,0.0
VNQ,2024-02-06,83.69000244140625,0.0,82.58000183105469,0.01344151835480023,0.01344151835480023,0.0
VNQ,2024-02-07,83.56999969482422,0.0,83.69000244140625,-0.001433895842768651,-0.001433895842768651,0.0
VNQ,2024-02-08,84.25,0.0,83.56999969482422,0.00813689491036218,0.00813689491036218,0.0
VNQ,2024-02-09,84.37999725341797,0.0,84.25,0.0015429941058513474,0.0015429941058513474,0.0
VNQ,2024-02-12,84.4000015258789,0.0,84.37999725341797,0.000237073632520568,0.000237073632520568,0.0
VNQ,2024-02-13,82.66000366210938,0.0,84.4000015258789,-0.02061608806056725,-0.02061608806056725,0.0
VNQ,2024-02-14,83.30999755859375,0.0,82.66000366210938,0.00786346319486464,0.00786346319486464,0.0
VNQ,2024-02-15,85.25,0.0,83.30999755859375,0.02328655021315784,0.02328655021315784,0.0
VNQ,2024-02-16,84.37000274658203,0.0,85.25,-0.01032254842719027,-0.01032254842719027,0.0
VNQ,2024-02-20,84.22000122070312,0.0,84.37000274658203,-0.0017779011615000062,-0.0017779011615000062,0.0
VNQ,2024-02-21,84.69000244140625,0.0,84.22000122070312,0.005580636593336852,0.005580636593336852,0.0
VNQ,2024-02-22,84.8499984741211,0.0,84.69000244140625,0.001889196222724543,0.001889196222724543,0.0
VNQ,2024-02-23,84.80999755859375,0.0,84.8499984741211,-0.0004714309516403725,-0.0004714309516403725,0.0
VNQ,2024-02-26,83.87999725341797,0.0,84.80999755859375,-0.010965691922503074,-0.010965691922503074,0.0
VNQ,2024-02-27,83.9800033569336,0.0,83.87999725341797,0.0011922521076566106,0.0011922521076566106,0.0
VNQ,2024-02-28,84.83000183105469,0.0,83.9800033569336,0.010121438915742909,0.010121438915742909,0.0
VNQ,2024-02-29,85.55000305175781,0.0,84.83000183105469,0.008487577568807136,0.008487577568807136,0.0
VNQ,2024-03-01,86.56999969482422,0.0,85.55000305175781,0.011922812468508015,0.011922812468508015,0.0
VNQ,2024-03-04,87.37999725341797,0.0,86.56999969482422,0.009356561874195979,0.009356561874195979,0.0
VNQ,2024-03-05,86.31999969482422,0.0,87.37999725341797,-0.012130894849075813,-0.012130894849075813,0.0
VNQ,2024-03-06,86.75,0.0,86.31999969482422,0.004981467871825851,0.004981467871825851,0.0
VNQ,2024-03-07,86.7300033569336,0.0,86.75,-0.00023050885379138908,-0.00023050885379138908,0.0
VNQ,2024-03-08,87.7300033569336,0.0,86.7300033569336,0.011530035296834384,0.011530035296834384,0.0
VNQ,2024-03-11,87.30999755859375,0.0,87.7300033569336,-0.004787481845076824,-0.004787481845076824,0.0
VNQ,2024-03-12,87.12000274658203,0.0,87.30999755859375,-0.002176094574784626,-0.002176094574784626,0.0
VNQ,2024-03-13,86.68000030517578,0.0,87.12000274658203,-0.005050532914767536,-0.005050532914767536,0.0
VNQ,2024-03-14,85.37999725341797,0.0,86.68000030517578,-0.014997727817038231,-0.014997727817038231,0.0
VNQ,2024-03-15,85.19000244140625,0.0,85.37999725341797,-0.0022252848222492627,-0.0022252848222492627,0.0
VNQ,2024-03-18,85.2300033569336,0.0,85.19000244140625,0.00046954941167953734,0.00046954941167953734,0.0
VNQ,2024-03-19,85.19999694824219,0.0,85.2300033569336,-0.0003520639154001026,-0.0003520639154001026,0.0
VNQ,2024-03-20,85.76000213623047,0.0,85.19999694824219,0.006572831080363439,0.006572831080363439,0.0
VNQ,2024-03-21,86.37999725341797,0.0,85.76000213623047,0.007229420496079664,0.007229420496079664,0.0
VNQ,2024-03-22,84.56999969482422,0.732,86.37999725341797,-0.020953896922266124,-0.012479712813965094,0.008474184108301017
VNQ,2024-03-25,84.05000305175781,0.0,84.56999969482422,-0.006148712840757242,-0.006148712840757242,0.0
VNQ,2024-03-26,83.70999908447266,0.0,84.05000305175781,-0.004045258238429605,-0.004045258238429605,0.0
VNQ,2024-03-27,85.87000274658203,0.0,83.70999908447266,0.025803412802928083,0.025803412802928083,0.0
VNQ,2024-03-28,86.4800033569336,0.0,85.87000274658203,0.007103768380580799,0.007103768380580799,0.0
VNQ,2024-04-01,85.02999877929688,0.0,86.4800033569336,-0.016766934798233435,-0.016766934798233435,0.0
VNQ,2024-04-02,83.95999908447266,0.0,85.02999877929688,-0.012583790546692786,-0.012583790546692786,0.0
VNQ,2024-04-03,84.05000305175781,0.0,83.95999908447266,0.0010719862823558302,0.0010719862823558302,0.0
VNQ,2024-04-04,83.51000213623047,0.0,84.05000305175781,-0.006424757833676797,-0.006424757833676797,0.0
VNQ,2024-04-05,83.94000244140625,0.0,83.51000213623047,0.005149087464688673,0.005149087464688673,0.0
VNQ,2024-04-08,84.83999633789062,0.0,83.94000244140625,0.010721871221204715,0.010721871221204715,0.0
VNQ,2024-04-09,85.97000122070312,0.0,84.83999633789062,0.013319247189875538,0.013319247189875538,0.0
VNQ,2024-04-10,82.41000366210938,0.0,85.97000122070312,-0.041409765127890186,-0.041409765127890186,0.0
VNQ,2024-04-11,82.69000244140625,0.0,82.41000366210938,0.0033976309532142146,0.0033976309532142146,0.0
VNQ,2024-04-12,81.70999908447266,0.0,82.69000244140625,-0.011851533776746748,-0.011851533776746748,0.0
VNQ,2024-04-15,80.31999969482422,0.0,81.70999908447266,-0.017011374436700755,-0.017011374436700755,0.0
VNQ,2024-04-16,79.19000244140625,0.0,80.31999969482422,-0.014068690957562136,-0.014068690957562136,0.0
VNQ,2024-04-17,78.61000061035156,0.0,79.19000244140625,-0.00732417998703605,-0.00732417998703605,0.0
VNQ,2024-04-18,78.62000274658203,0.0,78.61000061035156,0.00012723745264997532,0.00012723745264997532,0.0
VNQ,2024-04-19,79.0,0.0,78.62000274658203,0.0048333406276113156,0.0048333406276113156,0.0
VNQ,2024-04-22,79.69999694824219,0.0,79.0,0.008860720863825167,0.008860720863825167,0.0
VNQ,2024-04-23,80.43000030517578,0.0,79.69999694824219,0.009159390023661729,0.009159390023661729,0.0
VNQ,2024-04-24,80.58000183105469,0.0,80.43000030517578,0.0018649947197533212,0.0018649947197533212,0.0
VNQ,2024-04-25,80.12000274658203,0.0,80.58000183105469,-0.005708601067509256,-0.005708601067509256,0.0
VNQ,2024-04-26,80.16000366210938,0.0,80.12000274658203,0.0004992625331512457,0.0004992625331512457,0.0
VNQ,2024-04-29,80.9800033569336,0.0,80.16000366210938,0.010229536643744153,0.010229536643744153,0.0
VNQ,2024-04-30,79.61000061035156,0.0,80.9800033569336,-0.01691779068646737,-0.01691779068646737,0.0
VNQ,2024-05-01,79.63999938964844,0.0,79.61000061035156,0.0003768217443396171,0.0003768217443396171,0.0
VNQ,2024-05-02,80.76000213623047,0.0,79.63999938964844,0.014063319376765415,0.014063319376765415,0.0
VNQ,2024-05-03,81.30000305175781,0.0,80.76000213623047,0.0066864896142082575,0.0066864896142082575,0.0
VNQ,2024-05-06,81.37000274658203,0.0,81.30000305175781,0.0008610048240669244,0.0008610048240669244,0.0
VNQ,2024-05-07,82.13999938964844,0.0,81.37000274658203,0.009462905457487514,0.009462905457487514,0.0
VNQ,2024-05-08,81.44999694824219,0.0,82.13999938964844,-0.008400321968996871,-0.008400321968996871,0.0
VNQ,2024-05-09,83.12000274658203,0.0,81.44999694824219,0.02050344826165018,0.02050344826165018,0.0
VNQ,2024-05-10,82.88999938964844,0.0,83.12000274658203,-0.002767124029517065,-0.002767124029517065,0.0
VNQ,2024-05-13,83.16000366210938,0.0,82.88999938964844,0.0032573805579574344,0.0032573805579574344,0.0
VNQ,2024-05-14,83.80000305175781,0.0,83.16000366210938,0.007696000017614724,0.007696000017614724,0.0
VNQ,2024-05-15,84.95999908447266,0.0,83.80000305175781,0.013842434253831692,0.013842434253831692,0.0
VNQ,2024-05-16,84.9000015258789,0.0,84.95999908447266,-0.0007061859609260868,-0.0007061859609260868,0.0
VNQ,2024-05-17,84.88999938964844,0.0,84.9000015258789,-0.0001178107897609193,-0.0001178107897609193,0.0
VNQ,2024-05-20,84.38999938964844,0.0,84.88999938964844,-0.005889975304452344,-0.005889975304452344,0.0
VNQ,2024-05-21,84.36000061035156,0.0,84.38999938964844,-0.00035547789446432887,-0.00035547789446432887,0.0
VNQ,2024-05-22,83.5999984741211,0.0,84.36000061035156,-0.009009034266616811,-0.009009034266616811,0.0
VNQ,2024-05-23,81.80000305175781,0.0,83.5999984741211,-0.021531046115036534,-0.021531046115036534,0.0
VNQ,2024-05-24,81.86000061035156,0.0,81.80000305175781,0.0007334664591123197,0.0007334664591123197,0.0
VNQ,2024-05-28,81.31999969482422,0.0,81.86000061035156,-0.006596639524811598,-0.006596639524811598,0.0
VNQ,2024-05-29,80.52999877929688,0.0,81.31999969482422,-0.009714718623856866,-0.009714718623856866,0.0
VNQ,2024-05-30,81.70999908447266,0.0,80.52999877929688,0.014652928387714592,0.014652928387714592,0.0
VNQ,2024-05-31,83.23999786376953,0.0,81.70999908447266,0.01872474356186382,0.01872474356186382,0.0
VNQ,2024-06-03,83.05000305175781,0.0,83.23999786376953,-0.0022824941961515632,-0.0022824941961515632,0.0
VNQ,2024-06-04,83.69000244140625,0.0,83.05000305175781,0.00770619345130652,0.00770619345130652,0.0
VNQ,2024-06-05,83.58999633789062,0.0,83.69000244140625,-0.0011949587835852205,-0.0011949587835852205,0.0
VNQ,2024-06-06,83.75,0.0,83.58999633789062,0.001914148452197617,0.001914148452197617,0.0
VNQ,2024-06-07,82.95999908447266,0.0,83.75,-0.009432846752565283,-0.009432846752565283,0.0
VNQ,2024-06-10,83.23999786376953,0.0,82.95999908447266,0.0033751058629083452,0.0033751058629083452,0.0
VNQ,2024-06-11,82.94000244140625,0.0,83.23999786376953,-0.0036039816201611785,-0.0036039816201611785,0.0
VNQ,2024-06-12,83.68000030517578,0.0,82.94000244140625,0.008922086351423886,0.008922086351423886,0.0
VNQ,2024-06-13,84.0199966430664,0.0,83.68000030517578,0.004063053736265365,0.004063053736265365,0.0
VNQ,2024-06-14,84.0,0.0,84.0199966430664,-0.0002379986177737381,-0.0002379986177737381,0.0
VNQ,2024-06-17,83.66999816894531,0.0,84.0,-0.00392859322684147,-0.00392859322684147,0.0
VNQ,2024-06-18,84.0,0.0,83.66999816894531,0.003944087944024455,0.003944087944024455,0.0
VNQ,2024-06-20,83.76000213623047,0.0,84.0,-0.0028571174258277265,-0.0028571174258277265,0.0
VNQ,2024-06-21,83.97000122070312,0.0,83.76000213623047,0.0025071523294746267,0.0025071523294746267,0.0
VNQ,2024-06-24,84.62000274658203,0.0,83.97000122070312,0.0077408778900749375,0.0077408778900749375,0.0
VNQ,2024-06-25,83.58000183105469,0.0,84.62000274658203,-0.012290249134615516,-0.012290249134615516,0.0
VNQ,2024-06-26,83.31999969482422,0.0,83.58000183105469,-0.003110817546475131,-0.003110817546475131,0.0
VNQ,2024-06-27,84.12999725341797,0.0,83.31999969482422,0.009721526182915552,0.009721526182915552,0.0
VNQ,2024-06-28,83.76000213623047,1.033,84.12999725341797,-0.004397897649669358,0.007880719178147366,0.01227861682781681
VNQ,2024-07-01,82.97000122070312,0.0,83.76000213623047,-0.009431720336425697,-0.009431720336425697,0.0
VNQ,2024-07-02,83.36000061035156,0.0,82.97000122070312,0.004700486729065201,0.004700486729065201,0.0
VNQ,2024-07-03,83.27999877929688,0.0,83.36000061035156,-0.0009597148568728509,-0.0009597148568728509,0.0
VNQ,2024-07-05,83.51000213623047,0.0,83.27999877929688,0.0027618078807030155,0.0027618078807030155,0.0
VNQ,2024-07-08,83.77999877929688,0.0,83.51000213623047,0.0032331054503622614,0.0032331054503622614,0.0
VNQ,2024-07-09,83.76000213623047,0.0,83.77999877929688,-0.0002386803933845938,-0.0002386803933845938,0.0
VNQ,2024-07-10,84.37999725341797,0.0,83.76000213623047,0.007402042757581606,0.007402042757581606,0.0
VNQ,2024-07-11,86.80000305175781,0.0,84.37999725341797,0.028679851589374472,0.028679851589374472,0.0
VNQ,2024-07-12,87.45999908447266,0.0,86.80000305175781,0.007603640662561917,0.007603640662561917,0.0
VNQ,2024-07-15,88.05000305175781,0.0,87.45999908447266,0.006745986433355666,0.006745986433355666,0.0
VNQ,2024-07-16,89.12999725341797,0.0,88.05000305175781,0.012265691814062896,0.012265691814062896,0.0
VNQ,2024-07-17,89.73999786376953,0.0,89.12999725341797,0.006843942882856613,0.006843942882856613,0.0
VNQ,2024-07-18,88.94999694824219,0.0,89.73999786376953,-0.008803219682784191,-0.008803219682784191,0.0
VNQ,2024-07-19,88.79000091552734,0.0,88.94999694824219,-0.0017987188106137753,-0.0017987188106137753,0.0
VNQ,2024-07-22,89.70999908447266,0.0,88.79000091552734,0.010361506469862336,0.010361506469862336,0.0
VNQ,2024-07-23,89.63999938964844,0.0,89.70999908447266,-0.0007802886583279101,-0.0007802886583279101,0.0
VNQ,2024-07-24,88.31999969482422,0.0,89.63999938964844,-0.014725565638241789,-0.014725565638241789,0.0
VNQ,2024-07-25,88.02999877929688,0.0,88.31999969482422,-0.00328352487012451,-0.00328352487012451,0.0
VNQ,2024-07-26,89.56999969482422,0.0,88.02999877929688,0.01749404676681121,0.01749404676681121,0.0
VNQ,2024-07-29,90.02999877929688,0.0,89.56999969482422,0.005135637892597078,0.005135637892597078,0.0
VNQ,2024-07-30,90.7300033569336,0.0,90.02999877929688,0.007775237000199553,0.007775237000199553,0.0
VNQ,2024-07-31,90.41000366210938,0.0,90.7300033569336,-0.003526944593679082,-0.003526944593679082,0.0
VNQ,2024-08-01,91.31999969482422,0.0,90.41000366210938,0.010065213979149723,0.010065213979149723,0.0
VNQ,2024-08-02,91.2699966430664,0.0,91.31999969482422,-0.0005475586062736459,-0.0005475586062736459,0.0
VNQ,2024-08-05,88.66000366210938,0.0,91.2699966430664,-0.0285963961537552,-0.0285963961537552,0.0
VOX,2024-01-03,116.08999633789062,0.0,116.69000244140625,-0.005141880974909641,-0.005141880974909641,0.0
VOX,2024-01-04,115.83999633789062,0.0,116.08999633789062,-0.002153501661524282,-0.002153501661524282,0.0
VOX,2024-01-05,116.29000091552734,0.0,115.83999633789062,0.0038847081479880252,0.0038847081479880252,0.0
VOX,2024-01-08,118.16999816894531,0.0,116.29000091552734,0.016166456605186452,0.016166456605186452,0.0
VOX,2024-01-09,117.8499984741211,0.0,118.16999816894531,-0.0027079605634479087,-0.0027079605634479087,0.0
VOX,2024-01-10,118.98999786376953,0.0,117.8499984741211,0.009673308480345755,0.009673308480345755,0.0
VOX,2024-01-11,118.5199966430664,0.0,118.98999786376953,-0.0039499220870751195,-0.0039499220870751195,0.0
VOX,2024-01-12,118.88999938964844,0.0,118.5199966430664,0.0031218592394692823,0.0031218592394692823,0.0
VOX,2024-01-16,118.25,0.0,118.88999938964844,-0.005383122154378306,-0.005383122154378306,0.0
VOX,2024-01-17,117.36000061035156,0.0,118.25,-0.007526421899775371,-0.007526421899775371,0.0
VOX,2024-01-18,118.9000015258789,0.0,117.36000061035156,0.01312202545601826,0.01312202545601826,0.0
VOX,2024-01-19,120.66000366210938,0.0,118.9000015258789,0.01480237269675233,0.01480237269675233,0.0
VOX,2024-01-22,121.06999969482422,0.0,120.66000366210938,0.0033979448058278905,0.0033979448058278905,0.0
VOX,2024-01-23,122.3499984741211,0.0,121.06999969482422,0.010572386078494311,0.010572386078494311,0.0
VOX,2024-01-24,122.98999786376953,0.0,122.3499984741211,0.005230890050103243,0.005230890050103243,0.0
VOX,2024-01-25,124.97000122070312,0.0,122.98999786376953,0.01609889740080117,0.01609889740080117,0.0
VOX,2024-01-26,125.37000274658203,0.0,124.97000122070312,0.003200780363060707,0.003200780363060707,0.0
VOX,2024-01-29,126.72000122070312,0.0,125.37000274658203,0.010768113939104929,0.010768113939104929,0.0
VOX,2024-01-30,125.6500015258789,0.0,126.72000122070312,-0.008443810641704852,-0.008443810641704852,0.0
VOX,2024-01-31,122.30999755859375,0.0,125.6500015258789,-0.026581806022479393,-0.026581806022479393,0.0
VOX,2024-02-01,123.5199966430664,0.0,122.30999755859375,0.009892887814775708,0.009892887814775708,0.0
VOX,2024-02-02,128.67999267578125,0.0,123.5199966430664,0.0417745804157168,0.0417745804157168,0.0
VOX,2024-02-05,126.95999908447266,0.0,128.67999267578125,-0.013366441476587942,-0.013366441476587942,0.0
VOX,2024-02-06,126.98999786376953,0.0,126.95999908447266,0.00023628528287011896,0.00023628528287011896,0.0
VOX,2024-02-07,127.20999908447266,0.0,126.98999786376953,0.0017324295173162252,0.0017324295173162252,0.0
VOX,2024-02-08,127.69999694824219,0.0,127.20999908447266,0.0038518816704349312,0.0038518816704349312,0.0
VOX,2024-02-09,127.91000366210938,0.0,127.69999694824219,0.0016445318628497407,0.0016445318628497407,0.0
VOX,2024-02-12,128.42999267578125,0.0,127.91000366210938,0.004065272447692836,0.004065272447692836,0.0
VOX,2024-02-13,126.4000015258789,0.0,128.42999267578125,-0.01580620778377695,-0.01580620778377695,0.0
VOX,2024-02-14,128.27999877929688,0.0,126.4000015258789,0.014873395812681656,0.014873395812681656,0.0
VOX,2024-02-15,129.49000549316406,0.0,128.27999877929688,0.009432543852366138,0.009432543852366138,0.0
VOX,2024-02-16,127.4800033569336,0.0,129.49000549316406,-0.015522450003576327,-0.015522450003576327,0.0
VOX,2024-02-20,126.87999725341797,0.0,127.4800033569336,-0.004706668400656144,-0.004706668400656144,0.0
VOX,2024-02-21,126.55999755859375,0.0,126.87999725341797,-0.0025220657452024176,-0.0025220657452024176,0.0
VOX,2024-02-22,128.47999572753906,0.0,126.55999755859375,0.015170655862697835,0.015170655862697835,0.0
VOX,2024-02-23,128.16000366210938,0.0,128.47999572753906,-0.002490598350487816,-0.002490598350487816,0.0
VOX,2024-02-26,126.5,0.0,128.16000366210938,-0.012952587505271396,-0.012952587505271396,0.0
VOX,2024-02-27,127.77999877929688,0.0,126.5,0.01011856742527173,0.01011856742527173,0.0
VOX,2024-02-28,126.7300033569336,0.0,127.77999877929688,-0.008217212649820449,-0.008217212649820449,0.0
VOX,2024-02-29,127.91000366210938,0.0,126.7300033569336,0.009311136068167913,0.009311136068167913,0.0
VOX,2024-03-01,128.63999938964844,0.0,127.91000366210938,0.005707104265804341,0.005707104265804341,0.0
VOX,2024-03-04,126.81999969482422,0.0,128.63999938964844,-0.014148007645051863,-0.014148007645051863,0.0
VOX,2024-03-05,126.01000213623047,0.0,126.81999969482422,-0.006386985968639847,-0.006386985968639847,0.0
VOX,2024-03-06,126.02999877929688,0.0,126.01000213623047,0.0001586909191921837,0.0001586909191921837,0.0
VOX,2024-03-07,127.7300033569336,0.0,126.02999877929688,0.013488888313121006,0.013488888313121006,0.0
VOX,2024-03-08,127.77999877929688,0.0,127.7300033569336,0.00039141486768445866,0.00039141486768445866,0.0
VOX,2024-03-11,127.83999633789062,0.0,127.77999877929688,0.00046953794934201376,0.00046953794934201376,0.0
VOX,2024-03-12,128.8000030517578,0.0,127.83999633789062,0.007509439466266921,0.007509439466266921,0.0
VOX,2024-03-13,128.89999389648438,0.0,128.8000030517578,0.0007763264158182626,0.0007763264158182626,0.0
VOX,2024-03-14,128.61000061035156,0.0,128.89999389648438,-0.002249754071871335,-0.002249754071871335,0.0
VOX,2024-03-15,127.41000366210938,0.0,128.61000061035156,-0.009330510400025638,-0.009330510400025638,0.0
VOX,2024-03-18,129.6999969482422,0.0,127.41000366210938,0.017973418258474094,0.017973418258474094,0.0
VOX,2024-03-19,129.67999267578125,0.0,129.6999969482422,-0.0001542349493571793,-0.0001542349493571793,0.0
VOX,2024-03-20,131.3699951171875,0.0,129.67999267578125,0.013032098526034819,0.013032098526034819,0.0
VOX,2024-03-21,131.27000427246094,0.0,131.3699951171875,-0.0007611391371170617,-0.0007611391371170617,0.0
VOX,2024-03-22,131.25999450683594,0.322,131.27000427246094,-7.625325892590684e-05,0.002376706210258428,0.002452959469184326
VOX,2024-03-25,131.0399932861328,0.0,131.25999450683594,-0.0016760721461989148,-0.0016760721461989148,0.0
VOX,2024-03-26,130.77999877929688,0.0,131.0399932861328,-0.0019840851660318792,-0.0019840851660318792,0.0
VOX,2024-03-27,131.4199981689453,0.0,130.77999877929688,0.004893710013933461,0.004893710013933461,0.0
VOX,2024-03-28,131.22000122070312,0.0,131.4199981689453,-0.001521815180556385,-0.001521815180556385,0.0
VOX,2024-04-01,131.85000610351562,0.0,131.22000122070312,0.004801134559912601,0.004801134559912601,0.0
VOX,2024-04-02,131.9199981689453,0.0,131.85000610351562,0.000530846129614515,0.000530846129614515,0.0
VOX,2024-04-03,132.75999450683594,0.0,131.9199981689453,0.006367467780092451,0.006367467780092451,0.0
VOX,2024-04-04,131.25999450683594,0.0,132.75999450683594,-0.011298584378314103,-0.011298584378314103,0.0
VOX,2024-04-05,132.6699981689453,0.0,131.25999450683594,0.010742067051023207,0.010742067051023207,0.0
VOX,2024-04-08,132.4499969482422,0.0,132.6699981689453,-0.0016582590166540623,-0.0016582590166540623,0.0
VOX,2024-04-09,132.97999572753906,0.0,132.4499969482422,0.00400150087964124,0.00400150087964124,0.0
VOX,2024-04-10,131.75999450683594,0.0,132.97999572753906,-0.00917432140096297,-0.00917432140096297,0.0
VOX,2024-04-11,133.02999877929688,0.0,131.75999450683594,0.009638769925685242,0.009638769925685242,0.0
VOX,2024-04-12,130.77000427246094,0.0,133.02999877929688,-0.016988608040096054,-0.016988608040096054,0.0
VOX,2024-04-15,128.83999633789062,0.0,130.77000427246094,-0.014758796906889415,-0.014758796906889415,0.0
VOX,2024-04-16,128.38999938964844,0.0,128.83999633789062,-0.0034926805420115725,-0.0034926805420115725,0.0
VOX,2024-04-17,128.10000610351562,0.0,128.38999938964844,-0.0022586906107283644,-0.0022586906107283644,0.0
VOX,2024-04-18,129.07000732421875,0.0,128.10000610351562,0.007572218380062168,0.007572218380062168,0.0
VOX,2024-04-19,127.30000305175781,0.0,129.07000732421875,-0.01371352112822588,-0.01371352112822588,0.0
VOX,2024-04-22,127.66999816894531,0.0,127.30000305175781,0.002906481605008837,0.002906481605008837,0.0
VOX,2024-04-23,129.88999938964844,0.0,127.66999816894531,0.017388589743421168,0.017388589743421168,0.0
VOX,2024-04-24,129.92999267578125,0.0,129.88999938964844,0.0003079011957867195,0.0003079011957867195,0.0
VOX,2024-04-25,125.5,0.0,129.92999267578125,-0.0340952276264308,-0.0340952276264308,0.0
VOX,2024-04-26,129.24000549316406,0.0,125.5,0.029800840582980603,0.029800840582980603,0.0
VOX,2024-04-29,127.93000030517578,0.0,129.24000549316406,-0.010136220460448486,-0.010136220460448486,0.0
VOX,2024-04-30,126.0,0.0,127.93000030517578,-0.015086377711027832,-0.015086377711027832,0.0
VOX,2024-05-01,127.68000030517578,0.0,126.0,0.01333333575536333,0.01333333575536333,0.0
VOX,2024-05-02,129.27999877929688,0.0,127.68000030517578,0.01253131634004423,0.01253131634004423,0.0
VOX,2024-05-03,130.2899932861328,0.0,129.27999877929688,0.007812457583327825,0.007812457583327825,0.0
VOX,2024-05-06,132.2899932861328,0.0,130.2899932861328,0.015350373037534393,0.015350373037534393,0.0
VOX,2024-05-07,132.58999633789062,0.0,132.2899932861328,0.0022677682892380258,0.0022677682892380258,0.0
VOX,2024-05-08,132.14999389648438,0.0,132.58999633789062,-0.003318519145931287,-0.003318519145931287,0.0
VOX,2024-05-09,132.4499969482422,0.0,132.14999389648438,0.0022701707575771835,0.0022701707575771835,0.0
VOX,2024-05-10,132.1699981689453,0.0,132.4499969482422,-0.002113996117389827,-0.002113996117389827,0.0
VOX,2024-05-13,132.2899932861328,0.0,132.1699981689453,0.0009078846852530464,0.0009078846852530464,0.0
VOX,2024-05-14,132.83999633789062,0.0,132.2899932861328,0.004157555973022031,0.004157555973022031,0.0
VOX,2024-05-15,133.94000244140625,0.0,132.83999633789062,0.008280684536588367,0.008280684536588367,0.0
VOX,2024-05-16,133.6999969482422,0.0,133.94000244140625,-0.0017918880751779387,-0.0017918880751779387,0.0
VOX,2024-05-17,134.13999938964844,0.0,133.6999969482422,0.0032909682232571402,0.0032909682232571402,0.0
VOX,2024-05-20,134.6300048828125,0.0,134.13999938964844,0.0036529409228689413,0.0036529409228689413,0.0
VOX,2024-05-21,133.94000244140625,0.0,134.6300048828125,-0.00512517578831595,-0.00512517578831595,0.0
VOX,2024-05-22,133.94000244140625,0.0,133.94000244140625,0.0,0.0,0.0
VOX,2024-05-23,132.08999633789062,0.0,133.94000244140625,-0.013812200013397335,-0.013812200013397335,0.0
VOX,2024-05-24,133.77000427246094,0.0,132.08999633789062,0.012718661375936469,0.012718661375936469,0.0
VOX,2024-05-28,134.0399932861328,0.0,133.77000427246094,0.002018307580539336,0.002018307580539336,0.0
VOX,2024-05-29,133.3300018310547,0.0,134.0399932861328,-0.005296862806927427,-0.005296862806927427,0.0
VOX,2024-05-30,132.8000030517578,0.0,133.3300018310547,-0.003975090167391171,-0.003975090167391171,0.0
VOX,2024-05-31,134.07000732421875,0.0,132.8000030517578,0.009563284964428487,0.009563284964428487,0.0
VOX,2024-06-03,134.69000244140625,0.0,134.07000732421875,0.00462441324171925,0.00462441324171925,0.0
VOX,2024-06-04,134.86000061035156,0.0,134.69000244140625,0.0012621439294966397,0.0012621439294966397,0.0
VOX,2024-06-05,136.69000244140625,0.0,134.86000061035156,0.013569641278158295,0.013569641278158295,0.0
VOX,2024-06-06,136.64999389648438,0.0,136.69000244140625,-0.0002926954730213538,-0.0002926954730213538,0.0
VOX,2024-06-07,135.74000549316406,0.0,136.64999389648438,-0.0066592641343962145,-0.0066592641343962145,0.0
VOX,2024-06-10,136.2100067138672,0.0,135.74000549316406,0.0034625106945851414,0.0034625106945851414,0.0
VOX,2024-06-11,136.30999755859375,0.0,136.2100067138672,0.0007340932368986586,0.0007340932368986586,0.0
VOX,2024-06-12,136.47000122070312,0.0,136.30999755859375,0.0011738219131036676,0.0011738219131036676,0.0
VOX,2024-06-13,135.02999877929688,0.0,136.47000122070312,-0.010551787415004399,-0.010551787415004399,0.0
VOX,2024-06-14,135.41000366210938,0.0,135.02999877929688,0.0028142256257708276,0.0028142256257708276,0.0
VOX,2024-06-17,135.9499969482422,0.0,135.41000366210938,0.003987838944899957,0.003987838944899957,0.0
VOX,2024-06-18,135.19000244140625,0.0,135.9499969482422,-0.005590250267716312,-0.005590250267716312,0.0
VOX,2024-06-20,135.88999938964844,0.0,135.19000244140625,0.005177875106153529,0.005177875106153529,0.0
VOX,2024-06-21,136.2899932861328,0.0,135.88999938964844,0.002943512387084901,0.002943512387084901,0.0
VOX,2024-06-24,136.69000244140625,0.0,136.2899932861328,0.002934985508683985,0.002934985508683985,0.0
VOX,2024-06-25,138.52000427246094,0.0,136.69000244140625,0.013387971310038882,0.013387971310038882,0.0
VOX,2024-06-26,138.66000366210938,0.0,138.52000427246094,0.0010106799403000188,0.0010106799403000188,0.0
VOX,2024-06-27,139.67999267578125,0.0,138.66000366210938,0.007356043464108231,0.007356043464108231,0.0
VOX,2024-06-28,138.1999969482422,0.325,139.67999267578125,-0.010595617161681559,-0.008268870189734323,0.0023267469719473353
VOX,2024-07-01,137.7100067138672,0.0,138.1999969482422,-0.0035455155223954593,-0.0035455155223954593,0.0
VOX,2024-07-02,138.94000244140625,0.0,137.7100067138672,0.00893178177018572,0.00893178177018572,0.0
VOX,2024-07-03,139.1699981689453,0.0,138.94000244140625,0.001655360036689535,0.001655360036689535,0.0
VOX,2024-07-05,142.05999755859375,0.0,139.1699981689453,0.020765965564935485,0.020765965564935485,0.0
VOX,2024-07-08,140.77999877929688,0.0,142.05999755859375,-0.009010268909577679,-0.009010268909577679,0.0
VOX,2024-07-09,141.17999267578125,0.0,140.77999877929688,0.002841269356106846,0.002841269356106846,0.0
VOX,2024-07-10,141.66000366210938,0.0,141.17999267578125,0.0033999929963905995,0.0033999929963905995,0.0
VOX,2024-07-11,139.57000732421875,0.0,141.66000366210938,-0.014753609232396547,-0.014753609232396547,0.0
VOX,2024-07-12,139.0800018310547,0.0,139.57000732421875,-0.0035108222931148347,-0.0035108222931148347,0.0
VOX,2024-07-15,139.5800018310547,0.0,139.0800018310547,0.0035950531594568513,0.0035950531594568513,0.0
VOX,2024-07-16,140.11000061035156,0.0,139.5800018310547,0.0037970968071656674,0.0037970968071656674,0.0
VOX,2024-07-17,137.1699981689453,0.0,140.11000061035156,-0.020983530287623453,-0.020983530287623453,0.0
VOX,2024-07-18,137.2899932861328,0.0,137.1699981689453,0.0008747912720659112,0.0008747912720659112,0.0
VOX,2024-07-19,136.6300048828125,0.0,137.2899932861328,-0.004807257889107741,-0.004807257889107741,0.0
VOX,2024-07-22,137.67999267578125,0.0,136.6300048828125,0.007684899037142756,0.007684899037142756,0.0
VOX,2024-07-23,137.57000732421875,0.0,137.67999267578125,-0.0007988477441417396,-0.0007988477441417396,0.0
VOX,2024-07-24,133.1999969482422,0.0,137.57000732421875,-0.03176572031196834,-0.03176572031196834,0.0
VOX,2024-07-25,131.86000061035156,0.0,133.1999969482422,-0.010060032797232776,-0.010060032797232776,0.0
VOX,2024-07-26,133.77999877929688,0.0,131.86000061035156,0.014560883968284921,0.014560883968284921,0.0
VOX,2024-07-29,134.89999389648438,0.0,133.77999877929688,0.00837191753182176,0.00837191753182176,0.0
VOX,2024-07-30,135.24000549316406,0.0,134.89999389648438,0.002520471549765979,0.002520471549765979,0.0
VOX,2024-07-31,136.3800048828125,0.0,135.24000549316406,0.008429453884531757,0.008429453884531757,0.0
VOX,2024-08-01,136.75999450683594,0.0,136.3800048828125,0.002786256125668407,0.002786256125668407,0.0
VOX,2024-08-02,133.86000061035156,0.0,136.75999450683594,-0.02120498693307138,-0.02120498693307138,0.0
VOX,2024-08-05,129.82000732421875,0.0,133.86000061035156,-0.030180735602210906,-0.030180735602210906,0.0
VPU,2024-01-03,139.41000366210938,0.0,138.89999389648438,0.003671776731718923,0.003671776731718923,0.0
VPU,2024-01-04,138.8000030517578,0.0,139.41000366210938,-0.004375587076448473,-0.004375587076448473,0.0
VPU,2024-01-05,139.22999572753906,0.0,138.8000030517578,0.003097929872673655,0.003097929872673655,0.0
VPU,2024-01-08,140.3300018310547,0.0,139.22999572753906,0.00790064021597936,0.00790064021597936,0.0
VPU,2024-01-09,139.25,0.0,140.3300018310547,-0.007696157749323751,-0.007696157749323751,0.0
VPU,2024-01-10,139.1300048828125,0.0,139.25,-0.0008617243604128744,-0.0008617243604128744,0.0
VPU,2024-01-11,135.89999389648438,0.0,139.1300048828125,-0.02321577569876987,-0.02321577569876987,0.0
VPU,2024-01-12,136.64999389648438,0.0,135.89999389648438,0.005518764044767144,0.005518764044767144,0.0
VPU,2024-01-16,135.02999877929688,0.0,136.64999389648438,-0.01185506907826639,-0.01185506907826639,0.0
VPU,2024-01-17,133.10000610351562,0.0,135.02999877929688,-0.014293065935190974,-0.014293065935190974,0.0
VPU,2024-01-18,131.77999877929688,0.0,133.10000610351562,-0.009917409945061517,-0.009917409945061517,0.0
VPU,2024-01-19,131.6300048828125,0.0,131.77999877929688,-0.0011382144321884224,-0.0011382144321884224,0.0
VPU,2024-01-22,131.17999267578125,0.0,131.6300048828125,-0.003418766165297127,-0.003418766165297127,0.0
VPU,2024-01-23,131.4199981689453,0.0,131.17999267578125,0.0018295891642352569,0.0018295891642352569,0.0
VPU,2024-01-24,129.55999755859375,0.0,131.4199981689453,-0.014153101782580002,-0.014153101782580002,0.0
VPU,2024-01-25,131.88999938964844,0.0,129.55999755859375,0.01798396013399839,0.01798396013399839,0.0
VPU,2024-01-26,132.17999267578125,0.0,131.88999938964844,0.002198751137120425,0.002198751137120425,0.0
VPU,2024-01-29,133.11000061035156,0.0,132.17999267578125,0.007035920609040236,0.007035920609040236,0.0
VPU,2024-01-30,132.97999572753906,0.0,133.11000061035156,-0.0009766725431326062,-0.0009766725431326062,0.0
VPU,2024-01-31,132.5,0.0,132.97999572753906,-0.003609533335544035,-0.003609533335544035,0.0
VPU,2024-02-01,135.22000122070312,0.0,132.5,0.020528311099646146,0.020528311099646146,0.0
VPU,2024-02-02,132.91000366210938,0.0,135.22000122070312,-0.01708325349608175,-0.01708325349608175,0.0
VPU,2024-02-05,130.07000732421875,0.0,132.91000366210938,-0.02136781475915539,-0.02136781475915539,0.0
VPU,2024-02-06,130.6699981689453,0.0,130.07000732421875,0.004612830098725151,0.004612830098725151,0.0
VPU,2024-02-07,130.74000549316406,0.0,130.6699981689453,0.0005357566786541312,0.0005357566786541312,0.0
VPU,2024-02-08,129.9199981689453,0.0,130.74000549316406,-0.006272045967304352,-0.006272045967304352,0.0
VPU,2024-02-09,130.49000549316406,0.0,129.9199981689453,0.004387371707606835,0.004387371707606835,0.0
VPU,2024-02-12,132.1199951171875,0.0,130.49000549316406,0.012491298608373613,0.012491298608373613,0.0
VPU,2024-02-13,129.7899932861328,0.0,132.1199951171875,-0.017635497405128042,-0.017635497405128042,0.0
VPU,2024-02-14,130.50999450683594,0.0,129.7899932861328,0.0055474324520212726,0.0055474324520212726,0.0
VPU,2024-02-15,132.75,0.0,130.50999450683594,0.01716347856444611,0.01716347856444611,0.0
VPU,2024-02-16,132.64999389648438,0.0,132.75,-0.0007533416460687725,-0.0007533416460687725,0.0
VPU,2024-02-20,132.5500030517578,0.0,132.64999389648438,-0.0007537945671116653,-0.0007537945671116653,0.0
VPU,2024-02-21,134.16000366210938,0.0,132.5500030517578,0.01214636418924031,0.01214636418924031,0.0
VPU,2024-02-22,133.08999633789062,0.0,134.16000366210938,-0.007975605955658938,-0.007975605955658938,0.0
VPU,2024-02-23,133.80999755859375,0.0,133.08999633789062,0.005409882339129313,0.005409882339129313,0.0
VPU,2024-02-26,131.30999755859375,0.0,133.80999755859375,-0.01868320787395039,-0.01868320787395039,0.0
VPU,2024-02-27,133.77999877929688,0.0,131.30999755859375,0.0188104582029327,0.0188104582029327,0.0
VPU,2024-02-28,134.27000427246094,0.0,133.77999877929688,0.0036627709495831162,0.0036627709495831162,0.0
VPU,2024-02-29,134.3699951171875,0.0,134.27000427246094,0.0007446997955229406,0.0007446997955229406,0.0
VPU,2024-03-01,133.75999450683594,0.0,134.3699951171875,-0.004539708510218898,-0.004539708510218898,0.0
VPU,2024-03-04,135.99000549316406,0.0,133.75999450683594,0.016671733536996802,0.016671733536996802,0.0
VPU,2024-03-05,135.7100067138672,0.0,135.99000549316406,-0.002058965865038842,-0.002058965865038842,0.0
VPU,2024-03-06,137.02000427246094,0.0,135.7100067138672,0.009652917941090022,0.009652917941090022,0.0
VPU,2024-03-07,137.99000549316406,0.0,137.02000427246094,0.007079267190608807,0.007079267190608807,0.0
VPU,2024-03-08,138.2899932861328,0.0,137.99000549316406,0.002173982035123645,0.002173982035123645,0.0
VPU,2024-03-11,138.9499969482422,0.0,138.2899932861328,0.004772606075291286,0.004772606075291286,0.0
VPU,2024-03-12,137.72000122070312,0.0,138.9499969482422,-0.008852074519996034,-0.008852074519996034,0.0
VPU,2024-03-13,138.5800018310547,0.0,137.72000122070312,0.006244558544356682,0.006244558544356682,0.0
VPU,2024-03-14,137.57000732421875,0.0,138.5800018310547,-0.007288169241527642,-0.007288169241527642,0.0
VPU,2024-03-15,137.6199951171875,0.0,137.57000732421875,0.00036336258128510934,0.00036336258128510934,0.0
VPU,2024-03-18,138.02000427246094,0.0,137.6199951171875,0.0029066209087771355,0.0029066209087771355,0.0
VPU,2024-03-19,139.30999755859375,0.0,138.02000427246094,0.009346422592382275,0.009346422592382275,0.0
VPU,2024-03-20,139.6999969482422,0.0,139.30999755859375,0.0027995075477940112,0.0027995075477940112,0.0
VPU,2024-03-21,139.5800018310547,0.0,139.6999969482422,-0.0008589486027831272,-0.0008589486027831272,0.0
VPU,2024-03-22,138.66000366210938,1.096,139.5800018310547,-0.006591188973180118,0.0012609387358206714,0.007852127709000751
VPU,2024-03-25,139.4199981689453,0.0,138.66000366210938,0.005480992981133248,0.005480992981133248,0.0
VPU,2024-03-26,137.74000549316406,0.0,139.4199981689453,-0.01204986872647551,-0.01204986872647551,0.0
VPU,2024-03-27,141.4199981689453,0.0,137.74000549316406,0.02671694880950093,0.02671694880950093,0.0
VPU,2024-03-28,142.5800018310547,0.0,141.4199981689453,0.008202543325757983,0.008202543325757983,0.0
VPU,2024-04-01,141.77999877929688,0.0,142.5800018310547,-0.0056109064488983895,-0.0056109064488983895,0.0
VPU,2024-04-02,141.92999267578125,0.0,141.77999877929688,0.001057934107601799,0.001057934107601799,0.0
VPU,2024-04-03,141.4600067138672,0.0,141.92999267578125,-0.0033113928427213057,-0.0033113928427213057,0.0
VPU,2024-04-04,141.08999633789062,0.0,141.4600067138672,-0.0026156536011269216,-0.0026156536011269216,0.0
VPU,2024-04-05,141.6999969482422,0.0,141.08999633789062,0.0043234859039240625,0.0043234859039240625,0.0
VPU,2024-04-08,142.55999755859375,0.0,141.6999969482422,0.006069164635661206,0.006069164635661206,0.0
VPU,2024-04-09,143.14999389648438,0.0,142.55999755859375,0.004138582687952974,0.004138582687952974,0.0
VPU,2024-04-10,140.52999877929688,0.0,143.14999389648438,-0.01830244658677449,-0.01830244658677449,0.0
VPU,2024-04-11,140.2899932861328,0.0,140.52999877929688,-0.001707859497963815,-0.001707859497963815,0.0
VPU,2024-04-12,139.22000122070312,0.0,140.2899932861328,-0.00762700204317035,-0.00762700204317035,0.0
VPU,2024-04-15,137.94000244140625,0.0,139.22000122070312,-0.009194072461382263,-0.009194072461382263,0.0
VPU,2024-04-16,136.0399932861328,0.0,137.94000244140625,-0.013774170810824216,-0.013774170810824216,0.0
VPU,2024-04-17,138.83999633789062,0.0,136.0399932861328,0.020582205159835443,0.020582205159835443,0.0
VPU,2024-04-18,139.52000427246094,0.0,138.83999633789062,0.004897781277056534,0.004897781277056534,0.0
VPU,2024-04-19,141.6199951171875,0.0,139.52000427246094,0.015051539423877935,0.015051539423877935,0.0
VPU,2024-04-22,143.08999633789062,0.0,141.6199951171875,0.01037989882351531,0.01037989882351531,0.0
VPU,2024-04-23,143.77000427246094,0.0,143.08999633789062,0.004752309399495447,0.004752309399495447,0.0
VPU,2024-04-24,144.69000244140625,0.0,143.77000427246094,0.006399096762922829,0.006399096762922829,0.0
VPU,2024-04-25,145.17999267578125,0.0,144.69000244140625,0.003386483005786367,0.003386483005786367,0.0
VPU,2024-04-26,143.52999877929688,0.0,145.17999267578125,-0.011365160350773507,-0.011365160350773507,0.0
VPU,2024-04-29,145.67999267578125,0.0,143.52999877929688,0.014979404408623775,0.014979404408623775,0.0
VPU,2024-04-30,144.83999633789062,0.0,145.67999267578125,-0.005766037754821207,-0.005766037754821207,0.0
VPU,2024-05-01,146.50999450683594,0.0,144.83999633789062,0.011529951747923706,0.011529951747923706,0.0
VPU,2024-05-02,147.55999755859375,0.0,146.50999450683594,0.0071667673955773115,0.0071667673955773115,0.0
VPU,2024-05-03,148.67999267578125,0.0,147.55999755859375,0.007590099862550881,0.007590099862550881,0.0
VPU,2024-05-06,149.50999450683594,0.0,148.67999267578125,0.005582471562697977,0.005582471562697977,0.0
VPU,2024-05-07,151.0399932861328,0.0,149.50999450683594,0.01023342141335526,0.01023342141335526,0.0
VPU,2024-05-08,152.38999938964844,0.0,151.0399932861328,0.008938070468251125,0.008938070468251125,0.0
VPU,2024-05-09,154.88999938964844,0.0,152.38999938964844,0.016405276002447566,0.016405276002447566,0.0
VPU,2024-05-10,154.58999633789062,0.0,154.88999938964844,-0.0019368781260248324,-0.0019368781260248324,0.0
VPU,2024-05-13,154.72999572753906,0.0,154.58999633789062,0.0009056173941710544,0.0009056173941710544,0.0
VPU,2024-05-14,155.02000427246094,0.0,154.72999572753906,0.0018742878105713068,0.0018742878105713068,0.0
VPU,2024-05-15,157.22999572753906,0.0,155.02000427246094,0.014256169488899406,0.014256169488899406,0.0
VPU,2024-05-16,156.75,0.0,157.22999572753906,-0.0030528254186995563,-0.0030528254186995563,0.0
VPU,2024-05-17,156.88999938964844,0.0,156.75,0.0008931380519836551,0.0008931380519836551,0.0
VPU,2024-05-20,156.6199951171875,0.0,156.88999938964844,-0.0017209782236684568,-0.0017209782236684568,0.0
VPU,2024-05-21,157.94000244140625,0.0,156.6199951171875,0.008428089422624963,0.008428089422624963,0.0
VPU,2024-05-22,156.10000610351562,0.0,157.94000244140625,-0.01164997030168613,-0.01164997030168613,0.0
VPU,2024-05-23,153.36000061035156,0.0,156.10000610351562,-0.0175528852404212,-0.0175528852404212,0.0
VPU,2024-05-24,154.83999633789062,0.0,153.36000061035156,0.009650467668550267,0.009650467668550267,0.0
VPU,2024-05-28,154.5800018310547,0.0,154.83999633789062,-0.0016791172370514973,-0.0016791172370514973,0.0
VPU,2024-05-29,152.66000366210938,0.0,154.5800018310547,-0.012420741015669923,-0.012420741015669923,0.0
VPU,2024-05-30,154.57000732421875,0.0,152.66000366210938,0.012511487071210192,0.012511487071210192,0.0
VPU,2024-05-31,157.42999267578125,0.0,154.57000732421875,0.01850284800442248,0.01850284800442248,0.0
VPU,2024-06-03,155.88999938964844,0.0,157.42999267578125,-0.009782083197477753,-0.009782083197477753,0.0
VPU,2024-06-04,156.0,0.0,155.88999938964844,0.0007056296797884887,0.0007056296797884887,0.0
VPU,2024-06-05,154.99000549316406,0.0,156.0,-0.006474323761768819,-0.006474323761768819,0.0
VPU,2024-06-06,153.16000366210938,0.0,154.99000549316406,-0.011807224764150415,-0.011807224764150415,0.0
VPU,2024-06-07,151.5,0.0,153.16000366210938,-0.010838362643105892,-0.010838362643105892,0.0
VPU,2024-06-10,153.42999267578125,0.0,151.5,0.012739225582714564,0.012739225582714564,0.0
VPU,2024-06-11,152.49000549316406,0.0,153.42999267578125,-0.006126489131779489,-0.006126489131779489,0.0
VPU,2024-06-12,151.50999450683594,0.0,152.49000549316406,-0.006426722742639446,-0.006426722742639446,0.0
VPU,2024-06-13,151.7100067138672,0.0,151.50999450683594,0.0013201254985342192,0.0013201254985342192,0.0
VPU,2024-06-14,151.49000549316406,0.0,151.7100067138672,-0.0014501431083452365,-0.0014501431083452365,0.0
VPU,2024-06-17,149.8699951171875,0.0,151.49000549316406,-0.010693843271724401,-0.010693843271724401,0.0
VPU,2024-06-18,149.8800048828125,0.0,149.8699951171875,6.678965737716425e-05,6.678965737716425e-05,0.0
VPU,2024-06-20,151.1199951171875,0.0,149.8800048828125,0.008273219869084691,0.008273219869084691,0.0
VPU,2024-06-21,150.33999633789062,0.0,151.1199951171875,-0.005161453179587605,-0.005161453179587605,0.0
VPU,2024-06-24,152.22000122070312,0.0,150.33999633789062,0.012505021475370803,0.012505021475370803,0.0
VPU,2024-06-25,150.8300018310547,0.0,152.22000122070312,-0.009131516085281621,-0.009131516085281621,0.0
VPU,2024-06-26,150.30999755859375,0.0,150.8300018310547,-0.003447618286469223,-0.003447618286469223,0.0
VPU,2024-06-27,150.52000427246094,0.0,150.30999755859375,0.001397157323386411,0.001397157323386411,0.0
VPU,2024-06-28,147.9199981689453,1.245,150.52000427246094,-0.01727349209218243,-0.009002166257335964,0.008271325834846422
VPU,2024-07-01,146.63999938964844,0.0,147.9199981689453,-0.008653317976890063,-0.008653317976890063,0.0
VPU,2024-07-02,147.39999389648438,0.0,146.63999938964844,0.005182723063278827,0.005182723063278827,0.0
VPU,2024-07-03,148.3300018310547,0.0,147.39999389648438,0.006309416370962939,0.006309416370962939,0.0
VPU,2024-07-05,148.35000610351562,0.0,148.3300018310547,0.00013486329275269604,0.00013486329275269604,0.0
VPU,2024-07-08,148.47999572753906,0.0,148.35000610351562,0.0008762360544343206,0.0008762360544343206,0.0
VPU,2024-07-09,148.8699951171875,0.0,148.47999572753906,0.002626612344225121,0.002626612344225121,0.0
VPU,2024-07-10,150.3300018310547,0.0,148.8699951171875,0.009807259768618293,0.009807259768618293,0.0
VPU,2024-07-11,153.24000549316406,0.0,150.3300018310547,0.019357437814573553,0.019357437814573553,0.0
VPU,2024-07-12,154.6199951171875,0.0,153.24000549316406,0.009005413564051379,0.009005413564051379,0.0
VPU,2024-07-15,151.0500030517578,0.0,154.6199951171875,-0.023088812431561467,-0.023088812431561467,0.0
VPU,2024-07-16,152.41000366210938,0.0,151.0500030517578,0.00900364503723683,0.00900364503723683,0.0
VPU,2024-07-17,152.52999877929688,0.0,152.41000366210938,0.0007873178551556226,0.0007873178551556226,0.0
VPU,2024-07-18,152.50999450683594,0.0,152.52999877929688,-0.00013114975821826302,-0.00013114975821826302,0.0
VPU,2024-07-19,152.60000610351562,0.0,152.50999450683594,0.0005902012977625493,0.0005902012977625493,0.0
VPU,2024-07-22,153.77999877929688,0.0,152.60000610351562,0.007732586032668909,0.007732586032668909,0.0
VPU,2024-07-23,152.99000549316406,0.0,153.77999877929688,-0.005137165381738584,-0.005137165381738584,0.0
VPU,2024-07-24,154.66000366210938,0.0,152.99000549316406,0.010915733766804436,0.010915733766804436,0.0
VPU,2024-07-25,153.5,0.0,154.66000366210938,-0.007500346790652257,-0.007500346790652257,0.0
VPU,2024-07-26,154.9199981689453,0.0,153.5,0.009250802403552472,0.009250802403552472,0.0
VPU,2024-07-29,155.52000427246094,0.0,154.9199981689453,0.0038730061361174073,0.0038730061361174073,0.0
VPU,2024-07-30,156.3800048828125,0.0,155.52000427246094,0.005529839163615824,0.005529839163615824,0.0
VPU,2024-07-31,158.02000427246094,0.0,156.3800048828125,0.010487270357085743,0.010487270357085743,0.0
VPU,2024-08-01,160.9600067138672,0.0,158.02000427246094,0.018605254790001524,0.018605254790001524,0.0
VPU,2024-08-02,161.0800018310547,0.0,160.9600067138672,0.0007454964723057067,0.0007454964723057067,0.0
VPU,2024-08-05,156.8800048828125,0.0,161.0800018310547,-0.026073981254651768,-0.026073981254651768,0.0
