k,direction,coef,t_stat,p_value,r_squared,n_obs,n_days,x_etf,y_etf,bar_freq
-10,y_leads_x,4.993266666428007e-07,0.9958512996304257,0.3193224006505244,0.4074043694040982,66632,19,VAW,VIS,5s
-9,y_leads_x,-3.100185300473055e-08,-0.10286277271998799,0.918071883991714,0.4074043694040982,66632,19,VAW,VIS,5s
-8,y_leads_x,-3.099823545464263e-07,-0.7824543881067484,0.4339475810698148,0.4074043694040982,66632,19,VAW,VIS,5s
-7,y_leads_x,-1.2226331812327584e-06,-2.7722690388836337,0.0055667006951036265,0.4074043694040982,66632,19,VAW,VIS,5s
-6,y_leads_x,4.653998120552024e-07,0.7396324265275227,0.45952306036573687,0.4074043694040982,66632,19,VAW,VIS,5s
-5,y_leads_x,7.287252194038584e-07,1.7672809458708414,0.07718118925903099,0.4074043694040982,66632,19,VAW,VIS,5s
-4,y_leads_x,7.514570691247084e-07,1.1820919903113583,0.23716920219844717,0.4074043694040982,66632,19,VAW,VIS,5s
-3,y_leads_x,4.784653383234976e-07,0.6751175697387285,0.4996010718117536,0.4074043694040982,66632,19,VAW,VIS,5s
-2,y_leads_x,2.5639756125144645e-06,3.0652103051785007,0.0021751698705693235,0.4074043694040982,66632,19,VAW,VIS,5s
-1,y_leads_x,1.2806999749639134e-05,7.218067315113522,5.273161411017672e-13,0.4074043694040982,66632,19,VAW,VIS,5s
0,contemporaneous,6.502779199700766e-05,19.470029806612573,1.9715676680136358e-84,0.4074043694040982,66632,19,VAW,VIS,5s
1,x_leads_y,8.288751385504854e-06,5.427129615892648,5.726754172181198e-08,0.4074043694040982,66632,19,VAW,VIS,5s
2,x_leads_y,1.6582595960004416e-06,1.8455513362616445,0.06495737798729767,0.4074043694040982,66632,19,VAW,VIS,5s
3,x_leads_y,1.0165021622958495e-06,1.2013443891237252,0.22961763829560122,0.4074043694040982,66632,19,VAW,VIS,5s
4,x_leads_y,-5.277090139593122e-07,-0.9298163034115976,0.35246620356119374,0.4074043694040982,66632,19,VAW,VIS,5s
5,x_leads_y,7.840093191694942e-07,1.551905977575685,0.12068472242939358,0.4074043694040982,66632,19,VAW,VIS,5s
6,x_leads_y,-1.1550652034472413e-07,-0.1300923526044088,0.8964933604418323,0.4074043694040982,66632,19,VAW,VIS,5s
7,x_leads_y,-1.5773992429267863e-07,-0.278848657003806,0.7803609719254196,0.4074043694040982,66632,19,VAW,VIS,5s
8,x_leads_y,-4.870470955856917e-07,-1.2134721200243905,0.22494936739220517,0.4074043694040982,66632,19,VAW,VIS,5s
9,x_leads_y,1.1364918241841526e-06,2.256329955740421,0.02404997469497208,0.4074043694040982,66632,19,VAW,VIS,5s
10,x_leads_y,-8.400854795580752e-07,-1.7916263279309044,0.07319284286592442,0.4074043694040982,66632,19,VAW,VIS,5s
-10,y_leads_x,-4.408133621320421e-08,-0.06628197697880446,0.9471533319544696,0.3260411267942167,66632,19,VAW,VCR,5s
-9,y_leads_x,-2.2921844998964282e-07,-0.30892248404074046,0.7573804929954102,0.3260411267942167,66632,19,VAW,VCR,5s
-8,y_leads_x,-1.0090896173412553e-07,-0.16686000084766042,0.8674802065395533,0.3260411267942167,66632,19,VAW,VCR,5s
-7,y_leads_x,-1.0113317774567675e-06,-1.3190986770409434,0.1871361254082673,0.3260411267942167,66632,19,VAW,VCR,5s
-6,y_leads_x,3.0604493847409596e-07,0.7451769471684709,0.4561647570492824,0.3260411267942167,66632,19,VAW,VCR,5s
-5,y_leads_x,7.399285567382447e-07,1.1582734196206859,0.2467524749132921,0.3260411267942167,66632,19,VAW,VCR,5s
-4,y_leads_x,-4.605744763938963e-07,-0.6307536130133076,0.528201637969733,0.3260411267942167,66632,19,VAW,VCR,5s
-3,y_leads_x,-5.963463986385267e-07,-0.6062133487995573,0.5443730897358199,0.3260411267942167,66632,19,VAW,VCR,5s
-2,y_leads_x,1.4166769890431752e-06,2.398227334812492,0.016474636946779447,0.3260411267942167,66632,19,VAW,VCR,5s
-1,y_leads_x,1.0942434833751503e-05,8.756328672160096,2.017129631495527e-18,0.3260411267942167,66632,19,VAW,VCR,5s
0,contemporaneous,6.099801756271852e-05,8.660829086093692,4.683453031989739e-18,0.3260411267942167,66632,19,VAW,VCR,5s
1,x_leads_y,3.187154981173636e-06,1.591985689405986,0.11138792006897717,0.3260411267942167,66632,19,VAW,VCR,5s
2,x_leads_y,-3.8391969550615493e-07,-0.377082203628527,0.7061125161407595,0.3260411267942167,66632,19,VAW,VCR,5s
3,x_leads_y,-3.4050271487064564e-07,-0.5201241424974049,0.6029770524251595,0.3260411267942167,66632,19,VAW,VCR,5s
4,x_leads_y,-5.852150762533973e-07,-1.1870004151895042,0.23522745673804313,0.3260411267942167,66632,19,VAW,VCR,5s
5,x_leads_y,-3.8856605150117294e-07,-0.908733210919508,0.36349096908825784,0.3260411267942167,66632,19,VAW,VCR,5s
6,x_leads_y,7.28518088454673e-07,1.3382031978663516,0.1808302069624822,0.3260411267942167,66632,19,VAW,VCR,5s
7,x_leads_y,-8.553531428493769e-07,-1.2207248815170084,0.22219020372715081,0.3260411267942167,66632,19,VAW,VCR,5s
8,x_leads_y,-5.452599780660039e-07,-0.7802783871458202,0.43522703148841013,0.3260411267942167,66632,19,VAW,VCR,5s
9,x_leads_y,5.474268556274625e-07,0.7603996053250561,0.447015759139364,0.3260411267942167,66632,19,VAW,VCR,5s
10,x_leads_y,4.813756144938211e-09,0.007571873226843349,0.9939585769850839,0.3260411267942167,66632,19,VAW,VCR,5s
-10,y_leads_x,1.7063846051421229e-07,0.33112557728849307,0.7405496325093056,0.35369863348926545,76970,19,VIS,VCR,5s
-9,y_leads_x,-2.2115427624082628e-07,-0.42463129907903063,0.6711054727698103,0.35369863348926545,76970,19,VIS,VCR,5s
-8,y_leads_x,-3.564321012250846e-07,-0.7342333811650364,0.4628065119888568,0.35369863348926545,76970,19,VIS,VCR,5s
-7,y_leads_x,-6.748146724367733e-07,-1.3540663163306765,0.1757152213274834,0.35369863348926545,76970,19,VIS,VCR,5s
-6,y_leads_x,7.82620461335312e-07,1.8091665499903615,0.07042513260390626,0.35369863348926545,76970,19,VIS,VCR,5s
-5,y_leads_x,1.1616626286366293e-06,1.5525469505388283,0.12053140776331005,0.35369863348926545,76970,19,VIS,VCR,5s
-4,y_leads_x,5.3546903416075145e-08,0.11544213802222553,0.9080946808931966,0.35369863348926545,76970,19,VIS,VCR,5s
-3,y_leads_x,2.3715504037604276e-07,0.4573783143134485,0.6473991485767447,0.35369863348926545,76970,19,VIS,VCR,5s
-2,y_leads_x,2.1998671860897204e-06,3.3173398986537164,0.0009087898353941295,0.35369863348926545,76970,19,VIS,VCR,5s
-1,y_leads_x,1.0529513274465724e-05,6.664703203385958,2.6520073889994756e-11,0.35369863348926545,76970,19,VIS,VCR,5s
0,contemporaneous,5.929555610187724e-05,11.069074008879612,1.7722235482683464e-28,0.35369863348926545,76970,19,VIS,VCR,5s
1,x_leads_y,9.952080810580066e-06,5.073344102857648,3.9088472732030526e-07,0.35369863348926545,76970,19,VIS,VCR,5s
2,x_leads_y,6.759679510608849e-07,0.534973369571429,0.5926682721413143,0.35369863348926545,76970,19,VIS,VCR,5s
3,x_leads_y,4.675524044201422e-07,1.3616404502065789,0.17331138299741122,0.35369863348926545,76970,19,VIS,VCR,5s
4,x_leads_y,-1.785974766535254e-07,-0.2893980781482623,0.7722767655249123,0.35369863348926545,76970,19,VIS,VCR,5s
5,x_leads_y,6.422647962115197e-07,1.716221551626365,0.08612150010856033,0.35369863348926545,76970,19,VIS,VCR,5s
6,x_leads_y,3.421466135360463e-07,0.6917650684506755,0.4890848767796242,0.35369863348926545,76970,19,VIS,VCR,5s
7,x_leads_y,-6.89873635314142e-07,-1.576628374673219,0.11488105987810998,0.35369863348926545,76970,19,VIS,VCR,5s
8,x_leads_y,-1.4931779174161882e-07,-0.25083726850492366,0.8019399263983295,0.35369863348926545,76970,19,VIS,VCR,5s
9,x_leads_y,1.3736905928560595e-08,0.025974299122026232,0.9792778378625971,0.35369863348926545,76970,19,VIS,VCR,5s
10,x_leads_y,1.6463551290951263e-07,0.222883072412587,0.8236265112816813,0.35369863348926545,76970,19,VIS,VCR,5s
-10,y_leads_x,3.848673643026894e-07,0.4926957012540215,0.6222276155185273,0.21192089345042275,60260,15,VIS,VGT,5s
-9,y_leads_x,-2.900218754695036e-07,-0.3995470538817711,0.6894901600525363,0.21192089345042275,60260,15,VIS,VGT,5s
-8,y_leads_x,-9.42153439228973e-07,-0.9597214343367594,0.3371954326253046,0.21192089345042275,60260,15,VIS,VGT,5s
-7,y_leads_x,-1.088532791517951e-06,-1.0599548823856262,0.2891651255929574,0.21192089345042275,60260,15,VIS,VGT,5s
-6,y_leads_x,1.269124615249225e-06,0.9430431337851802,0.3456588406206791,0.21192089345042275,60260,15,VIS,VGT,5s
-5,y_leads_x,1.2665050559462276e-07,0.09895330798836728,0.9211753429052981,0.21192089345042275,60260,15,VIS,VGT,5s
-4,y_leads_x,-1.9716792863558993e-06,-1.6261268318984143,0.10392267713429718,0.21192089345042275,60260,15,VIS,VGT,5s
-3,y_leads_x,3.844697621131309e-08,0.04398681906652226,0.9649149105598678,0.21192089345042275,60260,15,VIS,VGT,5s
-2,y_leads_x,2.8053549022504324e-06,5.1381452533280445,2.7746338372449596e-07,0.21192089345042275,60260,15,VIS,VGT,5s
-1,y_leads_x,1.5654830443787832e-05,5.555411912617616,2.7695785780123885e-08,0.21192089345042275,60260,15,VIS,VGT,5s
0,contemporaneous,7.521884180635738e-05,10.452581362261089,1.425904298525661e-25,0.21192089345042275,60260,15,VIS,VGT,5s
1,x_leads_y,-8.356188890787271e-06,-3.2849470549656092,0.0010200153707475303,0.21192089345042275,60260,15,VIS,VGT,5s
2,x_leads_y,-4.426220590339136e-06,-3.6145711739001323,0.00030084516273153186,0.21192089345042275,60260,15,VIS,VGT,5s
3,x_leads_y,-2.195770631719417e-06,-2.5019411516679235,0.012351445367526468,0.21192089345042275,60260,15,VIS,VGT,5s
4,x_leads_y,-1.454645613123055e-06,-1.6626503203831506,0.09638245208648379,0.21192089345042275,60260,15,VIS,VGT,5s
5,x_leads_y,2.2530723842537908e-07,0.2971382248522779,0.7663609822947544,0.21192089345042275,60260,15,VIS,VGT,5s
6,x_leads_y,-6.312787758282343e-07,-0.7809181332405455,0.4348506462498818,0.21192089345042275,60260,15,VIS,VGT,5s
7,x_leads_y,1.8007685637198e-07,0.19956759914247524,0.841818770126774,0.21192089345042275,60260,15,VIS,VGT,5s
8,x_leads_y,-9.304084586276658e-07,-0.8657671552116423,0.3866178643150794,0.21192089345042275,60260,15,VIS,VGT,5s
9,x_leads_y,-4.703216891890153e-07,-0.48052671386537466,0.6308529125656175,0.21192089345042275,60260,15,VIS,VGT,5s
10,x_leads_y,6.84804454613313e-07,0.84216522657733,0.3996954750791769,0.21192089345042275,60260,15,VIS,VGT,5s
-10,y_leads_x,5.536748422104107e-07,1.554010433280446,0.12018192797154904,0.4313585618151503,60260,15,VIS,VAW,5s
-9,y_leads_x,9.057386336736449e-07,3.4331490912134175,0.0005966139312410116,0.4313585618151503,60260,15,VIS,VAW,5s
-8,y_leads_x,-4.2098893933265533e-07,-0.4934235710725395,0.6217133308511511,0.4313585618151503,60260,15,VIS,VAW,5s
-7,y_leads_x,5.892954508041117e-08,0.1538287281583234,0.8777447816365207,0.4313585618151503,60260,15,VIS,VAW,5s
-6,y_leads_x,1.0666053580193624e-06,2.933282810093068,0.0033539822531074067,0.4313585618151503,60260,15,VIS,VAW,5s
-5,y_leads_x,9.173741022947878e-07,2.6711414246869762,0.007559378998483819,0.4313585618151503,60260,15,VIS,VAW,5s
-4,y_leads_x,1.2765312639288633e-06,2.353959700117607,0.018574624730798052,0.4313585618151503,60260,15,VIS,VAW,5s
-3,y_leads_x,2.153609878836266e-06,5.026565207177451,4.993427428407394e-07,0.4313585618151503,60260,15,VIS,VAW,5s
-2,y_leads_x,3.377929666055495e-06,7.955265891934927,1.7874720989123066e-15,0.4313585618151503,60260,15,VIS,VAW,5s
-1,y_leads_x,1.0199374275325405e-05,11.752540181758773,6.852739383480088e-32,0.4313585618151503,60260,15,VIS,VAW,5s
0,contemporaneous,5.231298756723571e-05,9.722852948830061,2.4093447178078427e-22,0.4313585618151503,60260,15,VIS,VAW,5s
1,x_leads_y,1.6402128572836348e-05,11.816771780111171,3.19736343789188e-32,0.4313585618151503,60260,15,VIS,VAW,5s
2,x_leads_y,5.163587303653353e-06,3.2932025744473465,0.0009905307958138546,0.4313585618151503,60260,15,VIS,VAW,5s
3,x_leads_y,2.9538598339005765e-06,2.7024187661756045,0.0068837002987051366,0.4313585618151503,60260,15,VIS,VAW,5s
4,x_leads_y,2.2959980042209812e-06,5.801230165773836,6.583016490922037e-09,0.4313585618151503,60260,15,VIS,VAW,5s
5,x_leads_y,1.377115405287232e-06,2.5085087790231935,0.012124195538786282,0.4313585618151503,60260,15,VIS,VAW,5s
6,x_leads_y,9.090420937117622e-07,1.3098565071069097,0.19024438286918,0.4313585618151503,60260,15,VIS,VAW,5s
7,x_leads_y,3.725504837986308e-07,0.6647752564269053,0.506194251019578,0.4313585618151503,60260,15,VIS,VAW,5s
8,x_leads_y,-4.0933925277681765e-07,-0.5881152520823966,0.5564549363319946,0.4313585618151503,60260,15,VIS,VAW,5s
9,x_leads_y,7.685800993262324e-07,1.1999623895059648,0.23015394763996633,0.4313585618151503,60260,15,VIS,VAW,5s
10,x_leads_y,3.511718876974694e-07,0.8716683100671285,0.3833893530838338,0.4313585618151503,60260,15,VIS,VAW,5s
-10,y_leads_x,5.830682669722265e-07,1.0472927675762373,0.29496457074783344,0.36662747205309976,60260,15,VIS,VCR,5s
-9,y_leads_x,-1.1625046996158789e-07,-0.17855986272801608,0.8582833127980397,0.36662747205309976,60260,15,VIS,VCR,5s
-8,y_leads_x,-6.514893901431225e-07,-1.2156874897265664,0.22410399158536687,0.36662747205309976,60260,15,VIS,VCR,5s
-7,y_leads_x,-9.368442782787813e-07,-1.5711861465106902,0.11613941700614054,0.36662747205309976,60260,15,VIS,VCR,5s
-6,y_leads_x,7.520309143384364e-07,1.4414742977043546,0.14945073346038015,0.36662747205309976,60260,15,VIS,VCR,5s
-5,y_leads_x,1.7018086724909906e-06,2.234020384365531,0.025481731845736776,0.36662747205309976,60260,15,VIS,VCR,5s
-4,y_leads_x,-1.0523321954587194e-07,-0.1844103150917576,0.8536915783191121,0.36662747205309976,60260,15,VIS,VCR,5s
-3,y_leads_x,2.0430471712653768e-07,0.38385112666574617,0.7010887917529881,0.36662747205309976,60260,15,VIS,VCR,5s
-2,y_leads_x,2.20128424427181e-06,2.926723450866097,0.0034255333095462234,0.36662747205309976,60260,15,VIS,VCR,5s
-1,y_leads_x,1.07807778680397e-05,5.970360912080168,2.367293225899838e-09,0.36662747205309976,60260,15,VIS,VCR,5s
0,contemporaneous,6.101949022630441e-05,9.15397023914628,5.487869336198649e-20,0.36662747205309976,60260,15,VIS,VCR,5s
1,x_leads_y,9.153160080667726e-06,3.5605773795260944,0.000370040243617641,0.36662747205309976,60260,15,VIS,VCR,5s
2,x_leads_y,7.334884406644974e-07,0.46023908812117276,0.645344617128238,0.36662747205309976,60260,15,VIS,VCR,5s
3,x_leads_y,4.989882934267646e-07,1.1618834276018508,0.2452828196715695,0.36662747205309976,60260,15,VIS,VCR,5s
4,x_leads_y,-3.949104142370079e-07,-0.6248967884787398,0.5320388002677509,0.36662747205309976,60260,15,VIS,VCR,5s
5,x_leads_y,8.518048867546705e-07,1.8664301951469244,0.06198120185440886,0.36662747205309976,60260,15,VIS,VCR,5s
6,x_leads_y,6.449202229792716e-08,0.10427269135655524,0.9169529488955367,0.36662747205309976,60260,15,VIS,VCR,5s
7,x_leads_y,-7.509707335062006e-07,-1.5276957838236276,0.12658808742244457,0.36662747205309976,60260,15,VIS,VCR,5s
8,x_leads_y,3.3892629004554927e-07,0.47480553762862904,0.6349255856074361,0.36662747205309976,60260,15,VIS,VCR,5s
9,x_leads_y,-3.262531984600394e-07,-0.5200596962882174,0.603021968320774,0.36662747205309976,60260,15,VIS,VCR,5s
10,x_leads_y,4.296033466945465e-07,0.5504260561203274,0.5820271811650014,0.36662747205309976,60260,15,VIS,VCR,5s
-10,y_leads_x,3.547860128110188e-07,0.6842267016757093,0.4938320236649558,0.22708207992811802,60260,15,VIS,VOX,5s
-9,y_leads_x,3.618007429522942e-07,0.7810332964563212,0.43478291162443594,0.22708207992811802,60260,15,VIS,VOX,5s
-8,y_leads_x,-7.329392307550225e-07,-1.2058379655753175,0.2278799735953071,0.22708207992811802,60260,15,VIS,VOX,5s
-7,y_leads_x,-8.740882371248484e-07,-1.71685185367642,0.08600624376722195,0.22708207992811802,60260,15,VIS,VOX,5s
-6,y_leads_x,1.0271002391595302e-06,1.4290754577545222,0.15298254656210802,0.22708207992811802,60260,15,VIS,VOX,5s
-5,y_leads_x,1.5774460344154991e-06,2.073312897273488,0.03814316918692004,0.22708207992811802,60260,15,VIS,VOX,5s
-4,y_leads_x,-1.261241721737383e-06,-2.066902635859559,0.03874332932776257,0.22708207992811802,60260,15,VIS,VOX,5s
-3,y_leads_x,-2.806162123427695e-07,-0.43351749835965486,0.6646388565668069,0.22708207992811802,60260,15,VIS,VOX,5s
-2,y_leads_x,1.1301867452357783e-06,1.8195106200934776,0.06883356406406545,0.22708207992811802,60260,15,VIS,VOX,5s
-1,y_leads_x,1.086503563164283e-05,5.741639274384792,9.376439437491192e-09,0.22708207992811802,60260,15,VIS,VOX,5s
0,contemporaneous,5.349636413327035e-05,10.204649080925943,1.8900313484111224e-24,0.22708207992811802,60260,15,VIS,VOX,5s
1,x_leads_y,-4.108389109565821e-06,-2.055508919623571,0.039829875032374173,0.22708207992811802,60260,15,VIS,VOX,5s
2,x_leads_y,-3.8099618059469686e-06,-5.501629068615489,3.762979882152758e-08,0.22708207992811802,60260,15,VIS,VOX,5s
3,x_leads_y,-2.187364588413936e-06,-2.423775758603437,0.01536008673090427,0.22708207992811802,60260,15,VIS,VOX,5s
4,x_leads_y,-1.3008696528362042e-06,-1.4743969056160817,0.1403747571238171,0.22708207992811802,60260,15,VIS,VOX,5s
5,x_leads_y,2.27733896716034e-07,0.3995272394153677,0.6895047569058484,0.22708207992811802,60260,15,VIS,VOX,5s
6,x_leads_y,-5.620063474461724e-07,-0.8219286073351159,0.41111753033494725,0.22708207992811802,60260,15,VIS,VOX,5s
7,x_leads_y,-9.001460020032351e-08,-0.150834292935137,0.8801064338827677,0.22708207992811802,60260,15,VIS,VOX,5s
8,x_leads_y,-9.98791139943974e-07,-1.3156291445631045,0.1882985465623812,0.22708207992811802,60260,15,VIS,VOX,5s
9,x_leads_y,-7.451585772984553e-08,-0.1060624501078266,0.9155328035230839,0.22708207992811802,60260,15,VIS,VOX,5s
10,x_leads_y,4.872769832525615e-07,1.1161732684178816,0.2643479745336156,0.22708207992811802,60260,15,VIS,VOX,5s
-10,y_leads_x,3.3225627036167614e-07,0.5611131308719335,0.574720417256211,0.15212366103689245,69802,15,VGT,VAW,5s
-9,y_leads_x,8.871034896432976e-07,3.211758224214782,0.0013192535042243687,0.15212366103689245,69802,15,VGT,VAW,5s
-8,y_leads_x,1.8872868639210002e-07,0.30296679744211774,0.7619151649299583,0.15212366103689245,69802,15,VGT,VAW,5s
-7,y_leads_x,-4.314577315640138e-08,-0.10013126885037617,0.9202401111211251,0.15212366103689245,69802,15,VGT,VAW,5s
-6,y_leads_x,7.933763955706839e-07,1.6269216632189811,0.10375373638738154,0.15212366103689245,69802,15,VGT,VAW,5s
-5,y_leads_x,1.608199420577709e-07,0.42537238658288234,0.6705652324633179,0.15212366103689245,69802,15,VGT,VAW,5s
-4,y_leads_x,2.1544360661826765e-07,0.5257380075605421,0.5990702522065179,0.15212366103689245,69802,15,VGT,VAW,5s
-3,y_leads_x,7.579089344023866e-07,1.1396185887689472,0.2544452375339936,0.15212366103689245,69802,15,VGT,VAW,5s
-2,y_leads_x,6.913452596163556e-07,2.089183835644934,0.036691177933454264,0.15212366103689245,69802,15,VGT,VAW,5s
-1,y_leads_x,2.0672188431418633e-06,4.332116250270989,1.4768292458700359e-05,0.15212366103689245,69802,15,VGT,VAW,5s
0,contemporaneous,3.076775412028967e-05,4.981833300491852,6.298468372341734e-07,0.15212366103689245,69802,15,VGT,VAW,5s
1,x_leads_y,1.5009570705027237e-05,5.809777231288955,6.255602486021531e-09,0.15212366103689245,69802,15,VGT,VAW,5s
2,x_leads_y,7.104592106676476e-06,6.040059164253023,1.5405772837103308e-09,0.15212366103689245,69802,15,VGT,VAW,5s
3,x_leads_y,3.535415203567355e-06,5.971623754962255,2.349037705927821e-09,0.15212366103689245,69802,15,VGT,VAW,5s
4,x_leads_y,1.7104708697598106e-06,2.3580202142635067,0.018372692466494187,0.15212366103689245,69802,15,VGT,VAW,5s
5,x_leads_y,8.970736754893904e-07,1.5185918126469347,0.12886527326733455,0.15212366103689245,69802,15,VGT,VAW,5s
6,x_leads_y,2.730895274756584e-07,0.36916377605950207,0.7120056543729334,0.15212366103689245,69802,15,VGT,VAW,5s
7,x_leads_y,-3.0908243301063285e-07,-0.7752850102572846,0.4381712648470406,0.15212366103689245,69802,15,VGT,VAW,5s
8,x_leads_y,-4.038582164690858e-07,-0.747835362909312,0.45455946908667566,0.15212366103689245,69802,15,VGT,VAW,5s
9,x_leads_y,1.4139443187836563e-07,0.3681997204305641,0.7127243187787511,0.15212366103689245,69802,15,VGT,VAW,5s
10,x_leads_y,2.4056962567870506e-07,0.4664675952978704,0.6408808372925071,0.15212366103689245,69802,15,VGT,VAW,5s
-10,y_leads_x,3.7073063279568666e-07,0.842984337962025,0.3992372032219076,0.48019894563258114,69802,15,VGT,VCR,5s
-9,y_leads_x,-1.8727402734235238e-07,-0.8318975742583677,0.40546676118761893,0.48019894563258114,69802,15,VGT,VCR,5s
-8,y_leads_x,2.3946324345982964e-07,0.9188182278008767,0.3581906566962111,0.48019894563258114,69802,15,VGT,VCR,5s
-7,y_leads_x,-9.973459057095976e-08,-0.28772435430185567,0.7735577459537348,0.48019894563258114,69802,15,VGT,VCR,5s
-6,y_leads_x,6.281608905258837e-07,2.2579519706204727,0.02394865398413067,0.48019894563258114,69802,15,VGT,VCR,5s
-5,y_leads_x,6.515895237700216e-07,1.2845542509098924,0.19894809425160886,0.48019894563258114,69802,15,VGT,VCR,5s
-4,y_leads_x,-2.40341481393656e-07,-0.4940391051676653,0.6212785623724292,0.48019894563258114,69802,15,VGT,VCR,5s
-3,y_leads_x,7.401240773472351e-08,0.19009391831470637,0.8492355356741396,0.48019894563258114,69802,15,VGT,VCR,5s
-2,y_leads_x,6.667172358525055e-07,0.9679755142490498,0.33305659857404857,0.48019894563258114,69802,15,VGT,VCR,5s
-1,y_leads_x,2.431714229471672e-06,4.100990163326948,4.1138604938252545e-05,0.48019894563258114,69802,15,VGT,VCR,5s
0,contemporaneous,6.901886680063644e-05,11.67120279310494,1.7887616574043916e-31,0.48019894563258114,69802,15,VGT,VCR,5s
1,x_leads_y,1.9588361911088025e-05,16.616967152097686,5.252331675660039e-62,0.48019894563258114,69802,15,VGT,VCR,5s
2,x_leads_y,6.1483934444717675e-06,12.517986013763364,5.9526452896614887e-36,0.48019894563258114,69802,15,VGT,VCR,5s
3,x_leads_y,2.926767684644813e-06,7.152156123170918,8.542532925178088e-13,0.48019894563258114,69802,15,VGT,VCR,5s
4,x_leads_y,1.4793444126820217e-06,2.6844432011310784,0.007265072665056098,0.48019894563258114,69802,15,VGT,VCR,5s
5,x_leads_y,6.447156934820111e-07,1.687917071663298,0.09142714905702112,0.48019894563258114,69802,15,VGT,VCR,5s
6,x_leads_y,1.3362457767315496e-06,2.4721896308686113,0.013428826262615273,0.48019894563258114,69802,15,VGT,VCR,5s
7,x_leads_y,7.507851544820334e-09,0.012794274301835159,0.9897919245678379,0.48019894563258114,69802,15,VGT,VCR,5s
8,x_leads_y,-1.949101398018286e-08,-0.0442209057247773,0.9647283179933882,0.48019894563258114,69802,15,VGT,VCR,5s
9,x_leads_y,6.505786163023731e-08,0.16833859363150272,0.8663169137328051,0.48019894563258114,69802,15,VGT,VCR,5s
10,x_leads_y,1.2275909690503314e-06,3.5273999800180156,0.0004196622815399329,0.48019894563258114,69802,15,VGT,VCR,5s
-10,y_leads_x,-1.241627007837412e-07,-0.4557513249287345,0.6485688097911659,0.5100051541256936,69802,15,VGT,VOX,5s
-9,y_leads_x,4.9669297894389545e-08,0.12386924085547385,0.9014188075860503,0.5100051541256936,69802,15,VGT,VOX,5s
-8,y_leads_x,-1.792027163932963e-07,-0.4335214388509229,0.6646359944986783,0.5100051541256936,69802,15,VGT,VOX,5s
-7,y_leads_x,-6.947819614898698e-07,-1.6165960519091873,0.1059655046992691,0.5100051541256936,69802,15,VGT,VOX,5s
-6,y_leads_x,8.184782195117278e-07,1.9994805809978715,0.04555638090493004,0.5100051541256936,69802,15,VGT,VOX,5s
-5,y_leads_x,-6.033835359655601e-07,-1.2968007809082818,0.19469974194749196,0.5100051541256936,69802,15,VGT,VOX,5s
-4,y_leads_x,-3.004122346802582e-07,-1.0786141067401895,0.2807597900393147,0.5100051541256936,69802,15,VGT,VOX,5s
-3,y_leads_x,-7.88960830634534e-08,-0.26892078031991934,0.7879906454490486,0.5100051541256936,69802,15,VGT,VOX,5s
-2,y_leads_x,2.2840893175486322e-08,0.05033639894847976,0.9598543183553195,0.5100051541256936,69802,15,VGT,VOX,5s
-1,y_leads_x,3.2659660531519053e-06,9.240015015830034,2.4646264711172403e-20,0.5100051541256936,69802,15,VGT,VOX,5s
0,contemporaneous,8.006637411586425e-05,23.969155452547962,5.834613449788422e-127,0.5100051541256936,69802,15,VGT,VOX,5s
1,x_leads_y,8.634023478375381e-06,12.303971197754338,8.622812811441307e-35,0.5100051541256936,69802,15,VGT,VOX,5s
2,x_leads_y,2.3346925044391717e-07,0.4347760660367356,0.6637249791285369,0.5100051541256936,69802,15,VGT,VOX,5s
3,x_leads_y,2.4485903211262856e-07,0.7079607668141924,0.4789696216470942,0.5100051541256936,69802,15,VGT,VOX,5s
4,x_leads_y,-1.3537287293438136e-06,-3.367492305826808,0.0007585514306925371,0.5100051541256936,69802,15,VGT,VOX,5s
5,x_leads_y,-1.5943449508537726e-07,-0.4695989434306567,0.638641579691408,0.5100051541256936,69802,15,VGT,VOX,5s
6,x_leads_y,-1.822553550925547e-09,-0.0054390942320955565,0.9956602520851363,0.5100051541256936,69802,15,VGT,VOX,5s
7,x_leads_y,-4.0307414665467195e-07,-1.0173953883175406,0.3089653749828186,0.5100051541256936,69802,15,VGT,VOX,5s
8,x_leads_y,-1.0022265084899977e-06,-3.471030500884094,0.0005184651051475356,0.5100051541256936,69802,15,VGT,VOX,5s
9,x_leads_y,4.7392707481483827e-07,1.5355142884300295,0.12465755005805627,0.5100051541256936,69802,15,VGT,VOX,5s
10,x_leads_y,-8.355965595661649e-08,-0.19674381331719173,0.8440280220502332,0.5100051541256936,69802,15,VGT,VOX,5s
-10,y_leads_x,-8.135475521107104e-08,-0.1019132636780095,0.9188255218888577,0.34519551735901965,51468,15,VAW,VCR,5s
-9,y_leads_x,-7.379333237788693e-07,-0.8752267757846321,0.38145052697599025,0.34519551735901965,51468,15,VAW,VCR,5s
-8,y_leads_x,-2.785677649740908e-07,-0.372466318490488,0.7095456848489952,0.34519551735901965,51468,15,VAW,VCR,5s
-7,y_leads_x,-8.571196200790097e-07,-0.8794978125517592,0.3791314186370923,0.34519551735901965,51468,15,VAW,VCR,5s
-6,y_leads_x,3.7867393299867234e-07,0.8757258852678057,0.3811790697122256,0.34519551735901965,51468,15,VAW,VCR,5s
-5,y_leads_x,7.964891348136161e-07,1.0693964832593539,0.2848910513037721,0.34519551735901965,51468,15,VAW,VCR,5s
-4,y_leads_x,-2.8577902325335805e-07,-0.3375297659069892,0.7357175773238334,0.34519551735901965,51468,15,VAW,VCR,5s
-3,y_leads_x,-1.061831049826472e-06,-0.9122992931511478,0.36161118633527034,0.34519551735901965,51468,15,VAW,VCR,5s
-2,y_leads_x,1.5957534819407889e-06,2.234282918094691,0.02546446356346152,0.34519551735901965,51468,15,VAW,VCR,5s
-1,y_leads_x,1.1361066644676757e-05,8.550082028660503,1.230010643543176e-17,0.34519551735901965,51468,15,VAW,VCR,5s
0,contemporaneous,6.419955542733791e-05,7.759893907769053,8.500046050133917e-15,0.34519551735901965,51468,15,VAW,VCR,5s
1,x_leads_y,3.0555045709532776e-06,1.2115748845534697,0.22567515337829203,0.34519551735901965,51468,15,VAW,VCR,5s
2,x_leads_y,-9.114213636200747e-07,-0.8106819207803968,0.4175483583498475,0.34519551735901965,51468,15,VAW,VCR,5s
3,x_leads_y,-5.836093624463202e-07,-0.7115846380356631,0.4767220225379192,0.34519551735901965,51468,15,VAW,VCR,5s
4,x_leads_y,-8.034534115376706e-07,-1.3229654516860505,0.18584686724136867,0.34519551735901965,51468,15,VAW,VCR,5s
5,x_leads_y,-6.579745164951877e-07,-1.6419425070120888,0.10060191954466971,0.34519551735901965,51468,15,VAW,VCR,5s
6,x_leads_y,6.372608551091959e-07,1.008979887726669,0.31298427985060406,0.34519551735901965,51468,15,VAW,VCR,5s
7,x_leads_y,-9.500235494813235e-07,-1.033847357226994,0.3012075284034176,0.34519551735901965,51468,15,VAW,VCR,5s
8,x_leads_y,-5.092120482349809e-07,-0.6008774031675455,0.5479216448210161,0.34519551735901965,51468,15,VAW,VCR,5s
9,x_leads_y,5.395493158235883e-07,0.653270625012122,0.5135818264666462,0.34519551735901965,51468,15,VAW,VCR,5s
10,x_leads_y,-1.5250527755831097e-09,-0.0020340109086759593,0.9983770952185099,0.34519551735901965,51468,15,VAW,VCR,5s
-10,y_leads_x,-1.7864985574805247e-09,-0.0032143544625265388,0.9974353206178128,0.19757222341799707,51468,15,VAW,VOX,5s
-9,y_leads_x,3.6532861886802594e-07,0.5735953374927023,0.5662416676104554,0.19757222341799707,51468,15,VAW,VOX,5s
-8,y_leads_x,-9.587301810387229e-07,-1.3980785398909366,0.16208948342529095,0.19757222341799707,51468,15,VAW,VOX,5s
-7,y_leads_x,-1.5273492737034297e-07,-0.15821463842234387,0.87428766924162,0.19757222341799707,51468,15,VAW,VOX,5s
-6,y_leads_x,9.126142987587692e-07,1.0706535482345803,0.28432523651988306,0.19757222341799707,51468,15,VAW,VOX,5s
-5,y_leads_x,-2.86732860964119e-07,-0.2113066297260747,0.8326480099503105,0.19757222341799707,51468,15,VAW,VOX,5s
-4,y_leads_x,-2.0104990178829545e-06,-2.9103805281490964,0.0036098894944657746,0.19757222341799707,51468,15,VAW,VOX,5s
-3,y_leads_x,-7.360149809419457e-07,-0.9727160856089789,0.3306944283677228,0.19757222341799707,51468,15,VAW,VOX,5s
-2,y_leads_x,1.7803225164570192e-06,2.008955665029901,0.04454183572848545,0.19757222341799707,51468,15,VAW,VOX,5s
-1,y_leads_x,1.2067942919793652e-05,6.596874270066916,4.199165775650704e-11,0.19757222341799707,51468,15,VAW,VOX,5s
0,contemporaneous,5.22080798976255e-05,7.287941334547615,3.147269516138393e-13,0.19757222341799707,51468,15,VAW,VOX,5s
1,x_leads_y,-8.088507931646227e-06,-3.361523462307483,0.0007751377097056123,0.19757222341799707,51468,15,VAW,VOX,5s
2,x_leads_y,-4.886598052148203e-06,-6.8342872867115325,8.2413721242115e-12,0.19757222341799707,51468,15,VAW,VOX,5s
3,x_leads_y,-1.629744848772952e-06,-2.0488964716161506,0.04047223944250881,0.19757222341799707,51468,15,VAW,VOX,5s
4,x_leads_y,-2.6211382009870304e-06,-3.0927772753815144,0.0019829289532974506,0.19757222341799707,51468,15,VAW,VOX,5s
5,x_leads_y,-4.195692769949063e-07,-0.45094502863519226,0.6520291689407235,0.19757222341799707,51468,15,VAW,VOX,5s
6,x_leads_y,7.985802505304679e-07,0.9283002964586593,0.3532518203476288,0.19757222341799707,51468,15,VAW,VOX,5s
7,x_leads_y,-1.175658488089165e-06,-1.3534280916433405,0.17591890808496058,0.19757222341799707,51468,15,VAW,VOX,5s
8,x_leads_y,-6.538521728319864e-07,-0.8360507125799471,0.4031263742747162,0.19757222341799707,51468,15,VAW,VOX,5s
9,x_leads_y,4.979638596283528e-07,1.2586910781193914,0.20814193521845448,0.19757222341799707,51468,15,VAW,VOX,5s
10,x_leads_y,-3.790245431773876e-07,-0.6423225626018216,0.5206637674989898,0.19757222341799707,51468,15,VAW,VOX,5s
-10,y_leads_x,-8.698369616600908e-08,-0.15371162032136299,0.877837121986509,0.42639194852036955,67038,15,VCR,VOX,5s
-9,y_leads_x,-2.686684161680406e-07,-0.49293404903426913,0.6220591878714135,0.42639194852036955,67038,15,VCR,VOX,5s
-8,y_leads_x,5.193894425469914e-07,1.054829840287459,0.2915031544671848,0.42639194852036955,67038,15,VCR,VOX,5s
-7,y_leads_x,-8.872560069905114e-07,-2.311157920175797,0.020824133706955104,0.42639194852036955,67038,15,VCR,VOX,5s
-6,y_leads_x,1.041504377847783e-06,1.9369714597588927,0.05274883219790258,0.42639194852036955,67038,15,VCR,VOX,5s
-5,y_leads_x,-3.876770710193267e-07,-1.0406860229613542,0.29802129220007256,0.42639194852036955,67038,15,VCR,VOX,5s
-4,y_leads_x,-7.310740887655874e-07,-1.3534712317654853,0.1759051345481829,0.42639194852036955,67038,15,VCR,VOX,5s
-3,y_leads_x,1.4974396189117433e-07,0.39473836166231596,0.6930359885094318,0.42639194852036955,67038,15,VCR,VOX,5s
-2,y_leads_x,5.3128514798317326e-08,0.13925276009659826,0.8892504180654025,0.42639194852036955,67038,15,VCR,VOX,5s
-1,y_leads_x,9.836082082512638e-06,6.315961108081289,2.6848756947134215e-10,0.42639194852036955,67038,15,VCR,VOX,5s
0,contemporaneous,7.337849708877172e-05,23.41791193591572,2.807764826496148e-121,0.42639194852036955,67038,15,VCR,VOX,5s
1,x_leads_y,-4.506124322354274e-06,-4.598072769915892,4.264170664581664e-06,0.42639194852036955,67038,15,VCR,VOX,5s
2,x_leads_y,-2.9204088647941425e-06,-6.55989628312186,5.3845216043670165e-11,0.42639194852036955,67038,15,VCR,VOX,5s
3,x_leads_y,-2.191452473815366e-06,-4.342782693893099,1.4068927731123131e-05,0.42639194852036955,67038,15,VCR,VOX,5s
4,x_leads_y,-1.5748909257408705e-06,-3.3978912814020994,0.0006790740086644706,0.42639194852036955,67038,15,VCR,VOX,5s
5,x_leads_y,1.4856334913442246e-07,0.23901890910572005,0.811090920295641,0.42639194852036955,67038,15,VCR,VOX,5s
6,x_leads_y,-5.050177660644962e-07,-0.9220161725780315,0.35652013993342,0.42639194852036955,67038,15,VCR,VOX,5s
7,x_leads_y,-4.2373711282305886e-07,-1.0486239125037349,0.29435124572505933,0.42639194852036955,67038,15,VCR,VOX,5s
8,x_leads_y,-3.4087654381107145e-07,-0.926473871339176,0.35419976969983247,0.42639194852036955,67038,15,VCR,VOX,5s
9,x_leads_y,2.227108258289003e-07,0.4046672611367539,0.6857221102785465,0.42639194852036955,67038,15,VCR,VOX,5s
10,x_leads_y,-1.7979101418273841e-06,-2.2324752693203496,0.02558356795665957,0.42639194852036955,67038,15,VCR,VOX,5s
-10,y_leads_x,1.7231421151084304e-07,0.4085423184535732,0.6828755684850494,0.08025263704085517,166384,37,VDE,VNQ,5s
-9,y_leads_x,-8.804197288504611e-07,-2.3356576213313383,0.019509092863082587,0.08025263704085517,166384,37,VDE,VNQ,5s
-8,y_leads_x,7.221997028522219e-09,0.02130855189002068,0.9829995219672163,0.08025263704085517,166384,37,VDE,VNQ,5s
-7,y_leads_x,-2.195543714999012e-07,-0.3849612542261434,0.7002661220798061,0.08025263704085517,166384,37,VDE,VNQ,5s
-6,y_leads_x,5.543766166807199e-07,1.0764187600395976,0.2817400159936869,0.08025263704085517,166384,37,VDE,VNQ,5s
-5,y_leads_x,-2.1918685013271085e-07,-0.5167324240098582,0.6053429585211725,0.08025263704085517,166384,37,VDE,VNQ,5s
-4,y_leads_x,-3.184464288207206e-07,-0.7013915630203944,0.4830586858000999,0.08025263704085517,166384,37,VDE,VNQ,5s
-3,y_leads_x,-5.127636336748507e-07,-1.188910107997187,0.23447504211494963,0.08025263704085517,166384,37,VDE,VNQ,5s
-2,y_leads_x,-1.1188601859859164e-06,-1.6079387924925146,0.10784858469061129,0.08025263704085517,166384,37,VDE,VNQ,5s
-1,y_leads_x,-6.090392329635046e-07,-1.021329456696849,0.3070983749170263,0.08025263704085517,166384,37,VDE,VNQ,5s
0,contemporaneous,3.4302446287534405e-05,11.516758649332452,1.0862060516066586e-30,0.08025263704085517,166384,37,VDE,VNQ,5s
1,x_leads_y,-1.7480964524733649e-06,-2.434174531682252,0.014925796215130446,0.08025263704085517,166384,37,VDE,VNQ,5s
2,x_leads_y,-1.8166322443526128e-06,-3.5497249604958063,0.00038563382107782083,0.08025263704085517,166384,37,VDE,VNQ,5s
3,x_leads_y,-1.1275323967855506e-06,-1.8454121822425906,0.06497760236225225,0.08025263704085517,166384,37,VDE,VNQ,5s
4,x_leads_y,-1.2782170785418747e-06,-2.5261165367233214,0.0115331217045269,0.08025263704085517,166384,37,VDE,VNQ,5s
5,x_leads_y,1.3782636963258831e-07,0.3134407384765869,0.7539458375486732,0.08025263704085517,166384,37,VDE,VNQ,5s
6,x_leads_y,8.117454381674268e-07,1.7545296108310948,0.07933980068184363,0.08025263704085517,166384,37,VDE,VNQ,5s
7,x_leads_y,-1.1021273393540615e-07,-0.26091988747694905,0.7941542879412592,0.08025263704085517,166384,37,VDE,VNQ,5s
8,x_leads_y,1.4318605554083923e-07,0.4184859248803511,0.6755918752791894,0.08025263704085517,166384,37,VDE,VNQ,5s
9,x_leads_y,2.0115870120462236e-07,0.3548013270822619,0.7227384341119596,0.08025263704085517,166384,37,VDE,VNQ,5s
10,x_leads_y,3.2218367191502684e-07,0.5106053360012289,0.6096274387067,0.08025263704085517,166384,37,VDE,VNQ,5s
-10,y_leads_x,-1.1018611703297787e-06,-1.3442161049262011,0.1788785152883675,0.09067108907705268,40018,11,VDC,VOX,5s
-9,y_leads_x,7.688118536322082e-07,0.950301277627898,0.34195918990489227,0.09067108907705268,40018,11,VDC,VOX,5s
-8,y_leads_x,-1.8550463854181321e-06,-2.0854765536597113,0.0370260642657172,0.09067108907705268,40018,11,VDC,VOX,5s
-7,y_leads_x,-1.6264117464567655e-06,-1.908474504720069,0.05632991531519222,0.09067108907705268,40018,11,VDC,VOX,5s
-6,y_leads_x,6.946163112703774e-07,1.1141463123832258,0.2652164231899927,0.09067108907705268,40018,11,VDC,VOX,5s
-5,y_leads_x,2.681041396443087e-06,2.6225835164624174,0.008726587671080123,0.09067108907705268,40018,11,VDC,VOX,5s
-4,y_leads_x,-2.2763094491676868e-07,-0.20005401568409276,0.8414383364727531,0.09067108907705268,40018,11,VDC,VOX,5s
-3,y_leads_x,4.4264789625305136e-07,0.41678759386592146,0.6768337775945665,0.09067108907705268,40018,11,VDC,VOX,5s
-2,y_leads_x,9.453317112164227e-07,1.437817892805612,0.15048573115740427,0.09067108907705268,40018,11,VDC,VOX,5s
-1,y_leads_x,6.2895187565062465e-06,4.028285806173641,5.618501632902098e-05,0.09067108907705268,40018,11,VDC,VOX,5s
0,contemporaneous,3.942191137523963e-05,4.282929728719835,1.8444843752394638e-05,0.09067108907705268,40018,11,VDC,VOX,5s
1,x_leads_y,5.097797684980258e-07,0.7402544411347403,0.4591456194377984,0.09067108907705268,40018,11,VDC,VOX,5s
2,x_leads_y,-2.2370886234001647e-06,-2.648227910190226,0.008091495481037877,0.09067108907705268,40018,11,VDC,VOX,5s
3,x_leads_y,-5.902671149560186e-07,-1.1381638949247317,0.2550520518163012,0.09067108907705268,40018,11,VDC,VOX,5s
4,x_leads_y,-1.089624213816338e-07,-0.18682722699459475,0.8517960987062858,0.09067108907705268,40018,11,VDC,VOX,5s
5,x_leads_y,1.6818901116159856e-06,1.9510149464190931,0.05105526782751206,0.09067108907705268,40018,11,VDC,VOX,5s
6,x_leads_y,-3.09211832887676e-07,-0.33556272199852205,0.737200639041341,0.09067108907705268,40018,11,VDC,VOX,5s
7,x_leads_y,-1.3202585337369544e-06,-1.7222973377385766,0.08501566973871436,0.09067108907705268,40018,11,VDC,VOX,5s
8,x_leads_y,-9.431906502152072e-07,-0.7210709794124772,0.4708658451302121,0.09067108907705268,40018,11,VDC,VOX,5s
9,x_leads_y,-4.1733305424535003e-07,-0.6708624893408974,0.502308134319337,0.09067108907705268,40018,11,VDC,VOX,5s
10,x_leads_y,3.9339799331131456e-07,0.42508936010684434,0.6707715339125584,0.09067108907705268,40018,11,VDC,VOX,5s
-10,y_leads_x,1.2924487914483372e-07,0.1932693124081181,0.84674805835922,0.2855807651726249,40023,11,VDC,VPU,5s
-9,y_leads_x,2.338231078724617e-07,0.2471918410899457,0.8047597592844034,0.2855807651726249,40023,11,VDC,VPU,5s
-8,y_leads_x,-5.463035831229781e-07,-0.7704286680927767,0.44104565323846334,0.2855807651726249,40023,11,VDC,VPU,5s
-7,y_leads_x,3.2656923096272114e-07,0.5007954193709963,0.6165151097091771,0.2855807651726249,40023,11,VDC,VPU,5s
-6,y_leads_x,1.1810052119402802e-06,1.2620381647633234,0.20693505374075738,0.2855807651726249,40023,11,VDC,VPU,5s
-5,y_leads_x,-4.791787458006476e-07,-0.6601759605840529,0.5091409171352281,0.2855807651726249,40023,11,VDC,VPU,5s
-4,y_leads_x,3.854802231522108e-07,0.7182280933774803,0.472616658570705,0.2855807651726249,40023,11,VDC,VPU,5s
-3,y_leads_x,-7.449563690171055e-07,-0.9025547174484875,0.3667622686755395,0.2855807651726249,40023,11,VDC,VPU,5s
-2,y_leads_x,9.006547247910625e-07,1.4270318027104256,0.15357072796860863,0.2855807651726249,40023,11,VDC,VPU,5s
-1,y_leads_x,9.656006158126443e-06,8.772030602154802,1.7547269518879576e-18,0.2855807651726249,40023,11,VDC,VPU,5s
0,contemporaneous,5.7767197412179124e-05,27.43778707300459,9.71828598691388e-166,0.2855807651726249,40023,11,VDC,VPU,5s
1,x_leads_y,2.5412323272209485e-06,2.1439718701733748,0.03203514077318028,0.2855807651726249,40023,11,VDC,VPU,5s
2,x_leads_y,-1.094037480205153e-06,-1.5914016937876152,0.11151920339019852,0.2855807651726249,40023,11,VDC,VPU,5s
3,x_leads_y,-1.8476151557715792e-06,-2.1666927424798845,0.030258290355309383,0.2855807651726249,40023,11,VDC,VPU,5s
4,x_leads_y,-2.608408055519948e-07,-0.3797536396078771,0.7041282989407159,0.2855807651726249,40023,11,VDC,VPU,5s
5,x_leads_y,4.694995931666196e-07,0.8780153350967212,0.37993539670640974,0.2855807651726249,40023,11,VDC,VPU,5s
6,x_leads_y,5.6841256806302814e-08,0.08063035768943792,0.9357359228540795,0.2855807651726249,40023,11,VDC,VPU,5s
7,x_leads_y,1.093449937253389e-07,0.14617768746930634,0.8837811191635166,0.2855807651726249,40023,11,VDC,VPU,5s
8,x_leads_y,-3.8902607350943455e-07,-0.5273247705429862,0.5979680755528625,0.2855807651726249,40023,11,VDC,VPU,5s
9,x_leads_y,1.181378761134061e-06,1.5782284537368991,0.11451313568242737,0.2855807651726249,40023,11,VDC,VPU,5s
10,x_leads_y,4.2133990680780115e-07,0.6822761217450136,0.49506436889586014,0.2855807651726249,40023,11,VDC,VPU,5s
-10,y_leads_x,1.7210691284260378e-07,0.21390343670929704,0.8306223601544204,0.04130002927241894,49366,11,VOX,VPU,5s
-9,y_leads_x,-6.060330389220801e-07,-0.9340656650729753,0.35027002172473853,0.04130002927241894,49366,11,VOX,VPU,5s
-8,y_leads_x,-8.948369105119947e-07,-1.1010683947359812,0.27086689117404683,0.04130002927241894,49366,11,VOX,VPU,5s
-7,y_leads_x,9.122700598114584e-08,0.16719182219305173,0.8672191187985843,0.04130002927241894,49366,11,VOX,VPU,5s
-6,y_leads_x,5.922672284138238e-07,0.8715029369677957,0.3834796029421055,0.04130002927241894,49366,11,VOX,VPU,5s
-5,y_leads_x,3.256198505258679e-07,0.6887292429755042,0.4909936700582104,0.04130002927241894,49366,11,VOX,VPU,5s
-4,y_leads_x,1.4947773845920498e-06,1.6729562893065244,0.09433590129699218,0.04130002927241894,49366,11,VOX,VPU,5s
-3,y_leads_x,6.667255422052571e-07,1.213251179680646,0.2250338020647107,0.04130002927241894,49366,11,VOX,VPU,5s
-2,y_leads_x,6.986907743777114e-08,0.13708169758146677,0.890966219103491,0.04130002927241894,49366,11,VOX,VPU,5s
-1,y_leads_x,2.7195656404051986e-06,4.0341985515180845,5.4788976354961375e-05,0.04130002927241894,49366,11,VOX,VPU,5s
0,contemporaneous,2.0197955528900873e-05,4.137260340248587,3.514772475193044e-05,0.04130002927241894,49366,11,VOX,VPU,5s
1,x_leads_y,3.491281250637926e-06,3.0027298882649918,0.0026756980035133313,0.04130002927241894,49366,11,VOX,VPU,5s
2,x_leads_y,-7.163018734685342e-07,-1.0680904298810812,0.2854797223604717,0.04130002927241894,49366,11,VOX,VPU,5s
3,x_leads_y,2.2975923595950716e-07,0.3228574297887035,0.7468032172841604,0.04130002927241894,49366,11,VOX,VPU,5s
4,x_leads_y,-2.993072010836195e-07,-0.29384416338480673,0.768876986483874,0.04130002927241894,49366,11,VOX,VPU,5s
5,x_leads_y,3.9459514271614715e-07,0.5856088239149655,0.5581384172902073,0.04130002927241894,49366,11,VOX,VPU,5s
6,x_leads_y,5.769134439702753e-07,0.595230959382638,0.5516890983645057,0.04130002927241894,49366,11,VOX,VPU,5s
7,x_leads_y,2.2593991177669612e-07,0.3669766506044061,0.7136364348787476,0.04130002927241894,49366,11,VOX,VPU,5s
8,x_leads_y,-9.3184559609377e-07,-1.6676775948045193,0.09537974544606322,0.04130002927241894,49366,11,VOX,VPU,5s
9,x_leads_y,7.995363029851961e-07,1.2538927929316794,0.20988097496308333,0.04130002927241894,49366,11,VOX,VPU,5s
10,x_leads_y,2.3116562500585573e-08,0.032702995369028466,0.9739114352113025,0.04130002927241894,49366,11,VOX,VPU,5s
-10,y_leads_x,4.198594937477696e-07,1.119079660603706,0.26310615609113364,0.06797740588929835,51004,11,VGT,VHT,5s
-9,y_leads_x,5.314943011162468e-07,1.2537361591661684,0.20993792040524262,0.06797740588929835,51004,11,VGT,VHT,5s
-8,y_leads_x,2.745855017608029e-07,0.4745080108069526,0.6351376868024299,0.06797740588929835,51004,11,VGT,VHT,5s
-7,y_leads_x,2.8719848181737353e-07,0.7743125630627069,0.4387459761466569,0.06797740588929835,51004,11,VGT,VHT,5s
-6,y_leads_x,-2.1475451762249564e-07,-0.6219955700270927,0.5339447809467417,0.06797740588929835,51004,11,VGT,VHT,5s
-5,y_leads_x,-5.5720287181915077e-08,-0.10709592767035307,0.9147128778362745,0.06797740588929835,51004,11,VGT,VHT,5s
-4,y_leads_x,-1.5877385444424796e-07,-0.2986621248319717,0.7651978587153133,0.06797740588929835,51004,11,VGT,VHT,5s
-3,y_leads_x,-2.436407680791218e-07,-0.611277559096062,0.541015844818198,0.06797740588929835,51004,11,VGT,VHT,5s
-2,y_leads_x,-5.520429878406215e-07,-1.6923537726184519,0.09057854081212457,0.06797740588929835,51004,11,VGT,VHT,5s
-1,y_leads_x,7.587697119679035e-07,1.8438626240553537,0.06520316331931418,0.06797740588929835,51004,11,VGT,VHT,5s
0,contemporaneous,2.0959413584854753e-05,7.447465718539159,9.51502626229679e-14,0.06797740588929835,51004,11,VGT,VHT,5s
1,x_leads_y,2.6481329355823485e-06,2.803452611324944,0.005055866161548249,0.06797740588929835,51004,11,VGT,VHT,5s
2,x_leads_y,4.969487552144137e-07,1.356442312119855,0.17495847838308143,0.06797740588929835,51004,11,VGT,VHT,5s
3,x_leads_y,-8.609151703458671e-07,-1.992568659406732,0.04630869988667192,0.06797740588929835,51004,11,VGT,VHT,5s
4,x_leads_y,-1.6315517902150103e-07,-0.3309950073639207,0.7406482567511505,0.06797740588929835,51004,11,VGT,VHT,5s
5,x_leads_y,-8.725855976131465e-07,-1.7303593298990771,0.08356609541386661,0.06797740588929835,51004,11,VGT,VHT,5s
6,x_leads_y,-3.904942842938962e-07,-1.3910633052347288,0.1642062309398854,0.06797740588929835,51004,11,VGT,VHT,5s
7,x_leads_y,3.4703517904228626e-07,0.8495485550619563,0.3955761241383303,0.06797740588929835,51004,11,VGT,VHT,5s
8,x_leads_y,-1.4184023891207957e-07,-0.25423939208615265,0.7993106196672908,0.06797740588929835,51004,11,VGT,VHT,5s
9,x_leads_y,1.362289335900506e-07,0.3516297000052162,0.7251159885461511,0.06797740588929835,51004,11,VGT,VHT,5s
10,x_leads_y,-4.570997114562427e-07,-0.842879035065731,0.3992960997802706,0.06797740588929835,51004,11,VGT,VHT,5s
-10,y_leads_x,-5.14937627840862e-07,-0.5679094510885077,0.5700964541232951,0.1761709084227543,76922,19,VFH,VNQ,5s
-9,y_leads_x,-7.108359618534473e-07,-1.4517654871418497,0.14656682335890509,0.1761709084227543,76922,19,VFH,VNQ,5s
-8,y_leads_x,-3.4028191989139016e-07,-0.3874485604988249,0.698424159505835,0.1761709084227543,76922,19,VFH,VNQ,5s
-7,y_leads_x,4.953948519305621e-07,0.9685961536768612,0.3327467231992144,0.1761709084227543,76922,19,VFH,VNQ,5s
-6,y_leads_x,5.133188571912769e-07,0.4731512632078219,0.6361052656993578,0.1761709084227543,76922,19,VFH,VNQ,5s
-5,y_leads_x,-3.129812977465004e-08,-0.049307827064251,0.9606739820116115,0.1761709084227543,76922,19,VFH,VNQ,5s
-4,y_leads_x,-2.971833681238703e-07,-0.5622250022335771,0.5739627287738152,0.1761709084227543,76922,19,VFH,VNQ,5s
-3,y_leads_x,-6.24220689629334e-07,-0.4824933554341682,0.6294555174561918,0.1761709084227543,76922,19,VFH,VNQ,5s
-2,y_leads_x,5.121772552651926e-07,0.8524039968691025,0.393989902560237,0.1761709084227543,76922,19,VFH,VNQ,5s
-1,y_leads_x,6.570785312525119e-06,6.947612813781937,3.7151895222116684e-12,0.1761709084227543,76922,19,VFH,VNQ,5s
0,contemporaneous,5.2235589260875646e-05,47.09320904635586,0.0,0.1761709084227543,76922,19,VFH,VNQ,5s
1,x_leads_y,3.937632495836741e-06,2.782386930718125,0.005396066420617961,0.1761709084227543,76922,19,VFH,VNQ,5s
2,x_leads_y,-3.8349039609506755e-07,-0.6694804122273607,0.5031890716755315,0.1761709084227543,76922,19,VFH,VNQ,5s
3,x_leads_y,-2.0396867626449667e-08,-0.036938423245002565,0.9705341033210074,0.1761709084227543,76922,19,VFH,VNQ,5s
4,x_leads_y,-1.3788215822728606e-06,-2.037351279782574,0.04161485244847771,0.1761709084227543,76922,19,VFH,VNQ,5s
5,x_leads_y,-4.7244873485161723e-07,-0.7251835771816082,0.46833941656715616,0.1761709084227543,76922,19,VFH,VNQ,5s
6,x_leads_y,9.127022655293408e-08,0.13828464868576937,0.890015457519807,0.1761709084227543,76922,19,VFH,VNQ,5s
7,x_leads_y,2.2706587217854715e-07,0.32171109012865007,0.7476715754534868,0.1761709084227543,76922,19,VFH,VNQ,5s
8,x_leads_y,-1.0954054914659056e-06,-1.586559313490735,0.11261248848639303,0.1761709084227543,76922,19,VFH,VNQ,5s
9,x_leads_y,9.273610879497765e-07,1.3620618631393484,0.17317836258966912,0.1761709084227543,76922,19,VFH,VNQ,5s
10,x_leads_y,9.59414308844989e-07,1.694702799386855,0.09013181436625871,0.1761709084227543,76922,19,VFH,VNQ,5s
-10,y_leads_x,-8.614615403997133e-07,-1.3261379289271926,0.1847940147697864,0.14038625325684995,61251,15,VFH,VDE,5s
-9,y_leads_x,7.168567716373891e-07,0.8879690157182292,0.3745574183069349,0.14038625325684995,61251,15,VFH,VDE,5s
-8,y_leads_x,-1.670941194014669e-06,-2.0489300858169885,0.04046895191929958,0.14038625325684995,61251,15,VFH,VDE,5s
-7,y_leads_x,7.652587792529129e-07,0.7036339839287179,0.48166074193721764,0.14038625325684995,61251,15,VFH,VDE,5s
-6,y_leads_x,-7.523333111275309e-08,-0.060229783694543675,0.9519726248094976,0.14038625325684995,61251,15,VFH,VDE,5s
-5,y_leads_x,-1.1098366047169502e-06,-1.0748280403855779,0.28245172392595796,0.14038625325684995,61251,15,VFH,VDE,5s
-4,y_leads_x,-4.0938802579288957e-07,-0.6851433932470027,0.4932534401551607,0.14038625325684995,61251,15,VFH,VDE,5s
-3,y_leads_x,-7.208206496059371e-07,-0.955301761436576,0.33942511699786426,0.14038625325684995,61251,15,VFH,VDE,5s
-2,y_leads_x,2.0551793757318293e-06,2.5577061110892845,0.010536509698748127,0.14038625325684995,61251,15,VFH,VDE,5s
-1,y_leads_x,8.024342130974364e-06,5.427613932227524,5.711240984486642e-08,0.14038625325684995,61251,15,VFH,VDE,5s
0,contemporaneous,5.054969473748625e-05,35.47103988204169,1.3747395045565296e-275,0.14038625325684995,61251,15,VFH,VDE,5s
1,x_leads_y,3.4241041147595186e-06,3.0676705280637546,0.002157343308772298,0.14038625325684995,61251,15,VFH,VDE,5s
2,x_leads_y,-5.636407833869272e-07,-0.619772732854649,0.535407422876823,0.14038625325684995,61251,15,VFH,VDE,5s
3,x_leads_y,-2.059027463477563e-06,-2.534035148115773,0.011275742110401929,0.14038625325684995,61251,15,VFH,VDE,5s
4,x_leads_y,-6.305351948192079e-07,-0.851039481179495,0.39474742147283903,0.14038625325684995,61251,15,VFH,VDE,5s
5,x_leads_y,2.897719184503957e-07,0.6489419753522395,0.5163758819734963,0.14038625325684995,61251,15,VFH,VDE,5s
6,x_leads_y,-4.853150168738638e-07,-0.9908009389965147,0.32178279070709004,0.14038625325684995,61251,15,VFH,VDE,5s
7,x_leads_y,-9.387184405743349e-08,-0.14733129685746207,0.8828705306967859,0.14038625325684995,61251,15,VFH,VDE,5s
8,x_leads_y,-1.8068758076584131e-07,-0.2695517388395364,0.7875051331243047,0.14038625325684995,61251,15,VFH,VDE,5s
9,x_leads_y,-3.559203039534627e-07,-0.349518468775999,0.7267001079763435,0.14038625325684995,61251,15,VFH,VDE,5s
10,x_leads_y,8.466556635602389e-07,3.1546148592121694,0.0016071010465051102,0.14038625325684995,61251,15,VFH,VDE,5s
-10,y_leads_x,-1.543826255712146e-07,-0.45655527628173126,0.6479907314080953,0.09314899682288746,61251,15,VFH,VDC,5s
-9,y_leads_x,1.4730863361606916e-08,0.06282948580054025,0.9499022859736649,0.09314899682288746,61251,15,VFH,VDC,5s
-8,y_leads_x,-3.5517330694794316e-07,-1.052816043352064,0.29242531056375165,0.09314899682288746,61251,15,VFH,VDC,5s
-7,y_leads_x,4.0737512668190243e-07,0.84148687032297,0.40007523744070317,0.09314899682288746,61251,15,VFH,VDC,5s
-6,y_leads_x,-3.588264353649137e-07,-1.5972824745750016,0.11020275556383126,0.09314899682288746,61251,15,VFH,VDC,5s
-5,y_leads_x,-1.1592720909348296e-07,-0.24297338223153145,0.8080260175519925,0.09314899682288746,61251,15,VFH,VDC,5s
-4,y_leads_x,2.5596356708356715e-07,0.6092250426529895,0.5423752833709272,0.09314899682288746,61251,15,VFH,VDC,5s
-3,y_leads_x,-2.5255959552854395e-07,-0.6614100162790905,0.5083494041682182,0.09314899682288746,61251,15,VFH,VDC,5s
-2,y_leads_x,5.319539243457401e-07,1.0734262701553763,0.28307990298651475,0.09314899682288746,61251,15,VFH,VDC,5s
-1,y_leads_x,1.3949770149983266e-06,2.419180261369412,0.015555529440606355,0.09314899682288746,61251,15,VFH,VDC,5s
0,contemporaneous,1.8166883486141757e-05,12.978430278719062,1.6217015789767962e-38,0.09314899682288746,61251,15,VFH,VDC,5s
1,x_leads_y,8.345890496271945e-06,9.184236231527171,4.144579877012519e-20,0.09314899682288746,61251,15,VFH,VDC,5s
2,x_leads_y,4.205492641554523e-06,8.260017892650344,1.4565063291711895e-16,0.09314899682288746,61251,15,VFH,VDC,5s
3,x_leads_y,1.5016215333491879e-06,2.7309692937389425,0.0063148354966667064,0.09314899682288746,61251,15,VFH,VDC,5s
4,x_leads_y,1.2502047497797473e-06,3.2045731773787263,0.0013526290133251502,0.09314899682288746,61251,15,VFH,VDC,5s
5,x_leads_y,1.0633897426688417e-06,1.9760582731626373,0.04814817763113765,0.09314899682288746,61251,15,VFH,VDC,5s
6,x_leads_y,6.265645254327912e-07,2.005623549958059,0.044896427363209215,0.09314899682288746,61251,15,VFH,VDC,5s
7,x_leads_y,6.890006828583121e-08,0.15575752398928394,0.876224152847152,0.09314899682288746,61251,15,VFH,VDC,5s
8,x_leads_y,3.4240226564304704e-07,1.2982581518833658,0.1941986414176814,0.09314899682288746,61251,15,VFH,VDC,5s
9,x_leads_y,1.0103025229267065e-06,1.9342333122013498,0.05308444835048933,0.09314899682288746,61251,15,VFH,VDC,5s
10,x_leads_y,1.8949891441466712e-07,0.6966692189330381,0.4860098263816771,0.09314899682288746,61251,15,VFH,VDC,5s
-10,y_leads_x,-1.6026258771576703e-07,-0.14319474524641998,0.8861363797418419,0.17659043657659002,61251,15,VFH,VNQ,5s
-9,y_leads_x,-4.479670489084137e-08,-0.07089777090498739,0.9434791174731738,0.17659043657659002,61251,15,VFH,VNQ,5s
-8,y_leads_x,-8.093361238437499e-07,-0.8363318894100638,0.40296821786780845,0.17659043657659002,61251,15,VFH,VNQ,5s
-7,y_leads_x,1.7271259231458704e-08,0.02326571629930382,0.9814383187369435,0.17659043657659002,61251,15,VFH,VNQ,5s
-6,y_leads_x,2.3095492473856843e-07,0.17581078987878393,0.8604425925793572,0.17659043657659002,61251,15,VFH,VNQ,5s
-5,y_leads_x,-4.0547481803777364e-07,-0.5600302935773364,0.5754587748793776,0.17659043657659002,61251,15,VFH,VNQ,5s
-4,y_leads_x,-3.760921089483965e-07,-0.715394153433739,0.47436552415649347,0.17659043657659002,61251,15,VFH,VNQ,5s
-3,y_leads_x,-2.125726106513222e-06,-1.5163242291299832,0.12943738797969326,0.17659043657659002,61251,15,VFH,VNQ,5s
-2,y_leads_x,1.326326330580517e-06,2.3906450669879566,0.016818803341093307,0.17659043657659002,61251,15,VFH,VNQ,5s
-1,y_leads_x,7.894032664662497e-06,7.069425069806781,1.555769105590995e-12,0.17659043657659002,61251,15,VFH,VNQ,5s
0,contemporaneous,5.548266658996729e-05,37.299313207823715,1.6837132449847048e-304,0.17659043657659002,61251,15,VFH,VNQ,5s
1,x_leads_y,2.5262102208529743e-06,1.6623416922886827,0.09644428273319723,0.17659043657659002,61251,15,VFH,VNQ,5s
2,x_leads_y,-5.158036603369644e-07,-0.7581985107452195,0.44833215264550164,0.17659043657659002,61251,15,VFH,VNQ,5s
3,x_leads_y,6.689325408697916e-08,0.08633422257530975,0.9312007343461369,0.17659043657659002,61251,15,VFH,VNQ,5s
4,x_leads_y,-1.8679372237454364e-06,-2.175149852121518,0.02961888870547565,0.17659043657659002,61251,15,VFH,VNQ,5s
5,x_leads_y,-4.3865335539662225e-07,-0.5341086561784321,0.5932663612130987,0.17659043657659002,61251,15,VFH,VNQ,5s
6,x_leads_y,4.1036302399333257e-07,0.5618876851762369,0.5741925446128598,0.17659043657659002,61251,15,VFH,VNQ,5s
7,x_leads_y,6.79875380887175e-07,0.8439940324628141,0.3986727402866984,0.17659043657659002,61251,15,VFH,VNQ,5s
8,x_leads_y,-1.5657923275529775e-06,-1.8647096886089494,0.06222210798898472,0.17659043657659002,61251,15,VFH,VNQ,5s
9,x_leads_y,9.03280802572887e-07,1.177030562251931,0.23918330801118937,0.17659043657659002,61251,15,VFH,VNQ,5s
10,x_leads_y,8.983940036722464e-07,1.3826059582238412,0.16678572114250256,0.17659043657659002,61251,15,VFH,VNQ,5s
-10,y_leads_x,2.4465156445313877e-07,0.7183429972767214,0.47254582467032646,0.025138305347760737,65879,15,VDE,VDC,5s
-9,y_leads_x,-1.8342054142100054e-07,-0.6465861493707962,0.5178998245454222,0.025138305347760737,65879,15,VDE,VDC,5s
-8,y_leads_x,9.074657711129469e-08,0.27496388613534767,0.7833439839265695,0.025138305347760737,65879,15,VDE,VDC,5s
-7,y_leads_x,6.103846881599639e-08,0.1554821484154791,0.8764412262951706,0.025138305347760737,65879,15,VDE,VDC,5s
-6,y_leads_x,3.3811980194183894e-07,0.6912394885095214,0.4894150519204704,0.025138305347760737,65879,15,VDE,VDC,5s
-5,y_leads_x,-6.94624685073242e-07,-1.8190677992728363,0.06890108699597254,0.025138305347760737,65879,15,VDE,VDC,5s
-4,y_leads_x,2.739183226885819e-07,0.8257622375706514,0.40893897926934497,0.025138305347760737,65879,15,VDE,VDC,5s
-3,y_leads_x,-9.530192397457668e-07,-3.1222849932491044,0.0017945312954679082,0.025138305347760737,65879,15,VDE,VDC,5s
-2,y_leads_x,-6.23583533293376e-07,-2.368621575931332,0.017854511247912506,0.025138305347760737,65879,15,VDE,VDC,5s
-1,y_leads_x,-1.5178121726550597e-06,-2.6162526540232833,0.008890074860524354,0.025138305347760737,65879,15,VDE,VDC,5s
0,contemporaneous,8.444386222392227e-06,8.077707514867342,6.599566338721484e-16,0.025138305347760737,65879,15,VDE,VDC,5s
1,x_leads_y,4.304776308860054e-06,6.841477195154858,7.838068379956908e-12,0.025138305347760737,65879,15,VDE,VDC,5s
2,x_leads_y,2.6568797352179016e-06,7.32456542798876,2.3967410798945397e-13,0.025138305347760737,65879,15,VDE,VDC,5s
3,x_leads_y,1.7314148803296456e-06,4.979987858649751,6.358826239970738e-07,0.025138305347760737,65879,15,VDE,VDC,5s
4,x_leads_y,7.473190371566917e-07,2.042447568765615,0.04110715528182412,0.025138305347760737,65879,15,VDE,VDC,5s
5,x_leads_y,2.9032165713659756e-07,0.5271257019766238,0.5981062994400215,0.025138305347760737,65879,15,VDE,VDC,5s
6,x_leads_y,6.500773685033802e-07,1.5333569291580327,0.1251879348601225,0.025138305347760737,65879,15,VDE,VDC,5s
7,x_leads_y,1.5018442724589102e-07,0.4237641502046732,0.6717378255538269,0.025138305347760737,65879,15,VDE,VDC,5s
8,x_leads_y,9.683353890974431e-08,0.14903557187465089,0.8815255641044577,0.025138305347760737,65879,15,VDE,VDC,5s
9,x_leads_y,5.297039929126838e-07,1.350196209597934,0.17695305371366077,0.025138305347760737,65879,15,VDE,VDC,5s
10,x_leads_y,2.1389959439959487e-07,0.8569930732085052,0.3914487127805437,0.025138305347760737,65879,15,VDE,VDC,5s
-10,y_leads_x,6.401922767492648e-07,0.890971358538613,0.3729445359114786,0.05826812029065265,65879,15,VDE,VNQ,5s
-9,y_leads_x,-3.8884023239141443e-07,-0.5675658005993662,0.5703298347610488,0.05826812029065265,65879,15,VDE,VNQ,5s
-8,y_leads_x,5.53063044344406e-07,0.8705821658741089,0.3839823376141418,0.05826812029065265,65879,15,VDE,VNQ,5s
-7,y_leads_x,7.096413120739771e-08,0.19938040100846072,0.8419651904341837,0.05826812029065265,65879,15,VDE,VNQ,5s
-6,y_leads_x,-1.2384268128977007e-06,-1.7639203516225737,0.07774538988903608,0.05826812029065265,65879,15,VDE,VNQ,5s
-5,y_leads_x,-3.8171965285981674e-08,-0.07611973055678856,0.9393238429663758,0.05826812029065265,65879,15,VDE,VNQ,5s
-4,y_leads_x,-6.332915938873395e-07,-0.7089053619348648,0.47838320747547225,0.05826812029065265,65879,15,VDE,VNQ,5s
-3,y_leads_x,-2.3898591949321286e-06,-4.342292614665854,1.4100356212497074e-05,0.05826812029065265,65879,15,VDE,VNQ,5s
-2,y_leads_x,-1.3731947768138737e-06,-1.518451516729455,0.12890061302160405,0.05826812029065265,65879,15,VDE,VNQ,5s
-1,y_leads_x,-1.4921933122355999e-06,-2.197911624109336,0.027955404384494963,0.05826812029065265,65879,15,VDE,VNQ,5s
0,contemporaneous,3.145497352937077e-05,20.537654435990586,9.924094532752639e-94,0.05826812029065265,65879,15,VDE,VNQ,5s
1,x_leads_y,-3.158180777561469e-07,-0.23612788969294823,0.8133334329022704,0.05826812029065265,65879,15,VDE,VNQ,5s
2,x_leads_y,-4.7128466142890047e-07,-0.5058972088868265,0.6129288118074305,0.05826812029065265,65879,15,VDE,VNQ,5s
3,x_leads_y,-1.983861551350836e-08,-0.026775831313366166,0.9786385301232418,0.05826812029065265,65879,15,VDE,VNQ,5s
4,x_leads_y,-3.473171248036926e-07,-0.3955650660597428,0.6924259126090153,0.05826812029065265,65879,15,VDE,VNQ,5s
5,x_leads_y,-3.227078863490003e-08,-0.03240998933556041,0.9741450963363179,0.05826812029065265,65879,15,VDE,VNQ,5s
6,x_leads_y,9.85911738699714e-07,1.1714640910504452,0.24141228350712018,0.05826812029065265,65879,15,VDE,VNQ,5s
7,x_leads_y,-1.6670499148405543e-07,-0.20032484886612864,0.8412265298276875,0.05826812029065265,65879,15,VDE,VNQ,5s
8,x_leads_y,-1.4428275369524125e-07,-0.24268698586404602,0.8082478898864938,0.05826812029065265,65879,15,VDE,VNQ,5s
9,x_leads_y,5.095927376677199e-07,0.7226092861991316,0.46991996143966874,0.05826812029065265,65879,15,VDE,VNQ,5s
10,x_leads_y,3.9532238373217225e-07,0.4471559230378646,0.6547624835243551,0.05826812029065265,65879,15,VDE,VNQ,5s
-10,y_leads_x,1.492246870828123e-06,1.2235079055362434,0.22113792010563527,0.09299965932336751,54981,15,VDC,VNQ,5s
-9,y_leads_x,2.255703946682016e-08,0.020434859308328474,0.9836964759439737,0.09299965932336751,54981,15,VDC,VNQ,5s
-8,y_leads_x,-5.631135260441883e-07,-0.5500910247838184,0.5822569423590287,0.09299965932336751,54981,15,VDC,VNQ,5s
-7,y_leads_x,7.450520639156751e-08,0.07875423891488548,0.9372281029939382,0.09299965932336751,54981,15,VDC,VNQ,5s
-6,y_leads_x,1.3216866538939109e-06,3.0686922274960935,0.002149979604088905,0.09299965932336751,54981,15,VDC,VNQ,5s
-5,y_leads_x,1.2114615671590753e-06,1.2715653911797549,0.2035275799241546,0.09299965932336751,54981,15,VDC,VNQ,5s
-4,y_leads_x,-1.9883567437862395e-06,-1.8959150506657123,0.05797127842830188,0.09299965932336751,54981,15,VDC,VNQ,5s
-3,y_leads_x,-8.277933311467145e-07,-0.9108350142800302,0.36238231054022074,0.09299965932336751,54981,15,VDC,VNQ,5s
-2,y_leads_x,3.3632731574294664e-06,3.4177828647013104,0.0006313345239400965,0.09299965932336751,54981,15,VDC,VNQ,5s
-1,y_leads_x,1.282324683510937e-05,15.589576191831767,8.57002113383973e-55,0.09299965932336751,54981,15,VDC,VNQ,5s
0,contemporaneous,3.8030934499438756e-05,19.557625089636637,3.552420615422444e-85,0.09299965932336751,54981,15,VDC,VNQ,5s
1,x_leads_y,-5.309689427279327e-06,-5.145063644558184,2.674301290872367e-07,0.09299965932336751,54981,15,VDC,VNQ,5s
2,x_leads_y,-2.501037441095243e-06,-2.1135142906754734,0.03455677316988747,0.09299965932336751,54981,15,VDC,VNQ,5s
3,x_leads_y,-2.6456176175449585e-06,-3.140956544951249,0.001683970163510171,0.09299965932336751,54981,15,VDC,VNQ,5s
4,x_leads_y,-1.0226854603770198e-06,-2.009584642832786,0.04447516797445346,0.09299965932336751,54981,15,VDC,VNQ,5s
5,x_leads_y,-9.908228706330157e-07,-1.3784194877981368,0.16807381000520116,0.09299965932336751,54981,15,VDC,VNQ,5s
6,x_leads_y,-1.433868942359024e-06,-2.541897953412278,0.011025235755962908,0.09299965932336751,54981,15,VDC,VNQ,5s
7,x_leads_y,-3.4258006712836834e-07,-0.3657420995616332,0.7145575284710224,0.09299965932336751,54981,15,VDC,VNQ,5s
8,x_leads_y,1.444821901661454e-07,0.20866049271025852,0.8347132834583837,0.09299965932336751,54981,15,VDC,VNQ,5s
9,x_leads_y,1.0663150020366395e-06,1.2690155179620048,0.20443552947153298,0.09299965932336751,54981,15,VDC,VNQ,5s
10,x_leads_y,2.3695300886246514e-07,0.2797866413537884,0.7796412012151029,0.09299965932336751,54981,15,VDC,VNQ,5s
-10,y_leads_x,-2.911652371924641e-07,-0.66689871417301,0.5048368323357504,0.040314391795946425,74249,16,VNQ,VOX,5s
-9,y_leads_x,-3.2835303626527277e-07,-0.6065493960620668,0.5441499917055994,0.040314391795946425,74249,16,VNQ,VOX,5s
-8,y_leads_x,4.106968647845651e-07,1.0723682239369419,0.28355467451669525,0.040314391795946425,74249,16,VNQ,VOX,5s
-7,y_leads_x,-4.362717323810143e-08,-0.09684759933342298,0.9228474227685453,0.040314391795946425,74249,16,VNQ,VOX,5s
-6,y_leads_x,-3.7341146422706356e-07,-0.7394831235756348,0.45961368383947143,0.040314391795946425,74249,16,VNQ,VOX,5s
-5,y_leads_x,-3.096740169304798e-08,-0.05891505278551967,0.9530197684886557,0.040314391795946425,74249,16,VNQ,VOX,5s
-4,y_leads_x,1.5530778438652923e-07,0.3756108225816643,0.707206243729704,0.040314391795946425,74249,16,VNQ,VOX,5s
-3,y_leads_x,-3.4472911375271673e-07,-0.7928611659881994,0.4278587150497547,0.040314391795946425,74249,16,VNQ,VOX,5s
-2,y_leads_x,-9.137183273783689e-07,-2.3335847811163517,0.01961747425335941,0.040314391795946425,74249,16,VNQ,VOX,5s
-1,y_leads_x,1.1426943892663624e-06,2.325205278645464,0.020060986233721084,0.040314391795946425,74249,16,VNQ,VOX,5s
0,contemporaneous,1.8488081692260087e-05,7.690487876001937,1.4657501910153217e-14,0.040314391795946425,74249,16,VNQ,VOX,5s
1,x_leads_y,3.5907025593546966e-06,4.39321815357284,1.116849540345382e-05,0.040314391795946425,74249,16,VNQ,VOX,5s
2,x_leads_y,5.250836805378729e-07,1.2001089451736646,0.2300970319421778,0.040314391795946425,74249,16,VNQ,VOX,5s
3,x_leads_y,3.118227087843862e-07,0.7999583752126884,0.42373491426687115,0.040314391795946425,74249,16,VNQ,VOX,5s
4,x_leads_y,-6.82246220760534e-08,-0.13806376746942545,0.8901900208612322,0.040314391795946425,74249,16,VNQ,VOX,5s
5,x_leads_y,1.558964738937441e-06,2.407690245489503,0.0160537954443459,0.040314391795946425,74249,16,VNQ,VOX,5s
6,x_leads_y,-3.595797707668612e-07,-1.250287235275552,0.2111946396487805,0.040314391795946425,74249,16,VNQ,VOX,5s
7,x_leads_y,6.707683584561347e-07,1.674635655203675,0.09400573913304203,0.040314391795946425,74249,16,VNQ,VOX,5s
8,x_leads_y,3.776869001601025e-07,0.6543909261802742,0.5128599788176647,0.040314391795946425,74249,16,VNQ,VOX,5s
9,x_leads_y,-3.416570690551395e-07,-0.5655129465578632,0.5717249208662116,0.040314391795946425,74249,16,VNQ,VOX,5s
10,x_leads_y,-5.889493402135309e-08,-0.1262457130043132,0.8995374270650343,0.040314391795946425,74249,16,VNQ,VOX,5s
-10,y_leads_x,-8.487495356865878e-07,-1.5871898969292475,0.11246964226883883,0.026777814391970245,74249,16,VNQ,VGT,5s
-9,y_leads_x,2.4401771588121105e-07,0.3975515131742358,0.690960807562907,0.026777814391970245,74249,16,VNQ,VGT,5s
-8,y_leads_x,1.0619444807714267e-06,1.70876547753536,0.08749439987353924,0.026777814391970245,74249,16,VNQ,VGT,5s
-7,y_leads_x,1.138882749394043e-06,1.4317724095646969,0.15220896577785673,0.026777814391970245,74249,16,VNQ,VGT,5s
-6,y_leads_x,4.733701551049251e-07,0.6769274817188614,0.49845196660327584,0.026777814391970245,74249,16,VNQ,VGT,5s
-5,y_leads_x,2.734488674848523e-07,0.48523948154482033,0.6275064787443424,0.026777814391970245,74249,16,VNQ,VGT,5s
-4,y_leads_x,3.9933293607096916e-07,0.5877878325124886,0.5566747120523076,0.026777814391970245,74249,16,VNQ,VGT,5s
-3,y_leads_x,-1.202557123496898e-06,-2.0958618262453763,0.03609444990890734,0.026777814391970245,74249,16,VNQ,VGT,5s
-2,y_leads_x,-1.086042677894454e-06,-2.5200109178309473,0.011735119432986838,0.026777814391970245,74249,16,VNQ,VGT,5s
-1,y_leads_x,1.781184525781134e-06,2.483416751071869,0.013012874669742217,0.026777814391970245,74249,16,VNQ,VGT,5s
0,contemporaneous,1.9277142261573173e-05,4.850688565682916,1.2303360182229061e-06,0.026777814391970245,74249,16,VNQ,VGT,5s
1,x_leads_y,3.2765697480133805e-07,0.5853053813641416,0.5583423970840234,0.026777814391970245,74249,16,VNQ,VGT,5s
2,x_leads_y,-3.8392391146929004e-07,-0.830359359939851,0.4063356358142074,0.026777814391970245,74249,16,VNQ,VGT,5s
3,x_leads_y,4.366135739063415e-07,0.6030581606577876,0.5464699986471321,0.026777814391970245,74249,16,VNQ,VGT,5s
4,x_leads_y,1.2412451084575342e-06,1.6644788057995508,0.09601678305905875,0.026777814391970245,74249,16,VNQ,VGT,5s
5,x_leads_y,6.323330322549499e-07,1.8367252903836384,0.0662504597964187,0.026777814391970245,74249,16,VNQ,VGT,5s
6,x_leads_y,1.4009878922427483e-06,4.151530167013301,3.302597214421657e-05,0.026777814391970245,74249,16,VNQ,VGT,5s
7,x_leads_y,-8.336007745938694e-07,-1.5845030621124703,0.11307928537037441,0.026777814391970245,74249,16,VNQ,VGT,5s
8,x_leads_y,6.057928704203263e-07,0.8225080132908176,0.41078782790102486,0.026777814391970245,74249,16,VNQ,VGT,5s
9,x_leads_y,-1.2106829322273898e-06,-2.2884825928218926,0.02210943268607506,0.026777814391970245,74249,16,VNQ,VGT,5s
10,x_leads_y,-1.211953115783253e-06,-2.1522817125889087,0.03137517325733093,0.026777814391970245,74249,16,VNQ,VGT,5s
-10,y_leads_x,7.50093381667867e-07,1.083459089832951,0.2786046999993035,0.04274597086564913,74249,16,VNQ,VCR,5s
-9,y_leads_x,4.7038391867283425e-07,1.0834742820802317,0.27859796010752647,0.04274597086564913,74249,16,VNQ,VCR,5s
-8,y_leads_x,7.691909402313212e-07,1.5833208925211222,0.11334834333149457,0.04274597086564913,74249,16,VNQ,VCR,5s
-7,y_leads_x,3.0469149829570343e-07,0.622490930148306,0.5336191058249311,0.04274597086564913,74249,16,VNQ,VCR,5s
-6,y_leads_x,1.0844347968989412e-06,1.527950487370692,0.12652483159907477,0.04274597086564913,74249,16,VNQ,VCR,5s
-5,y_leads_x,2.9605281504875315e-07,0.637764324822949,0.5236271057731869,0.04274597086564913,74249,16,VNQ,VCR,5s
-4,y_leads_x,6.544557891362312e-07,1.097032324062091,0.27262726212677835,0.04274597086564913,74249,16,VNQ,VCR,5s
-3,y_leads_x,6.861810890675987e-07,1.1928966264262983,0.23290986062525576,0.04274597086564913,74249,16,VNQ,VCR,5s
-2,y_leads_x,-2.406569404565705e-07,-0.4954175576895444,0.6203054035343265,0.04274597086564913,74249,16,VNQ,VCR,5s
-1,y_leads_x,5.559102576340103e-07,0.9438780372765405,0.3452319764569447,0.04274597086564913,74249,16,VNQ,VCR,5s
0,contemporaneous,1.8810448710847603e-05,6.511921106879085,7.419568793548136e-11,0.04274597086564913,74249,16,VNQ,VCR,5s
1,x_leads_y,8.615041338129366e-06,6.90631407923857,4.9740808294432e-12,0.04274597086564913,74249,16,VNQ,VCR,5s
2,x_leads_y,2.4846757547649923e-06,4.374871118531499,1.2150424428150252e-05,0.04274597086564913,74249,16,VNQ,VCR,5s
3,x_leads_y,1.9901452855639914e-06,3.454809975981222,0.0005506807932740752,0.04274597086564913,74249,16,VNQ,VCR,5s
4,x_leads_y,1.6234379035875577e-06,3.678413689133246,0.00023468908305640862,0.04274597086564913,74249,16,VNQ,VCR,5s
5,x_leads_y,1.712922280053304e-06,4.655921785727055,3.2253436984712012e-06,0.04274597086564913,74249,16,VNQ,VCR,5s
6,x_leads_y,1.0178920324632674e-06,1.3688734523668076,0.1710388355050364,0.04274597086564913,74249,16,VNQ,VCR,5s
7,x_leads_y,1.0304395364014694e-06,1.8813068581033023,0.05993018864693383,0.04274597086564913,74249,16,VNQ,VCR,5s
8,x_leads_y,1.750459920869442e-07,0.2357318558258104,0.8136407490206674,0.04274597086564913,74249,16,VNQ,VCR,5s
9,x_leads_y,4.113858631278886e-07,0.7967796950981015,0.4255789896211497,0.04274597086564913,74249,16,VNQ,VCR,5s
10,x_leads_y,4.676597290242337e-07,0.9356920956391542,0.34943174151068357,0.04274597086564913,74249,16,VNQ,VCR,5s
-10,y_leads_x,-6.240411514664557e-07,-0.8113344636004518,0.4171736236685465,0.3357316017404761,70783,16,VOX,VGT,5s
-9,y_leads_x,-4.5871929915656167e-07,-0.9799778030184153,0.3270970756259911,0.3357316017404761,70783,16,VOX,VGT,5s
-8,y_leads_x,1.1706071317827741e-08,0.020453781129557272,0.9836813816697615,0.3357316017404761,70783,16,VOX,VGT,5s
-7,y_leads_x,-3.435148632503726e-07,-0.5778613711543412,0.5633577170340137,0.3357316017404761,70783,16,VOX,VGT,5s
-6,y_leads_x,4.914461912715682e-07,1.0475751151566493,0.2948344076082554,0.3357316017404761,70783,16,VOX,VGT,5s
-5,y_leads_x,2.8466365790410517e-07,0.41736066240879954,0.6764146235281939,0.3357316017404761,70783,16,VOX,VGT,5s
-4,y_leads_x,2.2139288629956515e-07,0.3449873068349291,0.7301039132935958,0.3357316017404761,70783,16,VOX,VGT,5s
-3,y_leads_x,2.111444727346256e-07,0.35098355701486045,0.7256006842528073,0.3357316017404761,70783,16,VOX,VGT,5s
-2,y_leads_x,1.7865568725198305e-06,1.9219635496400898,0.054610344416210835,0.3357316017404761,70783,16,VOX,VGT,5s
-1,y_leads_x,8.656722796164614e-06,11.902668647376874,1.1462210287212273e-32,0.3357316017404761,70783,16,VOX,VGT,5s
0,contemporaneous,7.039864432914245e-05,19.545127575998826,4.538555272545572e-85,0.3357316017404761,70783,16,VOX,VGT,5s
1,x_leads_y,1.5761522854915034e-06,1.875583001926933,0.06071256229361107,0.3357316017404761,70783,16,VOX,VGT,5s
2,x_leads_y,-7.928406568644949e-07,-1.2648327040183116,0.2059313051926588,0.3357316017404761,70783,16,VOX,VGT,5s
3,x_leads_y,-2.3583506409132716e-07,-0.3021460255524317,0.7625407477061303,0.3357316017404761,70783,16,VOX,VGT,5s
4,x_leads_y,3.797303528372621e-07,0.6069726613110927,0.5438690553310935,0.3357316017404761,70783,16,VOX,VGT,5s
5,x_leads_y,4.2294670163563095e-07,0.7265724669852108,0.46748789982454086,0.3357316017404761,70783,16,VOX,VGT,5s
6,x_leads_y,1.0785137554747816e-06,1.6959758247877132,0.08989045845983362,0.3357316017404761,70783,16,VOX,VGT,5s
7,x_leads_y,-3.501587665421261e-07,-0.6816251000461744,0.4954760394045751,0.3357316017404761,70783,16,VOX,VGT,5s
8,x_leads_y,9.347239005805522e-07,1.4937488984053622,0.13524126259587346,0.3357316017404761,70783,16,VOX,VGT,5s
9,x_leads_y,-2.1907253262622386e-07,-0.3382288350860728,0.7351907477407705,0.3357316017404761,70783,16,VOX,VGT,5s
10,x_leads_y,-9.066172566053674e-07,-1.4657099394610635,0.14272732518789175,0.3357316017404761,70783,16,VOX,VGT,5s
-10,y_leads_x,9.815612507654913e-08,0.21196969978872568,0.8321306732433407,0.20393592576075592,70783,16,VOX,VCR,5s
-9,y_leads_x,-8.596203172872997e-07,-2.9177943946843365,0.0035251670697834274,0.20393592576075592,70783,16,VOX,VCR,5s
-8,y_leads_x,8.234590598550227e-07,1.8671512618687118,0.06188046753372082,0.20393592576075592,70783,16,VOX,VCR,5s
-7,y_leads_x,-3.430152561138258e-08,-0.06208961417451724,0.9504914677294616,0.20393592576075592,70783,16,VOX,VCR,5s
-6,y_leads_x,5.413110301644278e-07,1.087662853871121,0.2767439720338212,0.20393592576075592,70783,16,VOX,VCR,5s
-5,y_leads_x,7.42747173866952e-07,1.4660637348617387,0.14263092430834357,0.20393592576075592,70783,16,VOX,VCR,5s
-4,y_leads_x,5.387920720150793e-07,1.0483796231214266,0.2944637379586682,0.20393592576075592,70783,16,VOX,VCR,5s
-3,y_leads_x,2.8715938835884216e-07,0.439934567044329,0.6599844991147827,0.20393592576075592,70783,16,VOX,VCR,5s
-2,y_leads_x,1.7591274730155787e-06,4.118599569478948,3.8118186118051096e-05,0.20393592576075592,70783,16,VOX,VCR,5s
-1,y_leads_x,5.217565007170666e-06,9.581273350897073,9.585575050780333e-22,0.20393592576075592,70783,16,VOX,VCR,5s
0,contemporaneous,4.33927752880713e-05,19.104445413249394,2.3187807179933114e-81,0.20393592576075592,70783,16,VOX,VCR,5s
1,x_leads_y,1.262463007990397e-05,11.303531128131748,1.2604567503283669e-29,0.20393592576075592,70783,16,VOX,VCR,5s
2,x_leads_y,4.892692774579129e-06,6.432361444817396,1.2563654161600616e-10,0.20393592576075592,70783,16,VOX,VCR,5s
3,x_leads_y,2.1657865805392446e-06,3.8537051816495804,0.00011634367749689563,0.20393592576075592,70783,16,VOX,VCR,5s
4,x_leads_y,4.339861835758144e-07,0.8296165256651588,0.4067556303153086,0.20393592576075592,70783,16,VOX,VCR,5s
5,x_leads_y,1.9924771575316436e-06,4.774096408432006,1.8051589688189308e-06,0.20393592576075592,70783,16,VOX,VCR,5s
6,x_leads_y,1.2925225332008874e-06,1.9852961325703307,0.04711153407616053,0.20393592576075592,70783,16,VOX,VCR,5s
7,x_leads_y,1.1080624575119015e-06,2.9583346198458487,0.0030930616230937496,0.20393592576075592,70783,16,VOX,VCR,5s
8,x_leads_y,-3.2474371329882105e-07,-0.5435785017999915,0.5867315569168259,0.20393592576075592,70783,16,VOX,VCR,5s
9,x_leads_y,3.035759273800043e-07,0.5058116001915804,0.6129889142910698,0.20393592576075592,70783,16,VOX,VCR,5s
10,x_leads_y,1.3754527854590507e-07,0.25200522826766336,0.8010370226243697,0.20393592576075592,70783,16,VOX,VCR,5s
-10,y_leads_x,6.430132227099948e-07,1.380339343920607,0.16748218646218627,0.25556325722395246,74120,16,VGT,VCR,5s
-9,y_leads_x,9.489720121832708e-08,0.1866190443053719,0.8519593338708886,0.25556325722395246,74120,16,VGT,VCR,5s
-8,y_leads_x,4.7454864950259245e-08,0.11810260721511714,0.9059863576533769,0.25556325722395246,74120,16,VGT,VCR,5s
-7,y_leads_x,-1.6249139147511606e-07,-0.3711387123486141,0.7105342185498625,0.25556325722395246,74120,16,VGT,VCR,5s
-6,y_leads_x,-2.0634146456989435e-07,-0.4625373486692597,0.6436960253043553,0.25556325722395246,74120,16,VGT,VCR,5s
-5,y_leads_x,2.5660369937412734e-07,0.6487185323613397,0.5165203234768103,0.25556325722395246,74120,16,VGT,VCR,5s
-4,y_leads_x,2.3396788278921018e-07,0.5859703151681135,0.5578954633742235,0.25556325722395246,74120,16,VGT,VCR,5s
-3,y_leads_x,1.748936972754234e-07,0.23560597137744335,0.8137384394054079,0.25556325722395246,74120,16,VGT,VCR,5s
-2,y_leads_x,1.4963986398925224e-06,3.7725482455675596,0.0001615887077437214,0.25556325722395246,74120,16,VGT,VCR,5s
-1,y_leads_x,1.7941856338696832e-06,5.1223200531788695,3.017990608700985e-07,0.25556325722395246,74120,16,VGT,VCR,5s
0,contemporaneous,4.7958566547835044e-05,23.580534621714364,6.105295953518997e-123,0.25556325722395246,74120,16,VGT,VCR,5s
1,x_leads_y,1.540559054726122e-05,14.568344304660345,4.4658375414782695e-48,0.25556325722395246,74120,16,VGT,VCR,5s
2,x_leads_y,4.728331911899665e-06,6.101899065025618,1.0481556144496495e-09,0.25556325722395246,74120,16,VGT,VCR,5s
3,x_leads_y,2.691731743874346e-06,3.8452629526895628,0.00012042323096632775,0.25556325722395246,74120,16,VGT,VCR,5s
4,x_leads_y,7.134785455857416e-07,1.1852865826746808,0.2359041566245612,0.25556325722395246,74120,16,VGT,VCR,5s
5,x_leads_y,1.4053052887350353e-06,2.842617617615051,0.004474471787239886,0.25556325722395246,74120,16,VGT,VCR,5s
6,x_leads_y,5.553422638578374e-07,0.950499451975663,0.34185853222944185,0.25556325722395246,74120,16,VGT,VCR,5s
7,x_leads_y,1.3514620257690395e-06,3.5929254510271464,0.00032698615982672025,0.25556325722395246,74120,16,VGT,VCR,5s
8,x_leads_y,-2.130563914681331e-07,-0.3730258236219229,0.7091292243908991,0.25556325722395246,74120,16,VGT,VCR,5s
9,x_leads_y,1.0680770174411343e-07,0.184436094052955,0.8536713565158861,0.25556325722395246,74120,16,VGT,VCR,5s
10,x_leads_y,-2.802790296338093e-07,-0.3820600813594063,0.7024168002579938,0.25556325722395246,74120,16,VGT,VCR,5s
-10,y_leads_x,6.904327621781762e-08,0.22976517540593205,0.8182742467766897,0.16013263708153314,115461,28,VFH,VIS,5s
-9,y_leads_x,2.509376918991523e-07,0.6056347276636322,0.5447573363572606,0.16013263708153314,115461,28,VFH,VIS,5s
-8,y_leads_x,2.3444625327725688e-07,0.5946818583668443,0.5520561507212165,0.16013263708153314,115461,28,VFH,VIS,5s
-7,y_leads_x,9.910789219148411e-07,2.63657590856289,0.008374746025291547,0.16013263708153314,115461,28,VFH,VIS,5s
-6,y_leads_x,7.340095350809938e-07,2.2787662936641726,0.022680961561758566,0.16013263708153314,115461,28,VFH,VIS,5s
-5,y_leads_x,-9.441424259434009e-08,-0.26257653813638426,0.7928769855253759,0.16013263708153314,115461,28,VFH,VIS,5s
-4,y_leads_x,-2.5659602808502035e-07,-0.6799903501613141,0.496510571068165,0.16013263708153314,115461,28,VFH,VIS,5s
-3,y_leads_x,-1.7859050705953794e-08,-0.06921005108102224,0.9448224226882493,0.16013263708153314,115461,28,VFH,VIS,5s
-2,y_leads_x,3.887205180242789e-08,0.0833760426681086,0.9335525373545226,0.16013263708153314,115461,28,VFH,VIS,5s
-1,y_leads_x,3.6930668655819635e-06,8.608858838673724,7.37914480753955e-18,0.16013263708153314,115461,28,VFH,VIS,5s
0,contemporaneous,2.8000550665876568e-05,26.167562877232093,6.220862267592409e-151,0.16013263708153314,115461,28,VFH,VIS,5s
1,x_leads_y,1.2802128488015238e-05,28.34542194233081,9.531396707112793e-177,0.16013263708153314,115461,28,VFH,VIS,5s
2,x_leads_y,5.769022596617464e-06,11.924586989706937,8.811995110226493e-33,0.16013263708153314,115461,28,VFH,VIS,5s
3,x_leads_y,3.088459121855287e-06,6.001929674631451,1.9498615746787795e-09,0.16013263708153314,115461,28,VFH,VIS,5s
4,x_leads_y,2.482510851510265e-06,4.759562143632878,1.9401338470380215e-06,0.16013263708153314,115461,28,VFH,VIS,5s
5,x_leads_y,1.643034907655382e-06,3.7893755142473062,0.00015102647043911788,0.16013263708153314,115461,28,VFH,VIS,5s
6,x_leads_y,1.4961237891817101e-06,4.127170151376355,3.672546602901632e-05,0.16013263708153314,115461,28,VFH,VIS,5s
7,x_leads_y,1.504293073701804e-06,3.608044999479993,0.0003085129890264416,0.16013263708153314,115461,28,VFH,VIS,5s
8,x_leads_y,1.1871818460689697e-06,2.8260417502228843,0.004712712112011885,0.16013263708153314,115461,28,VFH,VIS,5s
9,x_leads_y,9.341642552981221e-07,2.9872083387283195,0.002815377890513158,0.16013263708153314,115461,28,VFH,VIS,5s
10,x_leads_y,4.1892360451180933e-07,2.0004808868105037,0.0454483617740411,0.16013263708153314,115461,28,VFH,VIS,5s
-10,y_leads_x,-2.9639348005613e-07,-0.573641680116942,0.5662103007574679,0.12305892638194882,115463,28,VFH,VDE,5s
-9,y_leads_x,7.83579342270851e-07,1.4755877735626808,0.14005458933352535,0.12305892638194882,115463,28,VFH,VDE,5s
-8,y_leads_x,-2.227964774601335e-07,-0.46213228247414634,0.6439864610596343,0.12305892638194882,115463,28,VFH,VDE,5s
-7,y_leads_x,8.796991931042464e-08,0.13417577632182487,0.8932635803813688,0.12305892638194882,115463,28,VFH,VDE,5s
-6,y_leads_x,2.057810850161025e-07,0.26011022092221026,0.7947787540616111,0.12305892638194882,115463,28,VFH,VDE,5s
-5,y_leads_x,-1.8236674019187858e-07,-0.2601280196773167,0.7947650251192444,0.12305892638194882,115463,28,VFH,VDE,5s
-4,y_leads_x,6.878400814097597e-08,0.11678321332412255,0.9070318465450051,0.12305892638194882,115463,28,VFH,VDE,5s
-3,y_leads_x,-1.056372508670282e-07,-0.23653497347632055,0.8130175721723722,0.12305892638194882,115463,28,VFH,VDE,5s
-2,y_leads_x,1.495592584280324e-06,2.24692265564378,0.02464497053673115,0.12305892638194882,115463,28,VFH,VDE,5s
-1,y_leads_x,6.1783979094433116e-06,8.163001972686567,3.2679916543119833e-16,0.12305892638194882,115463,28,VFH,VDE,5s
0,contemporaneous,4.433968145951938e-05,58.12956137377486,0.0,0.12305892638194882,115463,28,VFH,VDE,5s
1,x_leads_y,4.212448779874999e-06,4.968087396669978,6.761648912610641e-07,0.12305892638194882,115463,28,VFH,VDE,5s
2,x_leads_y,-7.67982307098119e-08,-0.12413855367744084,0.9012055728146211,0.12305892638194882,115463,28,VFH,VDE,5s
3,x_leads_y,-1.4117708987846522e-06,-3.0911699035197735,0.001993695189613684,0.12305892638194882,115463,28,VFH,VDE,5s
4,x_leads_y,-1.4906729044527803e-07,-0.25816223052981774,0.7962817057717791,0.12305892638194882,115463,28,VFH,VDE,5s
5,x_leads_y,1.0123994329723257e-07,0.3133930071763308,0.7539820963066591,0.12305892638194882,115463,28,VFH,VDE,5s
6,x_leads_y,1.6674613427738642e-07,0.3493404778040851,0.7268337134187992,0.12305892638194882,115463,28,VFH,VDE,5s
7,x_leads_y,-5.695333893411076e-07,-1.2069375384102512,0.22745619971250386,0.12305892638194882,115463,28,VFH,VDE,5s
8,x_leads_y,-2.0420527052860067e-08,-0.040386968003318965,0.9677846198001749,0.12305892638194882,115463,28,VFH,VDE,5s
9,x_leads_y,-5.62362008702573e-07,-0.872870714384473,0.38273355036448964,0.12305892638194882,115463,28,VFH,VDE,5s
10,x_leads_y,6.015893289676316e-07,2.474576900953595,0.013339409940386567,0.12305892638194882,115463,28,VFH,VDE,5s
-10,y_leads_x,1.0873049502383952e-06,2.07205547280948,0.03826026819862578,0.07167048544969501,103464,28,VIS,VDE,5s
-9,y_leads_x,7.233243084572794e-07,1.350669052950693,0.17680146990495638,0.07167048544969501,103464,28,VIS,VDE,5s
-8,y_leads_x,1.001469045008727e-06,1.5774815858224847,0.11468475586571329,0.07167048544969501,103464,28,VIS,VDE,5s
-7,y_leads_x,1.1449058163212927e-06,1.884308266899879,0.05952328984924806,0.07167048544969501,103464,28,VIS,VDE,5s
-6,y_leads_x,-4.145894944152139e-07,-0.8555724733612833,0.392234301203233,0.07167048544969501,103464,28,VIS,VDE,5s
-5,y_leads_x,1.4015337269410506e-06,2.512168159300645,0.011999189620855314,0.07167048544969501,103464,28,VIS,VDE,5s
-4,y_leads_x,1.2969387465901744e-06,2.0061022519511105,0.04484533965382785,0.07167048544969501,103464,28,VIS,VDE,5s
-3,y_leads_x,7.412218840878459e-08,0.08625005606516678,0.9312676399401227,0.07167048544969501,103464,28,VIS,VDE,5s
-2,y_leads_x,4.728316451591337e-06,6.3832282748818825,1.733931331071296e-10,0.07167048544969501,103464,28,VIS,VDE,5s
-1,y_leads_x,1.1320805827175495e-05,12.681915933216434,7.4488546766089646e-37,0.07167048544969501,103464,28,VIS,VDE,5s
0,contemporaneous,3.1185347248717086e-05,21.570895996527362,3.3710136058503886e-103,0.07167048544969501,103464,28,VIS,VDE,5s
1,x_leads_y,-7.919504483192279e-07,-1.0686381939997132,0.2852327312733527,0.07167048544969501,103464,28,VIS,VDE,5s
2,x_leads_y,-2.670592274842434e-06,-3.9053541890637944,9.408747655095036e-05,0.07167048544969501,103464,28,VIS,VDE,5s
3,x_leads_y,-2.6169070660507986e-06,-2.8870229675243886,0.0038890584033601486,0.07167048544969501,103464,28,VIS,VDE,5s
4,x_leads_y,-1.3724995714945364e-06,-1.5215627638466307,0.12811867361708065,0.07167048544969501,103464,28,VIS,VDE,5s
5,x_leads_y,2.1627048915414744e-07,0.3553463809580044,0.7223301127321349,0.07167048544969501,103464,28,VIS,VDE,5s
6,x_leads_y,-6.503178308460739e-07,-1.4586225756104778,0.1446690165040309,0.07167048544969501,103464,28,VIS,VDE,5s
7,x_leads_y,-2.0088168819075073e-07,-0.24692462928498246,0.8049665549906759,0.07167048544969501,103464,28,VIS,VDE,5s
8,x_leads_y,-1.0513758484254588e-06,-1.4284874824506626,0.15315159501282705,0.07167048544969501,103464,28,VIS,VDE,5s
9,x_leads_y,3.2175444645393063e-07,0.5492343778570496,0.5828446149235176,0.07167048544969501,103464,28,VIS,VDE,5s
10,x_leads_y,-2.7170656855498196e-09,-0.006865741139541479,0.9945219741838879,0.07167048544969501,103464,28,VIS,VDE,5s
-10,y_leads_x,2.9506568686671225e-07,0.6847227396200767,0.4935188968572788,0.17127819661816202,70118,17,VFH,VIS,5s
-9,y_leads_x,5.16797153510636e-07,0.8632996009271922,0.3879727635608978,0.17127819661816202,70118,17,VFH,VIS,5s
-8,y_leads_x,2.3301067682880298e-07,0.46022698085044866,0.6453533065603085,0.17127819661816202,70118,17,VFH,VIS,5s
-7,y_leads_x,1.2683167038059147e-06,2.545674733308425,0.010906676312811297,0.17127819661816202,70118,17,VFH,VIS,5s
-6,y_leads_x,9.28560829723351e-07,2.167848883597861,0.030170186122183362,0.17127819661816202,70118,17,VFH,VIS,5s
-5,y_leads_x,-2.363180086719465e-07,-0.5085631299143721,0.6110584782193953,0.17127819661816202,70118,17,VFH,VIS,5s
-4,y_leads_x,-2.862688435470624e-07,-0.6010040586875008,0.5478372830182151,0.17127819661816202,70118,17,VFH,VIS,5s
-3,y_leads_x,3.392094078472864e-07,0.9929397811683909,0.3207393017341478,0.17127819661816202,70118,17,VFH,VIS,5s
-2,y_leads_x,-3.8231170206243794e-07,-0.5871914210328008,0.5570751534519773,0.17127819661816202,70118,17,VFH,VIS,5s
-1,y_leads_x,3.6470518039558288e-06,6.538537030733505,6.21235047979774e-11,0.17127819661816202,70118,17,VFH,VIS,5s
0,contemporaneous,3.0049164105215643e-05,19.598918464276984,1.5794521456716818e-85,0.17127819661816202,70118,17,VFH,VIS,5s
1,x_leads_y,1.4297948584959697e-05,28.640703292319778,2.0928746694752197e-180,0.17127819661816202,70118,17,VFH,VIS,5s
2,x_leads_y,6.2760160626851e-06,8.758687731954709,1.975365157814063e-18,0.17127819661816202,70118,17,VFH,VIS,5s
3,x_leads_y,3.524635439164422e-06,4.840703224460504,1.2938046873510852e-06,0.17127819661816202,70118,17,VFH,VIS,5s
4,x_leads_y,2.785124579308276e-06,3.7186467993129453,0.00020029288029907918,0.17127819661816202,70118,17,VFH,VIS,5s
5,x_leads_y,2.2238902400888217e-06,3.5344341431624584,0.0004086492567145423,0.17127819661816202,70118,17,VFH,VIS,5s
6,x_leads_y,1.9468561033637215e-06,4.690768553572118,2.7218072040812696e-06,0.17127819661816202,70118,17,VFH,VIS,5s
7,x_leads_y,1.4422395337615437e-06,2.8399753233884946,0.004511702377129862,0.17127819661816202,70118,17,VFH,VIS,5s
8,x_leads_y,1.8814627561160288e-06,3.7885623516435163,0.00015152156689359712,0.17127819661816202,70118,17,VFH,VIS,5s
9,x_leads_y,1.3978165821963916e-06,3.41812118719032,0.0006305502444090099,0.17127819661816202,70118,17,VFH,VIS,5s
10,x_leads_y,6.811622330166959e-07,2.7722112805572703,0.005567688587413933,0.17127819661816202,70118,17,VFH,VIS,5s
-10,y_leads_x,-3.857351967972074e-07,-0.6781682747090669,0.4976650053518149,0.10961292617322582,70118,17,VFH,VCR,5s
-9,y_leads_x,4.855741554652067e-07,1.0998723155207022,0.27138775848326036,0.10961292617322582,70118,17,VFH,VCR,5s
-8,y_leads_x,-1.2849285472264498e-07,-0.27631583074619526,0.7823054978887509,0.10961292617322582,70118,17,VFH,VCR,5s
-7,y_leads_x,-3.895899209021417e-07,-0.7931462496795927,0.42769261937156533,0.10961292617322582,70118,17,VFH,VCR,5s
-6,y_leads_x,6.441269344342962e-07,1.3727666156615725,0.16982491229953567,0.10961292617322582,70118,17,VFH,VCR,5s
-5,y_leads_x,7.279557347954158e-07,1.4819584694539736,0.1383513458060968,0.10961292617322582,70118,17,VFH,VCR,5s
-4,y_leads_x,9.168990696394777e-07,1.8508167191670093,0.06419592495972831,0.10961292617322582,70118,17,VFH,VCR,5s
-3,y_leads_x,4.968869119718843e-07,1.2683246430282162,0.20468204021762393,0.10961292617322582,70118,17,VFH,VCR,5s
-2,y_leads_x,4.1218005336317227e-07,0.726778935524686,0.4673613889956094,0.10961292617322582,70118,17,VFH,VCR,5s
-1,y_leads_x,3.868151333463034e-06,5.5702071299357065,2.5443667126997502e-08,0.10961292617322582,70118,17,VFH,VCR,5s
0,contemporaneous,3.200117045028645e-05,8.611745271173652,7.195659190643959e-18,0.10961292617322582,70118,17,VFH,VCR,5s
1,x_leads_y,1.1987202274099321e-05,6.551451103349581,5.698064588509459e-11,0.10961292617322582,70118,17,VFH,VCR,5s
2,x_leads_y,4.176555460713524e-06,5.052332035827751,4.3644811664642496e-07,0.10961292617322582,70118,17,VFH,VCR,5s
3,x_leads_y,2.0939482062573597e-06,2.638727022397143,0.008321796017527935,0.10961292617322582,70118,17,VFH,VCR,5s
4,x_leads_y,8.674871079963279e-07,1.3432902096395725,0.17917802101833125,0.10961292617322582,70118,17,VFH,VCR,5s
5,x_leads_y,2.2489804471016015e-06,4.214324253840412,2.5052714383444388e-05,0.10961292617322582,70118,17,VFH,VCR,5s
6,x_leads_y,5.572958800171544e-07,0.8486832449018871,0.39605757190362734,0.10961292617322582,70118,17,VFH,VCR,5s
7,x_leads_y,7.015706211626324e-08,0.21237323664703878,0.8318158636139625,0.10961292617322582,70118,17,VFH,VCR,5s
8,x_leads_y,1.0759636199237845e-07,0.3378329897362587,0.7354890477722065,0.10961292617322582,70118,17,VFH,VCR,5s
9,x_leads_y,1.4692412214445104e-06,3.725687077321392,0.0001947839262656281,0.10961292617322582,70118,17,VFH,VCR,5s
10,x_leads_y,1.2546316820010192e-07,0.39910356970502286,0.6898168921009348,0.10961292617322582,70118,17,VFH,VCR,5s
-10,y_leads_x,-3.436513518174433e-07,-0.49263290359921386,0.6222719945599844,0.13782485062086713,70118,17,VFH,VDE,5s
-9,y_leads_x,1.0335073944998012e-06,1.4525447191861822,0.14635020429831552,0.13782485062086713,70118,17,VFH,VDE,5s
-8,y_leads_x,-7.849427279261186e-07,-1.2591934324550815,0.20796047316297706,0.13782485062086713,70118,17,VFH,VDE,5s
-7,y_leads_x,3.3049521526131534e-07,0.3419550667127005,0.7323847075537175,0.13782485062086713,70118,17,VFH,VDE,5s
-6,y_leads_x,1.5054855693025418e-07,0.13353177856379503,0.8937728336422026,0.13782485062086713,70118,17,VFH,VDE,5s
-5,y_leads_x,-6.369639435743819e-07,-0.6422529336986,0.5207089686083015,0.13782485062086713,70118,17,VFH,VDE,5s
-4,y_leads_x,6.13720057782609e-08,0.07106565564635822,0.9433455018592364,0.13782485062086713,70118,17,VFH,VDE,5s
-3,y_leads_x,-2.2937160640984864e-07,-0.37251580441121246,0.7095088471389073,0.13782485062086713,70118,17,VFH,VDE,5s
-2,y_leads_x,1.402564512314005e-06,1.41481117799893,0.1571238658449045,0.13782485062086713,70118,17,VFH,VDE,5s
-1,y_leads_x,6.34271293539836e-06,6.240056255930366,4.374135533909167e-10,0.13782485062086713,70118,17,VFH,VDE,5s
0,contemporaneous,4.77880989958565e-05,46.47376934129106,0.0,0.13782485062086713,70118,17,VFH,VDE,5s
1,x_leads_y,4.552571586270917e-06,3.656028819621905,0.00025615256999680924,0.13782485062086713,70118,17,VFH,VDE,5s
2,x_leads_y,-2.423139028304139e-07,-0.28170219906076854,0.7781718681467983,0.13782485062086713,70118,17,VFH,VDE,5s
3,x_leads_y,-1.6486488815761484e-06,-2.6105474006116367,0.009039744338573937,0.13782485062086713,70118,17,VFH,VDE,5s
4,x_leads_y,-2.2068073433064662e-07,-0.3167295149448508,0.7514488512495339,0.13782485062086713,70118,17,VFH,VDE,5s
5,x_leads_y,2.8408562814161943e-07,0.7399083273999115,0.4593556211852434,0.13782485062086713,70118,17,VFH,VDE,5s
6,x_leads_y,4.890676105818061e-07,0.8744530499627426,0.3818715778976681,0.13782485062086713,70118,17,VFH,VDE,5s
7,x_leads_y,-5.700754524004456e-07,-0.9446433358488817,0.34484099482922903,0.13782485062086713,70118,17,VFH,VDE,5s
8,x_leads_y,-3.328696977231936e-07,-0.5201243951220876,0.6029768763609176,0.13782485062086713,70118,17,VFH,VDE,5s
9,x_leads_y,-6.053767648340458e-07,-0.6970152226710511,0.4857932672397637,0.13782485062086713,70118,17,VFH,VDE,5s
10,x_leads_y,6.471173602048235e-07,2.3829439693231307,0.017174808196388575,0.13782485062086713,70118,17,VFH,VDE,5s
-10,y_leads_x,-2.629196292753694e-07,-0.6283722364714135,0.5297601202743475,0.10903858296151303,70118,17,VFH,VOX,5s
-9,y_leads_x,-7.432766154585102e-08,-0.12613534488886885,0.8996247897201904,0.10903858296151303,70118,17,VFH,VOX,5s
-8,y_leads_x,-2.4811946839301747e-07,-0.5081209423637953,0.6113685292637432,0.10903858296151303,70118,17,VFH,VOX,5s
-7,y_leads_x,-9.156462211324089e-08,-0.2681932715762758,0.7885505538533073,0.10903858296151303,70118,17,VFH,VOX,5s
-6,y_leads_x,-4.461688267476178e-07,-0.7355146042725694,0.46202614900392514,0.10903858296151303,70118,17,VFH,VOX,5s
-5,y_leads_x,-2.4178570383792853e-07,-0.3710810520489828,0.7105771633796462,0.10903858296151303,70118,17,VFH,VOX,5s
-4,y_leads_x,-2.842880123755036e-07,-0.6685456372242379,0.5037853605721986,0.10903858296151303,70118,17,VFH,VOX,5s
-3,y_leads_x,6.543313525592298e-07,1.4712176473223963,0.1412322661546179,0.10903858296151303,70118,17,VFH,VOX,5s
-2,y_leads_x,1.3567854347598688e-06,2.6031488277373973,0.009237184533209354,0.10903858296151303,70118,17,VFH,VOX,5s
-1,y_leads_x,3.481396674861455e-06,6.627447801340651,3.415403491186839e-11,0.10903858296151303,70118,17,VFH,VOX,5s
0,contemporaneous,3.1432204614850244e-05,9.212339400244618,3.1909332181069234e-20,0.10903858296151303,70118,17,VFH,VOX,5s
1,x_leads_y,5.19475063826641e-06,5.6634284155337955,1.4837808608160369e-08,0.10903858296151303,70118,17,VFH,VOX,5s
2,x_leads_y,4.7510928051232164e-07,0.68502201082543,0.4933300316137045,0.10903858296151303,70118,17,VFH,VOX,5s
3,x_leads_y,2.637031599913877e-07,0.43827308067791243,0.6611883374606438,0.10903858296151303,70118,17,VFH,VOX,5s
4,x_leads_y,-7.508405243295108e-07,-1.4867930364893882,0.13706948124265356,0.10903858296151303,70118,17,VFH,VOX,5s
5,x_leads_y,1.0621375879674989e-06,2.1060902501011025,0.035196513591522906,0.10903858296151303,70118,17,VFH,VOX,5s
6,x_leads_y,-8.592508907406741e-07,-1.5850742577182158,0.11294946355781835,0.10903858296151303,70118,17,VFH,VOX,5s
7,x_leads_y,2.6237600171847436e-07,0.6127879561905029,0.5400165554331933,0.10903858296151303,70118,17,VFH,VOX,5s
8,x_leads_y,-1.1218141596026528e-07,-0.2786043645078395,0.7805484628932138,0.10903858296151303,70118,17,VFH,VOX,5s
9,x_leads_y,2.761736946713414e-07,0.5935964085248046,0.5527820837339872,0.10903858296151303,70118,17,VFH,VOX,5s
10,x_leads_y,1.034666519656676e-06,2.3736541452361046,0.017613039597385974,0.10903858296151303,70118,17,VFH,VOX,5s
-10,y_leads_x,-1.3563055629661432e-06,-1.9509168294345576,0.05106694032213329,0.09625251664714307,70118,17,VFH,VGT,5s
-9,y_leads_x,5.312261564697234e-07,1.1275008160903643,0.2595307956594497,0.09625251664714307,70118,17,VFH,VGT,5s
-8,y_leads_x,3.945421776229065e-07,0.7534461171858509,0.4511818789527219,0.09625251664714307,70118,17,VFH,VGT,5s
-7,y_leads_x,8.465218195108065e-07,1.1331558243236202,0.2571488217276068,0.09625251664714307,70118,17,VFH,VGT,5s
-6,y_leads_x,2.728208985032765e-07,0.4585409135968121,0.6465638755598917,0.09625251664714307,70118,17,VFH,VGT,5s
-5,y_leads_x,1.2026158595207877e-07,0.2060797586721473,0.8367286096553155,0.09625251664714307,70118,17,VFH,VGT,5s
-4,y_leads_x,3.271395605025867e-07,0.48580023688555385,0.6271088063374395,0.09625251664714307,70118,17,VFH,VGT,5s
-3,y_leads_x,7.153794694092116e-07,1.1994241978420819,0.2303630432062711,0.09625251664714307,70118,17,VFH,VGT,5s
-2,y_leads_x,1.0225279434195638e-06,1.2271274789996942,0.2197746812380692,0.09625251664714307,70118,17,VFH,VGT,5s
-1,y_leads_x,4.362108631886311e-06,4.483971784781284,7.326635431848534e-06,0.09625251664714307,70118,17,VFH,VGT,5s
0,contemporaneous,3.831313980007714e-05,6.2410057465852695,4.3476627330588147e-10,0.09625251664714307,70118,17,VFH,VGT,5s
1,x_leads_y,2.2614431520496653e-06,2.3846451021316333,0.017095604681024747,0.09625251664714307,70118,17,VFH,VGT,5s
2,x_leads_y,2.1481635022649222e-07,0.25395056428776225,0.7995337502499036,0.09625251664714307,70118,17,VFH,VGT,5s
3,x_leads_y,2.9605423255622944e-07,0.45495625683117613,0.6491407090513647,0.09625251664714307,70118,17,VFH,VGT,5s
4,x_leads_y,3.1567845350808846e-07,0.6694421201552887,0.5032134906954404,0.09625251664714307,70118,17,VFH,VGT,5s
5,x_leads_y,2.5265310259532536e-07,0.39650538316229933,0.6917322374167707,0.09625251664714307,70118,17,VFH,VGT,5s
6,x_leads_y,-2.0821079524225932e-07,-0.4420709986535124,0.658437829889523,0.09625251664714307,70118,17,VFH,VGT,5s
7,x_leads_y,-3.376004845102786e-07,-0.4389069325475089,0.6607289732788499,0.09625251664714307,70118,17,VFH,VGT,5s
8,x_leads_y,-1.8026787247609456e-07,-0.1998990133707558,0.8415595620863695,0.09625251664714307,70118,17,VFH,VGT,5s
9,x_leads_y,1.230729616553185e-06,2.5618286907060477,0.010412266320107529,0.09625251664714307,70118,17,VFH,VGT,5s
10,x_leads_y,2.5154451992877853e-07,0.9851750436849463,0.3245380969138866,0.09625251664714307,70118,17,VFH,VGT,5s
-10,y_leads_x,3.1880095201213814e-08,0.09524194060545749,0.9241226575918517,0.08472007526671788,70118,17,VFH,VDC,5s
-9,y_leads_x,-2.443999804520935e-08,-0.10688424487025908,0.9148808123550897,0.08472007526671788,70118,17,VFH,VDC,5s
-8,y_leads_x,-3.970243636013782e-07,-1.1577424575863438,0.24696915195951064,0.08472007526671788,70118,17,VFH,VDC,5s
-7,y_leads_x,-6.28085186631104e-08,-0.14669534283745853,0.8833724947138143,0.08472007526671788,70118,17,VFH,VDC,5s
-6,y_leads_x,-2.18817462774314e-07,-1.104580329833372,0.2693414782141017,0.08472007526671788,70118,17,VFH,VDC,5s
-5,y_leads_x,2.8690370954270715e-07,0.6774870502399118,0.4980969836432617,0.08472007526671788,70118,17,VFH,VDC,5s
-4,y_leads_x,1.4842369074022587e-07,0.37976511865064544,0.7041197771792935,0.08472007526671788,70118,17,VFH,VDC,5s
-3,y_leads_x,1.3937949860268346e-08,0.03703005971153768,0.9704610379868982,0.08472007526671788,70118,17,VFH,VDC,5s
-2,y_leads_x,1.1132822927343063e-07,0.23036035016185202,0.8178117686483225,0.08472007526671788,70118,17,VFH,VDC,5s
-1,y_leads_x,8.533076542607928e-07,1.7143511786592949,0.08646424911197625,0.08472007526671788,70118,17,VFH,VDC,5s
0,contemporaneous,1.6944443566081535e-05,17.637164030518793,1.2771167474716145e-69,0.08472007526671788,70118,17,VFH,VDC,5s
1,x_leads_y,8.38120582522601e-06,9.440167002044523,3.721857291113667e-21,0.08472007526671788,70118,17,VFH,VDC,5s
2,x_leads_y,4.150428709490278e-06,7.929962543910637,2.1921199265591767e-15,0.08472007526671788,70118,17,VFH,VDC,5s
3,x_leads_y,1.641535754035772e-06,3.102527533217815,0.0019187569843717592,0.08472007526671788,70118,17,VFH,VDC,5s
4,x_leads_y,1.1643837547601131e-06,3.418582679585803,0.0006294819008771028,0.08472007526671788,70118,17,VFH,VDC,5s
5,x_leads_y,1.0940624700925625e-06,2.284672032718061,0.022332065706634457,0.08472007526671788,70118,17,VFH,VDC,5s
6,x_leads_y,2.148037451587107e-07,0.5902731870137957,0.5550075124827425,0.08472007526671788,70118,17,VFH,VDC,5s
7,x_leads_y,-3.804285618286323e-08,-0.1005316306515378,0.9199222724018498,0.08472007526671788,70118,17,VFH,VDC,5s
8,x_leads_y,5.563008961538675e-07,1.5606471086688842,0.118607037140619,0.08472007526671788,70118,17,VFH,VDC,5s
9,x_leads_y,7.745729815376813e-07,1.6276462557655096,0.10359991507291451,0.08472007526671788,70118,17,VFH,VDC,5s
10,x_leads_y,2.366439800956511e-07,0.9786456833395538,0.327755078694843,0.08472007526671788,70118,17,VFH,VDC,5s
-10,y_leads_x,-2.157663066974016e-08,-0.038746726970667236,0.9690923186244966,0.18930271043575841,70118,17,VFH,VAW,5s
-9,y_leads_x,3.935623665885851e-08,0.0742678689502612,0.9407972432657403,0.18930271043575841,70118,17,VFH,VAW,5s
-8,y_leads_x,3.846402042520546e-07,0.7253501268466056,0.4682372610636315,0.18930271043575841,70118,17,VFH,VAW,5s
-7,y_leads_x,-5.525189861725496e-07,-1.4703247110449686,0.14147383148983542,0.18930271043575841,70118,17,VFH,VAW,5s
-6,y_leads_x,1.2989939946769915e-07,0.2942125775650978,0.7685954702553568,0.18930271043575841,70118,17,VFH,VAW,5s
-5,y_leads_x,-1.1096957399495707e-07,-0.2650096365336324,0.791002038272662,0.18930271043575841,70118,17,VFH,VAW,5s
-4,y_leads_x,2.8384287664717445e-07,0.7261148120766597,0.4677683893907678,0.18930271043575841,70118,17,VFH,VAW,5s
-3,y_leads_x,-4.6638665564522076e-08,-0.1199842122887328,0.9044956543707235,0.18930271043575841,70118,17,VFH,VAW,5s
-2,y_leads_x,6.202359344120971e-07,1.2675486333533847,0.20495918553803438,0.18930271043575841,70118,17,VFH,VAW,5s
-1,y_leads_x,2.418397996278381e-06,2.653049618926678,0.007976814383844488,0.18930271043575841,70118,17,VFH,VAW,5s
0,contemporaneous,2.6075537502715005e-05,22.978456943773857,7.655930880778184e-117,0.18930271043575841,70118,17,VFH,VAW,5s
1,x_leads_y,1.575935115963843e-05,23.903879048428088,2.791084765111593e-126,0.18930271043575841,70118,17,VFH,VAW,5s
2,x_leads_y,8.91282477521099e-06,15.361918152031706,2.9472390218587586e-53,0.18930271043575841,70118,17,VFH,VAW,5s
3,x_leads_y,3.9150460001200235e-06,6.6313694637980864,3.325865909551223e-11,0.18930271043575841,70118,17,VFH,VAW,5s
4,x_leads_y,3.3510318932014746e-06,10.849034820478524,2.0154228557341228e-27,0.18930271043575841,70118,17,VFH,VAW,5s
5,x_leads_y,2.538723304109436e-06,6.107529169758997,1.011853238169282e-09,0.18930271043575841,70118,17,VFH,VAW,5s
6,x_leads_y,1.0029939546565923e-06,1.7435505443387522,0.08123749343219253,0.18930271043575841,70118,17,VFH,VAW,5s
7,x_leads_y,8.132471414769454e-07,1.9305956898181853,0.05353307131342377,0.18930271043575841,70118,17,VFH,VAW,5s
8,x_leads_y,5.944737882226677e-07,1.6203088303343918,0.10516595299385373,0.18930271043575841,70118,17,VFH,VAW,5s
9,x_leads_y,9.198407286108307e-07,2.3614393715748903,0.018204148284290015,0.18930271043575841,70118,17,VFH,VAW,5s
10,x_leads_y,2.7793294816358806e-07,4.767642003341178,1.8639461218895974e-06,0.18930271043575841,70118,17,VFH,VAW,5s
-10,y_leads_x,1.8459026772069626e-06,2.9533290881175716,0.0031436663341331225,0.12361804148856248,63646,17,VIS,VCR,5s
-9,y_leads_x,-3.6729207778628233e-07,-0.6924059562621122,0.48868242637108295,0.12361804148856248,63646,17,VIS,VCR,5s
-8,y_leads_x,5.637955605144543e-07,0.9763022923122038,0.32891468432819504,0.12361804148856248,63646,17,VIS,VCR,5s
-7,y_leads_x,3.4988560605304863e-07,0.5327767579908732,0.594188124494599,0.12361804148856248,63646,17,VIS,VCR,5s
-6,y_leads_x,1.1185561520691297e-08,0.026467753154219727,0.9788842538389102,0.12361804148856248,63646,17,VIS,VCR,5s
-5,y_leads_x,1.523740619319465e-06,2.6281466598900116,0.008585149323645923,0.12361804148856248,63646,17,VIS,VCR,5s
-4,y_leads_x,1.5562189404923897e-06,3.2690746678024554,0.001078998237236871,0.12361804148856248,63646,17,VIS,VCR,5s
-3,y_leads_x,2.003208901830186e-06,6.290961726852293,3.155051243589782e-10,0.12361804148856248,63646,17,VIS,VCR,5s
-2,y_leads_x,3.3083695687748735e-06,5.663465054857582,1.483463925717684e-08,0.12361804148856248,63646,17,VIS,VCR,5s
-1,y_leads_x,1.0309517302412932e-05,8.470954960228639,2.4338934150672258e-17,0.12361804148856248,63646,17,VIS,VCR,5s
0,contemporaneous,3.2686038379013616e-05,8.600089641665507,7.965385881827119e-18,0.12361804148856248,63646,17,VIS,VCR,5s
1,x_leads_y,7.78341987593926e-06,6.320331400241424,2.6100295676074736e-10,0.12361804148856248,63646,17,VIS,VCR,5s
2,x_leads_y,1.1149405051256105e-06,1.4852095015608207,0.13748833582941317,0.12361804148856248,63646,17,VIS,VCR,5s
3,x_leads_y,2.276171555378803e-07,0.44056510065143284,0.659527872906061,0.12361804148856248,63646,17,VIS,VCR,5s
4,x_leads_y,9.006495522057951e-07,1.2143303930462341,0.2246215840697796,0.12361804148856248,63646,17,VIS,VCR,5s
5,x_leads_y,-4.577650314644825e-07,-1.061804524721382,0.2883244352762937,0.12361804148856248,63646,17,VIS,VCR,5s
6,x_leads_y,-4.3938946628883965e-07,-0.7385202643824156,0.4601983576262588,0.12361804148856248,63646,17,VIS,VCR,5s
7,x_leads_y,-4.769164976817848e-07,-1.0586568863978203,0.2897560694307503,0.12361804148856248,63646,17,VIS,VCR,5s
8,x_leads_y,6.758842288894757e-07,1.0119874269476203,0.3115440650720265,0.12361804148856248,63646,17,VIS,VCR,5s
9,x_leads_y,-8.329426934271605e-07,-1.0408872126094366,0.29792789715981716,0.12361804148856248,63646,17,VIS,VCR,5s
10,x_leads_y,-1.4346294824728718e-07,-0.5196559803342848,0.6033033730928095,0.12361804148856248,63646,17,VIS,VCR,5s
-10,y_leads_x,1.249962377644957e-06,1.9489611260611168,0.05130006730011313,0.07895365151564182,63646,17,VIS,VDE,5s
-9,y_leads_x,8.808196785849695e-07,1.1810929822647454,0.2375657874766116,0.07895365151564182,63646,17,VIS,VDE,5s
-8,y_leads_x,1.4118040081254681e-06,2.282905789404967,0.022435918396168188,0.07895365151564182,63646,17,VIS,VDE,5s
-7,y_leads_x,1.283151393980228e-06,1.4893103437849788,0.13640566515981478,0.07895365151564182,63646,17,VIS,VDE,5s
-6,y_leads_x,-1.372609506979812e-06,-2.780662470629666,0.0054248107049071495,0.07895365151564182,63646,17,VIS,VDE,5s
-5,y_leads_x,1.3856911662736624e-06,2.017152952709239,0.04367955406254825,0.07895365151564182,63646,17,VIS,VDE,5s
-4,y_leads_x,1.7062561161668116e-06,1.9587283959624757,0.05014460310722261,0.07895365151564182,63646,17,VIS,VDE,5s
-3,y_leads_x,-3.728141567415678e-07,-0.3231442555287916,0.7465859955330966,0.07895365151564182,63646,17,VIS,VDE,5s
-2,y_leads_x,5.109351491186714e-06,4.778746467830639,1.7639144603846621e-06,0.07895365151564182,63646,17,VIS,VDE,5s
-1,y_leads_x,1.175383373072246e-05,8.684925345083165,3.789912055499113e-18,0.07895365151564182,63646,17,VIS,VDE,5s
0,contemporaneous,3.286137898680722e-05,16.688018623867233,1.6019978194215042e-62,0.07895365151564182,63646,17,VIS,VDE,5s
1,x_leads_y,-1.1035272109901838e-06,-1.1658996154310455,0.24365503450014947,0.07895365151564182,63646,17,VIS,VDE,5s
2,x_leads_y,-4.0045837713851885e-06,-4.193411201601043,2.747906727852474e-05,0.07895365151564182,63646,17,VIS,VDE,5s
3,x_leads_y,-3.505513591297566e-06,-2.8586289050730214,0.004254762007331334,0.07895365151564182,63646,17,VIS,VDE,5s
4,x_leads_y,-1.4235188537425274e-06,-1.0420004524985407,0.29741146915654126,0.07895365151564182,63646,17,VIS,VDE,5s
5,x_leads_y,2.4197057346622044e-07,0.31801228832286615,0.7504756156835211,0.07895365151564182,63646,17,VIS,VDE,5s
6,x_leads_y,-1.4089191441706896e-07,-0.29111438459862765,0.7709638388290185,0.07895365151564182,63646,17,VIS,VDE,5s
7,x_leads_y,-2.1688431992832163e-07,-0.2083567915622275,0.8349503912533824,0.07895365151564182,63646,17,VIS,VDE,5s
8,x_leads_y,-1.6697101713461847e-06,-2.480577955530105,0.013116957818332192,0.07895365151564182,63646,17,VIS,VDE,5s
9,x_leads_y,-1.3723598312183859e-07,-0.17099243149046697,0.8642297167479782,0.07895365151564182,63646,17,VIS,VDE,5s
10,x_leads_y,1.345642036602993e-07,0.2870597532470111,0.7740665680693425,0.07895365151564182,63646,17,VIS,VDE,5s
-10,y_leads_x,-4.7325060641378545e-07,-0.9346900523767014,0.349948054900883,0.09918349882228383,63646,17,VIS,VOX,5s
-9,y_leads_x,-1.4805864016058933e-07,-0.2550142634043261,0.798712082760992,0.09918349882228383,63646,17,VIS,VOX,5s
-8,y_leads_x,-2.32555247489213e-07,-0.5440041984050048,0.5864385837501396,0.09918349882228383,63646,17,VIS,VOX,5s
-7,y_leads_x,7.654814598247559e-07,1.3199763734496466,0.18684290640279566,0.09918349882228383,63646,17,VIS,VOX,5s
-6,y_leads_x,1.188421176859295e-07,0.22194838337602787,0.8243540652121293,0.09918349882228383,63646,17,VIS,VOX,5s
-5,y_leads_x,1.056695404324905e-06,2.259100398743857,0.023877140355167463,0.09918349882228383,63646,17,VIS,VOX,5s
-4,y_leads_x,1.0872669372745335e-06,2.254621272518717,0.02415711104565424,0.09918349882228383,63646,17,VIS,VOX,5s
-3,y_leads_x,1.1679033118472334e-06,2.5732818033644578,0.010073914561945617,0.09918349882228383,63646,17,VIS,VOX,5s
-2,y_leads_x,2.4218964646539843e-06,4.774370215744559,1.8027049260965228e-06,0.09918349882228383,63646,17,VIS,VOX,5s
-1,y_leads_x,8.930806143386326e-06,7.720521822981479,1.1585441349253638e-14,0.09918349882228383,63646,17,VIS,VOX,5s
0,contemporaneous,2.8162950226234363e-05,8.456426536587111,2.7569581742837173e-17,0.09918349882228383,63646,17,VIS,VOX,5s
1,x_leads_y,2.0847965167986542e-06,2.492148775496838,0.012697283973440804,0.09918349882228383,63646,17,VIS,VOX,5s
2,x_leads_y,-1.5696093212387902e-06,-1.9480043739861779,0.05141443978502232,0.09918349882228383,63646,17,VIS,VOX,5s
3,x_leads_y,-1.3493636764150943e-06,-3.2867232438152256,0.001013603962944926,0.09918349882228383,63646,17,VIS,VOX,5s
4,x_leads_y,2.0426079657221788e-07,0.33798195623409016,0.7353767853315615,0.09918349882228383,63646,17,VIS,VOX,5s
5,x_leads_y,-8.11514623849839e-07,-1.6287920499883106,0.10335704824674134,0.09918349882228383,63646,17,VIS,VOX,5s
6,x_leads_y,-1.7326261806842953e-06,-2.8992107812453063,0.0037410330605772164,0.09918349882228383,63646,17,VIS,VOX,5s
7,x_leads_y,9.310747634041497e-08,0.13067873325069887,0.8960294564650976,0.09918349882228383,63646,17,VIS,VOX,5s
8,x_leads_y,4.5916919374928e-07,0.8455040264904741,0.39782948551438513,0.09918349882228383,63646,17,VIS,VOX,5s
9,x_leads_y,-5.915865630126797e-07,-1.1638051153373756,0.24450299866895087,0.09918349882228383,63646,17,VIS,VOX,5s
10,x_leads_y,8.13376261402911e-07,1.871877086003196,0.06122361036830285,0.09918349882228383,63646,17,VIS,VOX,5s
-10,y_leads_x,4.766462444819548e-07,0.6313410778869808,0.5278175334442445,0.10477735682789924,63646,17,VIS,VGT,5s
-9,y_leads_x,-9.209628005706181e-07,-1.9438611037798952,0.051912202848852534,0.10477735682789924,63646,17,VIS,VGT,5s
-8,y_leads_x,-1.020692217497157e-06,-1.4267693868924716,0.153646377884899,0.10477735682789924,63646,17,VIS,VGT,5s
-7,y_leads_x,1.4989372828369893e-06,2.627959950522795,0.008589862819207813,0.10477735682789924,63646,17,VIS,VGT,5s
-6,y_leads_x,6.650150823800069e-08,0.07573783369179037,0.9396276754888165,0.10477735682789924,63646,17,VIS,VGT,5s
-5,y_leads_x,1.0445855370605242e-06,1.3510612735364742,0.17667580552419793,0.10477735682789924,63646,17,VIS,VGT,5s
-4,y_leads_x,1.3952657039408507e-06,2.283481558498326,0.022402017931209123,0.10477735682789924,63646,17,VIS,VGT,5s
-3,y_leads_x,2.492280123162697e-06,3.9320146424494844,8.423693348175046e-05,0.10477735682789924,63646,17,VIS,VGT,5s
-2,y_leads_x,4.303566627210907e-06,9.064943790101966,1.2466851487452017e-19,0.10477735682789924,63646,17,VIS,VGT,5s
-1,y_leads_x,1.3078819071965874e-05,7.351864472626737,1.9546094284586443e-13,0.10477735682789924,63646,17,VIS,VGT,5s
0,contemporaneous,3.7060358189801706e-05,6.375463149456459,1.8241084800855893e-10,0.10477735682789924,63646,17,VIS,VGT,5s
1,x_leads_y,1.8009704873423712e-09,0.0016908322135864627,0.9986509117246923,0.10477735682789924,63646,17,VIS,VGT,5s
2,x_leads_y,-2.6428900205252468e-06,-2.7390902177209338,0.006160946461806105,0.10477735682789924,63646,17,VIS,VGT,5s
3,x_leads_y,-4.6886691796344574e-07,-0.5187493924910054,0.6039355130600853,0.10477735682789924,63646,17,VIS,VGT,5s
4,x_leads_y,-5.071265536972938e-07,-0.8405038586585857,0.4006259389958481,0.10477735682789924,63646,17,VIS,VGT,5s
5,x_leads_y,-1.7573009585422152e-06,-2.5841854512754847,0.009760929408114296,0.10477735682789924,63646,17,VIS,VGT,5s
6,x_leads_y,-2.4092919307542127e-06,-5.142136801775363,2.716312062396825e-07,0.10477735682789924,63646,17,VIS,VGT,5s
7,x_leads_y,5.510200160773481e-07,0.6434071783229519,0.5199599268167396,0.10477735682789924,63646,17,VIS,VGT,5s
8,x_leads_y,2.12380525024381e-07,0.36928078843021866,0.711918443783514,0.10477735682789924,63646,17,VIS,VGT,5s
9,x_leads_y,7.094191368264416e-08,0.0877503181868274,0.9300751257077443,0.10477735682789924,63646,17,VIS,VGT,5s
10,x_leads_y,-1.577453812108796e-07,-0.9356486012059593,0.3494541424323596,0.10477735682789924,63646,17,VIS,VGT,5s
-10,y_leads_x,-1.2028096658918546e-08,-0.026331643746438416,0.9789928155965458,0.06317662895702147,63646,17,VIS,VDC,5s
-9,y_leads_x,3.6171742656341875e-07,0.9582403808960078,0.3379415592673688,0.06317662895702147,63646,17,VIS,VDC,5s
-8,y_leads_x,-6.893150576113809e-08,-0.19299076363161155,0.8469662016671289,0.06317662895702147,63646,17,VIS,VDC,5s
-7,y_leads_x,4.7007925206885756e-07,1.3383291358894476,0.18078916806291134,0.06317662895702147,63646,17,VIS,VDC,5s
-6,y_leads_x,-9.614611561070774e-07,-1.849170284531709,0.06443322808758425,0.06317662895702147,63646,17,VIS,VDC,5s
-5,y_leads_x,1.5101405627669302e-07,0.30555577782758964,0.7599428951482017,0.06317662895702147,63646,17,VIS,VDC,5s
-4,y_leads_x,8.429300171307474e-07,1.8134090545582786,0.0697687540540003,0.06317662895702147,63646,17,VIS,VDC,5s
-3,y_leads_x,3.6554121092493556e-08,0.10603220267383302,0.915556802158806,0.06317662895702147,63646,17,VIS,VDC,5s
-2,y_leads_x,1.6921142548352597e-06,3.7232276273578058,0.0001966920370199121,0.06317662895702147,63646,17,VIS,VDC,5s
-1,y_leads_x,3.3905065723448124e-06,6.555213366891237,5.556237518434054e-11,0.06317662895702147,63646,17,VIS,VDC,5s
0,contemporaneous,1.3573664592785518e-05,10.420404247542297,2.0010086827978462e-25,0.06317662895702147,63646,17,VIS,VDC,5s
1,x_leads_y,6.450135470802584e-06,10.375387677722244,3.209071957379259e-25,0.06317662895702147,63646,17,VIS,VDC,5s
2,x_leads_y,1.8565729151824819e-06,3.641307045516953,0.00027125739003694627,0.06317662895702147,63646,17,VIS,VDC,5s
3,x_leads_y,4.575276259519546e-07,0.9412531823662117,0.34657512870219287,0.06317662895702147,63646,17,VIS,VDC,5s
4,x_leads_y,7.09728574916451e-07,1.4991883007580282,0.13382478923512064,0.06317662895702147,63646,17,VIS,VDC,5s
5,x_leads_y,2.6266283948505275e-07,0.4232492512705148,0.672113416376237,0.06317662895702147,63646,17,VIS,VDC,5s
6,x_leads_y,8.223715130735831e-07,1.8356664753539638,0.06640699904422853,0.06317662895702147,63646,17,VIS,VDC,5s
7,x_leads_y,-1.0029383595261489e-08,-0.03162193404670544,0.9747735512955314,0.06317662895702147,63646,17,VIS,VDC,5s
8,x_leads_y,4.165241333227892e-07,1.6182699613023395,0.10560443132365302,0.06317662895702147,63646,17,VIS,VDC,5s
9,x_leads_y,4.2507067602968183e-07,0.6846672895818628,0.4935538947348467,0.06317662895702147,63646,17,VIS,VDC,5s
10,x_leads_y,2.1910170285610544e-07,1.4229206832621548,0.1547591496276504,0.06317662895702147,63646,17,VIS,VDC,5s
-10,y_leads_x,9.563311939048165e-07,2.529222490440987,0.011431553521060083,0.2246130524754263,63646,17,VIS,VAW,5s
-9,y_leads_x,8.444599007402759e-07,2.873995715451194,0.004053144614893269,0.2246130524754263,63646,17,VIS,VAW,5s
-8,y_leads_x,2.5530634689257823e-07,0.3331392964139005,0.7390291376568052,0.2246130524754263,63646,17,VIS,VAW,5s
-7,y_leads_x,6.814362319774669e-07,1.2813264866891307,0.20007901332186417,0.2246130524754263,63646,17,VIS,VAW,5s
-6,y_leads_x,-1.704704003185309e-07,-0.40238035272550643,0.6874041271636899,0.2246130524754263,63646,17,VIS,VAW,5s
-5,y_leads_x,7.620521015918912e-07,1.9152539794499992,0.05546012149382973,0.2246130524754263,63646,17,VIS,VAW,5s
-4,y_leads_x,1.0046923760534543e-06,1.938355757168988,0.052579834221265845,0.2246130524754263,63646,17,VIS,VAW,5s
-3,y_leads_x,1.4394733148897307e-06,3.1193518395550854,0.001812493888945154,0.2246130524754263,63646,17,VIS,VAW,5s
-2,y_leads_x,2.745632676164665e-06,3.587354343170756,0.0003340502271397684,0.2246130524754263,63646,17,VIS,VAW,5s
-1,y_leads_x,8.843532564341781e-06,18.23299738374721,2.82410072322206e-74,0.2246130524754263,63646,17,VIS,VAW,5s
0,contemporaneous,2.820134225803014e-05,17.994566228239886,2.1489811364739735e-72,0.2246130524754263,63646,17,VIS,VAW,5s
1,x_leads_y,1.3334336019352464e-05,28.515203007201247,7.590333739047899e-179,0.2246130524754263,63646,17,VIS,VAW,5s
2,x_leads_y,5.848430208417756e-06,8.31816225006063,8.93376629785479e-17,0.2246130524754263,63646,17,VIS,VAW,5s
3,x_leads_y,2.0775111464742847e-06,3.6829263179618486,0.00023057182011642122,0.2246130524754263,63646,17,VIS,VAW,5s
4,x_leads_y,9.70434609146508e-07,1.5444383637380925,0.1224821722128887,0.2246130524754263,63646,17,VIS,VAW,5s
5,x_leads_y,1.0963280151408638e-06,2.854591774458388,0.004309217932824494,0.2246130524754263,63646,17,VIS,VAW,5s
6,x_leads_y,6.824280264301451e-07,1.2316593894662713,0.21807634589040514,0.2246130524754263,63646,17,VIS,VAW,5s
7,x_leads_y,-5.875047914955897e-07,-1.5477315067597675,0.12168695311176522,0.2246130524754263,63646,17,VIS,VAW,5s
8,x_leads_y,-2.234348529390113e-07,-0.2762401130012408,0.7823636496654829,0.2246130524754263,63646,17,VIS,VAW,5s
9,x_leads_y,-2.566237985160989e-07,-0.4855237476296539,0.6273048714522076,0.2246130524754263,63646,17,VIS,VAW,5s
10,x_leads_y,4.2094447345747835e-07,1.9510326416624204,0.05105316294934025,0.2246130524754263,63646,17,VIS,VAW,5s
-10,y_leads_x,1.354655688525923e-06,2.24882104521633,0.024523883870346815,0.024572733913541978,72278,17,VCR,VDE,5s
-9,y_leads_x,1.0354357186247722e-06,1.3824990817768483,0.16681851221763655,0.024572733913541978,72278,17,VCR,VDE,5s
-8,y_leads_x,-3.811001067392732e-07,-0.6541917925839275,0.5129882486349469,0.024572733913541978,72278,17,VCR,VDE,5s
-7,y_leads_x,-3.6449577306459175e-07,-0.42846860970088885,0.6683099825693928,0.024572733913541978,72278,17,VCR,VDE,5s
-6,y_leads_x,-1.377842898860419e-06,-1.91907211316747,0.05497520813856555,0.024572733913541978,72278,17,VCR,VDE,5s
-5,y_leads_x,8.068941282622769e-07,1.4913869013316405,0.1358599450994219,0.024572733913541978,72278,17,VCR,VDE,5s
-4,y_leads_x,-2.6062640309041256e-07,-0.3052276705631807,0.760192759248498,0.024572733913541978,72278,17,VCR,VDE,5s
-3,y_leads_x,-4.896044775989979e-07,-0.6670183932305539,0.5047603847440506,0.024572733913541978,72278,17,VCR,VDE,5s
-2,y_leads_x,1.4344734649769552e-06,1.9529249516016312,0.050828488602313246,0.024572733913541978,72278,17,VCR,VDE,5s
-1,y_leads_x,4.46408122089229e-06,5.328045151186442,9.927544836315886e-08,0.024572733913541978,72278,17,VCR,VDE,5s
0,contemporaneous,1.859573375010812e-05,7.259330894765277,3.8900978686044555e-13,0.024572733913541978,72278,17,VCR,VDE,5s
1,x_leads_y,-1.4630297288496713e-06,-2.2363759054566037,0.025327158077027002,0.024572733913541978,72278,17,VCR,VDE,5s
2,x_leads_y,-1.3701295129584465e-06,-1.7933861781264162,0.07291119613241166,0.024572733913541978,72278,17,VCR,VDE,5s
3,x_leads_y,-1.6919982175419686e-06,-2.452816881258352,0.014174247432646754,0.024572733913541978,72278,17,VCR,VDE,5s
4,x_leads_y,-6.206797969283995e-07,-0.9093940555860973,0.3631421584768506,0.024572733913541978,72278,17,VCR,VDE,5s
5,x_leads_y,4.5576769860411446e-07,0.667309019972575,0.5045747660179737,0.024572733913541978,72278,17,VCR,VDE,5s
6,x_leads_y,4.4173693417578854e-07,0.5473635424722814,0.5841289970039588,0.024572733913541978,72278,17,VCR,VDE,5s
7,x_leads_y,-3.785641973341116e-07,-0.39818029000162836,0.6904972936581687,0.024572733913541978,72278,17,VCR,VDE,5s
8,x_leads_y,3.86002860801577e-07,0.5636531005001018,0.5729902411432922,0.024572733913541978,72278,17,VCR,VDE,5s
9,x_leads_y,2.2301991422579566e-07,0.45974054803278,0.6457024611961529,0.024572733913541978,72278,17,VCR,VDE,5s
10,x_leads_y,1.2443690508763118e-06,1.0193783617399093,0.30802337480295783,0.024572733913541978,72278,17,VCR,VDE,5s
-10,y_leads_x,4.81470161950208e-07,0.7875673828575507,0.4309497996941348,0.19621246158755112,72278,17,VCR,VOX,5s
-9,y_leads_x,1.3010072501749577e-07,0.2285536216554138,0.8192158749541907,0.19621246158755112,72278,17,VCR,VOX,5s
-8,y_leads_x,-1.6064891831274986e-07,-0.4991151761780208,0.6176982467852996,0.19621246158755112,72278,17,VCR,VOX,5s
-7,y_leads_x,9.986761588899116e-08,0.23317309194935115,0.8156269995183054,0.19621246158755112,72278,17,VCR,VOX,5s
-6,y_leads_x,-4.5182187118452016e-08,-0.06721267513617758,0.9464123946443292,0.19621246158755112,72278,17,VCR,VOX,5s
-5,y_leads_x,3.092478993421263e-07,0.7173647043377199,0.4731490921659035,0.19621246158755112,72278,17,VCR,VOX,5s
-4,y_leads_x,-4.936348014720275e-07,-0.8362226541657021,0.40302965611571906,0.19621246158755112,72278,17,VCR,VOX,5s
-3,y_leads_x,5.93525613391455e-07,1.3367368001944928,0.18130856516416005,0.19621246158755112,72278,17,VCR,VOX,5s
-2,y_leads_x,1.7302035020602661e-06,3.7745901012362184,0.0001602709743838935,0.19621246158755112,72278,17,VCR,VOX,5s
-1,y_leads_x,6.612947532256237e-06,6.450772903824181,1.1128114753961833e-10,0.19621246158755112,72278,17,VCR,VOX,5s
0,contemporaneous,4.1038824357790196e-05,11.148382523343606,7.291981436677137e-29,0.19621246158755112,72278,17,VCR,VOX,5s
1,x_leads_y,5.366869935468521e-07,0.9524372970417045,0.3408752517173922,0.19621246158755112,72278,17,VCR,VOX,5s
2,x_leads_y,-1.527239899280295e-07,-0.32237667107191154,0.7471673554143042,0.19621246158755112,72278,17,VCR,VOX,5s
3,x_leads_y,-6.911933592909624e-07,-1.3826277831846083,0.1667790255582261,0.19621246158755112,72278,17,VCR,VOX,5s
4,x_leads_y,-2.651911587386427e-07,-0.5086050989013581,0.6110290542188317,0.19621246158755112,72278,17,VCR,VOX,5s
5,x_leads_y,-3.6454888960038094e-07,-0.9214503204708655,0.35681536715596696,0.19621246158755112,72278,17,VCR,VOX,5s
6,x_leads_y,-5.060246327629994e-07,-1.138026395005257,0.25510946085155595,0.19621246158755112,72278,17,VCR,VOX,5s
7,x_leads_y,-1.3065624884684943e-07,-0.23149704638872193,0.8169286797687895,0.19621246158755112,72278,17,VCR,VOX,5s
8,x_leads_y,2.0939843387954786e-07,0.7817899120731336,0.4343380505935761,0.19621246158755112,72278,17,VCR,VOX,5s
9,x_leads_y,-6.182271755306035e-07,-1.5475876491807328,0.12172160691009701,0.19621246158755112,72278,17,VCR,VOX,5s
10,x_leads_y,-2.2756375972768017e-07,-0.7253283065869155,0.46825064411441575,0.19621246158755112,72278,17,VCR,VOX,5s
-10,y_leads_x,5.738080553021736e-10,0.0009604381695812581,0.9992336813306993,0.25340635270758993,72278,17,VCR,VGT,5s
-9,y_leads_x,-4.274644512821036e-07,-0.8641938173240434,0.38748142803298136,0.25340635270758993,72278,17,VCR,VGT,5s
-8,y_leads_x,-8.302322078310626e-07,-1.5101862528634296,0.13099590548080575,0.25340635270758993,72278,17,VCR,VGT,5s
-7,y_leads_x,1.3519245462075218e-06,2.170668736164123,0.029956222103459846,0.25340635270758993,72278,17,VCR,VGT,5s
-6,y_leads_x,8.508844796663968e-07,1.377599030940963,0.1683271203106964,0.25340635270758993,72278,17,VCR,VGT,5s
-5,y_leads_x,-4.751687508556134e-07,-0.7276876974414865,0.46680478299770567,0.25340635270758993,72278,17,VCR,VGT,5s
-4,y_leads_x,-7.730435503415493e-08,-0.11904296754699371,0.9052413146110325,0.25340635270758993,72278,17,VCR,VGT,5s
-3,y_leads_x,1.0557578570330229e-06,2.5937113809751193,0.009494615409227095,0.25340635270758993,72278,17,VCR,VGT,5s
-2,y_leads_x,1.0146038773190974e-06,2.2115306158486874,0.026999114183551942,0.25340635270758993,72278,17,VCR,VGT,5s
-1,y_leads_x,1.1535689982159817e-05,8.290594192588086,1.1268411729953554e-16,0.25340635270758993,72278,17,VCR,VGT,5s
0,contemporaneous,5.981595507381735e-05,10.748172910526856,6.044709588568919e-27,0.25340635270758993,72278,17,VCR,VGT,5s
1,x_leads_y,-5.195141177821407e-06,-4.896643651961696,9.748738932063927e-07,0.25340635270758993,72278,17,VCR,VGT,5s
2,x_leads_y,-8.004022985451269e-07,-2.475151012441719,0.013317984981976424,0.25340635270758993,72278,17,VCR,VGT,5s
3,x_leads_y,-9.800916727927921e-07,-1.0971661815779659,0.27256875367713806,0.25340635270758993,72278,17,VCR,VGT,5s
4,x_leads_y,-2.524865450490383e-07,-0.3691514130029594,0.7120148689131716,0.25340635270758993,72278,17,VCR,VGT,5s
5,x_leads_y,-1.1562105089419407e-06,-2.3465861285220684,0.018946286786909763,0.25340635270758993,72278,17,VCR,VGT,5s
6,x_leads_y,-1.0323244017390521e-07,-0.15130510053251547,0.8797350459622821,0.25340635270758993,72278,17,VCR,VGT,5s
7,x_leads_y,4.315337366610524e-09,0.005130406271826399,0.9959065460024186,0.25340635270758993,72278,17,VCR,VGT,5s
8,x_leads_y,-9.611843300183606e-07,-1.8373023237158272,0.0661652770548486,0.25340635270758993,72278,17,VCR,VGT,5s
9,x_leads_y,-6.928787978941836e-07,-1.1837882441269103,0.23649689693711162,0.25340635270758993,72278,17,VCR,VGT,5s
10,x_leads_y,1.0188022300483003e-06,1.4698216265628308,0.1416100702875173,0.25340635270758993,72278,17,VCR,VGT,5s
-10,y_leads_x,9.123637065040929e-08,0.22400330937334922,0.8227547281577224,0.023356015440982203,72278,17,VCR,VDC,5s
-9,y_leads_x,6.013356855724776e-07,2.4886688603115465,0.01282223307070812,0.023356015440982203,72278,17,VCR,VDC,5s
-8,y_leads_x,5.579341108284676e-07,1.9524920955517715,0.05087980850300467,0.023356015440982203,72278,17,VCR,VDC,5s
-7,y_leads_x,3.7502984721522447e-07,1.5524337161305597,0.12055848126927766,0.023356015440982203,72278,17,VCR,VDC,5s
-6,y_leads_x,-2.070096741849254e-07,-0.5830731633586855,0.5598440488357228,0.023356015440982203,72278,17,VCR,VDC,5s
-5,y_leads_x,3.773336059524337e-07,0.9219123156850509,0.3565743146077561,0.023356015440982203,72278,17,VCR,VDC,5s
-4,y_leads_x,7.812539014137073e-07,2.2917228504472726,0.021921640983034334,0.023356015440982203,72278,17,VCR,VDC,5s
-3,y_leads_x,3.2213775502090727e-07,0.919406219640282,0.35788313732703225,0.023356015440982203,72278,17,VCR,VDC,5s
-2,y_leads_x,-2.9152342366402617e-07,-0.8092220501134795,0.4183874338023732,0.023356015440982203,72278,17,VCR,VDC,5s
-1,y_leads_x,1.5438748654001025e-06,3.5776000949527087,0.0003467634450563277,0.023356015440982203,72278,17,VCR,VDC,5s
0,contemporaneous,8.408700383560159e-06,5.28738138290495,1.2407976855815865e-07,0.023356015440982203,72278,17,VCR,VDC,5s
1,x_leads_y,2.347328364806133e-06,3.6520092736157816,0.00026019648631246683,0.023356015440982203,72278,17,VCR,VDC,5s
2,x_leads_y,7.371219901860433e-07,1.9409587427023705,0.05226328186489493,0.023356015440982203,72278,17,VCR,VDC,5s
3,x_leads_y,3.870037406289808e-07,0.8588529356428077,0.39042165807845874,0.023356015440982203,72278,17,VCR,VDC,5s
4,x_leads_y,2.7409077236537897e-07,1.074721665331835,0.28249936090105143,0.023356015440982203,72278,17,VCR,VDC,5s
5,x_leads_y,-1.5322573892812023e-07,-0.4047691218303432,0.6856472280666903,0.023356015440982203,72278,17,VCR,VDC,5s
6,x_leads_y,1.9098870649043738e-07,0.6068577566078671,0.5439453145817947,0.023356015440982203,72278,17,VCR,VDC,5s
7,x_leads_y,7.532417054575403e-07,2.8981191627787197,0.0037540792541448952,0.023356015440982203,72278,17,VCR,VDC,5s
8,x_leads_y,1.0317726052017567e-06,2.481235552981126,0.013092782008340291,0.023356015440982203,72278,17,VCR,VDC,5s
9,x_leads_y,3.3746365788003593e-07,1.0105440399079975,0.31223471093912725,0.023356015440982203,72278,17,VCR,VDC,5s
10,x_leads_y,-6.130426223004656e-07,-1.0372864424325112,0.2996023822906777,0.023356015440982203,72278,17,VCR,VDC,5s
-10,y_leads_x,2.927232486462255e-07,0.5172522366954357,0.604980091428649,0.09491550173658025,72278,17,VCR,VAW,5s
-9,y_leads_x,7.46105927417664e-08,0.1651611441619011,0.8688171476650141,0.09491550173658025,72278,17,VCR,VAW,5s
-8,y_leads_x,1.6237052654076377e-07,0.5072890455130489,0.6119520236910285,0.09491550173658025,72278,17,VCR,VAW,5s
-7,y_leads_x,-6.993563484779018e-07,-2.3352558046275496,0.01953006145451669,0.09491550173658025,72278,17,VCR,VAW,5s
-6,y_leads_x,-1.5395847265482457e-07,-0.41680162885636646,0.6768235109186493,0.09491550173658025,72278,17,VCR,VAW,5s
-5,y_leads_x,2.2064707819996767e-07,0.6269721458571715,0.5306774937287355,0.09491550173658025,72278,17,VCR,VAW,5s
-4,y_leads_x,4.387034944552775e-07,1.335593498222675,0.18168217642912166,0.09491550173658025,72278,17,VCR,VAW,5s
-3,y_leads_x,3.477614798817379e-07,1.0486467536806905,0.29434072911907305,0.09491550173658025,72278,17,VCR,VAW,5s
-2,y_leads_x,1.2204559579958753e-06,5.48643090311613,4.101357417127135e-08,0.09491550173658025,72278,17,VCR,VAW,5s
-1,y_leads_x,3.1892599599322773e-06,5.23012873047401,1.6939204339087395e-07,0.09491550173658025,72278,17,VCR,VAW,5s
0,contemporaneous,1.7434697763203756e-05,8.301529867084609,1.0277920612682978e-16,0.09491550173658025,72278,17,VCR,VAW,5s
1,x_leads_y,7.700805783112298e-06,7.503293166620643,6.223414972453165e-14,0.09491550173658025,72278,17,VCR,VAW,5s
2,x_leads_y,3.4425277303367664e-06,6.575037067067486,4.8641049087150855e-11,0.09491550173658025,72278,17,VCR,VAW,5s
3,x_leads_y,1.4809560425538576e-06,3.5979691272415915,0.00032071167622017285,0.09491550173658025,72278,17,VCR,VAW,5s
4,x_leads_y,1.4886249795669563e-06,3.321645888341361,0.0008948818643006294,0.09491550173658025,72278,17,VCR,VAW,5s
5,x_leads_y,7.652908418307027e-07,2.043822119323319,0.040971123167672645,0.09491550173658025,72278,17,VCR,VAW,5s
6,x_leads_y,1.2380474154553024e-06,3.001355564448691,0.0026878051528410924,0.09491550173658025,72278,17,VCR,VAW,5s
7,x_leads_y,1.4626081991548858e-07,0.4206978463267745,0.6739757340109902,0.09491550173658025,72278,17,VCR,VAW,5s
8,x_leads_y,2.8550875281479624e-07,1.0662637749553536,0.2863044200204642,0.09491550173658025,72278,17,VCR,VAW,5s
9,x_leads_y,4.502100012891292e-07,1.201953571959687,0.22938151668678375,0.09491550173658025,72278,17,VCR,VAW,5s
10,x_leads_y,3.229711655620765e-07,2.566343080384186,0.01027771166865883,0.09491550173658025,72278,17,VCR,VAW,5s
-10,y_leads_x,-5.551024483810638e-07,-1.1993569235574337,0.23038918977199985,0.024222668455809226,74527,17,VDE,VOX,5s
-9,y_leads_x,-3.615728771361585e-08,-0.08602969802827636,0.9314428091236734,0.024222668455809226,74527,17,VDE,VOX,5s
-8,y_leads_x,-6.240398234081159e-07,-1.1570002880491377,0.24727224266286196,0.024222668455809226,74527,17,VDE,VOX,5s
-7,y_leads_x,2.1242247162097135e-07,0.3664066936605371,0.7140616257025503,0.024222668455809226,74527,17,VDE,VOX,5s
-6,y_leads_x,-3.3156187092163494e-07,-0.4729648220655061,0.6362382767601817,0.024222668455809226,74527,17,VDE,VOX,5s
-5,y_leads_x,2.72429577826883e-07,0.46881977883455134,0.6391984610577524,0.024222668455809226,74527,17,VDE,VOX,5s
-4,y_leads_x,-5.390133589115282e-07,-1.7039398248313988,0.08839232985817405,0.024222668455809226,74527,17,VDE,VOX,5s
-3,y_leads_x,-7.137594903432836e-07,-1.4062014423168783,0.1596643160137664,0.024222668455809226,74527,17,VDE,VOX,5s
-2,y_leads_x,3.465529748291937e-07,0.6165479252664474,0.5375329515723081,0.024222668455809226,74527,17,VDE,VOX,5s
-1,y_leads_x,5.963091100961689e-07,1.0855529976460194,0.2776768042696176,0.024222668455809226,74527,17,VDE,VOX,5s
0,contemporaneous,1.4297128114500385e-05,7.696867687462334,1.3944215261970848e-14,0.024222668455809226,74527,17,VDE,VOX,5s
1,x_leads_y,2.3246916802545074e-06,3.822599070088069,0.0001320523960314392,0.024222668455809226,74527,17,VDE,VOX,5s
2,x_leads_y,3.8218930633056417e-07,0.7920257431233771,0.42834566597271717,0.024222668455809226,74527,17,VDE,VOX,5s
3,x_leads_y,-4.800155071078405e-07,-0.8360292574167686,0.4031384439066835,0.024222668455809226,74527,17,VDE,VOX,5s
4,x_leads_y,1.9152959919648787e-07,0.36924994575292575,0.7119414307998391,0.024222668455809226,74527,17,VDE,VOX,5s
5,x_leads_y,6.702814566550946e-07,1.3476708834925242,0.17776426090079323,0.024222668455809226,74527,17,VDE,VOX,5s
6,x_leads_y,-7.394585119084413e-07,-1.4133164015709134,0.15756271356234175,0.024222668455809226,74527,17,VDE,VOX,5s
7,x_leads_y,-2.1436110571400564e-07,-0.2929830558779704,0.7695351031405244,0.024222668455809226,74527,17,VDE,VOX,5s
8,x_leads_y,2.0652049511690764e-07,0.42098455821853603,0.6737663577687043,0.024222668455809226,74527,17,VDE,VOX,5s
9,x_leads_y,9.370339174032522e-07,1.2525605968379547,0.21036566237562992,0.024222668455809226,74527,17,VDE,VOX,5s
10,x_leads_y,1.1879202671485338e-06,1.9416563601025711,0.05217871504294451,0.024222668455809226,74527,17,VDE,VOX,5s
-10,y_leads_x,-1.1021010639389872e-06,-1.8206092282202044,0.06866627905177917,0.017712953294116374,74527,17,VDE,VGT,5s
-9,y_leads_x,2.5598774066207887e-07,0.4483249837693784,0.6539186723379142,0.017712953294116374,74527,17,VDE,VGT,5s
-8,y_leads_x,-1.786762892829225e-07,-0.28358625932161996,0.7767274684617766,0.017712953294116374,74527,17,VDE,VGT,5s
-7,y_leads_x,7.780397073568728e-07,1.0431331204727294,0.29688664300501677,0.017712953294116374,74527,17,VDE,VGT,5s
-6,y_leads_x,2.919047742206109e-07,0.41134159337235837,0.6808220747610035,0.017712953294116374,74527,17,VDE,VGT,5s
-5,y_leads_x,-7.794816405457967e-08,-0.15814721274217114,0.8743407982991509,0.017712953294116374,74527,17,VDE,VGT,5s
-4,y_leads_x,2.191484795515776e-07,0.422348544307872,0.6727706300122684,0.017712953294116374,74527,17,VDE,VGT,5s
-3,y_leads_x,-1.4451563933723077e-07,-0.19159950720925928,0.848055928551424,0.017712953294116374,74527,17,VDE,VGT,5s
-2,y_leads_x,9.980073088652448e-08,0.15303404228239917,0.8783714296109196,0.017712953294116374,74527,17,VDE,VGT,5s
-1,y_leads_x,4.361181899921735e-07,0.49734999605369223,0.6189422610156547,0.017712953294116374,74527,17,VDE,VGT,5s
0,contemporaneous,1.594520729882054e-05,5.072204299942089,3.9323388507422777e-07,0.017712953294116374,74527,17,VDE,VGT,5s
1,x_leads_y,9.349692073143476e-07,1.600189161072031,0.1095566259410636,0.017712953294116374,74527,17,VDE,VGT,5s
2,x_leads_y,6.210046443079538e-07,0.9594693621716751,0.3373223469688795,0.017712953294116374,74527,17,VDE,VGT,5s
3,x_leads_y,-4.397528168517036e-07,-0.6162489925696375,0.5377301979447194,0.017712953294116374,74527,17,VDE,VGT,5s
4,x_leads_y,2.6612479559356864e-07,0.3141834687679758,0.7533816974696149,0.017712953294116374,74527,17,VDE,VGT,5s
5,x_leads_y,3.215982548771592e-07,0.8869656519990833,0.3750973933152515,0.017712953294116374,74527,17,VDE,VGT,5s
6,x_leads_y,-4.21980790050388e-07,-0.8073838685137322,0.41944535789366,0.017712953294116374,74527,17,VDE,VGT,5s
7,x_leads_y,-5.884005535799357e-07,-0.832374584166357,0.4051975433978525,0.017712953294116374,74527,17,VDE,VGT,5s
8,x_leads_y,1.924341242773582e-07,0.2587426013633364,0.7958338473874784,0.017712953294116374,74527,17,VDE,VGT,5s
9,x_leads_y,7.848272243122651e-07,1.2777140484310736,0.20135026997049044,0.017712953294116374,74527,17,VDE,VGT,5s
10,x_leads_y,7.67070707934277e-07,1.5570362520454541,0.11946187861955106,0.017712953294116374,74527,17,VDE,VGT,5s
-10,y_leads_x,9.518989717688056e-08,0.33255234856747556,0.739472218140379,0.02070719752590211,74527,17,VDE,VDC,5s
-9,y_leads_x,-7.059857120379768e-08,-0.3349494582574955,0.7376632125121974,0.02070719752590211,74527,17,VDE,VDC,5s
-8,y_leads_x,-1.67673974842972e-07,-0.6010120965630319,0.5478319294242556,0.02070719752590211,74527,17,VDE,VDC,5s
-7,y_leads_x,-3.464503545460327e-08,-0.09493324532517497,0.9243678498084866,0.02070719752590211,74527,17,VDE,VDC,5s
-6,y_leads_x,3.4618034471684724e-07,0.9464613958429717,0.3439133033045917,0.02070719752590211,74527,17,VDE,VDC,5s
-5,y_leads_x,-3.467906710056773e-07,-0.831832210703575,0.40550365979775294,0.02070719752590211,74527,17,VDE,VDC,5s
-4,y_leads_x,2.0846709472581627e-07,0.49852064334942986,0.6181171227787869,0.02070719752590211,74527,17,VDE,VDC,5s
-3,y_leads_x,-8.620675102926465e-07,-2.7404424878249545,0.0061356519024617995,0.02070719752590211,74527,17,VDE,VDC,5s
-2,y_leads_x,-6.188283206078183e-07,-2.178998210063652,0.029331801186240812,0.02070719752590211,74527,17,VDE,VDC,5s
-1,y_leads_x,-1.318128078402854e-06,-2.311362141520958,0.02081286024323446,0.02070719752590211,74527,17,VDE,VDC,5s
0,contemporaneous,7.263717778136719e-06,8.067200651308353,7.192828569416017e-16,0.02070719752590211,74527,17,VDE,VDC,5s
1,x_leads_y,4.0406894761012065e-06,6.538629093277932,6.208528290574799e-11,0.02070719752590211,74527,17,VDE,VDC,5s
2,x_leads_y,2.559394035357096e-06,6.542080466573166,6.066884230741522e-11,0.02070719752590211,74527,17,VDE,VDC,5s
3,x_leads_y,1.8994368278373832e-06,6.7379151832669315,1.6067530829220254e-11,0.02070719752590211,74527,17,VDE,VDC,5s
4,x_leads_y,7.445957729601354e-07,2.0467601982805617,0.04068163539473588,0.02070719752590211,74527,17,VDE,VDC,5s
5,x_leads_y,1.0792091980536975e-06,2.3184053855814772,0.020427299641234645,0.02070719752590211,74527,17,VDE,VDC,5s
6,x_leads_y,3.1632239108036633e-07,0.8253558181285635,0.4091696106141659,0.02070719752590211,74527,17,VDE,VDC,5s
7,x_leads_y,1.4554335551737062e-07,0.38994077182909653,0.6965803440227665,0.02070719752590211,74527,17,VDE,VDC,5s
8,x_leads_y,2.721430944008995e-07,0.45581235527034114,0.6485249187051143,0.02070719752590211,74527,17,VDE,VDC,5s
9,x_leads_y,5.993345777766673e-07,1.379182804075815,0.16783839855545168,0.02070719752590211,74527,17,VDE,VDC,5s
10,x_leads_y,2.4013576111570534e-07,1.5964957057867892,0.11037816374479682,0.02070719752590211,74527,17,VDE,VDC,5s
-10,y_leads_x,1.562999764752271e-07,0.39627704810085995,0.6919006572325058,0.11399366135968114,74527,17,VDE,VAW,5s
-9,y_leads_x,-4.788288048614081e-07,-1.056043783961851,0.29094821180557795,0.11399366135968114,74527,17,VDE,VAW,5s
-8,y_leads_x,1.384993701162474e-07,0.3053441931500417,0.760104020731895,0.11399366135968114,74527,17,VDE,VAW,5s
-7,y_leads_x,-2.2705538863804564e-07,-0.7033032488388223,0.48186678646922765,0.11399366135968114,74527,17,VDE,VAW,5s
-6,y_leads_x,3.653902169400127e-08,0.08321090388469721,0.9336838427636059,0.11399366135968114,74527,17,VDE,VAW,5s
-5,y_leads_x,2.9383610763924613e-07,0.7426544455317216,0.45769091642779236,0.11399366135968114,74527,17,VDE,VAW,5s
-4,y_leads_x,2.631682430214423e-07,0.6655316675219862,0.5057104957802084,0.11399366135968114,74527,17,VDE,VAW,5s
-3,y_leads_x,-9.713309026283758e-07,-1.59502471130007,0.11070670993510626,0.11399366135968114,74527,17,VDE,VAW,5s
-2,y_leads_x,-2.1037621836070202e-07,-0.43573662049269246,0.6630278328552086,0.11399366135968114,74527,17,VDE,VAW,5s
-1,y_leads_x,8.120201136149973e-07,1.4290644474533398,0.15298571082295398,0.11399366135968114,74527,17,VDE,VAW,5s
0,contemporaneous,1.841999959539467e-05,17.665601987632037,7.718498928942396e-70,0.11399366135968114,74527,17,VDE,VAW,5s
1,x_leads_y,1.1897674255304944e-05,15.535954668470474,1.9810002982751428e-54,0.11399366135968114,74527,17,VDE,VAW,5s
2,x_leads_y,7.633305773060934e-06,10.226915587172233,1.5022799403989849e-24,0.11399366135968114,74527,17,VDE,VAW,5s
3,x_leads_y,3.7700974500323596e-06,11.367374220464239,6.078884199780456e-30,0.11399366135968114,74527,17,VDE,VAW,5s
4,x_leads_y,4.04175990264044e-06,9.925455192122648,3.226272649463289e-23,0.11399366135968114,74527,17,VDE,VAW,5s
5,x_leads_y,2.0016569828368273e-06,5.196611705577027,2.02953666062315e-07,0.11399366135968114,74527,17,VDE,VAW,5s
6,x_leads_y,1.1576428784803016e-06,2.967078102482405,0.003006445775999947,0.11399366135968114,74527,17,VDE,VAW,5s
7,x_leads_y,1.3226022627525613e-07,0.38599516969388614,0.6995002461519488,0.11399366135968114,74527,17,VDE,VAW,5s
8,x_leads_y,6.192119452402957e-07,2.088857067279405,0.03672059152887109,0.11399366135968114,74527,17,VDE,VAW,5s
9,x_leads_y,3.667137863524618e-07,0.8505471500430656,0.39502095810279036,0.11399366135968114,74527,17,VDE,VAW,5s
10,x_leads_y,5.921129350050011e-07,3.0666799404459635,0.0021645048509996764,0.11399366135968114,74527,17,VDE,VAW,5s
-10,y_leads_x,-5.890291411430665e-07,-0.8084709080488212,0.41881954680191846,0.3345439713016015,75224,17,VOX,VGT,5s
-9,y_leads_x,-4.934213294630397e-07,-1.1062145779599961,0.268633654534421,0.3345439713016015,75224,17,VOX,VGT,5s
-8,y_leads_x,7.824813847337977e-08,0.14362800033375295,0.8857942288309834,0.3345439713016015,75224,17,VOX,VGT,5s
-7,y_leads_x,-3.4639920633083525e-07,-0.6193600449837168,0.5356791963593793,0.3345439713016015,75224,17,VOX,VGT,5s
-6,y_leads_x,4.7271117741051164e-07,1.0685833467271477,0.2852574558218969,0.3345439713016015,75224,17,VOX,VGT,5s
-5,y_leads_x,2.2120527209110851e-07,0.3446456006130499,0.7303608194369526,0.3345439713016015,75224,17,VOX,VGT,5s
-4,y_leads_x,1.5511732179807616e-07,0.25566480764957145,0.7982096716128925,0.3345439713016015,75224,17,VOX,VGT,5s
-3,y_leads_x,1.9966748537308394e-07,0.3526120836522196,0.7243792773419653,0.3345439713016015,75224,17,VOX,VGT,5s
-2,y_leads_x,1.788322372709154e-06,2.037234621437143,0.041626535940465045,0.3345439713016015,75224,17,VOX,VGT,5s
-1,y_leads_x,8.53156462899182e-06,12.335733633096055,5.815679200820098e-35,0.3345439713016015,75224,17,VOX,VGT,5s
0,contemporaneous,6.971826651452315e-05,20.387563164579856,2.1562156878098704e-92,0.3345439713016015,75224,17,VOX,VGT,5s
1,x_leads_y,1.4938837672607962e-06,1.879902252145286,0.06012140092129564,0.3345439713016015,75224,17,VOX,VGT,5s
2,x_leads_y,-9.964133357834058e-07,-1.5844383776550781,0.11309399431612868,0.3345439713016015,75224,17,VOX,VGT,5s
3,x_leads_y,-3.2480570325137395e-07,-0.4372248976846572,0.6619482550429812,0.3345439713016015,75224,17,VOX,VGT,5s
4,x_leads_y,3.033754066088407e-07,0.5119512278647438,0.608685144055704,0.3345439713016015,75224,17,VOX,VGT,5s
5,x_leads_y,3.7087552374131244e-07,0.6738917205011931,0.5003801562966514,0.3345439713016015,75224,17,VOX,VGT,5s
6,x_leads_y,7.999178408615027e-07,1.193940186832974,0.2325013660913452,0.3345439713016015,75224,17,VOX,VGT,5s
7,x_leads_y,-5.194033673576625e-08,-0.09163976828787353,0.926984253845588,0.3345439713016015,75224,17,VOX,VGT,5s
8,x_leads_y,6.933390165530036e-07,1.0983294582673973,0.27206065302852056,0.3345439713016015,75224,17,VOX,VGT,5s
9,x_leads_y,-1.5112402976174316e-07,-0.2463245155514106,0.8054310338231286,0.3345439713016015,75224,17,VOX,VGT,5s
10,x_leads_y,-9.097454087709661e-07,-1.534746662818442,0.12484606891174291,0.3345439713016015,75224,17,VOX,VGT,5s
-10,y_leads_x,6.570546184965079e-08,0.17597853700689356,0.8603108042809011,0.03343849654942266,75224,17,VOX,VDC,5s
-9,y_leads_x,2.3166655432680014e-07,0.8845225404311617,0.37641420016326343,0.03343849654942266,75224,17,VOX,VDC,5s
-8,y_leads_x,3.0740680743860397e-07,1.041116964038147,0.29782126726054803,0.03343849654942266,75224,17,VOX,VDC,5s
-7,y_leads_x,2.325476639618033e-07,1.1019167430610755,0.2704978688923355,0.03343849654942266,75224,17,VOX,VDC,5s
-6,y_leads_x,1.6200438242511303e-09,0.0044196987877611876,0.9964736020544719,0.03343849654942266,75224,17,VOX,VDC,5s
-5,y_leads_x,5.274277222992092e-07,1.5942091082198908,0.11088920715892314,0.03343849654942266,75224,17,VOX,VDC,5s
-4,y_leads_x,5.008435557447153e-07,1.5141189316514314,0.12999567789045838,0.03343849654942266,75224,17,VOX,VDC,5s
-3,y_leads_x,2.3782358466052373e-07,0.6239139909066236,0.5326840715027183,0.03343849654942266,75224,17,VOX,VDC,5s
-2,y_leads_x,3.9558232757876366e-07,1.017212166225791,0.3090525095953116,0.03343849654942266,75224,17,VOX,VDC,5s
-1,y_leads_x,1.0061448142852427e-06,3.1247423011425752,0.001779608890453757,0.03343849654942266,75224,17,VOX,VDC,5s
0,contemporaneous,9.810940497513123e-06,9.739652003688919,2.0425261210906841e-22,0.03343849654942266,75224,17,VOX,VDC,5s
1,x_leads_y,5.034193864104504e-06,9.23687562402312,2.5379981687139974e-20,0.03343849654942266,75224,17,VOX,VDC,5s
2,x_leads_y,2.405185421866029e-06,6.224975466191557,4.816313713181111e-10,0.03343849654942266,75224,17,VOX,VDC,5s
3,x_leads_y,1.4999177307453066e-06,4.9812215347374345,6.318415619355435e-07,0.03343849654942266,75224,17,VOX,VDC,5s
4,x_leads_y,6.905700796721062e-07,2.194484448611976,0.028200600740287088,0.03343849654942266,75224,17,VOX,VDC,5s
5,x_leads_y,6.448933031918008e-07,2.064602848584882,0.038960593518044616,0.03343849654942266,75224,17,VOX,VDC,5s
6,x_leads_y,1.7294031135099235e-07,0.34297830355646364,0.7316147825197549,0.03343849654942266,75224,17,VOX,VDC,5s
7,x_leads_y,3.2533518422668685e-07,0.977412818625904,0.3283648194117581,0.03343849654942266,75224,17,VOX,VDC,5s
8,x_leads_y,2.795497575681486e-07,1.1749111013473814,0.24003028376258106,0.03343849654942266,75224,17,VOX,VDC,5s
9,x_leads_y,-3.2429243697198973e-07,-1.2295395468380566,0.2188695799626057,0.03343849654942266,75224,17,VOX,VDC,5s
10,x_leads_y,-5.132911165102348e-07,-1.1758499139448264,0.23965485645090323,0.03343849654942266,75224,17,VOX,VDC,5s
-10,y_leads_x,2.322888265383204e-07,0.8108712240237992,0.41743962707026316,0.08028946558465355,75224,17,VOX,VAW,5s
-9,y_leads_x,6.512401519582694e-07,1.3319493956681476,0.18287681783836796,0.08028946558465355,75224,17,VOX,VAW,5s
-8,y_leads_x,2.2540191191842125e-07,0.9254894887749273,0.3547113487974576,0.08028946558465355,75224,17,VOX,VAW,5s
-7,y_leads_x,1.2053499190745745e-07,0.3590685544632729,0.7195438049898482,0.08028946558465355,75224,17,VOX,VAW,5s
-6,y_leads_x,-2.271466890334768e-07,-0.5953055605311288,0.5516392396947097,0.08028946558465355,75224,17,VOX,VAW,5s
-5,y_leads_x,-2.8114923918459743e-07,-0.6481861336092899,0.5168645693566218,0.08028946558465355,75224,17,VOX,VAW,5s
-4,y_leads_x,-6.0456809207901185e-09,-0.032145921024123905,0.9743556826344271,0.08028946558465355,75224,17,VOX,VAW,5s
-3,y_leads_x,-1.4353875094672652e-07,-0.5014728249602203,0.6160383983836175,0.08028946558465355,75224,17,VOX,VAW,5s
-2,y_leads_x,-6.394639928073936e-08,-0.1317287083471303,0.8951988774059007,0.08028946558465355,75224,17,VOX,VAW,5s
-1,y_leads_x,2.506863850686813e-06,5.327255615376286,9.970779851820747e-08,0.08028946558465355,75224,17,VOX,VAW,5s
0,contemporaneous,1.6473118688719595e-05,11.417981771220301,3.4003877297140794e-30,0.08028946558465355,75224,17,VOX,VAW,5s
1,x_leads_y,8.686449058376226e-06,11.399325441833042,4.213712669595997e-30,0.08028946558465355,75224,17,VOX,VAW,5s
2,x_leads_y,4.317822443878691e-06,9.144379774836228,5.99730068484882e-20,0.08028946558465355,75224,17,VOX,VAW,5s
3,x_leads_y,2.393839328222298e-06,8.282905556363632,1.2020575128375426e-16,0.08028946558465355,75224,17,VOX,VAW,5s
4,x_leads_y,1.6436228124495248e-06,4.374343867519031,1.2179825922963581e-05,0.08028946558465355,75224,17,VOX,VAW,5s
5,x_leads_y,1.738844160965298e-06,6.431774207528086,1.2612300215340335e-10,0.08028946558465355,75224,17,VOX,VAW,5s
6,x_leads_y,9.257590873142656e-07,2.7583669265592174,0.005809095173260637,0.08028946558465355,75224,17,VOX,VAW,5s
7,x_leads_y,1.2881380424041043e-06,5.797935975024568,6.713607175094957e-09,0.08028946558465355,75224,17,VOX,VAW,5s
8,x_leads_y,2.7354040004500436e-07,0.6412422329664271,0.5213653144222572,0.08028946558465355,75224,17,VOX,VAW,5s
9,x_leads_y,3.7020224811986175e-07,1.0686983214508734,0.28520562814333095,0.08028946558465355,75224,17,VOX,VAW,5s
10,x_leads_y,-2.1675926626892574e-07,-0.6020040441654751,0.5471714454057555,0.08028946558465355,75224,17,VOX,VAW,5s
-10,y_leads_x,-2.8019689715593723e-07,-0.9763664885946718,0.32888288199907456,0.007449090487083643,78769,17,VGT,VDC,5s
-9,y_leads_x,2.474170093111927e-07,0.6543081979936006,0.512913265282019,0.007449090487083643,78769,17,VGT,VDC,5s
-8,y_leads_x,1.803225594432249e-07,0.4132055592532359,0.6794560154383928,0.007449090487083643,78769,17,VGT,VDC,5s
-7,y_leads_x,5.750072006701639e-07,1.6328472385414292,0.10250112912065787,0.007449090487083643,78769,17,VGT,VDC,5s
-6,y_leads_x,5.701027733214915e-07,1.8175451754570935,0.06913367762454488,0.007449090487083643,78769,17,VGT,VDC,5s
-5,y_leads_x,8.314346234689005e-08,0.3198164938281085,0.7491074435188019,0.007449090487083643,78769,17,VGT,VDC,5s
-4,y_leads_x,-2.29718829802302e-07,-0.7028575349906151,0.4821445373985983,0.007449090487083643,78769,17,VGT,VDC,5s
-3,y_leads_x,-4.8077493482373375e-08,-0.1365740334871652,0.8913675024195216,0.007449090487083643,78769,17,VGT,VDC,5s
-2,y_leads_x,-5.895077588166051e-07,-2.078702938303296,0.0376446627546008,0.007449090487083643,78769,17,VGT,VDC,5s
-1,y_leads_x,-4.6519446917224877e-07,-1.092084606329839,0.2747959149122666,0.007449090487083643,78769,17,VGT,VDC,5s
0,contemporaneous,4.384263983557915e-06,3.985186516952096,6.742714103081645e-05,0.007449090487083643,78769,17,VGT,VDC,5s
1,x_leads_y,1.7500322198725308e-06,2.3302157366795098,0.01979475165925526,0.007449090487083643,78769,17,VGT,VDC,5s
2,x_leads_y,1.2576537667680955e-06,2.775263169404411,0.005515705515759053,0.007449090487083643,78769,17,VGT,VDC,5s
3,x_leads_y,5.804391068122618e-07,1.3786958669953666,0.16798854434121557,0.007449090487083643,78769,17,VGT,VDC,5s
4,x_leads_y,5.367770591953114e-07,1.4480452612096906,0.14760439278420465,0.007449090487083643,78769,17,VGT,VDC,5s
5,x_leads_y,2.7524059172060025e-07,0.8859636633755523,0.3756371080718903,0.007449090487083643,78769,17,VGT,VDC,5s
6,x_leads_y,-1.7156698492529025e-07,-0.5152237878871226,0.6063966480979501,0.007449090487083643,78769,17,VGT,VDC,5s
7,x_leads_y,8.682333257650933e-07,2.922306059538009,0.003474499306380065,0.007449090487083643,78769,17,VGT,VDC,5s
8,x_leads_y,7.953126928648923e-07,2.20632369940455,0.027361343159488533,0.007449090487083643,78769,17,VGT,VDC,5s
9,x_leads_y,3.575054710493371e-07,0.9434772833353758,0.3454368294283693,0.007449090487083643,78769,17,VGT,VDC,5s
10,x_leads_y,-6.069098298988905e-08,-0.22738906523350444,0.8201212222902658,0.007449090487083643,78769,17,VGT,VDC,5s
-10,y_leads_x,5.243516858999583e-08,0.15356699114559946,0.8779511653989179,0.0709323470665636,78769,17,VGT,VAW,5s
-9,y_leads_x,2.837593348159208e-07,0.8595702045448901,0.3900260052271336,0.0709323470665636,78769,17,VGT,VAW,5s
-8,y_leads_x,4.197049075293166e-07,1.0159829704637513,0.30963749606837265,0.0709323470665636,78769,17,VGT,VAW,5s
-7,y_leads_x,-8.514596682407499e-09,-0.02532891696285891,0.9797926089254549,0.0709323470665636,78769,17,VGT,VAW,5s
-6,y_leads_x,-1.3861119772545801e-07,-0.3912489330838586,0.6956132417764807,0.0709323470665636,78769,17,VGT,VAW,5s
-5,y_leads_x,-7.797796734992471e-07,-2.0022409224650786,0.045258826405956645,0.0709323470665636,78769,17,VGT,VAW,5s
-4,y_leads_x,-1.124984481701513e-07,-0.35796014105891094,0.7203731425321644,0.0709323470665636,78769,17,VGT,VAW,5s
-3,y_leads_x,-5.336513043813019e-07,-1.5590847655307696,0.11897631889224353,0.0709323470665636,78769,17,VGT,VAW,5s
-2,y_leads_x,4.933538215973479e-07,1.5058417222584328,0.13210780994412163,0.0709323470665636,78769,17,VGT,VAW,5s
-1,y_leads_x,1.2932923624348409e-06,2.779354798238773,0.005446699812829616,0.0709323470665636,78769,17,VGT,VAW,5s
0,contemporaneous,1.4529122029108971e-05,10.21669068312911,1.669431056245497e-24,0.0709323470665636,78769,17,VGT,VAW,5s
1,x_leads_y,8.890876466226139e-06,9.157500716754173,5.3113128936193426e-20,0.0709323470665636,78769,17,VGT,VAW,5s
2,x_leads_y,4.779476583012918e-06,6.574576972838423,4.8791684509556605e-11,0.0709323470665636,78769,17,VGT,VAW,5s
3,x_leads_y,2.983047281755989e-06,5.634504090625854,1.7556279411685327e-08,0.0709323470665636,78769,17,VGT,VAW,5s
4,x_leads_y,2.000891319302468e-06,5.231508151417186,1.6813261958557067e-07,0.0709323470665636,78769,17,VGT,VAW,5s
5,x_leads_y,1.1432148439904052e-06,2.8260088648932915,0.004713195964970701,0.0709323470665636,78769,17,VGT,VAW,5s
6,x_leads_y,1.0871038878670707e-06,2.7595455566271894,0.005788181621839143,0.0709323470665636,78769,17,VGT,VAW,5s
7,x_leads_y,4.762103023279927e-07,1.5311461102665984,0.12573328597079705,0.0709323470665636,78769,17,VGT,VAW,5s
8,x_leads_y,4.2674677443913606e-07,1.2365351360012378,0.21625971365550511,0.0709323470665636,78769,17,VGT,VAW,5s
9,x_leads_y,5.362120811831791e-07,1.2011419585743817,0.22969613941843225,0.0709323470665636,78769,17,VGT,VAW,5s
10,x_leads_y,-2.2889505096678698e-07,-0.7897150647502907,0.42969419139481246,0.0709323470665636,78769,17,VGT,VAW,5s
-10,y_leads_x,2.537790133363471e-07,0.6624034746160838,0.5077126774944398,0.07675717394781334,61433,17,VDC,VAW,5s
-9,y_leads_x,4.1459856050077936e-07,1.01739422349406,0.3089659288846034,0.07675717394781334,61433,17,VDC,VAW,5s
-8,y_leads_x,5.619305071830479e-07,1.4053555662369344,0.15991557266866596,0.07675717394781334,61433,17,VDC,VAW,5s
-7,y_leads_x,5.738030278574549e-08,0.1527107296953473,0.878626398944362,0.07675717394781334,61433,17,VDC,VAW,5s
-6,y_leads_x,1.1706358985149853e-06,2.745299880744896,0.006045562635820084,0.07675717394781334,61433,17,VDC,VAW,5s
-5,y_leads_x,1.5054314939280385e-06,3.7065004826961467,0.00021014283592596088,0.07675717394781334,61433,17,VDC,VAW,5s
-4,y_leads_x,3.527852222679683e-07,0.6168918832586302,0.5373060408926618,0.07675717394781334,61433,17,VDC,VAW,5s
-3,y_leads_x,4.681561319706006e-07,0.7788291667450686,0.4360803540312559,0.07675717394781334,61433,17,VDC,VAW,5s
-2,y_leads_x,1.0001776786648108e-06,2.020787487587492,0.043301768631794316,0.07675717394781334,61433,17,VDC,VAW,5s
-1,y_leads_x,5.237181301370649e-06,8.432621786234833,3.3800573673780756e-17,0.07675717394781334,61433,17,VDC,VAW,5s
0,contemporaneous,1.6156707390346616e-05,12.18010282390189,3.96781313390017e-34,0.07675717394781334,61433,17,VDC,VAW,5s
1,x_leads_y,6.094696138853657e-06,13.986473289546762,1.8853177145255317e-44,0.07675717394781334,61433,17,VDC,VAW,5s
2,x_leads_y,1.8365695851859127e-06,2.474516220136785,0.013341676234443427,0.07675717394781334,61433,17,VDC,VAW,5s
3,x_leads_y,6.903825147243298e-07,1.5646653147491552,0.11766140538110281,0.07675717394781334,61433,17,VDC,VAW,5s
4,x_leads_y,1.1127813098097085e-06,2.260963178656688,0.023761537272099644,0.07675717394781334,61433,17,VDC,VAW,5s
5,x_leads_y,1.1795050467372852e-06,2.2174527424118557,0.02659216898302642,0.07675717394781334,61433,17,VDC,VAW,5s
6,x_leads_y,7.603877807479425e-07,1.706770198741008,0.08786477358870327,0.07675717394781334,61433,17,VDC,VAW,5s
7,x_leads_y,8.480813558490786e-07,1.8239057019774036,0.06816632950782037,0.07675717394781334,61433,17,VDC,VAW,5s
8,x_leads_y,-7.231129795926311e-07,-1.6709308380751042,0.09473533951270754,0.07675717394781334,61433,17,VDC,VAW,5s
9,x_leads_y,6.80883161328589e-07,1.0949975097468143,0.27351772746781766,0.07675717394781334,61433,17,VDC,VAW,5s
10,x_leads_y,1.9897436086447653e-08,0.02877859520166035,0.9770411723631016,0.07675717394781334,61433,17,VDC,VAW,5s
-10,y_leads_x,-2.8354389140905518e-08,-0.10795279093119393,0.9140331406562805,0.18407104539868002,140416,34,VFH,VIS,5s
-9,y_leads_x,3.280616920291594e-07,0.9704264151577953,0.3318339871874423,0.18407104539868002,140416,34,VFH,VIS,5s
-8,y_leads_x,2.3413396712213864e-07,0.5961301614588372,0.5510882763458547,0.18407104539868002,140416,34,VFH,VIS,5s
-7,y_leads_x,1.2635854161988682e-06,3.4292013181752843,0.0006053603200831773,0.18407104539868002,140416,34,VFH,VIS,5s
-6,y_leads_x,9.511921277394125e-07,2.770958844306468,0.005589149068162123,0.18407104539868002,140416,34,VFH,VIS,5s
-5,y_leads_x,-5.0261730315573775e-09,-0.016788704583673493,0.9866051810650496,0.18407104539868002,140416,34,VFH,VIS,5s
-4,y_leads_x,-2.1503450395953487e-07,-0.6931981089482369,0.4881852347713673,0.18407104539868002,140416,34,VFH,VIS,5s
-3,y_leads_x,-2.865070979324915e-07,-1.0647205649519358,0.2870024009790929,0.18407104539868002,140416,34,VFH,VIS,5s
-2,y_leads_x,3.551839771496408e-07,0.8239289963973697,0.40997990348753544,0.18407104539868002,140416,34,VFH,VIS,5s
-1,y_leads_x,3.622169654220453e-06,8.770322670448017,1.7815500361027424e-18,0.18407104539868002,140416,34,VFH,VIS,5s
0,contemporaneous,3.0483839321120247e-05,20.756438080625944,1.0722586712032305e-95,0.18407104539868002,140416,34,VFH,VIS,5s
1,x_leads_y,1.3503899428220807e-05,24.13809118475208,9.95885874247952e-129,0.18407104539868002,140416,34,VFH,VIS,5s
2,x_leads_y,6.239488743237063e-06,14.73423809579601,3.885547190539295e-49,0.18407104539868002,140416,34,VFH,VIS,5s
3,x_leads_y,3.301471113368376e-06,7.803642274071334,6.014552758286908e-15,0.18407104539868002,140416,34,VFH,VIS,5s
4,x_leads_y,2.5198668055809735e-06,5.791890130031342,6.9598668873437625e-09,0.18407104539868002,140416,34,VFH,VIS,5s
5,x_leads_y,1.7176883607826404e-06,4.77932438042334,1.7588522811404542e-06,0.18407104539868002,140416,34,VFH,VIS,5s
6,x_leads_y,1.4294388019396347e-06,4.5484241438816015,5.404911844484478e-06,0.18407104539868002,140416,34,VFH,VIS,5s
7,x_leads_y,1.5872946624550218e-06,4.319988909113669,1.5603704278391875e-05,0.18407104539868002,140416,34,VFH,VIS,5s
8,x_leads_y,1.153607734479188e-06,3.335878308740892,0.0008503037539111665,0.18407104539868002,140416,34,VFH,VIS,5s
9,x_leads_y,1.1063228028818488e-06,3.6446244016982288,0.00026778258610082184,0.18407104539868002,140416,34,VFH,VIS,5s
10,x_leads_y,3.906088335714772e-07,1.9065189252026318,0.05658291267821815,0.18407104539868002,140416,34,VFH,VIS,5s
-10,y_leads_x,-2.656338000587853e-07,-0.40837374397628773,0.6829993065953643,0.47741464251565513,49332,11,VCR,VOX,5s
-9,y_leads_x,-2.255795039239125e-07,-0.40213922772594307,0.687581564523708,0.47741464251565513,49332,11,VCR,VOX,5s
-8,y_leads_x,2.220674642253289e-07,0.42498460055679627,0.6708479007207647,0.47741464251565513,49332,11,VCR,VOX,5s
-7,y_leads_x,-1.1506248814718513e-06,-2.2621254721203283,0.023689652247139176,0.47741464251565513,49332,11,VCR,VOX,5s
-6,y_leads_x,1.919363134491602e-06,3.747090913745555,0.0001788972605690568,0.47741464251565513,49332,11,VCR,VOX,5s
-5,y_leads_x,3.716043541571161e-07,0.7327480768204016,0.46371209527960466,0.47741464251565513,49332,11,VCR,VOX,5s
-4,y_leads_x,-1.1030042055488864e-06,-1.8438666628930052,0.06520257456883743,0.47741464251565513,49332,11,VCR,VOX,5s
-3,y_leads_x,1.597150782332565e-07,0.42824248749065086,0.66847458614549,0.47741464251565513,49332,11,VCR,VOX,5s
-2,y_leads_x,-2.372777528571095e-07,-0.5215054347338078,0.6020147206127013,0.47741464251565513,49332,11,VCR,VOX,5s
-1,y_leads_x,1.0697285119897802e-05,5.652015160629818,1.5857760011711526e-08,0.47741464251565513,49332,11,VCR,VOX,5s
0,contemporaneous,8.650942957256695e-05,40.174456461376856,0.0,0.47741464251565513,49332,11,VCR,VOX,5s
1,x_leads_y,-5.351141200742208e-06,-4.450466323184931,8.568402996380575e-06,0.47741464251565513,49332,11,VCR,VOX,5s
2,x_leads_y,-3.1105666866260255e-06,-6.495678416594969,8.2660059198285e-11,0.47741464251565513,49332,11,VCR,VOX,5s
3,x_leads_y,-2.4071534514112593e-06,-4.275668729235844,1.9056440881392007e-05,0.47741464251565513,49332,11,VCR,VOX,5s
4,x_leads_y,-1.0868140619366846e-06,-1.837336552607739,0.06616022695826422,0.47741464251565513,49332,11,VCR,VOX,5s
5,x_leads_y,2.8636946169721695e-07,0.37747046681456714,0.7058240079865756,0.47741464251565513,49332,11,VCR,VOX,5s
6,x_leads_y,-8.858982270429784e-07,-1.376868370063964,0.16855294788667907,0.47741464251565513,49332,11,VCR,VOX,5s
7,x_leads_y,-6.984310614282289e-07,-1.7574672988352313,0.07883819101172294,0.47741464251565513,49332,11,VCR,VOX,5s
8,x_leads_y,-3.8864578619156877e-07,-0.9037533542483448,0.36612620083828196,0.47741464251565513,49332,11,VCR,VOX,5s
9,x_leads_y,-4.325071688291627e-07,-0.6056052681311481,0.544776903238372,0.47741464251565513,49332,11,VCR,VOX,5s
10,x_leads_y,-2.139232497577137e-06,-1.7181278694841853,0.0857732944471058,0.47741464251565513,49332,11,VCR,VOX,5s
-10,y_leads_x,-1.0656066412753531e-06,-1.0868433703225704,0.2771060368733719,0.5105093476188698,49341,11,VCR,VGT,5s
-9,y_leads_x,-1.5286145625319215e-07,-0.21654350596841473,0.828564116651859,0.5105093476188698,49341,11,VCR,VGT,5s
-8,y_leads_x,-5.405216758494561e-07,-0.9285844120898241,0.35310450325569764,0.5105093476188698,49341,11,VCR,VGT,5s
-7,y_leads_x,-2.9429836110655486e-07,-0.3619360406817745,0.7173998266083368,0.5105093476188698,49341,11,VCR,VGT,5s
-6,y_leads_x,1.5041328463690417e-06,2.0737286456725847,0.03810451926543179,0.5105093476188698,49341,11,VCR,VGT,5s
-5,y_leads_x,-6.502759677059838e-07,-0.49143037336479534,0.6231220862205982,0.5105093476188698,49341,11,VCR,VGT,5s
-4,y_leads_x,-9.699271759751001e-07,-0.7945019792745307,0.42690325716058675,0.5105093476188698,49341,11,VCR,VGT,5s
-3,y_leads_x,3.9951154420575214e-07,0.5426939530909515,0.5873405383167514,0.5105093476188698,49341,11,VCR,VGT,5s
-2,y_leads_x,-3.476633597316832e-08,-0.031133514506386007,0.9751630619062809,0.5105093476188698,49341,11,VCR,VGT,5s
-1,y_leads_x,1.5942982464538497e-05,5.771815902754087,7.842176956070191e-09,0.5105093476188698,49341,11,VCR,VGT,5s
0,contemporaneous,0.00013507469162041497,40.32520993716167,0.0,0.5105093476188698,49341,11,VCR,VGT,5s
1,x_leads_y,-1.646845252305696e-05,-12.027530116106888,2.5466558299885846e-33,0.5105093476188698,49341,11,VCR,VGT,5s
2,x_leads_y,-4.719666330111126e-06,-3.985069632650482,6.74603402254954e-05,0.5105093476188698,49341,11,VCR,VGT,5s
3,x_leads_y,-1.6029552356751855e-06,-2.0632803921636365,0.03908599589589411,0.5105093476188698,49341,11,VCR,VGT,5s
4,x_leads_y,-1.924658005589816e-06,-2.7689497629623383,0.005623730580069919,0.5105093476188698,49341,11,VCR,VGT,5s
5,x_leads_y,-8.10559305547065e-09,-0.01185800343001913,0.9905389038660883,0.5105093476188698,49341,11,VCR,VGT,5s
6,x_leads_y,-5.6257470340000484e-08,-0.08480687514429895,0.9324149276599367,0.5105093476188698,49341,11,VCR,VGT,5s
7,x_leads_y,-7.574299435717156e-07,-0.7428787069465576,0.45755511822851225,0.5105093476188698,49341,11,VCR,VGT,5s
8,x_leads_y,-7.458920822870083e-07,-0.9968061930415334,0.3188585916250214,0.5105093476188698,49341,11,VCR,VGT,5s
9,x_leads_y,-9.584799612326898e-07,-0.9701517804991774,0.33197084190136206,0.5105093476188698,49341,11,VCR,VGT,5s
10,x_leads_y,-8.364379281558645e-07,-0.519255943754217,0.6035822714452677,0.5105093476188698,49341,11,VCR,VGT,5s
-10,y_leads_x,-1.8716555274628826e-07,-0.17157512104243366,0.863771567907182,0.5553581297475696,49366,11,VOX,VGT,5s
-9,y_leads_x,2.1294488371564387e-07,0.2593614446506217,0.7953563748109079,0.5553581297475696,49366,11,VOX,VGT,5s
-8,y_leads_x,-7.387814875965e-07,-0.9223190460477825,0.3563621822416342,0.5553581297475696,49366,11,VOX,VGT,5s
-7,y_leads_x,5.906466622496602e-07,0.7717092526403334,0.44028664936612516,0.5553581297475696,49366,11,VOX,VGT,5s
-6,y_leads_x,1.890304797220501e-07,0.4823492782669587,0.6295578463958086,0.5553581297475696,49366,11,VOX,VGT,5s
-5,y_leads_x,2.781834699928948e-07,0.24864266273990465,0.8036372045122537,0.5553581297475696,49366,11,VOX,VGT,5s
-4,y_leads_x,-6.903239353383503e-07,-0.7176337417941931,0.4729831471188597,0.5553581297475696,49366,11,VOX,VGT,5s
-3,y_leads_x,5.48953399286701e-07,0.5718266525643848,0.567439418943742,0.5553581297475696,49366,11,VOX,VGT,5s
-2,y_leads_x,-3.391295260608473e-07,-0.3585724583056199,0.7199149535205156,0.5553581297475696,49366,11,VOX,VGT,5s
-1,y_leads_x,9.434441256306269e-06,12.134927891551099,6.897073401700064e-34,0.5553581297475696,49366,11,VOX,VGT,5s
0,contemporaneous,0.00014186963182480364,41.96757402382451,0.0,0.5553581297475696,49366,11,VOX,VGT,5s
1,x_leads_y,3.045106747979111e-07,0.25234808427680827,0.8007720245205935,0.5553581297475696,49366,11,VOX,VGT,5s
2,x_leads_y,-3.2820211360583976e-07,-0.3211482868586912,0.7480980191087334,0.5553581297475696,49366,11,VOX,VGT,5s
3,x_leads_y,2.8664671842682276e-07,0.4586879983752545,0.6464582337540419,0.5553581297475696,49366,11,VOX,VGT,5s
4,x_leads_y,1.2336970031477325e-06,1.9984919198029745,0.045663355080363954,0.5553581297475696,49366,11,VOX,VGT,5s
5,x_leads_y,-6.06027090458671e-08,-0.11568115251333759,0.9079052440703167,0.5553581297475696,49366,11,VOX,VGT,5s
6,x_leads_y,1.9292857176741104e-06,2.177063445683364,0.029475833967090224,0.5553581297475696,49366,11,VOX,VGT,5s
7,x_leads_y,-1.0979609960725717e-08,-0.010873007942215325,0.991324765768116,0.5553581297475696,49366,11,VOX,VGT,5s
8,x_leads_y,-1.8170899423036152e-07,-0.17820674976784162,0.8585606090251127,0.5553581297475696,49366,11,VOX,VGT,5s
9,x_leads_y,1.4545493603823423e-07,0.17916391304113327,0.8578089984233946,0.5553581297475696,49366,11,VOX,VGT,5s
10,x_leads_y,-7.57319697398268e-07,-0.5959968012507275,0.5511773636299155,0.5553581297475696,49366,11,VOX,VGT,5s
