k_lag,direction,coef,t_stat,p_value,r_squared,n_obs,n_days,n_members_used,n_params,n_active,n_ylags,group,etf,mode,bar_freq,bar_sec,is_primary_bar,K_chosen,n_active_bars,n_members,p_fdr
-8,etf_leads_kalshi,-1.290033892340703e-06,-3.8253141634870573,0.0001306054250965857,0.08077059369435824,31955,23,6,25,247,2,ELECTION_trump_fav,VAW,calendar,30s,30,False,8,254,6,0.0004923342919313267
-7,etf_leads_kalshi,-7.340560167606103e-08,-0.28671159764239357,0.7743331566215526,0.08077059369435824,31955,23,6,25,247,2,ELECTION_trump_fav,VAW,calendar,30s,30,False,8,254,6,0.7743331566215526
-6,etf_leads_kalshi,4.6072070913995387e-07,1.399197246290311,0.16175384213024702,0.08077059369435824,31955,23,6,25,247,2,ELECTION_trump_fav,VAW,calendar,30s,30,False,8,254,6,0.22915127635118326
-5,etf_leads_kalshi,-1.2886377646199428e-06,-1.8434081852900615,0.06526943588957489,0.08077059369435824,31955,23,6,25,247,2,ELECTION_trump_fav,VAW,calendar,30s,30,False,8,254,6,0.1446005092092966
-4,etf_leads_kalshi,7.398330875250375e-07,3.799814901902203,0.00014480420350921374,0.08077059369435824,31955,23,6,25,247,2,ELECTION_trump_fav,VAW,calendar,30s,30,False,8,254,6,0.0004923342919313267
-3,etf_leads_kalshi,7.43501349694568e-07,1.824693475171742,0.06804729845143369,0.08077059369435824,31955,23,6,25,247,2,ELECTION_trump_fav,VAW,calendar,30s,30,False,8,254,6,0.1446005092092966
-2,etf_leads_kalshi,1.7339971850849777e-07,1.2593872352898543,0.20789049775242963,0.08077059369435824,31955,23,6,25,247,2,ELECTION_trump_fav,VAW,calendar,30s,30,False,8,254,6,0.2524384615565217
-1,etf_leads_kalshi,-4.801559925557759e-07,-0.6308971611772454,0.5281077681497688,0.08077059369435824,31955,23,6,25,247,2,ELECTION_trump_fav,VAW,calendar,30s,30,False,8,254,6,0.577088051530303
0,contemp,-6.340373084493319e-07,-1.3362579033567599,0.18146499088551094,0.08077059369435824,31955,23,6,25,247,2,ELECTION_trump_fav,VAW,calendar,30s,30,False,8,254,6,0.2373003726964374
1,kalshi_leads_etf,-6.335070552508797e-07,-1.40842539992577,0.15900514242564412,0.08077059369435824,31955,23,6,25,247,2,ELECTION_trump_fav,VAW,calendar,30s,30,False,8,254,6,0.22915127635118326
2,kalshi_leads_etf,-1.9896116213071245e-06,-15.556634011681032,1.4344698951541857e-54,0.08077059369435824,31955,23,6,25,247,2,ELECTION_trump_fav,VAW,calendar,30s,30,False,8,254,6,2.4385988217621156e-53
3,kalshi_leads_etf,-5.776279624223636e-07,-1.4057434298181373,0.15980032566986913,0.08077059369435824,31955,23,6,25,247,2,ELECTION_trump_fav,VAW,calendar,30s,30,False,8,254,6,0.22915127635118326
4,kalshi_leads_etf,2.647453428773273e-07,1.4550112480658024,0.14566614757287005,0.08077059369435824,31955,23,6,25,247,2,ELECTION_trump_fav,VAW,calendar,30s,30,False,8,254,6,0.22915127635118326
5,kalshi_leads_etf,1.0998326057590225e-06,4.043014305898112,5.2768399681918936e-05,0.08077059369435824,31955,23,6,25,247,2,ELECTION_trump_fav,VAW,calendar,30s,30,False,8,254,6,0.00029902093153087397
6,kalshi_leads_etf,-3.8917709956576963e-07,-0.608069024073339,0.5431416955579322,0.08077059369435824,31955,23,6,25,247,2,ELECTION_trump_fav,VAW,calendar,30s,30,False,8,254,6,0.577088051530303
7,kalshi_leads_etf,-1.8787759880297144e-06,-5.631476437797157,1.7867338919909153e-08,0.08077059369435824,31955,23,6,25,247,2,ELECTION_trump_fav,VAW,calendar,30s,30,False,8,254,6,1.518723808192278e-07
8,kalshi_leads_etf,-6.426033880549711e-07,-3.6466613387911107,0.0002656696947096878,0.08077059369435824,31955,23,6,25,247,2,ELECTION_trump_fav,VAW,calendar,30s,30,False,8,254,6,0.0007527308016774487
-8,etf_leads_kalshi,-1.6338644195062347e-06,-2.0401534953259017,0.04133503996415118,0.07566984682852496,15473,23,6,26,233,3,ELECTION_trump_fav,VAW,calendar,1min,60,False,8,245,6,0.08783695992382126
-7,etf_leads_kalshi,1.0469341380259076e-06,2.5487587266645053,0.010810706387159197,0.07566984682852496,15473,23,6,26,233,3,ELECTION_trump_fav,VAW,calendar,1min,60,False,8,245,6,0.030630334763617723
-6,etf_leads_kalshi,-6.734056511861704e-07,-1.4337856221561032,0.15163344921924216,0.07566984682852496,15473,23,6,26,233,3,ELECTION_trump_fav,VAW,calendar,1min,60,False,8,245,6,0.25777686367271163
-5,etf_leads_kalshi,1.7754397354857628e-06,2.9909063335972936,0.0027815079702239935,0.07566984682852496,15473,23,6,26,233,3,ELECTION_trump_fav,VAW,calendar,1min,60,False,8,245,6,0.009457127098761578
-4,etf_leads_kalshi,1.0289290570502314e-07,0.10622951452105124,0.9154002542289542,0.07566984682852496,15473,23,6,26,233,3,ELECTION_trump_fav,VAW,calendar,1min,60,False,8,245,6,0.9154002542289542
-3,etf_leads_kalshi,1.1071360299876016e-06,1.6321629128944326,0.10264517129947649,0.07566984682852496,15473,23,6,26,233,3,ELECTION_trump_fav,VAW,calendar,1min,60,False,8,245,6,0.1938853235656778
-2,etf_leads_kalshi,-2.1048521166418713e-06,-1.3087805607547298,0.1906086935604704,0.07566984682852496,15473,23,6,26,233,3,ELECTION_trump_fav,VAW,calendar,1min,60,False,8,245,6,0.2945770718661815
-1,etf_leads_kalshi,4.541645848893678e-07,0.612976206560865,0.5398920724210843,0.07566984682852496,15473,23,6,26,233,3,ELECTION_trump_fav,VAW,calendar,1min,60,False,8,245,6,0.6118776820772288
0,contemp,-2.0322009787160284e-06,-0.9931194372998842,0.32065175266835466,0.07566984682852496,15473,23,6,26,233,3,ELECTION_trump_fav,VAW,calendar,1min,60,False,8,245,6,0.41931383041246384
1,kalshi_leads_etf,-5.926433487950966e-07,-1.258168463720855,0.20833083749277925,0.07566984682852496,15473,23,6,26,233,3,ELECTION_trump_fav,VAW,calendar,1min,60,False,8,245,6,0.29513535311477057
2,kalshi_leads_etf,-2.439944573641493e-06,-2.4339416665071503,0.014935401840300197,0.07566984682852496,15473,23,6,26,233,3,ELECTION_trump_fav,VAW,calendar,1min,60,False,8,245,6,0.03627169018358619
3,kalshi_leads_etf,-2.1875324021089566e-07,-0.21938785103763972,0.8263479329914196,0.07566984682852496,15473,23,6,26,233,3,ELECTION_trump_fav,VAW,calendar,1min,60,False,8,245,6,0.8779946788033833
4,kalshi_leads_etf,-3.1701242221853024e-06,-5.842242412802113,5.150278638343173e-09,0.07566984682852496,15473,23,6,26,233,3,ELECTION_trump_fav,VAW,calendar,1min,60,False,8,245,6,4.377736842591697e-08
5,kalshi_leads_etf,2.179609747380482e-06,4.905070229945615,9.339391698039803e-07,0.07566984682852496,15473,23,6,26,233,3,ELECTION_trump_fav,VAW,calendar,1min,60,False,8,245,6,5.292321962222555e-06
6,kalshi_leads_etf,2.240507762268796e-06,3.0037861262873453,0.0026664269360090016,0.07566984682852496,15473,23,6,26,233,3,ELECTION_trump_fav,VAW,calendar,1min,60,False,8,245,6,0.009457127098761578
7,kalshi_leads_etf,-4.839488649614064e-06,-8.6814155060863,3.908733791735068e-18,0.07566984682852496,15473,23,6,26,233,3,ELECTION_trump_fav,VAW,calendar,1min,60,False,8,245,6,6.644847445949616e-17
8,kalshi_leads_etf,-4.538916824016735e-07,-0.8112753503216464,0.417207562383749,0.07566984682852496,15473,23,6,26,233,3,ELECTION_trump_fav,VAW,calendar,1min,60,False,8,245,6,0.5066091828945524
-8,etf_leads_kalshi,3.6817937126023392e-06,1.087828258682917,0.2766709318813342,0.044901369349176545,7236,22,6,24,206,1,ELECTION_trump_fav,VAW,calendar,2min,120,False,8,230,6,0.39195048683189004
-7,etf_leads_kalshi,-1.6084371898576787e-06,-1.112092212218344,0.2660985048161525,0.044901369349176545,7236,22,6,24,206,1,ELECTION_trump_fav,VAW,calendar,2min,120,False,8,230,6,0.39195048683189004
-6,etf_leads_kalshi,-5.953370554714856e-06,-2.650180196338963,0.008044885025020553,0.044901369349176545,7236,22,6,24,206,1,ELECTION_trump_fav,VAW,calendar,2min,120,False,8,230,6,0.03419076135633735
-5,etf_leads_kalshi,-1.1222726675351456e-06,-0.5634320146535106,0.5731407421255912,0.044901369349176545,7236,22,6,24,206,1,ELECTION_trump_fav,VAW,calendar,2min,120,False,8,230,6,0.6959566154382179
-4,etf_leads_kalshi,-9.677273484180272e-07,-1.3033569464631471,0.1924529278175625,0.044901369349176545,7236,22,6,24,206,1,ELECTION_trump_fav,VAW,calendar,2min,120,False,8,230,6,0.3635221969887292
-3,etf_leads_kalshi,-1.0861848116781093e-06,-1.1277192968260068,0.25943848549380544,0.044901369349176545,7236,22,6,24,206,1,ELECTION_trump_fav,VAW,calendar,2min,120,False,8,230,6,0.39195048683189004
-2,etf_leads_kalshi,6.731607855054776e-06,3.3237453459430593,0.0008881725838177536,0.044901369349176545,7236,22,6,24,206,1,ELECTION_trump_fav,VAW,calendar,2min,120,False,8,230,6,0.00503297797496727
-1,etf_leads_kalshi,8.530949505766633e-08,0.04525819983932127,0.963901504971506,0.044901369349176545,7236,22,6,24,206,1,ELECTION_trump_fav,VAW,calendar,2min,120,False,8,230,6,0.967830567822928
0,contemp,-3.8840542677896554e-07,-0.10195620476768691,0.9187914373978685,0.044901369349176545,7236,22,6,24,206,1,ELECTION_trump_fav,VAW,calendar,2min,120,False,8,230,6,0.967830567822928
1,kalshi_leads_etf,-9.542785636746467e-07,-0.6148896445638501,0.5386276020452035,0.044901369349176545,7236,22,6,24,206,1,ELECTION_trump_fav,VAW,calendar,2min,120,False,8,230,6,0.6959566154382179
2,kalshi_leads_etf,1.7115295560169029e-06,1.3648626602835365,0.17229622008879453,0.044901369349176545,7236,22,6,24,206,1,ELECTION_trump_fav,VAW,calendar,2min,120,False,8,230,6,0.3635221969887292
3,kalshi_leads_etf,-6.282230606543326e-08,-0.040329333779174394,0.967830567822928,0.044901369349176545,7236,22,6,24,206,1,ELECTION_trump_fav,VAW,calendar,2min,120,False,8,230,6,0.967830567822928
4,kalshi_leads_etf,2.900297011093048e-06,2.0707366949336525,0.03838340904007675,0.044901369349176545,7236,22,6,24,206,1,ELECTION_trump_fav,VAW,calendar,2min,120,False,8,230,6,0.13050359073626094
5,kalshi_leads_etf,3.0042618354862447e-06,1.602995636340103,0.10893561749837019,0.044901369349176545,7236,22,6,24,206,1,ELECTION_trump_fav,VAW,calendar,2min,120,False,8,230,6,0.3086509162453822
6,kalshi_leads_etf,9.058139547231108e-06,6.193376906866901,5.888868175420138e-10,0.044901369349176545,7236,22,6,24,206,1,ELECTION_trump_fav,VAW,calendar,2min,120,False,8,230,6,1.0011075898214235e-08
7,kalshi_leads_etf,2.70460117879303e-06,1.3407970049686577,0.17998636889902753,0.044901369349176545,7236,22,6,24,206,1,ELECTION_trump_fav,VAW,calendar,2min,120,False,8,230,6,0.3635221969887292
8,kalshi_leads_etf,-9.962775054622164e-06,-4.77657494843339,1.7830611470058154e-06,0.044901369349176545,7236,22,6,24,206,1,ELECTION_trump_fav,VAW,calendar,2min,120,False,8,230,6,1.5156019749549432e-05
-6,etf_leads_kalshi,1.1809868545582432e-05,1.988121261949708,0.04679828039536263,0.06850314107832256,2540,22,6,25,160,6,ELECTION_trump_fav,VAW,calendar,5min,300,False,6,192,6,0.07604720564246427
-5,etf_leads_kalshi,-2.177286045678596e-05,-2.808082560086917,0.004983744820445874,0.06850314107832256,2540,22,6,25,160,6,ELECTION_trump_fav,VAW,calendar,5min,300,False,6,192,6,0.009255526095113766
-4,etf_leads_kalshi,8.742801174758569e-06,1.2447220067442446,0.21323395374749365,0.06850314107832256,2540,22,6,25,160,6,ELECTION_trump_fav,VAW,calendar,5min,300,False,6,192,6,0.2518934232430986
-3,etf_leads_kalshi,1.301727379462673e-05,1.6646325350859752,0.09598609023036514,0.06850314107832256,2540,22,6,25,160,6,ELECTION_trump_fav,VAW,calendar,5min,300,False,6,192,6,0.13864657477719408
-2,etf_leads_kalshi,-1.4449876800154794e-05,-3.823801530736956,0.00013140970779093272,0.06850314107832256,2540,22,6,25,160,6,ELECTION_trump_fav,VAW,calendar,5min,300,False,6,192,6,0.0005165887560203601
-1,etf_leads_kalshi,1.5056638324202856e-05,3.7766522911061466,0.00015895038646780314,0.06850314107832256,2540,22,6,25,160,6,ELECTION_trump_fav,VAW,calendar,5min,300,False,6,192,6,0.0005165887560203601
0,contemp,-1.3362584901618055e-05,-3.9468031915958672,7.920160837655023e-05,0.06850314107832256,2540,22,6,25,160,6,ELECTION_trump_fav,VAW,calendar,5min,300,False,6,192,6,0.0005148104544475765
1,kalshi_leads_etf,1.3810484488362293e-05,3.188975523072798,0.0014277796654999578,0.06850314107832256,2540,22,6,25,160,6,ELECTION_trump_fav,VAW,calendar,5min,300,False,6,192,6,0.0030935226085832416
2,kalshi_leads_etf,1.3506818348608404e-05,4.119299326001398,3.800262212545032e-05,0.06850314107832256,2540,22,6,25,160,6,ELECTION_trump_fav,VAW,calendar,5min,300,False,6,192,6,0.0004940340876308541
3,kalshi_leads_etf,2.1745336688465496e-06,1.1939002082263224,0.2325170060705526,0.06850314107832256,2540,22,6,25,160,6,ELECTION_trump_fav,VAW,calendar,5min,300,False,6,192,6,0.2518934232430986
4,kalshi_leads_etf,-1.0457594567129173e-05,-0.9637206342893329,0.3351860063369455,0.06850314107832256,2540,22,6,25,160,6,ELECTION_trump_fav,VAW,calendar,5min,300,False,6,192,6,0.3351860063369455
5,kalshi_leads_etf,2.2417712935022723e-05,3.4779587987894485,0.0005052475787581547,0.06850314107832256,2540,22,6,25,160,6,ELECTION_trump_fav,VAW,calendar,5min,300,False,6,192,6,0.001313643704771202
6,kalshi_leads_etf,-8.522144151606781e-06,-1.3910406166084528,0.16421311053377274,0.06850314107832256,2540,22,6,25,160,6,ELECTION_trump_fav,VAW,calendar,5min,300,False,6,192,6,0.21347704369390455
-6,etf_leads_kalshi,-3.5894038019678835e-05,-3.9393334011358707,8.170831778713428e-05,0.09183829383409037,909,22,6,20,110,1,ELECTION_trump_fav,VAW,calendar,10min,600,True,6,169,6,0.0010622081312327456
-5,etf_leads_kalshi,2.229041918926388e-06,0.19526442643023367,0.8451859445934957,0.09183829383409037,909,22,6,20,110,1,ELECTION_trump_fav,VAW,calendar,10min,600,True,6,169,6,0.8451859445934957
-4,etf_leads_kalshi,2.9169208954045196e-05,1.8262115413594742,0.06781840353906504,0.09183829383409037,909,22,6,20,110,1,ELECTION_trump_fav,VAW,calendar,10min,600,True,6,169,6,0.29387974866928185
-3,etf_leads_kalshi,-7.0862490203211445e-06,-0.2989187124173886,0.7650020690674617,0.09183829383409037,909,22,6,20,110,1,ELECTION_trump_fav,VAW,calendar,10min,600,True,6,169,6,0.8451859445934957
-2,etf_leads_kalshi,-3.704304110147864e-06,-0.3371605864057028,0.7359958470099772,0.09183829383409037,909,22,6,20,110,1,ELECTION_trump_fav,VAW,calendar,10min,600,True,6,169,6,0.8451859445934957
-1,etf_leads_kalshi,8.485887097198773e-06,0.8954140775654662,0.37056577804236235,0.09183829383409037,909,22,6,20,110,1,ELECTION_trump_fav,VAW,calendar,10min,600,True,6,169,6,0.5352616793945234
0,contemp,-7.27642570273557e-06,-0.9937274189161205,0.3203555901836723,0.09183829383409037,909,22,6,20,110,1,ELECTION_trump_fav,VAW,calendar,10min,600,True,6,169,6,0.5205778340484675
1,kalshi_leads_etf,7.2963870695567816e-06,1.1883059928355169,0.23471287754155945,0.09183829383409037,909,22,6,20,110,1,ELECTION_trump_fav,VAW,calendar,10min,600,True,6,169,6,0.4381001455665403
2,kalshi_leads_etf,-1.4117701578487376e-06,-0.1954133234688199,0.8450693870531852,0.09183829383409037,909,22,6,20,110,1,ELECTION_trump_fav,VAW,calendar,10min,600,True,6,169,6,0.8451859445934957
3,kalshi_leads_etf,3.555622277392429e-05,1.589969254497131,0.11184173550334874,0.09183829383409037,909,22,6,20,110,1,ELECTION_trump_fav,VAW,calendar,10min,600,True,6,169,6,0.3634856403858834
4,kalshi_leads_etf,1.9794629771596164e-05,1.185296900941109,0.23590007838198324,0.09183829383409037,909,22,6,20,110,1,ELECTION_trump_fav,VAW,calendar,10min,600,True,6,169,6,0.4381001455665403
5,kalshi_leads_etf,-3.2852561748290384e-05,-2.6396989680216936,0.008297969810125955,0.09183829383409037,909,22,6,20,110,1,ELECTION_trump_fav,VAW,calendar,10min,600,True,6,169,6,0.053936803765818706
6,kalshi_leads_etf,-1.529977077779965e-05,-1.469272210892828,0.14175897102373464,0.09183829383409037,909,22,6,20,110,1,ELECTION_trump_fav,VAW,calendar,10min,600,True,6,169,6,0.36857332466171006
-8,etf_leads_kalshi,-6.712214801366702e-07,-2.0975341227763646,0.035946319804131474,0.06199079263405349,31955,23,6,25,247,2,ELECTION_trump_fav,VCR,calendar,30s,30,False,8,254,6,0.05555340333365773
-7,etf_leads_kalshi,-6.060149369964735e-07,-3.2389007383229393,0.0011999132510474035,0.06199079263405349,31955,23,6,25,247,2,ELECTION_trump_fav,VCR,calendar,30s,30,False,8,254,6,0.00291407503825798
-6,etf_leads_kalshi,-1.2766432590166161e-06,-5.213959905297409,1.8485143867847693e-07,0.06199079263405349,31955,23,6,25,247,2,ELECTION_trump_fav,VCR,calendar,30s,30,False,8,254,6,1.0474914858447026e-06
-5,etf_leads_kalshi,-1.6113469018535567e-06,-2.9087074218813966,0.0036292633337404977,0.06199079263405349,31955,23,6,25,247,2,ELECTION_trump_fav,VCR,calendar,30s,30,False,8,254,6,0.006855275185954273
-4,etf_leads_kalshi,-1.1548901907413676e-06,-3.833648973691023,0.00012625627832014288,0.06199079263405349,31955,23,6,25,247,2,ELECTION_trump_fav,VCR,calendar,30s,30,False,8,254,6,0.00035772612190707146
-3,etf_leads_kalshi,1.7543512890022666e-06,6.197362988738906,5.741698129652188e-10,0.06199079263405349,31955,23,6,25,247,2,ELECTION_trump_fav,VCR,calendar,30s,30,False,8,254,6,4.88044341020436e-09
-2,etf_leads_kalshi,-2.625106422510882e-06,-4.315037317133795,1.5957594452748117e-05,0.06199079263405349,31955,23,6,25,247,2,ELECTION_trump_fav,VCR,calendar,30s,30,False,8,254,6,6.78197764241795e-05
-1,etf_leads_kalshi,-9.644389494818842e-07,-0.9357024458465693,0.3494264109815082,0.06199079263405349,31955,23,6,25,247,2,ELECTION_trump_fav,VCR,calendar,30s,30,False,8,254,6,0.42430349904897424
0,contemp,-8.752118279744065e-07,-3.12278304522045,0.001791497532298949,0.06199079263405349,31955,23,6,25,247,2,ELECTION_trump_fav,VCR,calendar,30s,30,False,8,254,6,0.003806932256135267
1,kalshi_leads_etf,-6.043387188094554e-07,-0.729750327320973,0.4655428121373073,0.06199079263405349,31955,23,6,25,247,2,ELECTION_trump_fav,VCR,calendar,30s,30,False,8,254,6,0.5276151870889483
2,kalshi_leads_etf,1.5612830372844952e-07,0.25331967223613955,0.8000211955201885,0.06199079263405349,31955,23,6,25,247,2,ELECTION_trump_fav,VCR,calendar,30s,30,False,8,254,6,0.8500225202402003
3,kalshi_leads_etf,-1.117707276977806e-06,-2.4958796761096926,0.012564521299164839,0.06199079263405349,31955,23,6,25,247,2,ELECTION_trump_fav,VCR,calendar,30s,30,False,8,254,6,0.021359686208580225
4,kalshi_leads_etf,9.9673348141118e-07,1.638297791911616,0.10135958808648389,0.06199079263405349,31955,23,6,25,247,2,ELECTION_trump_fav,VCR,calendar,30s,30,False,8,254,6,0.13254715365155587
5,kalshi_leads_etf,1.0643487589831981e-08,0.02796380927902005,0.9776910158628533,0.06199079263405349,31955,23,6,25,247,2,ELECTION_trump_fav,VCR,calendar,30s,30,False,8,254,6,0.9776910158628533
6,kalshi_leads_etf,-8.70046578343227e-07,-1.7391025343600814,0.0820167289577662,0.06199079263405349,31955,23,6,25,247,2,ELECTION_trump_fav,VCR,calendar,30s,30,False,8,254,6,0.1161903660235021
7,kalshi_leads_etf,-3.2109888701529186e-06,-12.359499853620811,4.3284135729462124e-35,0.06199079263405349,31955,23,6,25,247,2,ELECTION_trump_fav,VCR,calendar,30s,30,False,8,254,6,7.3583030740085615e-34
8,kalshi_leads_etf,4.22969631903435e-06,4.156769857947136,3.227788523988673e-05,0.06199079263405349,31955,23,6,25,247,2,ELECTION_trump_fav,VCR,calendar,30s,30,False,8,254,6,0.00010974480981561487
-8,etf_leads_kalshi,-1.1954587077859516e-06,-1.1192603117083033,0.26302910216694464,0.04349528114389811,15473,23,6,26,233,3,ELECTION_trump_fav,VCR,calendar,1min,60,False,8,245,6,0.4064995215307326
-7,etf_leads_kalshi,2.7924679378788943e-07,0.41676761281139607,0.6768483939540342,0.04349528114389811,15473,23,6,26,233,3,ELECTION_trump_fav,VCR,calendar,1min,60,False,8,245,6,0.7191514185761613
-6,etf_leads_kalshi,1.5838255695003225e-06,1.9602661911596513,0.04996468548625633,0.04349528114389811,15473,23,6,26,233,3,ELECTION_trump_fav,VCR,calendar,1min,60,False,8,245,6,0.12134280760947966
-5,etf_leads_kalshi,1.0530110391188765e-06,1.443552581554685,0.14886487156388162,0.04349528114389811,15473,23,6,26,233,3,ELECTION_trump_fav,VCR,calendar,1min,60,False,8,245,6,0.25307028165859874
-4,etf_leads_kalshi,-3.594708014035866e-07,-0.49858830424966033,0.6180694462682986,0.04349528114389811,15473,23,6,26,233,3,ELECTION_trump_fav,VCR,calendar,1min,60,False,8,245,6,0.7007139786677153
-3,etf_leads_kalshi,-3.8905159593668135e-07,-0.5184850131674396,0.6041199138596727,0.04349528114389811,15473,23,6,26,233,3,ELECTION_trump_fav,VCR,calendar,1min,60,False,8,245,6,0.7007139786677153
-2,etf_leads_kalshi,-3.487332511099678e-06,-5.552784368744458,2.8115481307554657e-08,0.04349528114389811,15473,23,6,26,233,3,ELECTION_trump_fav,VCR,calendar,1min,60,False,8,245,6,2.389815911142146e-07
-1,etf_leads_kalshi,3.209154601987621e-07,0.21350020524333532,0.8309368290471589,0.04349528114389811,15473,23,6,26,233,3,ELECTION_trump_fav,VCR,calendar,1min,60,False,8,245,6,0.8309368290471589
0,contemp,-5.682613051383937e-06,-3.2545200546774775,0.0011358414025302642,0.04349528114389811,15473,23,6,26,233,3,ELECTION_trump_fav,VCR,calendar,1min,60,False,8,245,6,0.004827325960753623
1,kalshi_leads_etf,-1.9361095390048543e-06,-1.6938262819087797,0.09029829836236311,0.04349528114389811,15473,23,6,26,233,3,ELECTION_trump_fav,VCR,calendar,1min,60,False,8,245,6,0.17056345246224142
2,kalshi_leads_etf,-9.534468273241037e-07,-0.7895369188101672,0.42979826070758453,0.04349528114389811,15473,23,6,26,233,3,ELECTION_trump_fav,VCR,calendar,1min,60,False,8,245,6,0.6088808693357447
3,kalshi_leads_etf,-2.3603119511884203e-06,-1.72847530724958,0.0839030443142684,0.04349528114389811,15473,23,6,26,233,3,ELECTION_trump_fav,VCR,calendar,1min,60,False,8,245,6,0.17056345246224142
4,kalshi_leads_etf,-2.311803899534531e-06,-2.257337011650364,0.02398702433075863,0.04349528114389811,15473,23,6,26,233,3,ELECTION_trump_fav,VCR,calendar,1min,60,False,8,245,6,0.08155588272457935
5,kalshi_leads_etf,8.523730249328274e-07,0.49829371086880053,0.6182770400009253,0.04349528114389811,15473,23,6,26,233,3,ELECTION_trump_fav,VCR,calendar,1min,60,False,8,245,6,0.7007139786677153
6,kalshi_leads_etf,-2.0143009115188716e-06,-2.005707549039583,0.04488745932124968,0.04349528114389811,15473,23,6,26,233,3,ELECTION_trump_fav,VCR,calendar,1min,60,False,8,245,6,0.12134280760947966
7,kalshi_leads_etf,3.648593656158893e-06,5.70601706367068,1.1565040967143141e-08,0.04349528114389811,15473,23,6,26,233,3,ELECTION_trump_fav,VCR,calendar,1min,60,False,8,245,6,1.966056964414334e-07
8,kalshi_leads_etf,-4.092760545380501e-06,-3.3451718332127736,0.00082231607218007,0.04349528114389811,15473,23,6,26,233,3,ELECTION_trump_fav,VCR,calendar,1min,60,False,8,245,6,0.004659791075687063
-8,etf_leads_kalshi,3.7779160571877592e-06,2.0139496918758333,0.04401481561160398,0.04637441692648514,7236,22,6,25,206,2,ELECTION_trump_fav,VCR,calendar,2min,120,False,8,230,6,0.07482518653972677
-7,etf_leads_kalshi,-3.1971984582802656e-07,-0.21365998430507807,0.8308122186041947,0.04637441692648514,7236,22,6,25,206,2,ELECTION_trump_fav,VCR,calendar,2min,120,False,8,230,6,0.8308122186041947
-6,etf_leads_kalshi,6.177577385546581e-06,4.6892417014196415,2.7421933468944723e-06,0.04637441692648514,7236,22,6,25,206,2,ELECTION_trump_fav,VCR,calendar,2min,120,False,8,230,6,2.268304937807434e-05
-5,etf_leads_kalshi,1.9298967436439086e-06,1.7104606796599167,0.08718071851198457,0.04637441692648514,7236,22,6,25,206,2,ELECTION_trump_fav,VCR,calendar,2min,120,False,8,230,6,0.12350601789197814
-4,etf_leads_kalshi,-2.110576039720666e-06,-1.7580670155465257,0.0787361072790482,0.04637441692648514,7236,22,6,25,206,2,ELECTION_trump_fav,VCR,calendar,2min,120,False,8,230,6,0.12168307488580175
-3,etf_leads_kalshi,2.7177110378278874e-06,2.363746659798199,0.018091179112055027,0.04637441692648514,7236,22,6,25,206,2,ELECTION_trump_fav,VCR,calendar,2min,120,False,8,230,6,0.038443755613116935
-2,etf_leads_kalshi,3.2599157657368393e-06,2.922946302843475,0.0034673630726558486,0.04637441692648514,7236,22,6,25,206,2,ELECTION_trump_fav,VCR,calendar,2min,120,False,8,230,6,0.011789034447029884
-1,etf_leads_kalshi,-1.5618440633191286e-06,-0.8691816939474276,0.38474775852345267,0.04637441692648514,7236,22,6,25,206,2,ELECTION_trump_fav,VCR,calendar,2min,120,False,8,230,6,0.46719370677847827
0,contemp,-1.0835378402154781e-06,-0.33738146393085766,0.7358293560295366,0.04637441692648514,7236,22,6,25,206,2,ELECTION_trump_fav,VCR,calendar,2min,120,False,8,230,6,0.7818186907813827
1,kalshi_leads_etf,-7.663970974468976e-06,-7.0625952485991395,1.6342122093841837e-12,0.04637441692648514,7236,22,6,25,206,2,ELECTION_trump_fav,VCR,calendar,2min,120,False,8,230,6,2.7781607559531123e-11
2,kalshi_leads_etf,5.287809765170848e-06,2.367211747644706,0.017922675315905218,0.04637441692648514,7236,22,6,25,206,2,ELECTION_trump_fav,VCR,calendar,2min,120,False,8,230,6,0.038443755613116935
3,kalshi_leads_etf,4.976972054570147e-06,2.383702818659556,0.0171394370358367,0.04637441692648514,7236,22,6,25,206,2,ELECTION_trump_fav,VCR,calendar,2min,120,False,8,230,6,0.038443755613116935
4,kalshi_leads_etf,-3.364506477267932e-06,-1.4192802018624484,0.15581734174462678,0.04637441692648514,7236,22,6,25,206,2,ELECTION_trump_fav,VCR,calendar,2min,120,False,8,230,6,0.20376113920451194
5,kalshi_leads_etf,2.158030654667076e-06,0.5393947019373306,0.5896145359714786,0.04637441692648514,7236,22,6,25,206,2,ELECTION_trump_fav,VCR,calendar,2min,120,False,8,230,6,0.6682298074343425
6,kalshi_leads_etf,6.601047254691361e-06,4.611232196654117,4.002891066719001e-06,0.04637441692648514,7236,22,6,25,206,2,ELECTION_trump_fav,VCR,calendar,2min,120,False,8,230,6,2.268304937807434e-05
7,kalshi_leads_etf,1.136388328475115e-05,4.017013960733504,5.894023363321695e-05,0.04637441692648514,7236,22,6,25,206,2,ELECTION_trump_fav,VCR,calendar,2min,120,False,8,230,6,0.00025049599294117204
8,kalshi_leads_etf,-2.7489308820226192e-06,-2.037709658599898,0.041578977686701074,0.04637441692648514,7236,22,6,25,206,2,ELECTION_trump_fav,VCR,calendar,2min,120,False,8,230,6,0.07482518653972677
-6,etf_leads_kalshi,2.0941032009385338e-05,1.2619575892477817,0.20696404760276566,0.028451981203979515,2540,22,6,20,160,1,ELECTION_trump_fav,VCR,calendar,5min,300,False,6,192,6,0.24459387443963215
-5,etf_leads_kalshi,-7.948751089306265e-06,-0.7895494333321661,0.42979094949482766,0.028451981203979515,2540,22,6,20,160,1,ELECTION_trump_fav,VCR,calendar,5min,300,False,6,192,6,0.46560686195272993
-4,etf_leads_kalshi,1.7168903737458365e-05,4.337823095339066,1.4390090377041354e-05,0.028451981203979515,2540,22,6,20,160,1,ELECTION_trump_fav,VCR,calendar,5min,300,False,6,192,6,9.35355874507688e-05
-3,etf_leads_kalshi,2.4670607195952924e-05,4.181431631947235,2.896793572907241e-05,0.028451981203979515,2540,22,6,20,160,1,ELECTION_trump_fav,VCR,calendar,5min,300,False,6,192,6,0.0001255277214926471
-2,etf_leads_kalshi,1.958285145141681e-06,0.45939580645861083,0.6459499591376145,0.028451981203979515,2540,22,6,20,160,1,ELECTION_trump_fav,VCR,calendar,5min,300,False,6,192,6,0.6459499591376145
-1,etf_leads_kalshi,1.8651776643782503e-05,5.322567573179459,1.0231275915576131e-07,0.028451981203979515,2540,22,6,20,160,1,ELECTION_trump_fav,VCR,calendar,5min,300,False,6,192,6,1.330065869024897e-06
0,contemp,-1.1587473103707583e-05,-3.7251289737106563,0.00019521538688534122,0.028451981203979515,2540,22,6,20,160,1,ELECTION_trump_fav,VCR,calendar,5min,300,False,6,192,6,0.000634450007377359
1,kalshi_leads_etf,8.403055590557023e-06,1.4088722767742548,0.15887293845916917,0.028451981203979515,2540,22,6,20,160,1,ELECTION_trump_fav,VCR,calendar,5min,300,False,6,192,6,0.20653481999691992
2,kalshi_leads_etf,1.2527765348701523e-05,1.7868892896193591,0.07395538391595742,0.028451981203979515,2540,22,6,20,160,1,ELECTION_trump_fav,VCR,calendar,5min,300,False,6,192,6,0.1201774988634308
3,kalshi_leads_etf,1.7169326611673767e-05,2.9282971440127517,0.0034082415231083576,0.028451981203979515,2540,22,6,20,160,1,ELECTION_trump_fav,VCR,calendar,5min,300,False,6,192,6,0.00886142796008173
4,kalshi_leads_etf,-1.4426488706621658e-05,-1.621167612911251,0.10498169659054161,0.028451981203979515,2540,22,6,20,160,1,ELECTION_trump_fav,VCR,calendar,5min,300,False,6,192,6,0.15164022840856012
5,kalshi_leads_etf,1.9387799293946e-05,2.5409387096181026,0.011055529782479536,0.028451981203979515,2540,22,6,20,160,1,ELECTION_trump_fav,VCR,calendar,5min,300,False,6,192,6,0.020531698167461997
6,kalshi_leads_etf,1.8833002560470283e-05,2.6874823962415233,0.007199289697432273,0.028451981203979515,2540,22,6,20,160,1,ELECTION_trump_fav,VCR,calendar,5min,300,False,6,192,6,0.015598461011103256
-6,etf_leads_kalshi,-4.153697710817864e-05,-2.1403021691527484,0.03233035480577961,0.04729696398489858,909,22,6,22,110,3,ELECTION_trump_fav,VCR,calendar,10min,600,True,6,169,6,0.1400982041583783
-5,etf_leads_kalshi,-1.6027842939742625e-05,-1.2919815224972306,0.19636354359619246,0.04729696398489858,909,22,6,22,110,3,ELECTION_trump_fav,VCR,calendar,10min,600,True,6,169,6,0.4897875668124159
-4,etf_leads_kalshi,-2.2202204201851177e-05,-1.5149319587154473,0.12978963601665952,0.04729696398489858,909,22,6,22,110,3,ELECTION_trump_fav,VCR,calendar,10min,600,True,6,169,6,0.4218163170541434
-3,etf_leads_kalshi,9.264511347178548e-07,0.05171635594133904,0.9587547045229253,0.04729696398489858,909,22,6,22,110,3,ELECTION_trump_fav,VCR,calendar,10min,600,True,6,169,6,0.9660596511225418
-2,etf_leads_kalshi,3.4601886813287866e-05,3.010360558698127,0.0026093773045728474,0.04729696398489858,909,22,6,22,110,3,ELECTION_trump_fav,VCR,calendar,10min,600,True,6,169,6,0.016960952479723505
-1,etf_leads_kalshi,1.1899500611265792e-05,0.47959530978582776,0.6315151820455931,0.04729696398489858,909,22,6,22,110,3,ELECTION_trump_fav,VCR,calendar,10min,600,True,6,169,6,0.9660596511225418
0,contemp,-9.907135331786953e-07,-0.04970418334840076,0.9603581227522021,0.04729696398489858,909,22,6,22,110,3,ELECTION_trump_fav,VCR,calendar,10min,600,True,6,169,6,0.9660596511225418
1,kalshi_leads_etf,-1.395220111771901e-06,-0.04255075575148012,0.9660596511225418,0.04729696398489858,909,22,6,22,110,3,ELECTION_trump_fav,VCR,calendar,10min,600,True,6,169,6,0.9660596511225418
2,kalshi_leads_etf,4.076503816377304e-06,0.12695259427220837,0.8989779191535666,0.04729696398489858,909,22,6,22,110,3,ELECTION_trump_fav,VCR,calendar,10min,600,True,6,169,6,0.9660596511225418
3,kalshi_leads_etf,5.283727696392657e-05,3.65169599034178,0.0002605141705621403,0.04729696398489858,909,22,6,22,110,3,ELECTION_trump_fav,VCR,calendar,10min,600,True,6,169,6,0.0033866842173078237
4,kalshi_leads_etf,-2.95995576113709e-06,-0.1127887289923843,0.9101980542816694,0.04729696398489858,909,22,6,22,110,3,ELECTION_trump_fav,VCR,calendar,10min,600,True,6,169,6,0.9660596511225418
5,kalshi_leads_etf,-6.1502773800364325e-06,-0.237837581932604,0.8120070687199277,0.04729696398489858,909,22,6,22,110,3,ELECTION_trump_fav,VCR,calendar,10min,600,True,6,169,6,0.9660596511225418
6,kalshi_leads_etf,3.463307691693905e-05,1.2105815989825837,0.22605580006726889,0.04729696398489858,909,22,6,22,110,3,ELECTION_trump_fav,VCR,calendar,10min,600,True,6,169,6,0.4897875668124159
-8,etf_leads_kalshi,-1.3369364707769694e-06,-6.765589378940335,1.3276760140129346e-11,0.04986544199912046,31955,23,6,24,247,1,ELECTION_trump_fav,VDC,calendar,30s,30,False,8,254,6,1.1285246119109945e-10
-7,etf_leads_kalshi,2.7402661581950965e-07,1.7472674572489981,0.080590955237754,0.04986544199912046,31955,23,6,24,247,1,ELECTION_trump_fav,VDC,calendar,30s,30,False,8,254,6,0.148972887797867
-6,etf_leads_kalshi,1.0728375765557236e-06,3.097349455052402,0.0019525954498743866,0.04986544199912046,31955,23,6,24,247,1,ELECTION_trump_fav,VDC,calendar,30s,30,False,8,254,6,0.00474201752112351
-5,etf_leads_kalshi,-8.766842093141799e-07,-2.553056736770927,0.010678210025355786,0.04986544199912046,31955,23,6,24,247,1,ELECTION_trump_fav,VDC,calendar,30s,30,False,8,254,6,0.022691196303881046
-4,etf_leads_kalshi,-3.827024600144813e-07,-0.8923600087470933,0.3721999991215753,0.04986544199912046,31955,23,6,24,247,1,ELECTION_trump_fav,VDC,calendar,30s,30,False,8,254,6,0.4218266656711187
-3,etf_leads_kalshi,-3.5327048412497595e-07,-0.5871393209507435,0.5571101410474846,0.04986544199912046,31955,23,6,24,247,1,ELECTION_trump_fav,VDC,calendar,30s,30,False,8,254,6,0.5571101410474846
-2,etf_leads_kalshi,-2.03456704325013e-06,-4.14510709619874,3.396549266062082e-05,0.04986544199912046,31955,23,6,24,247,1,ELECTION_trump_fav,VDC,calendar,30s,30,False,8,254,6,0.00011548267504611078
-1,etf_leads_kalshi,-6.971031915720155e-07,-0.9556280344854194,0.33926019268392116,0.04986544199912046,31955,23,6,24,247,1,ELECTION_trump_fav,VDC,calendar,30s,30,False,8,254,6,0.41195880540190427
0,contemp,-3.2521777198760295e-07,-0.638873247404686,0.5229053929149744,0.04986544199912046,31955,23,6,24,247,1,ELECTION_trump_fav,VDC,calendar,30s,30,False,8,254,6,0.5555869799721603
1,kalshi_leads_etf,-5.430649229146278e-07,-1.7080281977565261,0.08763111046933353,0.04986544199912046,31955,23,6,24,247,1,ELECTION_trump_fav,VDC,calendar,30s,30,False,8,254,6,0.148972887797867
2,kalshi_leads_etf,-1.6416194233305448e-06,-3.961271155821497,7.455181206229844e-05,0.04986544199912046,31955,23,6,24,247,1,ELECTION_trump_fav,VDC,calendar,30s,30,False,8,254,6,0.00021123013417651224
3,kalshi_leads_etf,-6.306094743532798e-07,-1.6592550010728513,0.0970644187050415,0.04986544199912046,31955,23,6,24,247,1,ELECTION_trump_fav,VDC,calendar,30s,30,False,8,254,6,0.15000864708960956
4,kalshi_leads_etf,1.170411329624084e-06,18.961115838338007,3.574790049347719e-80,0.04986544199912046,31955,23,6,24,247,1,ELECTION_trump_fav,VDC,calendar,30s,30,False,8,254,6,6.077143083891123e-79
5,kalshi_leads_etf,-4.984341505631848e-07,-1.24513089654079,0.21308363870275338,0.04986544199912046,31955,23,6,24,247,1,ELECTION_trump_fav,VDC,calendar,30s,30,False,8,254,6,0.30186848816223394
6,kalshi_leads_etf,2.6582822212525774e-06,6.539927858789868,6.154851520599882e-11,0.04986544199912046,31955,23,6,24,247,1,ELECTION_trump_fav,VDC,calendar,30s,30,False,8,254,6,2.756582716712467e-10
7,kalshi_leads_etf,-1.3619890389823834e-06,-6.532083973078,6.486076980499923e-11,0.04986544199912046,31955,23,6,24,247,1,ELECTION_trump_fav,VDC,calendar,30s,30,False,8,254,6,2.756582716712467e-10
8,kalshi_leads_etf,3.970553107538656e-07,1.0574357625500144,0.2903127572100075,0.04986544199912046,31955,23,6,24,247,1,ELECTION_trump_fav,VDC,calendar,30s,30,False,8,254,6,0.37963975942847134
-8,etf_leads_kalshi,9.525452533740053e-07,2.173616156579119,0.02973397402672034,0.05102511778425656,15473,23,6,25,233,2,ELECTION_trump_fav,VDC,calendar,1min,60,False,8,245,6,0.04595250531402234
-7,etf_leads_kalshi,-2.6577818477046625e-06,-11.87470167592123,1.602045458260483e-32,0.05102511778425656,15473,23,6,25,233,2,ELECTION_trump_fav,VDC,calendar,1min,60,False,8,245,6,9.078257596809402e-32
-6,etf_leads_kalshi,2.041835477547526e-06,4.77459190375492,1.800720359976905e-06,0.05102511778425656,15473,23,6,25,233,2,ELECTION_trump_fav,VDC,calendar,1min,60,False,8,245,6,6.1224492239214765e-06
-5,etf_leads_kalshi,-1.8236576942290247e-07,-0.3966217556091754,0.6916464070292081,0.05102511778425656,15473,23,6,25,233,2,ELECTION_trump_fav,VDC,calendar,1min,60,False,8,245,6,0.6916464070292081
-4,etf_leads_kalshi,-3.845887319841756e-06,-7.7698108826624726,7.860339495627528e-15,0.05102511778425656,15473,23,6,25,233,2,ELECTION_trump_fav,VDC,calendar,1min,60,False,8,245,6,3.3406442856416993e-14
-3,etf_leads_kalshi,1.9019479707221205e-06,3.7145199205184416,0.00020358983249470035,0.05102511778425656,15473,23,6,25,233,2,ELECTION_trump_fav,VDC,calendar,1min,60,False,8,245,6,0.00043262839405123826
-2,etf_leads_kalshi,-3.5439287471588854e-06,-2.8771649789479645,0.0040126574492029094,0.05102511778425656,15473,23,6,25,233,2,ELECTION_trump_fav,VDC,calendar,1min,60,False,8,245,6,0.007579464070716606
-1,etf_leads_kalshi,-1.819241113525152e-06,-1.098410130041061,0.27202544094553194,0.05102511778425656,15473,23,6,25,233,2,ELECTION_trump_fav,VDC,calendar,1min,60,False,8,245,6,0.35572557662108023
0,contemp,-6.081488231496515e-07,-0.3993057224430236,0.689667951137094,0.05102511778425656,15473,23,6,25,233,2,ELECTION_trump_fav,VDC,calendar,1min,60,False,8,245,6,0.6916464070292081
1,kalshi_leads_etf,-1.5146458773822147e-06,-3.926273913487731,8.627190652606377e-05,0.05102511778425656,15473,23,6,25,233,2,ELECTION_trump_fav,VDC,calendar,1min,60,False,8,245,6,0.00020951748727758346
2,kalshi_leads_etf,-2.6353192114111997e-06,-26.298858969576184,1.9762181798390533e-152,0.05102511778425656,15473,23,6,25,233,2,ELECTION_trump_fav,VDC,calendar,1min,60,False,8,245,6,3.3595709057263905e-151
3,kalshi_leads_etf,2.137898656069813e-06,2.607019668017839,0.009133411392232203,0.05102511778425656,15473,23,6,25,233,2,ELECTION_trump_fav,VDC,calendar,1min,60,False,8,245,6,0.015526799366794745
4,kalshi_leads_etf,3.3664653967037837e-06,4.281331605964932,1.8577827801083257e-05,0.05102511778425656,15473,23,6,25,233,2,ELECTION_trump_fav,VDC,calendar,1min,60,False,8,245,6,5.263717876973589e-05
5,kalshi_leads_etf,6.01792652951473e-07,0.8548045243745146,0.39265937307468224,0.05102511778425656,15473,23,6,25,233,2,ELECTION_trump_fav,VDC,calendar,1min,60,False,8,245,6,0.47680066730497134
6,kalshi_leads_etf,5.983544318570349e-06,13.73791788740142,6.018173582695932e-43,0.05102511778425656,15473,23,6,25,233,2,ELECTION_trump_fav,VDC,calendar,1min,60,False,8,245,6,5.115447545291543e-42
7,kalshi_leads_etf,-3.617698106007689e-07,-1.2878683716377624,0.19779178699693156,0.05102511778425656,15473,23,6,25,233,2,ELECTION_trump_fav,VDC,calendar,1min,60,False,8,245,6,0.28020503157898635
8,kalshi_leads_etf,3.386322905334124e-07,0.6199375528517543,0.5352989009330409,0.05102511778425656,15473,23,6,25,233,2,ELECTION_trump_fav,VDC,calendar,1min,60,False,8,245,6,0.6066720877241131
-8,etf_leads_kalshi,-7.445808243753661e-07,-0.5557092744029892,0.5784096154176069,0.03976261120481883,7236,22,6,24,206,1,ELECTION_trump_fav,VDC,calendar,2min,120,False,8,230,6,0.6145602163812074
-7,etf_leads_kalshi,-3.286284994753957e-06,-3.9139618526955156,9.079398575825653e-05,0.03976261120481883,7236,22,6,24,206,1,ELECTION_trump_fav,VDC,calendar,2min,120,False,8,230,6,0.0005144992526301202
-6,etf_leads_kalshi,4.702001785384975e-06,2.7119404983844473,0.006689059881806687,0.03976261120481883,7236,22,6,24,206,1,ELECTION_trump_fav,VDC,calendar,2min,120,False,8,230,6,0.0162448597129591
-5,etf_leads_kalshi,3.785814670058619e-06,2.8308417101006462,0.004642569050320448,0.03976261120481883,7236,22,6,24,206,1,ELECTION_trump_fav,VDC,calendar,2min,120,False,8,230,6,0.013153945642574603
-4,etf_leads_kalshi,-8.670313038925669e-07,-0.9285880626567073,0.353102610649323,0.03976261120481883,7236,22,6,24,206,1,ELECTION_trump_fav,VDC,calendar,2min,120,False,8,230,6,0.5002286984198743
-3,etf_leads_kalshi,1.7857608907690321e-06,1.830460835794064,0.06718105795061725,0.03976261120481883,7236,22,6,24,206,1,ELECTION_trump_fav,VDC,calendar,2min,120,False,8,230,6,0.11420779851604933
-2,etf_leads_kalshi,-2.3152237474427676e-06,-2.919266820673216,0.003508557724189354,0.03976261120481883,7236,22,6,24,206,1,ELECTION_trump_fav,VDC,calendar,2min,120,False,8,230,6,0.011929096262243803
-1,etf_leads_kalshi,-2.1930719565827275e-06,-0.7528260338504525,0.4515544603563735,0.03976261120481883,7236,22,6,24,206,1,ELECTION_trump_fav,VDC,calendar,2min,120,False,8,230,6,0.5483161304327393
0,contemp,-1.8813246618008613e-06,-0.8579809598169437,0.39090297720354794,0.03976261120481883,7236,22,6,24,206,1,ELECTION_trump_fav,VDC,calendar,2min,120,False,8,230,6,0.5111808163431012
1,kalshi_leads_etf,4.0767602050199054e-08,0.0624353896577799,0.9502161130514337,0.03976261120481883,7236,22,6,24,206,1,ELECTION_trump_fav,VDC,calendar,2min,120,False,8,230,6,0.9502161130514337
2,kalshi_leads_etf,2.0628650340668578e-06,1.1380334024433267,0.25510653488524615,0.03976261120481883,7236,22,6,24,206,1,ELECTION_trump_fav,VDC,calendar,2min,120,False,8,230,6,0.3942555539135622
3,kalshi_leads_etf,3.865392416546048e-06,3.7212551942748475,0.00019823498259122067,0.03976261120481883,7236,22,6,24,206,1,ELECTION_trump_fav,VDC,calendar,2min,120,False,8,230,6,0.0008424986760126879
4,kalshi_leads_etf,-1.7513790274735966e-06,-2.0328059424360068,0.04207213254349807,0.03976261120481883,7236,22,6,24,206,1,ELECTION_trump_fav,VDC,calendar,2min,120,False,8,230,6,0.0894032816549334
5,kalshi_leads_etf,-4.496945871252082e-07,-0.6404345502157017,0.5218901269219964,0.03976261120481883,7236,22,6,24,206,1,ELECTION_trump_fav,VDC,calendar,2min,120,False,8,230,6,0.5914754771782627
6,kalshi_leads_etf,3.4122668928437754e-06,4.268279266361535,1.9698661945933912e-05,0.03976261120481883,7236,22,6,24,206,1,ELECTION_trump_fav,VDC,calendar,2min,120,False,8,230,6,0.00016743862654043824
7,kalshi_leads_etf,1.9700085558773995e-06,1.8704237111841227,0.06142500182361194,0.03976261120481883,7236,22,6,24,206,1,ELECTION_trump_fav,VDC,calendar,2min,120,False,8,230,6,0.11420779851604933
8,kalshi_leads_etf,-4.741843028328836e-06,-4.9189091627518,8.702784199508895e-07,0.03976261120481883,7236,22,6,24,206,1,ELECTION_trump_fav,VDC,calendar,2min,120,False,8,230,6,1.479473313916512e-05
-6,etf_leads_kalshi,1.5020879422797771e-05,3.7075224452601843,0.00020929687123372694,0.07453697542698101,2540,22,6,20,160,1,ELECTION_trump_fav,VDC,calendar,5min,300,False,6,192,6,0.00045347655433974166
-5,etf_leads_kalshi,1.1231236045267441e-06,0.5454117311505499,0.585470373919827,0.07453697542698101,2540,22,6,20,160,1,ELECTION_trump_fav,VDC,calendar,5min,300,False,6,192,6,0.585470373919827
-4,etf_leads_kalshi,2.3330120957309746e-05,2.5624154530935344,0.010394689272845816,0.07453697542698101,2540,22,6,20,160,1,ELECTION_trump_fav,VDC,calendar,5min,300,False,6,192,6,0.01689137006837445
-3,etf_leads_kalshi,2.3383588422782955e-05,4.68624641620943,2.7826121185320243e-06,0.07453697542698101,2540,22,6,20,160,1,ELECTION_trump_fav,VDC,calendar,5min,300,False,6,192,6,7.234791508183263e-06
-2,etf_leads_kalshi,2.1174054371737304e-05,2.5176997167107764,0.011812397982157278,0.07453697542698101,2540,22,6,20,160,1,ELECTION_trump_fav,VDC,calendar,5min,300,False,6,192,6,0.017062352640893848
-1,etf_leads_kalshi,1.8759449316978736e-05,5.81216780267455,6.1668976950489505e-09,0.07453697542698101,2540,22,6,20,160,1,ELECTION_trump_fav,VDC,calendar,5min,300,False,6,192,6,4.0084835017818173e-08
0,contemp,-6.454369455871392e-06,-1.6052580905277614,0.10843701812579488,0.07453697542698101,2540,22,6,20,160,1,ELECTION_trump_fav,VDC,calendar,5min,300,False,6,192,6,0.12815283960321214
1,kalshi_leads_etf,1.3722960177750202e-05,5.281262528878687,1.2829669599978886e-07,0.07453697542698101,2540,22,6,20,160,1,ELECTION_trump_fav,VDC,calendar,5min,300,False,6,192,6,5.559523493324184e-07
2,kalshi_leads_etf,1.7851208032069428e-05,6.754344038437472,1.4348291602221295e-11,0.07453697542698101,2540,22,6,20,160,1,ELECTION_trump_fav,VDC,calendar,5min,300,False,6,192,6,1.8652779082887683e-10
3,kalshi_leads_etf,1.285798875097157e-06,0.676331044854495,0.49883048642922134,0.07453697542698101,2540,22,6,20,160,1,ELECTION_trump_fav,VDC,calendar,5min,300,False,6,192,6,0.5403996936316564
4,kalshi_leads_etf,1.2669765621937151e-05,4.934034922532693,8.054802820821072e-07,0.07453697542698101,2540,22,6,20,160,1,ELECTION_trump_fav,VDC,calendar,5min,300,False,6,192,6,2.6178109167668485e-06
5,kalshi_leads_etf,1.233041782837137e-05,2.8415892047396807,0.004488929167870687,0.07453697542698101,2540,22,6,20,160,1,ELECTION_trump_fav,VDC,calendar,5min,300,False,6,192,6,0.008336582740331276
6,kalshi_leads_etf,1.632667660869791e-05,2.426839037658533,0.015231011712116717,0.07453697542698101,2540,22,6,20,160,1,ELECTION_trump_fav,VDC,calendar,5min,300,False,6,192,6,0.019800315225751732
-6,etf_leads_kalshi,-9.5555707184993e-06,-1.4665563434865012,0.14249678336171334,0.09770736284325388,909,22,6,21,110,2,ELECTION_trump_fav,VDC,calendar,10min,600,True,6,169,6,0.2058286870780304
-5,etf_leads_kalshi,-6.843469762583211e-06,-0.6883869045243609,0.4912091682255446,0.09770736284325388,909,22,6,21,110,2,ELECTION_trump_fav,VDC,calendar,10min,600,True,6,169,6,0.4912091682255446
-4,etf_leads_kalshi,-4.675009958320021e-05,-4.90342917285,9.417790992087551e-07,0.09770736284325388,909,22,6,21,110,2,ELECTION_trump_fav,VDC,calendar,10min,600,True,6,169,6,9.568807378756837e-06
-3,etf_leads_kalshi,1.8421125035700535e-05,2.4298054360906636,0.015106930058412016,0.09770736284325388,909,22,6,21,110,2,ELECTION_trump_fav,VDC,calendar,10min,600,True,6,169,6,0.039278018151871236
-2,etf_leads_kalshi,3.840264036220958e-05,4.131685344578031,3.6011315292918663e-05,0.09770736284325388,909,22,6,21,110,2,ELECTION_trump_fav,VDC,calendar,10min,600,True,6,169,6,0.00015604903293598086
-1,etf_leads_kalshi,4.2313297089468863e-05,3.8110051720901845,0.0001384028711062792,0.09770736284325388,909,22,6,21,110,2,ELECTION_trump_fav,VDC,calendar,10min,600,True,6,169,6,0.0004498093310954074
0,contemp,1.4393252012276696e-05,1.5186755366559543,0.1288441872462872,0.09770736284325388,909,22,6,21,110,2,ELECTION_trump_fav,VDC,calendar,10min,600,True,6,169,6,0.2058286870780304
1,kalshi_leads_etf,-1.1687021996594035e-05,-0.9518688672403933,0.3411634903507821,0.09770736284325388,909,22,6,21,110,2,ELECTION_trump_fav,VDC,calendar,10min,600,True,6,169,6,0.4435125374560167
2,kalshi_leads_etf,2.0031423263810318e-05,2.3399723906144017,0.019285165496341343,0.09770736284325388,909,22,6,21,110,2,ELECTION_trump_fav,VDC,calendar,10min,600,True,6,169,6,0.041784525242072906
3,kalshi_leads_etf,4.334800341874967e-05,4.814983001141017,1.4721242121164365e-06,0.09770736284325388,909,22,6,21,110,2,ELECTION_trump_fav,VDC,calendar,10min,600,True,6,169,6,9.568807378756837e-06
4,kalshi_leads_etf,-1.1153018060927255e-05,-0.7198221022889252,0.47163453464218374,0.09770736284325388,909,22,6,21,110,2,ELECTION_trump_fav,VDC,calendar,10min,600,True,6,169,6,0.4912091682255446
5,kalshi_leads_etf,-9.671838548289075e-06,-0.8622878435677133,0.3885291405990602,0.09770736284325388,909,22,6,21,110,2,ELECTION_trump_fav,VDC,calendar,10min,600,True,6,169,6,0.45917080252616205
6,kalshi_leads_etf,-2.172621367989522e-05,-1.746414437465449,0.08073896301213696,0.09770736284325388,909,22,6,21,110,2,ELECTION_trump_fav,VDC,calendar,10min,600,True,6,169,6,0.1499437884511115
-8,etf_leads_kalshi,-1.21829176930006e-06,-2.101603976888413,0.03558798120927294,0.029835070209093595,31955,23,6,26,247,3,ELECTION_trump_fav,VDE,calendar,30s,30,False,8,254,6,0.0672217422841822
-7,etf_leads_kalshi,-1.3792264795884805e-07,-0.15670874762724354,0.8754743926562384,0.029835070209093595,31955,23,6,26,247,3,ELECTION_trump_fav,VDE,calendar,30s,30,False,8,254,6,0.9301915421972533
-6,etf_leads_kalshi,-1.9309692823713234e-08,-0.029090493089915733,0.9767924180058707,0.029835070209093595,31955,23,6,26,247,3,ELECTION_trump_fav,VDE,calendar,30s,30,False,8,254,6,0.9767924180058707
-5,etf_leads_kalshi,1.0937925517566266e-06,3.4368984819644273,0.000588416101895992,0.029835070209093595,31955,23,6,26,247,3,ELECTION_trump_fav,VDE,calendar,30s,30,False,8,254,6,0.0016671789553719771
-4,etf_leads_kalshi,2.590237482609948e-06,4.274439058810223,1.9161910568137945e-05,0.029835070209093595,31955,23,6,26,247,3,ELECTION_trump_fav,VDE,calendar,30s,30,False,8,254,6,8.143811991458627e-05
-3,etf_leads_kalshi,-1.51567557601621e-06,-2.0199697946113986,0.0433865207498544,0.029835070209093595,31955,23,6,26,247,3,ELECTION_trump_fav,VDE,calendar,30s,30,False,8,254,6,0.07375708527475247
-2,etf_leads_kalshi,1.468735201853303e-06,2.813532439914297,0.00490004418046681,0.029835070209093595,31955,23,6,26,247,3,ELECTION_trump_fav,VDE,calendar,30s,30,False,8,254,6,0.011900107295419396
-1,etf_leads_kalshi,-1.3105864704754811e-07,-0.20937810101972276,0.8341530867518024,0.029835070209093595,31955,23,6,26,247,3,ELECTION_trump_fav,VDE,calendar,30s,30,False,8,254,6,0.9301915421972533
0,contemp,-4.5023244097913503e-07,-0.4237781411917836,0.6717276210313731,0.029835070209093595,31955,23,6,26,247,3,ELECTION_trump_fav,VDE,calendar,30s,30,False,8,254,6,0.8156692541095245
1,kalshi_leads_etf,-1.634599960968486e-07,-1.089879729886977,0.2757661267059365,0.029835070209093595,31955,23,6,26,247,3,ELECTION_trump_fav,VDE,calendar,30s,30,False,8,254,6,0.3606172426154554
2,kalshi_leads_etf,1.770416373197921e-06,1.9733030177951425,0.04846104931422721,0.029835070209093595,31955,23,6,26,247,3,ELECTION_trump_fav,VDE,calendar,30s,30,False,8,254,6,0.07489434894016933
3,kalshi_leads_etf,-1.9358237423934816e-06,-3.7490883688479797,0.00017747854485248424,0.029835070209093595,31955,23,6,26,247,3,ELECTION_trump_fav,VDE,calendar,30s,30,False,8,254,6,0.0006034270524984464
4,kalshi_leads_etf,-8.750273575672423e-07,-4.803415366896985,1.5598183652171362e-06,0.029835070209093595,31955,23,6,26,247,3,ELECTION_trump_fav,VDE,calendar,30s,30,False,8,254,6,8.838970736230437e-06
5,kalshi_leads_etf,2.7216810439337167e-06,10.92911451227632,8.366079132480511e-28,0.029835070209093595,31955,23,6,26,247,3,ELECTION_trump_fav,VDE,calendar,30s,30,False,8,254,6,1.422233452521687e-26
6,kalshi_leads_etf,-1.0262146614642725e-06,-2.112524475866179,0.034641488891193076,0.029835070209093595,31955,23,6,26,247,3,ELECTION_trump_fav,VDE,calendar,30s,30,False,8,254,6,0.0672217422841822
7,kalshi_leads_etf,-1.8311963549805425e-06,-5.805600414221352,6.4135753124723995e-09,0.029835070209093595,31955,23,6,26,247,3,ELECTION_trump_fav,VDE,calendar,30s,30,False,8,254,6,5.4515390156015396e-08
8,kalshi_leads_etf,-7.616585606581092e-07,-1.4533656801888972,0.14612225006425675,0.029835070209093595,31955,23,6,26,247,3,ELECTION_trump_fav,VDE,calendar,30s,30,False,8,254,6,0.20700652092436372
-8,etf_leads_kalshi,3.2553918704087046e-07,0.42476296715875583,0.671009476529469,0.019430342636662656,15473,23,6,25,233,2,ELECTION_trump_fav,VDE,calendar,1min,60,False,8,245,6,0.7477573377709621
-7,etf_leads_kalshi,2.2752096320924423e-06,1.799963086886814,0.07186646701174972,0.019430342636662656,15473,23,6,25,233,2,ELECTION_trump_fav,VDE,calendar,1min,60,False,8,245,6,0.22662571086070984
-6,etf_leads_kalshi,-2.8054158719609406e-06,-1.6781569205442979,0.09331646917793934,0.019430342636662656,15473,23,6,25,233,2,ELECTION_trump_fav,VDE,calendar,1min,60,False,8,245,6,0.22662571086070984
-5,etf_leads_kalshi,5.947930843164085e-07,0.4897941257182332,0.6242795879173819,0.019430342636662656,15473,23,6,25,233,2,ELECTION_trump_fav,VDE,calendar,1min,60,False,8,245,6,0.7477573377709621
-4,etf_leads_kalshi,4.320185187141438e-07,0.38023414933203276,0.703771612019729,0.019430342636662656,15473,23,6,25,233,2,ELECTION_trump_fav,VDE,calendar,1min,60,False,8,245,6,0.7477573377709621
-3,etf_leads_kalshi,-2.762869779188686e-06,-3.1885222237105415,0.0014300201716229907,0.019430342636662656,15473,23,6,25,233,2,ELECTION_trump_fav,VDE,calendar,1min,60,False,8,245,6,0.012155171458795421
-2,etf_leads_kalshi,3.2589937144154437e-06,5.144168942597114,2.6870764440074596e-07,0.019430342636662656,15473,23,6,25,233,2,ELECTION_trump_fav,VDE,calendar,1min,60,False,8,245,6,4.568029954812682e-06
-1,etf_leads_kalshi,-3.06165413338356e-07,-0.5691875576307572,0.5692288635633478,0.019430342636662656,15473,23,6,25,233,2,ELECTION_trump_fav,VDE,calendar,1min,60,False,8,245,6,0.7477573377709621
0,contemp,9.100171382926642e-07,0.5258090386142824,0.5990208938587245,0.019430342636662656,15473,23,6,25,233,2,ELECTION_trump_fav,VDE,calendar,1min,60,False,8,245,6,0.7477573377709621
1,kalshi_leads_etf,8.666175654185357e-07,0.6844716924043021,0.4936773585699925,0.019430342636662656,15473,23,6,25,233,2,ELECTION_trump_fav,VDE,calendar,1min,60,False,8,245,6,0.7477573377709621
2,kalshi_leads_etf,3.845406197130074e-07,0.4437715795192385,0.6572077380968924,0.019430342636662656,15473,23,6,25,233,2,ELECTION_trump_fav,VDE,calendar,1min,60,False,8,245,6,0.7477573377709621
3,kalshi_leads_etf,1.4940100485960678e-08,0.016153150966658293,0.9871122106940267,0.019430342636662656,15473,23,6,25,233,2,ELECTION_trump_fav,VDE,calendar,1min,60,False,8,245,6,0.9871122106940267
4,kalshi_leads_etf,-1.2219952521876073e-06,-2.2762296521252483,0.022832268052240735,0.019430342636662656,15473,23,6,25,233,2,ELECTION_trump_fav,VDE,calendar,1min,60,False,8,245,6,0.09703713922202313
5,kalshi_leads_etf,1.2002077322904826e-06,1.6970854441017327,0.08968050772187564,0.019430342636662656,15473,23,6,25,233,2,ELECTION_trump_fav,VDE,calendar,1min,60,False,8,245,6,0.22662571086070984
6,kalshi_leads_etf,8.594624854134684e-07,1.3878375980568742,0.16518650310945915,0.019430342636662656,15473,23,6,25,233,2,ELECTION_trump_fav,VDE,calendar,1min,60,False,8,245,6,0.3510213191076007
7,kalshi_leads_etf,-7.195371310332268e-07,-0.5640420444719499,0.5727255186975462,0.019430342636662656,15473,23,6,25,233,2,ELECTION_trump_fav,VDE,calendar,1min,60,False,8,245,6,0.7477573377709621
8,kalshi_leads_etf,-1.107712575432711e-06,-2.3073175809727027,0.02103712212550791,0.019430342636662656,15473,23,6,25,233,2,ELECTION_trump_fav,VDE,calendar,1min,60,False,8,245,6,0.09703713922202313
-8,etf_leads_kalshi,2.2612669219859676e-06,1.2997676874734603,0.19368060333608483,0.019471217002440366,7236,22,6,24,206,1,ELECTION_trump_fav,VDE,calendar,2min,120,False,8,230,6,0.3658411396348269
-7,etf_leads_kalshi,5.92327763948759e-07,0.20427856503607295,0.8381358194149517,0.019471217002440366,7236,22,6,24,206,1,ELECTION_trump_fav,VDE,calendar,2min,120,False,8,230,6,0.949887262003612
-6,etf_leads_kalshi,6.523601460362994e-07,0.2871693468920124,0.7739826558995822,0.019471217002440366,7236,22,6,24,206,1,ELECTION_trump_fav,VDE,calendar,2min,120,False,8,230,6,0.949887262003612
-5,etf_leads_kalshi,5.245825384163504e-06,2.673707468572692,0.007501785783303946,0.019471217002440366,7236,22,6,24,206,1,ELECTION_trump_fav,VDE,calendar,2min,120,False,8,230,6,0.04251011943872236
-4,etf_leads_kalshi,-5.562405682980537e-06,-1.4860365031278278,0.1372694659448055,0.019471217002440366,7236,22,6,24,206,1,ELECTION_trump_fav,VDE,calendar,2min,120,False,8,230,6,0.2916976151327117
-3,etf_leads_kalshi,-9.378394372225919e-08,-0.022731988531248738,0.9818640592656708,0.019471217002440366,7236,22,6,24,206,1,ELECTION_trump_fav,VDE,calendar,2min,120,False,8,230,6,0.9818640592656708
-2,etf_leads_kalshi,3.768333646466248e-06,2.0864806891598735,0.03693510264791691,0.019471217002440366,7236,22,6,24,206,1,ELECTION_trump_fav,VDE,calendar,2min,120,False,8,230,6,0.10256863997195322
-1,etf_leads_kalshi,-3.5842345897602666e-06,-2.3614132210286756,0.018205432196266906,0.019471217002440366,7236,22,6,24,206,1,ELECTION_trump_fav,VDE,calendar,2min,120,False,8,230,6,0.06189846946730748
0,contemp,4.3323351861879765e-06,2.4806213905744268,0.013115359762369938,0.019471217002440366,7236,22,6,24,206,1,ELECTION_trump_fav,VDE,calendar,2min,120,False,8,230,6,0.05574027899007224
1,kalshi_leads_etf,8.475253171990614e-07,0.2187988589240847,0.8268067357870125,0.019471217002440366,7236,22,6,24,206,1,ELECTION_trump_fav,VDE,calendar,2min,120,False,8,230,6,0.949887262003612
2,kalshi_leads_etf,-1.2636648119919563e-06,-0.9246557543386471,0.355145001459381,0.019471217002440366,7236,22,6,24,206,1,ELECTION_trump_fav,VDE,calendar,2min,120,False,8,230,6,0.5031220854007897
3,kalshi_leads_etf,2.4246241334051213e-06,1.1447498167344252,0.2523128087484132,0.019471217002440366,7236,22,6,24,206,1,ELECTION_trump_fav,VDE,calendar,2min,120,False,8,230,6,0.3899379771566386
4,kalshi_leads_etf,8.234807032096759e-08,0.039609058328867186,0.9684048056056638,0.019471217002440366,7236,22,6,24,206,1,ELECTION_trump_fav,VDE,calendar,2min,120,False,8,230,6,0.9818640592656708
5,kalshi_leads_etf,-6.583138095518491e-06,-3.1934055950468703,0.0014060530359826828,0.019471217002440366,7236,22,6,24,206,1,ELECTION_trump_fav,VDE,calendar,2min,120,False,8,230,6,0.011951450805852804
6,kalshi_leads_etf,1.2958117372134285e-05,5.829743189994848,5.551274116642207e-09,0.019471217002440366,7236,22,6,24,206,1,ELECTION_trump_fav,VDE,calendar,2min,120,False,8,230,6,9.437165998291752e-08
7,kalshi_leads_etf,-5.7414447208190235e-06,-2.031205567346253,0.04223414587080426,0.019471217002440366,7236,22,6,24,206,1,ELECTION_trump_fav,VDE,calendar,2min,120,False,8,230,6,0.10256863997195322
8,kalshi_leads_etf,-2.4213778410269134e-06,-1.1638702117668773,0.24447661304550938,0.019471217002440366,7236,22,6,24,206,1,ELECTION_trump_fav,VDE,calendar,2min,120,False,8,230,6,0.3899379771566386
-6,etf_leads_kalshi,-3.078500317920275e-05,-3.1271137332695305,0.0017653162172454472,0.05072868836027877,2540,22,6,21,160,2,ELECTION_trump_fav,VDE,calendar,5min,300,False,6,192,6,0.003824851804031802
-5,etf_leads_kalshi,-2.881246496387764e-05,-3.305129670215394,0.0009493246782672063,0.05072868836027877,2540,22,6,21,160,2,ELECTION_trump_fav,VDE,calendar,5min,300,False,6,192,6,0.002468244163494736
-4,etf_leads_kalshi,-1.923314796299121e-05,-3.3295046512407342,0.0008700061107246392,0.05072868836027877,2540,22,6,21,160,2,ELECTION_trump_fav,VDE,calendar,5min,300,False,6,192,6,0.002468244163494736
-3,etf_leads_kalshi,1.2596696801832582e-06,0.26539602475028756,0.7907043981908028,0.05072868836027877,2540,22,6,21,160,2,ELECTION_trump_fav,VDE,calendar,5min,300,False,6,192,6,0.8913219279841612
-2,etf_leads_kalshi,-1.5051374030019791e-05,-1.4858533262367726,0.13731792139427018,0.05072868836027877,2540,22,6,21,160,2,ELECTION_trump_fav,VDE,calendar,5min,300,False,6,192,6,0.19834810868061248
-1,etf_leads_kalshi,1.273048901965605e-06,0.13663168799603814,0.8913219279841612,0.05072868836027877,2540,22,6,21,160,2,ELECTION_trump_fav,VDE,calendar,5min,300,False,6,192,6,0.8913219279841612
0,contemp,1.5745069047129523e-06,0.18332008477020925,0.8545468760663568,0.05072868836027877,2540,22,6,21,160,2,ELECTION_trump_fav,VDE,calendar,5min,300,False,6,192,6,0.8913219279841612
1,kalshi_leads_etf,-6.166797426522303e-06,-1.6186908928364845,0.10551378735444855,0.05072868836027877,2540,22,6,21,160,2,ELECTION_trump_fav,VDE,calendar,5min,300,False,6,192,6,0.1714599044509789
2,kalshi_leads_etf,-1.7149209116461866e-05,-3.766870248446829,0.0001653068580677699,0.05072868836027877,2540,22,6,21,160,2,ELECTION_trump_fav,VDE,calendar,5min,300,False,6,192,6,0.0007163297182936696
3,kalshi_leads_etf,-5.858230183618103e-06,-0.6638990730778053,0.5067549095650725,0.05072868836027877,2540,22,6,21,160,2,ELECTION_trump_fav,VDE,calendar,5min,300,False,6,192,6,0.6587813824345943
4,kalshi_leads_etf,-3.439274593001496e-05,-4.102562453950718,4.08599511958647e-05,0.05072868836027877,2540,22,6,21,160,2,ELECTION_trump_fav,VDE,calendar,5min,300,False,6,192,6,0.00026558968277312053
5,kalshi_leads_etf,3.392774336873843e-05,5.018648914552586,5.203614868824356e-07,0.05072868836027877,2540,22,6,21,160,2,ELECTION_trump_fav,VDE,calendar,5min,300,False,6,192,6,6.764699329471663e-06
6,kalshi_leads_etf,-3.4485294865664484e-05,-2.759346539878508,0.005791708194201576,0.05072868836027877,2540,22,6,21,160,2,ELECTION_trump_fav,VDE,calendar,5min,300,False,6,192,6,0.010756029503517214
-6,etf_leads_kalshi,6.300343630821433e-06,0.5839529666898854,0.5592519560988256,0.06884967346008608,909,22,6,20,110,1,ELECTION_trump_fav,VDE,calendar,10min,600,True,6,169,6,0.6143731128234472
-5,etf_leads_kalshi,-6.67638250231458e-06,-0.5723075397998691,0.567113642606259,0.06884967346008608,909,22,6,20,110,1,ELECTION_trump_fav,VDE,calendar,10min,600,True,6,169,6,0.6143731128234472
-4,etf_leads_kalshi,-2.20413268199516e-05,-3.289338187459264,0.001004232808694332,0.06884967346008608,909,22,6,20,110,1,ELECTION_trump_fav,VDE,calendar,10min,600,True,6,169,6,0.003263756628256579
-3,etf_leads_kalshi,-5.4497989150119875e-05,-2.831589971260919,0.004631720089434149,0.06884967346008608,909,22,6,20,110,1,ELECTION_trump_fav,VDE,calendar,10min,600,True,6,169,6,0.012042472232528786
-2,etf_leads_kalshi,-5.718466526465182e-05,-7.530232218971307,5.0650162817088715e-14,0.06884967346008608,909,22,6,20,110,1,ELECTION_trump_fav,VDE,calendar,10min,600,True,6,169,6,6.584521166221533e-13
-1,etf_leads_kalshi,-1.833140690841269e-05,-0.9994828668507534,0.3175608347379343,0.06884967346008608,909,22,6,20,110,1,ELECTION_trump_fav,VDE,calendar,10min,600,True,6,169,6,0.4464499544046043
0,contemp,1.6732983637796704e-05,0.9474234590644567,0.34342304184969563,0.06884967346008608,909,22,6,20,110,1,ELECTION_trump_fav,VDE,calendar,10min,600,True,6,169,6,0.4464499544046043
1,kalshi_leads_etf,-1.3052016801481686e-05,-1.9852265011428443,0.047119277108682855,0.06884967346008608,909,22,6,20,110,1,ELECTION_trump_fav,VDE,calendar,10min,600,True,6,169,6,0.08185213121629488
2,kalshi_leads_etf,-5.5651963695965354e-05,-2.312209413580648,0.020766145777119667,0.06884967346008608,909,22,6,20,110,1,ELECTION_trump_fav,VDE,calendar,10min,600,True,6,169,6,0.044993315850425944
3,kalshi_leads_etf,-1.3889783878361503e-06,-0.04910857347702966,0.9608327710062848,0.06884967346008608,909,22,6,20,110,1,ELECTION_trump_fav,VDE,calendar,10min,600,True,6,169,6,0.9608327710062848
4,kalshi_leads_etf,5.0856856951920235e-05,3.302818345343962,0.000957183721784441,0.06884967346008608,909,22,6,20,110,1,ELECTION_trump_fav,VDE,calendar,10min,600,True,6,169,6,0.003263756628256579
5,kalshi_leads_etf,1.570483026780664e-05,1.9568037817998767,0.0503705422869507,0.06884967346008608,909,22,6,20,110,1,ELECTION_trump_fav,VDE,calendar,10min,600,True,6,169,6,0.08185213121629488
6,kalshi_leads_etf,-4.493600893383519e-05,-5.274208244170366,1.3333044318158966e-07,0.06884967346008608,909,22,6,20,110,1,ELECTION_trump_fav,VDE,calendar,10min,600,True,6,169,6,8.666478806803328e-07
-8,etf_leads_kalshi,-2.3511428744399994e-06,-12.48871923259258,8.602735877454804e-36,0.03176582040626097,31955,23,6,26,247,3,ELECTION_trump_fav,VFH,calendar,30s,30,False,8,254,6,1.4624650991673167e-34
-7,etf_leads_kalshi,2.180840504853475e-06,2.744461462964873,0.006061027032722741,0.03176582040626097,31955,23,6,26,247,3,ELECTION_trump_fav,VFH,calendar,30s,30,False,8,254,6,0.010303745955628659
-6,etf_leads_kalshi,1.517306132980937e-06,2.2602331988776987,0.023806781426932225,0.03176582040626097,31955,23,6,26,247,3,ELECTION_trump_fav,VFH,calendar,30s,30,False,8,254,6,0.031131944942911372
-5,etf_leads_kalshi,8.803213792106198e-07,1.692630525031505,0.090525817004707,0.03176582040626097,31955,23,6,26,247,3,ELECTION_trump_fav,VFH,calendar,30s,30,False,8,254,6,0.1099242063628585
-4,etf_leads_kalshi,1.3078557019949039e-06,8.51247264184227,1.7026294359173507e-17,0.03176582040626097,31955,23,6,26,247,3,ELECTION_trump_fav,VFH,calendar,30s,30,False,8,254,6,1.447235020529748e-16
-3,etf_leads_kalshi,1.0203338609993026e-06,3.973526185600577,7.081636874098563e-05,0.03176582040626097,31955,23,6,26,247,3,ELECTION_trump_fav,VFH,calendar,30s,30,False,8,254,6,0.0003363501269717757
-2,etf_leads_kalshi,-1.33461602318862e-06,-3.9469859284395254,7.914120634630017e-05,0.03176582040626097,31955,23,6,26,247,3,ELECTION_trump_fav,VFH,calendar,30s,30,False,8,254,6,0.0003363501269717757
-1,etf_leads_kalshi,-1.9322974925280885e-06,-3.7612365241660575,0.0001690754563456853,0.03176582040626097,31955,23,6,26,247,3,ELECTION_trump_fav,VFH,calendar,30s,30,False,8,254,6,0.00057485655157533
0,contemp,-8.056141713721548e-07,-1.078378447303606,0.28086490128115493,0.03176582040626097,31955,23,6,26,247,3,ELECTION_trump_fav,VFH,calendar,30s,30,False,8,254,6,0.2984189576112271
1,kalshi_leads_etf,7.205717372503213e-08,0.2991727008751281,0.7648082774777855,0.03176582040626097,31955,23,6,26,247,3,ELECTION_trump_fav,VFH,calendar,30s,30,False,8,254,6,0.7648082774777855
2,kalshi_leads_etf,-9.418514235216388e-07,-3.417595040283906,0.0006317703192369613,0.03176582040626097,31955,23,6,26,247,3,ELECTION_trump_fav,VFH,calendar,30s,30,False,8,254,6,0.0015342993467183346
3,kalshi_leads_etf,-2.3665974491149346e-06,-3.344212915241199,0.0008251638273789237,0.03176582040626097,31955,23,6,26,247,3,ELECTION_trump_fav,VFH,calendar,30s,30,False,8,254,6,0.001753473133180213
4,kalshi_leads_etf,1.143510519426981e-06,2.679536739397758,0.007372411240527317,0.03176582040626097,31955,23,6,26,247,3,ELECTION_trump_fav,VFH,calendar,30s,30,False,8,254,6,0.010444249257413699
5,kalshi_leads_etf,5.659288136990051e-07,1.4429767059408123,0.1490270332557817,0.03176582040626097,31955,23,6,26,247,3,ELECTION_trump_fav,VFH,calendar,30s,30,False,8,254,6,0.1688973043565526
6,kalshi_leads_etf,-3.081714770533113e-06,-3.4971200818548454,0.0004703100787455542,0.03176582040626097,31955,23,6,26,247,3,ELECTION_trump_fav,VFH,calendar,30s,30,False,8,254,6,0.0013325452231124034
7,kalshi_leads_etf,-1.6332595170660392e-06,-3.0504977564226983,0.002284623872571036,0.03176582040626097,31955,23,6,26,247,3,ELECTION_trump_fav,VFH,calendar,30s,30,False,8,254,6,0.004315400648189735
8,kalshi_leads_etf,-1.949372238544547e-06,-2.6972561418170584,0.006991347025611134,0.03176582040626097,31955,23,6,26,247,3,ELECTION_trump_fav,VFH,calendar,30s,30,False,8,254,6,0.010444249257413699
-8,etf_leads_kalshi,-1.7607366423117133e-06,-2.2113872177046296,0.027009034237564143,0.037026279367730286,15473,23,6,28,233,5,ELECTION_trump_fav,VFH,calendar,1min,60,False,8,245,6,0.038262798503215865
-7,etf_leads_kalshi,-1.588813850622417e-06,-3.5165286723654012,0.0004372294322276192,0.037026279367730286,15473,23,6,28,233,5,ELECTION_trump_fav,VFH,calendar,1min,60,False,8,245,6,0.0008258778164299474
-6,etf_leads_kalshi,4.828334796629455e-06,9.077768703393646,1.108233660530266e-19,0.037026279367730286,15473,23,6,28,233,5,ELECTION_trump_fav,VFH,calendar,1min,60,False,8,245,6,9.419986114507261e-19
-5,etf_leads_kalshi,2.3336392481529344e-06,2.032265091098101,0.04212682647828345,0.037026279367730286,15473,23,6,28,233,5,ELECTION_trump_fav,VFH,calendar,1min,60,False,8,245,6,0.055088926933139895
-4,etf_leads_kalshi,2.1436823177360384e-07,0.19780492125220242,0.843197695649632,0.037026279367730286,15473,23,6,28,233,5,ELECTION_trump_fav,VFH,calendar,1min,60,False,8,245,6,0.843197695649632
-3,etf_leads_kalshi,2.319730054393328e-06,6.795978649689708,1.0757971063365244e-11,0.037026279367730286,15473,23,6,28,233,5,ELECTION_trump_fav,VFH,calendar,1min,60,False,8,245,6,4.5721377019302284e-11
-2,etf_leads_kalshi,6.862542421287949e-06,6.829227160220533,8.537329839634235e-12,0.037026279367730286,15473,23,6,28,233,5,ELECTION_trump_fav,VFH,calendar,1min,60,False,8,245,6,4.5721377019302284e-11
-1,etf_leads_kalshi,-1.4749973307257517e-06,-1.1800788693837707,0.23796884794669182,0.037026279367730286,15473,23,6,28,233,5,ELECTION_trump_fav,VFH,calendar,1min,60,False,8,245,6,0.2696980276729174
0,contemp,1.7764834172352688e-06,1.3972580378970956,0.16233598951349382,0.037026279367730286,15473,23,6,28,233,5,ELECTION_trump_fav,VFH,calendar,1min,60,False,8,245,6,0.19712227298067106
1,kalshi_leads_etf,-5.822668948451574e-06,-5.58300318495657,2.364004141744151e-08,0.037026279367730286,15473,23,6,28,233,5,ELECTION_trump_fav,VFH,calendar,1min,60,False,8,245,6,5.7411529156643666e-08
2,kalshi_leads_etf,-3.2249998672914205e-06,-2.387694196413211,0.016954442770003027,0.037026279367730286,15473,23,6,28,233,5,ELECTION_trump_fav,VFH,calendar,1min,60,False,8,245,6,0.02620232064455013
3,kalshi_leads_etf,-3.1481068397864022e-06,-2.391385004751851,0.01678494117374031,0.037026279367730286,15473,23,6,28,233,5,ELECTION_trump_fav,VFH,calendar,1min,60,False,8,245,6,0.02620232064455013
4,kalshi_leads_etf,-4.00714946206366e-06,-5.772276632791317,7.820758077669063e-09,0.037026279367730286,15473,23,6,28,233,5,ELECTION_trump_fav,VFH,calendar,1min,60,False,8,245,6,2.6590577464074814e-08
5,kalshi_leads_etf,-5.556653033372997e-07,-0.368549009387846,0.7124639085100058,0.037026279367730286,15473,23,6,28,233,5,ELECTION_trump_fav,VFH,calendar,1min,60,False,8,245,6,0.7569929027918813
6,kalshi_leads_etf,-1.367988866619404e-06,-4.119098726502909,3.8035716854273476e-05,0.037026279367730286,15473,23,6,28,233,5,ELECTION_trump_fav,VFH,calendar,1min,60,False,8,245,6,8.082589831533114e-05
7,kalshi_leads_etf,-5.341876737474449e-06,-23.374368307531917,7.791208400872136e-121,0.037026279367730286,15473,23,6,28,233,5,ELECTION_trump_fav,VFH,calendar,1min,60,False,8,245,6,1.3245054281482631e-119
8,kalshi_leads_etf,2.9575211138143844e-06,5.636661042975629,1.7337889666232832e-08,0.037026279367730286,15473,23,6,28,233,5,ELECTION_trump_fav,VFH,calendar,1min,60,False,8,245,6,4.912402072099302e-08
-8,etf_leads_kalshi,5.820414655210363e-06,4.455439173294286,8.372163142475305e-06,0.03777674958098709,7236,22,6,24,206,1,ELECTION_trump_fav,VFH,calendar,2min,120,False,8,230,6,2.0332396203154314e-05
-7,etf_leads_kalshi,3.924019321142684e-06,2.0221618477068226,0.043159634314307735,0.03777674958098709,7236,22,6,24,206,1,ELECTION_trump_fav,VFH,calendar,2min,120,False,8,230,6,0.0564395217956332
-6,etf_leads_kalshi,5.308895952453749e-06,3.2939237233465977,0.0009879930520952293,0.03777674958098709,7236,22,6,24,206,1,ELECTION_trump_fav,VFH,calendar,2min,120,False,8,230,6,0.0016862542329914405
-5,etf_leads_kalshi,-1.1125496735343175e-06,-0.9889571593978045,0.32268410250195534,0.03777674958098709,7236,22,6,24,206,1,ELECTION_trump_fav,VFH,calendar,2min,120,False,8,230,6,0.36570864950221604
-4,etf_leads_kalshi,-9.132101001991664e-06,-8.568540058320153,1.0480523450778063e-17,0.03777674958098709,7236,22,6,24,206,1,ELECTION_trump_fav,VFH,calendar,2min,120,False,8,230,6,8.908444933161354e-17
-3,etf_leads_kalshi,3.4221177200797474e-06,2.893873324213099,0.0038052164275084394,0.03777674958098709,7236,22,6,24,206,1,ELECTION_trump_fav,VFH,calendar,2min,120,False,8,230,6,0.005390723272303622
-2,etf_leads_kalshi,1.069438317214408e-05,8.725828868799756,2.6423801672459645e-18,0.03777674958098709,7236,22,6,24,206,1,ELECTION_trump_fav,VFH,calendar,2min,120,False,8,230,6,4.4920462843181396e-17
-1,etf_leads_kalshi,8.73303987353216e-06,5.836622070865512,5.326973818033656e-09,0.03777674958098709,7236,22,6,24,206,1,ELECTION_trump_fav,VFH,calendar,2min,120,False,8,230,6,1.5093092484428692e-08
0,contemp,-1.394946497260481e-06,-0.7113959071074287,0.47683893456926907,0.03777674958098709,7236,22,6,24,206,1,ELECTION_trump_fav,VFH,calendar,2min,120,False,8,230,6,0.5066413679798484
1,kalshi_leads_etf,-1.117965108142541e-05,-3.4814374103276773,0.0004987303235394693,0.03777674958098709,7236,22,6,24,206,1,ELECTION_trump_fav,VFH,calendar,2min,120,False,8,230,6,0.0010598019375213721
2,kalshi_leads_etf,-4.998825673679739e-06,-3.1180255904247884,0.0018206699432102152,0.03777674958098709,7236,22,6,24,206,1,ELECTION_trump_fav,VFH,calendar,2min,120,False,8,230,6,0.0028137626395066963
3,kalshi_leads_etf,6.782260033411884e-06,7.755509555313917,8.798945224587876e-15,0.03777674958098709,7236,22,6,24,206,1,ELECTION_trump_fav,VFH,calendar,2min,120,False,8,230,6,2.991641376359878e-14
4,kalshi_leads_etf,-4.6734755514106946e-07,-0.2180984106495855,0.8273524357176525,0.03777674958098709,7236,22,6,24,206,1,ELECTION_trump_fav,VFH,calendar,2min,120,False,8,230,6,0.8273524357176525
5,kalshi_leads_etf,-7.820996581912271e-06,-8.347925071984399,6.947262264237837e-17,0.03777674958098709,7236,22,6,24,206,1,ELECTION_trump_fav,VFH,calendar,2min,120,False,8,230,6,3.936781949734774e-16
6,kalshi_leads_etf,4.273020248562622e-06,3.2928101580333116,0.0009919142547008474,0.03777674958098709,7236,22,6,24,206,1,ELECTION_trump_fav,VFH,calendar,2min,120,False,8,230,6,0.0016862542329914405
7,kalshi_leads_etf,2.1140480813052286e-06,1.5044924815466496,0.13245460778481521,0.03777674958098709,7236,22,6,24,206,1,ELECTION_trump_fav,VFH,calendar,2min,120,False,8,230,6,0.16083773802441848
8,kalshi_leads_etf,-1.0870245600785907e-05,-8.301502168011751,1.0280317605115581e-16,0.03777674958098709,7236,22,6,24,206,1,ELECTION_trump_fav,VFH,calendar,2min,120,False,8,230,6,4.369134982174122e-16
-6,etf_leads_kalshi,1.791682082759331e-05,4.743626150692965,2.099261114099109e-06,0.048779034355165174,2540,22,6,20,160,1,ELECTION_trump_fav,VFH,calendar,5min,300,False,6,192,6,1.3645197241644207e-05
-5,etf_leads_kalshi,-4.556026596600989e-06,-0.5738945856549312,0.5660391371681643,0.048779034355165174,2540,22,6,20,160,1,ELECTION_trump_fav,VFH,calendar,5min,300,False,6,192,6,0.6132090652655113
-4,etf_leads_kalshi,1.599543667510088e-05,11.63479128917834,2.7426015840293623e-31,0.048779034355165174,2540,22,6,20,160,1,ELECTION_trump_fav,VFH,calendar,5min,300,False,6,192,6,3.5653820592381706e-30
-3,etf_leads_kalshi,2.4866786413071272e-05,2.007534615569044,0.04469276865839541,0.048779034355165174,2540,22,6,20,160,1,ELECTION_trump_fav,VFH,calendar,5min,300,False,6,192,6,0.06455622139546004
-2,etf_leads_kalshi,-1.1092893727125138e-05,-2.1234832669934094,0.033713376212145554,0.048779034355165174,2540,22,6,20,160,1,ELECTION_trump_fav,VFH,calendar,5min,300,False,6,192,6,0.054784236344736524
-1,etf_leads_kalshi,1.5135465282064023e-05,4.483947587823764,7.3274667386103575e-06,0.048779034355165174,2540,22,6,20,160,1,ELECTION_trump_fav,VFH,calendar,5min,300,False,6,192,6,3.175235586731155e-05
0,contemp,-8.708587128493945e-06,-3.402011133160598,0.0006689191277304229,0.048779034355165174,2540,22,6,20,160,1,ELECTION_trump_fav,VFH,calendar,5min,300,False,6,192,6,0.0014493247767492497
1,kalshi_leads_etf,-8.489805582652728e-06,-3.7600015943085636,0.00016991227414099843,0.048779034355165174,2540,22,6,20,160,1,ELECTION_trump_fav,VFH,calendar,5min,300,False,6,192,6,0.0004417719127665959
2,kalshi_leads_etf,-6.488494497876797e-06,-1.0112974135841035,0.31187410360670575,0.048779034355165174,2540,22,6,20,160,1,ELECTION_trump_fav,VFH,calendar,5min,300,False,6,192,6,0.36857848608065225
3,kalshi_leads_etf,1.2670316132640707e-06,0.332169309607495,0.7397614166939404,0.048779034355165174,2540,22,6,20,160,1,ELECTION_trump_fav,VFH,calendar,5min,300,False,6,192,6,0.7397614166939404
4,kalshi_leads_etf,1.0314817722650704e-05,1.7384653348741874,0.08212885309965226,0.048779034355165174,2540,22,6,20,160,1,ELECTION_trump_fav,VFH,calendar,5min,300,False,6,192,6,0.10676750902954793
5,kalshi_leads_etf,2.8518149318081764e-05,2.848383982751345,0.004394187150467957,0.048779034355165174,2540,22,6,20,160,1,ELECTION_trump_fav,VFH,calendar,5min,300,False,6,192,6,0.008160633279440492
6,kalshi_leads_etf,1.855927098330986e-05,3.835499614448836,0.0001253093029474529,0.048779034355165174,2540,22,6,20,160,1,ELECTION_trump_fav,VFH,calendar,5min,300,False,6,192,6,0.00040725523457922185
-6,etf_leads_kalshi,-4.25487547417026e-05,-2.118955862602848,0.03409419722689666,0.06559825466440083,909,22,6,20,110,1,ELECTION_trump_fav,VFH,calendar,10min,600,True,6,169,6,0.20547055625913696
-5,etf_leads_kalshi,8.614593650797648e-06,1.0149482875292972,0.3101304786007606,0.06559825466440083,909,22,6,20,110,1,ELECTION_trump_fav,VFH,calendar,10min,600,True,6,169,6,0.6719493703016479
-4,etf_leads_kalshi,8.990393814583117e-06,0.7918560556726615,0.42844461270746803,0.06559825466440083,909,22,6,20,110,1,ELECTION_trump_fav,VFH,calendar,10min,600,True,6,169,6,0.7956828521710121
-3,etf_leads_kalshi,3.902784572487684e-06,0.5880348303649462,0.5565089143439361,0.06559825466440083,909,22,6,20,110,1,ELECTION_trump_fav,VFH,calendar,10min,600,True,6,169,6,0.8612613199165347
-2,etf_leads_kalshi,6.546039473800082e-06,0.4624098634876513,0.6437874273504007,0.06559825466440083,909,22,6,20,110,1,ELECTION_trump_fav,VFH,calendar,10min,600,True,6,169,6,0.8612613199165347
-1,etf_leads_kalshi,6.570707697919258e-07,0.04107976121286407,0.9672323091944097,0.06559825466440083,909,22,6,20,110,1,ELECTION_trump_fav,VFH,calendar,10min,600,True,6,169,6,0.9672323091944097
0,contemp,-3.633364996228301e-05,-1.8576290544783662,0.063221709618196,0.06559825466440083,909,22,6,20,110,1,ELECTION_trump_fav,VFH,calendar,10min,600,True,6,169,6,0.20547055625913696
1,kalshi_leads_etf,-4.371664018870972e-05,-1.9351905212557146,0.05296692048401817,0.06559825466440083,909,22,6,20,110,1,ELECTION_trump_fav,VFH,calendar,10min,600,True,6,169,6,0.20547055625913696
2,kalshi_leads_etf,-6.246162078720887e-06,-0.4364521520234791,0.6625087076281037,0.06559825466440083,909,22,6,20,110,1,ELECTION_trump_fav,VFH,calendar,10min,600,True,6,169,6,0.8612613199165347
3,kalshi_leads_etf,5.28499207943022e-05,2.9374371177584533,0.003309372784734711,0.06559825466440083,909,22,6,20,110,1,ELECTION_trump_fav,VFH,calendar,10min,600,True,6,169,6,0.043021846201551237
4,kalshi_leads_etf,-7.256466393200052e-06,-0.23973564092641808,0.8105352030420453,0.06559825466440083,909,22,6,20,110,1,ELECTION_trump_fav,VFH,calendar,10min,600,True,6,169,6,0.9579052399587809
5,kalshi_leads_etf,-2.8839007522333057e-05,-1.1366781677801674,0.25567284933015855,0.06559825466440083,909,22,6,20,110,1,ELECTION_trump_fav,VFH,calendar,10min,600,True,6,169,6,0.6647494082584122
6,kalshi_leads_etf,-1.5442665727027333e-06,-0.12641611883913353,0.8994025435233809,0.06559825466440083,909,22,6,20,110,1,ELECTION_trump_fav,VFH,calendar,10min,600,True,6,169,6,0.9672323091944097
-8,etf_leads_kalshi,3.509314950750461e-07,0.407162979355928,0.6838882898816068,0.03365042774641003,31955,23,6,25,247,2,ELECTION_trump_fav,VGT,calendar,30s,30,False,8,254,6,0.7266313079992072
-7,etf_leads_kalshi,-5.391889104283653e-07,-2.2723371955525953,0.02306615186897382,0.03365042774641003,31955,23,6,25,247,2,ELECTION_trump_fav,VGT,calendar,30s,30,False,8,254,6,0.04356939797472833
-6,etf_leads_kalshi,1.2618852523526594e-06,5.874645884939331,4.237481713160067e-09,0.03365042774641003,31955,23,6,25,247,2,ELECTION_trump_fav,VGT,calendar,30s,30,False,8,254,6,3.601859456186057e-08
-5,etf_leads_kalshi,-3.3110351037930944e-06,-2.812739389725095,0.004912144459353606,0.03365042774641003,31955,23,6,25,247,2,ELECTION_trump_fav,VGT,calendar,30s,30,False,8,254,6,0.01670129116180226
-4,etf_leads_kalshi,-7.807786887433547e-07,-3.982668801563244,6.814569098928823e-05,0.03365042774641003,31955,23,6,25,247,2,ELECTION_trump_fav,VGT,calendar,30s,30,False,8,254,6,0.000289619186704475
-3,etf_leads_kalshi,-5.473815420230763e-07,-2.4741882590702415,0.013353930744894056,0.03365042774641003,31955,23,6,25,247,2,ELECTION_trump_fav,VGT,calendar,30s,30,False,8,254,6,0.03783613711053316
-2,etf_leads_kalshi,-1.9216371885959644e-07,-0.6846879031965023,0.4935408840789747,0.03365042774641003,31955,23,6,25,247,2,ELECTION_trump_fav,VGT,calendar,30s,30,False,8,254,6,0.5992996449530407
-1,etf_leads_kalshi,1.568647116816905e-08,0.050361532703274835,0.9598342899227317,0.03365042774641003,31955,23,6,25,247,2,ELECTION_trump_fav,VGT,calendar,30s,30,False,8,254,6,0.9598342899227317
0,contemp,2.922288886558088e-07,1.2659353711768828,0.20553622154445372,0.03365042774641003,31955,23,6,25,247,2,ELECTION_trump_fav,VGT,calendar,30s,30,False,8,254,6,0.29117631385464277
1,kalshi_leads_etf,-1.645353163654099e-06,-4.374548626674235,1.2168399729301066e-05,0.03365042774641003,31955,23,6,25,247,2,ELECTION_trump_fav,VGT,calendar,30s,30,False,8,254,6,6.895426513270604e-05
2,kalshi_leads_etf,-3.344018298137589e-07,-0.8483611222464418,0.3962368872717429,0.03365042774641003,31955,23,6,25,247,2,ELECTION_trump_fav,VGT,calendar,30s,30,False,8,254,6,0.5181559295092023
3,kalshi_leads_etf,-7.835721426215779e-07,-1.4511289783341048,0.14674394865806842,0.03365042774641003,31955,23,6,25,247,2,ELECTION_trump_fav,VGT,calendar,30s,30,False,8,254,6,0.22678610247156028
4,kalshi_leads_etf,-2.7860467758446935e-07,-0.4996128446763825,0.617347711763304,0.03365042774641003,31955,23,6,25,247,2,ELECTION_trump_fav,VGT,calendar,30s,30,False,8,254,6,0.6996607399984113
5,kalshi_leads_etf,1.7943601093028886e-06,2.356405072247817,0.018452783314229212,0.03365042774641003,31955,23,6,25,247,2,ELECTION_trump_fav,VGT,calendar,30s,30,False,8,254,6,0.03921216454273708
6,kalshi_leads_etf,2.903413956419329e-07,1.9201975351231602,0.054832952860558455,0.03365042774641003,31955,23,6,25,247,2,ELECTION_trump_fav,VGT,calendar,30s,30,False,8,254,6,0.09321601986294938
7,kalshi_leads_etf,-3.6389932290230813e-06,-10.549110486248052,5.1280266316122185e-26,0.03365042774641003,31955,23,6,25,247,2,ELECTION_trump_fav,VGT,calendar,30s,30,False,8,254,6,8.717645273740772e-25
8,kalshi_leads_etf,8.921716506283918e-07,2.416926790449645,0.015652164845408902,0.03365042774641003,31955,23,6,25,247,2,ELECTION_trump_fav,VGT,calendar,30s,30,False,8,254,6,0.03801240033885019
-8,etf_leads_kalshi,-1.5721640141427315e-06,-3.733356874232463,0.00018894458133837585,0.03291359564806495,15473,23,6,25,233,2,ELECTION_trump_fav,VGT,calendar,1min,60,False,8,245,6,0.0006085616012971613
-7,etf_leads_kalshi,-8.934459178688364e-07,-0.7506500063218243,0.45286331772129185,0.03291359564806495,15473,23,6,25,233,2,ELECTION_trump_fav,VGT,calendar,1min,60,False,8,245,6,0.5499054572329972
-6,etf_leads_kalshi,1.5682568379577343e-06,3.9527745353575416,7.725021909006062e-05,0.03291359564806495,15473,23,6,25,233,2,ELECTION_trump_fav,VGT,calendar,1min,60,False,8,245,6,0.0003395127882648648
-5,etf_leads_kalshi,-1.5361725658016827e-06,-1.5216526318246348,0.12809614231970745,0.03291359564806495,15473,23,6,25,233,2,ELECTION_trump_fav,VGT,calendar,1min,60,False,8,245,6,0.16751033995654052
-4,etf_leads_kalshi,-1.864651050585005e-06,-2.191386209304433,0.02842385621809515,0.03291359564806495,15473,23,6,25,233,2,ELECTION_trump_fav,VGT,calendar,1min,60,False,8,245,6,0.04392777779160159
-3,etf_leads_kalshi,1.908754290107457e-06,2.2394931801851583,0.025123844566205745,0.03291359564806495,15473,23,6,25,233,2,ELECTION_trump_fav,VGT,calendar,1min,60,False,8,245,6,0.04271053576254977
-2,etf_leads_kalshi,-2.806691821594418e-06,-1.983804536395713,0.0472776342375721,0.03291359564806495,15473,23,6,25,233,2,ELECTION_trump_fav,VGT,calendar,1min,60,False,8,245,6,0.06697664850322714
-1,etf_leads_kalshi,3.740083942928983e-07,0.5421965995601842,0.5876830775853286,0.03291359564806495,15473,23,6,25,233,2,ELECTION_trump_fav,VGT,calendar,1min,60,False,8,245,6,0.6244132699344116
0,contemp,-1.9377066172730083e-06,-3.5739028894068254,0.00035169941179775174,0.03291359564806495,15473,23,6,25,233,2,ELECTION_trump_fav,VGT,calendar,1min,60,False,8,245,6,0.0008541271429373972
1,kalshi_leads_etf,-5.0115101731880444e-06,-6.40923908539004,1.4624769775631235e-10,0.03291359564806495,15473,23,6,25,233,2,ELECTION_trump_fav,VGT,calendar,1min,60,False,8,245,6,2.48621086185731e-09
2,kalshi_leads_etf,-8.388595928235444e-07,-0.5767665871466263,0.5640971438169431,0.03291359564806495,15473,23,6,25,233,2,ELECTION_trump_fav,VGT,calendar,1min,60,False,8,245,6,0.6244132699344116
3,kalshi_leads_etf,2.1291634409335534e-06,2.323682964099558,0.020142492183341305,0.03291359564806495,15473,23,6,25,233,2,ELECTION_trump_fav,VGT,calendar,1min,60,False,8,245,6,0.04271053576254977
4,kalshi_leads_etf,-3.5428832249760663e-06,-5.9950069491269815,2.034767411695021e-09,0.03291359564806495,15473,23,6,25,233,2,ELECTION_trump_fav,VGT,calendar,1min,60,False,8,245,6,1.729552299940768e-08
5,kalshi_leads_etf,5.173319210545657e-06,2.2720677917609184,0.023082416094002935,0.03291359564806495,15473,23,6,25,233,2,ELECTION_trump_fav,VGT,calendar,1min,60,False,8,245,6,0.04271053576254977
6,kalshi_leads_etf,-5.258876696577808e-06,-3.7009586866656297,0.0002147864475166452,0.03291359564806495,15473,23,6,25,233,2,ELECTION_trump_fav,VGT,calendar,1min,60,False,8,245,6,0.0006085616012971613
7,kalshi_leads_etf,-1.6035463497482942e-06,-3.944743739626472,7.988536194467407e-05,0.03291359564806495,15473,23,6,25,233,2,ELECTION_trump_fav,VGT,calendar,1min,60,False,8,245,6,0.0003395127882648648
8,kalshi_leads_etf,5.6694335296119445e-08,0.058052390975352405,0.9537068968931699,0.03291359564806495,15473,23,6,25,233,2,ELECTION_trump_fav,VGT,calendar,1min,60,False,8,245,6,0.9537068968931699
-8,etf_leads_kalshi,2.26973160601486e-06,0.6565232820351832,0.5114874924864427,0.0400925053629948,7236,22,6,26,206,3,ELECTION_trump_fav,VGT,calendar,2min,120,False,8,230,6,0.8092976403778562
-7,etf_leads_kalshi,1.4448248450082132e-06,1.0784524079951947,0.28083190969752503,0.0400925053629948,7236,22,6,26,206,3,ELECTION_trump_fav,VGT,calendar,2min,120,False,8,230,6,0.6820203521225608
-6,etf_leads_kalshi,1.7186111797121639e-06,0.49744586915136857,0.6188746661713018,0.0400925053629948,7236,22,6,26,206,3,ELECTION_trump_fav,VGT,calendar,2min,120,False,8,230,6,0.8092976403778562
-5,etf_leads_kalshi,-4.64762149492416e-06,-1.6874454917552009,0.09151772269274046,0.0400925053629948,7236,22,6,26,206,3,ELECTION_trump_fav,VGT,calendar,2min,120,False,8,230,6,0.31116025715531753
-4,etf_leads_kalshi,-1.629100119391031e-06,-0.6587036235224526,0.5100861056855862,0.0400925053629948,7236,22,6,26,206,3,ELECTION_trump_fav,VGT,calendar,2min,120,False,8,230,6,0.8092976403778562
-3,etf_leads_kalshi,-5.8610741311441175e-06,-1.7210351011795761,0.08524445457111862,0.0400925053629948,7236,22,6,26,206,3,ELECTION_trump_fav,VGT,calendar,2min,120,False,8,230,6,0.31116025715531753
-2,etf_leads_kalshi,9.848899870925237e-08,0.0897983183264247,0.9284474845739094,0.0400925053629948,7236,22,6,26,206,3,ELECTION_trump_fav,VGT,calendar,2min,120,False,8,230,6,0.95516358863224
-1,etf_leads_kalshi,-1.877374281826241e-06,-1.1575250901331178,0.24705789454890992,0.0400925053629948,7236,22,6,26,206,3,ELECTION_trump_fav,VGT,calendar,2min,120,False,8,230,6,0.6820203521225608
0,contemp,6.463896709126027e-08,0.056223715716280806,0.95516358863224,0.0400925053629948,7236,22,6,26,206,3,ELECTION_trump_fav,VGT,calendar,2min,120,False,8,230,6,0.95516358863224
1,kalshi_leads_etf,-8.178791069605565e-06,-8.896335351794686,5.772099137105129e-19,0.0400925053629948,7236,22,6,26,206,3,ELECTION_trump_fav,VGT,calendar,2min,120,False,8,230,6,9.81256853307872e-18
2,kalshi_leads_etf,2.7600082397781274e-06,2.420555145963267,0.015496828587912985,0.0400925053629948,7236,22,6,26,206,3,ELECTION_trump_fav,VGT,calendar,2min,120,False,8,230,6,0.08781536199817358
3,kalshi_leads_etf,1.1627931023813549e-06,0.335496814546431,0.7372503472483989,0.0400925053629948,7236,22,6,26,206,3,ELECTION_trump_fav,VGT,calendar,2min,120,False,8,230,6,0.8952325645159129
4,kalshi_leads_etf,6.092749962179248e-07,0.2537768733448565,0.7996679410652341,0.0400925053629948,7236,22,6,26,206,3,ELECTION_trump_fav,VGT,calendar,2min,120,False,8,230,6,0.9062903332072654
5,kalshi_leads_etf,3.2890638363353747e-06,0.5690395076748932,0.5693293289540077,0.0400925053629948,7236,22,6,26,206,3,ELECTION_trump_fav,VGT,calendar,2min,120,False,8,230,6,0.8092976403778562
6,kalshi_leads_etf,1.2103460678695331e-06,0.5465209057355817,0.5847079212749037,0.0400925053629948,7236,22,6,26,206,3,ELECTION_trump_fav,VGT,calendar,2min,120,False,8,230,6,0.8092976403778562
7,kalshi_leads_etf,1.3895681635711713e-06,0.6856756406627769,0.49291767096609596,0.0400925053629948,7236,22,6,26,206,3,ELECTION_trump_fav,VGT,calendar,2min,120,False,8,230,6,0.8092976403778562
8,kalshi_leads_etf,-8.16085204816444e-06,-5.809807139171214,6.254485092617413e-09,0.0400925053629948,7236,22,6,26,206,3,ELECTION_trump_fav,VGT,calendar,2min,120,False,8,230,6,5.316312328724801e-08
-6,etf_leads_kalshi,7.77555277601951e-06,0.758336969393488,0.4482492808006351,0.02761486196761742,2540,22,6,21,160,2,ELECTION_trump_fav,VGT,calendar,5min,300,False,6,192,6,0.8324629500583224
-5,etf_leads_kalshi,-1.0989030672259547e-05,-2.0960624108829915,0.036076654929847234,0.02761486196761742,2540,22,6,21,160,2,ELECTION_trump_fav,VGT,calendar,5min,300,False,6,192,6,0.15633217136267133
-4,etf_leads_kalshi,2.8278192587636813e-05,3.2041519627773516,0.0013546095768671893,0.02761486196761742,2540,22,6,21,160,2,ELECTION_trump_fav,VGT,calendar,5min,300,False,6,192,6,0.008804962249636731
-3,etf_leads_kalshi,4.687201052863577e-06,0.3072696039969085,0.7586381697904643,0.02761486196761742,2540,22,6,21,160,2,ELECTION_trump_fav,VGT,calendar,5min,300,False,6,192,6,0.8448098983410552
-2,etf_leads_kalshi,5.416527782147026e-06,0.8276804991392148,0.40785146584163456,0.02761486196761742,2540,22,6,21,160,2,ELECTION_trump_fav,VGT,calendar,5min,300,False,6,192,6,0.8324629500583224
-1,etf_leads_kalshi,-1.9976461829367026e-06,-0.19574482424373926,0.8448098983410552,0.02761486196761742,2540,22,6,21,160,2,ELECTION_trump_fav,VGT,calendar,5min,300,False,6,192,6,0.8448098983410552
0,contemp,-2.2365042060988112e-05,-5.7723940755889505,7.81530738394348e-09,0.02761486196761742,2540,22,6,21,160,2,ELECTION_trump_fav,VGT,calendar,5min,300,False,6,192,6,1.0159899599126522e-07
1,kalshi_leads_etf,-1.2466078426915202e-06,-0.21507614798692978,0.8297079498921169,0.02761486196761742,2540,22,6,21,160,2,ELECTION_trump_fav,VGT,calendar,5min,300,False,6,192,6,0.8448098983410552
2,kalshi_leads_etf,1.1891210929348964e-05,1.317423675612368,0.18769664924332408,0.02761486196761742,2540,22,6,21,160,2,ELECTION_trump_fav,VGT,calendar,5min,300,False,6,192,6,0.6100141100408032
3,kalshi_leads_etf,-1.9234860560998763e-06,-0.2820438635594617,0.7779098767418757,0.02761486196761742,2540,22,6,21,160,2,ELECTION_trump_fav,VGT,calendar,5min,300,False,6,192,6,0.8448098983410552
4,kalshi_leads_etf,2.265289837197073e-06,0.32753501109181116,0.7432632669329221,0.02761486196761742,2540,22,6,21,160,2,ELECTION_trump_fav,VGT,calendar,5min,300,False,6,192,6,0.8448098983410552
5,kalshi_leads_etf,-4.565271631939958e-06,-0.499280805635869,0.6175815752680796,0.02761486196761742,2540,22,6,21,160,2,ELECTION_trump_fav,VGT,calendar,5min,300,False,6,192,6,0.8448098983410552
6,kalshi_leads_etf,1.0979677918520398e-05,1.0031315084799575,0.31579741395606364,0.02761486196761742,2540,22,6,21,160,2,ELECTION_trump_fav,VGT,calendar,5min,300,False,6,192,6,0.8210732762857654
-6,etf_leads_kalshi,-1.5350024947746418e-05,-2.247232337844819,0.024625182518017832,0.04199167818413185,909,22,6,23,110,4,ELECTION_trump_fav,VGT,calendar,10min,600,True,6,169,6,0.10509117950779885
-5,etf_leads_kalshi,-2.486496153244774e-05,-3.199834404029936,0.0013750656758668113,0.04199167818413185,909,22,6,23,110,4,ELECTION_trump_fav,VGT,calendar,10min,600,True,6,169,6,0.008937926893134272
-4,etf_leads_kalshi,-4.8942742717672435e-06,-0.34954125038243417,0.7266830080088758,0.04199167818413185,909,22,6,23,110,4,ELECTION_trump_fav,VGT,calendar,10min,600,True,6,169,6,0.7872399253429487
-3,etf_leads_kalshi,-1.383573010477002e-05,-0.5850815940217383,0.5584928543615473,0.04199167818413185,909,22,6,23,110,4,ELECTION_trump_fav,VGT,calendar,10min,600,True,6,169,6,0.6636256336333889
-2,etf_leads_kalshi,1.4142396347587591e-05,0.8228588004774386,0.4105882939534008,0.04199167818413185,909,22,6,23,110,4,ELECTION_trump_fav,VGT,calendar,10min,600,True,6,169,6,0.6636256336333889
-1,etf_leads_kalshi,1.3601490192914083e-05,0.580571355672809,0.5615293823051752,0.04199167818413185,909,22,6,23,110,4,ELECTION_trump_fav,VGT,calendar,10min,600,True,6,169,6,0.6636256336333889
0,contemp,-5.4062444691962126e-05,-3.965033600762861,7.338560901781708e-05,0.04199167818413185,909,22,6,23,110,4,ELECTION_trump_fav,VGT,calendar,10min,600,True,6,169,6,0.000954012917231622
1,kalshi_leads_etf,-4.0675231213807926e-05,-1.8967428066155838,0.05786189106402808,0.04199167818413185,909,22,6,23,110,4,ELECTION_trump_fav,VGT,calendar,10min,600,True,6,169,6,0.150440916766473
2,kalshi_leads_etf,-1.1936950554916137e-05,-0.7789097007887976,0.43603290909279746,0.04199167818413185,909,22,6,23,110,4,ELECTION_trump_fav,VGT,calendar,10min,600,True,6,169,6,0.6636256336333889
3,kalshi_leads_etf,1.0667913288904924e-05,0.6527476369252534,0.513918986220006,0.04199167818413185,909,22,6,23,110,4,ELECTION_trump_fav,VGT,calendar,10min,600,True,6,169,6,0.6636256336333889
4,kalshi_leads_etf,1.5381414414789778e-05,0.855460035094474,0.39229652011169724,0.04199167818413185,909,22,6,23,110,4,ELECTION_trump_fav,VGT,calendar,10min,600,True,6,169,6,0.6636256336333889
5,kalshi_leads_etf,-2.496025713916801e-05,-2.1402354014627303,0.03233574754086119,0.04199167818413185,909,22,6,23,110,4,ELECTION_trump_fav,VGT,calendar,10min,600,True,6,169,6,0.10509117950779885
6,kalshi_leads_etf,-4.1507066373627814e-07,-0.027480302140506823,0.9780766505289763,0.04199167818413185,909,22,6,23,110,4,ELECTION_trump_fav,VGT,calendar,10min,600,True,6,169,6,0.9780766505289763
-8,etf_leads_kalshi,-1.3937803097329202e-07,-0.6023748017210263,0.5469246792986856,0.0753656548100543,31955,23,6,28,247,5,ELECTION_trump_fav,VIS,calendar,30s,30,False,8,254,6,0.5811074717548534
-7,etf_leads_kalshi,2.117324328812865e-07,1.0502884883664028,0.2935854961938087,0.0753656548100543,31955,23,6,28,247,5,ELECTION_trump_fav,VIS,calendar,30s,30,False,8,254,6,0.38224857604596285
-6,etf_leads_kalshi,-5.326757552023531e-08,-0.12243896346295415,0.902551382248392,0.0753656548100543,31955,23,6,28,247,5,ELECTION_trump_fav,VIS,calendar,30s,30,False,8,254,6,0.902551382248392
-5,etf_leads_kalshi,-7.69016910472587e-07,-1.0297399296817495,0.303132106094811,0.0753656548100543,31955,23,6,28,247,5,ELECTION_trump_fav,VIS,calendar,30s,30,False,8,254,6,0.38224857604596285
-4,etf_leads_kalshi,1.052752693291862e-06,3.7842657919391627,0.00015416300381383206,0.0753656548100543,31955,23,6,28,247,5,ELECTION_trump_fav,VIS,calendar,30s,30,False,8,254,6,0.0006551927662087863
-3,etf_leads_kalshi,-9.574337612420518e-07,-2.2239314369499885,0.026153057576906013,0.0753656548100543,31955,23,6,28,247,5,ELECTION_trump_fav,VIS,calendar,30s,30,False,8,254,6,0.055575247350925276
-2,etf_leads_kalshi,-6.230637374337252e-07,-1.3481692484362875,0.17760395289015762,0.0753656548100543,31955,23,6,28,247,5,ELECTION_trump_fav,VIS,calendar,30s,30,False,8,254,6,0.27447883628478903
-1,etf_leads_kalshi,1.77091901017123e-07,1.005215807796983,0.3147929449790282,0.0753656548100543,31955,23,6,28,247,5,ELECTION_trump_fav,VIS,calendar,30s,30,False,8,254,6,0.38224857604596285
0,contemp,-6.175188372147524e-07,-3.345157640863627,0.0008223581534772457,0.0753656548100543,31955,23,6,28,247,5,ELECTION_trump_fav,VIS,calendar,30s,30,False,8,254,6,0.002796017721822635
1,kalshi_leads_etf,-7.529516613054164e-07,-2.839235741811838,0.0045221734198094485,0.0753656548100543,31955,23,6,28,247,5,ELECTION_trump_fav,VIS,calendar,30s,30,False,8,254,6,0.010982421162394375
2,kalshi_leads_etf,-8.448286772271119e-07,-3.274692433133789,0.0010577706915868047,0.0753656548100543,31955,23,6,28,247,5,ELECTION_trump_fav,VIS,calendar,30s,30,False,8,254,6,0.0029970169594959466
3,kalshi_leads_etf,1.1727588407113326e-06,2.1591098879890316,0.03084164271796353,0.0753656548100543,31955,23,6,28,247,5,ELECTION_trump_fav,VIS,calendar,30s,30,False,8,254,6,0.058256436245042224
4,kalshi_leads_etf,-1.6956595764920984e-06,-13.936044011031164,3.8256504319592843e-44,0.0753656548100543,31955,23,6,28,247,5,ELECTION_trump_fav,VIS,calendar,30s,30,False,8,254,6,6.5036057343307836e-43
5,kalshi_leads_etf,7.216237670045143e-07,1.6644433356285686,0.09602386597308554,0.0753656548100543,31955,23,6,28,247,5,ELECTION_trump_fav,VIS,calendar,30s,30,False,8,254,6,0.16324057215424542
6,kalshi_leads_etf,1.534789505596068e-07,0.8332207808827583,0.4047202246481548,0.0753656548100543,31955,23,6,28,247,5,ELECTION_trump_fav,VIS,calendar,30s,30,False,8,254,6,0.4586829212679088
7,kalshi_leads_etf,-1.9002417076874806e-06,-7.107583355096746,1.1809241669202552e-12,0.0753656548100543,31955,23,6,28,247,5,ELECTION_trump_fav,VIS,calendar,30s,30,False,8,254,6,1.003785541882217e-11
8,kalshi_leads_etf,1.46596116964256e-06,5.514680845176597,3.494134513777259e-08,0.0753656548100543,31955,23,6,28,247,5,ELECTION_trump_fav,VIS,calendar,30s,30,False,8,254,6,1.9800095578071135e-07
-8,etf_leads_kalshi,-8.599677070078144e-07,-1.3050195066884336,0.19188620560399194,0.06696006113873476,15473,23,6,26,233,3,ELECTION_trump_fav,VIS,calendar,1min,60,False,8,245,6,0.2718387912723219
-7,etf_leads_kalshi,-2.279574367327347e-06,-2.0521881560080186,0.040151380084598357,0.06696006113873476,15473,23,6,26,233,3,ELECTION_trump_fav,VIS,calendar,1min,60,False,8,245,6,0.0682573461438172
-6,etf_leads_kalshi,4.698313577247384e-06,10.977530834758358,4.901377423220279e-28,0.06696006113873476,15473,23,6,26,233,3,ELECTION_trump_fav,VIS,calendar,1min,60,False,8,245,6,4.166170809737237e-27
-5,etf_leads_kalshi,-5.3124581412839196e-08,-0.045605656391705864,0.9636245607165279,0.06696006113873476,15473,23,6,26,233,3,ELECTION_trump_fav,VIS,calendar,1min,60,False,8,245,6,0.9636245607165279
-4,etf_leads_kalshi,1.3584672041119263e-06,3.3114744759559698,0.0009280570569863097,0.06696006113873476,15473,23,6,26,233,3,ELECTION_trump_fav,VIS,calendar,1min,60,False,8,245,6,0.002629494994794544
-3,etf_leads_kalshi,2.241377515743528e-06,3.534210854517489,0.00040899465959109234,0.06696006113873476,15473,23,6,26,233,3,ELECTION_trump_fav,VIS,calendar,1min,60,False,8,245,6,0.0017382273032621424
-2,etf_leads_kalshi,-1.2533404371067143e-06,-0.7221524743025939,0.47020073914620786,0.06696006113873476,15473,23,6,26,233,3,ELECTION_trump_fav,VIS,calendar,1min,60,False,8,245,6,0.5560810528619036
-1,etf_leads_kalshi,-8.980369368947546e-07,-1.1623258859256935,0.24510311562532772,0.06696006113873476,15473,23,6,26,233,3,ELECTION_trump_fav,VIS,calendar,1min,60,False,8,245,6,0.3205194588946593
0,contemp,-6.595144226100115e-07,-0.6892598608669483,0.490659752525209,0.06696006113873476,15473,23,6,26,233,3,ELECTION_trump_fav,VIS,calendar,1min,60,False,8,245,6,0.5560810528619036
1,kalshi_leads_etf,-1.1427453542999376e-06,-1.6365065247030521,0.1017336212792547,0.06696006113873476,15473,23,6,26,233,3,ELECTION_trump_fav,VIS,calendar,1min,60,False,8,245,6,0.15722468743157544
2,kalshi_leads_etf,-2.7041898973344967e-06,-6.544575795836851,5.966449839327111e-11,0.06696006113873476,15473,23,6,26,233,3,ELECTION_trump_fav,VIS,calendar,1min,60,False,8,245,6,3.3809882422853625e-10
3,kalshi_leads_etf,-2.1475051139266303e-06,-2.09797213192216,0.035907607233343394,0.06696006113873476,15473,23,6,26,233,3,ELECTION_trump_fav,VIS,calendar,1min,60,False,8,245,6,0.0682573461438172
4,kalshi_leads_etf,-1.2747282911731482e-06,-2.0882197936319478,0.036778012607974045,0.06696006113873476,15473,23,6,26,233,3,ELECTION_trump_fav,VIS,calendar,1min,60,False,8,245,6,0.0682573461438172
5,kalshi_leads_etf,-2.075712530878171e-07,-0.14968748322472,0.8810111838515378,0.06696006113873476,15473,23,6,26,233,3,ELECTION_trump_fav,VIS,calendar,1min,60,False,8,245,6,0.9360743828422589
6,kalshi_leads_etf,4.096218841291146e-06,12.870186403590344,6.624209419691835e-38,0.06696006113873476,15473,23,6,26,233,3,ELECTION_trump_fav,VIS,calendar,1min,60,False,8,245,6,1.1261156013476121e-36
7,kalshi_leads_etf,-3.142540830987311e-06,-3.354125657790289,0.0007961619850236772,0.06696006113873476,15473,23,6,26,233,3,ELECTION_trump_fav,VIS,calendar,1min,60,False,8,245,6,0.002629494994794544
8,kalshi_leads_etf,8.498643268436459e-07,2.648818403506975,0.008077372129058805,0.06696006113873476,15473,23,6,26,233,3,ELECTION_trump_fav,VIS,calendar,1min,60,False,8,245,6,0.019616475170571385
-8,etf_leads_kalshi,8.834485283485731e-07,0.3314987043353444,0.7402678195052791,0.06259834683525822,7236,22,6,24,206,1,ELECTION_trump_fav,VIS,calendar,2min,120,False,8,230,6,0.7402678195052791
-7,etf_leads_kalshi,3.960999430928135e-06,2.2302080419609487,0.025733634623926128,0.06259834683525822,7236,22,6,24,206,1,ELECTION_trump_fav,VIS,calendar,2min,120,False,8,230,6,0.04860797651186046
-6,etf_leads_kalshi,-2.2439042240134105e-06,-2.4673044339479873,0.013613456183009532,0.06259834683525822,7236,22,6,24,206,1,ELECTION_trump_fav,VIS,calendar,2min,120,False,8,230,6,0.028928594388895258
-5,etf_leads_kalshi,-3.7352673723159114e-06,-4.563393953650233,5.033323913649151e-06,0.06259834683525822,7236,22,6,24,206,1,ELECTION_trump_fav,VIS,calendar,2min,120,False,8,230,6,1.2223786647433653e-05
-4,etf_leads_kalshi,-9.666568398333297e-06,-10.88064528111615,1.4255024192883262e-27,0.06259834683525822,7236,22,6,24,206,1,ELECTION_trump_fav,VIS,calendar,2min,120,False,8,230,6,2.4233541127901547e-26
-3,etf_leads_kalshi,2.189317981058536e-06,1.930709260211967,0.05351901710316578,0.06259834683525822,7236,22,6,24,206,1,ELECTION_trump_fav,VIS,calendar,2min,120,False,8,230,6,0.0827112082503471
-2,etf_leads_kalshi,6.843325440429021e-06,8.238736459884052,1.7403882015363698e-16,0.06259834683525822,7236,22,6,24,206,1,ELECTION_trump_fav,VIS,calendar,2min,120,False,8,230,6,1.4793299713059144e-15
-1,etf_leads_kalshi,3.399590108053705e-06,2.121230977343972,0.03390236961535633,0.06259834683525822,7236,22,6,24,206,1,ELECTION_trump_fav,VIS,calendar,2min,120,False,8,230,6,0.05763402834610576
0,contemp,-4.301554734716066e-06,-1.3712753631319892,0.17028913277459756,0.06259834683525822,7236,22,6,24,206,1,ELECTION_trump_fav,VIS,calendar,2min,120,False,8,230,6,0.20677966122629704
1,kalshi_leads_etf,-3.59299022976706e-06,-1.706517507398546,0.08791176950851841,0.06259834683525822,7236,22,6,24,206,1,ELECTION_trump_fav,VIS,calendar,2min,120,False,8,230,6,0.12454167347040107
2,kalshi_leads_etf,1.7186222685646083e-06,1.1082198798813832,0.26776686724839793,0.06259834683525822,7236,22,6,24,206,1,ELECTION_trump_fav,VIS,calendar,2min,120,False,8,230,6,0.303469116214851
3,kalshi_leads_etf,4.29746877997023e-06,1.6280115055827944,0.10352244615672093,0.06259834683525822,7236,22,6,24,206,1,ELECTION_trump_fav,VIS,calendar,2min,120,False,8,230,6,0.13537550651263508
4,kalshi_leads_etf,5.077290175940484e-06,4.808064816738018,1.5239835794670457e-06,0.06259834683525822,7236,22,6,24,206,1,ELECTION_trump_fav,VIS,calendar,2min,120,False,8,230,6,4.317953475156629e-06
5,kalshi_leads_etf,1.7463562113961698e-06,0.598926459555383,0.5492219260114581,0.06259834683525822,7236,22,6,24,206,1,ELECTION_trump_fav,VIS,calendar,2min,120,False,8,230,6,0.5835482963871743
6,kalshi_leads_etf,4.416045781865473e-06,5.363260293562677,8.173309324898527e-08,0.06259834683525822,7236,22,6,24,206,1,ELECTION_trump_fav,VIS,calendar,2min,120,False,8,230,6,3.473656463081874e-07
7,kalshi_leads_etf,1.0944760260489014e-05,5.04940882914903,4.4317938144869623e-07,0.06259834683525822,7236,22,6,24,206,1,ELECTION_trump_fav,VIS,calendar,2min,120,False,8,230,6,1.5068098969255671e-06
8,kalshi_leads_etf,-1.0814018726909011e-05,-5.740340472091399,9.448639210019247e-09,0.06259834683525822,7236,22,6,24,206,1,ELECTION_trump_fav,VIS,calendar,2min,120,False,8,230,6,5.354228885677573e-08
-6,etf_leads_kalshi,5.321163386352008e-06,0.9926602754019177,0.3208755400429627,0.06197418441726077,2540,22,6,25,160,6,ELECTION_trump_fav,VIS,calendar,5min,300,False,6,192,6,0.3484288111058026
-5,etf_leads_kalshi,-1.5604073365914362e-05,-1.4911947641280523,0.1359103679367576,0.06197418441726077,2540,22,6,25,160,6,ELECTION_trump_fav,VIS,calendar,5min,300,False,6,192,6,0.2356905870251808
-4,etf_leads_kalshi,2.423579608719395e-05,2.487419126268691,0.012867370579022054,0.06197418441726077,2540,22,6,25,160,6,ELECTION_trump_fav,VIS,calendar,5min,300,False,6,192,6,0.04181895438182167
-3,etf_leads_kalshi,1.5227412034035773e-05,1.4572754481684798,0.14504036124626513,0.06197418441726077,2540,22,6,25,160,6,ELECTION_trump_fav,VIS,calendar,5min,300,False,6,192,6,0.2356905870251808
-2,etf_leads_kalshi,-1.8386624419672473e-06,-1.2961460763651227,0.1949251632346084,0.06197418441726077,2540,22,6,25,160,6,ELECTION_trump_fav,VIS,calendar,5min,300,False,6,192,6,0.2815585691166566
-1,etf_leads_kalshi,6.6534972587434585e-06,3.876277966146763,0.00010606650846618152,0.06197418441726077,2540,22,6,25,160,6,ELECTION_trump_fav,VIS,calendar,5min,300,False,6,192,6,0.0006894323050301798
0,contemp,-1.6415885115243097e-05,-7.624709552221188,2.445844498302784e-14,0.06197418441726077,2540,22,6,25,160,6,ELECTION_trump_fav,VIS,calendar,5min,300,False,6,192,6,3.179597847793619e-13
1,kalshi_leads_etf,4.389677682478692e-06,0.9911208054844907,0.3216265948668947,0.06197418441726077,2540,22,6,25,160,6,ELECTION_trump_fav,VIS,calendar,5min,300,False,6,192,6,0.3484288111058026
2,kalshi_leads_etf,8.086751629088056e-06,2.1361131908421616,0.03267018883898033,0.06197418441726077,2540,22,6,25,160,6,ELECTION_trump_fav,VIS,calendar,5min,300,False,6,192,6,0.08494249098134886
3,kalshi_leads_etf,9.03000935811041e-06,3.640466893946255,0.00027214409973226237,0.06197418441726077,2540,22,6,25,160,6,ELECTION_trump_fav,VIS,calendar,5min,300,False,6,192,6,0.0011792910988398036
4,kalshi_leads_etf,9.134064683317112e-06,1.2310572173184031,0.21830146516787596,0.06197418441726077,2540,22,6,25,160,6,ELECTION_trump_fav,VIS,calendar,5min,300,False,6,192,6,0.28379190471823873
5,kalshi_leads_etf,1.9461841798049184e-05,1.9583822022829358,0.050185181576702195,0.06197418441726077,2540,22,6,25,160,6,ELECTION_trump_fav,VIS,calendar,5min,300,False,6,192,6,0.10873456008285474
6,kalshi_leads_etf,-9.36222170972044e-06,-0.8923316671432155,0.3722151855008672,0.06197418441726077,2540,22,6,25,160,6,ELECTION_trump_fav,VIS,calendar,5min,300,False,6,192,6,0.3722151855008672
-6,etf_leads_kalshi,-6.439989445529121e-05,-5.967570934493055,2.408116084374634e-09,0.09325029489164705,909,22,6,25,110,6,ELECTION_trump_fav,VIS,calendar,10min,600,True,6,169,6,3.130550909687024e-08
-5,etf_leads_kalshi,-1.4844040244827406e-05,-1.5359063279990157,0.12456135592617425,0.09325029489164705,909,22,6,25,110,6,ELECTION_trump_fav,VIS,calendar,10min,600,True,6,169,6,0.2313282324343236
-4,etf_leads_kalshi,-7.048296530600531e-06,-0.3502641484671868,0.7261404684896163,0.09325029489164705,909,22,6,25,110,6,ELECTION_trump_fav,VIS,calendar,10min,600,True,6,169,6,0.7261404684896163
-3,etf_leads_kalshi,-5.5181666636078295e-05,-5.142276685749927,2.7142897992213294e-07,0.09325029489164705,909,22,6,25,110,6,ELECTION_trump_fav,VIS,calendar,10min,600,True,6,169,6,1.764288369493864e-06
-2,etf_leads_kalshi,-1.0572848573975196e-05,-0.6182960679864147,0.5363801933451275,0.09325029489164705,909,22,6,25,110,6,ELECTION_trump_fav,VIS,calendar,10min,600,True,6,169,6,0.6339038648624234
-1,etf_leads_kalshi,-6.575714292485372e-06,-0.47348217249034547,0.6358692169017905,0.09325029489164705,909,22,6,25,110,6,ELECTION_trump_fav,VIS,calendar,10min,600,True,6,169,6,0.688858318310273
0,contemp,-2.4293205097169495e-05,-1.6120061416457734,0.10696060326566548,0.09325029489164705,909,22,6,25,110,6,ELECTION_trump_fav,VIS,calendar,10min,600,True,6,169,6,0.2313282324343236
1,kalshi_leads_etf,-3.9433446770046035e-05,-3.17057774294782,0.0015213611650265865,0.09325029489164705,909,22,6,25,110,6,ELECTION_trump_fav,VIS,calendar,10min,600,True,6,169,6,0.006592565048448541
2,kalshi_leads_etf,-2.9500377271210524e-05,-2.7041776029280418,0.006847368009469639,0.09325029489164705,909,22,6,25,110,6,ELECTION_trump_fav,VIS,calendar,10min,600,True,6,169,6,0.022253946030776326
3,kalshi_leads_etf,1.890863746619129e-05,1.1142367889363702,0.2651776166814884,0.09325029489164705,909,22,6,25,110,6,ELECTION_trump_fav,VIS,calendar,10min,600,True,6,169,6,0.3830343352065944
4,kalshi_leads_etf,2.5685987384706988e-05,1.3287093678601367,0.18394387310211446,0.09325029489164705,909,22,6,25,110,6,ELECTION_trump_fav,VIS,calendar,10min,600,True,6,169,6,0.298908793790936
5,kalshi_leads_etf,-3.296801233416805e-05,-1.8257021371903126,0.06789514109457377,0.09325029489164705,909,22,6,25,110,6,ELECTION_trump_fav,VIS,calendar,10min,600,True,6,169,6,0.1765273668458918
6,kalshi_leads_etf,-1.2569835008504802e-05,-0.9970046000855924,0.3187622770978178,0.09325029489164705,909,22,6,25,110,6,ELECTION_trump_fav,VIS,calendar,10min,600,True,6,169,6,0.4143909602271631
-8,etf_leads_kalshi,-2.313921286185052e-06,-10.358192184144153,3.8415389019158343e-25,0.01633029955681753,31955,23,6,26,247,3,ELECTION_trump_fav,VNQ,calendar,30s,30,False,8,254,6,6.530616133256918e-24
-7,etf_leads_kalshi,-5.260749185012137e-07,-1.1396763855722234,0.25442114880830247,0.01633029955681753,31955,23,6,26,247,3,ELECTION_trump_fav,VNQ,calendar,30s,30,False,8,254,6,0.3327045792108571
-6,etf_leads_kalshi,-4.497749334715877e-06,-10.226682329923243,1.5059015888059561e-24,0.01633029955681753,31955,23,6,26,247,3,ELECTION_trump_fav,VNQ,calendar,30s,30,False,8,254,6,1.2800163504850628e-23
-5,etf_leads_kalshi,-4.988409798723588e-07,-0.49679884927587553,0.6193309067830528,0.01633029955681753,31955,23,6,26,247,3,ELECTION_trump_fav,VNQ,calendar,30s,30,False,8,254,6,0.6577872378875209
-4,etf_leads_kalshi,-9.001397623736898e-07,-0.8994325719736534,0.36842229625223,0.01633029955681753,31955,23,6,26,247,3,ELECTION_trump_fav,VNQ,calendar,30s,30,False,8,254,6,0.44736993116342216
-3,etf_leads_kalshi,2.416289043650621e-06,4.169487486213501,3.0528537677965434e-05,0.01633029955681753,31955,23,6,26,247,3,ELECTION_trump_fav,VNQ,calendar,30s,30,False,8,254,6,7.41407343607732e-05
-2,etf_leads_kalshi,-3.3342682256457384e-06,-5.476265030360029,4.343969304044648e-08,0.01633029955681753,31955,23,6,26,247,3,ELECTION_trump_fav,VNQ,calendar,30s,30,False,8,254,6,1.4769495633751804e-07
-1,etf_leads_kalshi,-8.370179061565809e-07,-2.8780628435639217,0.004001254212048752,0.01633029955681753,31955,23,6,26,247,3,ELECTION_trump_fav,VNQ,calendar,30s,30,False,8,254,6,0.007557924622758753
0,contemp,-3.273790301151024e-07,-0.734648846974205,0.4625533810014507,0.01633029955681753,31955,23,6,26,247,3,ELECTION_trump_fav,VNQ,calendar,30s,30,False,8,254,6,0.5242271651349775
1,kalshi_leads_etf,1.3449954626642785e-06,2.0547237731885253,0.03990569239868161,0.01633029955681753,31955,23,6,26,247,3,ELECTION_trump_fav,VNQ,calendar,30s,30,False,8,254,6,0.06783967707775873
2,kalshi_leads_etf,7.092431594257077e-07,1.457576166916272,0.14495740286142766,0.01633029955681753,31955,23,6,26,247,3,ELECTION_trump_fav,VNQ,calendar,30s,30,False,8,254,6,0.2240250771494791
3,kalshi_leads_etf,-3.454226403290808e-06,-9.544058590975812,1.3734934643317717e-21,0.01633029955681753,31955,23,6,26,247,3,ELECTION_trump_fav,VNQ,calendar,30s,30,False,8,254,6,7.783129631213372e-21
4,kalshi_leads_etf,-1.627828956230448e-06,-4.503607115248359,6.680966921013533e-06,0.01633029955681753,31955,23,6,26,247,3,ELECTION_trump_fav,VNQ,calendar,30s,30,False,8,254,6,1.8929406276205008e-05
5,kalshi_leads_etf,-2.0079084947198844e-06,-8.686712685527027,3.730781194175523e-18,0.01633029955681753,31955,23,6,26,247,3,ELECTION_trump_fav,VNQ,calendar,30s,30,False,8,254,6,1.5855820075245973e-17
6,kalshi_leads_etf,2.864383864388017e-07,1.1604006445089918,0.24588572448806933,0.01633029955681753,31955,23,6,26,247,3,ELECTION_trump_fav,VNQ,calendar,30s,30,False,8,254,6,0.3327045792108571
7,kalshi_leads_etf,-1.2190784034143048e-06,-3.962633028876354,7.412767818722487e-05,0.01633029955681753,31955,23,6,26,247,3,ELECTION_trump_fav,VNQ,calendar,30s,30,False,8,254,6,0.00015752131614785286
8,kalshi_leads_etf,4.4010919915537014e-07,0.4429702713815102,0.6577872378875209,0.01633029955681753,31955,23,6,26,247,3,ELECTION_trump_fav,VNQ,calendar,30s,30,False,8,254,6,0.6577872378875209
-8,etf_leads_kalshi,5.022226853149283e-06,3.545192093622093,0.00039232705696038523,0.023738321738538737,15473,23,6,25,233,2,ELECTION_trump_fav,VNQ,calendar,1min,60,False,8,245,6,0.0016673899920816374
-7,etf_leads_kalshi,2.4984494849413696e-06,3.047370563925383,0.002308529244163527,0.023738321738538737,15473,23,6,25,233,2,ELECTION_trump_fav,VNQ,calendar,1min,60,False,8,245,6,0.007848999430155993
-6,etf_leads_kalshi,1.933756372392766e-06,2.529751368096532,0.011414337958448201,0.023738321738538737,15473,23,6,25,233,2,ELECTION_trump_fav,VNQ,calendar,1min,60,False,8,245,6,0.024255468161702428
-5,etf_leads_kalshi,-3.414837047736539e-06,-1.8823447659576797,0.0597892200913423,0.023738321738538737,15473,23,6,25,233,2,ELECTION_trump_fav,VNQ,calendar,1min,60,False,8,245,6,0.1016416741552819
-4,etf_leads_kalshi,-1.2539625225468264e-06,-2.8311749929622647,0.00463773397793319,0.023738321738538737,15473,23,6,25,233,2,ELECTION_trump_fav,VNQ,calendar,1min,60,False,8,245,6,0.013140246270810703
-3,etf_leads_kalshi,-4.082680035679258e-06,-4.439085109603937,9.034208844369485e-06,0.023738321738538737,15473,23,6,25,233,2,ELECTION_trump_fav,VNQ,calendar,1min,60,False,8,245,6,7.5218959175967e-05
-2,etf_leads_kalshi,4.1622242378249824e-06,1.9737697527591023,0.04840792964335633,0.023738321738538737,15473,23,6,25,233,2,ELECTION_trump_fav,VNQ,calendar,1min,60,False,8,245,6,0.09143720043745084
-1,etf_leads_kalshi,-4.023690306507535e-06,-2.605290129504048,0.00917964918957763,0.023738321738538737,15473,23,6,25,233,2,ELECTION_trump_fav,VNQ,calendar,1min,60,False,8,245,6,0.0222934337461171
0,contemp,1.2747383171519268e-07,0.264602150951921,0.7913159629606578,0.023738321738538737,15473,23,6,25,233,2,ELECTION_trump_fav,VNQ,calendar,1min,60,False,8,245,6,0.8407732106456989
1,kalshi_leads_etf,-3.177674999250153e-06,-4.35553989048595,1.3273933972229472e-05,0.023738321738538737,15473,23,6,25,233,2,ELECTION_trump_fav,VNQ,calendar,1min,60,False,8,245,6,7.5218959175967e-05
2,kalshi_leads_etf,-7.749040187307236e-06,-7.354533924894596,1.9159444325086482e-13,0.023738321738538737,15473,23,6,25,233,2,ELECTION_trump_fav,VNQ,calendar,1min,60,False,8,245,6,3.257105535264702e-12
3,kalshi_leads_etf,1.2742142682368202e-07,0.13404068936888738,0.8933703992736052,0.023738321738538737,15473,23,6,25,233,2,ELECTION_trump_fav,VNQ,calendar,1min,60,False,8,245,6,0.8933703992736052
4,kalshi_leads_etf,-1.2049736897577132e-06,-0.5103147976040006,0.6098309374132326,0.023738321738538737,15473,23,6,25,233,2,ELECTION_trump_fav,VNQ,calendar,1min,60,False,8,245,6,0.7405089954303539
5,kalshi_leads_etf,-2.428925931371726e-06,-1.1051851430774111,0.26907937314698593,0.023738321738538737,15473,23,6,25,233,2,ELECTION_trump_fav,VNQ,calendar,1min,60,False,8,245,6,0.38119577862489673
6,kalshi_leads_etf,-2.0064550281044465e-06,-1.5333984330111827,0.12517771460690696,0.023738321738538737,15473,23,6,25,233,2,ELECTION_trump_fav,VNQ,calendar,1min,60,False,8,245,6,0.19345646802885622
7,kalshi_leads_etf,1.855205446479374e-07,0.3009467130298236,0.7634551286390385,0.023738321738538737,15473,23,6,25,233,2,ELECTION_trump_fav,VNQ,calendar,1min,60,False,8,245,6,0.8407732106456989
8,kalshi_leads_etf,5.894424684941815e-07,0.8206677937742807,0.4118355204010672,0.023738321738538737,15473,23,6,25,233,2,ELECTION_trump_fav,VNQ,calendar,1min,60,False,8,245,6,0.5385541420629341
-8,etf_leads_kalshi,4.129489305874815e-06,2.3294275743827817,0.019836425696115736,0.01993492189203272,7236,22,6,24,206,1,ELECTION_trump_fav,VNQ,calendar,2min,120,False,8,230,6,0.03372192368339675
-7,etf_leads_kalshi,-1.978565463375037e-06,-0.7559878908520598,0.44965645589797476,0.01993492189203272,7236,22,6,24,206,1,ELECTION_trump_fav,VNQ,calendar,2min,120,False,8,230,6,0.47775998439159817
-6,etf_leads_kalshi,-2.380205072424146e-06,-0.5269068296610541,0.5982582908642267,0.01993492189203272,7236,22,6,24,206,1,ELECTION_trump_fav,VNQ,calendar,2min,120,False,8,230,6,0.5982582908642267
-5,etf_leads_kalshi,6.359468753091991e-06,4.111896456593868,3.9242229878157655e-05,0.01993492189203272,7236,22,6,24,206,1,ELECTION_trump_fav,VNQ,calendar,2min,120,False,8,230,6,0.00016677947698217003
-4,etf_leads_kalshi,1.2304373667259311e-05,3.367333344562434,0.0007589888489821827,0.01993492189203272,7236,22,6,24,206,1,ELECTION_trump_fav,VNQ,calendar,2min,120,False,8,230,6,0.0018432586332424437
-3,etf_leads_kalshi,5.998200555569768e-06,4.534278476479074,5.780072870897947e-06,0.01993492189203272,7236,22,6,24,206,1,ELECTION_trump_fav,VNQ,calendar,2min,120,False,8,230,6,3.27537462684217e-05
-2,etf_leads_kalshi,-6.287958686491398e-06,-3.4792134217521284,0.0005028879151017597,0.01993492189203272,7236,22,6,24,206,1,ELECTION_trump_fav,VNQ,calendar,2min,120,False,8,230,6,0.001424849092788319
-1,etf_leads_kalshi,2.7777626033817564e-06,1.2468378240515094,0.21245696847020668,0.01993492189203272,7236,22,6,24,206,1,ELECTION_trump_fav,VNQ,calendar,2min,120,False,8,230,6,0.27782834338411644
0,contemp,-1.0096056582758941e-06,-0.9131066090617144,0.361186474731629,0.01993492189203272,7236,22,6,24,206,1,ELECTION_trump_fav,VNQ,calendar,2min,120,False,8,230,6,0.43858357645983526
1,kalshi_leads_etf,-7.034911314629177e-06,-2.7981848572218824,0.005139069140703004,0.01993492189203272,7236,22,6,24,206,1,ELECTION_trump_fav,VNQ,calendar,2min,120,False,8,230,6,0.009707130599105674
2,kalshi_leads_etf,-4.3178150919769815e-06,-1.7628971805987261,0.07791783266224103,0.01993492189203272,7236,22,6,24,206,1,ELECTION_trump_fav,VNQ,calendar,2min,120,False,8,230,6,0.12041846865982704
3,kalshi_leads_etf,2.3059817531468004e-06,0.8493682374918113,0.3956764214045375,0.01993492189203272,7236,22,6,24,206,1,ELECTION_trump_fav,VNQ,calendar,2min,120,False,8,230,6,0.4484332775918092
4,kalshi_leads_etf,7.831895776449189e-06,3.5619784232412086,0.00036807064021097876,0.01993492189203272,7236,22,6,24,206,1,ELECTION_trump_fav,VNQ,calendar,2min,120,False,8,230,6,0.0012514401767173278
5,kalshi_leads_etf,6.6760953805253215e-06,1.3919981591965354,0.16392295538428514,0.01993492189203272,7236,22,6,24,206,1,ELECTION_trump_fav,VNQ,calendar,2min,120,False,8,230,6,0.23222418679440393
6,kalshi_leads_etf,7.2685968713467214e-06,8.980699265927163,2.6905130620052246e-19,0.01993492189203272,7236,22,6,24,206,1,ELECTION_trump_fav,VNQ,calendar,2min,120,False,8,230,6,4.573872205408882e-18
7,kalshi_leads_etf,6.209270351700705e-06,6.08257328572589,1.1826880794560966e-09,0.01993492189203272,7236,22,6,24,206,1,ELECTION_trump_fav,VNQ,calendar,2min,120,False,8,230,6,1.005284867537682e-08
8,kalshi_leads_etf,-6.193511511728385e-06,-3.032090128312345,0.0024286667648866773,0.01993492189203272,7236,22,6,24,206,1,ELECTION_trump_fav,VNQ,calendar,2min,120,False,8,230,6,0.005160916875384189
-6,etf_leads_kalshi,1.578781920940309e-05,2.2774910431086823,0.022756918894307088,0.04736688895169272,2540,22,6,22,160,3,ELECTION_trump_fav,VNQ,calendar,5min,300,False,6,192,6,0.04930665760433202
-5,etf_leads_kalshi,-1.1450972956115996e-05,-1.229068119592213,0.21904626690533513,0.04736688895169272,2540,22,6,22,160,3,ELECTION_trump_fav,VNQ,calendar,5min,300,False,6,192,6,0.28476014697693564
-4,etf_leads_kalshi,1.2056448610223908e-06,0.17717294470932848,0.859372546445903,0.04736688895169272,2540,22,6,22,160,3,ELECTION_trump_fav,VNQ,calendar,5min,300,False,6,192,6,0.859372546445903
-3,etf_leads_kalshi,1.3077277302662936e-05,2.8026826589312086,0.005067950900583316,0.04736688895169272,2540,22,6,22,160,3,ELECTION_trump_fav,VNQ,calendar,5min,300,False,6,192,6,0.016470840426895776
-2,etf_leads_kalshi,3.204282286145465e-05,6.1036862715464455,1.0364964335483613e-09,0.04736688895169272,2540,22,6,22,160,3,ELECTION_trump_fav,VNQ,calendar,5min,300,False,6,192,6,1.3474453636128696e-08
-1,etf_leads_kalshi,2.2967488734000975e-05,4.7543622643045635,1.990738032352155e-06,0.04736688895169272,2540,22,6,22,160,3,ELECTION_trump_fav,VNQ,calendar,5min,300,False,6,192,6,1.2939797210289007e-05
0,contemp,-3.5682179921360666e-06,-1.5282051453854468,0.12646161168984807,0.04736688895169272,2540,22,6,22,160,3,ELECTION_trump_fav,VNQ,calendar,5min,300,False,6,192,6,0.19022009464467732
1,kalshi_leads_etf,-1.0192760486542e-05,-1.5306023294359623,0.125867705672342,0.04736688895169272,2540,22,6,22,160,3,ELECTION_trump_fav,VNQ,calendar,5min,300,False,6,192,6,0.19022009464467732
2,kalshi_leads_etf,1.7485981954318414e-05,2.9302966850095085,0.003386385148236522,0.04736688895169272,2540,22,6,22,160,3,ELECTION_trump_fav,VNQ,calendar,5min,300,False,6,192,6,0.01467433564235826
3,kalshi_leads_etf,-1.3621541519537201e-05,-1.5074676308859223,0.13169083475400736,0.04736688895169272,2540,22,6,22,160,3,ELECTION_trump_fav,VNQ,calendar,5min,300,False,6,192,6,0.19022009464467732
4,kalshi_leads_etf,-1.7722676726244227e-06,-0.1966224497817346,0.8441230011615212,0.04736688895169272,2540,22,6,22,160,3,ELECTION_trump_fav,VNQ,calendar,5min,300,False,6,192,6,0.859372546445903
5,kalshi_leads_etf,-1.842288377180462e-06,-0.25927077176012375,0.7954263292839622,0.04736688895169272,2540,22,6,22,160,3,ELECTION_trump_fav,VNQ,calendar,5min,300,False,6,192,6,0.859372546445903
6,kalshi_leads_etf,2.354234676977934e-05,2.583107001761732,0.009791494991917164,0.04736688895169272,2540,22,6,22,160,3,ELECTION_trump_fav,VNQ,calendar,5min,300,False,6,192,6,0.025457886978984625
-6,etf_leads_kalshi,-4.705944939892001e-05,-2.8246228924484553,0.0047336291765889184,0.10936502785109459,909,22,6,21,110,2,ELECTION_trump_fav,VNQ,calendar,10min,600,True,6,169,6,0.01025619654927599
-5,etf_leads_kalshi,-3.599858398312288e-06,-0.4025531480132746,0.6872769823769866,0.10936502785109459,909,22,6,21,110,2,ELECTION_trump_fav,VNQ,calendar,10min,600,True,6,169,6,0.8736060721495507
-4,etf_leads_kalshi,-4.7294798090249884e-06,-0.2155033544681988,0.8293748970172858,0.10936502785109459,909,22,6,21,110,2,ELECTION_trump_fav,VNQ,calendar,10min,600,True,6,169,6,0.8984894717687263
-3,etf_leads_kalshi,-4.824440711623582e-05,-4.137774613981296,3.5069060065396686e-05,0.10936502785109459,909,22,6,21,110,2,ELECTION_trump_fav,VNQ,calendar,10min,600,True,6,169,6,9.117955617003138e-05
-2,etf_leads_kalshi,-4.793776270706881e-05,-2.6245583810081508,0.008676141722778613,0.10936502785109459,909,22,6,21,110,2,ELECTION_trump_fav,VNQ,calendar,10min,600,True,6,169,6,0.016112834628017426
-1,etf_leads_kalshi,4.3211180166781855e-06,0.33290613541224007,0.7392051379726967,0.10936502785109459,909,22,6,21,110,2,ELECTION_trump_fav,VNQ,calendar,10min,600,True,6,169,6,0.8736060721495507
0,contemp,5.371424332892317e-05,5.107354605190827,3.2670030134090007e-07,0.10936502785109459,909,22,6,21,110,2,ELECTION_trump_fav,VNQ,calendar,10min,600,True,6,169,6,1.415701305810567e-06
1,kalshi_leads_etf,-4.653847768292327e-07,-0.04632853718303498,0.9630483943403013,0.10936502785109459,909,22,6,21,110,2,ELECTION_trump_fav,VNQ,calendar,10min,600,True,6,169,6,0.9630483943403013
2,kalshi_leads_etf,-4.3878904762540024e-05,-1.9199686339516377,0.0548618614704958,0.10936502785109459,909,22,6,21,110,2,ELECTION_trump_fav,VNQ,calendar,10min,600,True,6,169,6,0.08915052488955567
3,kalshi_leads_etf,5.753532960685486e-05,4.482628254474777,7.37293033239086e-06,0.10936502785109459,909,22,6,21,110,2,ELECTION_trump_fav,VNQ,calendar,10min,600,True,6,169,6,2.3962023580270293e-05
4,kalshi_leads_etf,5.623437140414542e-05,9.807935224985643,1.0407628926400256e-22,0.10936502785109459,909,22,6,21,110,2,ELECTION_trump_fav,VNQ,calendar,10min,600,True,6,169,6,1.3529917604320332e-21
5,kalshi_leads_etf,5.2496661174169864e-05,6.8233488406036,8.894232263849858e-12,0.10936502785109459,909,22,6,21,110,2,ELECTION_trump_fav,VNQ,calendar,10min,600,True,6,169,6,5.781250971502407e-11
6,kalshi_leads_etf,-1.3523898984938402e-05,-0.944698148578913,0.34481300252261715,0.10936502785109459,909,22,6,21,110,2,ELECTION_trump_fav,VNQ,calendar,10min,600,True,6,169,6,0.49806322586600255
-8,etf_leads_kalshi,-1.20263153743403e-06,-3.0879342210388057,0.002015530787200942,0.02880910922217439,31955,23,6,25,247,2,ELECTION_trump_fav,VOX,calendar,30s,30,False,8,254,6,0.0057106705637360025
-7,etf_leads_kalshi,1.5103183671007336e-08,0.036443183319212744,0.9709289817225584,0.02880910922217439,31955,23,6,25,247,2,ELECTION_trump_fav,VOX,calendar,30s,30,False,8,254,6,0.9709289817225584
-6,etf_leads_kalshi,2.4798046297821927e-06,8.755328500944687,2.0350986226238764e-18,0.02880910922217439,31955,23,6,25,247,2,ELECTION_trump_fav,VOX,calendar,30s,30,False,8,254,6,1.1532225528201965e-17
-5,etf_leads_kalshi,-1.515749464646924e-07,-0.19232318668518644,0.8474890570616962,0.02880910922217439,31955,23,6,25,247,2,ELECTION_trump_fav,VOX,calendar,30s,30,False,8,254,6,0.9604875980032557
-4,etf_leads_kalshi,-8.640534069221421e-07,-14.894192457359665,3.5950192324202648e-50,0.02880910922217439,31955,23,6,25,247,2,ELECTION_trump_fav,VOX,calendar,30s,30,False,8,254,6,3.055766347557225e-49
-3,etf_leads_kalshi,2.540286851063167e-08,0.06346207639109967,0.9493985570001648,0.02880910922217439,31955,23,6,25,247,2,ELECTION_trump_fav,VOX,calendar,30s,30,False,8,254,6,0.9709289817225584
-2,etf_leads_kalshi,5.673226419276771e-07,1.9047509451067524,0.056812453232770864,0.02880910922217439,31955,23,6,25,247,2,ELECTION_trump_fav,VOX,calendar,30s,30,False,8,254,6,0.10731241166190052
-1,etf_leads_kalshi,1.5704006031666474e-07,0.8220671706570474,0.41103866862578853,0.02880910922217439,31955,23,6,25,247,2,ELECTION_trump_fav,VOX,calendar,30s,30,False,8,254,6,0.5375121051260312
0,contemp,8.718926348719204e-07,2.9220675750991325,0.003477160899417973,0.02880910922217439,31955,23,6,25,247,2,ELECTION_trump_fav,VOX,calendar,30s,30,False,8,254,6,0.00844453361287222
1,kalshi_leads_etf,-1.6286853977927564e-06,-4.793170649761671,1.641658665326382e-06,0.02880910922217439,31955,23,6,25,247,2,ELECTION_trump_fav,VOX,calendar,30s,30,False,8,254,6,6.977049327637124e-06
2,kalshi_leads_etf,3.9949051904036834e-07,1.7748785180613234,0.07591794802547011,0.02880910922217439,31955,23,6,25,247,2,ELECTION_trump_fav,VOX,calendar,30s,30,False,8,254,6,0.12906051164329918
3,kalshi_leads_etf,-5.988719530519261e-07,-3.1923481311313773,0.0014112113332196607,0.02880910922217439,31955,23,6,25,247,2,ELECTION_trump_fav,VOX,calendar,30s,30,False,8,254,6,0.004798118532946846
4,kalshi_leads_etf,-2.1135662569908413e-06,-2.566526380868166,0.010272281110952014,0.02880910922217439,31955,23,6,25,247,2,ELECTION_trump_fav,VOX,calendar,30s,30,False,8,254,6,0.02182859736077303
5,kalshi_leads_etf,2.3378692448056718e-07,0.8755569487649865,0.38127093815858426,0.02880910922217439,31955,23,6,25,247,2,ELECTION_trump_fav,VOX,calendar,30s,30,False,8,254,6,0.5375121051260312
6,kalshi_leads_etf,-8.05007738965844e-08,-0.39796744626461944,0.69065418218154,0.02880910922217439,31955,23,6,25,247,2,ELECTION_trump_fav,VOX,calendar,30s,30,False,8,254,6,0.8386515069347271
7,kalshi_leads_etf,-3.478211284410888e-06,-25.551263961425057,5.315910771851275e-144,0.02880910922217439,31955,23,6,25,247,2,ELECTION_trump_fav,VOX,calendar,30s,30,False,8,254,6,9.037048312147167e-143
8,kalshi_leads_etf,-6.369466983910395e-07,-1.2524497060805144,0.2104060437892391,0.02880910922217439,31955,23,6,25,247,2,ELECTION_trump_fav,VOX,calendar,30s,30,False,8,254,6,0.3251729767651877
-8,etf_leads_kalshi,-7.546811735263211e-07,-1.1032403878941175,0.2699227864755327,0.02671780099567178,15473,23,6,26,233,3,ELECTION_trump_fav,VOX,calendar,1min,60,False,8,245,6,0.30591249133893705
-7,etf_leads_kalshi,-1.5383297815055742e-06,-2.194301746501183,0.028213723985953156,0.02671780099567178,15473,23,6,26,233,3,ELECTION_trump_fav,VOX,calendar,1min,60,False,8,245,6,0.0368948698277849
-6,etf_leads_kalshi,2.166070073001587e-06,3.4599142585342775,0.0005403474144755972,0.02671780099567178,15473,23,6,26,233,3,ELECTION_trump_fav,VOX,calendar,1min,60,False,8,245,6,0.0022964765115212884
-5,etf_leads_kalshi,3.3546341995000697e-06,2.7675842132515176,0.005647345304911986,0.02671780099567178,15473,23,6,26,233,3,ELECTION_trump_fav,VOX,calendar,1min,60,False,8,245,6,0.01200060877293797
-4,etf_leads_kalshi,-3.006481653460729e-06,-4.841411572809775,1.2892004270909832e-06,0.02671780099567178,15473,23,6,26,233,3,ELECTION_trump_fav,VOX,calendar,1min,60,False,8,245,6,1.0958203630273358e-05
-3,etf_leads_kalshi,5.5439754848602104e-06,6.332328668748138,2.414883812872901e-10,0.02671780099567178,15473,23,6,26,233,3,ELECTION_trump_fav,VOX,calendar,1min,60,False,8,245,6,4.105302481883931e-09
-2,etf_leads_kalshi,3.332544266173385e-07,0.3039940277139744,0.7611324411754474,0.02671780099567178,15473,23,6,26,233,3,ELECTION_trump_fav,VOX,calendar,1min,60,False,8,245,6,0.7611324411754474
-1,etf_leads_kalshi,2.323876024353211e-06,3.3215528198707376,0.0008951803697716022,0.02671780099567178,15473,23,6,26,233,3,ELECTION_trump_fav,VOX,calendar,1min,60,False,8,245,6,0.0030436132572234475
0,contemp,9.623766902549711e-07,0.9773158687819137,0.32841279929815426,0.02671780099567178,15473,23,6,26,233,3,ELECTION_trump_fav,VOX,calendar,1min,60,False,8,245,6,0.3489385992542889
1,kalshi_leads_etf,-2.2013066116025076e-06,-2.8437697670969557,0.004458325042835674,0.02671780099567178,15473,23,6,26,233,3,ELECTION_trump_fav,VOX,calendar,1min,60,False,8,245,6,0.01082736081831521
2,kalshi_leads_etf,-3.773659442158452e-06,-2.330249975101992,0.019792943038494673,0.02671780099567178,15473,23,6,26,233,3,ELECTION_trump_fav,VOX,calendar,1min,60,False,8,245,6,0.03058909378676449
3,kalshi_leads_etf,-1.3746820851206036e-06,-1.4071703197594392,0.15937689036111868,0.02671780099567178,15473,23,6,26,233,3,ELECTION_trump_fav,VOX,calendar,1min,60,False,8,245,6,0.19352908115278697
4,kalshi_leads_etf,-3.327253836602148e-06,-3.1287246839514062,0.0017556672578128102,0.02671780099567178,15473,23,6,26,233,3,ELECTION_trump_fav,VOX,calendar,1min,60,False,8,245,6,0.004974390563802962
5,kalshi_leads_etf,3.153194995164472e-06,2.5306144599463267,0.01138629276832787,0.02671780099567178,15473,23,6,26,233,3,ELECTION_trump_fav,VOX,calendar,1min,60,False,8,245,6,0.02150744189573042
6,kalshi_leads_etf,-2.2400377536950293e-06,-2.4072111040406816,0.016074874821397175,0.02671780099567178,15473,23,6,26,233,3,ELECTION_trump_fav,VOX,calendar,1min,60,False,8,245,6,0.027327287196375196
7,kalshi_leads_etf,-1.1475310534312384e-06,-2.233750987113717,0.025499462111221536,0.02671780099567178,15473,23,6,26,233,3,ELECTION_trump_fav,VOX,calendar,1min,60,False,8,245,6,0.03612423799089717
8,kalshi_leads_etf,-1.4238122250344088e-06,-4.685386883368723,2.79431593247729e-06,0.02671780099567178,15473,23,6,26,233,3,ELECTION_trump_fav,VOX,calendar,1min,60,False,8,245,6,1.5834456950704642e-05
-8,etf_leads_kalshi,5.585681191196629e-07,0.17301420130890058,0.8626402649315996,0.040030034132962355,7236,22,6,24,206,1,ELECTION_trump_fav,VOX,calendar,2min,120,False,8,230,6,0.9085897141164954
-7,etf_leads_kalshi,-5.285502092692131e-07,-0.25954292279905644,0.7952163686846813,0.040030034132962355,7236,22,6,24,206,1,ELECTION_trump_fav,VOX,calendar,2min,120,False,8,230,6,0.9085897141164954
-6,etf_leads_kalshi,1.4078681803342082e-06,0.5057533760403079,0.6130297926549906,0.040030034132962355,7236,22,6,24,206,1,ELECTION_trump_fav,VOX,calendar,2min,120,False,8,230,6,0.8684588729279032
-5,etf_leads_kalshi,9.950722830165757e-07,0.7771146985653415,0.4370911027564093,0.040030034132962355,7236,22,6,24,206,1,ELECTION_trump_fav,VOX,calendar,2min,120,False,8,230,6,0.7430548746858957
-4,etf_leads_kalshi,-1.7820433034827153e-06,-0.6100835000350421,0.5418064960999281,0.040030034132962355,7236,22,6,24,206,1,ELECTION_trump_fav,VOX,calendar,2min,120,False,8,230,6,0.8373373121544344
-3,etf_leads_kalshi,2.4945183927686643e-07,0.1775053933163244,0.8591114292494263,0.040030034132962355,7236,22,6,24,206,1,ELECTION_trump_fav,VOX,calendar,2min,120,False,8,230,6,0.9085897141164954
-2,etf_leads_kalshi,4.0121774295372735e-06,2.2202225466426437,0.026403664540018162,0.040030034132962355,7236,22,6,24,206,1,ELECTION_trump_fav,VOX,calendar,2min,120,False,8,230,6,0.10025466042739287
-1,etf_leads_kalshi,2.364879168235587e-06,1.9590317540308815,0.050109068149524906,0.040030034132962355,7236,22,6,24,206,1,ELECTION_trump_fav,VOX,calendar,2min,120,False,8,230,6,0.12169345122027478
0,contemp,4.937227317363213e-07,0.23522129703122036,0.8140369770311666,0.040030034132962355,7236,22,6,24,206,1,ELECTION_trump_fav,VOX,calendar,2min,120,False,8,230,6,0.9085897141164954
1,kalshi_leads_etf,-8.90977030840704e-06,-4.580894002818496,4.6299247342655225e-06,0.040030034132962355,7236,22,6,24,206,1,ELECTION_trump_fav,VOX,calendar,2min,120,False,8,230,6,3.935436024125694e-05
2,kalshi_leads_etf,2.118663014497853e-06,1.0225683053590358,0.3065120016146565,0.040030034132962355,7236,22,6,24,206,1,ELECTION_trump_fav,VOX,calendar,2min,120,False,8,230,6,0.6513380034311451
3,kalshi_leads_etf,5.871668992848311e-06,1.9821575844988186,0.04746160623515084,0.040030034132962355,7236,22,6,24,206,1,ELECTION_trump_fav,VOX,calendar,2min,120,False,8,230,6,0.12169345122027478
4,kalshi_leads_etf,-3.151167980986789e-07,-0.11481758034108781,0.9085897141164954,0.040030034132962355,7236,22,6,24,206,1,ELECTION_trump_fav,VOX,calendar,2min,120,False,8,230,6,0.9085897141164954
5,kalshi_leads_etf,2.7466901611051376e-06,0.8788539750416643,0.3794804563227039,0.040030034132962355,7236,22,6,24,206,1,ELECTION_trump_fav,VOX,calendar,2min,120,False,8,230,6,0.7167964174984407
6,kalshi_leads_etf,6.344085524681055e-06,3.642227776263411,0.0002702887461231226,0.040030034132962355,7236,22,6,24,206,1,ELECTION_trump_fav,VOX,calendar,2min,120,False,8,230,6,0.001531636228031028
7,kalshi_leads_etf,8.77108425252025e-06,10.195781774024452,2.070717615905734e-24,0.040030034132962355,7236,22,6,24,206,1,ELECTION_trump_fav,VOX,calendar,2min,120,False,8,230,6,3.520219947039748e-23
8,kalshi_leads_etf,-5.132834579225431e-06,-2.176918285790234,0.02948666483158614,0.040030034132962355,7236,22,6,24,206,1,ELECTION_trump_fav,VOX,calendar,2min,120,False,8,230,6,0.10025466042739287
-6,etf_leads_kalshi,6.503606497684836e-06,1.1051601331172978,0.26909020812404216,0.04147984060890453,2540,22,6,20,160,1,ELECTION_trump_fav,VOX,calendar,5min,300,False,6,192,6,0.31801570051023165
-5,etf_leads_kalshi,-4.0918155283302894e-06,-0.6618840797065096,0.5080455155156406,0.04147984060890453,2540,22,6,20,160,1,ELECTION_trump_fav,VOX,calendar,5min,300,False,6,192,6,0.5080455155156406
-4,etf_leads_kalshi,6.997492121230207e-06,1.6346929671934731,0.10211342754001325,0.04147984060890453,2540,22,6,20,160,1,ELECTION_trump_fav,VOX,calendar,5min,300,False,6,192,6,0.13274745580201722
-3,etf_leads_kalshi,2.5271134196789866e-05,1.7642848999936172,0.07768402493630867,0.04147984060890453,2540,22,6,20,160,1,ELECTION_trump_fav,VOX,calendar,5min,300,False,6,192,6,0.1262365405215016
-2,etf_leads_kalshi,4.4469641299429795e-06,0.7792895133571116,0.4358091906217111,0.04147984060890453,2540,22,6,20,160,1,ELECTION_trump_fav,VOX,calendar,5min,300,False,6,192,6,0.47212662317352033
-1,etf_leads_kalshi,1.659824884128136e-05,1.9728861063747816,0.04850853989400388,0.04147984060890453,2540,22,6,20,160,1,ELECTION_trump_fav,VOX,calendar,5min,300,False,6,192,6,0.09008728837457865
0,contemp,-9.7143137683336e-06,-1.636816962501937,0.10166872038657804,0.04147984060890453,2540,22,6,20,160,1,ELECTION_trump_fav,VOX,calendar,5min,300,False,6,192,6,0.13274745580201722
1,kalshi_leads_etf,9.16903215556826e-06,2.0315192121606267,0.04220235264436123,0.04147984060890453,2540,22,6,20,160,1,ELECTION_trump_fav,VOX,calendar,5min,300,False,6,192,6,0.09008728837457865
2,kalshi_leads_etf,1.739520445686366e-05,3.136772495204069,0.0017081861923440814,0.04147984060890453,2540,22,6,20,160,1,ELECTION_trump_fav,VOX,calendar,5min,300,False,6,192,6,0.005551605125118264
3,kalshi_leads_etf,2.6475714951279257e-05,11.598788673837532,4.179521006121963e-31,0.04147984060890453,2540,22,6,20,160,1,ELECTION_trump_fav,VOX,calendar,5min,300,False,6,192,6,5.433377307958551e-30
4,kalshi_leads_etf,-4.26784506722167e-06,-2.6458574729617297,0.008148414085187329,0.04147984060890453,2540,22,6,20,160,1,ELECTION_trump_fav,VOX,calendar,5min,300,False,6,192,6,0.021185876621487056
5,kalshi_leads_etf,2.0446407142837575e-05,4.348728031551154,1.369293942727943e-05,0.04147984060890453,2540,22,6,20,160,1,ELECTION_trump_fav,VOX,calendar,5min,300,False,6,192,6,5.933607085154419e-05
6,kalshi_leads_etf,2.7346337993590824e-05,5.215256271325132,1.835632755542622e-07,0.04147984060890453,2540,22,6,20,160,1,ELECTION_trump_fav,VOX,calendar,5min,300,False,6,192,6,1.1931612911027044e-06
-6,etf_leads_kalshi,-4.464827204783204e-05,-7.950738025895416,1.854036431948409e-15,0.08302487935427971,909,22,6,21,110,2,ELECTION_trump_fav,VOX,calendar,10min,600,True,6,169,6,2.4102473615329315e-14
-5,etf_leads_kalshi,-2.667842447946131e-05,-4.668192528165333,3.0386109233685634e-06,0.08302487935427971,909,22,6,21,110,2,ELECTION_trump_fav,VOX,calendar,10min,600,True,6,169,6,1.3167314001263775e-05
-4,etf_leads_kalshi,-1.5691134252987128e-05,-0.9431626182307885,0.3455977307544096,0.08302487935427971,909,22,6,21,110,2,ELECTION_trump_fav,VOX,calendar,10min,600,True,6,169,6,0.49275732341364237
-3,etf_leads_kalshi,-3.6256647770698815e-05,-2.71885293422232,0.006550872716528642,0.08302487935427971,909,22,6,21,110,2,ELECTION_trump_fav,VOX,calendar,10min,600,True,6,169,6,0.021290336328718084
-2,etf_leads_kalshi,-1.0061685392692306e-05,-1.0681301761298165,0.28546179560523444,0.08302487935427971,909,22,6,21,110,2,ELECTION_trump_fav,VOX,calendar,10min,600,True,6,169,6,0.4763394621556755
-1,etf_leads_kalshi,5.2530347619908004e-05,2.1958196971758044,0.028104851244405166,0.08302487935427971,909,22,6,21,110,2,ELECTION_trump_fav,VOX,calendar,10min,600,True,6,169,6,0.07307261323545343
0,contemp,3.3435665646935352e-06,0.24733152430454297,0.8046516636236751,0.08302487935427971,909,22,6,21,110,2,ELECTION_trump_fav,VOX,calendar,10min,600,True,6,169,6,0.871705968925648
1,kalshi_leads_etf,-2.3848622816627376e-05,-1.298422446244109,0.1941422100830067,0.08302487935427971,909,22,6,21,110,2,ELECTION_trump_fav,VOX,calendar,10min,600,True,6,169,6,0.4206414551798478
2,kalshi_leads_etf,1.1105511613839972e-05,0.8796589475255342,0.37904409493357105,0.08302487935427971,909,22,6,21,110,2,ELECTION_trump_fav,VOX,calendar,10min,600,True,6,169,6,0.49275732341364237
3,kalshi_leads_etf,6.775395480954123e-05,5.67118974241567,1.418092306048205e-08,0.08302487935427971,909,22,6,21,110,2,ELECTION_trump_fav,VOX,calendar,10min,600,True,6,169,6,9.217599989313332e-08
4,kalshi_leads_etf,1.8898318399675458e-05,1.0512757164406419,0.29313197671118496,0.08302487935427971,909,22,6,21,110,2,ELECTION_trump_fav,VOX,calendar,10min,600,True,6,169,6,0.4763394621556755
5,kalshi_leads_etf,-1.3490706220256298e-06,-0.07083857143493802,0.9435262333526631,0.08302487935427971,909,22,6,21,110,2,ELECTION_trump_fav,VOX,calendar,10min,600,True,6,169,6,0.9435262333526631
6,kalshi_leads_etf,9.944767191184394e-06,0.38333594589945563,0.7014706901049923,0.08302487935427971,909,22,6,21,110,2,ELECTION_trump_fav,VOX,calendar,10min,600,True,6,169,6,0.8290108155786273
-10,etf_leads_kalshi,1.7914562082481824e-07,0.2459924192055717,0.805688100828611,0.07046413697426646,83764,75,5,28,1566,2,FOMC_easing,VCR,calendar,30s,30,False,10,1620,5,0.8904973746000437
-9,etf_leads_kalshi,3.2644074903671366e-07,0.42107936443253186,0.6736971294750838,0.07046413697426646,83764,75,5,28,1566,2,FOMC_easing,VCR,calendar,30s,30,False,10,1620,5,0.7859799843875978
-8,etf_leads_kalshi,-1.609206986018128e-06,-2.1601606504197055,0.03076023518005479,0.07046413697426646,83764,75,5,28,1566,2,FOMC_easing,VCR,calendar,30s,30,False,10,1620,5,0.29811185333994855
-7,etf_leads_kalshi,7.962339014366888e-07,1.0182844568607177,0.3085427928063038,0.07046413697426646,83764,75,5,28,1566,2,FOMC_easing,VCR,calendar,30s,30,False,10,1620,5,0.5399498874110317
-6,etf_leads_kalshi,8.753410748376881e-07,1.3481632851799685,0.17760587044182685,0.07046413697426646,83764,75,5,28,1566,2,FOMC_easing,VCR,calendar,30s,30,False,10,1620,5,0.414413697697596
-5,etf_leads_kalshi,8.474250559951986e-08,0.08469758376811669,0.9325018169402683,0.07046413697426646,83764,75,5,28,1566,2,FOMC_easing,VCR,calendar,30s,30,False,10,1620,5,0.9325018169402683
-4,etf_leads_kalshi,1.9191253870319825e-06,1.8119797433721352,0.06998932651651965,0.07046413697426646,83764,75,5,28,1566,2,FOMC_easing,VCR,calendar,30s,30,False,10,1620,5,0.29811185333994855
-3,etf_leads_kalshi,8.822256008603662e-07,1.5214501964002518,0.12814690037043977,0.07046413697426646,83764,75,5,28,1566,2,FOMC_easing,VCR,calendar,30s,30,False,10,1620,5,0.414413697697596
-2,etf_leads_kalshi,-9.345816986870297e-07,-1.0866373874625568,0.27719709511171675,0.07046413697426646,83764,75,5,28,1566,2,FOMC_easing,VCR,calendar,30s,30,False,10,1620,5,0.5291944543041865
-1,etf_leads_kalshi,-1.1425953315222362e-06,-0.741656662672825,0.45829538330319197,0.07046413697426646,83764,75,5,28,1566,2,FOMC_easing,VCR,calendar,30s,30,False,10,1620,5,0.6416135366244687
0,contemp,-1.2074817404671536e-06,-1.3538170271061285,0.1757947600032559,0.07046413697426646,83764,75,5,28,1566,2,FOMC_easing,VCR,calendar,30s,30,False,10,1620,5,0.414413697697596
1,kalshi_leads_etf,-9.607056016173295e-07,-0.9561101857331815,0.3390165692753411,0.07046413697426646,83764,75,5,28,1566,2,FOMC_easing,VCR,calendar,30s,30,False,10,1620,5,0.5476421503678587
2,kalshi_leads_etf,7.000434187324766e-07,1.1814846886198134,0.23741023246237114,0.07046413697426646,83764,75,5,28,1566,2,FOMC_easing,VCR,calendar,30s,30,False,10,1620,5,0.4985614881709794
3,kalshi_leads_etf,5.406926722758526e-07,0.45092697104767104,0.6520421839463024,0.07046413697426646,83764,75,5,28,1566,2,FOMC_easing,VCR,calendar,30s,30,False,10,1620,5,0.7859799843875978
4,kalshi_leads_etf,-1.8937886791227748e-06,-2.3433822382473624,0.01910979385554879,0.07046413697426646,83764,75,5,28,1566,2,FOMC_easing,VCR,calendar,30s,30,False,10,1620,5,0.29811185333994855
5,kalshi_leads_etf,1.3215500247197546e-06,1.8056117071951612,0.07097901269998774,0.07046413697426646,83764,75,5,28,1566,2,FOMC_easing,VCR,calendar,30s,30,False,10,1620,5,0.29811185333994855
6,kalshi_leads_etf,4.4382042750353734e-07,0.4417017000938645,0.6587050792859728,0.07046413697426646,83764,75,5,28,1566,2,FOMC_easing,VCR,calendar,30s,30,False,10,1620,5,0.7859799843875978
7,kalshi_leads_etf,9.833104570006532e-07,1.8641579464610087,0.06229952703033551,0.07046413697426646,83764,75,5,28,1566,2,FOMC_easing,VCR,calendar,30s,30,False,10,1620,5,0.29811185333994855
8,kalshi_leads_etf,-1.487304340704659e-06,-1.4090486402181528,0.1588207860305736,0.07046413697426646,83764,75,5,28,1566,2,FOMC_easing,VCR,calendar,30s,30,False,10,1620,5,0.414413697697596
9,kalshi_leads_etf,3.5972662470902056e-07,0.8459430758573433,0.3975845006716311,0.07046413697426646,83764,75,5,28,1566,2,FOMC_easing,VCR,calendar,30s,30,False,10,1620,5,0.5963767510074467
10,kalshi_leads_etf,-1.2386990060517824e-07,-0.11482452479568726,0.9085842096483526,0.07046413697426646,83764,75,5,28,1566,2,FOMC_easing,VCR,calendar,30s,30,False,10,1620,5,0.9325018169402683
-10,etf_leads_kalshi,-3.0559138189372557e-06,-2.3876863816770775,0.016954803252234637,0.052545626048350114,40590,75,5,28,1453,2,FOMC_easing,VCR,calendar,1min,60,False,10,1550,5,0.11868362276564247
-9,etf_leads_kalshi,7.707509715925591e-06,2.48987198655869,0.012778911356406283,0.052545626048350114,40590,75,5,28,1453,2,FOMC_easing,VCR,calendar,1min,60,False,10,1550,5,0.11868362276564247
-8,etf_leads_kalshi,-1.2350689977222456e-06,-0.9939922432943343,0.32022664377931354,0.052545626048350114,40590,75,5,28,1453,2,FOMC_easing,VCR,calendar,1min,60,False,10,1550,5,0.5810989386524017
-7,etf_leads_kalshi,-2.2338600011811032e-06,-0.8150028644247946,0.4150706704660012,0.052545626048350114,40590,75,5,28,1453,2,FOMC_easing,VCR,calendar,1min,60,False,10,1550,5,0.5810989386524017
-6,etf_leads_kalshi,2.4547960021319714e-06,1.0701578944869914,0.2845482432694447,0.052545626048350114,40590,75,5,28,1453,2,FOMC_easing,VCR,calendar,1min,60,False,10,1550,5,0.5810989386524017
-5,etf_leads_kalshi,-6.28150359081177e-07,-0.37925271870922,0.7045002065676029,0.052545626048350114,40590,75,5,28,1453,2,FOMC_easing,VCR,calendar,1min,60,False,10,1550,5,0.7397252168959831
-4,etf_leads_kalshi,-1.6134878540968464e-06,-1.3641427268541129,0.1725226495833596,0.052545626048350114,40590,75,5,28,1453,2,FOMC_easing,VCR,calendar,1min,60,False,10,1550,5,0.5608310170311887
-3,etf_leads_kalshi,9.449252131424406e-07,0.5714786774293853,0.5676752100535956,0.052545626048350114,40590,75,5,28,1453,2,FOMC_easing,VCR,calendar,1min,60,False,10,1550,5,0.6622877450625282
-2,etf_leads_kalshi,3.1371006608967888e-06,2.128008963368744,0.03333634042214516,0.052545626048350114,40590,75,5,28,1453,2,FOMC_easing,VCR,calendar,1min,60,False,10,1550,5,0.1750157872162621
-1,etf_leads_kalshi,-9.725075068101192e-07,-0.6753188695447012,0.49947319796660417,0.052545626048350114,40590,75,5,28,1453,2,FOMC_easing,VCR,calendar,1min,60,False,10,1550,5,0.616996303370511
0,contemp,-2.546618507533243e-06,-0.8363404343448373,0.4029634120931783,0.052545626048350114,40590,75,5,28,1453,2,FOMC_easing,VCR,calendar,1min,60,False,10,1550,5,0.5810989386524017
1,kalshi_leads_etf,1.5807214787425465e-06,1.038733766012454,0.29892857275109275,0.052545626048350114,40590,75,5,28,1453,2,FOMC_easing,VCR,calendar,1min,60,False,10,1550,5,0.5810989386524017
2,kalshi_leads_etf,-3.317903473122465e-06,-2.8097172538785324,0.004958504042651279,0.052545626048350114,40590,75,5,28,1453,2,FOMC_easing,VCR,calendar,1min,60,False,10,1550,5,0.10412858489567686
3,kalshi_leads_etf,7.880325508404837e-07,0.40547453428811175,0.6851287335457601,0.052545626048350114,40590,75,5,28,1453,2,FOMC_easing,VCR,calendar,1min,60,False,10,1550,5,0.7397252168959831
4,kalshi_leads_etf,1.4551286116063784e-06,0.8466110345949794,0.39721196134145875,0.052545626048350114,40590,75,5,28,1453,2,FOMC_easing,VCR,calendar,1min,60,False,10,1550,5,0.5810989386524017
5,kalshi_leads_etf,1.5593197343314536e-06,1.3196746347404789,0.18694367234372955,0.052545626048350114,40590,75,5,28,1453,2,FOMC_easing,VCR,calendar,1min,60,False,10,1550,5,0.5608310170311887
6,kalshi_leads_etf,6.629700772765148e-06,1.5924175617449083,0.11129091282228684,0.052545626048350114,40590,75,5,28,1453,2,FOMC_easing,VCR,calendar,1min,60,False,10,1550,5,0.46742183385360475
7,kalshi_leads_etf,-1.977642751229786e-06,-0.7308884840343655,0.4648472706089174,0.052545626048350114,40590,75,5,28,1453,2,FOMC_easing,VCR,calendar,1min,60,False,10,1550,5,0.6101120426742042
8,kalshi_leads_etf,1.3017592577799893e-06,0.8586162302984259,0.39055228067197756,0.052545626048350114,40590,75,5,28,1453,2,FOMC_easing,VCR,calendar,1min,60,False,10,1550,5,0.5810989386524017
9,kalshi_leads_etf,-9.16905721055703e-08,-0.0735392467019383,0.9413770142537166,0.052545626048350114,40590,75,5,28,1453,2,FOMC_easing,VCR,calendar,1min,60,False,10,1550,5,0.9413770142537166
10,kalshi_leads_etf,-5.934800917907412e-06,-1.2009242274151448,0.22978059531721629,0.052545626048350114,40590,75,5,28,1453,2,FOMC_easing,VCR,calendar,1min,60,False,10,1550,5,0.5810989386524017
-10,etf_leads_kalshi,3.1107939724500706e-06,0.7769448007578122,0.43719133782918096,0.041974022039166003,19008,75,5,28,1234,2,FOMC_easing,VCR,calendar,2min,120,False,10,1423,5,0.7172240999251654
-9,etf_leads_kalshi,-3.058140399224502e-06,-0.7654630325032792,0.4439958713822453,0.041974022039166003,19008,75,5,28,1234,2,FOMC_easing,VCR,calendar,2min,120,False,10,1423,5,0.7172240999251654
-8,etf_leads_kalshi,5.121078868280735e-06,1.9108278070472329,0.056026712979920346,0.041974022039166003,19008,75,5,28,1234,2,FOMC_easing,VCR,calendar,2min,120,False,10,1423,5,0.5882804862891636
-7,etf_leads_kalshi,-1.111654010517668e-06,-0.24034258245867995,0.8100646862212538,0.041974022039166003,19008,75,5,28,1234,2,FOMC_easing,VCR,calendar,2min,120,False,10,1423,5,0.9515715685890802
-6,etf_leads_kalshi,4.638055562805856e-06,1.169013286993811,0.2423982781104147,0.041974022039166003,19008,75,5,28,1234,2,FOMC_easing,VCR,calendar,2min,120,False,10,1423,5,0.5939303682678069
-5,etf_leads_kalshi,-5.147826284046017e-06,-2.1734184760453377,0.02974883549962561,0.041974022039166003,19008,75,5,28,1234,2,FOMC_easing,VCR,calendar,2min,120,False,10,1423,5,0.5882804862891636
-4,etf_leads_kalshi,8.351090105945663e-06,1.7100752491694287,0.08725195899731047,0.041974022039166003,19008,75,5,28,1234,2,FOMC_easing,VCR,calendar,2min,120,False,10,1423,5,0.5939303682678069
-3,etf_leads_kalshi,-1.0776697250194513e-06,-0.1751704472938193,0.8609457049139297,0.041974022039166003,19008,75,5,28,1234,2,FOMC_easing,VCR,calendar,2min,120,False,10,1423,5,0.9515715685890802
-2,etf_leads_kalshi,1.2525214182149743e-06,0.502581104593293,0.615258816846942,0.041974022039166003,19008,75,5,28,1234,2,FOMC_easing,VCR,calendar,2min,120,False,10,1423,5,0.8613623435857187
-1,etf_leads_kalshi,9.73406967323042e-07,0.19233241267490883,0.8474818306823609,0.041974022039166003,19008,75,5,28,1234,2,FOMC_easing,VCR,calendar,2min,120,False,10,1423,5,0.9515715685890802
0,contemp,-3.850934285663801e-06,-1.2808830280858416,0.20023475495078902,0.041974022039166003,19008,75,5,28,1234,2,FOMC_easing,VCR,calendar,2min,120,False,10,1423,5,0.5939303682678069
1,kalshi_leads_etf,-1.6247196531142858e-07,-0.050508098400101176,0.9597174960532631,0.041974022039166003,19008,75,5,28,1234,2,FOMC_easing,VCR,calendar,2min,120,False,10,1423,5,0.9597174960532631
2,kalshi_leads_etf,-2.7820777491978585e-07,-0.0824496693571829,0.9342891400312884,0.041974022039166003,19008,75,5,28,1234,2,FOMC_easing,VCR,calendar,2min,120,False,10,1423,5,0.9597174960532631
3,kalshi_leads_etf,1.088780994010678e-05,1.3513907761767723,0.17657028693556998,0.041974022039166003,19008,75,5,28,1234,2,FOMC_easing,VCR,calendar,2min,120,False,10,1423,5,0.5939303682678069
4,kalshi_leads_etf,-4.159330144962267e-06,-1.2814095644584782,0.20004984644275958,0.041974022039166003,19008,75,5,28,1234,2,FOMC_easing,VCR,calendar,2min,120,False,10,1423,5,0.5939303682678069
5,kalshi_leads_etf,-1.2060806773245716e-05,-1.5198989826173885,0.128536366212485,0.041974022039166003,19008,75,5,28,1234,2,FOMC_easing,VCR,calendar,2min,120,False,10,1423,5,0.5939303682678069
6,kalshi_leads_etf,-4.729940297022703e-06,-1.139387454093728,0.25454158640048863,0.041974022039166003,19008,75,5,28,1234,2,FOMC_easing,VCR,calendar,2min,120,False,10,1423,5,0.5939303682678069
7,kalshi_leads_etf,-8.52687325599596e-07,-0.22845397752389385,0.8192933307043613,0.041974022039166003,19008,75,5,28,1234,2,FOMC_easing,VCR,calendar,2min,120,False,10,1423,5,0.9515715685890802
8,kalshi_leads_etf,3.555132649886783e-06,0.6589959062880624,0.5098983974445379,0.041974022039166003,19008,75,5,28,1234,2,FOMC_easing,VCR,calendar,2min,120,False,10,1423,5,0.7648475961668069
9,kalshi_leads_etf,-4.8696596844826606e-06,-0.8977257815146209,0.3693317610724589,0.041974022039166003,19008,75,5,28,1234,2,FOMC_easing,VCR,calendar,2min,120,False,10,1423,5,0.7172240999251654
10,kalshi_leads_etf,4.474873806359131e-06,0.7899792212511568,0.429539903373265,0.041974022039166003,19008,75,5,28,1234,2,FOMC_easing,VCR,calendar,2min,120,False,10,1423,5,0.7172240999251654
-10,etf_leads_kalshi,2.1870464821983254e-05,1.9012534798327188,0.05726881920157196,0.035850930176746454,6069,75,5,28,816,2,FOMC_easing,VCR,calendar,5min,300,False,10,1197,5,0.6013226016165056
-9,etf_leads_kalshi,-1.2492791073899227e-05,-1.1605247072586409,0.24583524034341808,0.035850930176746454,6069,75,5,28,816,2,FOMC_easing,VCR,calendar,5min,300,False,10,1197,5,0.8867322160741563
-8,etf_leads_kalshi,-1.0905653274383976e-05,-0.9252049889586564,0.3548592889028265,0.035850930176746454,6069,75,5,28,816,2,FOMC_easing,VCR,calendar,5min,300,False,10,1197,5,0.8867322160741563
-7,etf_leads_kalshi,6.202440698754914e-06,0.5778805935067374,0.5633447382633023,0.035850930176746454,6069,75,5,28,816,2,FOMC_easing,VCR,calendar,5min,300,False,10,1197,5,0.9040913792491555
-6,etf_leads_kalshi,-7.037496735491734e-06,-0.7905286756052592,0.42921908225832506,0.035850930176746454,6069,75,5,28,816,2,FOMC_easing,VCR,calendar,5min,300,False,10,1197,5,0.8867322160741563
-5,etf_leads_kalshi,4.32491305375749e-06,0.4020480262590431,0.6876486816996163,0.035850930176746454,6069,75,5,28,816,2,FOMC_easing,VCR,calendar,5min,300,False,10,1197,5,0.9473508348245616
-4,etf_leads_kalshi,1.4805703656292237e-06,0.1574857641125125,0.8748620264892768,0.035850930176746454,6069,75,5,28,816,2,FOMC_easing,VCR,calendar,5min,300,False,10,1197,5,0.966952766119727
-3,etf_leads_kalshi,8.089279650930253e-06,0.786938090205328,0.4313181084584513,0.035850930176746454,6069,75,5,28,816,2,FOMC_easing,VCR,calendar,5min,300,False,10,1197,5,0.8867322160741563
-2,etf_leads_kalshi,1.4254022997947265e-07,0.015602784700338596,0.9875512840843145,0.035850930176746454,6069,75,5,28,816,2,FOMC_easing,VCR,calendar,5min,300,False,10,1197,5,0.9875512840843145
-1,etf_leads_kalshi,9.814335764396955e-07,0.07306771605573505,0.9417522318202521,0.035850930176746454,6069,75,5,28,816,2,FOMC_easing,VCR,calendar,5min,300,False,10,1197,5,0.9875512840843145
0,contemp,-9.308319110760346e-06,-0.7314918515734683,0.4644787798483676,0.035850930176746454,6069,75,5,28,816,2,FOMC_easing,VCR,calendar,5min,300,False,10,1197,5,0.8867322160741563
1,kalshi_leads_etf,-7.176054074505015e-06,-0.6468766373540163,0.5177117872905682,0.035850930176746454,6069,75,5,28,816,2,FOMC_easing,VCR,calendar,5min,300,False,10,1197,5,0.9040913792491555
2,kalshi_leads_etf,-3.0284710630842393e-05,-1.400086732742334,0.16148734749698546,0.035850930176746454,6069,75,5,28,816,2,FOMC_easing,VCR,calendar,5min,300,False,10,1197,5,0.8867322160741563
3,kalshi_leads_etf,-2.2374498484925094e-06,-0.23782735475053893,0.8120150012781956,0.035850930176746454,6069,75,5,28,816,2,FOMC_easing,VCR,calendar,5min,300,False,10,1197,5,0.9473508348245616
4,kalshi_leads_etf,8.733262716154259e-06,0.794127077372035,0.4271214556736126,0.035850930176746454,6069,75,5,28,816,2,FOMC_easing,VCR,calendar,5min,300,False,10,1197,5,0.8867322160741563
5,kalshi_leads_etf,-6.305144732712533e-06,-0.5204821209165165,0.6027275861661037,0.035850930176746454,6069,75,5,28,816,2,FOMC_easing,VCR,calendar,5min,300,False,10,1197,5,0.9040913792491555
6,kalshi_leads_etf,-2.684908788722339e-06,-0.2889358777841085,0.7726304475779662,0.035850930176746454,6069,75,5,28,816,2,FOMC_easing,VCR,calendar,5min,300,False,10,1197,5,0.9473508348245616
7,kalshi_leads_etf,-1.0119578087207123e-05,-1.1570493909422728,0.2472521817484734,0.035850930176746454,6069,75,5,28,816,2,FOMC_easing,VCR,calendar,5min,300,False,10,1197,5,0.8867322160741563
8,kalshi_leads_etf,-1.6639378611612654e-05,-1.9306047025760908,0.05353195588205579,0.035850930176746454,6069,75,5,28,816,2,FOMC_easing,VCR,calendar,5min,300,False,10,1197,5,0.6013226016165056
9,kalshi_leads_etf,-6.47431597182698e-06,-0.8215184572458849,0.41135101514631667,0.035850930176746454,6069,75,5,28,816,2,FOMC_easing,VCR,calendar,5min,300,False,10,1197,5,0.8867322160741563
10,kalshi_leads_etf,-3.223355943892625e-06,-0.343632426350426,0.7311227354230059,0.035850930176746454,6069,75,5,28,816,2,FOMC_easing,VCR,calendar,5min,300,False,10,1197,5,0.9473508348245616
-10,etf_leads_kalshi,2.944597211556155e-05,0.9262611499435932,0.3543102805350338,0.028160621120734808,1790,71,5,27,417,1,FOMC_easing,VCR,calendar,10min,600,True,10,978,5,0.8333691364318506
-9,etf_leads_kalshi,-1.2484396256421843e-05,-0.4468155383124739,0.6550082512892604,0.028160621120734808,1790,71,5,27,417,1,FOMC_easing,VCR,calendar,10min,600,True,10,978,5,0.9084044752207158
-8,etf_leads_kalshi,9.357215739088729e-06,0.24817377858900225,0.8039999534783746,0.028160621120734808,1790,71,5,27,417,1,FOMC_easing,VCR,calendar,10min,600,True,10,978,5,0.9084044752207158
-7,etf_leads_kalshi,-1.3870310632485247e-05,-0.3602845670543029,0.7186343391877568,0.028160621120734808,1790,71,5,27,417,1,FOMC_easing,VCR,calendar,10min,600,True,10,978,5,0.9084044752207158
-6,etf_leads_kalshi,-4.7733097933738374e-05,-1.8533587116092205,0.06383096110245914,0.028160621120734808,1790,71,5,27,417,1,FOMC_easing,VCR,calendar,10min,600,True,10,978,5,0.3580652276655101
-5,etf_leads_kalshi,-4.507877598624438e-05,-1.794973029806995,0.07265799708914279,0.028160621120734808,1790,71,5,27,417,1,FOMC_easing,VCR,calendar,10min,600,True,10,978,5,0.3580652276655101
-4,etf_leads_kalshi,1.446146770439716e-05,0.6068711593168481,0.5439364192798901,0.028160621120734808,1790,71,5,27,417,1,FOMC_easing,VCR,calendar,10min,600,True,10,978,5,0.9084044752207158
-3,etf_leads_kalshi,-4.776152370796263e-06,-0.19655336675159435,0.8441770665580604,0.028160621120734808,1790,71,5,27,417,1,FOMC_easing,VCR,calendar,10min,600,True,10,978,5,0.9084044752207158
-2,etf_leads_kalshi,1.4041541217693814e-06,0.05284661173701273,0.9578541225675528,0.028160621120734808,1790,71,5,27,417,1,FOMC_easing,VCR,calendar,10min,600,True,10,978,5,0.9578541225675528
-1,etf_leads_kalshi,5.668882752620159e-06,0.24389832046407367,0.8073095699840132,0.028160621120734808,1790,71,5,27,417,1,FOMC_easing,VCR,calendar,10min,600,True,10,978,5,0.9084044752207158
0,contemp,-1.9596363920256238e-05,-0.9207935917344958,0.35715820132793596,0.028160621120734808,1790,71,5,27,417,1,FOMC_easing,VCR,calendar,10min,600,True,10,978,5,0.8333691364318506
1,kalshi_leads_etf,-5.5471036033490554e-05,-1.253846374486443,0.20989784958932423,0.028160621120734808,1790,71,5,27,417,1,FOMC_easing,VCR,calendar,10min,600,True,10,978,5,0.6296935487679727
2,kalshi_leads_etf,6.631576112295679e-06,0.19825175825953792,0.8428480938054201,0.028160621120734808,1790,71,5,27,417,1,FOMC_easing,VCR,calendar,10min,600,True,10,978,5,0.9084044752207158
3,kalshi_leads_etf,-4.5911349118932854e-05,-2.5765946594312656,0.009977888106537117,0.028160621120734808,1790,71,5,27,417,1,FOMC_easing,VCR,calendar,10min,600,True,10,978,5,0.20953565023727946
4,kalshi_leads_etf,-4.18419208112074e-05,-1.838942677017379,0.06592361780480084,0.028160621120734808,1790,71,5,27,417,1,FOMC_easing,VCR,calendar,10min,600,True,10,978,5,0.3580652276655101
5,kalshi_leads_etf,-3.806710992284647e-05,-1.7209845603240428,0.08525362563464525,0.028160621120734808,1790,71,5,27,417,1,FOMC_easing,VCR,calendar,10min,600,True,10,978,5,0.3580652276655101
6,kalshi_leads_etf,9.121510678477395e-06,0.5848743444160476,0.5586322105169748,0.028160621120734808,1790,71,5,27,417,1,FOMC_easing,VCR,calendar,10min,600,True,10,978,5,0.9084044752207158
7,kalshi_leads_etf,2.62840818086277e-06,0.19529502524648992,0.8451619913705292,0.028160621120734808,1790,71,5,27,417,1,FOMC_easing,VCR,calendar,10min,600,True,10,978,5,0.9084044752207158
8,kalshi_leads_etf,2.4295943598915703e-06,0.16982582151999723,0.8651471192578245,0.028160621120734808,1790,71,5,27,417,1,FOMC_easing,VCR,calendar,10min,600,True,10,978,5,0.9084044752207158
9,kalshi_leads_etf,9.91380949770415e-06,0.5518378126285894,0.5810594780473435,0.028160621120734808,1790,71,5,27,417,1,FOMC_easing,VCR,calendar,10min,600,True,10,978,5,0.9084044752207158
10,kalshi_leads_etf,-1.875304133858657e-05,-1.319668311459355,0.18694578443902865,0.028160621120734808,1790,71,5,27,417,1,FOMC_easing,VCR,calendar,10min,600,True,10,978,5,0.6296935487679727
-10,etf_leads_kalshi,-1.8316352733755705e-07,-0.33748193147551164,0.7357536306545954,0.0620802131325241,83764,75,5,28,1566,2,FOMC_easing,VDC,calendar,30s,30,False,10,1620,5,0.9088721319850884
-9,etf_leads_kalshi,3.7605744251458356e-07,0.8225988717872583,0.41073614045769236,0.0620802131325241,83764,75,5,28,1566,2,FOMC_easing,VDC,calendar,30s,30,False,10,1620,5,0.7187882458009617
-8,etf_leads_kalshi,-8.430967534492631e-07,-1.4470922459259932,0.1478710894639313,0.0620802131325241,83764,75,5,28,1566,2,FOMC_easing,VDC,calendar,30s,30,False,10,1620,5,0.5078660153907196
-7,etf_leads_kalshi,5.020312112930958e-07,0.882877064495723,0.3773026968299884,0.0620802131325241,83764,75,5,28,1566,2,FOMC_easing,VDC,calendar,30s,30,False,10,1620,5,0.7187882458009617
-6,etf_leads_kalshi,-5.023668533228769e-07,-1.1212698901762352,0.2621729980474399,0.0620802131325241,83764,75,5,28,1566,2,FOMC_easing,VDC,calendar,30s,30,False,10,1620,5,0.6882041198745297
-5,etf_leads_kalshi,-3.451226317264183e-07,-0.585135270595547,0.5584567645941735,0.0620802131325241,83764,75,5,28,1566,2,FOMC_easing,VDC,calendar,30s,30,False,10,1620,5,0.8126404173318034
-4,etf_leads_kalshi,8.986005256205701e-07,1.7030746924137659,0.08855409132057045,0.0620802131325241,83764,75,5,28,1566,2,FOMC_easing,VDC,calendar,30s,30,False,10,1620,5,0.3719271835463959
-3,etf_leads_kalshi,5.505231873405705e-07,0.9983965795520117,0.3180870915740248,0.0620802131325241,83764,75,5,28,1566,2,FOMC_easing,VDC,calendar,30s,30,False,10,1620,5,0.7187882458009617
-2,etf_leads_kalshi,5.0400525179689e-08,0.10087446826852058,0.9196501110745312,0.0620802131325241,83764,75,5,28,1566,2,FOMC_easing,VDC,calendar,30s,30,False,10,1620,5,0.9533093797781688
-1,etf_leads_kalshi,-5.957622654530505e-07,-0.5689872285852203,0.5693648071041058,0.0620802131325241,83764,75,5,28,1566,2,FOMC_easing,VDC,calendar,30s,30,False,10,1620,5,0.8126404173318034
0,contemp,-1.5460439127770078e-06,-1.9738575262037314,0.048397945506605776,0.0620802131325241,83764,75,5,28,1566,2,FOMC_easing,VDC,calendar,30s,30,False,10,1620,5,0.2540892139096803
1,kalshi_leads_etf,-1.1157175910815715e-06,-1.3744930326741125,0.16928867179690654,0.0620802131325241,83764,75,5,28,1566,2,FOMC_easing,VDC,calendar,30s,30,False,10,1620,5,0.5078660153907196
2,kalshi_leads_etf,-2.703237992070156e-07,-0.5527166637526646,0.5804574409512882,0.0620802131325241,83764,75,5,28,1566,2,FOMC_easing,VDC,calendar,30s,30,False,10,1620,5,0.8126404173318034
3,kalshi_leads_etf,1.026137001101892e-06,2.087974466621567,0.03680013799979553,0.0620802131325241,83764,75,5,28,1566,2,FOMC_easing,VDC,calendar,30s,30,False,10,1620,5,0.2540892139096803
4,kalshi_leads_etf,-9.37016448241157e-07,-2.3817245155072313,0.01723178299619186,0.0620802131325241,83764,75,5,28,1566,2,FOMC_easing,VDC,calendar,30s,30,False,10,1620,5,0.18093372146001452
5,kalshi_leads_etf,9.039636677592683e-07,3.582219704481877,0.00034068707691786785,0.0620802131325241,83764,75,5,28,1566,2,FOMC_easing,VDC,calendar,30s,30,False,10,1620,5,0.007154428615275226
6,kalshi_leads_etf,3.2500962943306645e-07,0.9066099233999455,0.3646131122360815,0.0620802131325241,83764,75,5,28,1566,2,FOMC_easing,VDC,calendar,30s,30,False,10,1620,5,0.7187882458009617
7,kalshi_leads_etf,9.841771906087217e-08,0.22463002017212985,0.8222671089266813,0.0620802131325241,83764,75,5,28,1566,2,FOMC_easing,VDC,calendar,30s,30,False,10,1620,5,0.9533093797781688
8,kalshi_leads_etf,-1.9936225322751382e-07,-0.40642633714669246,0.6844293714206755,0.0620802131325241,83764,75,5,28,1566,2,FOMC_easing,VDC,calendar,30s,30,False,10,1620,5,0.8983135499896366
9,kalshi_leads_etf,3.834690453474359e-08,0.05855145226332276,0.9533093797781688,0.0620802131325241,83764,75,5,28,1566,2,FOMC_easing,VDC,calendar,30s,30,False,10,1620,5,0.9533093797781688
10,kalshi_leads_etf,1.0442656642292343e-07,0.15302258869571037,0.8783804618720992,0.0620802131325241,83764,75,5,28,1566,2,FOMC_easing,VDC,calendar,30s,30,False,10,1620,5,0.9533093797781688
-10,etf_leads_kalshi,-7.889595770743457e-07,-0.8323154038738817,0.4052309381291471,0.0564795601383159,40590,75,5,29,1453,3,FOMC_easing,VDC,calendar,1min,60,False,10,1550,5,0.850984970071209
-9,etf_leads_kalshi,2.2871273406646385e-06,1.5828267098940005,0.1134609670651593,0.0564795601383159,40590,75,5,29,1453,3,FOMC_easing,VDC,calendar,1min,60,False,10,1550,5,0.7188106243593302
-8,etf_leads_kalshi,2.2587846893571352e-07,0.18089830813968313,0.8564473968533457,0.0564795601383159,40590,75,5,29,1453,3,FOMC_easing,VDC,calendar,1min,60,False,10,1550,5,0.899269766696013
-7,etf_leads_kalshi,-4.571405993657308e-07,-0.2723063023656229,0.7853865106787861,0.0564795601383159,40590,75,5,29,1453,3,FOMC_easing,VDC,calendar,1min,60,False,10,1550,5,0.899269766696013
-6,etf_leads_kalshi,2.6575965820061943e-07,0.20348481000032256,0.838756117190189,0.0564795601383159,40590,75,5,29,1453,3,FOMC_easing,VDC,calendar,1min,60,False,10,1550,5,0.899269766696013
-5,etf_leads_kalshi,-1.2669233126891784e-06,-0.9572887402335182,0.33842153698233357,0.0564795601383159,40590,75,5,29,1453,3,FOMC_easing,VDC,calendar,1min,60,False,10,1550,5,0.7896502529587783
-4,etf_leads_kalshi,-2.5634079536050495e-07,-0.33072210289448734,0.7408544052460173,0.0564795601383159,40590,75,5,29,1453,3,FOMC_easing,VDC,calendar,1min,60,False,10,1550,5,0.899269766696013
-3,etf_leads_kalshi,-1.1905523393359814e-06,-1.060126045831101,0.2890872599608254,0.0564795601383159,40590,75,5,29,1453,3,FOMC_easing,VDC,calendar,1min,60,False,10,1550,5,0.7896502529587783
-2,etf_leads_kalshi,1.2183196642439053e-06,1.3685327219893857,0.17114538675222146,0.0564795601383159,40590,75,5,29,1453,3,FOMC_easing,VDC,calendar,1min,60,False,10,1550,5,0.7188106243593302
-1,etf_leads_kalshi,3.640368976414808e-07,0.3826622720756261,0.7019701915671596,0.0564795601383159,40590,75,5,29,1453,3,FOMC_easing,VDC,calendar,1min,60,False,10,1550,5,0.899269766696013
0,contemp,-1.8946387288948098e-06,-1.0153107839798867,0.30995770547136214,0.0564795601383159,40590,75,5,29,1453,3,FOMC_easing,VDC,calendar,1min,60,False,10,1550,5,0.7896502529587783
1,kalshi_leads_etf,-1.7205299646447195e-06,-1.1599027893300529,0.2460883869563133,0.0564795601383159,40590,75,5,29,1453,3,FOMC_easing,VDC,calendar,1min,60,False,10,1550,5,0.7896502529587783
2,kalshi_leads_etf,2.0099050437235815e-07,0.2756538034988022,0.7828139807625807,0.0564795601383159,40590,75,5,29,1453,3,FOMC_easing,VDC,calendar,1min,60,False,10,1550,5,0.899269766696013
3,kalshi_leads_etf,1.3865308845978685e-06,2.2267171579971397,0.025966182971343118,0.0564795601383159,40590,75,5,29,1453,3,FOMC_easing,VDC,calendar,1min,60,False,10,1550,5,0.5054745004342137
4,kalshi_leads_etf,3.6986361283299523e-08,0.04347291145690758,0.9653245576311649,0.0564795601383159,40590,75,5,29,1453,3,FOMC_easing,VDC,calendar,1min,60,False,10,1550,5,0.9653245576311649
5,kalshi_leads_etf,-1.6102912361008295e-07,-0.2121206606818617,0.8320129015574768,0.0564795601383159,40590,75,5,29,1453,3,FOMC_easing,VDC,calendar,1min,60,False,10,1550,5,0.899269766696013
6,kalshi_leads_etf,3.7915119471839174e-06,1.9761267043232658,0.048140428612782254,0.0564795601383159,40590,75,5,29,1453,3,FOMC_easing,VDC,calendar,1min,60,False,10,1550,5,0.5054745004342137
7,kalshi_leads_etf,-4.267398814462389e-07,-0.6127832780079755,0.5400196491252769,0.0564795601383159,40590,75,5,29,1453,3,FOMC_easing,VDC,calendar,1min,60,False,10,1550,5,0.899269766696013
8,kalshi_leads_etf,1.8499973103511829e-06,1.469422492065678,0.14171823039457768,0.0564795601383159,40590,75,5,29,1453,3,FOMC_easing,VDC,calendar,1min,60,False,10,1550,5,0.7188106243593302
9,kalshi_leads_etf,-3.4072742393529455e-07,-0.21438442427543547,0.8302472869396047,0.0564795601383159,40590,75,5,29,1453,3,FOMC_easing,VDC,calendar,1min,60,False,10,1550,5,0.899269766696013
10,kalshi_leads_etf,-1.295860696735485e-06,-0.5026984116562148,0.6151763265849419,0.0564795601383159,40590,75,5,29,1453,3,FOMC_easing,VDC,calendar,1min,60,False,10,1550,5,0.899269766696013
-10,etf_leads_kalshi,-3.0150174751090406e-06,-1.5163730889243698,0.12942503982200115,0.04770009743309511,19008,75,5,30,1234,4,FOMC_easing,VDC,calendar,2min,120,False,10,1423,5,0.8715053463580327
-9,etf_leads_kalshi,1.9380251552470988e-07,0.08910167259700062,0.9290011081436704,0.04770009743309511,19008,75,5,30,1234,4,FOMC_easing,VDC,calendar,2min,120,False,10,1423,5,0.9490567707475556
-8,etf_leads_kalshi,-9.92072162104425e-07,-0.5641718671549909,0.5726371719079415,0.04770009743309511,19008,75,5,30,1234,4,FOMC_easing,VDC,calendar,2min,120,False,10,1423,5,0.9490567707475556
-7,etf_leads_kalshi,-5.007808998138436e-07,-0.34319983411907273,0.7314481294623054,0.04770009743309511,19008,75,5,30,1234,4,FOMC_easing,VDC,calendar,2min,120,False,10,1423,5,0.9490567707475556
-6,etf_leads_kalshi,-2.590804260558151e-06,-1.8207069580457504,0.06865141393233741,0.04770009743309511,19008,75,5,30,1234,4,FOMC_easing,VDC,calendar,2min,120,False,10,1423,5,0.8715053463580327
-5,etf_leads_kalshi,-1.4646679901951385e-06,-0.5314132950049325,0.5951324104968759,0.04770009743309511,19008,75,5,30,1234,4,FOMC_easing,VDC,calendar,2min,120,False,10,1423,5,0.9490567707475556
-4,etf_leads_kalshi,3.906695811518217e-06,1.4903331009579326,0.13613667314661107,0.04770009743309511,19008,75,5,30,1234,4,FOMC_easing,VDC,calendar,2min,120,False,10,1423,5,0.8715053463580327
-3,etf_leads_kalshi,-2.881005448749559e-06,-0.9619301308273613,0.3360847019578188,0.04770009743309511,19008,75,5,30,1234,4,FOMC_easing,VDC,calendar,2min,120,False,10,1423,5,0.9490567707475556
-2,etf_leads_kalshi,-2.6964622994712392e-06,-1.2339469080495427,0.2172226885437517,0.04770009743309511,19008,75,5,30,1234,4,FOMC_easing,VDC,calendar,2min,120,False,10,1423,5,0.8715053463580327
-1,etf_leads_kalshi,-1.4420791519742535e-06,-0.5028353375585912,0.6150800465185374,0.04770009743309511,19008,75,5,30,1234,4,FOMC_easing,VDC,calendar,2min,120,False,10,1423,5,0.9490567707475556
0,contemp,-2.259851458469879e-07,-0.10775500548046617,0.9141900354183146,0.04770009743309511,19008,75,5,30,1234,4,FOMC_easing,VDC,calendar,2min,120,False,10,1423,5,0.9490567707475556
1,kalshi_leads_etf,1.2026327602641612e-07,0.06389131126909646,0.9490567707475556,0.04770009743309511,19008,75,5,30,1234,4,FOMC_easing,VDC,calendar,2min,120,False,10,1423,5,0.9490567707475556
2,kalshi_leads_etf,-4.7661136717905224e-07,-0.22970809329556413,0.8183186055252318,0.04770009743309511,19008,75,5,30,1234,4,FOMC_easing,VDC,calendar,2min,120,False,10,1423,5,0.9490567707475556
3,kalshi_leads_etf,5.8358148413272665e-06,1.346035825290937,0.17829096317215043,0.04770009743309511,19008,75,5,30,1234,4,FOMC_easing,VDC,calendar,2min,120,False,10,1423,5,0.8715053463580327
4,kalshi_leads_etf,-8.953536554692036e-07,-0.34059479719022473,0.7334086467518723,0.04770009743309511,19008,75,5,30,1234,4,FOMC_easing,VDC,calendar,2min,120,False,10,1423,5,0.9490567707475556
5,kalshi_leads_etf,-3.903592718144161e-06,-1.1527779732481087,0.24900152753086646,0.04770009743309511,19008,75,5,30,1234,4,FOMC_easing,VDC,calendar,2min,120,False,10,1423,5,0.8715053463580327
6,kalshi_leads_etf,-1.2383320193005477e-06,-0.6219013106696891,0.5340067632442429,0.04770009743309511,19008,75,5,30,1234,4,FOMC_easing,VDC,calendar,2min,120,False,10,1423,5,0.9490567707475556
7,kalshi_leads_etf,-2.9301660085289787e-07,-0.12522970783092613,0.9003416989192456,0.04770009743309511,19008,75,5,30,1234,4,FOMC_easing,VDC,calendar,2min,120,False,10,1423,5,0.9490567707475556
8,kalshi_leads_etf,1.0862529526594745e-06,0.39960773093300916,0.6894454614088317,0.04770009743309511,19008,75,5,30,1234,4,FOMC_easing,VDC,calendar,2min,120,False,10,1423,5,0.9490567707475556
9,kalshi_leads_etf,1.481682857133433e-06,0.7792895717902482,0.4358091562083226,0.04770009743309511,19008,75,5,30,1234,4,FOMC_easing,VDC,calendar,2min,120,False,10,1423,5,0.9490567707475556
10,kalshi_leads_etf,-5.140620487295394e-07,-0.23788533190606453,0.8119700324343989,0.04770009743309511,19008,75,5,30,1234,4,FOMC_easing,VDC,calendar,2min,120,False,10,1423,5,0.9490567707475556
-10,etf_leads_kalshi,1.048012995499164e-05,1.435612709083282,0.15111257630724637,0.04030913957118798,6069,75,5,28,816,2,FOMC_easing,VDC,calendar,5min,300,False,10,1197,5,0.4533377289217391
-9,etf_leads_kalshi,2.7100470339315564e-06,0.25902684981159974,0.7956145241378629,0.04030913957118798,6069,75,5,28,816,2,FOMC_easing,VDC,calendar,5min,300,False,10,1197,5,0.8457815053973546
-8,etf_leads_kalshi,2.0055778099927368e-06,0.23674405792629383,0.8128553530947513,0.04030913957118798,6069,75,5,28,816,2,FOMC_easing,VDC,calendar,5min,300,False,10,1197,5,0.8457815053973546
-7,etf_leads_kalshi,6.868385341746068e-06,1.3292200194430237,0.18377539216661376,0.04030913957118798,6069,75,5,28,816,2,FOMC_easing,VDC,calendar,5min,300,False,10,1197,5,0.4646012891304226
-6,etf_leads_kalshi,1.4246804623891165e-05,1.711528803558946,0.08698353866143763,0.04030913957118798,6069,75,5,28,816,2,FOMC_easing,VDC,calendar,5min,300,False,10,1197,5,0.3920810765761248
-5,etf_leads_kalshi,1.3374832371768685e-05,2.9536198570994476,0.0031407062075868046,0.04030913957118798,6069,75,5,28,816,2,FOMC_easing,VDC,calendar,5min,300,False,10,1197,5,0.0659548303593229
-4,etf_leads_kalshi,2.5584013262269636e-06,0.4619527643178762,0.6441151944277527,0.04030913957118798,6069,75,5,28,816,2,FOMC_easing,VDC,calendar,5min,300,False,10,1197,5,0.8457815053973546
-3,etf_leads_kalshi,-2.273965446758159e-06,-0.4634592648522422,0.643035206806394,0.04030913957118798,6069,75,5,28,816,2,FOMC_easing,VDC,calendar,5min,300,False,10,1197,5,0.8457815053973546
-2,etf_leads_kalshi,2.8089171797001215e-06,0.42033660211692053,0.6742395747041902,0.04030913957118798,6069,75,5,28,816,2,FOMC_easing,VDC,calendar,5min,300,False,10,1197,5,0.8457815053973546
-1,etf_leads_kalshi,-1.4085390006088075e-05,-2.0654819414902286,0.038877422471226955,0.04030913957118798,6069,75,5,28,816,2,FOMC_easing,VDC,calendar,5min,300,False,10,1197,5,0.3920810765761248
0,contemp,-4.788832059798568e-06,-0.5848783012098521,0.5586295497815958,0.04030913957118798,6069,75,5,28,816,2,FOMC_easing,VDC,calendar,5min,300,False,10,1197,5,0.8457815053973546
1,kalshi_leads_etf,2.196254067023861e-06,0.3788021304313019,0.7048348052193498,0.04030913957118798,6069,75,5,28,816,2,FOMC_easing,VDC,calendar,5min,300,False,10,1197,5,0.8457815053973546
2,kalshi_leads_etf,-1.4201280313152776e-06,-0.194503691664526,0.8457815053973546,0.04030913957118798,6069,75,5,28,816,2,FOMC_easing,VDC,calendar,5min,300,False,10,1197,5,0.8457815053973546
3,kalshi_leads_etf,7.639371991206438e-06,1.0174460165833168,0.3089413006501853,0.04030913957118798,6069,75,5,28,816,2,FOMC_easing,VDC,calendar,5min,300,False,10,1197,5,0.6487767313653893
4,kalshi_leads_etf,1.415247628105995e-06,0.20744795793898008,0.8356600320774276,0.04030913957118798,6069,75,5,28,816,2,FOMC_easing,VDC,calendar,5min,300,False,10,1197,5,0.8457815053973546
5,kalshi_leads_etf,-2.853709785626587e-06,-0.6326077031532833,0.5269898554655785,0.04030913957118798,6069,75,5,28,816,2,FOMC_easing,VDC,calendar,5min,300,False,10,1197,5,0.8457815053973546
6,kalshi_leads_etf,3.7053959145338462e-06,0.6808218757785804,0.4959842062730171,0.04030913957118798,6069,75,5,28,816,2,FOMC_easing,VDC,calendar,5min,300,False,10,1197,5,0.8457815053973546
7,kalshi_leads_etf,-9.30987330720606e-06,-1.6779716311716206,0.09335263728002971,0.04030913957118798,6069,75,5,28,816,2,FOMC_easing,VDC,calendar,5min,300,False,10,1197,5,0.3920810765761248
8,kalshi_leads_etf,-7.362912774752636e-06,-1.53442014274211,0.12492632534946971,0.04030913957118798,6069,75,5,28,816,2,FOMC_easing,VDC,calendar,5min,300,False,10,1197,5,0.437242138723144
9,kalshi_leads_etf,-8.602057129121785e-06,-1.795162911633554,0.07262774769807996,0.04030913957118798,6069,75,5,28,816,2,FOMC_easing,VDC,calendar,5min,300,False,10,1197,5,0.3920810765761248
10,kalshi_leads_etf,-6.513228981212882e-06,-1.2840775046646988,0.19911483819875253,0.04030913957118798,6069,75,5,28,816,2,FOMC_easing,VDC,calendar,5min,300,False,10,1197,5,0.4646012891304226
-10,etf_leads_kalshi,3.1168381319800135e-05,2.0821577042290205,0.03732806719371303,0.03216346883272225,1790,71,5,27,417,1,FOMC_easing,VDC,calendar,10min,600,True,10,978,5,0.19597235276699343
-9,etf_leads_kalshi,-9.87060112017132e-06,-0.6039788622978842,0.5458576955848786,0.03216346883272225,1790,71,5,27,417,1,FOMC_easing,VDC,calendar,10min,600,True,10,978,5,0.6709565317700288
-8,etf_leads_kalshi,1.2209616873072134e-05,0.5921912677223853,0.553722516194983,0.03216346883272225,1790,71,5,27,417,1,FOMC_easing,VDC,calendar,10min,600,True,10,978,5,0.6709565317700288
-7,etf_leads_kalshi,1.809633918249513e-05,0.9347254419587526,0.34992981180235727,0.03216346883272225,1790,71,5,27,417,1,FOMC_easing,VDC,calendar,10min,600,True,10,978,5,0.6709565317700288
-6,etf_leads_kalshi,-1.3544965410698425e-05,-0.6625814315125996,0.5075986657017155,0.03216346883272225,1790,71,5,27,417,1,FOMC_easing,VDC,calendar,10min,600,True,10,978,5,0.6709565317700288
-5,etf_leads_kalshi,-3.109768721954418e-05,-2.2253365481213674,0.02605865366839457,0.03216346883272225,1790,71,5,27,417,1,FOMC_easing,VDC,calendar,10min,600,True,10,978,5,0.19597235276699343
-4,etf_leads_kalshi,1.2910030840770194e-05,0.6218581616676189,0.5340351380245827,0.03216346883272225,1790,71,5,27,417,1,FOMC_easing,VDC,calendar,10min,600,True,10,978,5,0.6709565317700288
-3,etf_leads_kalshi,1.75671903052001e-05,1.063918194456221,0.28736575994986924,0.03216346883272225,1790,71,5,27,417,1,FOMC_easing,VDC,calendar,10min,600,True,10,978,5,0.6709565317700288
-2,etf_leads_kalshi,5.351032769007919e-06,0.46450624531452817,0.6422850860792959,0.03216346883272225,1790,71,5,27,417,1,FOMC_easing,VDC,calendar,10min,600,True,10,978,5,0.7098940425086955
-1,etf_leads_kalshi,-1.5248966882740993e-05,-1.0070975556175563,0.31388789575733866,0.03216346883272225,1790,71,5,27,417,1,FOMC_easing,VDC,calendar,10min,600,True,10,978,5,0.6709565317700288
0,contemp,-1.80207556650038e-05,-1.191530114773167,0.23344554163491416,0.03216346883272225,1790,71,5,27,417,1,FOMC_easing,VDC,calendar,10min,600,True,10,978,5,0.6709565317700288
1,kalshi_leads_etf,-2.8881710495558793e-05,-2.1653211713225384,0.03036309814098624,0.03216346883272225,1790,71,5,27,417,1,FOMC_easing,VDC,calendar,10min,600,True,10,978,5,0.19597235276699343
2,kalshi_leads_etf,-3.58009088263617e-06,-0.1744429235627226,0.8615173832913,0.03216346883272225,1790,71,5,27,417,1,FOMC_easing,VDC,calendar,10min,600,True,10,978,5,0.9045932524558651
3,kalshi_leads_etf,-1.6964306686313927e-05,-1.6629334457235148,0.09632575856591725,0.03216346883272225,1790,71,5,27,417,1,FOMC_easing,VDC,calendar,10min,600,True,10,978,5,0.4045681859768525
4,kalshi_leads_etf,-2.881844165662691e-05,-2.288994880857038,0.022079649821125334,0.03216346883272225,1790,71,5,27,417,1,FOMC_easing,VDC,calendar,10min,600,True,10,978,5,0.19597235276699343
5,kalshi_leads_etf,-2.3118736304722283e-05,-1.347310456286618,0.17788026587949413,0.03216346883272225,1790,71,5,27,417,1,FOMC_easing,VDC,calendar,10min,600,True,10,978,5,0.6225809305782295
6,kalshi_leads_etf,6.062760231830008e-06,0.694731845419048,0.487223366915984,0.03216346883272225,1790,71,5,27,417,1,FOMC_easing,VDC,calendar,10min,600,True,10,978,5,0.6709565317700288
7,kalshi_leads_etf,4.509746764810337e-06,0.5605481616412444,0.5751055986600246,0.03216346883272225,1790,71,5,27,417,1,FOMC_easing,VDC,calendar,10min,600,True,10,978,5,0.6709565317700288
8,kalshi_leads_etf,9.477192354538187e-07,0.07940092156393945,0.9367137356555608,0.03216346883272225,1790,71,5,27,417,1,FOMC_easing,VDC,calendar,10min,600,True,10,978,5,0.9367137356555608
9,kalshi_leads_etf,6.909200837727196e-06,0.5801589752668279,0.5618074161968767,0.03216346883272225,1790,71,5,27,417,1,FOMC_easing,VDC,calendar,10min,600,True,10,978,5,0.6709565317700288
10,kalshi_leads_etf,9.480146588608462e-06,0.7263906567911095,0.46759931729818405,0.03216346883272225,1790,71,5,27,417,1,FOMC_easing,VDC,calendar,10min,600,True,10,978,5,0.6709565317700288
-10,etf_leads_kalshi,-6.938470311468608e-07,-0.8696462473177198,0.38449375585593126,0.03397902612201131,83764,75,5,28,1566,2,FOMC_easing,VDE,calendar,30s,30,False,10,1620,5,0.897152096997173
-9,etf_leads_kalshi,6.406799643013599e-07,0.45209816993403507,0.6511982620135719,0.03397902612201131,83764,75,5,28,1566,2,FOMC_easing,VDE,calendar,30s,30,False,10,1620,5,0.946360908013037
-8,etf_leads_kalshi,-6.133506347054317e-07,-0.4697338138293223,0.6385452063424208,0.03397902612201131,83764,75,5,28,1566,2,FOMC_easing,VDE,calendar,30s,30,False,10,1620,5,0.946360908013037
-7,etf_leads_kalshi,-2.274416725119162e-06,-1.5085108616670853,0.13142382889048793,0.03397902612201131,83764,75,5,28,1566,2,FOMC_easing,VDE,calendar,30s,30,False,10,1620,5,0.45998340111670777
-6,etf_leads_kalshi,-3.0282726253483565e-07,-0.28507521365409944,0.7755865191312998,0.03397902612201131,83764,75,5,28,1566,2,FOMC_easing,VDE,calendar,30s,30,False,10,1620,5,0.946360908013037
-5,etf_leads_kalshi,2.031691377140473e-06,2.6708255902405384,0.007566495031410332,0.03397902612201131,83764,75,5,28,1566,2,FOMC_easing,VDE,calendar,30s,30,False,10,1620,5,0.0794481978298085
-4,etf_leads_kalshi,-1.3030499977454895e-07,-0.12402421426324847,0.901296102869559,0.03397902612201131,83764,75,5,28,1566,2,FOMC_easing,VDE,calendar,30s,30,False,10,1620,5,0.946360908013037
-3,etf_leads_kalshi,4.2366045817227834e-07,0.5508518758374175,0.5817352193380687,0.03397902612201131,83764,75,5,28,1566,2,FOMC_easing,VDE,calendar,30s,30,False,10,1620,5,0.946360908013037
-2,etf_leads_kalshi,5.1807478395692e-07,0.3625222658511666,0.7169617877522105,0.03397902612201131,83764,75,5,28,1566,2,FOMC_easing,VDE,calendar,30s,30,False,10,1620,5,0.946360908013037
-1,etf_leads_kalshi,-9.04897994157489e-09,-0.0048478400328228035,0.9961319984352485,0.03397902612201131,83764,75,5,28,1566,2,FOMC_easing,VDE,calendar,30s,30,False,10,1620,5,0.9961319984352485
0,contemp,-4.0219869925903213e-07,-0.28536756014952924,0.7753625579472659,0.03397902612201131,83764,75,5,28,1566,2,FOMC_easing,VDE,calendar,30s,30,False,10,1620,5,0.946360908013037
1,kalshi_leads_etf,-2.041604255578127e-06,-1.7089334775688245,0.08746327243931465,0.03397902612201131,83764,75,5,28,1566,2,FOMC_easing,VDE,calendar,30s,30,False,10,1620,5,0.36734574424512156
2,kalshi_leads_etf,-1.8596750097668776e-06,-1.7685180674631367,0.07697433445574672,0.03397902612201131,83764,75,5,28,1566,2,FOMC_easing,VDE,calendar,30s,30,False,10,1620,5,0.36734574424512156
3,kalshi_leads_etf,1.1690967300431281e-06,0.7815894663056213,0.43445587942445163,0.03397902612201131,83764,75,5,28,1566,2,FOMC_easing,VDE,calendar,30s,30,False,10,1620,5,0.9123573467913485
4,kalshi_leads_etf,-1.60287105027061e-07,-0.15848273637311625,0.8740764231229882,0.03397902612201131,83764,75,5,28,1566,2,FOMC_easing,VDE,calendar,30s,30,False,10,1620,5,0.946360908013037
5,kalshi_leads_etf,2.7499362161615777e-07,0.3377025822621996,0.7355873286100176,0.03397902612201131,83764,75,5,28,1566,2,FOMC_easing,VDE,calendar,30s,30,False,10,1620,5,0.946360908013037
6,kalshi_leads_etf,1.999835038881382e-07,0.22563399697867026,0.821486096863315,0.03397902612201131,83764,75,5,28,1566,2,FOMC_easing,VDE,calendar,30s,30,False,10,1620,5,0.946360908013037
7,kalshi_leads_etf,2.7058788590723856e-06,2.529437615031202,0.011424548194831047,0.03397902612201131,83764,75,5,28,1566,2,FOMC_easing,VDE,calendar,30s,30,False,10,1620,5,0.07997183736381733
8,kalshi_leads_etf,-1.9428438108481533e-06,-2.82616270042654,0.004710932917610302,0.03397902612201131,83764,75,5,28,1566,2,FOMC_easing,VDE,calendar,30s,30,False,10,1620,5,0.0794481978298085
9,kalshi_leads_etf,1.0095154247501892e-06,1.26380807253042,0.2062989230451716,0.03397902612201131,83764,75,5,28,1566,2,FOMC_easing,VDE,calendar,30s,30,False,10,1620,5,0.6188967691355148
10,kalshi_leads_etf,-1.2553738543607055e-06,-1.0419101109972144,0.2974533559335044,0.03397902612201131,83764,75,5,28,1566,2,FOMC_easing,VDE,calendar,30s,30,False,10,1620,5,0.7808150593254491
-10,etf_leads_kalshi,2.448035662069321e-06,1.3944760046850992,0.16317391057154162,0.0335386344134978,40590,75,5,27,1453,1,FOMC_easing,VDE,calendar,1min,60,False,10,1550,5,0.4895217317146249
-9,etf_leads_kalshi,3.974835922379361e-06,1.955097587984187,0.050571552914310564,0.0335386344134978,40590,75,5,27,1453,1,FOMC_easing,VDE,calendar,1min,60,False,10,1550,5,0.4290070417249398
-8,etf_leads_kalshi,4.3095659467033157e-07,0.21454583280409076,0.8301214295299391,0.0335386344134978,40590,75,5,27,1453,1,FOMC_easing,VDE,calendar,1min,60,False,10,1550,5,0.871627501006436
-7,etf_leads_kalshi,2.996177818377212e-06,1.258728829369762,0.2081282946016576,0.0335386344134978,40590,75,5,27,1453,1,FOMC_easing,VDE,calendar,1min,60,False,10,1550,5,0.5463367733293513
-6,etf_leads_kalshi,2.125108812613099e-06,0.6636260807026485,0.5069296605699283,0.0335386344134978,40590,75,5,27,1453,1,FOMC_easing,VDE,calendar,1min,60,False,10,1550,5,0.8647435825338464
-5,etf_leads_kalshi,-3.839466031692286e-06,-3.2914335365975034,0.0009967816737965628,0.0335386344134978,40590,75,5,27,1453,1,FOMC_easing,VDE,calendar,1min,60,False,10,1550,5,0.02093241514972782
-4,etf_leads_kalshi,3.814024027766362e-07,0.3300454274835209,0.7413656373079736,0.0335386344134978,40590,75,5,27,1453,1,FOMC_easing,VDE,calendar,1min,60,False,10,1550,5,0.8647435825338464
-3,etf_leads_kalshi,-3.187390999666126e-06,-1.610826417968418,0.10721756136778585,0.0335386344134978,40590,75,5,27,1453,1,FOMC_easing,VDE,calendar,1min,60,False,10,1550,5,0.4290070417249398
-2,etf_leads_kalshi,2.8775861134630552e-06,1.7436819300005049,0.08121456800073001,0.0335386344134978,40590,75,5,27,1453,1,FOMC_easing,VDE,calendar,1min,60,False,10,1550,5,0.4290070417249398
-1,etf_leads_kalshi,-1.2293576645499037e-06,-0.424264724323201,0.6713727624616055,0.0335386344134978,40590,75,5,27,1453,1,FOMC_easing,VDE,calendar,1min,60,False,10,1550,5,0.8647435825338464
0,contemp,-1.3143219533276761e-07,-0.04079964917789057,0.967455619042952,0.0335386344134978,40590,75,5,27,1453,1,FOMC_easing,VDE,calendar,1min,60,False,10,1550,5,0.967455619042952
1,kalshi_leads_etf,-2.4856690238308416e-06,-1.5440614755529793,0.12257344049283994,0.0335386344134978,40590,75,5,27,1453,1,FOMC_easing,VDE,calendar,1min,60,False,10,1550,5,0.4290070417249398
2,kalshi_leads_etf,6.513258733324389e-07,0.4733812439924547,0.6359412086986703,0.0335386344134978,40590,75,5,27,1453,1,FOMC_easing,VDE,calendar,1min,60,False,10,1550,5,0.8647435825338464
3,kalshi_leads_etf,5.810362286033396e-07,0.27620964342509924,0.7823870508639563,0.0335386344134978,40590,75,5,27,1453,1,FOMC_easing,VDE,calendar,1min,60,False,10,1550,5,0.8647435825338464
4,kalshi_leads_etf,1.224879953109135e-06,0.871484768178074,0.38348951907634155,0.0335386344134978,40590,75,5,27,1453,1,FOMC_easing,VDE,calendar,1min,60,False,10,1550,5,0.8647435825338464
5,kalshi_leads_etf,7.150189866611046e-07,0.48163249537765435,0.6300670378144227,0.0335386344134978,40590,75,5,27,1453,1,FOMC_easing,VDE,calendar,1min,60,False,10,1550,5,0.8647435825338464
6,kalshi_leads_etf,2.4025870730003287e-06,0.6874982082295604,0.49176882948175815,0.0335386344134978,40590,75,5,27,1453,1,FOMC_easing,VDE,calendar,1min,60,False,10,1550,5,0.8647435825338464
7,kalshi_leads_etf,9.882393893280637e-07,0.5721596754634556,0.567213803537358,0.0335386344134978,40590,75,5,27,1453,1,FOMC_easing,VDE,calendar,1min,60,False,10,1550,5,0.8647435825338464
8,kalshi_leads_etf,-7.612654260798522e-07,-0.3388579450288277,0.734716747016136,0.0335386344134978,40590,75,5,27,1453,1,FOMC_easing,VDE,calendar,1min,60,False,10,1550,5,0.8647435825338464
9,kalshi_leads_etf,4.7807095561375016e-06,1.6482207311038728,0.0993073841845035,0.0335386344134978,40590,75,5,27,1453,1,FOMC_easing,VDE,calendar,1min,60,False,10,1550,5,0.4290070417249398
10,kalshi_leads_etf,-2.7035441587897802e-06,-0.561561392927818,0.5744148906430133,0.0335386344134978,40590,75,5,27,1453,1,FOMC_easing,VDE,calendar,1min,60,False,10,1550,5,0.8647435825338464
-10,etf_leads_kalshi,-3.002737963158685e-06,-0.8226267220482628,0.4107202978170671,0.03562034361794475,19008,75,5,28,1234,2,FOMC_easing,VDE,calendar,2min,120,False,10,1423,5,0.8101186638168099
-9,etf_leads_kalshi,-3.4301260335222105e-06,-0.9804921956278854,0.3268432201468032,0.03562034361794475,19008,75,5,28,1234,2,FOMC_easing,VDE,calendar,2min,120,False,10,1423,5,0.8101186638168099
-8,etf_leads_kalshi,-2.5002555017038834e-06,-0.6724941722962202,0.5012691489126078,0.03562034361794475,19008,75,5,28,1234,2,FOMC_easing,VDE,calendar,2min,120,False,10,1423,5,0.8101186638168099
-7,etf_leads_kalshi,-6.514135765098764e-06,-1.918433513150834,0.05505606503004646,0.03562034361794475,19008,75,5,28,1234,2,FOMC_easing,VDE,calendar,2min,120,False,10,1423,5,0.3853924552103252
-6,etf_leads_kalshi,-2.473572464561222e-06,-0.9332055123796704,0.3507138691475127,0.03562034361794475,19008,75,5,28,1234,2,FOMC_easing,VDE,calendar,2min,120,False,10,1423,5,0.8101186638168099
-5,etf_leads_kalshi,8.764184019587822e-07,0.2787252005311897,0.7804557213922131,0.03562034361794475,19008,75,5,28,1234,2,FOMC_easing,VDE,calendar,2min,120,False,10,1423,5,0.8101186638168099
-4,etf_leads_kalshi,6.7696558633682885e-06,1.3419592507272058,0.17960920853618834,0.03562034361794475,19008,75,5,28,1234,2,FOMC_easing,VDE,calendar,2min,120,False,10,1423,5,0.6286322298766592
-3,etf_leads_kalshi,4.5059351918360365e-06,0.6356941796031425,0.5249757707946288,0.03562034361794475,19008,75,5,28,1234,2,FOMC_easing,VDE,calendar,2min,120,False,10,1423,5,0.8101186638168099
-2,etf_leads_kalshi,-4.053155960917141e-06,-1.7844866408428621,0.07434462366835708,0.03562034361794475,19008,75,5,28,1234,2,FOMC_easing,VDE,calendar,2min,120,False,10,1423,5,0.3903092742588747
-1,etf_leads_kalshi,-2.2316448449775035e-06,-0.3902072816660115,0.6963832775836853,0.03562034361794475,19008,75,5,28,1234,2,FOMC_easing,VDE,calendar,2min,120,False,10,1423,5,0.8101186638168099
0,contemp,2.091317026112416e-06,0.5128907736849707,0.6080277276819586,0.03562034361794475,19008,75,5,28,1234,2,FOMC_easing,VDE,calendar,2min,120,False,10,1423,5,0.8101186638168099
1,kalshi_leads_etf,-6.211099300546696e-06,-2.6553409403137698,0.007922828768230106,0.03562034361794475,19008,75,5,28,1234,2,FOMC_easing,VDE,calendar,2min,120,False,10,1423,5,0.094156248172046
2,kalshi_leads_etf,1.2128569188596638e-06,0.3446610765325253,0.7303491834697841,0.03562034361794475,19008,75,5,28,1234,2,FOMC_easing,VDE,calendar,2min,120,False,10,1423,5,0.8101186638168099
3,kalshi_leads_etf,7.987487810663469e-06,0.9214312248641439,0.3568253327682248,0.03562034361794475,19008,75,5,28,1234,2,FOMC_easing,VDE,calendar,2min,120,False,10,1423,5,0.8101186638168099
4,kalshi_leads_etf,-2.454586274791666e-06,-0.4191928878583981,0.6750751694557429,0.03562034361794475,19008,75,5,28,1234,2,FOMC_easing,VDE,calendar,2min,120,False,10,1423,5,0.8101186638168099
5,kalshi_leads_etf,-3.5566200849143555e-06,-0.43548791842971035,0.6632083065923262,0.03562034361794475,19008,75,5,28,1234,2,FOMC_easing,VDE,calendar,2min,120,False,10,1423,5,0.8101186638168099
6,kalshi_leads_etf,9.322396230737656e-07,0.27010545818549897,0.7870791231065404,0.03562034361794475,19008,75,5,28,1234,2,FOMC_easing,VDE,calendar,2min,120,False,10,1423,5,0.8101186638168099
7,kalshi_leads_etf,7.78317609711845e-06,2.6132997455518105,0.008967261730671047,0.03562034361794475,19008,75,5,28,1234,2,FOMC_easing,VDE,calendar,2min,120,False,10,1423,5,0.094156248172046
8,kalshi_leads_etf,-3.1464379949059937e-06,-0.5237011420047718,0.6004864212087031,0.03562034361794475,19008,75,5,28,1234,2,FOMC_easing,VDE,calendar,2min,120,False,10,1423,5,0.8101186638168099
9,kalshi_leads_etf,9.69861272926537e-07,0.24027294975569768,0.8101186638168099,0.03562034361794475,19008,75,5,28,1234,2,FOMC_easing,VDE,calendar,2min,120,False,10,1423,5,0.8101186638168099
10,kalshi_leads_etf,-4.943991929144861e-06,-1.5183525387833081,0.12892554954041788,0.03562034361794475,19008,75,5,28,1234,2,FOMC_easing,VDE,calendar,2min,120,False,10,1423,5,0.5414873080697551
-10,etf_leads_kalshi,-1.1867671343669684e-05,-1.2257048961915455,0.22030974704057993,0.03355609615824506,6069,75,5,28,816,2,FOMC_easing,VDE,calendar,5min,300,False,10,1197,5,0.4663174989203911
-9,etf_leads_kalshi,-1.2167583251788863e-05,-1.4964111929444472,0.13454653454221302,0.03355609615824506,6069,75,5,28,816,2,FOMC_easing,VDE,calendar,5min,300,False,10,1197,5,0.4663174989203911
-8,etf_leads_kalshi,-1.126951768847823e-06,-0.15711334042646471,0.8751555240165614,0.03355609615824506,6069,75,5,28,816,2,FOMC_easing,VDE,calendar,5min,300,False,10,1197,5,0.9389080431493001
-7,etf_leads_kalshi,-2.2294304188677207e-06,-0.2426210330599559,0.808298985955139,0.03355609615824506,6069,75,5,28,816,2,FOMC_easing,VDE,calendar,5min,300,False,10,1197,5,0.9389080431493001
-6,etf_leads_kalshi,-2.1007908014033003e-05,-1.9375519650954482,0.05267790767818907,0.03355609615824506,6069,75,5,28,816,2,FOMC_easing,VDE,calendar,5min,300,False,10,1197,5,0.36236560475274415
-5,etf_leads_kalshi,-1.604781093253895e-05,-2.164998738684167,0.03038778186523416,0.03355609615824506,6069,75,5,28,816,2,FOMC_easing,VDE,calendar,5min,300,False,10,1197,5,0.31907170958495873
-4,etf_leads_kalshi,-1.0819795071367294e-05,-1.1377799341817423,0.2552123857820122,0.03355609615824506,6069,75,5,28,816,2,FOMC_easing,VDE,calendar,5min,300,False,10,1197,5,0.48722364558384146
-3,etf_leads_kalshi,-1.5747636330645457e-05,-1.2482487169220602,0.2119399882514843,0.03355609615824506,6069,75,5,28,816,2,FOMC_easing,VDE,calendar,5min,300,False,10,1197,5,0.4663174989203911
-2,etf_leads_kalshi,2.628786478983844e-06,0.2663753913498465,0.789950115634386,0.03355609615824506,6069,75,5,28,816,2,FOMC_easing,VDE,calendar,5min,300,False,10,1197,5,0.9389080431493001
-1,etf_leads_kalshi,1.320561145015096e-05,1.352582834266849,0.17618893940414015,0.03355609615824506,6069,75,5,28,816,2,FOMC_easing,VDE,calendar,5min,300,False,10,1197,5,0.4663174989203911
0,contemp,-2.208187705624824e-06,-0.13299398649797778,0.8941981363326668,0.03355609615824506,6069,75,5,28,816,2,FOMC_easing,VDE,calendar,5min,300,False,10,1197,5,0.9389080431493001
1,kalshi_leads_etf,-7.906829844487194e-06,-0.5735840271005402,0.5662493231388208,0.03355609615824506,6069,75,5,28,816,2,FOMC_easing,VDE,calendar,5min,300,False,10,1197,5,0.9389080431493001
2,kalshi_leads_etf,-9.616683801371143e-06,-0.5247582825263671,0.5997512354951413,0.03355609615824506,6069,75,5,28,816,2,FOMC_easing,VDE,calendar,5min,300,False,10,1197,5,0.9389080431493001
3,kalshi_leads_etf,3.3986745858952615e-06,0.24954638362744652,0.8029381664908886,0.03355609615824506,6069,75,5,28,816,2,FOMC_easing,VDE,calendar,5min,300,False,10,1197,5,0.9389080431493001
4,kalshi_leads_etf,-3.0962069758683613e-06,-0.26193152035693,0.7933742380151184,0.03355609615824506,6069,75,5,28,816,2,FOMC_easing,VDE,calendar,5min,300,False,10,1197,5,0.9389080431493001
5,kalshi_leads_etf,-6.981263766086263e-07,-0.05067078716944033,0.9595878551967079,0.03355609615824506,6069,75,5,28,816,2,FOMC_easing,VDE,calendar,5min,300,False,10,1197,5,0.9595878551967079
6,kalshi_leads_etf,-9.305586275786444e-06,-1.6947916408127313,0.09011495379850187,0.03355609615824506,6069,75,5,28,816,2,FOMC_easing,VDE,calendar,5min,300,False,10,1197,5,0.37848280595370787
7,kalshi_leads_etf,-2.9297537630452125e-06,-0.4143605325792813,0.678610088558823,0.03355609615824506,6069,75,5,28,816,2,FOMC_easing,VDE,calendar,5min,300,False,10,1197,5,0.9389080431493001
8,kalshi_leads_etf,-1.7737613135834164e-05,-3.328566131231109,0.0008729427765828929,0.03355609615824506,6069,75,5,28,816,2,FOMC_easing,VDE,calendar,5min,300,False,10,1197,5,0.018331798308240752
9,kalshi_leads_etf,-1.662536090421691e-05,-1.8182756015692914,0.06902201995290365,0.03355609615824506,6069,75,5,28,816,2,FOMC_easing,VDE,calendar,5min,300,False,10,1197,5,0.36236560475274415
10,kalshi_leads_etf,-9.63671712399494e-06,-1.2210794175444508,0.2220559518668529,0.03355609615824506,6069,75,5,28,816,2,FOMC_easing,VDE,calendar,5min,300,False,10,1197,5,0.4663174989203911
-10,etf_leads_kalshi,1.6470929808642443e-06,0.05812680256652226,0.9536476251212255,0.016144828690440205,1790,71,5,26,417,0,FOMC_easing,VDE,calendar,10min,600,True,10,978,5,0.9536476251212255
-9,etf_leads_kalshi,3.2677905946365476e-06,0.10125656221870265,0.9193467972350288,0.016144828690440205,1790,71,5,26,417,0,FOMC_easing,VDE,calendar,10min,600,True,10,978,5,0.9536476251212255
-8,etf_leads_kalshi,-4.024743458796823e-06,-0.16113150104753457,0.8719898301578289,0.016144828690440205,1790,71,5,26,417,0,FOMC_easing,VDE,calendar,10min,600,True,10,978,5,0.9536476251212255
-7,etf_leads_kalshi,-6.053823983217446e-06,-0.2443937754896291,0.8069258620881602,0.016144828690440205,1790,71,5,26,417,0,FOMC_easing,VDE,calendar,10min,600,True,10,978,5,0.9536476251212255
-6,etf_leads_kalshi,-3.646878461367615e-05,-1.2609264045766841,0.20733536391915397,0.016144828690440205,1790,71,5,26,417,0,FOMC_easing,VDE,calendar,10min,600,True,10,978,5,0.4354042642302234
-5,etf_leads_kalshi,-4.513429955894922e-05,-1.885626352328592,0.059345323678027556,0.016144828690440205,1790,71,5,26,417,0,FOMC_easing,VDE,calendar,10min,600,True,10,978,5,0.20770863287309646
-4,etf_leads_kalshi,-3.3181831381067695e-05,-1.4891148390100148,0.1364571309017717,0.016144828690440205,1790,71,5,26,417,0,FOMC_easing,VDE,calendar,10min,600,True,10,978,5,0.32837726728709926
-3,etf_leads_kalshi,-2.8646104596825175e-06,-0.13483254230545447,0.8927442757283395,0.016144828690440205,1790,71,5,26,417,0,FOMC_easing,VDE,calendar,10min,600,True,10,978,5,0.9536476251212255
-2,etf_leads_kalshi,-5.651914419669522e-05,-2.1597153471192234,0.03079471237958906,0.016144828690440205,1790,71,5,26,417,0,FOMC_easing,VDE,calendar,10min,600,True,10,978,5,0.16167223999284258
-1,etf_leads_kalshi,-1.5961402549922204e-05,-0.6769486584910308,0.49843852988673043,0.016144828690440205,1790,71,5,26,417,0,FOMC_easing,VDE,calendar,10min,600,True,10,978,5,0.8722674273017783
0,contemp,-5.779155251337875e-05,-2.534015427193072,0.011276376714911546,0.016144828690440205,1790,71,5,26,417,0,FOMC_easing,VDE,calendar,10min,600,True,10,978,5,0.11840195550657125
1,kalshi_leads_etf,-7.264580890889342e-05,-2.064733060671609,0.03894826461526076,0.016144828690440205,1790,71,5,26,417,0,FOMC_easing,VDE,calendar,10min,600,True,10,978,5,0.16358271138409522
2,kalshi_leads_etf,-1.066262582956678e-05,-0.32382771737851207,0.7460684705105305,0.016144828690440205,1790,71,5,26,417,0,FOMC_easing,VDE,calendar,10min,600,True,10,978,5,0.9536476251212255
3,kalshi_leads_etf,-3.663582192941558e-05,-2.2304761729726903,0.025715847560630233,0.016144828690440205,1790,71,5,26,417,0,FOMC_easing,VDE,calendar,10min,600,True,10,978,5,0.16167223999284258
4,kalshi_leads_etf,-5.401931744460838e-05,-3.3586341915947986,0.0007832868037884816,0.016144828690440205,1790,71,5,26,417,0,FOMC_easing,VDE,calendar,10min,600,True,10,978,5,0.016449022879558114
5,kalshi_leads_etf,-3.122631440206965e-05,-1.5187298782803516,0.12883050265895282,0.016144828690440205,1790,71,5,26,417,0,FOMC_easing,VDE,calendar,10min,600,True,10,978,5,0.32837726728709926
6,kalshi_leads_etf,-3.495744533308029e-05,-1.4730664660105253,0.14073311455161397,0.016144828690440205,1790,71,5,26,417,0,FOMC_easing,VDE,calendar,10min,600,True,10,978,5,0.32837726728709926
7,kalshi_leads_etf,-3.068808104845951e-06,-0.15933658453450358,0.873403698640547,0.016144828690440205,1790,71,5,26,417,0,FOMC_easing,VDE,calendar,10min,600,True,10,978,5,0.9536476251212255
8,kalshi_leads_etf,9.998191194955953e-06,0.432274355179529,0.6655420235234104,0.016144828690440205,1790,71,5,26,417,0,FOMC_easing,VDE,calendar,10min,600,True,10,978,5,0.9536476251212255
9,kalshi_leads_etf,1.5487621111107695e-05,0.9746305042396253,0.32974357670963783,0.016144828690440205,1790,71,5,26,417,0,FOMC_easing,VDE,calendar,10min,600,True,10,978,5,0.6295104646274904
10,kalshi_leads_etf,-1.7473378556589433e-06,-0.13844536239637703,0.8898884481583432,0.016144828690440205,1790,71,5,26,417,0,FOMC_easing,VDE,calendar,10min,600,True,10,978,5,0.9536476251212255
-10,etf_leads_kalshi,-6.267422015722301e-07,-0.8379432036762083,0.40206260273422456,0.03647782602526206,83764,75,5,30,1566,4,FOMC_easing,VFH,calendar,30s,30,False,10,1620,5,0.7036095547848931
-9,etf_leads_kalshi,-1.995528361059794e-07,-0.4019230080909129,0.6877406893325779,0.03647782602526206,83764,75,5,30,1566,4,FOMC_easing,VFH,calendar,30s,30,False,10,1620,5,0.7601344461044283
-8,etf_leads_kalshi,-1.446038671071037e-06,-2.1805363826989392,0.029217724983022435,0.03647782602526206,83764,75,5,30,1566,4,FOMC_easing,VFH,calendar,30s,30,False,10,1620,5,0.20452407488115706
-7,etf_leads_kalshi,1.0793244841452165e-06,1.3338612782678254,0.18224932382101267,0.03647782602526206,83764,75,5,30,1566,4,FOMC_easing,VFH,calendar,30s,30,False,10,1620,5,0.7036095547848931
-6,etf_leads_kalshi,4.2896774053895115e-07,0.45867826265235556,0.6464652260952295,0.03647782602526206,83764,75,5,30,1566,4,FOMC_easing,VFH,calendar,30s,30,False,10,1620,5,0.7601344461044283
-5,etf_leads_kalshi,7.47001892238179e-07,1.3616931162519208,0.1732947546089969,0.03647782602526206,83764,75,5,30,1566,4,FOMC_easing,VFH,calendar,30s,30,False,10,1620,5,0.7036095547848931
-4,etf_leads_kalshi,7.296993311583725e-07,0.8433142957313614,0.39905268966584806,0.03647782602526206,83764,75,5,30,1566,4,FOMC_easing,VFH,calendar,30s,30,False,10,1620,5,0.7036095547848931
-3,etf_leads_kalshi,1.539683700077623e-06,3.1774526129068956,0.0014857496746166494,0.03647782602526206,83764,75,5,30,1566,4,FOMC_easing,VFH,calendar,30s,30,False,10,1620,5,0.015600371583474819
-2,etf_leads_kalshi,3.569909145869694e-07,0.2687854657032565,0.7880947785821673,0.03647782602526206,83764,75,5,30,1566,4,FOMC_easing,VFH,calendar,30s,30,False,10,1620,5,0.8274995175112757
-1,etf_leads_kalshi,-8.767062108512837e-07,-0.4390487798338106,0.6606261914168383,0.03647782602526206,83764,75,5,30,1566,4,FOMC_easing,VFH,calendar,30s,30,False,10,1620,5,0.7601344461044283
0,contemp,-1.166229902259822e-06,-0.8733983980609868,0.38244596386734353,0.03647782602526206,83764,75,5,30,1566,4,FOMC_easing,VFH,calendar,30s,30,False,10,1620,5,0.7036095547848931
1,kalshi_leads_etf,-9.55444799323274e-07,-0.6638376325855386,0.506794236795034,0.03647782602526206,83764,75,5,30,1566,4,FOMC_easing,VFH,calendar,30s,30,False,10,1620,5,0.7601344461044283
2,kalshi_leads_etf,1.2831494808471914e-07,0.178967303140436,0.8579633754701826,0.03647782602526206,83764,75,5,30,1566,4,FOMC_easing,VFH,calendar,30s,30,False,10,1620,5,0.8579633754701826
3,kalshi_leads_etf,1.1218666126168863e-06,0.8780137691082818,0.37993624652794156,0.03647782602526206,83764,75,5,30,1566,4,FOMC_easing,VFH,calendar,30s,30,False,10,1620,5,0.7036095547848931
4,kalshi_leads_etf,-4.0638353878749774e-07,-0.4134979623001397,0.6792418150538031,0.03647782602526206,83764,75,5,30,1566,4,FOMC_easing,VFH,calendar,30s,30,False,10,1620,5,0.7601344461044283
5,kalshi_leads_etf,5.029274403208171e-07,0.9711335240745047,0.3314817916659283,0.03647782602526206,83764,75,5,30,1566,4,FOMC_easing,VFH,calendar,30s,30,False,10,1620,5,0.7036095547848931
6,kalshi_leads_etf,5.979912405664092e-07,0.8918145111742217,0.37249236240813477,0.03647782602526206,83764,75,5,30,1566,4,FOMC_easing,VFH,calendar,30s,30,False,10,1620,5,0.7036095547848931
7,kalshi_leads_etf,1.6376447750534038e-06,3.420426379504758,0.000625230560971383,0.03647782602526206,83764,75,5,30,1566,4,FOMC_easing,VFH,calendar,30s,30,False,10,1620,5,0.013129841780399044
8,kalshi_leads_etf,-5.375007855056287e-07,-0.7315023930757093,0.46447234334982346,0.03647782602526206,83764,75,5,30,1566,4,FOMC_easing,VFH,calendar,30s,30,False,10,1620,5,0.7503014777189455
9,kalshi_leads_etf,5.2915396235007e-07,1.0007137798464114,0.3169652034893856,0.03647782602526206,83764,75,5,30,1566,4,FOMC_easing,VFH,calendar,30s,30,False,10,1620,5,0.7036095547848931
10,kalshi_leads_etf,-7.009349047633989e-07,-0.5754325881744721,0.5649987697145269,0.03647782602526206,83764,75,5,30,1566,4,FOMC_easing,VFH,calendar,30s,30,False,10,1620,5,0.7601344461044283
-10,etf_leads_kalshi,-9.885042227630789e-07,-0.7199999696540921,0.47152501424255444,0.040692977554875776,40590,75,5,28,1453,2,FOMC_easing,VFH,calendar,1min,60,False,10,1550,5,0.9367988726531199
-9,etf_leads_kalshi,2.930046364759937e-06,1.2086899760273373,0.22678197416728996,0.040692977554875776,40590,75,5,28,1453,2,FOMC_easing,VFH,calendar,1min,60,False,10,1550,5,0.9074691945265789
-8,etf_leads_kalshi,-7.036847696915422e-07,-0.4767978420388223,0.6335060825380421,0.040692977554875776,40590,75,5,28,1453,2,FOMC_easing,VFH,calendar,1min,60,False,10,1550,5,0.9367988726531199
-7,etf_leads_kalshi,1.84436071662036e-06,0.7010682696828177,0.48326041113104545,0.040692977554875776,40590,75,5,28,1453,2,FOMC_easing,VFH,calendar,1min,60,False,10,1550,5,0.9367988726531199
-6,etf_leads_kalshi,-1.0658731398042952e-07,-0.04099747346441735,0.9672979100537169,0.040692977554875776,40590,75,5,28,1453,2,FOMC_easing,VFH,calendar,1min,60,False,10,1550,5,0.9672979100537169
-5,etf_leads_kalshi,-7.699166496290812e-07,-0.5935096433012523,0.5528401312514035,0.040692977554875776,40590,75,5,28,1453,2,FOMC_easing,VFH,calendar,1min,60,False,10,1550,5,0.9367988726531199
-4,etf_leads_kalshi,-1.1903984488651528e-06,-1.199686725827323,0.23026103026480071,0.040692977554875776,40590,75,5,28,1453,2,FOMC_easing,VFH,calendar,1min,60,False,10,1550,5,0.9074691945265789
-3,etf_leads_kalshi,6.041309827516804e-07,0.2627595087962403,0.7927359464175888,0.040692977554875776,40590,75,5,28,1453,2,FOMC_easing,VFH,calendar,1min,60,False,10,1550,5,0.9672979100537169
-2,etf_leads_kalshi,1.4560574573938734e-06,1.132718762960974,0.25733237570833534,0.040692977554875776,40590,75,5,28,1453,2,FOMC_easing,VFH,calendar,1min,60,False,10,1550,5,0.9074691945265789
-1,etf_leads_kalshi,1.1221677135860535e-06,0.655782227008031,0.5119642534777613,0.040692977554875776,40590,75,5,28,1453,2,FOMC_easing,VFH,calendar,1min,60,False,10,1550,5,0.9367988726531199
0,contemp,-7.79548745950523e-07,-0.20123255116270228,0.8405167399148402,0.040692977554875776,40590,75,5,28,1453,2,FOMC_easing,VFH,calendar,1min,60,False,10,1550,5,0.9672979100537169
1,kalshi_leads_etf,1.4802766393388427e-07,0.11573959285421725,0.9078589265350019,0.040692977554875776,40590,75,5,28,1453,2,FOMC_easing,VFH,calendar,1min,60,False,10,1550,5,0.9672979100537169
2,kalshi_leads_etf,-9.080981297783803e-08,-0.05628289555141314,0.9551164446066136,0.040692977554875776,40590,75,5,28,1453,2,FOMC_easing,VFH,calendar,1min,60,False,10,1550,5,0.9672979100537169
3,kalshi_leads_etf,7.76333396624881e-07,0.5086453608990881,0.6110008275601487,0.040692977554875776,40590,75,5,28,1453,2,FOMC_easing,VFH,calendar,1min,60,False,10,1550,5,0.9367988726531199
4,kalshi_leads_etf,2.57197599503049e-06,1.5746469714800932,0.11533795433091909,0.040692977554875776,40590,75,5,28,1453,2,FOMC_easing,VFH,calendar,1min,60,False,10,1550,5,0.9074691945265789
5,kalshi_leads_etf,1.4018238004627578e-06,1.1607707827670988,0.2457351277498766,0.040692977554875776,40590,75,5,28,1453,2,FOMC_easing,VFH,calendar,1min,60,False,10,1550,5,0.9074691945265789
6,kalshi_leads_etf,1.9980794480202834e-06,0.6409670785796386,0.5215440725056466,0.040692977554875776,40590,75,5,28,1453,2,FOMC_easing,VFH,calendar,1min,60,False,10,1550,5,0.9367988726531199
7,kalshi_leads_etf,5.160666645512029e-07,0.4273257885648866,0.6691420518950857,0.040692977554875776,40590,75,5,28,1453,2,FOMC_easing,VFH,calendar,1min,60,False,10,1550,5,0.9367988726531199
8,kalshi_leads_etf,1.5243103331023909e-06,0.7448150812588191,0.45638351652507514,0.040692977554875776,40590,75,5,28,1453,2,FOMC_easing,VFH,calendar,1min,60,False,10,1550,5,0.9367988726531199
9,kalshi_leads_etf,-2.812169832489386e-07,-0.23224204548422206,0.8163500227773259,0.040692977554875776,40590,75,5,28,1453,2,FOMC_easing,VFH,calendar,1min,60,False,10,1550,5,0.9672979100537169
10,kalshi_leads_etf,-4.357029002190997e-06,-1.128101838698082,0.2592769127218797,0.040692977554875776,40590,75,5,28,1453,2,FOMC_easing,VFH,calendar,1min,60,False,10,1550,5,0.9074691945265789
-10,etf_leads_kalshi,6.456878193189747e-06,1.8669713622957367,0.061905587134437695,0.031044795663824676,19008,75,5,28,1234,2,FOMC_easing,VFH,calendar,2min,120,False,10,1423,5,0.4333391099410639
-9,etf_leads_kalshi,-4.5185358759503505e-06,-1.8985545034813096,0.05762307516120518,0.031044795663824676,19008,75,5,28,1234,2,FOMC_easing,VFH,calendar,2min,120,False,10,1423,5,0.4333391099410639
-8,etf_leads_kalshi,-4.2887775782993255e-07,-0.167324981460019,0.8671143488618054,0.031044795663824676,19008,75,5,28,1234,2,FOMC_easing,VFH,calendar,2min,120,False,10,1423,5,0.9429340285973974
-7,etf_leads_kalshi,-4.217669096851439e-06,-1.1177787124828293,0.26366151542006555,0.031044795663824676,19008,75,5,28,1234,2,FOMC_easing,VFH,calendar,2min,120,False,10,1423,5,0.5286396352220637
-6,etf_leads_kalshi,-3.335003077447697e-06,-1.241734140794024,0.2143346690375466,0.031044795663824676,19008,75,5,28,1234,2,FOMC_easing,VFH,calendar,2min,120,False,10,1423,5,0.5286396352220637
-5,etf_leads_kalshi,-3.213310137771106e-06,-1.3325509693475637,0.1826792044761968,0.031044795663824676,19008,75,5,28,1234,2,FOMC_easing,VFH,calendar,2min,120,False,10,1423,5,0.5286396352220637
-4,etf_leads_kalshi,4.3633968529536605e-06,0.8646744043158484,0.38721752183342195,0.031044795663824676,19008,75,5,28,1234,2,FOMC_easing,VFH,calendar,2min,120,False,10,1423,5,0.5808262827501329
-3,etf_leads_kalshi,1.5088379334849655e-06,0.2247160348317608,0.8222001896274069,0.031044795663824676,19008,75,5,28,1234,2,FOMC_easing,VFH,calendar,2min,120,False,10,1423,5,0.9429340285973974
-2,etf_leads_kalshi,-3.2490752420476275e-06,-1.5760041962750395,0.11502483614332981,0.031044795663824676,19008,75,5,28,1234,2,FOMC_easing,VFH,calendar,2min,120,False,10,1423,5,0.4831043118019852
-1,etf_leads_kalshi,-1.7529669551889664e-06,-0.3397687367163518,0.7340306932144901,0.031044795663824676,19008,75,5,28,1234,2,FOMC_easing,VFH,calendar,2min,120,False,10,1423,5,0.9429340285973974
0,contemp,6.709678681105853e-06,2.2427519988786844,0.024912811413821675,0.031044795663824676,19008,75,5,28,1234,2,FOMC_easing,VFH,calendar,2min,120,False,10,1423,5,0.4333391099410639
1,kalshi_leads_etf,1.5299606932264066e-07,0.045135282484558996,0.9639994787122386,0.031044795663824676,19008,75,5,28,1234,2,FOMC_easing,VFH,calendar,2min,120,False,10,1423,5,0.9639994787122386
2,kalshi_leads_etf,3.1947903345101537e-06,1.087294959287753,0.2769064755925096,0.031044795663824676,19008,75,5,28,1234,2,FOMC_easing,VFH,calendar,2min,120,False,10,1423,5,0.5286396352220637
3,kalshi_leads_etf,9.797763001387831e-06,1.316233213119115,0.1880957792819551,0.031044795663824676,19008,75,5,28,1234,2,FOMC_easing,VFH,calendar,2min,120,False,10,1423,5,0.5286396352220637
4,kalshi_leads_etf,-4.096284794783465e-06,-0.8929424308508459,0.3718880029262035,0.031044795663824676,19008,75,5,28,1234,2,FOMC_easing,VFH,calendar,2min,120,False,10,1423,5,0.5808262827501329
5,kalshi_leads_etf,-6.724720338965233e-06,-0.882129417972108,0.37770682535600797,0.031044795663824676,19008,75,5,28,1234,2,FOMC_easing,VFH,calendar,2min,120,False,10,1423,5,0.5808262827501329
6,kalshi_leads_etf,-4.103891717615534e-06,-1.7040056057634598,0.08838003996599489,0.031044795663824676,19008,75,5,28,1234,2,FOMC_easing,VFH,calendar,2min,120,False,10,1423,5,0.4639952098214732
7,kalshi_leads_etf,3.718756478392458e-06,1.1229517064748435,0.2614580056036181,0.031044795663824676,19008,75,5,28,1234,2,FOMC_easing,VFH,calendar,2min,120,False,10,1423,5,0.5286396352220637
8,kalshi_leads_etf,-6.125285166556994e-07,-0.1281472954719454,0.8980324081879975,0.031044795663824676,19008,75,5,28,1234,2,FOMC_easing,VFH,calendar,2min,120,False,10,1423,5,0.9429340285973974
9,kalshi_leads_etf,-4.384288038522133e-07,-0.15221012594901528,0.8790212076700218,0.031044795663824676,19008,75,5,28,1234,2,FOMC_easing,VFH,calendar,2min,120,False,10,1423,5,0.9429340285973974
10,kalshi_leads_etf,4.144566716079704e-06,0.7655064456637748,0.4439700297243522,0.031044795663824676,19008,75,5,28,1234,2,FOMC_easing,VFH,calendar,2min,120,False,10,1423,5,0.621558041614093
-10,etf_leads_kalshi,-1.4672595973798346e-06,-0.11801571044896389,0.9060552097366393,0.029835584452382435,6069,75,5,28,816,2,FOMC_easing,VFH,calendar,5min,300,False,10,1197,5,0.985170025069603
-9,etf_leads_kalshi,-8.37518258377274e-06,-0.8613649947080341,0.38903704930665284,0.029835584452382435,6069,75,5,28,816,2,FOMC_easing,VFH,calendar,5min,300,False,10,1197,5,0.816977803543971
-8,etf_leads_kalshi,-1.274535988403538e-05,-1.4066109776532594,0.15954277611041023,0.029835584452382435,6069,75,5,28,816,2,FOMC_easing,VFH,calendar,5min,300,False,10,1197,5,0.6989411602165411
-7,etf_leads_kalshi,5.386789612861126e-06,0.5412703184849657,0.5883212757112456,0.029835584452382435,6069,75,5,28,816,2,FOMC_easing,VFH,calendar,5min,300,False,10,1197,5,0.985170025069603
-6,etf_leads_kalshi,-1.3916739145367927e-05,-1.4397784009377517,0.14993010386352096,0.029835584452382435,6069,75,5,28,816,2,FOMC_easing,VFH,calendar,5min,300,False,10,1197,5,0.6989411602165411
-5,etf_leads_kalshi,2.7584256677889123e-06,0.3131249401472516,0.754185741678972,0.029835584452382435,6069,75,5,28,816,2,FOMC_easing,VFH,calendar,5min,300,False,10,1197,5,0.985170025069603
-4,etf_leads_kalshi,-3.861479795987235e-06,-0.4643586941638959,0.6423907786693415,0.029835584452382435,6069,75,5,28,816,2,FOMC_easing,VFH,calendar,5min,300,False,10,1197,5,0.985170025069603
-3,etf_leads_kalshi,1.9615891089373613e-06,0.20205378194505688,0.8398746792414058,0.029835584452382435,6069,75,5,28,816,2,FOMC_easing,VFH,calendar,5min,300,False,10,1197,5,0.985170025069603
-2,etf_leads_kalshi,-7.958604661141212e-06,-1.094718250374322,0.27364009055627514,0.029835584452382435,6069,75,5,28,816,2,FOMC_easing,VFH,calendar,5min,300,False,10,1197,5,0.6989411602165411
-1,etf_leads_kalshi,-1.879776706649367e-06,-0.18821017815757388,0.8507118940546292,0.029835584452382435,6069,75,5,28,816,2,FOMC_easing,VFH,calendar,5min,300,False,10,1197,5,0.985170025069603
0,contemp,7.861132197767194e-07,0.05425869219592137,0.9567290598973828,0.029835584452382435,6069,75,5,28,816,2,FOMC_easing,VFH,calendar,5min,300,False,10,1197,5,0.985170025069603
1,kalshi_leads_etf,-2.2787180585945955e-07,-0.018587687528430374,0.985170025069603,0.029835584452382435,6069,75,5,28,816,2,FOMC_easing,VFH,calendar,5min,300,False,10,1197,5,0.985170025069603
2,kalshi_leads_etf,-1.7334748101478914e-05,-1.1796402352409616,0.23814333316807523,0.029835584452382435,6069,75,5,28,816,2,FOMC_easing,VFH,calendar,5min,300,False,10,1197,5,0.6989411602165411
3,kalshi_leads_etf,2.7817058815393483e-06,0.23631564952607542,0.813187744232433,0.029835584452382435,6069,75,5,28,816,2,FOMC_easing,VFH,calendar,5min,300,False,10,1197,5,0.985170025069603
4,kalshi_leads_etf,1.1324497214046974e-05,1.126128688695469,0.2601110523542105,0.029835584452382435,6069,75,5,28,816,2,FOMC_easing,VFH,calendar,5min,300,False,10,1197,5,0.6989411602165411
5,kalshi_leads_etf,9.150062138774741e-07,0.12394616766819792,0.9013578982433612,0.029835584452382435,6069,75,5,28,816,2,FOMC_easing,VFH,calendar,5min,300,False,10,1197,5,0.985170025069603
6,kalshi_leads_etf,-4.7288420651359335e-06,-0.7314108941444861,0.46452821301262526,0.029835584452382435,6069,75,5,28,816,2,FOMC_easing,VFH,calendar,5min,300,False,10,1197,5,0.8868265884786481
7,kalshi_leads_etf,-1.1054852751510574e-05,-1.379232210878202,0.16782316972931877,0.029835584452382435,6069,75,5,28,816,2,FOMC_easing,VFH,calendar,5min,300,False,10,1197,5,0.6989411602165411
8,kalshi_leads_etf,-9.273250871951425e-06,-1.2318275998284323,0.21801349104784873,0.029835584452382435,6069,75,5,28,816,2,FOMC_easing,VFH,calendar,5min,300,False,10,1197,5,0.6989411602165411
9,kalshi_leads_etf,-8.209957997850382e-06,-1.201864113434044,0.22941618032791733,0.029835584452382435,6069,75,5,28,816,2,FOMC_easing,VFH,calendar,5min,300,False,10,1197,5,0.6989411602165411
10,kalshi_leads_etf,-7.998210887161152e-06,-1.0374070126102855,0.29954621152137473,0.029835584452382435,6069,75,5,28,816,2,FOMC_easing,VFH,calendar,5min,300,False,10,1197,5,0.6989411602165411
-10,etf_leads_kalshi,1.547943479615908e-05,0.5877432417189989,0.5567046462600382,0.0321025050575976,1790,71,5,27,417,1,FOMC_easing,VFH,calendar,10min,600,True,10,978,5,0.9283085280020299
-9,etf_leads_kalshi,2.9578001146539726e-06,0.11096404183151844,0.9116448610528509,0.0321025050575976,1790,71,5,27,417,1,FOMC_easing,VFH,calendar,10min,600,True,10,978,5,0.9283085280020299
-8,etf_leads_kalshi,7.200978228078456e-06,0.2166828056036864,0.8284555488066048,0.0321025050575976,1790,71,5,27,417,1,FOMC_easing,VFH,calendar,10min,600,True,10,978,5,0.9283085280020299
-7,etf_leads_kalshi,-3.197778142643908e-05,-0.9809762374247687,0.3266044598502311,0.0321025050575976,1790,71,5,27,417,1,FOMC_easing,VFH,calendar,10min,600,True,10,978,5,0.8573367071068567
-6,etf_leads_kalshi,-6.855511808957787e-06,-0.33222002306462,0.7397231253715529,0.0321025050575976,1790,71,5,27,417,1,FOMC_easing,VFH,calendar,10min,600,True,10,978,5,0.9283085280020299
-5,etf_leads_kalshi,-4.2692673070908406e-05,-3.012143331015299,0.002594100807760225,0.0321025050575976,1790,71,5,27,417,1,FOMC_easing,VFH,calendar,10min,600,True,10,978,5,0.027238058481482363
-4,etf_leads_kalshi,5.07828483426954e-06,0.2254584276139692,0.8216226627663837,0.0321025050575976,1790,71,5,27,417,1,FOMC_easing,VFH,calendar,10min,600,True,10,978,5,0.9283085280020299
-3,etf_leads_kalshi,1.358589029041772e-05,0.541570790959871,0.5881142181789829,0.0321025050575976,1790,71,5,27,417,1,FOMC_easing,VFH,calendar,10min,600,True,10,978,5,0.9283085280020299
-2,etf_leads_kalshi,-1.8844942123237234e-05,-0.8172745280401633,0.41377155993535697,0.0321025050575976,1790,71,5,27,417,1,FOMC_easing,VFH,calendar,10min,600,True,10,978,5,0.9283085280020299
-1,etf_leads_kalshi,-1.5883798442085702e-05,-1.025611642299222,0.3050746775160331,0.0321025050575976,1790,71,5,27,417,1,FOMC_easing,VFH,calendar,10min,600,True,10,978,5,0.8573367071068567
0,contemp,-2.007731505870925e-05,-1.3089670239510398,0.19054552117751944,0.0321025050575976,1790,71,5,27,417,1,FOMC_easing,VFH,calendar,10min,600,True,10,978,5,0.8573367071068567
1,kalshi_leads_etf,-2.692282078841236e-05,-1.0937333610725597,0.2740719381998955,0.0321025050575976,1790,71,5,27,417,1,FOMC_easing,VFH,calendar,10min,600,True,10,978,5,0.8573367071068567
2,kalshi_leads_etf,2.330086650551868e-06,0.08997317952874478,0.9283085280020299,0.0321025050575976,1790,71,5,27,417,1,FOMC_easing,VFH,calendar,10min,600,True,10,978,5,0.9283085280020299
3,kalshi_leads_etf,-9.758072820009419e-06,-0.5035944468114623,0.6145463957007609,0.0321025050575976,1790,71,5,27,417,1,FOMC_easing,VFH,calendar,10min,600,True,10,978,5,0.9283085280020299
4,kalshi_leads_etf,-4.137152039620995e-05,-3.481215953680714,0.0004991428799961952,0.0321025050575976,1790,71,5,27,417,1,FOMC_easing,VFH,calendar,10min,600,True,10,978,5,0.0104820004799201
5,kalshi_leads_etf,-2.480258716774293e-05,-1.229606904958915,0.2188443430688678,0.0321025050575976,1790,71,5,27,417,1,FOMC_easing,VFH,calendar,10min,600,True,10,978,5,0.8573367071068567
6,kalshi_leads_etf,-1.7408979373367557e-06,-0.10998939205602283,0.9124177877829002,0.0321025050575976,1790,71,5,27,417,1,FOMC_easing,VFH,calendar,10min,600,True,10,978,5,0.9283085280020299
7,kalshi_leads_etf,2.5752336915534444e-06,0.23703928293911683,0.8126263151624465,0.0321025050575976,1790,71,5,27,417,1,FOMC_easing,VFH,calendar,10min,600,True,10,978,5,0.9283085280020299
8,kalshi_leads_etf,-2.5610165398798743e-05,-1.905329189567705,0.05673729342800317,0.0321025050575976,1790,71,5,27,417,1,FOMC_easing,VFH,calendar,10min,600,True,10,978,5,0.3971610539960222
9,kalshi_leads_etf,3.8039525483323204e-06,0.30509905008164306,0.7602907146582962,0.0321025050575976,1790,71,5,27,417,1,FOMC_easing,VFH,calendar,10min,600,True,10,978,5,0.9283085280020299
10,kalshi_leads_etf,-2.0580526560814245e-06,-0.15363156888252744,0.8779002440634787,0.0321025050575976,1790,71,5,27,417,1,FOMC_easing,VFH,calendar,10min,600,True,10,978,5,0.9283085280020299
-10,etf_leads_kalshi,-6.157532790606914e-07,-0.6821769775601457,0.4951270504566444,0.03993030834411759,83858,75,5,28,1567,2,FOMC_easing,VGT,calendar,30s,30,False,10,1620,5,0.7482479210685874
-9,etf_leads_kalshi,-9.2917104599566e-07,-0.8560507761031454,0.3919696941891775,0.03993030834411759,83858,75,5,28,1567,2,FOMC_easing,VGT,calendar,30s,30,False,10,1620,5,0.7482479210685874
-8,etf_leads_kalshi,-1.3595381204201602e-06,-1.6182587587952508,0.10560684453043591,0.03993030834411759,83858,75,5,28,1567,2,FOMC_easing,VGT,calendar,30s,30,False,10,1620,5,0.48357156065326606
-7,etf_leads_kalshi,-4.13444375389602e-07,-0.41657921594707314,0.6769862143001505,0.03993030834411759,83858,75,5,28,1567,2,FOMC_easing,VGT,calendar,30s,30,False,10,1620,5,0.7482479210685874
-6,etf_leads_kalshi,3.400962865127516e-07,0.4352025381803177,0.6634154203942818,0.03993030834411759,83858,75,5,28,1567,2,FOMC_easing,VGT,calendar,30s,30,False,10,1620,5,0.7482479210685874
-5,etf_leads_kalshi,1.4800122170183126e-06,1.1108049641919426,0.26665230923354966,0.03993030834411759,83858,75,5,28,1567,2,FOMC_easing,VGT,calendar,30s,30,False,10,1620,5,0.6866075737713859
-4,etf_leads_kalshi,1.368144764952648e-06,1.4372147852088133,0.15065697314147317,0.03993030834411759,83858,75,5,28,1567,2,FOMC_easing,VGT,calendar,30s,30,False,10,1620,5,0.5272994059951561
-3,etf_leads_kalshi,-8.13496682346716e-07,-1.8999235575685987,0.05744315202537121,0.03993030834411759,83858,75,5,28,1567,2,FOMC_easing,VGT,calendar,30s,30,False,10,1620,5,0.4021020641775985
-2,etf_leads_kalshi,-3.237346554788909e-07,-0.3368534375930129,0.7362273873568375,0.03993030834411759,83858,75,5,28,1567,2,FOMC_easing,VGT,calendar,30s,30,False,10,1620,5,0.7730387567246794
-1,etf_leads_kalshi,-1.7943364753617747e-07,-0.09269446585860121,0.9261462936880381,0.03993030834411759,83858,75,5,28,1567,2,FOMC_easing,VGT,calendar,30s,30,False,10,1620,5,0.9261462936880381
0,contemp,-1.8634315734785112e-06,-1.5755216469259876,0.11513608586982525,0.03993030834411759,83858,75,5,28,1567,2,FOMC_easing,VGT,calendar,30s,30,False,10,1620,5,0.48357156065326606
1,kalshi_leads_etf,-5.897599467611615e-07,-0.5070209252077481,0.6121401364069048,0.03993030834411759,83858,75,5,28,1567,2,FOMC_easing,VGT,calendar,30s,30,False,10,1620,5,0.7482479210685874
2,kalshi_leads_etf,-4.226737909668107e-07,-0.6638552593434206,0.5067829539811004,0.03993030834411759,83858,75,5,28,1567,2,FOMC_easing,VGT,calendar,30s,30,False,10,1620,5,0.7482479210685874
3,kalshi_leads_etf,2.075902128040438e-06,1.2427326837782133,0.213966355733625,0.03993030834411759,83858,75,5,28,1567,2,FOMC_easing,VGT,calendar,30s,30,False,10,1620,5,0.641899067200875
4,kalshi_leads_etf,-7.159213466266047e-07,-0.7433428270319988,0.4572741489986971,0.03993030834411759,83858,75,5,28,1567,2,FOMC_easing,VGT,calendar,30s,30,False,10,1620,5,0.7482479210685874
5,kalshi_leads_etf,-5.301863440789418e-07,-0.5231151951750531,0.6008940918646801,0.03993030834411759,83858,75,5,28,1567,2,FOMC_easing,VGT,calendar,30s,30,False,10,1620,5,0.7482479210685874
6,kalshi_leads_etf,7.869404926374708e-07,0.8838825403599894,0.37675962320195555,0.03993030834411759,83858,75,5,28,1567,2,FOMC_easing,VGT,calendar,30s,30,False,10,1620,5,0.7482479210685874
7,kalshi_leads_etf,1.329371349392013e-06,2.2172054939129713,0.026609052340087917,0.03993030834411759,83858,75,5,28,1567,2,FOMC_easing,VGT,calendar,30s,30,False,10,1620,5,0.27939504957092315
8,kalshi_leads_etf,-7.349471041614061e-07,-0.5349302794542852,0.592698069375905,0.03993030834411759,83858,75,5,28,1567,2,FOMC_easing,VGT,calendar,30s,30,False,10,1620,5,0.7482479210685874
9,kalshi_leads_etf,1.962152481711873e-06,2.6422128392537036,0.008236627774409153,0.03993030834411759,83858,75,5,28,1567,2,FOMC_easing,VGT,calendar,30s,30,False,10,1620,5,0.17296918326259222
10,kalshi_leads_etf,-1.0475775741298132e-06,-1.0488212641912036,0.2942603887591654,0.03993030834411759,83858,75,5,28,1567,2,FOMC_easing,VGT,calendar,30s,30,False,10,1620,5,0.6866075737713859
-10,etf_leads_kalshi,-9.057492565501407e-07,-0.48282086754618947,0.6292229326914884,0.036272659666352625,40637,75,5,28,1454,2,FOMC_easing,VGT,calendar,1min,60,False,10,1550,5,0.79117180652299
-9,etf_leads_kalshi,7.4647175103699985e-06,2.022277220415584,0.043147720595695674,0.036272659666352625,40637,75,5,28,1454,2,FOMC_easing,VGT,calendar,1min,60,False,10,1550,5,0.2265255331274023
-8,etf_leads_kalshi,-3.0920072954721143e-07,-0.21528058107004536,0.8295485687456208,0.036272659666352625,40637,75,5,28,1454,2,FOMC_easing,VGT,calendar,1min,60,False,10,1550,5,0.8295485687456208
-7,etf_leads_kalshi,1.7833505500814604e-06,0.46703838605309433,0.6404724148043253,0.036272659666352625,40637,75,5,28,1454,2,FOMC_easing,VGT,calendar,1min,60,False,10,1550,5,0.79117180652299
-6,etf_leads_kalshi,9.842432940738388e-07,0.47442763986699893,0.635194986850119,0.036272659666352625,40637,75,5,28,1454,2,FOMC_easing,VGT,calendar,1min,60,False,10,1550,5,0.79117180652299
-5,etf_leads_kalshi,-3.363784713157338e-06,-2.875162660638368,0.004038194021850234,0.036272659666352625,40637,75,5,28,1454,2,FOMC_easing,VGT,calendar,1min,60,False,10,1550,5,0.0848020744588549
-4,etf_leads_kalshi,-4.262951644200836e-07,-0.24279699329305884,0.8081626648956898,0.036272659666352625,40637,75,5,28,1454,2,FOMC_easing,VGT,calendar,1min,60,False,10,1550,5,0.8295485687456208
-3,etf_leads_kalshi,-1.3300791993053342e-06,-0.7544724333072802,0.4505655921630255,0.036272659666352625,40637,75,5,28,1454,2,FOMC_easing,VGT,calendar,1min,60,False,10,1550,5,0.7278367258018104
-2,etf_leads_kalshi,3.8112349571631857e-06,2.1209311652094285,0.03392759554110728,0.036272659666352625,40637,75,5,28,1454,2,FOMC_easing,VGT,calendar,1min,60,False,10,1550,5,0.2265255331274023
-1,etf_leads_kalshi,-2.4787211127019697e-06,-0.8310938941953292,0.4059205887555012,0.036272659666352625,40637,75,5,28,1454,2,FOMC_easing,VGT,calendar,1min,60,False,10,1550,5,0.7278367258018104
0,contemp,-1.4589129769985186e-06,-0.5106764411973035,0.6095776398510923,0.036272659666352625,40637,75,5,28,1454,2,FOMC_easing,VGT,calendar,1min,60,False,10,1550,5,0.79117180652299
1,kalshi_leads_etf,2.474814555232675e-06,1.8485036875679663,0.06452951141794216,0.036272659666352625,40637,75,5,28,1454,2,FOMC_easing,VGT,calendar,1min,60,False,10,1550,5,0.2710239479553571
2,kalshi_leads_etf,-1.640412121546853e-06,-1.0063488673249736,0.3142477811285822,0.036272659666352625,40637,75,5,28,1454,2,FOMC_easing,VGT,calendar,1min,60,False,10,1550,5,0.7278367258018104
3,kalshi_leads_etf,-8.95996126029357e-07,-0.4145756728401983,0.6784525599738866,0.036272659666352625,40637,75,5,28,1454,2,FOMC_easing,VGT,calendar,1min,60,False,10,1550,5,0.7915279866362012
4,kalshi_leads_etf,1.4100146117098532e-06,0.8830865755200626,0.37718949678537916,0.036272659666352625,40637,75,5,28,1454,2,FOMC_easing,VGT,calendar,1min,60,False,10,1550,5,0.7278367258018104
5,kalshi_leads_etf,4.560345059832984e-06,2.4398015329455243,0.014695332882480224,0.036272659666352625,40637,75,5,28,1454,2,FOMC_easing,VGT,calendar,1min,60,False,10,1550,5,0.15430099526604238
6,kalshi_leads_etf,6.449225904954131e-06,1.450668671972751,0.14687214297674894,0.036272659666352625,40637,75,5,28,1454,2,FOMC_easing,VGT,calendar,1min,60,False,10,1550,5,0.5140525004186214
7,kalshi_leads_etf,-3.169389583234995e-06,-0.8829923402953788,0.3772404100429091,0.036272659666352625,40637,75,5,28,1454,2,FOMC_easing,VGT,calendar,1min,60,False,10,1550,5,0.7278367258018104
8,kalshi_leads_etf,-1.1316628395678046e-06,-0.7667793633081516,0.443212708087496,0.036272659666352625,40637,75,5,28,1454,2,FOMC_easing,VGT,calendar,1min,60,False,10,1550,5,0.7278367258018104
9,kalshi_leads_etf,-4.646164325615443e-07,-0.2807328333010355,0.7789153236878612,0.036272659666352625,40637,75,5,28,1454,2,FOMC_easing,VGT,calendar,1min,60,False,10,1550,5,0.8295485687456208
10,kalshi_leads_etf,-6.232953257261586e-06,-1.1244923370388111,0.2608042195577288,0.036272659666352625,40637,75,5,28,1454,2,FOMC_easing,VGT,calendar,1min,60,False,10,1550,5,0.7278367258018104
-10,etf_leads_kalshi,6.240821252502687e-06,1.3324270593548846,0.1827198952182142,0.032178786237344825,19031,75,5,28,1235,2,FOMC_easing,VGT,calendar,2min,120,False,10,1423,5,0.5481596856546426
-9,etf_leads_kalshi,-6.75617775589101e-06,-2.06703292496388,0.03873105160321983,0.032178786237344825,19031,75,5,28,1235,2,FOMC_easing,VGT,calendar,2min,120,False,10,1423,5,0.3010959855237287
-8,etf_leads_kalshi,4.2443689234006665e-08,0.009198074478346382,0.992661101868817,0.032178786237344825,19031,75,5,28,1235,2,FOMC_easing,VGT,calendar,2min,120,False,10,1423,5,0.992661101868817
-7,etf_leads_kalshi,-3.2574635201293974e-06,-0.6888916746916648,0.49089143890800147,0.032178786237344825,19031,75,5,28,1235,2,FOMC_easing,VGT,calendar,2min,120,False,10,1423,5,0.7929784782360023
-6,etf_leads_kalshi,-3.522640087342837e-06,-0.7831931869868572,0.4335136751092591,0.032178786237344825,19031,75,5,28,1235,2,FOMC_easing,VGT,calendar,2min,120,False,10,1423,5,0.7929784782360023
-5,etf_leads_kalshi,-1.6633903626802407e-06,-0.5387686244804017,0.5900465155056525,0.032178786237344825,19031,75,5,28,1235,2,FOMC_easing,VGT,calendar,2min,120,False,10,1423,5,0.8260651217079135
-4,etf_leads_kalshi,9.200550257722962e-06,1.7918486843640649,0.07315720785328786,0.032178786237344825,19031,75,5,28,1235,2,FOMC_easing,VGT,calendar,2min,120,False,10,1423,5,0.3533537075812419
-3,etf_leads_kalshi,-8.998299565675191e-07,-0.12230593775357892,0.9026567296579895,0.032178786237344825,19031,75,5,28,1235,2,FOMC_easing,VGT,calendar,2min,120,False,10,1423,5,0.992661101868817
-2,etf_leads_kalshi,-4.571603802118638e-06,-2.023576818485401,0.043013712217675526,0.032178786237344825,19031,75,5,28,1235,2,FOMC_easing,VGT,calendar,2min,120,False,10,1423,5,0.3010959855237287
-1,etf_leads_kalshi,1.8571211899764505e-06,0.33392195355940285,0.7384384531691921,0.032178786237344825,19031,75,5,28,1235,2,FOMC_easing,VGT,calendar,2min,120,False,10,1423,5,0.9121886774442961
0,contemp,-2.681165225019786e-06,-0.59923566619016,0.5490157419320327,0.032178786237344825,19031,75,5,28,1235,2,FOMC_easing,VGT,calendar,2min,120,False,10,1423,5,0.8235236128980491
1,kalshi_leads_etf,2.5497682044985106e-06,0.7878236389694953,0.43079987188302005,0.032178786237344825,19031,75,5,28,1235,2,FOMC_easing,VGT,calendar,2min,120,False,10,1423,5,0.7929784782360023
2,kalshi_leads_etf,-1.4466070465774069e-06,-0.44813849252178023,0.6540532494163636,0.032178786237344825,19031,75,5,28,1235,2,FOMC_easing,VGT,calendar,2min,120,False,10,1423,5,0.8584448898589773
3,kalshi_leads_etf,1.6103847316827844e-05,1.727199530553625,0.08413183513839093,0.032178786237344825,19031,75,5,28,1235,2,FOMC_easing,VGT,calendar,2min,120,False,10,1423,5,0.3533537075812419
4,kalshi_leads_etf,-1.1695428921116075e-05,-2.558986796961284,0.010497772831532153,0.032178786237344825,19031,75,5,28,1235,2,FOMC_easing,VGT,calendar,2min,120,False,10,1423,5,0.22045322946217522
5,kalshi_leads_etf,-1.4497881436379603e-05,-1.5396386788196401,0.12364845180100732,0.032178786237344825,19031,75,5,28,1235,2,FOMC_easing,VGT,calendar,2min,120,False,10,1423,5,0.43276958130352566
6,kalshi_leads_etf,-6.50091664317032e-07,-0.20510389286264083,0.8374909550269687,0.032178786237344825,19031,75,5,28,1235,2,FOMC_easing,VGT,calendar,2min,120,False,10,1423,5,0.9770727808647969
7,kalshi_leads_etf,-2.9705795076589936e-06,-0.7163397871192875,0.47378156494380297,0.032178786237344825,19031,75,5,28,1235,2,FOMC_easing,VGT,calendar,2min,120,False,10,1423,5,0.7929784782360023
8,kalshi_leads_etf,3.7371907488018982e-06,0.871542518626083,0.38345800066887714,0.032178786237344825,19031,75,5,28,1235,2,FOMC_easing,VGT,calendar,2min,120,False,10,1423,5,0.7929784782360023
9,kalshi_leads_etf,1.7640131692605712e-07,0.03150320606901037,0.9748682353421404,0.032178786237344825,19031,75,5,28,1235,2,FOMC_easing,VGT,calendar,2min,120,False,10,1423,5,0.992661101868817
10,kalshi_leads_etf,4.3732428426615184e-06,0.7246323395206431,0.46867761368354555,0.032178786237344825,19031,75,5,28,1235,2,FOMC_easing,VGT,calendar,2min,120,False,10,1423,5,0.7929784782360023
-10,etf_leads_kalshi,2.5977566256672488e-05,1.6147660109452724,0.10636137629468037,0.038636795714303784,6078,75,5,29,816,3,FOMC_easing,VGT,calendar,5min,300,False,10,1197,5,0.6619505319242199
-9,etf_leads_kalshi,-4.065930534009262e-06,-0.35460365659173043,0.7228865364002643,0.038636795714303784,6078,75,5,29,816,3,FOMC_easing,VGT,calendar,5min,300,False,10,1197,5,0.9057054262467166
-8,etf_leads_kalshi,6.149274571819137e-06,0.5351541947242926,0.5925432372812418,0.038636795714303784,6078,75,5,29,816,3,FOMC_easing,VGT,calendar,5min,300,False,10,1197,5,0.9057054262467166
-7,etf_leads_kalshi,7.052889665272636e-06,0.5984626899557762,0.5495312468098994,0.038636795714303784,6078,75,5,29,816,3,FOMC_easing,VGT,calendar,5min,300,False,10,1197,5,0.9057054262467166
-6,etf_leads_kalshi,4.506313405023159e-06,0.5528242530556541,0.5803837594118448,0.038636795714303784,6078,75,5,29,816,3,FOMC_easing,VGT,calendar,5min,300,False,10,1197,5,0.9057054262467166
-5,etf_leads_kalshi,-3.305701689124892e-06,-0.3187276829506473,0.749933020663755,0.038636795714303784,6078,75,5,29,816,3,FOMC_easing,VGT,calendar,5min,300,False,10,1197,5,0.9057054262467166
-4,etf_leads_kalshi,1.16697313885412e-06,0.12045759601823547,0.9041206684680867,0.038636795714303784,6078,75,5,29,816,3,FOMC_easing,VGT,calendar,5min,300,False,10,1197,5,0.9057054262467166
-3,etf_leads_kalshi,-4.25654612984449e-06,-0.26829774359531705,0.788470142924616,0.038636795714303784,6078,75,5,29,816,3,FOMC_easing,VGT,calendar,5min,300,False,10,1197,5,0.9057054262467166
-2,etf_leads_kalshi,5.29409213515614e-06,0.48083824492643207,0.6306314663216868,0.038636795714303784,6078,75,5,29,816,3,FOMC_easing,VGT,calendar,5min,300,False,10,1197,5,0.9057054262467166
-1,etf_leads_kalshi,3.6661033252950453e-06,0.30899388078648865,0.7573261816383805,0.038636795714303784,6078,75,5,29,816,3,FOMC_easing,VGT,calendar,5min,300,False,10,1197,5,0.9057054262467166
0,contemp,-6.648828056676084e-06,-0.4910399192717057,0.6233982138160103,0.038636795714303784,6078,75,5,29,816,3,FOMC_easing,VGT,calendar,5min,300,False,10,1197,5,0.9057054262467166
1,kalshi_leads_etf,7.594083660185925e-06,0.8003607668153099,0.42350180513391,0.038636795714303784,6078,75,5,29,816,3,FOMC_easing,VGT,calendar,5min,300,False,10,1197,5,0.9057054262467166
2,kalshi_leads_etf,-3.524619897426724e-05,-1.7674932694749057,0.07714565520154874,0.038636795714303784,6078,75,5,29,816,3,FOMC_easing,VGT,calendar,5min,300,False,10,1197,5,0.6619505319242199
3,kalshi_leads_etf,-1.5626677856322061e-06,-0.11845717408481227,0.9057054262467166,0.038636795714303784,6078,75,5,29,816,3,FOMC_easing,VGT,calendar,5min,300,False,10,1197,5,0.9057054262467166
4,kalshi_leads_etf,1.2487940103525587e-05,1.4263795851084222,0.15375880325625,0.038636795714303784,6078,75,5,29,816,3,FOMC_easing,VGT,calendar,5min,300,False,10,1197,5,0.6619505319242199
5,kalshi_leads_etf,-1.4937600138287059e-05,-1.4131648143136195,0.15760726950576665,0.038636795714303784,6078,75,5,29,816,3,FOMC_easing,VGT,calendar,5min,300,False,10,1197,5,0.6619505319242199
6,kalshi_leads_etf,-1.6368408113518171e-06,-0.17636156152389473,0.8600099007558799,0.038636795714303784,6078,75,5,29,816,3,FOMC_easing,VGT,calendar,5min,300,False,10,1197,5,0.9057054262467166
7,kalshi_leads_etf,4.404929583505682e-06,0.6127909494138045,0.540014576012892,0.038636795714303784,6078,75,5,29,816,3,FOMC_easing,VGT,calendar,5min,300,False,10,1197,5,0.9057054262467166
8,kalshi_leads_etf,-1.6170005035531334e-05,-2.37123443813609,0.017728781831254526,0.038636795714303784,6078,75,5,29,816,3,FOMC_easing,VGT,calendar,5min,300,False,10,1197,5,0.37230441845634504
9,kalshi_leads_etf,-3.2235745009153383e-06,-0.39855773838549935,0.690219106662321,0.038636795714303784,6078,75,5,29,816,3,FOMC_easing,VGT,calendar,5min,300,False,10,1197,5,0.9057054262467166
10,kalshi_leads_etf,-7.548137475810004e-06,-0.9605054732740438,0.3368008776806478,0.038636795714303784,6078,75,5,29,816,3,FOMC_easing,VGT,calendar,5min,300,False,10,1197,5,0.9057054262467166
-10,etf_leads_kalshi,9.794020413850513e-06,0.29102807360541405,0.7710298487065598,0.029106350107124812,1794,71,5,27,418,1,FOMC_easing,VGT,calendar,10min,600,True,10,978,5,0.9884625082390761
-9,etf_leads_kalshi,1.176562771756911e-05,0.4344261707858569,0.6639789966898461,0.029106350107124812,1794,71,5,27,418,1,FOMC_easing,VGT,calendar,10min,600,True,10,978,5,0.9884625082390761
-8,etf_leads_kalshi,5.62669061578046e-07,0.01446060549137975,0.9884625082390761,0.029106350107124812,1794,71,5,27,418,1,FOMC_easing,VGT,calendar,10min,600,True,10,978,5,0.9884625082390761
-7,etf_leads_kalshi,-1.0564037967881766e-05,-0.30863445316714194,0.757599609647791,0.029106350107124812,1794,71,5,27,418,1,FOMC_easing,VGT,calendar,10min,600,True,10,978,5,0.9884625082390761
-6,etf_leads_kalshi,-8.475689003881572e-05,-2.730298281431862,0.0063277044257229725,0.029106350107124812,1794,71,5,27,418,1,FOMC_easing,VGT,calendar,10min,600,True,10,978,5,0.13288179294018243
-5,etf_leads_kalshi,-3.1712027316668144e-05,-1.1746253873983705,0.2401446218303478,0.029106350107124812,1794,71,5,27,418,1,FOMC_easing,VGT,calendar,10min,600,True,10,978,5,0.5538778479175238
-4,etf_leads_kalshi,3.2355985995094014e-05,1.5494543261844533,0.1212725429393514,0.029106350107124812,1794,71,5,27,418,1,FOMC_easing,VGT,calendar,10min,600,True,10,978,5,0.36381762881805424
-3,etf_leads_kalshi,-5.5085859810243115e-06,-0.2540488598940586,0.7994578112754986,0.029106350107124812,1794,71,5,27,418,1,FOMC_easing,VGT,calendar,10min,600,True,10,978,5,0.9884625082390761
-2,etf_leads_kalshi,-1.999657500027865e-06,-0.10069548719265731,0.9197921938649729,0.029106350107124812,1794,71,5,27,418,1,FOMC_easing,VGT,calendar,10min,600,True,10,978,5,0.9884625082390761
-1,etf_leads_kalshi,-1.5722403717421107e-06,-0.06501842499801272,0.9481593302667187,0.029106350107124812,1794,71,5,27,418,1,FOMC_easing,VGT,calendar,10min,600,True,10,978,5,0.9884625082390761
0,contemp,-3.5562922301890374e-05,-2.1969169797713444,0.028026375943684567,0.029106350107124812,1794,71,5,27,418,1,FOMC_easing,VGT,calendar,10min,600,True,10,978,5,0.19618463160579197
1,kalshi_leads_etf,-5.0063514881481795e-05,-1.1906992239538632,0.2337716826935966,0.029106350107124812,1794,71,5,27,418,1,FOMC_easing,VGT,calendar,10min,600,True,10,978,5,0.5538778479175238
2,kalshi_leads_etf,5.139359265807838e-06,0.16135266184207092,0.87181564843209,0.029106350107124812,1794,71,5,27,418,1,FOMC_easing,VGT,calendar,10min,600,True,10,978,5,0.9884625082390761
3,kalshi_leads_etf,-2.973218121147378e-05,-1.832465344123508,0.0668821204259348,0.029106350107124812,1794,71,5,27,418,1,FOMC_easing,VGT,calendar,10min,600,True,10,978,5,0.2823109960941724
4,kalshi_leads_etf,-3.942333600471137e-05,-1.802226356274976,0.07150979960739667,0.029106350107124812,1794,71,5,27,418,1,FOMC_easing,VGT,calendar,10min,600,True,10,978,5,0.2823109960941724
5,kalshi_leads_etf,-4.098508895344268e-05,-2.3682234391254426,0.017873737790875567,0.029106350107124812,1794,71,5,27,418,1,FOMC_easing,VGT,calendar,10min,600,True,10,978,5,0.18767424680419348
6,kalshi_leads_etf,-4.657221260716653e-06,-0.41535278058414904,0.6778836683324447,0.029106350107124812,1794,71,5,27,418,1,FOMC_easing,VGT,calendar,10min,600,True,10,978,5,0.9884625082390761
7,kalshi_leads_etf,-7.914908649524693e-06,-0.5735156292146564,0.5662956198469828,0.029106350107124812,1794,71,5,27,418,1,FOMC_easing,VGT,calendar,10min,600,True,10,978,5,0.9884625082390761
8,kalshi_leads_etf,-3.881914412819233e-06,-0.2187758724280925,0.8268246426062694,0.029106350107124812,1794,71,5,27,418,1,FOMC_easing,VGT,calendar,10min,600,True,10,978,5,0.9884625082390761
9,kalshi_leads_etf,1.884910417255493e-05,1.1175684352303958,0.2637513561512018,0.029106350107124812,1794,71,5,27,418,1,FOMC_easing,VGT,calendar,10min,600,True,10,978,5,0.5538778479175238
10,kalshi_leads_etf,-2.9915262714983544e-05,-1.746867730007837,0.08066028459833496,0.029106350107124812,1794,71,5,27,418,1,FOMC_easing,VGT,calendar,10min,600,True,10,978,5,0.2823109960941724
-10,etf_leads_kalshi,-3.4318365504542977e-07,-0.952169947649184,0.34101079946263624,0.08038267262309207,83764,75,5,30,1566,4,FOMC_easing,VIS,calendar,30s,30,False,10,1620,5,0.7088335307820312
-9,etf_leads_kalshi,-8.188779396350947e-08,-0.13450028988370985,0.8930069818784353,0.08038267262309207,83764,75,5,30,1566,4,FOMC_easing,VIS,calendar,30s,30,False,10,1620,5,0.8930069818784353
-8,etf_leads_kalshi,-1.0779832880922974e-06,-0.9840357005573506,0.32509795982252365,0.08038267262309207,83764,75,5,30,1566,4,FOMC_easing,VIS,calendar,30s,30,False,10,1620,5,0.7088335307820312
-7,etf_leads_kalshi,7.274238084495085e-07,1.0524707528914972,0.29258362221453893,0.08038267262309207,83764,75,5,30,1566,4,FOMC_easing,VIS,calendar,30s,30,False,10,1620,5,0.7088335307820312
-6,etf_leads_kalshi,-6.117221211968056e-07,-0.8052775132970601,0.42065955502304675,0.08038267262309207,83764,75,5,30,1566,4,FOMC_easing,VIS,calendar,30s,30,False,10,1620,5,0.7088335307820312
-5,etf_leads_kalshi,4.2817945681079555e-07,0.6000134316508575,0.548497284023171,0.08038267262309207,83764,75,5,30,1566,4,FOMC_easing,VIS,calendar,30s,30,False,10,1620,5,0.719902685280412
-4,etf_leads_kalshi,1.89997390216572e-06,1.8551280457020551,0.06357794370581756,0.08038267262309207,83764,75,5,30,1566,4,FOMC_easing,VIS,calendar,30s,30,False,10,1620,5,0.6675684089110844
-3,etf_leads_kalshi,1.6519280833479513e-07,0.3436649544276272,0.7310982698959843,0.08038267262309207,83764,75,5,30,1566,4,FOMC_easing,VIS,calendar,30s,30,False,10,1620,5,0.852947981545315
-2,etf_leads_kalshi,1.7966555965672167e-07,0.2111444890634484,0.8327745254432051,0.08038267262309207,83764,75,5,30,1566,4,FOMC_easing,VIS,calendar,30s,30,False,10,1620,5,0.8744132517153653
-1,etf_leads_kalshi,-1.5347810736760383e-06,-0.7742182976661658,0.4388017095317336,0.08038267262309207,83764,75,5,30,1566,4,FOMC_easing,VIS,calendar,30s,30,False,10,1620,5,0.7088335307820312
0,contemp,-8.717281704390504e-07,-0.8579978919734089,0.3908936274472058,0.08038267262309207,83764,75,5,30,1566,4,FOMC_easing,VIS,calendar,30s,30,False,10,1620,5,0.7088335307820312
1,kalshi_leads_etf,-9.728571794518544e-07,-0.8719381321478112,0.38324212970757165,0.08038267262309207,83764,75,5,30,1566,4,FOMC_easing,VIS,calendar,30s,30,False,10,1620,5,0.7088335307820312
2,kalshi_leads_etf,-4.777706062590028e-07,-0.9119624507655174,0.36178848441905986,0.08038267262309207,83764,75,5,30,1566,4,FOMC_easing,VIS,calendar,30s,30,False,10,1620,5,0.7088335307820312
3,kalshi_leads_etf,9.574261103123635e-07,1.2584066014741406,0.20824474569070117,0.08038267262309207,83764,75,5,30,1566,4,FOMC_easing,VIS,calendar,30s,30,False,10,1620,5,0.7088335307820312
4,kalshi_leads_etf,-3.4258321570351455e-07,-0.6145767514788278,0.53883427171969,0.08038267262309207,83764,75,5,30,1566,4,FOMC_easing,VIS,calendar,30s,30,False,10,1620,5,0.719902685280412
5,kalshi_leads_etf,-2.962469418712163e-07,-0.6931250794957134,0.4882310600084969,0.08038267262309207,83764,75,5,30,1566,4,FOMC_easing,VIS,calendar,30s,30,False,10,1620,5,0.719902685280412
6,kalshi_leads_etf,2.3444188712760344e-07,0.2636603088564882,0.7920416824728012,0.08038267262309207,83764,75,5,30,1566,4,FOMC_easing,VIS,calendar,30s,30,False,10,1620,5,0.8744132517153653
7,kalshi_leads_etf,1.9964566905370986e-06,2.9907228180172907,0.0027831799732318417,0.08038267262309207,83764,75,5,30,1566,4,FOMC_easing,VIS,calendar,30s,30,False,10,1620,5,0.058446779437868676
8,kalshi_leads_etf,-1.5631211917360219e-06,-1.637055993140002,0.10161877051812097,0.08038267262309207,83764,75,5,30,1566,4,FOMC_easing,VIS,calendar,30s,30,False,10,1620,5,0.7088335307820312
9,kalshi_leads_etf,9.399346654632354e-07,1.4929936257785448,0.13543885544431572,0.08038267262309207,83764,75,5,30,1566,4,FOMC_easing,VIS,calendar,30s,30,False,10,1620,5,0.7088335307820312
10,kalshi_leads_etf,-4.46280350777624e-07,-0.4802962557841778,0.6310167508767647,0.08038267262309207,83764,75,5,30,1566,4,FOMC_easing,VIS,calendar,30s,30,False,10,1620,5,0.779491280494827
-10,etf_leads_kalshi,-9.303035434705686e-07,-0.5127101853406352,0.6081540638785912,0.07200959145826036,40590,75,5,28,1453,2,FOMC_easing,VIS,calendar,1min,60,False,10,1550,5,0.9936194006482776
-9,etf_leads_kalshi,4.097816058477821e-06,2.2174745788311983,0.026590678328515967,0.07200959145826036,40590,75,5,28,1453,2,FOMC_easing,VIS,calendar,1min,60,False,10,1550,5,0.23107819091472753
-8,etf_leads_kalshi,5.131076678152255e-07,0.24351042796023725,0.8076100078547738,0.07200959145826036,40590,75,5,28,1453,2,FOMC_easing,VIS,calendar,1min,60,False,10,1550,5,0.9936194006482776
-7,etf_leads_kalshi,-2.0693141698763614e-07,-0.09530638514526982,0.9240714711305091,0.07200959145826036,40590,75,5,28,1453,2,FOMC_easing,VIS,calendar,1min,60,False,10,1550,5,0.9936194006482776
-6,etf_leads_kalshi,2.1153896109167737e-06,0.5440060132365384,0.5864373348909151,0.07200959145826036,40590,75,5,28,1453,2,FOMC_easing,VIS,calendar,1min,60,False,10,1550,5,0.9936194006482776
-5,etf_leads_kalshi,-2.925682803301734e-06,-2.525621269380062,0.011549391324261995,0.07200959145826036,40590,75,5,28,1453,2,FOMC_easing,VIS,calendar,1min,60,False,10,1550,5,0.23107819091472753
-4,etf_leads_kalshi,1.610356028106322e-07,0.19906588776610568,0.8422112047907067,0.07200959145826036,40590,75,5,28,1453,2,FOMC_easing,VIS,calendar,1min,60,False,10,1550,5,0.9936194006482776
-3,etf_leads_kalshi,4.54930639340928e-07,0.30725764524934424,0.7586472715359266,0.07200959145826036,40590,75,5,28,1453,2,FOMC_easing,VIS,calendar,1min,60,False,10,1550,5,0.9936194006482776
-2,etf_leads_kalshi,-1.0375390731683561e-08,-0.008801724480505866,0.9929773306034613,0.07200959145826036,40590,75,5,28,1453,2,FOMC_easing,VIS,calendar,1min,60,False,10,1550,5,0.9936194006482776
-1,etf_leads_kalshi,1.8716034668644974e-06,2.1046809037799967,0.03531909385058551,0.07200959145826036,40590,75,5,28,1453,2,FOMC_easing,VIS,calendar,1min,60,False,10,1550,5,0.23107819091472753
0,contemp,-3.18871380523138e-06,-0.7393560891128192,0.4596907987289002,0.07200959145826036,40590,75,5,28,1453,2,FOMC_easing,VIS,calendar,1min,60,False,10,1550,5,0.9936194006482776
1,kalshi_leads_etf,2.2056698935233395e-07,0.18096712648440288,0.8563933792127544,0.07200959145826036,40590,75,5,28,1453,2,FOMC_easing,VIS,calendar,1min,60,False,10,1550,5,0.9936194006482776
2,kalshi_leads_etf,-5.71675855111926e-07,-0.5729328980041264,0.5666901287249138,0.07200959145826036,40590,75,5,28,1453,2,FOMC_easing,VIS,calendar,1min,60,False,10,1550,5,0.9936194006482776
3,kalshi_leads_etf,-6.899041638740626e-09,-0.007996980607991403,0.9936194006482776,0.07200959145826036,40590,75,5,28,1453,2,FOMC_easing,VIS,calendar,1min,60,False,10,1550,5,0.9936194006482776
4,kalshi_leads_etf,2.508989610640407e-06,2.013948950015187,0.04401489350756715,0.07200959145826036,40590,75,5,28,1453,2,FOMC_easing,VIS,calendar,1min,60,False,10,1550,5,0.23107819091472753
5,kalshi_leads_etf,4.671061453302359e-07,0.39858388129767874,0.6901998403631798,0.07200959145826036,40590,75,5,28,1453,2,FOMC_easing,VIS,calendar,1min,60,False,10,1550,5,0.9936194006482776
6,kalshi_leads_etf,3.5072675128557893e-06,1.38052136544138,0.16742617593869136,0.07200959145826036,40590,75,5,28,1453,2,FOMC_easing,VIS,calendar,1min,60,False,10,1550,5,0.5859916157854198
7,kalshi_leads_etf,2.6251185500516917e-06,1.501794411597889,0.13315021202727947,0.07200959145826036,40590,75,5,28,1453,2,FOMC_easing,VIS,calendar,1min,60,False,10,1550,5,0.5592308905145739
8,kalshi_leads_etf,7.132809290530547e-07,0.3518187316487464,0.7249742097440801,0.07200959145826036,40590,75,5,28,1453,2,FOMC_easing,VIS,calendar,1min,60,False,10,1550,5,0.9936194006482776
9,kalshi_leads_etf,1.129779380310888e-06,0.5009212709396103,0.6164265318179698,0.07200959145826036,40590,75,5,28,1453,2,FOMC_easing,VIS,calendar,1min,60,False,10,1550,5,0.9936194006482776
10,kalshi_leads_etf,-2.110297206923784e-06,-0.5700790949405269,0.5686240532672099,0.07200959145826036,40590,75,5,28,1453,2,FOMC_easing,VIS,calendar,1min,60,False,10,1550,5,0.9936194006482776
-10,etf_leads_kalshi,7.430900862782973e-06,1.5722165839510447,0.11590033064936142,0.06086694819949323,19008,75,5,30,1234,4,FOMC_easing,VIS,calendar,2min,120,False,10,1423,5,0.6084767359091475
-9,etf_leads_kalshi,-5.459255010501887e-06,-2.6648613310200515,0.0077020074773880695,0.06086694819949323,19008,75,5,30,1234,4,FOMC_easing,VIS,calendar,2min,120,False,10,1423,5,0.16174215702514946
-8,etf_leads_kalshi,-7.029169259248706e-07,-0.22235448722427092,0.8240379388791935,0.06086694819949323,19008,75,5,30,1234,4,FOMC_easing,VIS,calendar,2min,120,False,10,1423,5,0.9344399345653281
-7,etf_leads_kalshi,-1.9637440351685173e-06,-0.43574075331330137,0.6630248339878336,0.06086694819949323,19008,75,5,30,1234,4,FOMC_easing,VIS,calendar,2min,120,False,10,1423,5,0.9344399345653281
-6,etf_leads_kalshi,-7.968970705945666e-07,-0.3280374029385053,0.7428833824836854,0.06086694819949323,19008,75,5,30,1234,4,FOMC_easing,VIS,calendar,2min,120,False,10,1423,5,0.9344399345653281
-5,etf_leads_kalshi,-1.8442483146805427e-06,-0.6743891486227793,0.5000639398155184,0.06086694819949323,19008,75,5,30,1234,4,FOMC_easing,VIS,calendar,2min,120,False,10,1423,5,0.9344399345653281
-4,etf_leads_kalshi,4.868252655012514e-06,1.0067075234383636,0.3140753456427463,0.06086694819949323,19008,75,5,30,1234,4,FOMC_easing,VIS,calendar,2min,120,False,10,1423,5,0.9276299904468049
-3,etf_leads_kalshi,2.2887983161293134e-06,0.40534935153276774,0.6852207349589226,0.06086694819949323,19008,75,5,30,1234,4,FOMC_easing,VIS,calendar,2min,120,False,10,1423,5,0.9344399345653281
-2,etf_leads_kalshi,-4.354655315277358e-06,-1.367446422796312,0.17148541983587207,0.06086694819949323,19008,75,5,30,1234,4,FOMC_easing,VIS,calendar,2min,120,False,10,1423,5,0.7202387633106627
-1,etf_leads_kalshi,-1.6579500802591974e-06,-0.30099860402467626,0.763415559019431,0.06086694819949323,19008,75,5,30,1234,4,FOMC_easing,VIS,calendar,2min,120,False,10,1423,5,0.9344399345653281
0,contemp,1.744283203841631e-08,0.00617562189774179,0.9950725979549166,0.06086694819949323,19008,75,5,30,1234,4,FOMC_easing,VIS,calendar,2min,120,False,10,1423,5,0.9950725979549166
1,kalshi_leads_etf,-6.438766086961736e-07,-0.18892606313964547,0.8501507659818509,0.06086694819949323,19008,75,5,30,1234,4,FOMC_easing,VIS,calendar,2min,120,False,10,1423,5,0.9344399345653281
2,kalshi_leads_etf,3.932636399873641e-07,0.13837659337198432,0.889942794824122,0.06086694819949323,19008,75,5,30,1234,4,FOMC_easing,VIS,calendar,2min,120,False,10,1423,5,0.9344399345653281
3,kalshi_leads_etf,1.105122969237157e-05,1.5787946357692275,0.1143831694121734,0.06086694819949323,19008,75,5,30,1234,4,FOMC_easing,VIS,calendar,2min,120,False,10,1423,5,0.6084767359091475
4,kalshi_leads_etf,3.196647994216141e-06,1.7258089299309425,0.08438179276598648,0.06086694819949323,19008,75,5,30,1234,4,FOMC_easing,VIS,calendar,2min,120,False,10,1423,5,0.6084767359091475
5,kalshi_leads_etf,-9.683825275209047e-06,-1.1325172682842197,0.2574170286472264,0.06086694819949323,19008,75,5,30,1234,4,FOMC_easing,VIS,calendar,2min,120,False,10,1423,5,0.9009596002652923
6,kalshi_leads_etf,-3.4952527650814506e-06,-0.9280476489667394,0.3533828535035447,0.06086694819949323,19008,75,5,30,1234,4,FOMC_easing,VIS,calendar,2min,120,False,10,1423,5,0.9276299904468049
7,kalshi_leads_etf,1.7988983487637952e-06,0.497390358110045,0.618913803558369,0.06086694819949323,19008,75,5,30,1234,4,FOMC_easing,VIS,calendar,2min,120,False,10,1423,5,0.9344399345653281
8,kalshi_leads_etf,1.138590851050081e-06,0.2231430215069519,0.8234241960455121,0.06086694819949323,19008,75,5,30,1234,4,FOMC_easing,VIS,calendar,2min,120,False,10,1423,5,0.9344399345653281
9,kalshi_leads_etf,-3.845710221892188e-06,-0.7254083609286991,0.46820154530856295,0.06086694819949323,19008,75,5,30,1234,4,FOMC_easing,VIS,calendar,2min,120,False,10,1423,5,0.9344399345653281
10,kalshi_leads_etf,9.935281654104877e-07,0.1999154487123583,0.8415467080074219,0.06086694819949323,19008,75,5,30,1234,4,FOMC_easing,VIS,calendar,2min,120,False,10,1423,5,0.9344399345653281
-10,etf_leads_kalshi,1.3855112856431459e-05,1.844313580578618,0.06513745344966004,0.04023880600235885,6069,75,5,29,816,3,FOMC_easing,VIS,calendar,5min,300,False,10,1197,5,0.6839432612214305
-9,etf_leads_kalshi,2.1882015509842006e-06,0.2692020994221738,0.7877741647842579,0.04023880600235885,6069,75,5,29,816,3,FOMC_easing,VIS,calendar,5min,300,False,10,1197,5,0.9885465933080231
-8,etf_leads_kalshi,-3.936385079154089e-06,-0.3869868046800563,0.6987659767066088,0.04023880600235885,6069,75,5,29,816,3,FOMC_easing,VIS,calendar,5min,300,False,10,1197,5,0.9885465933080231
-7,etf_leads_kalshi,1.0095937313604601e-05,1.3569564042483098,0.17479506312283977,0.04023880600235885,6069,75,5,29,816,3,FOMC_easing,VIS,calendar,5min,300,False,10,1197,5,0.872991899477186
-6,etf_leads_kalshi,-5.783600617551649e-06,-0.8794498995349367,0.37915738647407315,0.04023880600235885,6069,75,5,29,816,3,FOMC_easing,VIS,calendar,5min,300,False,10,1197,5,0.872991899477186
-5,etf_leads_kalshi,6.982981503316269e-06,0.8327117332342368,0.4050073255922616,0.04023880600235885,6069,75,5,29,816,3,FOMC_easing,VIS,calendar,5min,300,False,10,1197,5,0.872991899477186
-4,etf_leads_kalshi,3.2893863576731216e-06,0.3166249188175617,0.7515282254150552,0.04023880600235885,6069,75,5,29,816,3,FOMC_easing,VIS,calendar,5min,300,False,10,1197,5,0.9885465933080231
-3,etf_leads_kalshi,-1.2549295039329016e-06,-0.10252936811092186,0.9183365032934816,0.04023880600235885,6069,75,5,29,816,3,FOMC_easing,VIS,calendar,5min,300,False,10,1197,5,0.9885465933080231
-2,etf_leads_kalshi,-1.2140920615555364e-06,-0.15943520230596875,0.8733260061816321,0.04023880600235885,6069,75,5,29,816,3,FOMC_easing,VIS,calendar,5min,300,False,10,1197,5,0.9885465933080231
-1,etf_leads_kalshi,-8.654923476769667e-06,-0.8917084920738276,0.3725492006078368,0.04023880600235885,6069,75,5,29,816,3,FOMC_easing,VIS,calendar,5min,300,False,10,1197,5,0.872991899477186
0,contemp,-1.1880809328546588e-05,-0.7676672080725405,0.44268492268753257,0.04023880600235885,6069,75,5,29,816,3,FOMC_easing,VIS,calendar,5min,300,False,10,1197,5,0.872991899477186
1,kalshi_leads_etf,-1.4243133639505721e-07,-0.014355209546794338,0.9885465933080231,0.04023880600235885,6069,75,5,29,816,3,FOMC_easing,VIS,calendar,5min,300,False,10,1197,5,0.9885465933080231
2,kalshi_leads_etf,-1.7093544307748054e-05,-0.7433307298690446,0.4572814711547165,0.04023880600235885,6069,75,5,29,816,3,FOMC_easing,VIS,calendar,5min,300,False,10,1197,5,0.872991899477186
3,kalshi_leads_etf,-1.7177900549847077e-07,-0.016529038684561754,0.986812335729767,0.04023880600235885,6069,75,5,29,816,3,FOMC_easing,VIS,calendar,5min,300,False,10,1197,5,0.9885465933080231
4,kalshi_leads_etf,3.942415834311227e-06,0.3462691242363415,0.7291404702711123,0.04023880600235885,6069,75,5,29,816,3,FOMC_easing,VIS,calendar,5min,300,False,10,1197,5,0.9885465933080231
5,kalshi_leads_etf,2.4889898769723976e-06,0.3406820753864644,0.7333429340623745,0.04023880600235885,6069,75,5,29,816,3,FOMC_easing,VIS,calendar,5min,300,False,10,1197,5,0.9885465933080231
6,kalshi_leads_etf,2.453847024363624e-07,0.045967041628226575,0.9633365190994121,0.04023880600235885,6069,75,5,29,816,3,FOMC_easing,VIS,calendar,5min,300,False,10,1197,5,0.9885465933080231
7,kalshi_leads_etf,-5.533695681676654e-06,-0.7993918529733798,0.4240632329841355,0.04023880600235885,6069,75,5,29,816,3,FOMC_easing,VIS,calendar,5min,300,False,10,1197,5,0.872991899477186
8,kalshi_leads_etf,-1.0328291903319202e-05,-1.3774804128229534,0.16836376652192164,0.04023880600235885,6069,75,5,29,816,3,FOMC_easing,VIS,calendar,5min,300,False,10,1197,5,0.872991899477186
9,kalshi_leads_etf,-1.659469280183191e-05,-2.7623412604993773,0.0057388460313091355,0.04023880600235885,6069,75,5,29,816,3,FOMC_easing,VIS,calendar,5min,300,False,10,1197,5,0.12051576665749185
10,kalshi_leads_etf,-6.522394228268249e-06,-1.1178351356460157,0.2636374122768317,0.04023880600235885,6069,75,5,29,816,3,FOMC_easing,VIS,calendar,5min,300,False,10,1197,5,0.872991899477186
-10,etf_leads_kalshi,5.928220728203033e-06,0.24070755403956165,0.8097817838167227,0.018854245408909787,1790,71,5,26,417,0,FOMC_easing,VIS,calendar,10min,600,True,10,978,5,0.9128377808492175
-9,etf_leads_kalshi,-1.4231835447821046e-05,-0.5028347960438531,0.6150804272740151,0.018854245408909787,1790,71,5,26,417,0,FOMC_easing,VIS,calendar,10min,600,True,10,978,5,0.9128377808492175
-8,etf_leads_kalshi,-7.354271328925433e-06,-0.23586785649387534,0.8135352113815144,0.018854245408909787,1790,71,5,26,417,0,FOMC_easing,VIS,calendar,10min,600,True,10,978,5,0.9128377808492175
-7,etf_leads_kalshi,5.457954312810975e-06,0.21307499771655422,0.8312684657786964,0.018854245408909787,1790,71,5,26,417,0,FOMC_easing,VIS,calendar,10min,600,True,10,978,5,0.9128377808492175
-6,etf_leads_kalshi,-5.1915052470741206e-05,-2.4812720577294476,0.013091441108692713,0.018854245408909787,1790,71,5,26,417,0,FOMC_easing,VIS,calendar,10min,600,True,10,978,5,0.09616873051800569
-5,etf_leads_kalshi,-4.505703892934659e-05,-3.219291564646166,0.0012850774784539066,0.018854245408909787,1790,71,5,26,417,0,FOMC_easing,VIS,calendar,10min,600,True,10,978,5,0.02698662704753204
-4,etf_leads_kalshi,2.8302310775459724e-06,0.1094598305527824,0.9128377808492175,0.018854245408909787,1790,71,5,26,417,0,FOMC_easing,VIS,calendar,10min,600,True,10,978,5,0.9128377808492175
-3,etf_leads_kalshi,-3.2352886272081402e-06,-0.21169944828855422,0.8323415185474329,0.018854245408909787,1790,71,5,26,417,0,FOMC_easing,VIS,calendar,10min,600,True,10,978,5,0.9128377808492175
-2,etf_leads_kalshi,-6.880369013000626e-06,-0.3480631823715585,0.7277927337572629,0.018854245408909787,1790,71,5,26,417,0,FOMC_easing,VIS,calendar,10min,600,True,10,978,5,0.9128377808492175
-1,etf_leads_kalshi,-9.607243341196304e-06,-0.49319435131121203,0.6218752687594948,0.018854245408909787,1790,71,5,26,417,0,FOMC_easing,VIS,calendar,10min,600,True,10,978,5,0.9128377808492175
0,contemp,-3.8739932353457666e-05,-2.3591296771093186,0.018317853432001083,0.018854245408909787,1790,71,5,26,417,0,FOMC_easing,VIS,calendar,10min,600,True,10,978,5,0.09616873051800569
1,kalshi_leads_etf,-5.0776483706357686e-05,-1.443674955875031,0.14883042935418056,0.018854245408909787,1790,71,5,26,417,0,FOMC_easing,VIS,calendar,10min,600,True,10,978,5,0.4464912880625417
2,kalshi_leads_etf,-5.808368336940551e-06,-0.14461602593879508,0.8850140433842583,0.018854245408909787,1790,71,5,26,417,0,FOMC_easing,VIS,calendar,10min,600,True,10,978,5,0.9128377808492175
3,kalshi_leads_etf,-2.265278362138088e-05,-1.6186885556615325,0.10551429047440777,0.018854245408909787,1790,71,5,26,417,0,FOMC_easing,VIS,calendar,10min,600,True,10,978,5,0.3693000166604272
4,kalshi_leads_etf,-4.188784363287017e-05,-2.139851637496565,0.032366758579581226,0.018854245408909787,1790,71,5,26,417,0,FOMC_easing,VIS,calendar,10min,600,True,10,978,5,0.13594038603424116
5,kalshi_leads_etf,-3.9257922927620864e-05,-2.4234233016676754,0.015374999529017953,0.018854245408909787,1790,71,5,26,417,0,FOMC_easing,VIS,calendar,10min,600,True,10,978,5,0.09616873051800569
6,kalshi_leads_etf,6.557726036408867e-06,0.4063681193846528,0.6844721406880014,0.018854245408909787,1790,71,5,26,417,0,FOMC_easing,VIS,calendar,10min,600,True,10,978,5,0.9128377808492175
7,kalshi_leads_etf,-1.085508985964134e-05,-1.0017290967598314,0.31647444970924277,0.018854245408909787,1790,71,5,26,417,0,FOMC_easing,VIS,calendar,10min,600,True,10,978,5,0.8210338709726749
8,kalshi_leads_etf,-1.4513532833589786e-05,-0.9309650198303903,0.3518716589882892,0.018854245408909787,1790,71,5,26,417,0,FOMC_easing,VIS,calendar,10min,600,True,10,978,5,0.8210338709726749
9,kalshi_leads_etf,5.362425042665622e-06,0.4324546990755815,0.6654109701506521,0.018854245408909787,1790,71,5,26,417,0,FOMC_easing,VIS,calendar,10min,600,True,10,978,5,0.9128377808492175
10,kalshi_leads_etf,-2.0936986873974088e-06,-0.1737421489678354,0.8620681111646014,0.018854245408909787,1790,71,5,26,417,0,FOMC_easing,VIS,calendar,10min,600,True,10,978,5,0.9128377808492175
-10,etf_leads_kalshi,5.514283050446511e-07,0.7012486106151602,0.48314787816665306,0.026984598456426534,83852,75,5,30,1567,4,FOMC_easing,VNQ,calendar,30s,30,False,10,1620,5,0.797994237555674
-9,etf_leads_kalshi,1.79483366573593e-07,0.2984524043679822,0.7653578974608767,0.026984598456426534,83852,75,5,30,1567,4,FOMC_easing,VNQ,calendar,30s,30,False,10,1620,5,0.984790335073611
-8,etf_leads_kalshi,2.2735183929695875e-07,0.15919583775370466,0.8735145830362605,0.026984598456426534,83852,75,5,30,1567,4,FOMC_easing,VNQ,calendar,30s,30,False,10,1620,5,0.984790335073611
-7,etf_leads_kalshi,1.953959808617607e-06,2.426407374737869,0.015249142357112761,0.026984598456426534,83852,75,5,30,1567,4,FOMC_easing,VNQ,calendar,30s,30,False,10,1620,5,0.160115994749684
-6,etf_leads_kalshi,-1.1368687430807316e-06,-1.0017778824807968,0.31645088167559876,0.026984598456426534,83852,75,5,30,1567,4,FOMC_easing,VNQ,calendar,30s,30,False,10,1620,5,0.797994237555674
-5,etf_leads_kalshi,4.393175595395364e-07,0.6510260487907752,0.5150296718920879,0.026984598456426534,83852,75,5,30,1567,4,FOMC_easing,VNQ,calendar,30s,30,False,10,1620,5,0.797994237555674
-4,etf_leads_kalshi,1.6206053057525374e-07,0.09720009130070664,0.9225674955423081,0.026984598456426534,83852,75,5,30,1567,4,FOMC_easing,VNQ,calendar,30s,30,False,10,1620,5,0.984790335073611
-3,etf_leads_kalshi,3.375657934757869e-06,2.0487606354183936,0.0404855267487368,0.026984598456426534,83852,75,5,30,1567,4,FOMC_easing,VNQ,calendar,30s,30,False,10,1620,5,0.28339868724115763
-2,etf_leads_kalshi,1.177340539338088e-06,1.088635138785464,0.27631481477657716,0.026984598456426534,83852,75,5,30,1567,4,FOMC_easing,VNQ,calendar,30s,30,False,10,1620,5,0.797994237555674
-1,etf_leads_kalshi,-1.5968539321098192e-06,-0.9062320268934329,0.3648130546750642,0.026984598456426534,83852,75,5,30,1567,4,FOMC_easing,VNQ,calendar,30s,30,False,10,1620,5,0.797994237555674
0,contemp,-2.5712908927796352e-06,-2.513704119891098,0.011947061924622146,0.026984598456426534,83852,75,5,30,1567,4,FOMC_easing,VNQ,calendar,30s,30,False,10,1620,5,0.160115994749684
1,kalshi_leads_etf,-2.2957917639437936e-08,-0.01906364270582838,0.984790335073611,0.026984598456426534,83852,75,5,30,1567,4,FOMC_easing,VNQ,calendar,30s,30,False,10,1620,5,0.984790335073611
2,kalshi_leads_etf,-7.528889769846712e-07,-0.721722877207826,0.4704648739043349,0.026984598456426534,83852,75,5,30,1567,4,FOMC_easing,VNQ,calendar,30s,30,False,10,1620,5,0.797994237555674
3,kalshi_leads_etf,3.46345175020971e-07,0.2555275970482637,0.798315631533868,0.026984598456426534,83852,75,5,30,1567,4,FOMC_easing,VNQ,calendar,30s,30,False,10,1620,5,0.984790335073611
4,kalshi_leads_etf,-7.524920868238264e-07,-0.8982517690787601,0.3690513394416187,0.026984598456426534,83852,75,5,30,1567,4,FOMC_easing,VNQ,calendar,30s,30,False,10,1620,5,0.797994237555674
5,kalshi_leads_etf,1.144784150618413e-06,1.8909191153731255,0.05863514230925308,0.026984598456426534,83852,75,5,30,1567,4,FOMC_easing,VNQ,calendar,30s,30,False,10,1620,5,0.3078344971235787
6,kalshi_leads_etf,5.097082636522057e-07,0.7301959467208984,0.46527041979078687,0.026984598456426534,83852,75,5,30,1567,4,FOMC_easing,VNQ,calendar,30s,30,False,10,1620,5,0.797994237555674
7,kalshi_leads_etf,-6.467346957709515e-08,-0.06002300849821279,0.9521373095938492,0.026984598456426534,83852,75,5,30,1567,4,FOMC_easing,VNQ,calendar,30s,30,False,10,1620,5,0.984790335073611
8,kalshi_leads_etf,-3.2666183782740887e-07,-0.39708192328854064,0.6913070496078967,0.026984598456426534,83852,75,5,30,1567,4,FOMC_easing,VNQ,calendar,30s,30,False,10,1620,5,0.9678298694510553
9,kalshi_leads_etf,-5.639383786606197e-07,-0.6249617566141523,0.5319961583704493,0.026984598456426534,83852,75,5,30,1567,4,FOMC_easing,VNQ,calendar,30s,30,False,10,1620,5,0.797994237555674
10,kalshi_leads_etf,-1.0364203953467413e-06,-1.3198797015602632,0.18687518570726913,0.026984598456426534,83852,75,5,30,1567,4,FOMC_easing,VNQ,calendar,30s,30,False,10,1620,5,0.7848757799705304
-10,etf_leads_kalshi,8.59607986107445e-08,0.04745293398595798,0.96215224128421,0.03452613627197698,40633,75,5,28,1454,2,FOMC_easing,VNQ,calendar,1min,60,False,10,1550,5,0.978037710498693
-9,etf_leads_kalshi,3.350300757410408e-06,0.8595285973954173,0.39004894949354696,0.03452613627197698,40633,75,5,28,1454,2,FOMC_easing,VNQ,calendar,1min,60,False,10,1550,5,0.9163895202832676
-8,etf_leads_kalshi,-1.0649660140557043e-07,-0.05409129244878815,0.9568624297117532,0.03452613627197698,40633,75,5,28,1454,2,FOMC_easing,VNQ,calendar,1min,60,False,10,1550,5,0.978037710498693
-7,etf_leads_kalshi,1.0573874169286589e-06,0.26739045206986833,0.7891685500457793,0.03452613627197698,40633,75,5,28,1454,2,FOMC_easing,VNQ,calendar,1min,60,False,10,1550,5,0.9573999212896024
-6,etf_leads_kalshi,1.106637429885632e-06,0.44336306388926133,0.6575031476865226,0.03452613627197698,40633,75,5,28,1454,2,FOMC_easing,VNQ,calendar,1min,60,False,10,1550,5,0.9205044067611317
-5,etf_leads_kalshi,1.1639849632761177e-06,0.6481982482889493,0.5168567347552127,0.03452613627197698,40633,75,5,28,1454,2,FOMC_easing,VNQ,calendar,1min,60,False,10,1550,5,0.9205044067611317
-4,etf_leads_kalshi,-3.592657265962683e-08,-0.027529124694838116,0.978037710498693,0.03452613627197698,40633,75,5,28,1454,2,FOMC_easing,VNQ,calendar,1min,60,False,10,1550,5,0.978037710498693
-3,etf_leads_kalshi,7.71356829087117e-07,0.527187475114339,0.5980634055145724,0.03452613627197698,40633,75,5,28,1454,2,FOMC_easing,VNQ,calendar,1min,60,False,10,1550,5,0.9205044067611317
-2,etf_leads_kalshi,1.1746775546228596e-06,0.7075347869941443,0.47923420257234783,0.03452613627197698,40633,75,5,28,1454,2,FOMC_easing,VNQ,calendar,1min,60,False,10,1550,5,0.9205044067611317
-1,etf_leads_kalshi,5.4181047346803685e-06,1.7795088853803627,0.0751563694688774,0.03452613627197698,40633,75,5,28,1454,2,FOMC_easing,VNQ,calendar,1min,60,False,10,1550,5,0.7362638827580978
0,contemp,-4.957081068404341e-06,-1.620240825853089,0.10518055467972826,0.03452613627197698,40633,75,5,28,1454,2,FOMC_easing,VNQ,calendar,1min,60,False,10,1550,5,0.7362638827580978
1,kalshi_leads_etf,1.109302202040737e-06,0.5620771062481739,0.5740634857023657,0.03452613627197698,40633,75,5,28,1454,2,FOMC_easing,VNQ,calendar,1min,60,False,10,1550,5,0.9205044067611317
2,kalshi_leads_etf,-1.4030868515098268e-06,-1.059382068361672,0.2894258127636401,0.03452613627197698,40633,75,5,28,1454,2,FOMC_easing,VNQ,calendar,1min,60,False,10,1550,5,0.9163895202832676
3,kalshi_leads_etf,3.100606628130279e-06,2.43344298667257,0.01495599056958297,0.03452613627197698,40633,75,5,28,1454,2,FOMC_easing,VNQ,calendar,1min,60,False,10,1550,5,0.3140758019612424
4,kalshi_leads_etf,3.916020833837423e-07,0.22673667913693324,0.8206285039625163,0.03452613627197698,40633,75,5,28,1454,2,FOMC_easing,VNQ,calendar,1min,60,False,10,1550,5,0.9573999212896024
5,kalshi_leads_etf,3.2668443852769265e-07,0.27205085996051837,0.7855829129615161,0.03452613627197698,40633,75,5,28,1454,2,FOMC_easing,VNQ,calendar,1min,60,False,10,1550,5,0.9573999212896024
6,kalshi_leads_etf,4.883129726970694e-06,0.9416976829713363,0.3463474416592056,0.03452613627197698,40633,75,5,28,1454,2,FOMC_easing,VNQ,calendar,1min,60,False,10,1550,5,0.9163895202832676
7,kalshi_leads_etf,7.558216225991092e-07,0.4965358649246676,0.6195163899145665,0.03452613627197698,40633,75,5,28,1454,2,FOMC_easing,VNQ,calendar,1min,60,False,10,1550,5,0.9205044067611317
8,kalshi_leads_etf,1.5426422080515081e-06,1.0670536936060109,0.28594759048018703,0.03452613627197698,40633,75,5,28,1454,2,FOMC_easing,VNQ,calendar,1min,60,False,10,1550,5,0.9163895202832676
9,kalshi_leads_etf,2.7614048934420637e-06,1.3761419412219233,0.16877769278578236,0.03452613627197698,40633,75,5,28,1454,2,FOMC_easing,VNQ,calendar,1min,60,False,10,1550,5,0.8860828871253574
10,kalshi_leads_etf,-5.05038193595956e-06,-0.8546618689666409,0.3927383658356861,0.03452613627197698,40633,75,5,28,1454,2,FOMC_easing,VNQ,calendar,1min,60,False,10,1550,5,0.9163895202832676
-10,etf_leads_kalshi,5.290889915768596e-06,1.596824364753748,0.11030486322803892,0.03600465462791291,19029,75,5,30,1235,4,FOMC_easing,VNQ,calendar,2min,120,False,10,1423,5,0.5791005319472043
-9,etf_leads_kalshi,3.5863008528913815e-06,1.334439847033653,0.18205974835077177,0.03600465462791291,19029,75,5,30,1235,4,FOMC_easing,VNQ,calendar,2min,120,False,10,1423,5,0.7646509430732414
-8,etf_leads_kalshi,1.4068086150682355e-06,0.47463381939731114,0.635047996603519,0.03600465462791291,19029,75,5,30,1235,4,FOMC_easing,VNQ,calendar,2min,120,False,10,1423,5,0.9864860046630216
-7,etf_leads_kalshi,1.742543532109218e-06,0.5747607872197527,0.565453090094981,0.03600465462791291,19029,75,5,30,1235,4,FOMC_easing,VNQ,calendar,2min,120,False,10,1423,5,0.9864860046630216
-6,etf_leads_kalshi,-4.2770751477927126e-06,-1.881769872014443,0.05986726811956406,0.03600465462791291,19029,75,5,30,1235,4,FOMC_easing,VNQ,calendar,2min,120,False,10,1423,5,0.41907087683694844
-5,etf_leads_kalshi,-8.697654468759318e-07,-0.22710637340255657,0.820341028270446,0.03600465462791291,19029,75,5,30,1235,4,FOMC_easing,VNQ,calendar,2min,120,False,10,1423,5,0.9864860046630216
-4,etf_leads_kalshi,6.395853453988277e-06,1.102947329187316,0.27005003900984126,0.03600465462791291,19029,75,5,30,1235,4,FOMC_easing,VNQ,calendar,2min,120,False,10,1423,5,0.8719724374359628
-3,etf_leads_kalshi,1.767443379967238e-06,0.24865529471587025,0.8036274324564463,0.03600465462791291,19029,75,5,30,1235,4,FOMC_easing,VNQ,calendar,2min,120,False,10,1423,5,0.9864860046630216
-2,etf_leads_kalshi,4.457877003146281e-07,0.11905593125288735,0.9052310441094711,0.03600465462791291,19029,75,5,30,1235,4,FOMC_easing,VNQ,calendar,2min,120,False,10,1423,5,0.992100425790318
-1,etf_leads_kalshi,1.9829668688285867e-06,0.48690612197548727,0.626324860305963,0.03600465462791291,19029,75,5,30,1235,4,FOMC_easing,VNQ,calendar,2min,120,False,10,1423,5,0.9864860046630216
0,contemp,2.5126129801787332e-06,0.7760197834639843,0.43773730491502205,0.03600465462791291,19029,75,5,30,1235,4,FOMC_easing,VNQ,calendar,2min,120,False,10,1423,5,0.9864860046630216
1,kalshi_leads_etf,-1.8062493130841546e-06,-0.3960512611081418,0.6920672125800063,0.03600465462791291,19029,75,5,30,1235,4,FOMC_easing,VNQ,calendar,2min,120,False,10,1423,5,0.9864860046630216
2,kalshi_leads_etf,3.072733146390338e-07,0.050642746969820185,0.9596101993519079,0.03600465462791291,19029,75,5,30,1235,4,FOMC_easing,VNQ,calendar,2min,120,False,10,1423,5,0.992100425790318
3,kalshi_leads_etf,8.656715615880276e-06,0.7470542664647227,0.45503080469827617,0.03600465462791291,19029,75,5,30,1235,4,FOMC_easing,VNQ,calendar,2min,120,False,10,1423,5,0.9864860046630216
4,kalshi_leads_etf,-3.091791517917489e-08,-0.009900809789575893,0.992100425790318,0.03600465462791291,19029,75,5,30,1235,4,FOMC_easing,VNQ,calendar,2min,120,False,10,1423,5,0.992100425790318
5,kalshi_leads_etf,-4.826036832693971e-06,-0.477213334042716,0.6332102170715656,0.03600465462791291,19029,75,5,30,1235,4,FOMC_easing,VNQ,calendar,2min,120,False,10,1423,5,0.9864860046630216
6,kalshi_leads_etf,-6.410444260266682e-06,-2.221279653440248,0.02633202607680553,0.03600465462791291,19029,75,5,30,1235,4,FOMC_easing,VNQ,calendar,2min,120,False,10,1423,5,0.27648627380645807
7,kalshi_leads_etf,1.0031287375592187e-05,2.747785374796258,0.005999927001725653,0.03600465462791291,19029,75,5,30,1235,4,FOMC_easing,VNQ,calendar,2min,120,False,10,1423,5,0.1259984670362387
8,kalshi_leads_etf,1.1299568116939914e-06,0.19478734140853476,0.8455594325683042,0.03600465462791291,19029,75,5,30,1235,4,FOMC_easing,VNQ,calendar,2min,120,False,10,1423,5,0.9864860046630216
9,kalshi_leads_etf,5.259198236081268e-06,1.0566803867725607,0.2906574791453209,0.03600465462791291,19029,75,5,30,1235,4,FOMC_easing,VNQ,calendar,2min,120,False,10,1423,5,0.8719724374359628
10,kalshi_leads_etf,1.0981143742035824e-06,0.277328983036969,0.7815275067652478,0.03600465462791291,19029,75,5,30,1235,4,FOMC_easing,VNQ,calendar,2min,120,False,10,1423,5,0.9864860046630216
-10,etf_leads_kalshi,5.767367653325034e-06,0.4674708599021589,0.6401630358051489,0.040903989060997015,6078,75,5,29,816,3,FOMC_easing,VNQ,calendar,5min,300,False,10,1197,5,0.892783862854254
-9,etf_leads_kalshi,6.157483857499971e-06,0.7743152963891228,0.4387443601579831,0.040903989060997015,6078,75,5,29,816,3,FOMC_easing,VNQ,calendar,5min,300,False,10,1197,5,0.81565558405764
-8,etf_leads_kalshi,-5.396241639853853e-06,-0.6667534247965242,0.5049296472737772,0.040903989060997015,6078,75,5,29,816,3,FOMC_easing,VNQ,calendar,5min,300,False,10,1197,5,0.81565558405764
-7,etf_leads_kalshi,3.935853863930484e-06,0.29201641273508433,0.7702740750853543,0.040903989060997015,6078,75,5,29,816,3,FOMC_easing,VNQ,calendar,5min,300,False,10,1197,5,0.9114469061305585
-6,etf_leads_kalshi,3.4338462276152163e-06,0.4512295464558204,0.6518241167236383,0.040903989060997015,6078,75,5,29,816,3,FOMC_easing,VNQ,calendar,5min,300,False,10,1197,5,0.892783862854254
-5,etf_leads_kalshi,-2.3847253168351704e-05,-2.644012155819755,0.00819297137827655,0.040903989060997015,6078,75,5,29,816,3,FOMC_easing,VNQ,calendar,5min,300,False,10,1197,5,0.17205239894380756
-4,etf_leads_kalshi,1.1302386159018386e-05,1.4591921133100159,0.14451223889141296,0.040903989060997015,6078,75,5,29,816,3,FOMC_easing,VNQ,calendar,5min,300,False,10,1197,5,0.7586892541799181
-3,etf_leads_kalshi,7.564612553098678e-07,0.07869604228445955,0.9372743935181704,0.040903989060997015,6078,75,5,29,816,3,FOMC_easing,VNQ,calendar,5min,300,False,10,1197,5,0.984138113194079
-2,etf_leads_kalshi,-2.2128375661964133e-06,-0.17947242718465622,0.8575667657247374,0.040903989060997015,6078,75,5,29,816,3,FOMC_easing,VNQ,calendar,5min,300,False,10,1197,5,0.9478369515904993
-1,etf_leads_kalshi,1.0743913923565834e-05,0.8401463713780589,0.40082632294638865,0.040903989060997015,6078,75,5,29,816,3,FOMC_easing,VNQ,calendar,5min,300,False,10,1197,5,0.81565558405764
0,contemp,4.311921822565184e-06,0.41216801862918906,0.680216276460384,0.040903989060997015,6078,75,5,29,816,3,FOMC_easing,VNQ,calendar,5min,300,False,10,1197,5,0.892783862854254
1,kalshi_leads_etf,-8.623929121125445e-06,-0.685756719538665,0.4928665329710117,0.040903989060997015,6078,75,5,29,816,3,FOMC_easing,VNQ,calendar,5min,300,False,10,1197,5,0.81565558405764
2,kalshi_leads_etf,-1.5525248802253713e-05,-0.7408911128239355,0.4587594644769586,0.040903989060997015,6078,75,5,29,816,3,FOMC_easing,VNQ,calendar,5min,300,False,10,1197,5,0.81565558405764
3,kalshi_leads_etf,1.8900938805673177e-05,1.5741453508610168,0.11545385008574724,0.040903989060997015,6078,75,5,29,816,3,FOMC_easing,VNQ,calendar,5min,300,False,10,1197,5,0.7586892541799181
4,kalshi_leads_etf,1.869813846950403e-05,1.5932785135951382,0.11109772462310731,0.040903989060997015,6078,75,5,29,816,3,FOMC_easing,VNQ,calendar,5min,300,False,10,1197,5,0.7586892541799181
5,kalshi_leads_etf,9.544870384398324e-08,0.010736436767059992,0.9914337274397498,0.040903989060997015,6078,75,5,29,816,3,FOMC_easing,VNQ,calendar,5min,300,False,10,1197,5,0.9914337274397498
6,kalshi_leads_etf,-7.210343336522466e-06,-0.8579890010079817,0.3908985369266216,0.040903989060997015,6078,75,5,29,816,3,FOMC_easing,VNQ,calendar,5min,300,False,10,1197,5,0.81565558405764
7,kalshi_leads_etf,-8.264874913232858e-06,-1.1237638720503242,0.261113211815313,0.040903989060997015,6078,75,5,29,816,3,FOMC_easing,VNQ,calendar,5min,300,False,10,1197,5,0.81565558405764
8,kalshi_leads_etf,-2.0908454049514237e-06,-0.2777031982889098,0.7812402052547643,0.040903989060997015,6078,75,5,29,816,3,FOMC_easing,VNQ,calendar,5min,300,False,10,1197,5,0.9114469061305585
9,kalshi_leads_etf,-7.210126743517417e-06,-0.8693858965095174,0.3846360945704692,0.040903989060997015,6078,75,5,29,816,3,FOMC_easing,VNQ,calendar,5min,300,False,10,1197,5,0.81565558405764
10,kalshi_leads_etf,5.428354487534905e-06,0.8326655702702497,0.405033367349133,0.040903989060997015,6078,75,5,29,816,3,FOMC_easing,VNQ,calendar,5min,300,False,10,1197,5,0.81565558405764
-10,etf_leads_kalshi,1.214808262840917e-05,0.44722305042220967,0.6547140199969947,0.029204818500406682,1794,71,5,26,418,0,FOMC_easing,VNQ,calendar,10min,600,True,10,978,5,0.7357542959059109
-9,etf_leads_kalshi,-1.6675460685043595e-05,-0.7086001379852627,0.4785726506640774,0.029204818500406682,1794,71,5,26,418,0,FOMC_easing,VNQ,calendar,10min,600,True,10,978,5,0.6700017109297083
-8,etf_leads_kalshi,6.464976343647355e-05,2.2134221060137675,0.026868558001401,0.029204818500406682,1794,71,5,26,418,0,FOMC_easing,VNQ,calendar,10min,600,True,10,978,5,0.14105992950735527
-7,etf_leads_kalshi,-2.399183964096066e-05,-1.180145413405146,0.2379423851454926,0.029204818500406682,1794,71,5,26,418,0,FOMC_easing,VNQ,calendar,10min,600,True,10,978,5,0.41639917400461207
-6,etf_leads_kalshi,-3.021274836647666e-05,-1.2256049232552026,0.22034738425030853,0.029204818500406682,1794,71,5,26,418,0,FOMC_easing,VNQ,calendar,10min,600,True,10,978,5,0.41639917400461207
-5,etf_leads_kalshi,-2.053991705389016e-05,-1.030823224655655,0.3026237250962893,0.029204818500406682,1794,71,5,26,418,0,FOMC_easing,VNQ,calendar,10min,600,True,10,978,5,0.453935587644434
-4,etf_leads_kalshi,-9.655805691451506e-06,-0.4846245868343662,0.627942669712166,0.029204818500406682,1794,71,5,26,418,0,FOMC_easing,VNQ,calendar,10min,600,True,10,978,5,0.7357542959059109
-3,etf_leads_kalshi,6.951559280161042e-06,0.29141333919126744,0.7707352138481337,0.029204818500406682,1794,71,5,26,418,0,FOMC_easing,VNQ,calendar,10min,600,True,10,978,5,0.7707352138481337
-2,etf_leads_kalshi,-3.642260373146054e-05,-1.8797654358776832,0.06014005304333949,0.029204818500406682,1794,71,5,26,418,0,FOMC_easing,VNQ,calendar,10min,600,True,10,978,5,0.25258822278202586
-1,etf_leads_kalshi,-2.339640488790873e-05,-1.0324889710109595,0.3018431116609819,0.029204818500406682,1794,71,5,26,418,0,FOMC_easing,VNQ,calendar,10min,600,True,10,978,5,0.453935587644434
0,contemp,-2.0579475511921506e-05,-1.2700141850753335,0.2040795773624029,0.029204818500406682,1794,71,5,26,418,0,FOMC_easing,VNQ,calendar,10min,600,True,10,978,5,0.41639917400461207
1,kalshi_leads_etf,-8.522863535520308e-05,-2.7318636778432803,0.006297719282980313,0.029204818500406682,1794,71,5,26,418,0,FOMC_easing,VNQ,calendar,10min,600,True,10,978,5,0.04408403498086219
2,kalshi_leads_etf,1.4875875255034381e-05,0.43208111717731607,0.665682458200586,0.029204818500406682,1794,71,5,26,418,0,FOMC_easing,VNQ,calendar,10min,600,True,10,978,5,0.7357542959059109
3,kalshi_leads_etf,-4.30209838156578e-05,-2.847888311960913,0.004401036686658784,0.029204818500406682,1794,71,5,26,418,0,FOMC_easing,VNQ,calendar,10min,600,True,10,978,5,0.04408403498086219
4,kalshi_leads_etf,-6.716424212766625e-05,-3.344989608142614,0.0008228565340014259,0.029204818500406682,1794,71,5,26,418,0,FOMC_easing,VNQ,calendar,10min,600,True,10,978,5,0.017279987214029947
5,kalshi_leads_etf,-3.7827486729666603e-05,-1.450446576188442,0.1469340267925855,0.029204818500406682,1794,71,5,26,418,0,FOMC_easing,VNQ,calendar,10min,600,True,10,978,5,0.34284606251603283
6,kalshi_leads_etf,1.0803616604337902e-05,0.5805201083175581,0.5615639305236653,0.029204818500406682,1794,71,5,26,418,0,FOMC_easing,VNQ,calendar,10min,600,True,10,978,5,0.7357542959059109
7,kalshi_leads_etf,-1.9594311904479674e-05,-1.4902658754534421,0.136154341322907,0.029204818500406682,1794,71,5,26,418,0,FOMC_easing,VNQ,calendar,10min,600,True,10,978,5,0.34284606251603283
8,kalshi_leads_etf,-3.254745231043761e-05,-1.6614554098501086,0.0966220172551432,0.029204818500406682,1794,71,5,26,418,0,FOMC_easing,VNQ,calendar,10min,600,True,10,978,5,0.3381770603930012
9,kalshi_leads_etf,-2.2418620190687984e-05,-1.461184492788632,0.14396481753191964,0.029204818500406682,1794,71,5,26,418,0,FOMC_easing,VNQ,calendar,10min,600,True,10,978,5,0.34284606251603283
10,kalshi_leads_etf,-6.101670120981156e-06,-0.3369576304549503,0.7361488401660244,0.029204818500406682,1794,71,5,26,418,0,FOMC_easing,VNQ,calendar,10min,600,True,10,978,5,0.7707352138481337
-10,etf_leads_kalshi,5.6474955864849984e-08,0.10523905951343498,0.9161861177801783,0.03496743751439324,83764,75,5,28,1566,2,FOMC_easing,VOX,calendar,30s,30,False,10,1620,5,0.9747019179798725
-9,etf_leads_kalshi,2.519709373650672e-07,0.34072306161945065,0.7333120757624124,0.03496743751439324,83764,75,5,28,1566,2,FOMC_easing,VOX,calendar,30s,30,False,10,1620,5,0.9747019179798725
-8,etf_leads_kalshi,-1.5896381396508662e-06,-2.836754444937816,0.004557464809552047,0.03496743751439324,83764,75,5,28,1566,2,FOMC_easing,VOX,calendar,30s,30,False,10,1620,5,0.04785338050029649
-7,etf_leads_kalshi,-6.6748654413508e-07,-1.0928470284957208,0.2744609692566342,0.03496743751439324,83764,75,5,28,1566,2,FOMC_easing,VOX,calendar,30s,30,False,10,1620,5,0.7204600442986648
-6,etf_leads_kalshi,-3.1581625567211635e-07,-0.59524529614623,0.5516795164103719,0.03496743751439324,83764,75,5,28,1566,2,FOMC_easing,VOX,calendar,30s,30,False,10,1620,5,0.9654391537181509
-5,etf_leads_kalshi,1.595599536354274e-06,2.460904797538701,0.013858713511631642,0.03496743751439324,83764,75,5,28,1566,2,FOMC_easing,VOX,calendar,30s,30,False,10,1620,5,0.07275824593606613
-4,etf_leads_kalshi,5.431530392671577e-07,0.7247279236112169,0.4686189609377728,0.03496743751439324,83764,75,5,28,1566,2,FOMC_easing,VOX,calendar,30s,30,False,10,1620,5,0.8946361981539298
-3,etf_leads_kalshi,1.536582420576428e-07,0.21388462259950203,0.8306370321472782,0.03496743751439324,83764,75,5,28,1566,2,FOMC_easing,VOX,calendar,30s,30,False,10,1620,5,0.9747019179798725
-2,etf_leads_kalshi,4.914933024250865e-07,0.7753608630532772,0.43812645444116516,0.03496743751439324,83764,75,5,28,1566,2,FOMC_easing,VOX,calendar,30s,30,False,10,1620,5,0.8946361981539298
-1,etf_leads_kalshi,3.8433196968624607e-08,0.03171175811996747,0.9747019179798725,0.03496743751439324,83764,75,5,28,1566,2,FOMC_easing,VOX,calendar,30s,30,False,10,1620,5,0.9747019179798725
0,contemp,-1.2105452508070927e-06,-1.6659637032338703,0.09572064407701882,0.03496743751439324,83764,75,5,28,1566,2,FOMC_easing,VOX,calendar,30s,30,False,10,1620,5,0.40202670512347904
1,kalshi_leads_etf,-5.22124380965474e-07,-0.5090624382898523,0.6107084592655594,0.03496743751439324,83764,75,5,28,1566,2,FOMC_easing,VOX,calendar,30s,30,False,10,1620,5,0.9747019179798725
2,kalshi_leads_etf,-1.58405579896366e-07,-0.3144828641617048,0.7531543291943036,0.03496743751439324,83764,75,5,28,1566,2,FOMC_easing,VOX,calendar,30s,30,False,10,1620,5,0.9747019179798725
3,kalshi_leads_etf,1.5371813087913655e-07,0.11114354941149908,0.9115025152101383,0.03496743751439324,83764,75,5,28,1566,2,FOMC_easing,VOX,calendar,30s,30,False,10,1620,5,0.9747019179798725
4,kalshi_leads_etf,-6.657853772061606e-08,-0.08257560764160138,0.9341889973021562,0.03496743751439324,83764,75,5,28,1566,2,FOMC_easing,VOX,calendar,30s,30,False,10,1620,5,0.9747019179798725
5,kalshi_leads_etf,1.0003693092351469e-06,1.199858782867818,0.23019418988610052,0.03496743751439324,83764,75,5,28,1566,2,FOMC_easing,VOX,calendar,30s,30,False,10,1620,5,0.6905825696583016
6,kalshi_leads_etf,1.0025361504214698e-06,1.3507368285697041,0.17677975037271254,0.03496743751439324,83764,75,5,28,1566,2,FOMC_easing,VOX,calendar,30s,30,False,10,1620,5,0.618729126304494
7,kalshi_leads_etf,1.098753972593962e-06,2.5913697465790237,0.009559472165698753,0.03496743751439324,83764,75,5,28,1566,2,FOMC_easing,VOX,calendar,30s,30,False,10,1620,5,0.06691630515989128
8,kalshi_leads_etf,-7.595453456291847e-07,-0.8703446705900625,0.3841120738107905,0.03496743751439324,83764,75,5,28,1566,2,FOMC_easing,VOX,calendar,30s,30,False,10,1620,5,0.8946361981539298
9,kalshi_leads_etf,1.3055259350536276e-06,2.84192248975848,0.004484239233595113,0.03496743751439324,83764,75,5,28,1566,2,FOMC_easing,VOX,calendar,30s,30,False,10,1620,5,0.04785338050029649
10,kalshi_leads_etf,-1.5034425016871638e-07,-0.19015441380482156,0.8491881318043426,0.03496743751439324,83764,75,5,28,1566,2,FOMC_easing,VOX,calendar,30s,30,False,10,1620,5,0.9747019179798725
-10,etf_leads_kalshi,-1.2655923560434268e-06,-0.8205186848718183,0.4119204819630994,0.03210787882366506,40590,75,5,28,1453,2,FOMC_easing,VOX,calendar,1min,60,False,10,1550,5,0.6654100093250067
-9,etf_leads_kalshi,4.863610591365124e-06,2.3561847917746235,0.01846373011630556,0.03210787882366506,40590,75,5,28,1453,2,FOMC_easing,VOX,calendar,1min,60,False,10,1550,5,0.12924611081413892
-8,etf_leads_kalshi,-4.766840910927465e-07,-0.6804434317209188,0.4962237285677874,0.03210787882366506,40590,75,5,28,1453,2,FOMC_easing,VOX,calendar,1min,60,False,10,1550,5,0.6947132199949023
-7,etf_leads_kalshi,-7.573989477800239e-07,-0.2845612330415563,0.7759803153141427,0.03210787882366506,40590,75,5,28,1453,2,FOMC_easing,VOX,calendar,1min,60,False,10,1550,5,0.946602755496827
-6,etf_leads_kalshi,1.9475546573113437e-07,0.12373331371177902,0.9015264338065019,0.03210787882366506,40590,75,5,28,1453,2,FOMC_easing,VOX,calendar,1min,60,False,10,1550,5,0.946602755496827
-5,etf_leads_kalshi,-1.813873130532201e-06,-1.3842264999883718,0.1662891114896623,0.03210787882366506,40590,75,5,28,1453,2,FOMC_easing,VOX,calendar,1min,60,False,10,1550,5,0.5071376927659285
-4,etf_leads_kalshi,-1.2074200552103643e-06,-1.1832251107472112,0.2367199436298102,0.03210787882366506,40590,75,5,28,1453,2,FOMC_easing,VOX,calendar,1min,60,False,10,1550,5,0.5071376927659285
-3,etf_leads_kalshi,-1.8964206187170746e-06,-1.6633943429658529,0.09623352476111963,0.03210787882366506,40590,75,5,28,1453,2,FOMC_easing,VOX,calendar,1min,60,False,10,1550,5,0.43367130730987496
-2,etf_leads_kalshi,3.4880191228018154e-06,3.1275181865618453,0.001762889128698276,0.03210787882366506,40590,75,5,28,1453,2,FOMC_easing,VOX,calendar,1min,60,False,10,1550,5,0.03702067170266379
-1,etf_leads_kalshi,-3.073791145462671e-07,-0.17500764830356078,0.8610736238575242,0.03210787882366506,40590,75,5,28,1453,2,FOMC_easing,VOX,calendar,1min,60,False,10,1550,5,0.946602755496827
0,contemp,-2.206621689280942e-08,-0.009467743504966535,0.992445946487166,0.03210787882366506,40590,75,5,28,1453,2,FOMC_easing,VOX,calendar,1min,60,False,10,1550,5,0.992445946487166
1,kalshi_leads_etf,2.3098180992845292e-07,0.14641526783100117,0.8835935752081346,0.03210787882366506,40590,75,5,28,1453,2,FOMC_easing,VOX,calendar,1min,60,False,10,1550,5,0.946602755496827
2,kalshi_leads_etf,-2.2067934895423452e-06,-1.6292737848614878,0.10325507316901784,0.03210787882366506,40590,75,5,28,1453,2,FOMC_easing,VOX,calendar,1min,60,False,10,1550,5,0.43367130730987496
3,kalshi_leads_etf,2.200367735474064e-06,1.1828297403614751,0.23687663133980108,0.03210787882366506,40590,75,5,28,1453,2,FOMC_easing,VOX,calendar,1min,60,False,10,1550,5,0.5071376927659285
4,kalshi_leads_etf,8.306641249272403e-07,0.7052790548259416,0.48063659236905376,0.03210787882366506,40590,75,5,28,1453,2,FOMC_easing,VOX,calendar,1min,60,False,10,1550,5,0.6947132199949023
5,kalshi_leads_etf,3.199552113004062e-06,2.6100152600877373,0.009053818379075429,0.03210787882366506,40590,75,5,28,1453,2,FOMC_easing,VOX,calendar,1min,60,False,10,1550,5,0.095065092980292
6,kalshi_leads_etf,4.68272669349005e-06,1.1872416127059942,0.23513233127672262,0.03210787882366506,40590,75,5,28,1453,2,FOMC_easing,VOX,calendar,1min,60,False,10,1550,5,0.5071376927659285
7,kalshi_leads_etf,-3.0860104816708683e-06,-1.171260360858011,0.24149413941234688,0.03210787882366506,40590,75,5,28,1453,2,FOMC_easing,VOX,calendar,1min,60,False,10,1550,5,0.5071376927659285
8,kalshi_leads_etf,-6.156912580832423e-07,-0.36732843250801633,0.7133740481340752,0.03210787882366506,40590,75,5,28,1453,2,FOMC_easing,VOX,calendar,1min,60,False,10,1550,5,0.9363034381759738
9,kalshi_leads_etf,-1.3135393345667664e-06,-1.0276958359962847,0.30409292716552594,0.03210787882366506,40590,75,5,28,1453,2,FOMC_easing,VOX,calendar,1min,60,False,10,1550,5,0.5805410427705495
10,kalshi_leads_etf,-4.7511155110209354e-06,-0.8858506340972719,0.3756980206563125,0.03210787882366506,40590,75,5,28,1453,2,FOMC_easing,VOX,calendar,1min,60,False,10,1550,5,0.6574715361485469
-10,etf_leads_kalshi,4.274754038565332e-06,1.2537539564991207,0.20993144948115872,0.03476973447667964,19008,75,5,28,1234,2,FOMC_easing,VOX,calendar,2min,120,False,10,1423,5,0.5510700548880416
-9,etf_leads_kalshi,-2.7089366622019604e-06,-1.4155412994414727,0.15690984837296587,0.03476973447667964,19008,75,5,28,1234,2,FOMC_easing,VOX,calendar,2min,120,False,10,1423,5,0.5378738739830096
-8,etf_leads_kalshi,-1.0535031411471775e-06,-0.34976954636702545,0.7265116556247975,0.03476973447667964,19008,75,5,28,1234,2,FOMC_easing,VOX,calendar,2min,120,False,10,1423,5,0.8642937882406742
-7,etf_leads_kalshi,-7.052421413911677e-07,-0.22351213302329892,0.8231369411815944,0.03476973447667964,19008,75,5,28,1234,2,FOMC_easing,VOX,calendar,2min,120,False,10,1423,5,0.8642937882406742
-6,etf_leads_kalshi,-4.356374829684217e-06,-1.1496296835106912,0.2502964269445972,0.03476973447667964,19008,75,5,28,1234,2,FOMC_easing,VOX,calendar,2min,120,False,10,1423,5,0.5840249962040601
-5,etf_leads_kalshi,-2.330423809088823e-06,-0.8937224923362619,0.37147038793149223,0.03476973447667964,19008,75,5,28,1234,2,FOMC_easing,VOX,calendar,2min,120,False,10,1423,5,0.7091707405964851
-4,etf_leads_kalshi,5.1177895598151755e-06,1.6452535942391815,0.09991752536999993,0.03476973447667964,19008,75,5,28,1234,2,FOMC_easing,VOX,calendar,2min,120,False,10,1423,5,0.5245670081924997
-3,etf_leads_kalshi,-3.4112403885530414e-06,-0.5813953390894582,0.5609740380461787,0.03476973447667964,19008,75,5,28,1234,2,FOMC_easing,VOX,calendar,2min,120,False,10,1423,5,0.8642937882406742
-2,etf_leads_kalshi,-3.4038796211564396e-06,-1.7127334321827477,0.08676159160161845,0.03476973447667964,19008,75,5,28,1234,2,FOMC_easing,VOX,calendar,2min,120,False,10,1423,5,0.5245670081924997
-1,etf_leads_kalshi,1.1924783556993927e-06,0.32194970074477197,0.747490800257976,0.03476973447667964,19008,75,5,28,1234,2,FOMC_easing,VOX,calendar,2min,120,False,10,1423,5,0.8642937882406742
0,contemp,-6.437904446159104e-07,-0.2572018398916438,0.7970229637491455,0.03476973447667964,19008,75,5,28,1234,2,FOMC_easing,VOX,calendar,2min,120,False,10,1423,5,0.8642937882406742
1,kalshi_leads_etf,2.430617438068908e-06,1.0830151607820977,0.27880169376228514,0.03476973447667964,19008,75,5,28,1234,2,FOMC_easing,VOX,calendar,2min,120,False,10,1423,5,0.5854835569007988
2,kalshi_leads_etf,-1.8810867410337345e-08,-0.005506976104420131,0.9956060909984403,0.03476973447667964,19008,75,5,28,1234,2,FOMC_easing,VOX,calendar,2min,120,False,10,1423,5,0.9956060909984403
3,kalshi_leads_etf,1.2722156276525532e-05,1.8698799239219026,0.061500494290582616,0.03476973447667964,19008,75,5,28,1234,2,FOMC_easing,VOX,calendar,2min,120,False,10,1423,5,0.5245670081924997
4,kalshi_leads_etf,-1.0480435563320154e-05,-3.0944688892560186,0.001971656115593611,0.03476973447667964,19008,75,5,28,1234,2,FOMC_easing,VOX,calendar,2min,120,False,10,1423,5,0.04140477842746584
5,kalshi_leads_etf,-1.0224147514039694e-05,-1.3429403445042798,0.17929129132766985,0.03476973447667964,19008,75,5,28,1234,2,FOMC_easing,VOX,calendar,2min,120,False,10,1423,5,0.5378738739830096
6,kalshi_leads_etf,-6.816169416239485e-07,-0.2464284465645641,0.8053505878912004,0.03476973447667964,19008,75,5,28,1234,2,FOMC_easing,VOX,calendar,2min,120,False,10,1423,5,0.8642937882406742
7,kalshi_leads_etf,-2.1342132884524305e-06,-0.49514877842034744,0.6204951040165474,0.03476973447667964,19008,75,5,28,1234,2,FOMC_easing,VOX,calendar,2min,120,False,10,1423,5,0.8642937882406742
8,kalshi_leads_etf,9.932457833306213e-07,0.25493437993258383,0.7987737820041484,0.03476973447667964,19008,75,5,28,1234,2,FOMC_easing,VOX,calendar,2min,120,False,10,1423,5,0.8642937882406742
9,kalshi_leads_etf,-4.767659400202396e-06,-1.3848260758232522,0.16610565553612033,0.03476973447667964,19008,75,5,28,1234,2,FOMC_easing,VOX,calendar,2min,120,False,10,1423,5,0.5378738739830096
10,kalshi_leads_etf,1.5213128297157786e-06,0.36823326920565214,0.7126993052380448,0.03476973447667964,19008,75,5,28,1234,2,FOMC_easing,VOX,calendar,2min,120,False,10,1423,5,0.8642937882406742
-10,etf_leads_kalshi,1.2061781393397402e-05,0.7464790599846309,0.4553780764045522,0.027415920342576672,6069,75,5,27,816,1,FOMC_easing,VOX,calendar,5min,300,False,10,1197,5,0.9675968529182324
-9,etf_leads_kalshi,-5.233832921749489e-06,-0.7385062813211521,0.46020685157848606,0.027415920342576672,6069,75,5,27,816,1,FOMC_easing,VOX,calendar,5min,300,False,10,1197,5,0.9675968529182324
-8,etf_leads_kalshi,-5.787786282608342e-06,-0.594020157557583,0.5524986308599595,0.027415920342576672,6069,75,5,27,816,1,FOMC_easing,VOX,calendar,5min,300,False,10,1197,5,0.9675968529182324
-7,etf_leads_kalshi,8.414695202682823e-06,0.9042319915507533,0.36587239986695785,0.027415920342576672,6069,75,5,27,816,1,FOMC_easing,VOX,calendar,5min,300,False,10,1197,5,0.9675968529182324
-6,etf_leads_kalshi,8.22942776457995e-06,1.150280023296576,0.2500285559384149,0.027415920342576672,6069,75,5,27,816,1,FOMC_easing,VOX,calendar,5min,300,False,10,1197,5,0.9675968529182324
-5,etf_leads_kalshi,1.6962738175700605e-06,0.18419849458601043,0.8538577404217472,0.027415920342576672,6069,75,5,27,816,1,FOMC_easing,VOX,calendar,5min,300,False,10,1197,5,0.9675968529182324
-4,etf_leads_kalshi,2.4683550923928725e-07,0.040622492016549806,0.9675968529182324,0.027415920342576672,6069,75,5,27,816,1,FOMC_easing,VOX,calendar,5min,300,False,10,1197,5,0.9675968529182324
-3,etf_leads_kalshi,-3.995863385396236e-06,-0.3648495572084727,0.7152237099101254,0.027415920342576672,6069,75,5,27,816,1,FOMC_easing,VOX,calendar,5min,300,False,10,1197,5,0.9675968529182324
-2,etf_leads_kalshi,-1.9818003784737037e-06,-0.23062896932083626,0.8176030599772958,0.027415920342576672,6069,75,5,27,816,1,FOMC_easing,VOX,calendar,5min,300,False,10,1197,5,0.9675968529182324
-1,etf_leads_kalshi,-1.6149342646249811e-06,-0.23022537010638566,0.8179166487990042,0.027415920342576672,6069,75,5,27,816,1,FOMC_easing,VOX,calendar,5min,300,False,10,1197,5,0.9675968529182324
0,contemp,-2.278249538723847e-06,-0.1998548546418158,0.841594098832809,0.027415920342576672,6069,75,5,27,816,1,FOMC_easing,VOX,calendar,5min,300,False,10,1197,5,0.9675968529182324
1,kalshi_leads_etf,1.2105061941004517e-06,0.14420067369060105,0.8853420089779528,0.027415920342576672,6069,75,5,27,816,1,FOMC_easing,VOX,calendar,5min,300,False,10,1197,5,0.9675968529182324
2,kalshi_leads_etf,-3.0308614014318728e-05,-2.1292146394323037,0.033236506253303315,0.027415920342576672,6069,75,5,27,816,1,FOMC_easing,VOX,calendar,5min,300,False,10,1197,5,0.3489833156596848
3,kalshi_leads_etf,-1.9313572971557772e-06,-0.2046373448264027,0.8378554758363365,0.027415920342576672,6069,75,5,27,816,1,FOMC_easing,VOX,calendar,5min,300,False,10,1197,5,0.9675968529182324
4,kalshi_leads_etf,-3.3078842668293105e-06,-0.3534781787326311,0.7237299851183829,0.027415920342576672,6069,75,5,27,816,1,FOMC_easing,VOX,calendar,5min,300,False,10,1197,5,0.9675968529182324
5,kalshi_leads_etf,-3.5727597063463137e-06,-0.36475325292396005,0.7152956030913695,0.027415920342576672,6069,75,5,27,816,1,FOMC_easing,VOX,calendar,5min,300,False,10,1197,5,0.9675968529182324
6,kalshi_leads_etf,4.725217008632141e-07,0.05898053902979308,0.9529676087276663,0.027415920342576672,6069,75,5,27,816,1,FOMC_easing,VOX,calendar,5min,300,False,10,1197,5,0.9675968529182324
7,kalshi_leads_etf,1.3841489307466333e-06,0.1632067701487201,0.8703556358726482,0.027415920342576672,6069,75,5,27,816,1,FOMC_easing,VOX,calendar,5min,300,False,10,1197,5,0.9675968529182324
8,kalshi_leads_etf,-1.4609541627442434e-05,-2.428626732396208,0.01515612712938603,0.027415920342576672,6069,75,5,27,816,1,FOMC_easing,VOX,calendar,5min,300,False,10,1197,5,0.31827866971710667
9,kalshi_leads_etf,-7.4779308548645525e-06,-1.3083822665342528,0.19074368440712774,0.027415920342576672,6069,75,5,27,816,1,FOMC_easing,VOX,calendar,5min,300,False,10,1197,5,0.9675968529182324
10,kalshi_leads_etf,-5.61379163266892e-06,-0.9278095329857613,0.35350637815981545,0.027415920342576672,6069,75,5,27,816,1,FOMC_easing,VOX,calendar,5min,300,False,10,1197,5,0.9675968529182324
-10,etf_leads_kalshi,2.4524179920293363e-05,1.0262690745371008,0.3047647701178654,0.04058028267932512,1790,71,5,27,417,1,FOMC_easing,VOX,calendar,10min,600,True,10,978,5,0.6400060172475174
-9,etf_leads_kalshi,8.083051640726086e-06,0.3474966916651144,0.7282182035139713,0.04058028267932512,1790,71,5,27,417,1,FOMC_easing,VOX,calendar,10min,600,True,10,978,5,0.8134384232217587
-8,etf_leads_kalshi,6.99985285617812e-06,0.1677998402930419,0.8667407481454913,0.04058028267932512,1790,71,5,27,417,1,FOMC_easing,VOX,calendar,10min,600,True,10,978,5,0.8667407481454913
-7,etf_leads_kalshi,-1.600966301709251e-05,-0.48633593118347407,0.6267290077019252,0.04058028267932512,1790,71,5,27,417,1,FOMC_easing,VOX,calendar,10min,600,True,10,978,5,0.8134384232217587
-6,etf_leads_kalshi,-3.709640159252779e-05,-1.5954786266122425,0.11060524580271847,0.04058028267932512,1790,71,5,27,417,1,FOMC_easing,VOX,calendar,10min,600,True,10,978,5,0.580677540464272
-5,etf_leads_kalshi,-2.3245795789819392e-05,-1.1614748616174995,0.2454488404350812,0.04058028267932512,1790,71,5,27,417,1,FOMC_easing,VOX,calendar,10min,600,True,10,978,5,0.5912602559766192
-4,etf_leads_kalshi,7.759344994011016e-06,0.369192235995729,0.7119844425269353,0.04058028267932512,1790,71,5,27,417,1,FOMC_easing,VOX,calendar,10min,600,True,10,978,5,0.8134384232217587
-3,etf_leads_kalshi,1.3872624627389874e-05,0.6038441771251984,0.5459472453124081,0.04058028267932512,1790,71,5,27,417,1,FOMC_easing,VOX,calendar,10min,600,True,10,978,5,0.8134384232217587
-2,etf_leads_kalshi,-6.30662962479695e-06,-0.3797919598895119,0.7040998510431036,0.04058028267932512,1790,71,5,27,417,1,FOMC_easing,VOX,calendar,10min,600,True,10,978,5,0.8134384232217587
-1,etf_leads_kalshi,-6.460334491828141e-06,-0.43926997281588076,0.6604659288185265,0.04058028267932512,1790,71,5,27,417,1,FOMC_easing,VOX,calendar,10min,600,True,10,978,5,0.8134384232217587
0,contemp,-2.0960433640793598e-05,-1.2733378447623,0.20289818291113426,0.04058028267932512,1790,71,5,27,417,1,FOMC_easing,VOX,calendar,10min,600,True,10,978,5,0.5912602559766192
1,kalshi_leads_etf,-4.027266961175676e-05,-1.3224730905564055,0.1860106642600714,0.04058028267932512,1790,71,5,27,417,1,FOMC_easing,VOX,calendar,10min,600,True,10,978,5,0.5912602559766192
2,kalshi_leads_etf,-6.0099524801098005e-06,-0.2862283125090638,0.7747032602111987,0.04058028267932512,1790,71,5,27,417,1,FOMC_easing,VOX,calendar,10min,600,True,10,978,5,0.8134384232217587
3,kalshi_leads_etf,-2.3879255586208616e-05,-1.4632919848882482,0.1433874999796975,0.04058028267932512,1790,71,5,27,417,1,FOMC_easing,VOX,calendar,10min,600,True,10,978,5,0.5912602559766192
4,kalshi_leads_etf,-4.548805871746103e-05,-2.8610299401505888,0.004222671719834099,0.04058028267932512,1790,71,5,27,417,1,FOMC_easing,VOX,calendar,10min,600,True,10,978,5,0.044338053058258046
5,kalshi_leads_etf,-4.868090660976095e-05,-3.055041376118345,0.0022502947497980495,0.04058028267932512,1790,71,5,27,417,1,FOMC_easing,VOX,calendar,10min,600,True,10,978,5,0.044338053058258046
6,kalshi_leads_etf,3.682621947748406e-06,0.3128806376886491,0.7543713484523642,0.04058028267932512,1790,71,5,27,417,1,FOMC_easing,VOX,calendar,10min,600,True,10,978,5,0.8134384232217587
7,kalshi_leads_etf,-4.965171413944486e-06,-0.48963018721574203,0.6243956112160005,0.04058028267932512,1790,71,5,27,417,1,FOMC_easing,VOX,calendar,10min,600,True,10,978,5,0.8134384232217587
8,kalshi_leads_etf,-3.1964223372323995e-05,-1.8718156322712671,0.0612321148120184,0.04058028267932512,1790,71,5,27,417,1,FOMC_easing,VOX,calendar,10min,600,True,10,978,5,0.4286248036841288
9,kalshi_leads_etf,4.994002286029336e-06,0.4238908311444632,0.6716454312420277,0.04058028267932512,1790,71,5,27,417,1,FOMC_easing,VOX,calendar,10min,600,True,10,978,5,0.8134384232217587
10,kalshi_leads_etf,-1.580142419919041e-05,-1.142136579742272,0.2533972525614082,0.04058028267932512,1790,71,5,27,417,1,FOMC_easing,VOX,calendar,10min,600,True,10,978,5,0.5912602559766192
-10,etf_leads_kalshi,1.464829012590967e-07,0.13744879868774554,0.8906760612574105,0.0372360074177468,83764,75,5,28,1566,2,FOMC_easing,VPU,calendar,30s,30,False,10,1620,5,0.8906760612574105
-9,etf_leads_kalshi,-4.694847745453086e-07,-0.6431643757374275,0.520117446284958,0.0372360074177468,83764,75,5,28,1566,2,FOMC_easing,VPU,calendar,30s,30,False,10,1620,5,0.783508221262471
-8,etf_leads_kalshi,-9.407020798476961e-07,-1.3300605461794364,0.18349832338301741,0.0372360074177468,83764,75,5,28,1566,2,FOMC_easing,VPU,calendar,30s,30,False,10,1620,5,0.6328859705894443
-7,etf_leads_kalshi,3.783658604920055e-07,0.5033346024571449,0.6147290423113108,0.0372360074177468,83764,75,5,28,1566,2,FOMC_easing,VPU,calendar,30s,30,False,10,1620,5,0.8068318680335954
-6,etf_leads_kalshi,-1.47768821428917e-06,-2.2004641824160793,0.027773978473820272,0.0372360074177468,83764,75,5,28,1566,2,FOMC_easing,VPU,calendar,30s,30,False,10,1620,5,0.14581338698755644
-5,etf_leads_kalshi,-1.0871190611909538e-07,-0.16298399313587053,0.8705310377744249,0.0372360074177468,83764,75,5,28,1566,2,FOMC_easing,VPU,calendar,30s,30,False,10,1620,5,0.8906760612574105
-4,etf_leads_kalshi,-2.2318092737342666e-06,-3.7976527051314135,0.00014607278839482,0.0372360074177468,83764,75,5,28,1566,2,FOMC_easing,VPU,calendar,30s,30,False,10,1620,5,0.00153376427814561
-3,etf_leads_kalshi,2.7284580670054666e-06,3.310808238656583,0.0009302693426102283,0.0372360074177468,83764,75,5,28,1566,2,FOMC_easing,VPU,calendar,30s,30,False,10,1620,5,0.006511885398271599
-2,etf_leads_kalshi,2.54510545293714e-07,0.2935678750879825,0.7690881265863363,0.0372360074177468,83764,75,5,28,1566,2,FOMC_easing,VPU,calendar,30s,30,False,10,1620,5,0.8906760612574105
-1,etf_leads_kalshi,-1.3151937333268964e-06,-1.0361853281060815,0.3001156902487975,0.0372360074177468,83764,75,5,28,1566,2,FOMC_easing,VPU,calendar,30s,30,False,10,1620,5,0.7614695368746359
0,contemp,-3.2399500370651724e-07,-0.2182140550662305,0.8272623345895288,0.0372360074177468,83764,75,5,28,1566,2,FOMC_easing,VPU,calendar,30s,30,False,10,1620,5,0.8906760612574105
1,kalshi_leads_etf,-6.490820041706439e-07,-0.6077719903667373,0.5433387087312416,0.0372360074177468,83764,75,5,28,1566,2,FOMC_easing,VPU,calendar,30s,30,False,10,1620,5,0.783508221262471
2,kalshi_leads_etf,-1.1408036619186936e-06,-0.9776751747420028,0.328235003768249,0.0372360074177468,83764,75,5,28,1566,2,FOMC_easing,VPU,calendar,30s,30,False,10,1620,5,0.7614695368746359
3,kalshi_leads_etf,9.484142445760692e-07,0.5993760696071853,0.5489221312300601,0.0372360074177468,83764,75,5,28,1566,2,FOMC_easing,VPU,calendar,30s,30,False,10,1620,5,0.783508221262471
4,kalshi_leads_etf,-1.0957995156187645e-06,-1.6723223409972328,0.09446077651192998,0.0372360074177468,83764,75,5,28,1566,2,FOMC_easing,VPU,calendar,30s,30,False,10,1620,5,0.39673526135010595
5,kalshi_leads_etf,1.2912302300443834e-07,0.1892884622752663,0.8498667376331105,0.0372360074177468,83764,75,5,28,1566,2,FOMC_easing,VPU,calendar,30s,30,False,10,1620,5,0.8906760612574105
6,kalshi_leads_etf,1.0840784496364944e-06,1.2509245934263404,0.21096199019648143,0.0372360074177468,83764,75,5,28,1566,2,FOMC_easing,VPU,calendar,30s,30,False,10,1620,5,0.6328859705894443
7,kalshi_leads_etf,5.124198524038037e-07,0.9104133851112094,0.3626045413688742,0.0372360074177468,83764,75,5,28,1566,2,FOMC_easing,VPU,calendar,30s,30,False,10,1620,5,0.7614695368746359
8,kalshi_leads_etf,-1.9818473758902022e-06,-4.247835435653611,2.1584584632969506e-05,0.0372360074177468,83764,75,5,28,1566,2,FOMC_easing,VPU,calendar,30s,30,False,10,1620,5,0.00045327627729235966
9,kalshi_leads_etf,8.41649026561288e-07,0.7787907451946523,0.43610299032836053,0.0372360074177468,83764,75,5,28,1566,2,FOMC_easing,VPU,calendar,30s,30,False,10,1620,5,0.783508221262471
10,kalshi_leads_etf,-5.908759921393322e-07,-0.5833633426842104,0.5596487294731936,0.0372360074177468,83764,75,5,28,1566,2,FOMC_easing,VPU,calendar,30s,30,False,10,1620,5,0.783508221262471
-10,etf_leads_kalshi,-5.145766783472723e-07,-0.3215765069735364,0.7477735439126669,0.034552635503603324,40590,75,5,29,1453,3,FOMC_easing,VPU,calendar,1min,60,False,10,1550,5,0.8724024678981115
-9,etf_leads_kalshi,3.2257817621387645e-06,1.0595356355141272,0.2893559089598998,0.034552635503603324,40590,75,5,29,1453,3,FOMC_easing,VPU,calendar,1min,60,False,10,1550,5,0.6394038314420019
-8,etf_leads_kalshi,1.5119170249364957e-06,0.9051732367659416,0.3653736179668582,0.034552635503603324,40590,75,5,29,1453,3,FOMC_easing,VPU,calendar,1min,60,False,10,1550,5,0.6394038314420019
-7,etf_leads_kalshi,4.7114821435241315e-07,0.14766833641178984,0.882604521511289,0.034552635503603324,40590,75,5,29,1453,3,FOMC_easing,VPU,calendar,1min,60,False,10,1550,5,0.9267347475868535
-6,etf_leads_kalshi,1.4599415214922953e-06,0.6526909611067779,0.5139555308788797,0.034552635503603324,40590,75,5,29,1453,3,FOMC_easing,VPU,calendar,1min,60,False,10,1550,5,0.7195377432304315
-5,etf_leads_kalshi,8.036008775476555e-07,0.5618555960876482,0.5742144093427234,0.034552635503603324,40590,75,5,29,1453,3,FOMC_easing,VPU,calendar,1min,60,False,10,1550,5,0.7536564122623245
-4,etf_leads_kalshi,-3.580016376389962e-06,-2.680019643608626,0.007361783990683639,0.034552635503603324,40590,75,5,29,1453,3,FOMC_easing,VPU,calendar,1min,60,False,10,1550,5,0.15459746380435643
-3,etf_leads_kalshi,-1.9031358942126794e-06,-1.1870266708240838,0.23521710050372047,0.034552635503603324,40590,75,5,29,1453,3,FOMC_easing,VPU,calendar,1min,60,False,10,1550,5,0.6394038314420019
-2,etf_leads_kalshi,-1.576973376587779e-06,-1.1712464514409464,0.2414997287314531,0.034552635503603324,40590,75,5,29,1453,3,FOMC_easing,VPU,calendar,1min,60,False,10,1550,5,0.6394038314420019
-1,etf_leads_kalshi,1.917561416448113e-06,0.9867797185997627,0.32375063940201265,0.034552635503603324,40590,75,5,29,1453,3,FOMC_easing,VPU,calendar,1min,60,False,10,1550,5,0.6394038314420019
0,contemp,-1.9608094240021157e-06,-0.7990273868387301,0.42427453200170606,0.034552635503603324,40590,75,5,29,1453,3,FOMC_easing,VPU,calendar,1min,60,False,10,1550,5,0.6853665516950637
1,kalshi_leads_etf,-2.1870393769430637e-06,-1.3275444171735296,0.18432865712803526,0.034552635503603324,40590,75,5,29,1453,3,FOMC_easing,VPU,calendar,1min,60,False,10,1550,5,0.6394038314420019
2,kalshi_leads_etf,7.290037324370601e-07,0.3371593694105216,0.7359967643794955,0.034552635503603324,40590,75,5,29,1453,3,FOMC_easing,VPU,calendar,1min,60,False,10,1550,5,0.8724024678981115
3,kalshi_leads_etf,9.42767177470601e-07,0.9162544073710858,0.35953347505550304,0.034552635503603324,40590,75,5,29,1453,3,FOMC_easing,VPU,calendar,1min,60,False,10,1550,5,0.6394038314420019
4,kalshi_leads_etf,1.2774825771021632e-06,1.114623502842481,0.265011794414699,0.034552635503603324,40590,75,5,29,1453,3,FOMC_easing,VPU,calendar,1min,60,False,10,1550,5,0.6394038314420019
5,kalshi_leads_etf,1.0588156504993149e-06,0.7374285249503479,0.46086179405265815,0.034552635503603324,40590,75,5,29,1453,3,FOMC_easing,VPU,calendar,1min,60,False,10,1550,5,0.6912926910789873
6,kalshi_leads_etf,4.22898946589087e-06,1.7107181531736784,0.08713315492769413,0.034552635503603324,40590,75,5,29,1453,3,FOMC_easing,VPU,calendar,1min,60,False,10,1550,5,0.6394038314420019
7,kalshi_leads_etf,3.162476348690235e-07,0.16669899483341247,0.8676068964772352,0.034552635503603324,40590,75,5,29,1453,3,FOMC_easing,VPU,calendar,1min,60,False,10,1550,5,0.9267347475868535
8,kalshi_leads_etf,3.3442429757428392e-06,1.6388857845802718,0.10123704880706276,0.034552635503603324,40590,75,5,29,1453,3,FOMC_easing,VPU,calendar,1min,60,False,10,1550,5,0.6394038314420019
9,kalshi_leads_etf,2.119988065530861e-06,1.1620024045878763,0.24523448819403892,0.034552635503603324,40590,75,5,29,1453,3,FOMC_easing,VPU,calendar,1min,60,False,10,1550,5,0.6394038314420019
10,kalshi_leads_etf,3.248431904027734e-07,0.08206106728072786,0.9345981524755108,0.034552635503603324,40590,75,5,29,1453,3,FOMC_easing,VPU,calendar,1min,60,False,10,1550,5,0.9345981524755108
-10,etf_leads_kalshi,-3.795639445027683e-06,-1.0146724864755154,0.31026197354089813,0.029004461286590955,19008,75,5,28,1234,2,FOMC_easing,VPU,calendar,2min,120,False,10,1423,5,0.7600496205770484
-9,etf_leads_kalshi,1.821449257422586e-06,0.5263546060276608,0.5986418492212857,0.029004461286590955,19008,75,5,28,1234,2,FOMC_easing,VPU,calendar,2min,120,False,10,1423,5,0.7600496205770484
-8,etf_leads_kalshi,-2.17492986332364e-06,-0.7522354879600222,0.4519094557150175,0.029004461286590955,19008,75,5,28,1234,2,FOMC_easing,VPU,calendar,2min,120,False,10,1423,5,0.7600496205770484
-7,etf_leads_kalshi,2.5865726736344355e-06,0.675435787331511,0.49939893500049815,0.029004461286590955,19008,75,5,28,1234,2,FOMC_easing,VPU,calendar,2min,120,False,10,1423,5,0.7600496205770484
-6,etf_leads_kalshi,-3.412963539813886e-06,-1.3284761504476335,0.18402085731771367,0.029004461286590955,19008,75,5,28,1234,2,FOMC_easing,VPU,calendar,2min,120,False,10,1423,5,0.7600496205770484
-5,etf_leads_kalshi,-2.2186566081350473e-06,-0.7112649588015947,0.47692006156601685,0.029004461286590955,19008,75,5,28,1234,2,FOMC_easing,VPU,calendar,2min,120,False,10,1423,5,0.7600496205770484
-4,etf_leads_kalshi,7.426257371566826e-06,1.5612920819703608,0.11845485097330347,0.029004461286590955,19008,75,5,28,1234,2,FOMC_easing,VPU,calendar,2min,120,False,10,1423,5,0.7600496205770484
-3,etf_leads_kalshi,-1.6784760899741795e-07,-0.02702133942702274,0.9784427138429682,0.029004461286590955,19008,75,5,28,1234,2,FOMC_easing,VPU,calendar,2min,120,False,10,1423,5,0.9784427138429682
-2,etf_leads_kalshi,-2.970462932901252e-06,-1.0687974249793404,0.2851609599055449,0.029004461286590955,19008,75,5,28,1234,2,FOMC_easing,VPU,calendar,2min,120,False,10,1423,5,0.7600496205770484
-1,etf_leads_kalshi,-2.1628209454970905e-06,-0.6432398097497596,0.5200685054339629,0.029004461286590955,19008,75,5,28,1234,2,FOMC_easing,VPU,calendar,2min,120,False,10,1423,5,0.7600496205770484
0,contemp,1.0118708940157983e-06,0.36169011131248274,0.7175836175035273,0.029004461286590955,19008,75,5,28,1234,2,FOMC_easing,VPU,calendar,2min,120,False,10,1423,5,0.8354768628013395
1,kalshi_leads_etf,-4.278853304021057e-06,-0.9451357300566059,0.34458958606369827,0.029004461286590955,19008,75,5,28,1234,2,FOMC_easing,VPU,calendar,2min,120,False,10,1423,5,0.7600496205770484
2,kalshi_leads_etf,9.883679476000161e-07,0.3108592324927753,0.7559076377726405,0.029004461286590955,19008,75,5,28,1234,2,FOMC_easing,VPU,calendar,2min,120,False,10,1423,5,0.8354768628013395
3,kalshi_leads_etf,1.1063395719235873e-05,1.83297138061142,0.06680682727664122,0.029004461286590955,19008,75,5,28,1234,2,FOMC_easing,VPU,calendar,2min,120,False,10,1423,5,0.7600496205770484
4,kalshi_leads_etf,2.3841288637511793e-06,0.6039317830805333,0.5458889968742238,0.029004461286590955,19008,75,5,28,1234,2,FOMC_easing,VPU,calendar,2min,120,False,10,1423,5,0.7600496205770484
5,kalshi_leads_etf,9.329318685060996e-07,0.17089603343703744,0.8643055156411394,0.029004461286590955,19008,75,5,28,1234,2,FOMC_easing,VPU,calendar,2min,120,False,10,1423,5,0.9075207914231964
6,kalshi_leads_etf,1.7861988931559414e-06,1.1111748037368396,0.26649311442923007,0.029004461286590955,19008,75,5,28,1234,2,FOMC_easing,VPU,calendar,2min,120,False,10,1423,5,0.7600496205770484
7,kalshi_leads_etf,1.850685670747627e-06,0.6749250364601013,0.49972339306185176,0.029004461286590955,19008,75,5,28,1234,2,FOMC_easing,VPU,calendar,2min,120,False,10,1423,5,0.7600496205770484
8,kalshi_leads_etf,1.4143563754090748e-06,0.5025534499623081,0.6152782642766582,0.029004461286590955,19008,75,5,28,1234,2,FOMC_easing,VPU,calendar,2min,120,False,10,1423,5,0.7600496205770484
9,kalshi_leads_etf,-2.5851474373615396e-06,-0.816293140802714,0.41433249650752946,0.029004461286590955,19008,75,5,28,1234,2,FOMC_easing,VPU,calendar,2min,120,False,10,1423,5,0.7600496205770484
10,kalshi_leads_etf,1.5785585793341458e-06,0.511191443191712,0.609217009792001,0.029004461286590955,19008,75,5,28,1234,2,FOMC_easing,VPU,calendar,2min,120,False,10,1423,5,0.7600496205770484
-10,etf_leads_kalshi,1.320604623688414e-06,0.16455650266709942,0.8692930702138788,0.0379656465533883,6069,75,5,27,816,1,FOMC_easing,VPU,calendar,5min,300,False,10,1197,5,0.940073203806827
-9,etf_leads_kalshi,2.2119009247998647e-05,3.7928508037419304,0.00014892764274689993,0.0379656465533883,6069,75,5,27,816,1,FOMC_easing,VPU,calendar,5min,300,False,10,1197,5,0.0031274804976848987
-8,etf_leads_kalshi,3.3169455813083903e-06,0.5027047881686831,0.6151718427642726,0.0379656465533883,6069,75,5,27,816,1,FOMC_easing,VPU,calendar,5min,300,False,10,1197,5,0.8316408771895812
-7,etf_leads_kalshi,-1.7226649105904014e-05,-2.1598430846307264,0.030784819027888315,0.0379656465533883,6069,75,5,27,816,1,FOMC_easing,VPU,calendar,5min,300,False,10,1197,5,0.21549373319521822
-6,etf_leads_kalshi,-2.317116936551685e-05,-3.2865638559988226,0.0010141777689414075,0.0379656465533883,6069,75,5,27,816,1,FOMC_easing,VPU,calendar,5min,300,False,10,1197,5,0.01064886657388478
-5,etf_leads_kalshi,-1.1560992336807884e-05,-1.0540045191420573,0.2918808481234322,0.0379656465533883,6069,75,5,27,816,1,FOMC_easing,VPU,calendar,5min,300,False,10,1197,5,0.5572270736901886
-4,etf_leads_kalshi,-2.0173276637406347e-05,-1.5141402848330672,0.1299902632029871,0.0379656465533883,6069,75,5,27,816,1,FOMC_easing,VPU,calendar,5min,300,False,10,1197,5,0.5057408471214021
-3,etf_leads_kalshi,-1.4634136532811575e-06,-0.13566033713231818,0.8920898041563983,0.0379656465533883,6069,75,5,27,816,1,FOMC_easing,VPU,calendar,5min,300,False,10,1197,5,0.940073203806827
-2,etf_leads_kalshi,-6.81689011678205e-07,-0.07517785478408216,0.940073203806827,0.0379656465533883,6069,75,5,27,816,1,FOMC_easing,VPU,calendar,5min,300,False,10,1197,5,0.940073203806827
-1,etf_leads_kalshi,8.480994804286799e-06,1.1523772418700537,0.24916608870848833,0.0379656465533883,6069,75,5,27,816,1,FOMC_easing,VPU,calendar,5min,300,False,10,1197,5,0.5232487862878256
0,contemp,-1.1065744769688777e-05,-0.9217527212624164,0.35665757365425776,0.0379656465533883,6069,75,5,27,816,1,FOMC_easing,VPU,calendar,5min,300,False,10,1197,5,0.6241507538949511
1,kalshi_leads_etf,3.159778750720237e-06,0.43209325594752285,0.665673636069518,0.0379656465533883,6069,75,5,27,816,1,FOMC_easing,VPU,calendar,5min,300,False,10,1197,5,0.8316408771895812
2,kalshi_leads_etf,1.4865073281319625e-05,1.4089384770511593,0.15885336085804846,0.0379656465533883,6069,75,5,27,816,1,FOMC_easing,VPU,calendar,5min,300,False,10,1197,5,0.5057408471214021
3,kalshi_leads_etf,3.5175666594591993e-06,0.5215502059664463,0.6019835405517591,0.0379656465533883,6069,75,5,27,816,1,FOMC_easing,VPU,calendar,5min,300,False,10,1197,5,0.8316408771895812
4,kalshi_leads_etf,-4.854944444153608e-06,-0.6483391515710525,0.5167656166790486,0.0379656465533883,6069,75,5,27,816,1,FOMC_easing,VPU,calendar,5min,300,False,10,1197,5,0.8316408771895812
5,kalshi_leads_etf,1.3498758570518666e-05,1.3623354374154806,0.17309204881233908,0.0379656465533883,6069,75,5,27,816,1,FOMC_easing,VPU,calendar,5min,300,False,10,1197,5,0.5057408471214021
6,kalshi_leads_etf,-1.3665163362129187e-05,-1.23522688172949,0.21674607733774376,0.0379656465533883,6069,75,5,27,816,1,FOMC_easing,VPU,calendar,5min,300,False,10,1197,5,0.5057408471214021
7,kalshi_leads_etf,1.2929181469410412e-05,1.8078541166187523,0.070629208553437,0.0379656465533883,6069,75,5,27,816,1,FOMC_easing,VPU,calendar,5min,300,False,10,1197,5,0.3708033449055443
8,kalshi_leads_etf,3.4754654880932505e-06,0.42171494985050073,0.6732330910582325,0.0379656465533883,6069,75,5,27,816,1,FOMC_easing,VPU,calendar,5min,300,False,10,1197,5,0.8316408771895812
9,kalshi_leads_etf,-9.907391382322862e-06,-1.259976363302334,0.20767788912688012,0.0379656465533883,6069,75,5,27,816,1,FOMC_easing,VPU,calendar,5min,300,False,10,1197,5,0.5057408471214021
10,kalshi_leads_etf,-6.296932767665997e-07,-0.10497996930358698,0.9163917030613133,0.0379656465533883,6069,75,5,27,816,1,FOMC_easing,VPU,calendar,5min,300,False,10,1197,5,0.940073203806827
-10,etf_leads_kalshi,-2.5783408366611275e-05,-1.0239885922580079,0.3058406631479378,0.055418552735360116,1790,71,5,27,417,1,FOMC_easing,VPU,calendar,10min,600,True,10,978,5,0.5015932431855349
-9,etf_leads_kalshi,-4.350683884022737e-06,-0.22974308695571005,0.8182914117354518,0.055418552735360116,1790,71,5,27,417,1,FOMC_easing,VPU,calendar,10min,600,True,10,978,5,0.8592059823222244
-8,etf_leads_kalshi,-4.674780817895601e-05,-2.0805052523515863,0.037479214381471455,0.055418552735360116,1790,71,5,27,417,1,FOMC_easing,VPU,calendar,10min,600,True,10,978,5,0.1311772503351501
-7,etf_leads_kalshi,-3.586712520998942e-05,-1.9888227574819914,0.04672076994490133,0.055418552735360116,1790,71,5,27,417,1,FOMC_easing,VPU,calendar,10min,600,True,10,978,5,0.140162309834704
-6,etf_leads_kalshi,-4.3836554901383535e-05,-2.2052890672986067,0.027433816524026083,0.055418552735360116,1790,71,5,27,417,1,FOMC_easing,VPU,calendar,10min,600,True,10,978,5,0.11522202940090956
-5,etf_leads_kalshi,-6.98265980452991e-05,-3.8043002445400056,0.00014220561296516418,0.055418552735360116,1790,71,5,27,417,1,FOMC_easing,VPU,calendar,10min,600,True,10,978,5,0.002986317872268448
-4,etf_leads_kalshi,-1.108509640560946e-05,-0.692081781764662,0.4888859719187246,0.055418552735360116,1790,71,5,27,417,1,FOMC_easing,VPU,calendar,10min,600,True,10,978,5,0.6416628381433261
-3,etf_leads_kalshi,-3.5088358516394124e-05,-1.678696799846385,0.09321114996023186,0.055418552735360116,1790,71,5,27,417,1,FOMC_easing,VPU,calendar,10min,600,True,10,978,5,0.20317959671004995
-2,etf_leads_kalshi,-6.054821204041561e-05,-2.8403514395477507,0.004506385730870652,0.055418552735360116,1790,71,5,27,417,1,FOMC_easing,VPU,calendar,10min,600,True,10,978,5,0.04731705017414185
-1,etf_leads_kalshi,-1.9723371239459747e-05,-1.0141522633000002,0.31051010292437875,0.055418552735360116,1790,71,5,27,417,1,FOMC_easing,VPU,calendar,10min,600,True,10,978,5,0.5015932431855349
0,contemp,-8.253187386432848e-06,-0.3479262727214078,0.7278955537382579,0.055418552735360116,1790,71,5,27,417,1,FOMC_easing,VPU,calendar,10min,600,True,10,978,5,0.8592059823222244
1,kalshi_leads_etf,-3.415210930102953e-05,-1.6608071290947188,0.09675218890954759,0.055418552735360116,1790,71,5,27,417,1,FOMC_easing,VPU,calendar,10min,600,True,10,978,5,0.20317959671004995
2,kalshi_leads_etf,-2.5874333310172062e-05,-0.91411249114747,0.3606577396221743,0.055418552735360116,1790,71,5,27,417,1,FOMC_easing,VPU,calendar,10min,600,True,10,978,5,0.5409866094332615
3,kalshi_leads_etf,-3.205766841668875e-05,-1.7446523326649768,0.08104540540795448,0.055418552735360116,1790,71,5,27,417,1,FOMC_easing,VPU,calendar,10min,600,True,10,978,5,0.20317959671004995
4,kalshi_leads_etf,-4.38439142766184e-05,-2.298841084349499,0.0215139649061237,0.055418552735360116,1790,71,5,27,417,1,FOMC_easing,VPU,calendar,10min,600,True,10,978,5,0.11294831575714943
5,kalshi_leads_etf,-4.98484149943623e-05,-2.319359477738263,0.020375552912637422,0.055418552735360116,1790,71,5,27,417,1,FOMC_easing,VPU,calendar,10min,600,True,10,978,5,0.11294831575714943
6,kalshi_leads_etf,1.2247928000500454e-05,0.7974986731010979,0.42516147316332353,0.055418552735360116,1790,71,5,27,417,1,FOMC_easing,VPU,calendar,10min,600,True,10,978,5,0.595226062428653
7,kalshi_leads_etf,-4.392073417019712e-06,-0.2934065368671346,0.7692114295182305,0.055418552735360116,1790,71,5,27,417,1,FOMC_easing,VPU,calendar,10min,600,True,10,978,5,0.8592059823222244
8,kalshi_leads_etf,-3.029828401227566e-05,-1.2708610349300955,0.20377809056753804,0.055418552735360116,1790,71,5,27,417,1,FOMC_easing,VPU,calendar,10min,600,True,10,978,5,0.3890309001743908
9,kalshi_leads_etf,-4.508390665845315e-07,-0.03930540069750038,0.9686469008114625,0.055418552735360116,1790,71,5,27,417,1,FOMC_easing,VPU,calendar,10min,600,True,10,978,5,0.9686469008114625
10,kalshi_leads_etf,3.5722838960932512e-06,0.24487625084462333,0.80655225101868,0.055418552735360116,1790,71,5,27,417,1,FOMC_easing,VPU,calendar,10min,600,True,10,978,5,0.8592059823222244
-4,etf_leads_kalshi,4.2417674156549144e-08,0.15372274356374452,0.877828351160491,0.06682613615701039,16949,28,4,16,28,3,GAS_above,VAW,calendar,30s,30,False,4,30,4,0.9492553753260319
-3,etf_leads_kalshi,-5.351517001932146e-07,-1.8659477665868867,0.06204867373066469,0.06682613615701039,16949,28,4,16,28,3,GAS_above,VAW,calendar,30s,30,False,4,30,4,0.2792190317879911
-2,etf_leads_kalshi,1.3849251066304063e-07,0.42465929596827934,0.6710850604171794,0.06682613615701039,16949,28,4,16,28,3,GAS_above,VAW,calendar,30s,30,False,4,30,4,0.8628236491078021
-1,etf_leads_kalshi,3.699150401856658e-08,0.06364189076338704,0.9492553753260319,0.06682613615701039,16949,28,4,16,28,3,GAS_above,VAW,calendar,30s,30,False,4,30,4,0.9492553753260319
0,contemp,-4.3755004155557234e-07,-0.6603313284456943,0.5090412299819146,0.06682613615701039,16949,28,4,16,28,3,GAS_above,VAW,calendar,30s,30,False,4,30,4,0.8628236491078021
1,kalshi_leads_etf,3.9071711785799765e-07,0.5155076095568282,0.606198353486676,0.06682613615701039,16949,28,4,16,28,3,GAS_above,VAW,calendar,30s,30,False,4,30,4,0.8628236491078021
2,kalshi_leads_etf,-4.863750409698146e-07,-0.7510177997349553,0.45264194356760656,0.06682613615701039,16949,28,4,16,28,3,GAS_above,VAW,calendar,30s,30,False,4,30,4,0.8628236491078021
3,kalshi_leads_etf,7.995402870008519e-07,2.728103053849923,0.0063699704181919845,0.06682613615701039,16949,28,4,16,28,3,GAS_above,VAW,calendar,30s,30,False,4,30,4,0.057329733763727866
4,kalshi_leads_etf,-3.4708435150197424e-07,-0.5274628244341678,0.5978722259177426,0.06682613615701039,16949,28,4,16,28,3,GAS_above,VAW,calendar,30s,30,False,4,30,4,0.8628236491078021
-4,etf_leads_kalshi,-2.238293215617623e-06,-5.038200570689177,4.699288624902613e-07,0.042948671620856915,8321,28,4,14,26,1,GAS_above,VAW,calendar,1min,60,False,4,28,4,2.114679881206176e-06
-3,etf_leads_kalshi,-7.18995318212346e-07,-0.7296915973045138,0.4655787184548328,0.042948671620856915,8321,28,4,14,26,1,GAS_above,VAW,calendar,1min,60,False,4,28,4,0.9119179567905802
-2,etf_leads_kalshi,-2.2452429306332213e-06,-1.7481657192021574,0.08043533575520091,0.042948671620856915,8321,28,4,14,26,1,GAS_above,VAW,calendar,1min,60,False,4,28,4,0.24130600726560275
-1,etf_leads_kalshi,-3.114908536289459e-07,-0.37890313988577495,0.704759792468643,0.042948671620856915,8321,28,4,14,26,1,GAS_above,VAW,calendar,1min,60,False,4,28,4,0.9119179567905802
0,contemp,1.039367311876683e-07,0.1344188462502089,0.8930713797206682,0.042948671620856915,8321,28,4,14,26,1,GAS_above,VAW,calendar,1min,60,False,4,28,4,0.9119179567905802
1,kalshi_leads_etf,5.283583552206241e-07,0.2248044071904343,0.8221314373883146,0.042948671620856915,8321,28,4,14,26,1,GAS_above,VAW,calendar,1min,60,False,4,28,4,0.9119179567905802
2,kalshi_leads_etf,-1.0048541692000497e-07,-0.11061965993840811,0.9119179567905802,0.042948671620856915,8321,28,4,14,26,1,GAS_above,VAW,calendar,1min,60,False,4,28,4,0.9119179567905802
3,kalshi_leads_etf,-1.6226777869235082e-06,-0.6249407346569369,0.5320099559625407,0.042948671620856915,8321,28,4,14,26,1,GAS_above,VAW,calendar,1min,60,False,4,28,4,0.9119179567905802
4,kalshi_leads_etf,2.803076110156062e-06,5.267985996221032,1.379286262296607e-07,0.042948671620856915,8321,28,4,14,26,1,GAS_above,VAW,calendar,1min,60,False,4,28,4,1.2413576360669465e-06
-4,etf_leads_kalshi,5.03261408880633e-06,4.965020852785384,6.869368861277641e-07,0.035905511359326736,4008,28,4,15,23,2,GAS_above,VAW,calendar,2min,120,False,4,26,4,6.182431975149877e-06
-3,etf_leads_kalshi,1.650079201798707e-06,0.5112433272140543,0.6091806832765467,0.035905511359326736,4008,28,4,15,23,2,GAS_above,VAW,calendar,2min,120,False,4,26,4,0.7832323070698458
-2,etf_leads_kalshi,-1.814991908430357e-06,-1.2607483295321427,0.20739953536063915,0.035905511359326736,4008,28,4,15,23,2,GAS_above,VAW,calendar,2min,120,False,4,26,4,0.31109930304095873
-1,etf_leads_kalshi,-4.464695578163032e-06,-2.663533101087578,0.007732480389135676,0.035905511359326736,4008,28,4,15,23,2,GAS_above,VAW,calendar,2min,120,False,4,26,4,0.01739808087555527
0,contemp,3.5672681375884067e-06,3.15181976421649,0.0016225639405874183,0.035905511359326736,4008,28,4,15,23,2,GAS_above,VAW,calendar,2min,120,False,4,26,4,0.004867691821762255
1,kalshi_leads_etf,-1.6027251828669221e-06,-0.3154974000977399,0.7523840247660334,0.035905511359326736,4008,28,4,15,23,2,GAS_above,VAW,calendar,2min,120,False,4,26,4,0.8464320278617876
2,kalshi_leads_etf,3.914223526308469e-06,2.1834704809756413,0.02900118050616574,0.035905511359326736,4008,28,4,15,23,2,GAS_above,VAW,calendar,2min,120,False,4,26,4,0.05220212491109833
3,kalshi_leads_etf,3.993080988396291e-07,0.13012510782955233,0.8964674458292442,0.035905511359326736,4008,28,4,15,23,2,GAS_above,VAW,calendar,2min,120,False,4,26,4,0.8964674458292442
4,kalshi_leads_etf,6.137428930062728e-06,3.363549133855452,0.0007694713788959796,0.035905511359326736,4008,28,4,15,23,2,GAS_above,VAW,calendar,2min,120,False,4,26,4,0.003462621205031908
-4,etf_leads_kalshi,1.2422167910839552e-05,2.570693501560519,0.010149510854222566,0.02014713547818492,1425,25,4,14,20,1,GAS_above,VAW,calendar,5min,300,False,4,25,4,0.04567279884400155
-3,etf_leads_kalshi,-3.979988361789015e-06,-0.5457566152561458,0.5852332492505257,0.02014713547818492,1425,25,4,14,20,1,GAS_above,VAW,calendar,5min,300,False,4,25,4,0.7524427490363901
-2,etf_leads_kalshi,2.969819330240001e-07,0.049207900093974806,0.9607536155308624,0.02014713547818492,1425,25,4,14,20,1,GAS_above,VAW,calendar,5min,300,False,4,25,4,0.9607536155308624
-1,etf_leads_kalshi,1.5518564254231588e-05,1.7114742905738485,0.08699359324701456,0.02014713547818492,1425,25,4,14,20,1,GAS_above,VAW,calendar,5min,300,False,4,25,4,0.15658846784462618
0,contemp,-5.346318359684506e-06,-1.1114062273677827,0.2663935330417869,0.02014713547818492,1425,25,4,14,20,1,GAS_above,VAW,calendar,5min,300,False,4,25,4,0.3995902995626804
1,kalshi_leads_etf,2.276265500413904e-05,3.6941604945095516,0.00022061443407686297,0.02014713547818492,1425,25,4,14,20,1,GAS_above,VAW,calendar,5min,300,False,4,25,4,0.001985529906691767
2,kalshi_leads_etf,1.5705298696466747e-05,2.2313930852388344,0.025655102491046546,0.02014713547818492,1425,25,4,14,20,1,GAS_above,VAW,calendar,5min,300,False,4,25,4,0.07696530747313965
3,kalshi_leads_etf,8.6874422367317e-06,2.058920797643294,0.039501826393917513,0.02014713547818492,1425,25,4,14,20,1,GAS_above,VAW,calendar,5min,300,False,4,25,4,0.08887910938631441
4,kalshi_leads_etf,2.060382302895189e-06,0.22827688365982715,0.8194309943223441,0.02014713547818492,1425,25,4,14,20,1,GAS_above,VAW,calendar,5min,300,False,4,25,4,0.9218598686126371
-4,etf_leads_kalshi,-9.99899684960063e-06,-0.9029903439745522,0.3665310197316407,0.042290518510911035,579,23,4,14,16,1,GAS_above,VAW,calendar,10min,600,True,4,23,4,0.6597558355169533
-3,etf_leads_kalshi,-1.9593780739478594e-07,-0.02394047729902674,0.9809000873101504,0.042290518510911035,579,23,4,14,16,1,GAS_above,VAW,calendar,10min,600,True,4,23,4,0.9809000873101504
-2,etf_leads_kalshi,1.4958174745889486e-05,1.0520836521954617,0.2927611717864307,0.042290518510911035,579,23,4,14,16,1,GAS_above,VAW,calendar,10min,600,True,4,23,4,0.6597558355169533
-1,etf_leads_kalshi,1.1105961567333188e-05,0.5516378914609643,0.5811964703096171,0.042290518510911035,579,23,4,14,16,1,GAS_above,VAW,calendar,10min,600,True,4,23,4,0.7317076130424656
0,contemp,2.4064164941564667e-05,1.3436507473433923,0.17906135110111798,0.042290518510911035,579,23,4,14,16,1,GAS_above,VAW,calendar,10min,600,True,4,23,4,0.6597558355169533
1,kalshi_leads_etf,9.66626705030063e-05,3.7427716615073945,0.00018200160068698807,0.042290518510911035,579,23,4,14,16,1,GAS_above,VAW,calendar,10min,600,True,4,23,4,0.0016380144061828928
2,kalshi_leads_etf,1.141448254961967e-05,0.45319717409595855,0.6504067671488583,0.042290518510911035,579,23,4,14,16,1,GAS_above,VAW,calendar,10min,600,True,4,23,4,0.7317076130424656
3,kalshi_leads_etf,1.7265776917855606e-05,0.5745168537622303,0.5656180989652588,0.042290518510911035,579,23,4,14,16,1,GAS_above,VAW,calendar,10min,600,True,4,23,4,0.7317076130424656
4,kalshi_leads_etf,2.6112844070722866e-05,1.0159830761799047,0.30963744572557317,0.042290518510911035,579,23,4,14,16,1,GAS_above,VAW,calendar,10min,600,True,4,23,4,0.6597558355169533
-4,etf_leads_kalshi,8.976931998802056e-08,0.2978890477862841,0.7657878472928478,0.061379143769868194,16949,28,4,15,28,2,GAS_above,VCR,calendar,30s,30,False,4,30,4,0.795709222859218
-3,etf_leads_kalshi,8.568835915371586e-07,1.797641457736424,0.07223384408944097,0.061379143769868194,16949,28,4,15,28,2,GAS_above,VCR,calendar,30s,30,False,4,30,4,0.21670153226832292
-2,etf_leads_kalshi,7.509891418718578e-07,3.141006381899435,0.0016836836349290295,0.061379143769868194,16949,28,4,15,28,2,GAS_above,VCR,calendar,30s,30,False,4,30,4,0.015153152714361266
-1,etf_leads_kalshi,7.738179423539826e-07,0.7507712491350731,0.4527903351487983,0.061379143769868194,16949,28,4,15,28,2,GAS_above,VCR,calendar,30s,30,False,4,30,4,0.795709222859218
0,contemp,-2.479918970256294e-07,-0.399972520258028,0.6891767568274503,0.061379143769868194,16949,28,4,15,28,2,GAS_above,VCR,calendar,30s,30,False,4,30,4,0.795709222859218
1,kalshi_leads_etf,-3.0584588303220525e-07,-0.25890411532067437,0.795709222859218,0.061379143769868194,16949,28,4,15,28,2,GAS_above,VCR,calendar,30s,30,False,4,30,4,0.795709222859218
2,kalshi_leads_etf,5.068806555433669e-07,0.7187181991654615,0.47231456763815916,0.061379143769868194,16949,28,4,15,28,2,GAS_above,VCR,calendar,30s,30,False,4,30,4,0.795709222859218
3,kalshi_leads_etf,1.189391673006829e-06,2.08135622616888,0.037401312216968303,0.061379143769868194,16949,28,4,15,28,2,GAS_above,VCR,calendar,30s,30,False,4,30,4,0.16830590497635736
4,kalshi_leads_etf,1.9873537687579366e-07,0.27137504423567926,0.7861025939335875,0.061379143769868194,16949,28,4,15,28,2,GAS_above,VCR,calendar,30s,30,False,4,30,4,0.795709222859218
-4,etf_leads_kalshi,-2.145817271227093e-06,-1.4192137409290677,0.15583671109563202,0.0535253382134363,8321,28,4,15,26,2,GAS_above,VCR,calendar,1min,60,False,4,28,4,0.38306376838820916
-3,etf_leads_kalshi,-1.2692405147853601e-06,-1.245867060913863,0.21281320466011622,0.0535253382134363,8321,28,4,15,26,2,GAS_above,VCR,calendar,1min,60,False,4,28,4,0.38306376838820916
-2,etf_leads_kalshi,1.2666705526228333e-06,1.2706903788624087,0.2038388196942844,0.0535253382134363,8321,28,4,15,26,2,GAS_above,VCR,calendar,1min,60,False,4,28,4,0.38306376838820916
-1,etf_leads_kalshi,2.108017735614289e-06,2.852984873790358,0.004331068307484372,0.0535253382134363,8321,28,4,15,26,2,GAS_above,VCR,calendar,1min,60,False,4,28,4,0.03287535381556281
0,contemp,1.1662975429602844e-06,0.6885808356341818,0.49108708455682715,0.0535253382134363,8321,28,4,15,26,2,GAS_above,VCR,calendar,1min,60,False,4,28,4,0.631397680144492
1,kalshi_leads_etf,1.4953092772528936e-08,0.010045811913678055,0.9919847365880826,0.0535253382134363,8321,28,4,15,26,2,GAS_above,VCR,calendar,1min,60,False,4,28,4,0.9919847365880826
2,kalshi_leads_etf,1.8480308745178523e-06,2.6825815305867353,0.00730563418123618,0.0535253382134363,8321,28,4,15,26,2,GAS_above,VCR,calendar,1min,60,False,4,28,4,0.03287535381556281
3,kalshi_leads_etf,-1.919766222990876e-06,-0.41969561409678274,0.6747078295242916,0.0535253382134363,8321,28,4,15,26,2,GAS_above,VCR,calendar,1min,60,False,4,28,4,0.7590463082148281
4,kalshi_leads_etf,3.7600693223774393e-06,1.119650335735366,0.26286279659631095,0.0535253382134363,8321,28,4,15,26,2,GAS_above,VCR,calendar,1min,60,False,4,28,4,0.39429419489446643
-4,etf_leads_kalshi,9.080985399657304e-07,0.3140095421032591,0.7535137915081497,0.0545627804093709,4008,28,4,15,23,2,GAS_above,VCR,calendar,2min,120,False,4,26,4,0.7751598043346306
-3,etf_leads_kalshi,6.840379242728657e-06,1.34527598853973,0.17853612471850167,0.0545627804093709,4008,28,4,15,23,2,GAS_above,VCR,calendar,2min,120,False,4,26,4,0.321365024493303
-2,etf_leads_kalshi,-3.5619766685909126e-06,-1.7864799075435573,0.07402158763404967,0.0545627804093709,4008,28,4,15,23,2,GAS_above,VCR,calendar,2min,120,False,4,26,4,0.18840014037153072
-1,etf_leads_kalshi,1.9967403582231245e-06,0.5602774217744113,0.5752902253428427,0.0545627804093709,4008,28,4,15,23,2,GAS_above,VCR,calendar,2min,120,False,4,26,4,0.7751598043346306
0,contemp,6.03971855909703e-06,3.302140926432889,0.0009594984975496825,0.0545627804093709,4008,28,4,15,23,2,GAS_above,VCR,calendar,2min,120,False,4,26,4,0.008635486477947143
1,kalshi_leads_etf,1.4911618668566194e-06,0.29342442877453084,0.7691977553183846,0.0545627804093709,4008,28,4,15,23,2,GAS_above,VCR,calendar,2min,120,False,4,26,4,0.7751598043346306
2,kalshi_leads_etf,5.365028982217345e-06,1.7294231164037666,0.08373339572068031,0.0545627804093709,4008,28,4,15,23,2,GAS_above,VCR,calendar,2min,120,False,4,26,4,0.18840014037153072
3,kalshi_leads_etf,7.35888243314611e-06,2.0717280200392265,0.03829081270328836,0.0545627804093709,4008,28,4,15,23,2,GAS_above,VCR,calendar,2min,120,False,4,26,4,0.17230865716479762
4,kalshi_leads_etf,7.809290389354108e-07,0.2856322444941041,0.7751598043346306,0.0545627804093709,4008,28,4,15,23,2,GAS_above,VCR,calendar,2min,120,False,4,26,4,0.7751598043346306
-4,etf_leads_kalshi,-3.3357324894894064e-06,-0.5816738116958369,0.5607864145814502,0.03199942957840529,1425,25,4,14,20,1,GAS_above,VCR,calendar,5min,300,False,4,25,4,0.5662522146059392
-3,etf_leads_kalshi,3.8838792935147135e-06,0.5735797552228431,0.5662522146059392,0.03199942957840529,1425,25,4,14,20,1,GAS_above,VCR,calendar,5min,300,False,4,25,4,0.5662522146059392
-2,etf_leads_kalshi,6.163789390485566e-06,0.6484065954874053,0.5167220055949998,0.03199942957840529,1425,25,4,14,20,1,GAS_above,VCR,calendar,5min,300,False,4,25,4,0.5662522146059392
-1,etf_leads_kalshi,1.9708018233598257e-05,2.7680880301210204,0.005638622305330886,0.03199942957840529,1425,25,4,14,20,1,GAS_above,VCR,calendar,5min,300,False,4,25,4,0.025373800373988988
0,contemp,1.3106818625778372e-05,1.4753057640367362,0.1401303574758075,0.03199942957840529,1425,25,4,14,20,1,GAS_above,VCR,calendar,5min,300,False,4,25,4,0.26894339438685005
1,kalshi_leads_etf,2.9851771553617978e-05,3.7444634447827596,0.0001807796940556046,0.03199942957840529,1425,25,4,14,20,1,GAS_above,VCR,calendar,5min,300,False,4,25,4,0.0016270172465004415
2,kalshi_leads_etf,1.863891717736876e-05,1.441607976738737,0.14941299688158338,0.03199942957840529,1425,25,4,14,20,1,GAS_above,VCR,calendar,5min,300,False,4,25,4,0.26894339438685005
3,kalshi_leads_etf,-1.2813001817021496e-05,-2.2298652777479684,0.0257563881403088,0.03199942957840529,1425,25,4,14,20,1,GAS_above,VCR,calendar,5min,300,False,4,25,4,0.0772691644209264
4,kalshi_leads_etf,-1.3350318543782661e-05,-0.8531729923630166,0.39356337813164466,0.03199942957840529,1425,25,4,14,20,1,GAS_above,VCR,calendar,5min,300,False,4,25,4,0.5662522146059392
-4,etf_leads_kalshi,-7.861805603546986e-06,-0.42250721839195193,0.672654833053512,0.08429611916827162,579,23,4,14,16,1,GAS_above,VCR,calendar,10min,600,True,4,23,4,0.672654833053512
-3,etf_leads_kalshi,-8.097651777845714e-06,-0.5732666162902598,0.5664641854073,0.08429611916827162,579,23,4,14,16,1,GAS_above,VCR,calendar,10min,600,True,4,23,4,0.6372722085832125
-2,etf_leads_kalshi,-2.4811209731827998e-05,-1.9827467704752433,0.04739572245684576,0.08429611916827162,579,23,4,14,16,1,GAS_above,VCR,calendar,10min,600,True,4,23,4,0.07109358368526864
-1,etf_leads_kalshi,2.8070054791950918e-05,2.1472778666201098,0.03177116681523615,0.08429611916827162,579,23,4,14,16,1,GAS_above,VCR,calendar,10min,600,True,4,23,4,0.057188100267425074
0,contemp,6.169437513721159e-05,2.9569823918082543,0.0031066585829576943,0.08429611916827162,579,23,4,14,16,1,GAS_above,VCR,calendar,10min,600,True,4,23,4,0.013979963623309624
1,kalshi_leads_etf,0.000133044812892223,3.8609925630470525,0.00011292734108489743,0.08429611916827162,579,23,4,14,16,1,GAS_above,VCR,calendar,10min,600,True,4,23,4,0.001016346069764077
2,kalshi_leads_etf,-8.543225173914516e-05,-2.3216199500985213,0.020253408701633027,0.08429611916827162,579,23,4,14,16,1,GAS_above,VCR,calendar,10min,600,True,4,23,4,0.05053457232273476
3,kalshi_leads_etf,2.7189509517794506e-05,0.9952679482766876,0.3196059620949018,0.08429611916827162,579,23,4,14,16,1,GAS_above,VCR,calendar,10min,600,True,4,23,4,0.4109219512648737
4,kalshi_leads_etf,8.334996337870307e-05,2.2825004673674463,0.02245980992121545,0.08429611916827162,579,23,4,14,16,1,GAS_above,VCR,calendar,10min,600,True,4,23,4,0.05053457232273476
-4,etf_leads_kalshi,1.5210158865485272e-07,0.7210907750053067,0.4708536664224672,0.0518862380875631,16949,28,4,14,28,1,GAS_above,VDC,calendar,30s,30,False,4,30,4,0.5297103747252756
-3,etf_leads_kalshi,-4.834383620979e-08,-0.10593929785884776,0.9156305143079564,0.0518862380875631,16949,28,4,14,28,1,GAS_above,VDC,calendar,30s,30,False,4,30,4,0.9156305143079564
-2,etf_leads_kalshi,-4.417598916246353e-07,-2.6122953340347586,0.00899365239949734,0.0518862380875631,16949,28,4,14,28,1,GAS_above,VDC,calendar,30s,30,False,4,30,4,0.026980957198492018
-1,etf_leads_kalshi,-4.6017299322221907e-07,-1.028971328344263,0.303493148191052,0.0518862380875631,16949,28,4,14,28,1,GAS_above,VDC,calendar,30s,30,False,4,30,4,0.455239722286578
0,contemp,-3.480564180423514e-07,-0.8112851581654064,0.41720193129238625,0.0518862380875631,16949,28,4,14,28,1,GAS_above,VDC,calendar,30s,30,False,4,30,4,0.5297103747252756
1,kalshi_leads_etf,6.070192096340965e-07,3.4102740122108797,0.0006489764199159948,0.0518862380875631,16949,28,4,14,28,1,GAS_above,VDC,calendar,30s,30,False,4,30,4,0.0029203938896219766
2,kalshi_leads_etf,-1.5262368243730283e-06,-8.283747791483133,1.193582470271321e-16,0.0518862380875631,16949,28,4,14,28,1,GAS_above,VDC,calendar,30s,30,False,4,30,4,1.0742242232441889e-15
3,kalshi_leads_etf,5.828460969452417e-07,1.080101260070547,0.2800970908251834,0.0518862380875631,16949,28,4,14,28,1,GAS_above,VDC,calendar,30s,30,False,4,30,4,0.455239722286578
4,kalshi_leads_etf,8.820729736803087e-07,1.1015599843602484,0.27065301302649825,0.0518862380875631,16949,28,4,14,28,1,GAS_above,VDC,calendar,30s,30,False,4,30,4,0.455239722286578
-4,etf_leads_kalshi,4.4331863736313145e-07,0.44510900306057805,0.6562409828932674,0.04845684513124404,8321,28,4,15,26,2,GAS_above,VDC,calendar,1min,60,False,4,28,4,0.9705557444840893
-3,etf_leads_kalshi,3.0769922714388065e-07,0.5427015177660874,0.5873353290576708,0.04845684513124404,8321,28,4,15,26,2,GAS_above,VDC,calendar,1min,60,False,4,28,4,0.9705557444840893
-2,etf_leads_kalshi,4.6643674808858614e-08,0.023065030338937344,0.9815984000076903,0.04845684513124404,8321,28,4,15,26,2,GAS_above,VDC,calendar,1min,60,False,4,28,4,0.9815984000076903
-1,etf_leads_kalshi,-2.1586003027397527e-07,-0.20908978448592846,0.8343781492593428,0.04845684513124404,8321,28,4,15,26,2,GAS_above,VDC,calendar,1min,60,False,4,28,4,0.9705557444840893
0,contemp,-1.6203185672238853e-06,-4.244381572493217,2.1919709204090916e-05,0.04845684513124404,8321,28,4,15,26,2,GAS_above,VDC,calendar,1min,60,False,4,28,4,0.00019727738283681825
1,kalshi_leads_etf,2.2789641372857664e-07,0.3199162922141116,0.7490317870154267,0.04845684513124404,8321,28,4,15,26,2,GAS_above,VDC,calendar,1min,60,False,4,28,4,0.9705557444840893
2,kalshi_leads_etf,2.8206598959302973e-07,0.17291757446235992,0.8627162173191905,0.04845684513124404,8321,28,4,15,26,2,GAS_above,VDC,calendar,1min,60,False,4,28,4,0.9705557444840893
3,kalshi_leads_etf,-1.4908413215173803e-06,-0.5681309366613899,0.5699460625127071,0.04845684513124404,8321,28,4,15,26,2,GAS_above,VDC,calendar,1min,60,False,4,28,4,0.9705557444840893
4,kalshi_leads_etf,2.024558996565804e-06,2.297749816278754,0.02157603247039771,0.04845684513124404,8321,28,4,15,26,2,GAS_above,VDC,calendar,1min,60,False,4,28,4,0.0970921461167897
-4,etf_leads_kalshi,4.3348528644314116e-06,3.0710026029484623,0.002133412910519283,0.033997537654015364,4008,28,4,14,23,1,GAS_above,VDC,calendar,2min,120,False,4,26,4,0.019200716194673548
-3,etf_leads_kalshi,1.689239177745444e-06,0.5950019003567283,0.5518422007048309,0.033997537654015364,4008,28,4,14,23,1,GAS_above,VDC,calendar,2min,120,False,4,26,4,0.5518422007048309
-2,etf_leads_kalshi,2.5664822459515354e-06,0.7434127022951598,0.4572318562733183,0.033997537654015364,4008,28,4,14,23,1,GAS_above,VDC,calendar,2min,120,False,4,26,4,0.5518422007048309
-1,etf_leads_kalshi,-1.5940611632300945e-06,-1.4542317133432525,0.14588207537052703,0.033997537654015364,4008,28,4,14,23,1,GAS_above,VDC,calendar,2min,120,False,4,26,4,0.26258773566694865
0,contemp,1.3681088827819153e-06,0.62137175808101,0.534355049643431,0.033997537654015364,4008,28,4,14,23,1,GAS_above,VDC,calendar,2min,120,False,4,26,4,0.5518422007048309
1,kalshi_leads_etf,-1.5989587546216484e-06,-1.780952230214081,0.07492025495481427,0.033997537654015364,4008,28,4,14,23,1,GAS_above,VDC,calendar,2min,120,False,4,26,4,0.16857057364833214
2,kalshi_leads_etf,4.970210124683063e-06,2.6410637548415745,0.00826461654196383,0.033997537654015364,4008,28,4,14,23,1,GAS_above,VDC,calendar,2min,120,False,4,26,4,0.02479384962589149
3,kalshi_leads_etf,1.1085580657125433e-06,0.7715877190227786,0.4403586502839475,0.033997537654015364,4008,28,4,14,23,1,GAS_above,VDC,calendar,2min,120,False,4,26,4,0.5518422007048309
4,kalshi_leads_etf,8.834693353853126e-06,2.7112160203667255,0.0067036936519003784,0.033997537654015364,4008,28,4,14,23,1,GAS_above,VDC,calendar,2min,120,False,4,26,4,0.02479384962589149
-4,etf_leads_kalshi,-4.781773573790797e-06,-1.6670866992072872,0.09549716652139008,0.04710719230462701,1425,25,4,14,20,1,GAS_above,VDC,calendar,5min,300,False,4,25,4,0.17189489973850214
-3,etf_leads_kalshi,-5.56717976812255e-06,-0.631558780397813,0.5276752283019719,0.04710719230462701,1425,25,4,14,20,1,GAS_above,VDC,calendar,5min,300,False,4,25,4,0.5936346318397184
-2,etf_leads_kalshi,6.254245583622886e-06,1.1460857249981264,0.25175968352344125,0.04710719230462701,1425,25,4,14,20,1,GAS_above,VDC,calendar,5min,300,False,4,25,4,0.3236910216729959
-1,etf_leads_kalshi,1.9721041036667797e-05,2.7932791299929454,0.005217664716949022,0.04710719230462701,1425,25,4,14,20,1,GAS_above,VDC,calendar,5min,300,False,4,25,4,0.0234794912262706
0,contemp,2.9738060894875036e-06,0.4572347206025072,0.6475023447613211,0.04710719230462701,1425,25,4,14,20,1,GAS_above,VDC,calendar,5min,300,False,4,25,4,0.6475023447613211
1,kalshi_leads_etf,1.6299418979825837e-05,2.801472537970732,0.005086997055365178,0.04710719230462701,1425,25,4,14,20,1,GAS_above,VDC,calendar,5min,300,False,4,25,4,0.0234794912262706
2,kalshi_leads_etf,2.1461573677378293e-05,2.1533380437428025,0.03129212094831582,0.04710719230462701,1425,25,4,14,20,1,GAS_above,VDC,calendar,5min,300,False,4,25,4,0.09387636284494746
3,kalshi_leads_etf,1.494180111212883e-05,1.2843964877216387,0.19900326126885304,0.04710719230462701,1425,25,4,14,20,1,GAS_above,VDC,calendar,5min,300,False,4,25,4,0.29850489190327956
4,kalshi_leads_etf,-7.593065075975252e-06,-1.7062888811647423,0.0879543072290456,0.04710719230462701,1425,25,4,14,20,1,GAS_above,VDC,calendar,5min,300,False,4,25,4,0.17189489973850214
-4,etf_leads_kalshi,1.0057710242736267e-05,0.40248213229446733,0.6873292355003345,0.10618646165937418,579,23,4,16,16,3,GAS_above,VDC,calendar,10min,600,True,4,23,4,0.7732453899378764
-3,etf_leads_kalshi,-3.0328886547625603e-05,-2.46199611674654,0.013816616268794067,0.10618646165937418,579,23,4,16,16,3,GAS_above,VDC,calendar,10min,600,True,4,23,4,0.02486990928382932
-2,etf_leads_kalshi,-4.3835243499791785e-05,-2.966772128781644,0.0030094391030960647,0.10618646165937418,579,23,4,16,16,3,GAS_above,VDC,calendar,10min,600,True,4,23,4,0.009028317309288195
-1,etf_leads_kalshi,2.345003757808239e-07,0.011189310497116673,0.9910724081987882,0.10618646165937418,579,23,4,16,16,3,GAS_above,VDC,calendar,10min,600,True,4,23,4,0.9910724081987882
0,contemp,2.20067452628314e-05,1.1369504134132866,0.2555590154715992,0.10618646165937418,579,23,4,16,16,3,GAS_above,VDC,calendar,10min,600,True,4,23,4,0.32857587703491326
1,kalshi_leads_etf,7.298075995010614e-05,3.3730213891095184,0.0007434817693198273,0.10618646165937418,579,23,4,16,16,3,GAS_above,VDC,calendar,10min,600,True,4,23,4,0.003345667961939223
2,kalshi_leads_etf,7.610700522253931e-05,4.464984383073726,8.00745923538309e-06,0.10618646165937418,579,23,4,16,16,3,GAS_above,VDC,calendar,10min,600,True,4,23,4,7.206713311844782e-05
3,kalshi_leads_etf,5.0915742074324504e-05,2.0435647326309727,0.04099656632501071,0.10618646165937418,579,23,4,16,16,3,GAS_above,VDC,calendar,10min,600,True,4,23,4,0.061494849487516066
4,kalshi_leads_etf,6.807341118123382e-05,2.7295428478020423,0.006342220659365436,0.10618646165937418,579,23,4,16,16,3,GAS_above,VDC,calendar,10min,600,True,4,23,4,0.014269996483572233
-4,etf_leads_kalshi,3.0359103811048855e-07,0.16734313069415788,0.8671000691943702,0.029062412344579514,16949,28,4,15,28,2,GAS_above,VDE,calendar,30s,30,False,4,30,4,0.9464347352665237
-3,etf_leads_kalshi,3.972265646381161e-07,0.7921749371352426,0.4282586801868379,0.029062412344579514,16949,28,4,15,28,2,GAS_above,VDE,calendar,30s,30,False,4,30,4,0.7202020782475617
-2,etf_leads_kalshi,-8.659116134838882e-07,-1.8706196311686696,0.06139782160847519,0.029062412344579514,16949,28,4,15,28,2,GAS_above,VDE,calendar,30s,30,False,4,30,4,0.1841934648254256
-1,etf_leads_kalshi,-3.712562216933925e-08,-0.06718461202832562,0.9464347352665237,0.029062412344579514,16949,28,4,15,28,2,GAS_above,VDE,calendar,30s,30,False,4,30,4,0.9464347352665237
0,contemp,-2.249128651744566e-06,-1.6046889531521649,0.10856227423365084,0.029062412344579514,16949,28,4,15,28,2,GAS_above,VDE,calendar,30s,30,False,4,30,4,0.24426511702571438
1,kalshi_leads_etf,-8.682403469578816e-07,-0.706085901307371,0.4801347188317078,0.029062412344579514,16949,28,4,15,28,2,GAS_above,VDE,calendar,30s,30,False,4,30,4,0.7202020782475617
2,kalshi_leads_etf,-8.623768003162664e-07,-1.9767712878805297,0.048067488564947025,0.029062412344579514,16949,28,4,15,28,2,GAS_above,VDE,calendar,30s,30,False,4,30,4,0.1841934648254256
3,kalshi_leads_etf,1.6656275427445464e-06,3.5791219435847217,0.0003447505840936994,0.029062412344579514,16949,28,4,15,28,2,GAS_above,VDE,calendar,30s,30,False,4,30,4,0.003102755256843295
4,kalshi_leads_etf,-7.159921597893368e-07,-0.5490991369046487,0.5829374175185611,0.029062412344579514,16949,28,4,15,28,2,GAS_above,VDE,calendar,30s,30,False,4,30,4,0.7494909653810071
-4,etf_leads_kalshi,-1.7154740594704004e-07,-0.23802869558120512,0.811858837874261,0.022077297682562724,8321,28,4,14,26,1,GAS_above,VDE,calendar,1min,60,False,4,28,4,0.9239794878423977
-3,etf_leads_kalshi,-7.27642788803004e-07,-0.21073788649682432,0.8330918092814376,0.022077297682562724,8321,28,4,14,26,1,GAS_above,VDE,calendar,1min,60,False,4,28,4,0.9239794878423977
-2,etf_leads_kalshi,-2.8447799351539017e-06,-1.7469004917013187,0.08065460053387771,0.022077297682562724,8321,28,4,14,26,1,GAS_above,VDE,calendar,1min,60,False,4,28,4,0.22855698511134678
-1,etf_leads_kalshi,-9.490501697714096e-08,-0.09542219451057192,0.9239794878423977,0.022077297682562724,8321,28,4,14,26,1,GAS_above,VDE,calendar,1min,60,False,4,28,4,0.9239794878423977
0,contemp,-3.4095467839247903e-06,-1.6372373663639082,0.10158088227170968,0.022077297682562724,8321,28,4,14,26,1,GAS_above,VDE,calendar,1min,60,False,4,28,4,0.22855698511134678
1,kalshi_leads_etf,-1.7353375444329736e-06,-0.935608008281597,0.3494750498134671,0.022077297682562724,8321,28,4,14,26,1,GAS_above,VDE,calendar,1min,60,False,4,28,4,0.6290550896642407
2,kalshi_leads_etf,8.597648036933349e-07,0.47785706070850187,0.6327519450663586,0.022077297682562724,8321,28,4,14,26,1,GAS_above,VDE,calendar,1min,60,False,4,28,4,0.9239794878423977
3,kalshi_leads_etf,-4.319465854678731e-06,-2.210474869904706,0.027072222718376896,0.022077297682562724,8321,28,4,14,26,1,GAS_above,VDE,calendar,1min,60,False,4,28,4,0.12182500223269604
4,kalshi_leads_etf,3.510627820423855e-06,2.3136118185927637,0.020689024812956234,0.022077297682562724,8321,28,4,14,26,1,GAS_above,VDE,calendar,1min,60,False,4,28,4,0.12182500223269604
-4,etf_leads_kalshi,3.1132380480416444e-06,1.1751131115976516,0.23994946571006093,0.022234318445631507,4008,28,4,14,23,1,GAS_above,VDE,calendar,2min,120,False,4,26,4,0.5035419578946259
-3,etf_leads_kalshi,3.990052153317919e-06,1.1919113382864195,0.23329601188681892,0.022234318445631507,4008,28,4,14,23,1,GAS_above,VDE,calendar,2min,120,False,4,26,4,0.5035419578946259
-2,etf_leads_kalshi,2.2300487763482895e-06,1.06997944893285,0.28462855925727126,0.022234318445631507,4008,28,4,14,23,1,GAS_above,VDE,calendar,2min,120,False,4,26,4,0.5035419578946259
-1,etf_leads_kalshi,-3.654860980161216e-06,-0.9810587824054701,0.32656375471182075,0.022234318445631507,4008,28,4,14,23,1,GAS_above,VDE,calendar,2min,120,False,4,26,4,0.5035419578946259
0,contemp,-3.526091785883373e-06,-0.8394803037372631,0.4011998373803899,0.022234318445631507,4008,28,4,14,23,1,GAS_above,VDE,calendar,2min,120,False,4,26,4,0.5035419578946259
1,kalshi_leads_etf,-5.60556003548006e-06,-0.873320874624969,0.3824882056740535,0.022234318445631507,4008,28,4,14,23,1,GAS_above,VDE,calendar,2min,120,False,4,26,4,0.5035419578946259
2,kalshi_leads_etf,2.6896992095689705e-06,0.7594342169485682,0.44759285146188965,0.022234318445631507,4008,28,4,14,23,1,GAS_above,VDE,calendar,2min,120,False,4,26,4,0.5035419578946259
3,kalshi_leads_etf,9.640715772516022e-08,0.018559519608924054,0.9851924959413654,0.022234318445631507,4008,28,4,14,23,1,GAS_above,VDE,calendar,2min,120,False,4,26,4,0.9851924959413654
4,kalshi_leads_etf,8.117010288948582e-06,1.0908022680833571,0.2753598982554156,0.022234318445631507,4008,28,4,14,23,1,GAS_above,VDE,calendar,2min,120,False,4,26,4,0.5035419578946259
-4,etf_leads_kalshi,-1.8245524625530183e-06,-0.28859800769612365,0.7728890202892378,0.024070303158667317,1425,25,4,14,20,1,GAS_above,VDE,calendar,5min,300,False,4,25,4,0.7728890202892378
-3,etf_leads_kalshi,-1.5316193824660417e-05,-1.1975819249582191,0.23107981625838003,0.024070303158667317,1425,25,4,14,20,1,GAS_above,VDE,calendar,5min,300,False,4,25,4,0.7678907184550481
-2,etf_leads_kalshi,-1.0849719824927973e-05,-1.0249177116617316,0.3054020166789946,0.024070303158667317,1425,25,4,14,20,1,GAS_above,VDE,calendar,5min,300,False,4,25,4,0.7678907184550481
-1,etf_leads_kalshi,8.500896336177916e-06,0.7146200179173114,0.4748438719230019,0.024070303158667317,1425,25,4,14,20,1,GAS_above,VDE,calendar,5min,300,False,4,25,4,0.7678907184550481
0,contemp,-6.991512711039306e-06,-0.5507110847816814,0.5818317446664674,0.024070303158667317,1425,25,4,14,20,1,GAS_above,VDE,calendar,5min,300,False,4,25,4,0.7678907184550481
1,kalshi_leads_etf,3.4694814222837763e-05,1.0842498428298932,0.2782540375590693,0.024070303158667317,1425,25,4,14,20,1,GAS_above,VDE,calendar,5min,300,False,4,25,4,0.7678907184550481
2,kalshi_leads_etf,8.641833990014436e-06,0.43812629722648366,0.6612947323500726,0.024070303158667317,1425,25,4,14,20,1,GAS_above,VDE,calendar,5min,300,False,4,25,4,0.7678907184550481
3,kalshi_leads_etf,-6.214572316916967e-06,-0.40895930291209887,0.6825695275155983,0.024070303158667317,1425,25,4,14,20,1,GAS_above,VDE,calendar,5min,300,False,4,25,4,0.7678907184550481
4,kalshi_leads_etf,7.2203771975594124e-06,0.5074640888335871,0.6118292274204746,0.024070303158667317,1425,25,4,14,20,1,GAS_above,VDE,calendar,5min,300,False,4,25,4,0.7678907184550481
-4,etf_leads_kalshi,1.779353076520956e-05,1.2838937979605238,0.1991791176213793,0.052789211631593225,579,23,4,14,16,1,GAS_above,VDE,calendar,10min,600,True,4,23,4,0.47216454960412363
-3,etf_leads_kalshi,-1.5279302219351304e-06,-0.13125734976871134,0.8955717297747281,0.052789211631593225,579,23,4,14,16,1,GAS_above,VDE,calendar,10min,600,True,4,23,4,0.8955717297747281
-2,etf_leads_kalshi,-2.1752523109658988e-05,-1.2539754992620356,0.20985091093516606,0.052789211631593225,579,23,4,14,16,1,GAS_above,VDE,calendar,10min,600,True,4,23,4,0.47216454960412363
-1,etf_leads_kalshi,-1.2591294875292581e-05,-0.6610260636191119,0.5085955990093121,0.052789211631593225,579,23,4,14,16,1,GAS_above,VDE,calendar,10min,600,True,4,23,4,0.7992780356353657
0,contemp,4.7002366974747006e-05,3.666994610592838,0.0002454179655636551,0.052789211631593225,579,23,4,14,16,1,GAS_above,VDE,calendar,10min,600,True,4,23,4,0.0022087616900728965
1,kalshi_leads_etf,0.00013712630246013544,2.1279765458311526,0.033339028245288824,0.052789211631593225,579,23,4,14,16,1,GAS_above,VDE,calendar,10min,600,True,4,23,4,0.1500256271037997
2,kalshi_leads_etf,1.625655953154098e-05,0.2355650878502524,0.8137701669621197,0.052789211631593225,579,23,4,14,16,1,GAS_above,VDE,calendar,10min,600,True,4,23,4,0.8955717297747281
3,kalshi_leads_etf,1.174915856131036e-05,0.49349808248758914,0.6216606943830623,0.052789211631593225,579,23,4,14,16,1,GAS_above,VDE,calendar,10min,600,True,4,23,4,0.7992780356353657
4,kalshi_leads_etf,2.8160987741632214e-05,0.5773003709914913,0.5637365631147293,0.052789211631593225,579,23,4,14,16,1,GAS_above,VDE,calendar,10min,600,True,4,23,4,0.7992780356353657
-4,etf_leads_kalshi,-3.8515830717154597e-07,-0.6108274823765589,0.5413137973267514,0.02232510656685771,16949,28,4,14,28,1,GAS_above,VFH,calendar,30s,30,False,4,30,4,0.6089780219925954
-3,etf_leads_kalshi,-4.5906858840055654e-07,-0.6845646044732959,0.4936187090347629,0.02232510656685771,16949,28,4,14,28,1,GAS_above,VFH,calendar,30s,30,False,4,30,4,0.6089780219925954
-2,etf_leads_kalshi,-2.12863439491205e-06,-2.6599194491510016,0.007815934151391257,0.02232510656685771,16949,28,4,14,28,1,GAS_above,VFH,calendar,30s,30,False,4,30,4,0.03517170368126066
-1,etf_leads_kalshi,1.4065606514895547e-06,1.5590272613031126,0.11898992800046347,0.02232510656685771,16949,28,4,14,28,1,GAS_above,VFH,calendar,30s,30,False,4,30,4,0.2677273380010428
0,contemp,-6.965894178925082e-07,-0.9243523714445991,0.3553028838590677,0.02232510656685771,16949,28,4,14,28,1,GAS_above,VFH,calendar,30s,30,False,4,30,4,0.5329543257886016
1,kalshi_leads_etf,1.5147215279886155e-06,0.9525692008914223,0.34080838838817695,0.02232510656685771,16949,28,4,14,28,1,GAS_above,VFH,calendar,30s,30,False,4,30,4,0.5329543257886016
2,kalshi_leads_etf,-1.1685757416249018e-06,-3.869115422468876,0.00010923092656805097,0.02232510656685771,16949,28,4,14,28,1,GAS_above,VFH,calendar,30s,30,False,4,30,4,0.000983078339112459
3,kalshi_leads_etf,-3.403540614392515e-07,-0.49303725999136944,0.621986260339096,0.02232510656685771,16949,28,4,14,28,1,GAS_above,VFH,calendar,30s,30,False,4,30,4,0.621986260339096
4,kalshi_leads_etf,1.046124493873661e-06,1.6484257992230318,0.09926532549257554,0.02232510656685771,16949,28,4,14,28,1,GAS_above,VFH,calendar,30s,30,False,4,30,4,0.2677273380010428
-4,etf_leads_kalshi,-1.0278940543142166e-06,-1.210539609377191,0.22607190140336986,0.02339765204647737,8321,28,4,14,26,1,GAS_above,VFH,calendar,1min,60,False,4,28,4,0.4555975233266975
-3,etf_leads_kalshi,2.1576652119122707e-07,0.1347853194127199,0.8927816133228175,0.02339765204647737,8321,28,4,14,26,1,GAS_above,VFH,calendar,1min,60,False,4,28,4,0.8927816133228175
-2,etf_leads_kalshi,-2.8340097311129693e-06,-2.722766413556881,0.006473781279968799,0.02339765204647737,8321,28,4,14,26,1,GAS_above,VFH,calendar,1min,60,False,4,28,4,0.029132015759859596
-1,etf_leads_kalshi,-2.832780151190718e-06,-1.6198727515340081,0.10525961424261973,0.02339765204647737,8321,28,4,14,26,1,GAS_above,VFH,calendar,1min,60,False,4,28,4,0.3157788427278592
0,contemp,1.4052749922610073e-06,1.1103051280293985,0.2668675641027898,0.02339765204647737,8321,28,4,14,26,1,GAS_above,VFH,calendar,1min,60,False,4,28,4,0.4555975233266975
1,kalshi_leads_etf,1.16916342597494e-06,0.3876865942539547,0.6982479776340813,0.02339765204647737,8321,28,4,14,26,1,GAS_above,VFH,calendar,1min,60,False,4,28,4,0.7855289748383415
2,kalshi_leads_etf,-9.412412541988432e-07,-0.9428630231792827,0.34575097052019843,0.02339765204647737,8321,28,4,14,26,1,GAS_above,VFH,calendar,1min,60,False,4,28,4,0.4555975233266975
3,kalshi_leads_etf,-2.603405841487447e-06,-0.926177719795869,0.3543536292540981,0.02339765204647737,8321,28,4,14,26,1,GAS_above,VFH,calendar,1min,60,False,4,28,4,0.4555975233266975
4,kalshi_leads_etf,4.16617165030046e-06,3.8609916370612005,0.00011292776911472513,0.02339765204647737,8321,28,4,14,26,1,GAS_above,VFH,calendar,1min,60,False,4,28,4,0.0010163499220325262
-4,etf_leads_kalshi,4.839420545904859e-06,2.7991986507563174,0.005122960984800832,0.031141508424604614,4008,28,4,14,23,1,GAS_above,VFH,calendar,2min,120,False,4,26,4,0.015368882954402497
-3,etf_leads_kalshi,5.873070453057698e-07,0.32493082907019755,0.7452334235850988,0.031141508424604614,4008,28,4,14,23,1,GAS_above,VFH,calendar,2min,120,False,4,26,4,0.958157258895127
-2,etf_leads_kalshi,2.0141067958217457e-06,0.5726390832472799,0.5668890911999751,0.031141508424604614,4008,28,4,14,23,1,GAS_above,VFH,calendar,2min,120,False,4,26,4,0.8503336367999627
-1,etf_leads_kalshi,-8.248406389524457e-06,-3.848712657854168,0.00011874019051587111,0.031141508424604614,4008,28,4,14,23,1,GAS_above,VFH,calendar,2min,120,False,4,26,4,0.00106866171464284
0,contemp,2.868188797072407e-06,1.3681549358799336,0.17126358395303465,0.031141508424604614,4008,28,4,14,23,1,GAS_above,VFH,calendar,2min,120,False,4,26,4,0.385343063894328
1,kalshi_leads_etf,-4.071716059691032e-06,-0.7482631029353588,0.4543014753232626,0.031141508424604614,4008,28,4,14,23,1,GAS_above,VFH,calendar,2min,120,False,4,26,4,0.8177426555818726
2,kalshi_leads_etf,7.429486255568884e-06,3.630029481585573,0.0002833888499393759,0.031141508424604614,4008,28,4,14,23,1,GAS_above,VFH,calendar,2min,120,False,4,26,4,0.0012752498247271917
3,kalshi_leads_etf,1.6360537852860598e-08,0.00802077390550956,0.9936004169523747,0.031141508424604614,4008,28,4,14,23,1,GAS_above,VFH,calendar,2min,120,False,4,26,4,0.9936004169523747
4,kalshi_leads_etf,-5.02393827016961e-07,-0.17730805412827097,0.8592664247499996,0.031141508424604614,4008,28,4,14,23,1,GAS_above,VFH,calendar,2min,120,False,4,26,4,0.9666747278437496
-4,etf_leads_kalshi,7.480362064327851e-06,1.0419914232297351,0.29741565539366954,0.03308160746599842,1425,25,4,14,20,1,GAS_above,VFH,calendar,5min,300,False,4,25,4,0.6860230823499824
-3,etf_leads_kalshi,-3.558432995203149e-06,-0.38266656798014803,0.7019670059222551,0.03308160746599842,1425,25,4,14,20,1,GAS_above,VFH,calendar,5min,300,False,4,25,4,0.7635546118269486
-2,etf_leads_kalshi,1.634179787617781e-06,0.3511222613075513,0.7254966277705396,0.03308160746599842,1425,25,4,14,20,1,GAS_above,VFH,calendar,5min,300,False,4,25,4,0.7635546118269486
-1,etf_leads_kalshi,2.0423126124365757e-05,2.5114607771428537,0.012023264618284119,0.03308160746599842,1425,25,4,14,20,1,GAS_above,VFH,calendar,5min,300,False,4,25,4,0.05410469078227854
0,contemp,-2.1188146736547286e-06,-0.3008162558757872,0.7635546118269486,0.03308160746599842,1425,25,4,14,20,1,GAS_above,VFH,calendar,5min,300,False,4,25,4,0.7635546118269486
1,kalshi_leads_etf,1.5873636202782268e-05,3.171061356246884,0.0015188305913010258,0.03308160746599842,1425,25,4,14,20,1,GAS_above,VFH,calendar,5min,300,False,4,25,4,0.013669475321709233
2,kalshi_leads_etf,8.449895583436104e-06,0.925187418146629,0.3548684270144433,0.03308160746599842,1425,25,4,14,20,1,GAS_above,VFH,calendar,5min,300,False,4,25,4,0.6860230823499824
3,kalshi_leads_etf,4.534672214304039e-06,0.45147334649840626,0.6516484307829773,0.03308160746599842,1425,25,4,14,20,1,GAS_above,VFH,calendar,5min,300,False,4,25,4,0.7635546118269486
4,kalshi_leads_etf,-5.441082975573602e-06,-0.875827284925947,0.38112393463887917,0.03308160746599842,1425,25,4,14,20,1,GAS_above,VFH,calendar,5min,300,False,4,25,4,0.6860230823499824
-4,etf_leads_kalshi,2.1569936043716462e-06,0.21880640349332856,0.8268008584759758,0.0624439297353,579,23,4,14,16,1,GAS_above,VFH,calendar,10min,600,True,4,23,4,0.9301509657854728
-3,etf_leads_kalshi,1.6625978616229205e-05,1.924634211734008,0.05427513620888928,0.0624439297353,579,23,4,14,16,1,GAS_above,VFH,calendar,10min,600,True,4,23,4,0.24423811294000178
-2,etf_leads_kalshi,2.352094016785148e-05,1.4450847178568273,0.14843409097366994,0.0624439297353,579,23,4,14,16,1,GAS_above,VFH,calendar,10min,600,True,4,23,4,0.4453022729210098
-1,etf_leads_kalshi,4.610123759107667e-06,0.31151405833654583,0.7554098571914144,0.0624439297353,579,23,4,14,16,1,GAS_above,VFH,calendar,10min,600,True,4,23,4,0.9301509657854728
0,contemp,2.542619710895882e-05,1.1423936328757232,0.25329043667441087,0.0624439297353,579,23,4,14,16,1,GAS_above,VFH,calendar,10min,600,True,4,23,4,0.5699034825174245
1,kalshi_leads_etf,6.581779661028723e-05,2.031731968148165,0.04218079774165235,0.0624439297353,579,23,4,14,16,1,GAS_above,VFH,calendar,10min,600,True,4,23,4,0.24423811294000178
2,kalshi_leads_etf,1.866125109717721e-05,0.9194182272468329,0.35787685908784317,0.0624439297353,579,23,4,14,16,1,GAS_above,VFH,calendar,10min,600,True,4,23,4,0.6441783463581177
3,kalshi_leads_etf,-1.06469900732136e-06,-0.03091450387652995,0.9753377230311986,0.0624439297353,579,23,4,14,16,1,GAS_above,VFH,calendar,10min,600,True,4,23,4,0.9753377230311986
4,kalshi_leads_etf,2.3545447622251557e-05,0.5221573359827179,0.6015607884666538,0.0624439297353,579,23,4,14,16,1,GAS_above,VFH,calendar,10min,600,True,4,23,4,0.9023411826999808
-4,etf_leads_kalshi,1.3389674381662246e-06,1.6131056770816068,0.10672155069562367,0.023731247517823073,16949,28,4,15,28,2,GAS_above,VGT,calendar,30s,30,False,4,30,4,0.320164652086871
-3,etf_leads_kalshi,4.211998058472873e-07,0.3847396644227123,0.7004303050779389,0.023731247517823073,16949,28,4,15,28,2,GAS_above,VGT,calendar,30s,30,False,4,30,4,0.9655476073100743
-2,etf_leads_kalshi,1.3165272142618345e-06,2.5482807880624487,0.010825529898130869,0.023731247517823073,16949,28,4,15,28,2,GAS_above,VGT,calendar,30s,30,False,4,30,4,0.09742976908317783
-1,etf_leads_kalshi,9.46697883655933e-07,0.6745781447049842,0.49994382226661527,0.023731247517823073,16949,28,4,15,28,2,GAS_above,VGT,calendar,30s,30,False,4,30,4,0.9655476073100743
0,contemp,2.8728464463701555e-07,0.2219209621710529,0.8243754119250468,0.023731247517823073,16949,28,4,15,28,2,GAS_above,VGT,calendar,30s,30,False,4,30,4,0.9655476073100743
1,kalshi_leads_etf,-3.888840938898013e-07,-0.3990589886243028,0.6898497399177501,0.023731247517823073,16949,28,4,15,28,2,GAS_above,VGT,calendar,30s,30,False,4,30,4,0.9655476073100743
2,kalshi_leads_etf,-2.8908983950778524e-08,-0.040109431470660435,0.9680058826275627,0.023731247517823073,16949,28,4,15,28,2,GAS_above,VGT,calendar,30s,30,False,4,30,4,0.9680058826275627
3,kalshi_leads_etf,2.7166080904315848e-06,1.8160723086138584,0.06935928086128723,0.023731247517823073,16949,28,4,15,28,2,GAS_above,VGT,calendar,30s,30,False,4,30,4,0.31211676387579257
4,kalshi_leads_etf,-3.1637511212393827e-07,-0.17858376929526737,0.8582645398311771,0.023731247517823073,16949,28,4,15,28,2,GAS_above,VGT,calendar,30s,30,False,4,30,4,0.9655476073100743
-4,etf_leads_kalshi,-2.346822922983643e-06,-1.2356424254966047,0.21659150731671184,0.029399929041791006,8321,28,4,14,26,1,GAS_above,VGT,calendar,1min,60,False,4,28,4,0.3898647131700813
-3,etf_leads_kalshi,-3.0991966555314604e-06,-1.60991347194849,0.10741674751046648,0.029399929041791006,8321,28,4,14,26,1,GAS_above,VGT,calendar,1min,60,False,4,28,4,0.27284567004099664
-2,etf_leads_kalshi,2.9451033859261177e-06,1.6229685979595394,0.10459611784462464,0.029399929041791006,8321,28,4,14,26,1,GAS_above,VGT,calendar,1min,60,False,4,28,4,0.27284567004099664
-1,etf_leads_kalshi,9.640730734991856e-07,0.47150906055428665,0.637277250932395,0.029399929041791006,8321,28,4,14,26,1,GAS_above,VGT,calendar,1min,60,False,4,28,4,0.8193564654845078
0,contemp,3.910825902374659e-06,0.8986230493722847,0.3688534771993156,0.029399929041791006,8321,28,4,14,26,1,GAS_above,VGT,calendar,1min,60,False,4,28,4,0.5532802157989735
1,kalshi_leads_etf,-2.1055714293732487e-06,-1.5494868000035638,0.12126474224044294,0.029399929041791006,8321,28,4,14,26,1,GAS_above,VGT,calendar,1min,60,False,4,28,4,0.27284567004099664
2,kalshi_leads_etf,3.692990716041108e-06,4.990942083987681,6.00855132011814e-07,0.029399929041791006,8321,28,4,14,26,1,GAS_above,VGT,calendar,1min,60,False,4,28,4,5.407696188106326e-06
3,kalshi_leads_etf,-1.0786613129926963e-06,-0.22988042531745737,0.8181846873579754,0.029399929041791006,8321,28,4,14,26,1,GAS_above,VGT,calendar,1min,60,False,4,28,4,0.858213277813002
4,kalshi_leads_etf,-3.738272168189359e-07,-0.17864904979430524,0.858213277813002,0.029399929041791006,8321,28,4,14,26,1,GAS_above,VGT,calendar,1min,60,False,4,28,4,0.858213277813002
-4,etf_leads_kalshi,-3.49675538262989e-06,-0.8998685750181197,0.3681901953281419,0.040712289077305175,4008,28,4,16,23,3,GAS_above,VGT,calendar,2min,120,False,4,26,4,0.5522852929922129
-3,etf_leads_kalshi,3.958547951747914e-06,1.3996019673357485,0.16163254452453202,0.040712289077305175,4008,28,4,16,23,3,GAS_above,VGT,calendar,2min,120,False,4,26,4,0.48489763357359605
-2,etf_leads_kalshi,-1.0759894982634645e-05,-3.534234523500946,0.000408958033370447,0.040712289077305175,4008,28,4,16,23,3,GAS_above,VGT,calendar,2min,120,False,4,26,4,0.003680622300334023
-1,etf_leads_kalshi,3.965500499182007e-06,0.6403945178205805,0.5219161460579104,0.040712289077305175,4008,28,4,16,23,3,GAS_above,VGT,calendar,2min,120,False,4,26,4,0.671035044931599
0,contemp,2.5378783426941984e-06,0.9151763874002768,0.3600990385514681,0.040712289077305175,4008,28,4,16,23,3,GAS_above,VGT,calendar,2min,120,False,4,26,4,0.5522852929922129
1,kalshi_leads_etf,2.3551589693424013e-06,0.3281998081079468,0.7427605929237254,0.040712289077305175,4008,28,4,16,23,3,GAS_above,VGT,calendar,2min,120,False,4,26,4,0.7427605929237254
2,kalshi_leads_etf,2.6112586724026726e-06,0.4147280136830529,0.6783410224614594,0.040712289077305175,4008,28,4,16,23,3,GAS_above,VGT,calendar,2min,120,False,4,26,4,0.7427605929237254
3,kalshi_leads_etf,1.39124892163091e-05,2.918565243035419,0.003516462799269914,0.040712289077305175,4008,28,4,16,23,3,GAS_above,VGT,calendar,2min,120,False,4,26,4,0.015824082596714615
4,kalshi_leads_etf,-1.6713359657031122e-06,-0.9702466236296153,0.33192357597468314,0.040712289077305175,4008,28,4,16,23,3,GAS_above,VGT,calendar,2min,120,False,4,26,4,0.5522852929922129
-4,etf_leads_kalshi,-4.962435757573226e-06,-0.642521583268091,0.5205345800740503,0.013662135758227945,1425,25,4,14,20,1,GAS_above,VGT,calendar,5min,300,False,4,25,4,0.9234966914121341
-3,etf_leads_kalshi,-1.253185597366423e-06,-0.15248521743361132,0.8788042488748862,0.013662135758227945,1425,25,4,14,20,1,GAS_above,VGT,calendar,5min,300,False,4,25,4,0.9234966914121341
-2,etf_leads_kalshi,2.3625478753922057e-05,1.612205239221941,0.10691728556648768,0.013662135758227945,1425,25,4,14,20,1,GAS_above,VGT,calendar,5min,300,False,4,25,4,0.40528107599008406
-1,etf_leads_kalshi,6.356280805011517e-06,0.7028359434881902,0.4821579945640153,0.013662135758227945,1425,25,4,14,20,1,GAS_above,VGT,calendar,5min,300,False,4,25,4,0.9234966914121341
0,contemp,6.648184256172976e-06,0.41241825277827476,0.6800328868503662,0.013662135758227945,1425,25,4,14,20,1,GAS_above,VGT,calendar,5min,300,False,4,25,4,0.9234966914121341
1,kalshi_leads_etf,2.8201893460214917e-05,2.146231856722034,0.03185448515591708,0.013662135758227945,1425,25,4,14,20,1,GAS_above,VGT,calendar,5min,300,False,4,25,4,0.28669036640325374
2,kalshi_leads_etf,1.3340380321075327e-05,1.4943135238977265,0.1350936919966947,0.013662135758227945,1425,25,4,14,20,1,GAS_above,VGT,calendar,5min,300,False,4,25,4,0.40528107599008406
3,kalshi_leads_etf,-1.3033760280685844e-06,-0.15310249061089876,0.8783174518119296,0.013662135758227945,1425,25,4,14,20,1,GAS_above,VGT,calendar,5min,300,False,4,25,4,0.9234966914121341
4,kalshi_leads_etf,-1.8626936895061569e-06,-0.09603006886664787,0.9234966914121341,0.013662135758227945,1425,25,4,14,20,1,GAS_above,VGT,calendar,5min,300,False,4,25,4,0.9234966914121341
-4,etf_leads_kalshi,-1.205248982314276e-05,-1.3610280852635692,0.17350481413737773,0.09691823465812344,579,23,4,16,16,3,GAS_above,VGT,calendar,10min,600,True,4,23,4,0.19519291590454996
-3,etf_leads_kalshi,-3.367712759271417e-05,-1.5799838179966095,0.11411057235701531,0.09691823465812344,579,23,4,16,16,3,GAS_above,VGT,calendar,10min,600,True,4,23,4,0.171165858535523
-2,etf_leads_kalshi,-6.411561713806441e-05,-3.710477147525121,0.0002068689711727343,0.09691823465812344,579,23,4,16,16,3,GAS_above,VGT,calendar,10min,600,True,4,23,4,0.0009309103702773044
-1,etf_leads_kalshi,4.48167192567018e-05,3.9473288654067527,7.902796912735463e-05,0.09691823465812344,579,23,4,16,16,3,GAS_above,VGT,calendar,10min,600,True,4,23,4,0.0007112517221461918
0,contemp,2.5115274340449347e-05,1.1268417450024,0.2598093971762153,0.09691823465812344,579,23,4,16,16,3,GAS_above,VGT,calendar,10min,600,True,4,23,4,0.2598093971762153
1,kalshi_leads_etf,0.00010892080681531723,2.042163322985487,0.04113533330003153,0.09691823465812344,579,23,4,16,16,3,GAS_above,VGT,calendar,10min,600,True,4,23,4,0.09255449992507095
2,kalshi_leads_etf,-8.713865716313321e-05,-1.6305751614511408,0.10297999377308685,0.09691823465812344,579,23,4,16,16,3,GAS_above,VGT,calendar,10min,600,True,4,23,4,0.171165858535523
3,kalshi_leads_etf,4.2581077617642834e-05,1.4525337694148404,0.14635324653225265,0.09691823465812344,579,23,4,16,16,3,GAS_above,VGT,calendar,10min,600,True,4,23,4,0.18816845982718197
4,kalshi_leads_etf,8.419798894654734e-05,2.759269727623954,0.0057930698237126385,0.09691823465812344,579,23,4,16,16,3,GAS_above,VGT,calendar,10min,600,True,4,23,4,0.017379209471137917
-4,etf_leads_kalshi,4.5424012811984154e-08,0.06449711552210372,0.9485744038114468,0.025200245474251592,16949,28,4,14,28,1,GAS_above,VHT,calendar,30s,30,False,4,30,4,0.9485744038114468
-3,etf_leads_kalshi,-4.03726002695687e-07,-1.1710732510313038,0.24156933469943376,0.025200245474251592,16949,28,4,14,28,1,GAS_above,VHT,calendar,30s,30,False,4,30,4,0.43482480245898075
-2,etf_leads_kalshi,-5.989421428493362e-07,-1.2260694079564247,0.2201725569038454,0.025200245474251592,16949,28,4,14,28,1,GAS_above,VHT,calendar,30s,30,False,4,30,4,0.43482480245898075
-1,etf_leads_kalshi,-3.1693965579622145e-07,-0.6621758197592748,0.507858548915185,0.025200245474251592,16949,28,4,14,28,1,GAS_above,VHT,calendar,30s,30,False,4,30,4,0.7617878233727775
0,contemp,-2.3277158427084272e-07,-0.38927692995109037,0.6970713003066742,0.025200245474251592,16949,28,4,14,28,1,GAS_above,VHT,calendar,30s,30,False,4,30,4,0.896234528965724
1,kalshi_leads_etf,1.6394168302821191e-06,2.2430295609246382,0.024894908318297142,0.025200245474251592,16949,28,4,14,28,1,GAS_above,VHT,calendar,30s,30,False,4,30,4,0.11202708743233715
2,kalshi_leads_etf,-8.703534391811104e-07,-3.877602882308951,0.00010549072256707515,0.025200245474251592,16949,28,4,14,28,1,GAS_above,VHT,calendar,30s,30,False,4,30,4,0.0009494165031036764
3,kalshi_leads_etf,7.403955060369089e-07,1.3765551696396172,0.16864981928626133,0.025200245474251592,16949,28,4,14,28,1,GAS_above,VHT,calendar,30s,30,False,4,30,4,0.43482480245898075
4,kalshi_leads_etf,6.492089063890433e-08,0.15204130086763037,0.879154360915609,0.025200245474251592,16949,28,4,14,28,1,GAS_above,VHT,calendar,30s,30,False,4,30,4,0.9485744038114468
-4,etf_leads_kalshi,3.609155444196284e-07,0.7412609185704637,0.45853525300614095,0.02668488771402122,8321,28,4,14,26,1,GAS_above,VHT,calendar,1min,60,False,4,28,4,0.7096002121456448
-3,etf_leads_kalshi,-9.682225227879747e-07,-0.5063974520822686,0.6125776628721253,0.02668488771402122,8321,28,4,14,26,1,GAS_above,VHT,calendar,1min,60,False,4,28,4,0.7096002121456448
-2,etf_leads_kalshi,-1.4556606821633287e-06,-1.464864582657191,0.14295786742666808,0.02668488771402122,8321,28,4,14,26,1,GAS_above,VHT,calendar,1min,60,False,4,28,4,0.6402460518007212
-1,etf_leads_kalshi,-9.72807186653451e-07,-1.0888042914164702,0.27624019878952233,0.02668488771402122,8321,28,4,14,26,1,GAS_above,VHT,calendar,1min,60,False,4,28,4,0.6402460518007212
0,contemp,-2.933823112533962e-07,-0.3156015636781551,0.7523049506602044,0.02668488771402122,8321,28,4,14,26,1,GAS_above,VHT,calendar,1min,60,False,4,28,4,0.7523049506602044
1,kalshi_leads_etf,1.5090438884789607e-06,1.0701455457026143,0.28455380080032056,0.02668488771402122,8321,28,4,14,26,1,GAS_above,VHT,calendar,1min,60,False,4,28,4,0.6402460518007212
2,kalshi_leads_etf,4.92708073916295e-07,0.5298904204348992,0.5961879083921384,0.02668488771402122,8321,28,4,14,26,1,GAS_above,VHT,calendar,1min,60,False,4,28,4,0.7096002121456448
3,kalshi_leads_etf,-1.7597293137043058e-06,-0.4806634048903414,0.630755744129462,0.02668488771402122,8321,28,4,14,26,1,GAS_above,VHT,calendar,1min,60,False,4,28,4,0.7096002121456448
4,kalshi_leads_etf,2.180450993838257e-06,2.933858663399438,0.0033477661508070377,0.02668488771402122,8321,28,4,14,26,1,GAS_above,VHT,calendar,1min,60,False,4,28,4,0.03012989535726334
-4,etf_leads_kalshi,3.4567669400731976e-06,4.539721221022938,5.632865392406865e-06,0.02722156695714817,4008,28,4,15,23,2,GAS_above,VHT,calendar,2min,120,False,4,26,4,2.5347894265830894e-05
-3,etf_leads_kalshi,1.7896302047669395e-06,0.7015495556841004,0.48296011976075626,0.02722156695714817,4008,28,4,15,23,2,GAS_above,VHT,calendar,2min,120,False,4,26,4,0.6413120067049618
-2,etf_leads_kalshi,4.770535612050858e-06,2.683250628717808,0.007291032741289532,0.02722156695714817,4008,28,4,15,23,2,GAS_above,VHT,calendar,2min,120,False,4,26,4,0.021873098223868598
-1,etf_leads_kalshi,-2.608651966324683e-06,-0.9745723387274395,0.3297724401942197,0.02722156695714817,4008,28,4,15,23,2,GAS_above,VHT,calendar,2min,120,False,4,26,4,0.5935903923495954
0,contemp,-2.4349915904320674e-06,-1.2539252886930283,0.2098691622732073,0.02722156695714817,4008,28,4,15,23,2,GAS_above,VHT,calendar,2min,120,False,4,26,4,0.4722056151147164
1,kalshi_leads_etf,1.2605371283228627e-07,0.02964804297648793,0.9763477493819435,0.02722156695714817,4008,28,4,15,23,2,GAS_above,VHT,calendar,2min,120,False,4,26,4,0.999509317486772
2,kalshi_leads_etf,7.546663529893114e-06,5.628916083591995,1.8134559246903736e-08,0.02722156695714817,4008,28,4,15,23,2,GAS_above,VHT,calendar,2min,120,False,4,26,4,1.6321103322213363e-07
3,kalshi_leads_etf,1.369451923521649e-09,0.0006149793695264041,0.999509317486772,0.02722156695714817,4008,28,4,15,23,2,GAS_above,VHT,calendar,2min,120,False,4,26,4,0.999509317486772
4,kalshi_leads_etf,2.2831854276589795e-06,0.6763818662383053,0.4987982274371925,0.02722156695714817,4008,28,4,15,23,2,GAS_above,VHT,calendar,2min,120,False,4,26,4,0.6413120067049618
-4,etf_leads_kalshi,-1.4509659261834555e-06,-0.4071099321035523,0.68392724895407,0.03142313994876089,1425,25,4,14,20,1,GAS_above,VHT,calendar,5min,300,False,4,25,4,0.7694181550733288
-3,etf_leads_kalshi,-2.179370327057154e-05,-3.576999911405015,0.00034756029148085493,0.03142313994876089,1425,25,4,14,20,1,GAS_above,VHT,calendar,5min,300,False,4,25,4,0.0015640213116638474
-2,etf_leads_kalshi,-8.287428255472284e-06,-1.7453520665688238,0.08092360393162261,0.03142313994876089,1425,25,4,14,20,1,GAS_above,VHT,calendar,5min,300,False,4,25,4,0.1820781088461509
-1,etf_leads_kalshi,1.2477059612253824e-05,1.9885790596282533,0.046747684632808095,0.03142313994876089,1425,25,4,14,20,1,GAS_above,VHT,calendar,5min,300,False,4,25,4,0.14024305389842429
0,contemp,4.097839923883754e-06,1.2498044930069103,0.21137097440765784,0.03142313994876089,1425,25,4,14,20,1,GAS_above,VHT,calendar,5min,300,False,4,25,4,0.27176268138127435
1,kalshi_leads_etf,1.7203877327233497e-05,4.291165390996923,1.777378700080931e-05,0.03142313994876089,1425,25,4,14,20,1,GAS_above,VHT,calendar,5min,300,False,4,25,4,0.0001599640830072838
2,kalshi_leads_etf,1.847488547284133e-05,1.4085685278309215,0.15896279043300565,0.03142313994876089,1425,25,4,14,20,1,GAS_above,VHT,calendar,5min,300,False,4,25,4,0.23844418564950848
3,kalshi_leads_etf,1.388301952384266e-05,1.4462013053958298,0.1481207476975198,0.03142313994876089,1425,25,4,14,20,1,GAS_above,VHT,calendar,5min,300,False,4,25,4,0.23844418564950848
4,kalshi_leads_etf,-5.527917937041731e-07,-0.07152171660932971,0.9429825414600376,0.03142313994876089,1425,25,4,14,20,1,GAS_above,VHT,calendar,5min,300,False,4,25,4,0.9429825414600376
-4,etf_leads_kalshi,-3.7064357448915854e-05,-1.437616410489173,0.1505429220670236,0.08119348798099957,579,23,4,14,16,1,GAS_above,VHT,calendar,10min,600,True,4,23,4,0.18569030060606365
-3,etf_leads_kalshi,-3.0073787910031607e-05,-1.4178150842435955,0.15624475905097496,0.08119348798099957,579,23,4,14,16,1,GAS_above,VHT,calendar,10min,600,True,4,23,4,0.18569030060606365
-2,etf_leads_kalshi,-2.9793956988885026e-05,-1.3882594834544009,0.16505804498316767,0.08119348798099957,579,23,4,14,16,1,GAS_above,VHT,calendar,10min,600,True,4,23,4,0.18569030060606365
-1,etf_leads_kalshi,-3.762862337645053e-05,-3.5611588971684944,0.0003692215462897573,0.08119348798099957,579,23,4,14,16,1,GAS_above,VHT,calendar,10min,600,True,4,23,4,0.001661496958303908
0,contemp,2.8989667916315927e-05,3.0046414680693827,0.0026589407477556784,0.08119348798099957,579,23,4,14,16,1,GAS_above,VHT,calendar,10min,600,True,4,23,4,0.007976822243267036
1,kalshi_leads_etf,6.748067379349177e-05,3.6025042904597298,0.0003151661968322734,0.08119348798099957,579,23,4,14,16,1,GAS_above,VHT,calendar,10min,600,True,4,23,4,0.001661496958303908
2,kalshi_leads_etf,6.189614016124779e-05,2.2928233798605437,0.02185817541820669,0.08119348798099957,579,23,4,14,16,1,GAS_above,VHT,calendar,10min,600,True,4,23,4,0.04918089469096505
3,kalshi_leads_etf,3.212269840290398e-05,1.2870209609456336,0.19808698231675093,0.08119348798099957,579,23,4,14,16,1,GAS_above,VHT,calendar,10min,600,True,4,23,4,0.19808698231675093
4,kalshi_leads_etf,7.265767853859405e-05,2.181279023240928,0.029162784983930223,0.08119348798099957,579,23,4,14,16,1,GAS_above,VHT,calendar,10min,600,True,4,23,4,0.0524930129710744
-4,etf_leads_kalshi,1.4687787990292056e-07,0.3720908070960767,0.7098252406150656,0.04600905558165014,16949,28,4,14,28,1,GAS_above,VIS,calendar,30s,30,False,4,30,4,0.8982443656342637
-3,etf_leads_kalshi,1.2760520003054747e-07,0.25536728496270295,0.7984394361193454,0.04600905558165014,16949,28,4,14,28,1,GAS_above,VIS,calendar,30s,30,False,4,30,4,0.8982443656342637
-2,etf_leads_kalshi,-6.37294236194224e-08,-0.49494580152050816,0.620638378881101,0.04600905558165014,16949,28,4,14,28,1,GAS_above,VIS,calendar,30s,30,False,4,30,4,0.8982443656342637
-1,etf_leads_kalshi,-5.8138844016532864e-08,-0.06028856496913587,0.9519258092129,0.04600905558165014,16949,28,4,14,28,1,GAS_above,VIS,calendar,30s,30,False,4,30,4,0.9519258092129
0,contemp,-2.743220705241745e-07,-0.41266792666599694,0.6798499267017544,0.04600905558165014,16949,28,4,14,28,1,GAS_above,VIS,calendar,30s,30,False,4,30,4,0.8982443656342637
1,kalshi_leads_etf,9.321509410662171e-07,2.251152231100506,0.02437589722855412,0.04600905558165014,16949,28,4,14,28,1,GAS_above,VIS,calendar,30s,30,False,4,30,4,0.1112029784720779
2,kalshi_leads_etf,1.659183170184036e-07,0.3257804799139816,0.7445904485083612,0.04600905558165014,16949,28,4,14,28,1,GAS_above,VIS,calendar,30s,30,False,4,30,4,0.8982443656342637
3,kalshi_leads_etf,3.6052971655954064e-07,0.6153745190970222,0.5383074150884019,0.04600905558165014,16949,28,4,14,28,1,GAS_above,VIS,calendar,30s,30,False,4,30,4,0.8982443656342637
4,kalshi_leads_etf,-1.1577601061465501e-06,-2.2458787868006698,0.024711772993795088,0.04600905558165014,16949,28,4,14,28,1,GAS_above,VIS,calendar,30s,30,False,4,30,4,0.1112029784720779
-4,etf_leads_kalshi,-7.461150715020195e-07,-1.500651511702949,0.13344572052817652,0.037651639499658884,8321,28,4,15,26,2,GAS_above,VIS,calendar,1min,60,False,4,28,4,0.4003371615845296
-3,etf_leads_kalshi,-7.931218115585509e-07,-0.5676727520707651,0.5702571967742707,0.037651639499658884,8321,28,4,15,26,2,GAS_above,VIS,calendar,1min,60,False,4,28,4,0.7331878244240623
-2,etf_leads_kalshi,-1.211084430133464e-06,-1.0372856895488907,0.29960273306326624,0.037651639499658884,8321,28,4,15,26,2,GAS_above,VIS,calendar,1min,60,False,4,28,4,0.5392849195138792
-1,etf_leads_kalshi,-2.5687250765994495e-07,-0.3800550099321006,0.7039045812790827,0.037651639499658884,8321,28,4,15,26,2,GAS_above,VIS,calendar,1min,60,False,4,28,4,0.7918926539389681
0,contemp,-2.4195912200871557e-07,-0.18489077698294087,0.8533147051759633,0.037651639499658884,8321,28,4,15,26,2,GAS_above,VIS,calendar,1min,60,False,4,28,4,0.8533147051759633
1,kalshi_leads_etf,1.8748409497539826e-06,1.1172403919941376,0.2638915544379189,0.037651639499658884,8321,28,4,15,26,2,GAS_above,VIS,calendar,1min,60,False,4,28,4,0.5392849195138792
2,kalshi_leads_etf,9.645676108209258e-07,2.51717517928942,0.011829999406516368,0.037651639499658884,8321,28,4,15,26,2,GAS_above,VIS,calendar,1min,60,False,4,28,4,0.10646999465864732
3,kalshi_leads_etf,-2.3886671843573387e-06,-0.6472284345176195,0.5174841109817707,0.037651639499658884,8321,28,4,15,26,2,GAS_above,VIS,calendar,1min,60,False,4,28,4,0.7331878244240623
4,kalshi_leads_etf,2.180734158034169e-06,2.1656820120650373,0.030335494524395396,0.037651639499658884,8321,28,4,15,26,2,GAS_above,VIS,calendar,1min,60,False,4,28,4,0.1365097253597793
-4,etf_leads_kalshi,3.6416901781609057e-06,2.095406218827054,0.03613489718141353,0.03631117555433083,4008,28,4,15,23,2,GAS_above,VIS,calendar,2min,120,False,4,26,4,0.1626070373163609
-3,etf_leads_kalshi,5.418317060264385e-06,1.2138673145215002,0.22479839611514452,0.03631117555433083,4008,28,4,15,23,2,GAS_above,VIS,calendar,2min,120,False,4,26,4,0.5962867729080107
-2,etf_leads_kalshi,-1.0662680757985875e-06,-0.6433392969440329,0.5200039627444684,0.03631117555433083,4008,28,4,15,23,2,GAS_above,VIS,calendar,2min,120,False,4,26,4,0.6685765235286022
-1,etf_leads_kalshi,-1.432148115948985e-06,-0.6475810337469705,0.5172559676034026,0.03631117555433083,4008,28,4,15,23,2,GAS_above,VIS,calendar,2min,120,False,4,26,4,0.6685765235286022
0,contemp,2.3422620883529062e-06,0.9715581129273276,0.3312704293933393,0.03631117555433083,4008,28,4,15,23,2,GAS_above,VIS,calendar,2min,120,False,4,26,4,0.5962867729080107
1,kalshi_leads_etf,9.313347264510402e-07,0.2552943427873845,0.7984957690198695,0.03631117555433083,4008,28,4,15,23,2,GAS_above,VIS,calendar,2min,120,False,4,26,4,0.7984957690198695
2,kalshi_leads_etf,6.813215051066514e-06,8.593822906377985,8.41226429971132e-18,0.03631117555433083,4008,28,4,15,23,2,GAS_above,VIS,calendar,2min,120,False,4,26,4,7.571037869740188e-17
3,kalshi_leads_etf,6.930161574145257e-07,0.5016100169515308,0.615941871834633,0.03631117555433083,4008,28,4,15,23,2,GAS_above,VIS,calendar,2min,120,False,4,26,4,0.6929346058139622
4,kalshi_leads_etf,6.1476549944032584e-06,1.1058455501404354,0.26879337567611916,0.03631117555433083,4008,28,4,15,23,2,GAS_above,VIS,calendar,2min,120,False,4,26,4,0.5962867729080107
-4,etf_leads_kalshi,7.79357487675534e-06,1.2978942864059695,0.19432366369594334,0.030645004595282854,1425,25,4,14,20,1,GAS_above,VIS,calendar,5min,300,False,4,25,4,0.4372282433158725
-3,etf_leads_kalshi,-5.974966789936767e-06,-1.0446765487480256,0.2961724870389236,0.030645004595282854,1425,25,4,14,20,1,GAS_above,VIS,calendar,5min,300,False,4,25,4,0.44425873055838544
-2,etf_leads_kalshi,-1.2000307087369821e-06,-0.19659089568964788,0.8441476957674825,0.030645004595282854,1425,25,4,14,20,1,GAS_above,VIS,calendar,5min,300,False,4,25,4,0.8441476957674825
-1,etf_leads_kalshi,2.017131581848756e-05,1.309950090389438,0.19021272024036662,0.030645004595282854,1425,25,4,14,20,1,GAS_above,VIS,calendar,5min,300,False,4,25,4,0.4372282433158725
0,contemp,2.32019543620505e-06,0.36039716696758733,0.7185501449214962,0.030645004595282854,1425,25,4,14,20,1,GAS_above,VIS,calendar,5min,300,False,4,25,4,0.8083689130366832
1,kalshi_leads_etf,2.821222479548566e-05,2.7546040110779604,0.005876320885713605,0.030645004595282854,1425,25,4,14,20,1,GAS_above,VIS,calendar,5min,300,False,4,25,4,0.05288688797142245
2,kalshi_leads_etf,1.1298191929713297e-05,2.1877761697080866,0.028685910544449543,0.030645004595282854,1425,25,4,14,20,1,GAS_above,VIS,calendar,5min,300,False,4,25,4,0.12908659745002296
3,kalshi_leads_etf,5.077871422347429e-06,1.1139321506046092,0.26530829540529366,0.030645004595282854,1425,25,4,14,20,1,GAS_above,VIS,calendar,5min,300,False,4,25,4,0.44425873055838544
4,kalshi_leads_etf,4.64572042978857e-06,0.4308315258653137,0.6665908748534564,0.030645004595282854,1425,25,4,14,20,1,GAS_above,VIS,calendar,5min,300,False,4,25,4,0.8083689130366832
-4,etf_leads_kalshi,-3.028369098389222e-05,-2.031238850972648,0.04223077104944537,0.09766606343943263,579,23,4,15,16,2,GAS_above,VIS,calendar,10min,600,True,4,23,4,0.19003846972250418
-3,etf_leads_kalshi,1.2801236616089035e-05,1.08531660306605,0.27778145481420347,0.09766606343943263,579,23,4,15,16,2,GAS_above,VIS,calendar,10min,600,True,4,23,4,0.4166721822213052
-2,etf_leads_kalshi,-6.007538926155058e-06,-0.5021089270805098,0.6155909009914872,0.09766606343943263,579,23,4,15,16,2,GAS_above,VIS,calendar,10min,600,True,4,23,4,0.743172872756617
-1,etf_leads_kalshi,4.656216008541349e-06,0.43908753721638644,0.6605981091169929,0.09766606343943263,579,23,4,15,16,2,GAS_above,VIS,calendar,10min,600,True,4,23,4,0.743172872756617
0,contemp,3.467340731280529e-05,1.2800690165932604,0.20052086419987025,0.09766606343943263,579,23,4,15,16,2,GAS_above,VIS,calendar,10min,600,True,4,23,4,0.3609375555597664
1,kalshi_leads_etf,9.878713194304182e-05,3.3904221131054038,0.0006978508110420911,0.09766606343943263,579,23,4,15,16,2,GAS_above,VIS,calendar,10min,600,True,4,23,4,0.006280657299378821
2,kalshi_leads_etf,-5.50253477414942e-07,-0.022996381577441227,0.9816531592701458,0.09766606343943263,579,23,4,15,16,2,GAS_above,VIS,calendar,10min,600,True,4,23,4,0.9816531592701458
3,kalshi_leads_etf,4.293450650609269e-05,1.319174707606183,0.1871107118384877,0.09766606343943263,579,23,4,15,16,2,GAS_above,VIS,calendar,10min,600,True,4,23,4,0.3609375555597664
4,kalshi_leads_etf,4.910448479985316e-05,1.661651887958398,0.09658259307240907,0.09766606343943263,579,23,4,15,16,2,GAS_above,VIS,calendar,10min,600,True,4,23,4,0.2897477792172272
-4,etf_leads_kalshi,-7.380579461366028e-07,-0.6094393225645175,0.5422332802621863,0.02427749700745252,16949,28,4,16,28,3,GAS_above,VNQ,calendar,30s,30,False,4,30,4,0.8133499203932795
-3,etf_leads_kalshi,-1.6885128515647185e-06,-4.433062049678699,9.290411424563395e-06,0.02427749700745252,16949,28,4,16,28,3,GAS_above,VNQ,calendar,30s,30,False,4,30,4,8.361370282107056e-05
-2,etf_leads_kalshi,7.646560094173141e-07,1.2219054896876451,0.22174336923243398,0.02427749700745252,16949,28,4,16,28,3,GAS_above,VNQ,calendar,30s,30,False,4,30,4,0.8133499203932795
-1,etf_leads_kalshi,-4.430740892397412e-07,-1.0484173920901971,0.2944463439335113,0.02427749700745252,16949,28,4,16,28,3,GAS_above,VNQ,calendar,30s,30,False,4,30,4,0.8133499203932795
0,contemp,1.1785960525496209e-07,0.1342776640151027,0.893183014810234,0.02427749700745252,16949,28,4,16,28,3,GAS_above,VNQ,calendar,30s,30,False,4,30,4,0.9280408059949224
1,kalshi_leads_etf,-7.13774105122906e-07,-0.7104788085925662,0.47740726759783914,0.02427749700745252,16949,28,4,16,28,3,GAS_above,VNQ,calendar,30s,30,False,4,30,4,0.8133499203932795
2,kalshi_leads_etf,-4.252578051669667e-08,-0.10947600482571482,0.9128249527383535,0.02427749700745252,16949,28,4,16,28,3,GAS_above,VNQ,calendar,30s,30,False,4,30,4,0.9280408059949224
3,kalshi_leads_etf,6.558929656124943e-08,0.09031008529622374,0.9280408059949224,0.02427749700745252,16949,28,4,16,28,3,GAS_above,VNQ,calendar,30s,30,False,4,30,4,0.9280408059949224
4,kalshi_leads_etf,-3.910524261107514e-07,-0.7523893564987391,0.4518169453909562,0.02427749700745252,16949,28,4,16,28,3,GAS_above,VNQ,calendar,30s,30,False,4,30,4,0.8133499203932795
-4,etf_leads_kalshi,-1.2598433705906505e-06,-0.8754938515809496,0.38130525418287975,0.021303544650341566,8321,28,4,15,26,2,GAS_above,VNQ,calendar,1min,60,False,4,28,4,0.6241259104102967
-3,etf_leads_kalshi,8.350742776856644e-07,0.6450549323436557,0.5188915880197096,0.021303544650341566,8321,28,4,15,26,2,GAS_above,VNQ,calendar,1min,60,False,4,28,4,0.6241259104102967
-2,etf_leads_kalshi,-9.548984371529946e-07,-0.6984582476869179,0.48489066025878813,0.021303544650341566,8321,28,4,15,26,2,GAS_above,VNQ,calendar,1min,60,False,4,28,4,0.6241259104102967
-1,etf_leads_kalshi,-2.764336815603576e-06,-2.7478597859695895,0.005998565551747801,0.021303544650341566,8321,28,4,15,26,2,GAS_above,VNQ,calendar,1min,60,False,4,28,4,0.026993544982865107
0,contemp,1.349697688781218e-06,1.720184245877872,0.0853989557865287,0.021303544650341566,8321,28,4,15,26,2,GAS_above,VNQ,calendar,1min,60,False,4,28,4,0.25619686735958613
1,kalshi_leads_etf,-1.7968991212044994e-06,-0.5906147389681587,0.5547785870313748,0.021303544650341566,8321,28,4,15,26,2,GAS_above,VNQ,calendar,1min,60,False,4,28,4,0.6241259104102967
2,kalshi_leads_etf,3.9030633427058605e-07,0.3480723094747278,0.7277858794213865,0.021303544650341566,8321,28,4,15,26,2,GAS_above,VNQ,calendar,1min,60,False,4,28,4,0.7277858794213865
3,kalshi_leads_etf,-4.01001420560232e-06,-1.2003425091506617,0.2300063467772927,0.021303544650341566,8321,28,4,15,26,2,GAS_above,VNQ,calendar,1min,60,False,4,28,4,0.5175142802489087
4,kalshi_leads_etf,4.843997948146195e-06,3.3393661596519166,0.0008396980311498371,0.021303544650341566,8321,28,4,15,26,2,GAS_above,VNQ,calendar,1min,60,False,4,28,4,0.0075572822803485346
-4,etf_leads_kalshi,3.614881525244683e-06,1.9353485370174712,0.052947539946127505,0.02757848462245749,4008,28,4,16,23,3,GAS_above,VNQ,calendar,2min,120,False,4,26,4,0.15884261983838252
-3,etf_leads_kalshi,-7.0437941110623236e-06,-1.0450757858707769,0.29598794430101505,0.02757848462245749,4008,28,4,16,23,3,GAS_above,VNQ,calendar,2min,120,False,4,26,4,0.39379930189855183
-2,etf_leads_kalshi,3.96872161977768e-06,2.6272221176869786,0.008608512121769558,0.02757848462245749,4008,28,4,16,23,3,GAS_above,VNQ,calendar,2min,120,False,4,26,4,0.038738304547963016
-1,etf_leads_kalshi,-3.232977152170843e-06,-0.8307266846212656,0.4061280481067032,0.02757848462245749,4008,28,4,16,23,3,GAS_above,VNQ,calendar,2min,120,False,4,26,4,0.45689405412004114
0,contemp,-1.9606336724994077e-06,-0.6132847893435236,0.5396880491038014,0.02757848462245749,4008,28,4,16,23,3,GAS_above,VNQ,calendar,2min,120,False,4,26,4,0.5396880491038014
1,kalshi_leads_etf,-6.704454138143128e-06,-1.1561491619365907,0.24762015008681204,0.02757848462245749,4008,28,4,16,23,3,GAS_above,VNQ,calendar,2min,120,False,4,26,4,0.39379930189855183
2,kalshi_leads_etf,8.981071335602384e-06,5.288345955566652,1.2342737087207958e-07,0.02757848462245749,4008,28,4,16,23,3,GAS_above,VNQ,calendar,2min,120,False,4,26,4,1.1108463378487163e-06
3,kalshi_leads_etf,-2.5399230479564513e-06,-1.023041243189105,0.3062883459210959,0.02757848462245749,4008,28,4,16,23,3,GAS_above,VNQ,calendar,2min,120,False,4,26,4,0.39379930189855183
4,kalshi_leads_etf,2.2371230399568673e-06,1.0959133755151043,0.2731166850692849,0.02757848462245749,4008,28,4,16,23,3,GAS_above,VNQ,calendar,2min,120,False,4,26,4,0.39379930189855183
-4,etf_leads_kalshi,-2.363061234728846e-06,-0.4902570205921194,0.6239520361589956,0.029541692011501808,1425,25,4,14,20,1,GAS_above,VNQ,calendar,5min,300,False,4,25,4,0.6955149376997414
-3,etf_leads_kalshi,1.7530722166279157e-06,0.3913819426082915,0.6955149376997414,0.029541692011501808,1425,25,4,14,20,1,GAS_above,VNQ,calendar,5min,300,False,4,25,4,0.6955149376997414
-2,etf_leads_kalshi,-7.841049912161604e-06,-1.7717014571301435,0.07644412766379818,0.029541692011501808,1425,25,4,14,20,1,GAS_above,VNQ,calendar,5min,300,False,4,25,4,0.22933238299139455
-1,etf_leads_kalshi,5.804830570852103e-06,0.6066169847976203,0.54410512578952,0.029541692011501808,1425,25,4,14,20,1,GAS_above,VNQ,calendar,5min,300,False,4,25,4,0.6955149376997414
0,contemp,-9.016014499913077e-06,-0.8917912551254472,0.3725048298141085,0.029541692011501808,1425,25,4,14,20,1,GAS_above,VNQ,calendar,5min,300,False,4,25,4,0.6705086936653952
1,kalshi_leads_etf,1.797773879677281e-05,3.0786260123128844,0.0020795756082073427,0.029541692011501808,1425,25,4,14,20,1,GAS_above,VNQ,calendar,5min,300,False,4,25,4,0.018716180473866084
2,kalshi_leads_etf,1.6364384383117693e-05,1.3501029254217645,0.17698297012524355,0.029541692011501808,1425,25,4,14,20,1,GAS_above,VNQ,calendar,5min,300,False,4,25,4,0.398211682781798
3,kalshi_leads_etf,3.77269215852761e-06,0.7184296487758804,0.4724924111710225,0.029541692011501808,1425,25,4,14,20,1,GAS_above,VNQ,calendar,5min,300,False,4,25,4,0.6955149376997414
4,kalshi_leads_etf,2.063967553519595e-05,2.0085356645787806,0.04458640010834632,0.029541692011501808,1425,25,4,14,20,1,GAS_above,VNQ,calendar,5min,300,False,4,25,4,0.20063880048755847
-4,etf_leads_kalshi,-1.6452869192891986e-05,-0.8716444338962795,0.383402382338106,0.011402747650042344,579,23,4,13,16,0,GAS_above,VNQ,calendar,10min,600,True,4,23,4,0.575103573507159
-3,etf_leads_kalshi,1.4240541992933885e-05,1.994693377263695,0.046076332150241234,0.011402747650042344,579,23,4,13,16,0,GAS_above,VNQ,calendar,10min,600,True,4,23,4,0.3066750243469805
-2,etf_leads_kalshi,1.6508457205107404e-05,0.9958122783772951,0.31934136336435537,0.011402747650042344,579,23,4,13,16,0,GAS_above,VNQ,calendar,10min,600,True,4,23,4,0.575103573507159
-1,etf_leads_kalshi,-8.721714719239689e-06,-0.6851624220600249,0.49324143368482354,0.011402747650042344,579,23,4,13,16,0,GAS_above,VNQ,calendar,10min,600,True,4,23,4,0.6341675575947731
0,contemp,8.598635666294089e-06,0.3772075135976575,0.7060193969824251,0.011402747650042344,579,23,4,13,16,0,GAS_above,VNQ,calendar,10min,600,True,4,23,4,0.7942718216052282
1,kalshi_leads_etf,7.647981845300769e-05,1.8240136714152153,0.06815000541044011,0.011402747650042344,579,23,4,13,16,0,GAS_above,VNQ,calendar,10min,600,True,4,23,4,0.3066750243469805
2,kalshi_leads_etf,2.801591507972426e-05,1.016549279576171,0.30936789312581636,0.011402747650042344,579,23,4,13,16,0,GAS_above,VNQ,calendar,10min,600,True,4,23,4,0.575103573507159
3,kalshi_leads_etf,4.5845871780805875e-05,0.9677251343173792,0.33318166199959787,0.011402747650042344,579,23,4,13,16,0,GAS_above,VNQ,calendar,10min,600,True,4,23,4,0.575103573507159
4,kalshi_leads_etf,-6.874702689748289e-06,-0.20482299446736835,0.8377104208812104,0.011402747650042344,579,23,4,13,16,0,GAS_above,VNQ,calendar,10min,600,True,4,23,4,0.8377104208812104
-4,etf_leads_kalshi,6.903524522718239e-07,0.6761943504734331,0.49891725900873485,0.03157677040907414,16949,28,4,15,28,2,GAS_above,VOX,calendar,30s,30,False,4,30,4,0.6421691697687841
-3,etf_leads_kalshi,5.198347423006483e-07,0.5078029175476949,0.6115915635257341,0.03157677040907414,16949,28,4,15,28,2,GAS_above,VOX,calendar,30s,30,False,4,30,4,0.6880405089664509
-2,etf_leads_kalshi,-3.489971745823154e-07,-0.9548191412177895,0.33966916586039275,0.03157677040907414,16949,28,4,15,28,2,GAS_above,VOX,calendar,30s,30,False,4,30,4,0.6421691697687841
-1,etf_leads_kalshi,5.305508954962329e-07,0.7183389122986877,0.47254834280428526,0.03157677040907414,16949,28,4,15,28,2,GAS_above,VOX,calendar,30s,30,False,4,30,4,0.6421691697687841
0,contemp,1.2655474206513822e-06,1.2300651718766555,0.21867270086238622,0.03157677040907414,16949,28,4,15,28,2,GAS_above,VOX,calendar,30s,30,False,4,30,4,0.6421691697687841
1,kalshi_leads_etf,-5.938448169845091e-07,-0.6753319177408806,0.49946490982016545,0.03157677040907414,16949,28,4,15,28,2,GAS_above,VOX,calendar,30s,30,False,4,30,4,0.6421691697687841
2,kalshi_leads_etf,-2.519191239163968e-07,-0.3038817247798082,0.7612180013153969,0.03157677040907414,16949,28,4,15,28,2,GAS_above,VOX,calendar,30s,30,False,4,30,4,0.7612180013153969
3,kalshi_leads_etf,3.7402371629631377e-07,1.0742246470541796,0.28272200825974225,0.03157677040907414,16949,28,4,15,28,2,GAS_above,VOX,calendar,30s,30,False,4,30,4,0.6421691697687841
4,kalshi_leads_etf,-9.55895061656372e-07,-0.9992157680229776,0.3176901790390263,0.03157677040907414,16949,28,4,15,28,2,GAS_above,VOX,calendar,30s,30,False,4,30,4,0.6421691697687841
-4,etf_leads_kalshi,-1.5139988559374643e-07,-0.3164399195516833,0.7516686210100922,0.025419704338510818,8321,28,4,14,26,1,GAS_above,VOX,calendar,1min,60,False,4,28,4,0.8520349488125973
-3,etf_leads_kalshi,-5.758934708549859e-07,-0.3089436408301087,0.7573643989445309,0.025419704338510818,8321,28,4,14,26,1,GAS_above,VOX,calendar,1min,60,False,4,28,4,0.8520349488125973
-2,etf_leads_kalshi,1.7871779492876835e-06,1.5514750487743778,0.12078788228859781,0.025419704338510818,8321,28,4,14,26,1,GAS_above,VOX,calendar,1min,60,False,4,28,4,0.5435454702986902
-1,etf_leads_kalshi,-9.848477788394783e-08,-0.09273870787268378,0.926111145068396,0.025419704338510818,8321,28,4,14,26,1,GAS_above,VOX,calendar,1min,60,False,4,28,4,0.926111145068396
0,contemp,2.2948706227885743e-06,0.9761021466597967,0.32901384769145947,0.025419704338510818,8321,28,4,14,26,1,GAS_above,VOX,calendar,1min,60,False,4,28,4,0.7990240865974457
1,kalshi_leads_etf,-5.460749358108039e-07,-0.9079420802015024,0.36390882355841325,0.025419704338510818,8321,28,4,14,26,1,GAS_above,VOX,calendar,1min,60,False,4,28,4,0.7990240865974457
2,kalshi_leads_etf,7.025855010372848e-07,0.7656202861324105,0.4439022703319143,0.025419704338510818,8321,28,4,14,26,1,GAS_above,VOX,calendar,1min,60,False,4,28,4,0.7990240865974457
3,kalshi_leads_etf,-1.6347885556704741e-06,-0.4414147983552159,0.6589127308670006,0.025419704338510818,8321,28,4,14,26,1,GAS_above,VOX,calendar,1min,60,False,4,28,4,0.8520349488125973
4,kalshi_leads_etf,3.2921557903407448e-06,2.0548968855455505,0.039888965355651784,0.025419704338510818,8321,28,4,14,26,1,GAS_above,VOX,calendar,1min,60,False,4,28,4,0.35900068820086606
-4,etf_leads_kalshi,-1.5601486271622553e-07,-0.08389443774506483,0.9331403620076905,0.041580515216673275,4008,28,4,15,23,2,GAS_above,VOX,calendar,2min,120,False,4,26,4,0.9331403620076905
-3,etf_leads_kalshi,5.817749335946581e-07,0.17116839646560011,0.864091356695634,0.041580515216673275,4008,28,4,15,23,2,GAS_above,VOX,calendar,2min,120,False,4,26,4,0.9331403620076905
-2,etf_leads_kalshi,-1.263519204110742e-06,-1.0909164551674795,0.2753096457820914,0.041580515216673275,4008,28,4,15,23,2,GAS_above,VOX,calendar,2min,120,False,4,26,4,0.4955573624077645
-1,etf_leads_kalshi,1.698583211395953e-06,0.4980083103247929,0.6184781847998355,0.041580515216673275,4008,28,4,15,23,2,GAS_above,VOX,calendar,2min,120,False,4,26,4,0.7951862375997885
0,contemp,3.190566208068419e-06,1.721220317237745,0.08521085237652626,0.041580515216673275,4008,28,4,15,23,2,GAS_above,VOX,calendar,2min,120,False,4,26,4,0.19172441784718408
1,kalshi_leads_etf,1.8291947114687567e-06,0.6206361231054343,0.5348390664957683,0.041580515216673275,4008,28,4,15,23,2,GAS_above,VOX,calendar,2min,120,False,4,26,4,0.7951862375997885
2,kalshi_leads_etf,6.320152790232904e-06,2.586967000744925,0.009682486452198855,0.041580515216673275,4008,28,4,15,23,2,GAS_above,VOX,calendar,2min,120,False,4,26,4,0.043571189034894854
3,kalshi_leads_etf,6.321002671440714e-06,1.8404690900134903,0.06569939822810957,0.041580515216673275,4008,28,4,15,23,2,GAS_above,VOX,calendar,2min,120,False,4,26,4,0.19172441784718408
4,kalshi_leads_etf,5.101848262006547e-06,2.9767284033645476,0.002913419783841733,0.041580515216673275,4008,28,4,15,23,2,GAS_above,VOX,calendar,2min,120,False,4,26,4,0.026220778054575598
-4,etf_leads_kalshi,-8.985670629194593e-06,-1.2617641307336713,0.207033672716057,0.023521146991593467,1425,25,4,14,20,1,GAS_above,VOX,calendar,5min,300,False,4,25,4,0.3105505090740855
-3,etf_leads_kalshi,6.963425505297498e-06,1.2697598445469795,0.20417018841199208,0.023521146991593467,1425,25,4,14,20,1,GAS_above,VOX,calendar,5min,300,False,4,25,4,0.3105505090740855
-2,etf_leads_kalshi,1.3824429860144188e-05,1.584297471300453,0.11312604098705399,0.023521146991593467,1425,25,4,14,20,1,GAS_above,VOX,calendar,5min,300,False,4,25,4,0.2545335922208715
-1,etf_leads_kalshi,1.9088424645108625e-05,2.6610029292648254,0.007790827933450647,0.023521146991593467,1425,25,4,14,20,1,GAS_above,VOX,calendar,5min,300,False,4,25,4,0.05527413586218468
0,contemp,4.965801270690983e-06,0.381719132234011,0.702669707320936,0.023521146991593467,1425,25,4,14,20,1,GAS_above,VOX,calendar,5min,300,False,4,25,4,0.702669707320936
1,kalshi_leads_etf,2.414490493330322e-05,2.395185775792196,0.0166119460783215,0.023521146991593467,1425,25,4,14,20,1,GAS_above,VOX,calendar,5min,300,False,4,25,4,0.05527413586218468
2,kalshi_leads_etf,2.0894225636396418e-05,2.3569704701658374,0.01842471195406156,0.023521146991593467,1425,25,4,14,20,1,GAS_above,VOX,calendar,5min,300,False,4,25,4,0.05527413586218468
3,kalshi_leads_etf,-9.111632516693918e-06,-1.0680277255361625,0.2855080054559379,0.023521146991593467,1425,25,4,14,20,1,GAS_above,VOX,calendar,5min,300,False,4,25,4,0.3670817213004916
4,kalshi_leads_etf,-1.8592698535930926e-05,-0.8315884588983135,0.4056412786773055,0.023521146991593467,1425,25,4,14,20,1,GAS_above,VOX,calendar,5min,300,False,4,25,4,0.4563464385119687
-4,etf_leads_kalshi,-7.236582175812198e-07,-0.06206484321992805,0.95051119404655,0.07541787339884654,579,23,4,16,16,3,GAS_above,VOX,calendar,10min,600,True,4,23,4,0.95051119404655
-3,etf_leads_kalshi,-3.621858403879454e-05,-1.95065342995255,0.05109828671395644,0.07541787339884654,579,23,4,16,16,3,GAS_above,VOX,calendar,10min,600,True,4,23,4,0.0919769160851216
-2,etf_leads_kalshi,-5.4318592914147505e-05,-7.228589242879572,4.880370811647794e-13,0.07541787339884654,579,23,4,16,16,3,GAS_above,VOX,calendar,10min,600,True,4,23,4,4.3923337304830154e-12
-1,etf_leads_kalshi,4.799657926193182e-05,3.819125213724886,0.000133925772369377,0.07541787339884654,579,23,4,16,16,3,GAS_above,VOX,calendar,10min,600,True,4,23,4,0.0006026659756621965
0,contemp,3.3127130883191705e-05,1.4969265592691992,0.13441236855328284,0.07541787339884654,579,23,4,16,16,3,GAS_above,VOX,calendar,10min,600,True,4,23,4,0.20161855282992427
1,kalshi_leads_etf,9.852124044780789e-05,2.5374593801450707,0.01116603252881832,0.07541787339884654,579,23,4,16,16,3,GAS_above,VOX,calendar,10min,600,True,4,23,4,0.026467429763900492
2,kalshi_leads_etf,-8.650129699466256e-05,-1.1750122109521726,0.2399898305393281,0.07541787339884654,579,23,4,16,16,3,GAS_above,VOX,calendar,10min,600,True,4,23,4,0.3085583535505647
3,kalshi_leads_etf,4.969007931677596e-06,0.24543494561735799,0.806119673604898,0.07541787339884654,579,23,4,16,16,3,GAS_above,VOX,calendar,10min,600,True,4,23,4,0.9068846328055103
4,kalshi_leads_etf,7.645288823223718e-05,2.5191664872206987,0.011763302117289107,0.07541787339884654,579,23,4,16,16,3,GAS_above,VOX,calendar,10min,600,True,4,23,4,0.026467429763900492
-4,etf_leads_kalshi,-1.4815361253660853e-06,-2.331653719459448,0.019718915346407045,0.04324652533877471,16949,28,4,14,28,1,GAS_above,VPU,calendar,30s,30,False,4,30,4,0.04436755952941585
-3,etf_leads_kalshi,-6.342241616393597e-07,-0.6511131063008124,0.5149734766673086,0.04324652533877471,16949,28,4,14,28,1,GAS_above,VPU,calendar,30s,30,False,4,30,4,0.5793451612507222
-2,etf_leads_kalshi,-7.971993063145039e-07,-2.4472532010828143,0.014394967297701237,0.04324652533877471,16949,28,4,14,28,1,GAS_above,VPU,calendar,30s,30,False,4,30,4,0.043184901893103714
-1,etf_leads_kalshi,-2.1600362879096648e-06,-3.879304028640762,0.0001047557577486034,0.04324652533877471,16949,28,4,14,28,1,GAS_above,VPU,calendar,30s,30,False,4,30,4,0.0009428018197374307
0,contemp,-4.3798726238532306e-07,-0.6700232811859702,0.5028429491491772,0.04324652533877471,16949,28,4,14,28,1,GAS_above,VPU,calendar,30s,30,False,4,30,4,0.5793451612507222
1,kalshi_leads_etf,6.152157329617286e-07,1.16950688538731,0.2421994687665544,0.04324652533877471,16949,28,4,14,28,1,GAS_above,VPU,calendar,30s,30,False,4,30,4,0.4359590437797979
2,kalshi_leads_etf,1.3331871887468152e-07,0.2747554398206421,0.7835041347877172,0.04324652533877471,16949,28,4,14,28,1,GAS_above,VPU,calendar,30s,30,False,4,30,4,0.7835041347877172
3,kalshi_leads_etf,-3.869126632533353e-06,-2.766266155136428,0.0056702235496865205,0.04324652533877471,16949,28,4,14,28,1,GAS_above,VPU,calendar,30s,30,False,4,30,4,0.025516005973589342
4,kalshi_leads_etf,1.0289431039708243e-06,0.9878187966526668,0.32324140020286696,0.04324652533877471,16949,28,4,14,28,1,GAS_above,VPU,calendar,30s,30,False,4,30,4,0.48486210030430044
-4,etf_leads_kalshi,-1.4574597473801651e-06,-1.2678958037519188,0.20483516284463177,0.03719576606448205,8321,28,4,15,26,2,GAS_above,VPU,calendar,1min,60,False,4,28,4,0.30725274426694765
-3,etf_leads_kalshi,2.297806874069392e-06,1.4252348287670085,0.15408933169365055,0.03719576606448205,8321,28,4,15,26,2,GAS_above,VPU,calendar,1min,60,False,4,28,4,0.277360797048571
-2,etf_leads_kalshi,-3.3720779167534847e-06,-2.298043065564882,0.021559338164630158,0.03719576606448205,8321,28,4,15,26,2,GAS_above,VPU,calendar,1min,60,False,4,28,4,0.08294459279608245
-1,etf_leads_kalshi,-2.463721527246125e-06,-1.498359717377279,0.1340398164047037,0.03719576606448205,8321,28,4,15,26,2,GAS_above,VPU,calendar,1min,60,False,4,28,4,0.277360797048571
0,contemp,-4.486219325237244e-06,-3.6825312957184586,0.00023092950784933897,0.03719576606448205,8321,28,4,15,26,2,GAS_above,VPU,calendar,1min,60,False,4,28,4,0.0020783655706440507
1,kalshi_leads_etf,1.9578341098194553e-06,1.0217744510964266,0.3068876642076068,0.03719576606448205,8321,28,4,15,26,2,GAS_above,VPU,calendar,1min,60,False,4,28,4,0.39456985398120875
2,kalshi_leads_etf,-4.501919073110939e-06,-2.2022422993806887,0.02764819759869415,0.03719576606448205,8321,28,4,15,26,2,GAS_above,VPU,calendar,1min,60,False,4,28,4,0.08294459279608245
3,kalshi_leads_etf,-2.6949874415394343e-06,-0.7492165183242868,0.45372671469097725,0.03719576606448205,8321,28,4,15,26,2,GAS_above,VPU,calendar,1min,60,False,4,28,4,0.45372671469097725
4,kalshi_leads_etf,2.1537485433536293e-06,0.861095008227847,0.38918571824940407,0.03719576606448205,8321,28,4,15,26,2,GAS_above,VPU,calendar,1min,60,False,4,28,4,0.4378339330305796
-4,etf_leads_kalshi,6.374281823001222e-06,2.083499129926,0.037205750923334564,0.03608838909237699,4008,28,4,14,23,1,GAS_above,VPU,calendar,2min,120,False,4,26,4,0.16742587915500554
-3,etf_leads_kalshi,-1.2002793081745073e-05,-2.319442219423188,0.020371070676654158,0.03608838909237699,4008,28,4,14,23,1,GAS_above,VPU,calendar,2min,120,False,4,26,4,0.16742587915500554
-2,etf_leads_kalshi,-4.1468469089240055e-06,-1.0825048362418,0.2790282676074245,0.03608838909237699,4008,28,4,14,23,1,GAS_above,VPU,calendar,2min,120,False,4,26,4,0.41854240141113674
-1,etf_leads_kalshi,3.6472396769433524e-08,0.01647961988698949,0.9868517608554318,0.03608838909237699,4008,28,4,14,23,1,GAS_above,VPU,calendar,2min,120,False,4,26,4,0.9868517608554318
0,contemp,-6.7851882659558885e-06,-1.6058442414237342,0.1083081372344732,0.03608838909237699,4008,28,4,14,23,1,GAS_above,VPU,calendar,2min,120,False,4,26,4,0.24369330877756473
1,kalshi_leads_etf,-1.1809925916909657e-05,-1.8769178422023722,0.0605293550609358,0.03608838909237699,4008,28,4,14,23,1,GAS_above,VPU,calendar,2min,120,False,4,26,4,0.1815880651828074
2,kalshi_leads_etf,1.092488169591837e-06,0.3216195620930503,0.7477409222311875,0.03608838909237699,4008,28,4,14,23,1,GAS_above,VPU,calendar,2min,120,False,4,26,4,0.841208537510086
3,kalshi_leads_etf,1.7008569480135385e-06,0.9255116260609773,0.3546998390262488,0.03608838909237699,4008,28,4,14,23,1,GAS_above,VPU,calendar,2min,120,False,4,26,4,0.4560426501766056
4,kalshi_leads_etf,6.3200422151960915e-06,1.2073202601634285,0.22730883113294897,0.03608838909237699,4008,28,4,14,23,1,GAS_above,VPU,calendar,2min,120,False,4,26,4,0.40915589603930813
-4,etf_leads_kalshi,-7.521419157907074e-06,-1.9675455658364238,0.04912034819685776,0.06387617265598922,1425,25,4,14,20,1,GAS_above,VPU,calendar,5min,300,False,4,25,4,0.14736104459057328
-3,etf_leads_kalshi,7.789230061754758e-07,0.15363401520003772,0.8778983150842484,0.06387617265598922,1425,25,4,14,20,1,GAS_above,VPU,calendar,5min,300,False,4,25,4,0.8778983150842484
-2,etf_leads_kalshi,-1.4082003790930247e-05,-2.551694744723496,0.010720039522351597,0.06387617265598922,1425,25,4,14,20,1,GAS_above,VPU,calendar,5min,300,False,4,25,4,0.04824017785058219
-1,etf_leads_kalshi,-1.1007435739796975e-05,-0.8825198966057558,0.3774957250302644,0.06387617265598922,1425,25,4,14,20,1,GAS_above,VPU,calendar,5min,300,False,4,25,4,0.4853516464674828
0,contemp,-2.947418084936703e-05,-3.433604128052764,0.0005956133814400171,0.06387617265598922,1425,25,4,14,20,1,GAS_above,VPU,calendar,5min,300,False,4,25,4,0.005360520432960154
1,kalshi_leads_etf,5.213335971543464e-06,0.4042656321484095,0.6860173952327034,0.06387617265598922,1425,25,4,14,20,1,GAS_above,VPU,calendar,5min,300,False,4,25,4,0.7717695696367914
2,kalshi_leads_etf,2.534612208007841e-05,1.209334981954137,0.22653417649546503,0.06387617265598922,1425,25,4,14,20,1,GAS_above,VPU,calendar,5min,300,False,4,25,4,0.40776151769183705
3,kalshi_leads_etf,2.1158769508820775e-05,0.9523350247058973,0.3409271003292359,0.06387617265598922,1425,25,4,14,20,1,GAS_above,VPU,calendar,5min,300,False,4,25,4,0.4853516464674828
4,kalshi_leads_etf,9.526642180108225e-06,1.4179546418615834,0.15620400776267546,0.06387617265598922,1425,25,4,14,20,1,GAS_above,VPU,calendar,5min,300,False,4,25,4,0.3514590174660198
-4,etf_leads_kalshi,-1.662986983282005e-05,-0.46351150609789954,0.6429977693532023,0.11177368250133846,579,23,4,14,16,1,GAS_above,VPU,calendar,10min,600,True,4,23,4,0.8267114177398315
-3,etf_leads_kalshi,3.9687819015312616e-05,3.102118255376938,0.0019214118639053887,0.11177368250133846,579,23,4,14,16,1,GAS_above,VPU,calendar,10min,600,True,4,23,4,0.00864635338757425
-2,etf_leads_kalshi,7.857520218237818e-08,0.002758267627183001,0.9977992236363079,0.11177368250133846,579,23,4,14,16,1,GAS_above,VPU,calendar,10min,600,True,4,23,4,0.9977992236363079
-1,etf_leads_kalshi,-5.1712331314915765e-05,-3.327482959861022,0.0008763434855274166,0.11177368250133846,579,23,4,14,16,1,GAS_above,VPU,calendar,10min,600,True,4,23,4,0.00788709136974675
0,contemp,-4.815998883697727e-05,-1.5439313812225752,0.12260495682739432,0.11177368250133846,579,23,4,14,16,1,GAS_above,VPU,calendar,10min,600,True,4,23,4,0.22068892228930978
1,kalshi_leads_etf,3.888050704685328e-05,0.9042328436129083,0.3658719481526168,0.11177368250133846,579,23,4,14,16,1,GAS_above,VPU,calendar,10min,600,True,4,23,4,0.5488079222289253
2,kalshi_leads_etf,0.00010760482510026297,1.5829773511375635,0.11342662673845672,0.11177368250133846,579,23,4,14,16,1,GAS_above,VPU,calendar,10min,600,True,4,23,4,0.22068892228930978
3,kalshi_leads_etf,9.754652463800263e-06,0.3010453342886774,0.7633799252580978,0.11177368250133846,579,23,4,14,16,1,GAS_above,VPU,calendar,10min,600,True,4,23,4,0.8588024159153601
4,kalshi_leads_etf,-6.375722869516692e-05,-2.727882720793109,0.0063742266165597765,0.11177368250133846,579,23,4,14,16,1,GAS_above,VPU,calendar,10min,600,True,4,23,4,0.01912267984967933
-4,etf_leads_kalshi,-2.2853052392622617e-08,-0.04421318326468251,0.9647344736045645,0.07324246323273942,14769,32,4,14,18,1,APPROVAL_strength,VAW,calendar,30s,30,False,4,21,4,0.965994459721501
-3,etf_leads_kalshi,3.2816456614086215e-07,0.22599704476083643,0.8212037188137794,0.07324246323273942,14769,32,4,14,18,1,APPROVAL_strength,VAW,calendar,30s,30,False,4,21,4,0.965994459721501
-2,etf_leads_kalshi,-6.569704024447041e-07,-1.470229782596018,0.1414995310658793,0.07324246323273942,14769,32,4,14,18,1,APPROVAL_strength,VAW,calendar,30s,30,False,4,21,4,0.42449859319763794
-1,etf_leads_kalshi,-1.1612926666000884e-06,-1.2969986961379005,0.19463163542488826,0.07324246323273942,14769,32,4,14,18,1,APPROVAL_strength,VAW,calendar,30s,30,False,4,21,4,0.4379211797059986
0,contemp,-4.007301804437051e-07,-0.3334289837930275,0.7388104877561001,0.07324246323273942,14769,32,4,14,18,1,APPROVAL_strength,VAW,calendar,30s,30,False,4,21,4,0.965994459721501
1,kalshi_leads_etf,-8.146348013339683e-07,-0.7895532236705143,0.429788735124058,0.07324246323273942,14769,32,4,14,18,1,APPROVAL_strength,VAW,calendar,30s,30,False,4,21,4,0.7736197232233044
2,kalshi_leads_etf,-1.1696237250965226e-06,-4.376543910269243,1.2057590969068195e-05,0.07324246323273942,14769,32,4,14,18,1,APPROVAL_strength,VAW,calendar,30s,30,False,4,21,4,0.00010851831872161376
3,kalshi_leads_etf,-1.4914851924851433e-06,-2.5075105502041066,0.012158495188982966,0.07324246323273942,14769,32,4,14,18,1,APPROVAL_strength,VAW,calendar,30s,30,False,4,21,4,0.05471322835042335
4,kalshi_leads_etf,-3.768668855937311e-08,-0.04263253519836102,0.965994459721501,0.07324246323273942,14769,32,4,14,18,1,APPROVAL_strength,VAW,calendar,30s,30,False,4,21,4,0.965994459721501
-4,etf_leads_kalshi,-2.758921177964277e-06,-0.9311643974089806,0.3517685312592064,0.07492815258711727,7224,32,4,16,17,3,APPROVAL_strength,VAW,calendar,1min,60,False,4,21,4,0.6331833562665714
-3,etf_leads_kalshi,4.2254998823849466e-07,0.1854721864933137,0.8528586937396357,0.07492815258711727,7224,32,4,16,17,3,APPROVAL_strength,VAW,calendar,1min,60,False,4,21,4,0.8795902536322021
-2,etf_leads_kalshi,-2.3296325765376782e-07,-0.15148866251164164,0.8795902536322021,0.07492815258711727,7224,32,4,16,17,3,APPROVAL_strength,VAW,calendar,1min,60,False,4,21,4,0.8795902536322021
-1,etf_leads_kalshi,-6.468850477346928e-07,-0.25615695547561784,0.797829644507909,0.07492815258711727,7224,32,4,16,17,3,APPROVAL_strength,VAW,calendar,1min,60,False,4,21,4,0.8795902536322021
0,contemp,-2.7000156188559582e-06,-1.0230027418134306,0.3063065494527327,0.07492815258711727,7224,32,4,16,17,3,APPROVAL_strength,VAW,calendar,1min,60,False,4,21,4,0.6331833562665714
1,kalshi_leads_etf,-2.779380704526768e-06,-1.6246224319239466,0.1042430344116719,0.07492815258711727,7224,32,4,16,17,3,APPROVAL_strength,VAW,calendar,1min,60,False,4,21,4,0.31272910323501574
2,kalshi_leads_etf,-3.3320761993049043e-06,-2.3781743597938934,0.01739859678917807,0.07492815258711727,7224,32,4,16,17,3,APPROVAL_strength,VAW,calendar,1min,60,False,4,21,4,0.15658737110260262
3,kalshi_leads_etf,-3.7196591175541573e-06,-2.0587851456245145,0.03951482528161015,0.07492815258711727,7224,32,4,16,17,3,APPROVAL_strength,VAW,calendar,1min,60,False,4,21,4,0.17781671376724567
4,kalshi_leads_etf,-1.1343433359912327e-06,-0.6440669309785733,0.5195320330571385,0.07492815258711727,7224,32,4,16,17,3,APPROVAL_strength,VAW,calendar,1min,60,False,4,21,4,0.7792980495857077
-4,etf_leads_kalshi,-2.72608174087899e-06,-1.714081722101386,0.08651371814191941,0.05562763734900855,3450,31,4,14,17,1,APPROVAL_strength,VAW,calendar,2min,120,False,4,20,4,0.19465586581931868
-3,etf_leads_kalshi,2.197629756784105e-06,0.5350722827480492,0.5925998753169373,0.05562763734900855,3450,31,4,14,17,1,APPROVAL_strength,VAW,calendar,2min,120,False,4,20,4,0.7619141254074907
-2,etf_leads_kalshi,-4.9425851073885274e-06,-1.3655571628512622,0.17207799970809112,0.05562763734900855,3450,31,4,14,17,1,APPROVAL_strength,VAW,calendar,2min,120,False,4,20,4,0.309740399474564
-1,etf_leads_kalshi,-1.2751216216474655e-07,-0.026980392776815007,0.9784753726359194,0.05562763734900855,3450,31,4,14,17,1,APPROVAL_strength,VAW,calendar,2min,120,False,4,20,4,0.9784753726359194
0,contemp,-5.469182003865451e-06,-1.2582822797994844,0.20828968737024778,0.05562763734900855,3450,31,4,14,17,1,APPROVAL_strength,VAW,calendar,2min,120,False,4,20,4,0.31243453105537167
1,kalshi_leads_etf,-8.530188014945695e-06,-4.429672948500682,9.437610204190585e-06,0.05562763734900855,3450,31,4,14,17,1,APPROVAL_strength,VAW,calendar,2min,120,False,4,20,4,4.2469245918857634e-05
2,kalshi_leads_etf,-1.3419892219624071e-05,-4.809060435262748,1.5164135894183738e-06,0.05562763734900855,3450,31,4,14,17,1,APPROVAL_strength,VAW,calendar,2min,120,False,4,20,4,1.3647722304765365e-05
3,kalshi_leads_etf,1.0112201877829152e-05,2.699306593232331,0.0069484130352246674,0.05562763734900855,3450,31,4,14,17,1,APPROVAL_strength,VAW,calendar,2min,120,False,4,20,4,0.020845239105674002
4,kalshi_leads_etf,1.783074444997281e-07,0.07365519725929799,0.9412847493117961,0.05562763734900855,3450,31,4,14,17,1,APPROVAL_strength,VAW,calendar,2min,120,False,4,20,4,0.9784753726359194
-4,etf_leads_kalshi,-2.912220842732692e-05,-2.1111389798463676,0.03476036784639439,0.04518867097471457,1193,31,4,14,16,1,APPROVAL_strength,VAW,calendar,5min,300,False,4,18,4,0.15642165530877478
-3,etf_leads_kalshi,-1.4690289931636655e-05,-0.8381027615401831,0.4019729920974151,0.04518867097471457,1193,31,4,14,16,1,APPROVAL_strength,VAW,calendar,5min,300,False,4,18,4,0.6910424885492497
-2,etf_leads_kalshi,5.9745224153748085e-06,0.6166319871811329,0.5374774910938609,0.04518867097471457,1193,31,4,14,16,1,APPROVAL_strength,VAW,calendar,5min,300,False,4,18,4,0.6910424885492497
-1,etf_leads_kalshi,-8.299287384827625e-06,-0.9224084904101799,0.3563155427347291,0.04518867097471457,1193,31,4,14,16,1,APPROVAL_strength,VAW,calendar,5min,300,False,4,18,4,0.6910424885492497
0,contemp,-1.42025000837862e-05,-1.0593907660591217,0.28942185326588943,0.04518867097471457,1193,31,4,14,16,1,APPROVAL_strength,VAW,calendar,5min,300,False,4,18,4,0.6910424885492497
1,kalshi_leads_etf,-3.101876443636151e-05,-3.9407167096444566,8.123852122965068e-05,0.04518867097471457,1193,31,4,14,16,1,APPROVAL_strength,VAW,calendar,5min,300,False,4,18,4,0.0007311466910668561
2,kalshi_leads_etf,6.652054156148015e-06,0.6470043102694718,0.5176291538619007,0.04518867097471457,1193,31,4,14,16,1,APPROVAL_strength,VAW,calendar,5min,300,False,4,18,4,0.6910424885492497
3,kalshi_leads_etf,1.0546661649922524e-06,0.15074804869440397,0.8801744689276289,0.04518867097471457,1193,31,4,14,16,1,APPROVAL_strength,VAW,calendar,5min,300,False,4,18,4,0.948776081381217
4,kalshi_leads_etf,8.608622101399116e-07,0.06424382595533389,0.948776081381217,0.04518867097471457,1193,31,4,14,16,1,APPROVAL_strength,VAW,calendar,5min,300,False,4,18,4,0.948776081381217
-4,etf_leads_kalshi,1.1195328484013277e-05,0.5551136825044225,0.5788169045696664,0.06562518100887749,450,29,4,14,9,1,APPROVAL_strength,VAW,calendar,10min,600,True,4,16,4,0.7076838742305173
-3,etf_leads_kalshi,6.129485216651022e-05,3.5096859140734553,0.0004486362991598972,0.06562518100887749,450,29,4,14,9,1,APPROVAL_strength,VAW,calendar,10min,600,True,4,16,4,0.0020188633462195375
-2,etf_leads_kalshi,-1.764666665012295e-05,-1.0089028955521167,0.31302120641036957,0.06562518100887749,450,29,4,14,9,1,APPROVAL_strength,VAW,calendar,10min,600,True,4,16,4,0.5634381715386652
-1,etf_leads_kalshi,-1.8884287154000635e-05,-1.0354792422039667,0.30044515563266017,0.06562518100887749,450,29,4,14,9,1,APPROVAL_strength,VAW,calendar,10min,600,True,4,16,4,0.5634381715386652
0,contemp,-4.680333521344332e-06,-0.2947973348301389,0.7681487025077436,0.06562518100887749,450,29,4,14,9,1,APPROVAL_strength,VAW,calendar,10min,600,True,4,16,4,0.7681487025077436
1,kalshi_leads_etf,-4.228575436679e-05,-5.202505451043433,1.9661959048101073e-07,0.06562518100887749,450,29,4,14,9,1,APPROVAL_strength,VAW,calendar,10min,600,True,4,16,4,1.7695763143290967e-06
2,kalshi_leads_etf,2.2313294446585666e-05,1.2284843436892663,0.21926520309637076,0.06562518100887749,450,29,4,14,9,1,APPROVAL_strength,VAW,calendar,10min,600,True,4,16,4,0.5634381715386652
3,kalshi_leads_etf,-1.3037864843082163e-05,-0.6442396060889316,0.5194200717002438,0.06562518100887749,450,29,4,14,9,1,APPROVAL_strength,VAW,calendar,10min,600,True,4,16,4,0.7076838742305173
4,kalshi_leads_etf,1.0141598088767438e-05,0.4830611293650265,0.6290523326493487,0.06562518100887749,450,29,4,14,9,1,APPROVAL_strength,VAW,calendar,10min,600,True,4,16,4,0.7076838742305173
-4,etf_leads_kalshi,-4.539325050924295e-07,-0.4244426116260073,0.6712430499116585,0.0608889809634896,14769,32,4,15,18,2,APPROVAL_strength,VCR,calendar,30s,30,False,4,21,4,0.727089087953104
-3,etf_leads_kalshi,1.4129679993205936e-06,1.2172558663414317,0.22350688037090538,0.0608889809634896,14769,32,4,15,18,2,APPROVAL_strength,VCR,calendar,30s,30,False,4,21,4,0.6199455014926086
-2,etf_leads_kalshi,9.626078686615544e-07,0.6768968568969563,0.49847139847243405,0.0608889809634896,14769,32,4,15,18,2,APPROVAL_strength,VCR,calendar,30s,30,False,4,21,4,0.727089087953104
-1,etf_leads_kalshi,-8.20367927772899e-07,-1.0904128271240927,0.2755313339967149,0.0608889809634896,14769,32,4,15,18,2,APPROVAL_strength,VCR,calendar,30s,30,False,4,21,4,0.6199455014926086
0,contemp,-1.038096717147952e-06,-1.1998693888802037,0.23019007013486592,0.0608889809634896,14769,32,4,15,18,2,APPROVAL_strength,VCR,calendar,30s,30,False,4,21,4,0.6199455014926086
1,kalshi_leads_etf,-3.3472357172133813e-07,-0.3490002951926632,0.727089087953104,0.0608889809634896,14769,32,4,15,18,2,APPROVAL_strength,VCR,calendar,30s,30,False,4,21,4,0.727089087953104
2,kalshi_leads_etf,-5.636583728757668e-07,-0.43529034795075894,0.6633516899940708,0.0608889809634896,14769,32,4,15,18,2,APPROVAL_strength,VCR,calendar,30s,30,False,4,21,4,0.727089087953104
3,kalshi_leads_etf,-1.5145873649273734e-06,-0.7136931352004646,0.475416952230968,0.0608889809634896,14769,32,4,15,18,2,APPROVAL_strength,VCR,calendar,30s,30,False,4,21,4,0.727089087953104
4,kalshi_leads_etf,-1.8520734690308737e-06,-1.1958706800409091,0.23174702849088957,0.0608889809634896,14769,32,4,15,18,2,APPROVAL_strength,VCR,calendar,30s,30,False,4,21,4,0.6199455014926086
-4,etf_leads_kalshi,-2.632519425117759e-06,-1.0107760509732986,0.31212362803023375,0.049007831864422924,7224,32,4,15,17,2,APPROVAL_strength,VCR,calendar,1min,60,False,4,21,4,0.7894901329469131
-3,etf_leads_kalshi,1.549547099501664e-06,0.38293358718111775,0.7017690070639226,0.049007831864422924,7224,32,4,15,17,2,APPROVAL_strength,VCR,calendar,1min,60,False,4,21,4,0.7894901329469131
-2,etf_leads_kalshi,-1.2598418550177027e-06,-0.4052223591831435,0.6853140710797425,0.049007831864422924,7224,32,4,15,17,2,APPROVAL_strength,VCR,calendar,1min,60,False,4,21,4,0.7894901329469131
-1,etf_leads_kalshi,1.7262028345313997e-06,0.61941982258759,0.5356398258211521,0.049007831864422924,7224,32,4,15,17,2,APPROVAL_strength,VCR,calendar,1min,60,False,4,21,4,0.7894901329469131
0,contemp,-1.7149881578672902e-06,-0.8988620301832748,0.36872615475117754,0.049007831864422924,7224,32,4,15,17,2,APPROVAL_strength,VCR,calendar,1min,60,False,4,21,4,0.7894901329469131
1,kalshi_leads_etf,-2.5136532315864424e-06,-0.8623007535332107,0.3885220382012199,0.049007831864422924,7224,32,4,15,17,2,APPROVAL_strength,VCR,calendar,1min,60,False,4,21,4,0.7894901329469131
2,kalshi_leads_etf,-3.749030470859144e-06,-0.9413146927597816,0.34654361548398527,0.049007831864422924,7224,32,4,15,17,2,APPROVAL_strength,VCR,calendar,1min,60,False,4,21,4,0.7894901329469131
3,kalshi_leads_etf,5.404067267302885e-08,0.02764868273628997,0.9779423532807212,0.049007831864422924,7224,32,4,15,17,2,APPROVAL_strength,VCR,calendar,1min,60,False,4,21,4,0.9779423532807212
4,kalshi_leads_etf,-2.29939310757033e-06,-0.6560873865117672,0.5117678997015729,0.049007831864422924,7224,32,4,15,17,2,APPROVAL_strength,VCR,calendar,1min,60,False,4,21,4,0.7894901329469131
-4,etf_leads_kalshi,-2.3762128914369797e-06,-0.7741032189933674,0.4388697540528351,0.047427275147172265,3450,31,4,14,17,1,APPROVAL_strength,VCR,calendar,2min,120,False,4,20,4,0.5933810298330972
-3,etf_leads_kalshi,-4.936849878021526e-06,-1.2472338639777851,0.2123117594122662,0.047427275147172265,3450,31,4,14,17,1,APPROVAL_strength,VCR,calendar,2min,120,False,4,20,4,0.477701458677599
-2,etf_leads_kalshi,-6.92965165689423e-06,-0.9518904117337804,0.3411525627531752,0.047427275147172265,3450,31,4,14,17,1,APPROVAL_strength,VCR,calendar,2min,120,False,4,20,4,0.5933810298330972
-1,etf_leads_kalshi,-5.310878899934752e-06,-0.5074984302481029,0.6118051375346027,0.047427275147172265,3450,31,4,14,17,1,APPROVAL_strength,VCR,calendar,2min,120,False,4,20,4,0.6675141583375775
0,contemp,7.790376275385434e-06,1.307128049722043,0.19116922635151046,0.047427275147172265,3450,31,4,14,17,1,APPROVAL_strength,VCR,calendar,2min,120,False,4,20,4,0.477701458677599
1,kalshi_leads_etf,-1.0359185300094879e-05,-2.5804762055405943,0.009866415537810392,0.047427275147172265,3450,31,4,14,17,1,APPROVAL_strength,VCR,calendar,2min,120,False,4,20,4,0.08879773984029353
2,kalshi_leads_etf,-6.077589257817079e-06,-1.3339954472781446,0.1822053485925592,0.047427275147172265,3450,31,4,14,17,1,APPROVAL_strength,VCR,calendar,2min,120,False,4,20,4,0.477701458677599
3,kalshi_leads_etf,-2.8808205034312177e-06,-0.42956217312942396,0.6675141583375775,0.047427275147172265,3450,31,4,14,17,1,APPROVAL_strength,VCR,calendar,2min,120,False,4,20,4,0.6675141583375775
4,kalshi_leads_etf,4.362890893712754e-06,0.7363485965486366,0.46151857875907554,0.047427275147172265,3450,31,4,14,17,1,APPROVAL_strength,VCR,calendar,2min,120,False,4,20,4,0.5933810298330972
-4,etf_leads_kalshi,-6.0666309389908365e-05,-3.1428574691926143,0.00167307285697051,0.04513390931049854,1193,31,4,14,16,1,APPROVAL_strength,VCR,calendar,5min,300,False,4,18,4,0.015057655712734591
-3,etf_leads_kalshi,-8.938623699450933e-06,-0.8202255115406073,0.41208756108175504,0.04513390931049854,1193,31,4,14,16,1,APPROVAL_strength,VCR,calendar,5min,300,False,4,18,4,0.741757609947159
-2,etf_leads_kalshi,-1.0615660575301769e-05,-0.6737743267851102,0.5004547992822281,0.04513390931049854,1193,31,4,14,16,1,APPROVAL_strength,VCR,calendar,5min,300,False,4,18,4,0.7506821989233422
-1,etf_leads_kalshi,-1.907654908604535e-05,-0.9688350862916327,0.33262747759864086,0.04513390931049854,1193,31,4,14,16,1,APPROVAL_strength,VCR,calendar,5min,300,False,4,18,4,0.741757609947159
0,contemp,-1.620722819635205e-05,-0.9507401670606357,0.3417362925564741,0.04513390931049854,1193,31,4,14,16,1,APPROVAL_strength,VCR,calendar,5min,300,False,4,18,4,0.741757609947159
1,kalshi_leads_etf,-2.9552332026717302e-05,-1.9185200057862037,0.0550451078891546,0.04513390931049854,1193,31,4,14,16,1,APPROVAL_strength,VCR,calendar,5min,300,False,4,18,4,0.2477029855011957
2,kalshi_leads_etf,-4.462994876246184e-06,-0.3753267533931832,0.707417471719183,0.04513390931049854,1193,31,4,14,16,1,APPROVAL_strength,VCR,calendar,5min,300,False,4,18,4,0.9095367493532353
3,kalshi_leads_etf,1.0795314238947998e-06,0.10001213880376143,0.9203346883936385,0.04513390931049854,1193,31,4,14,16,1,APPROVAL_strength,VCR,calendar,5min,300,False,4,18,4,0.9203346883936385
4,kalshi_leads_etf,3.667093793858997e-06,0.189381190863776,0.8497940652358842,0.04513390931049854,1193,31,4,14,16,1,APPROVAL_strength,VCR,calendar,5min,300,False,4,18,4,0.9203346883936385
-4,etf_leads_kalshi,1.2858323200430443e-05,0.27509119099846385,0.783246179163295,0.0432227111788519,450,29,4,14,9,1,APPROVAL_strength,VCR,calendar,10min,600,True,4,16,4,0.9628924948580312
-3,etf_leads_kalshi,8.239048397920627e-05,3.3770701342390037,0.0007326236723593078,0.0432227111788519,450,29,4,14,9,1,APPROVAL_strength,VCR,calendar,10min,600,True,4,16,4,0.0032968065256168853
-2,etf_leads_kalshi,5.451025415666406e-06,0.1544970442244026,0.8772178416071021,0.0432227111788519,450,29,4,14,9,1,APPROVAL_strength,VCR,calendar,10min,600,True,4,16,4,0.9628924948580312
-1,etf_leads_kalshi,-4.706634897906644e-05,-1.059506675820268,0.28936909054917337,0.0432227111788519,450,29,4,14,9,1,APPROVAL_strength,VCR,calendar,10min,600,True,4,16,4,0.8317491346638299
0,contemp,-4.276456713988234e-06,-0.20268421856746108,0.8393818589159963,0.0432227111788519,450,29,4,14,9,1,APPROVAL_strength,VCR,calendar,10min,600,True,4,16,4,0.9628924948580312
1,kalshi_leads_etf,-6.624841480682919e-05,-3.6495767517432802,0.0002626727495924481,0.0432227111788519,450,29,4,14,9,1,APPROVAL_strength,VCR,calendar,10min,600,True,4,16,4,0.002364054746332033
2,kalshi_leads_etf,3.137418844341572e-06,0.1180892394276149,0.9059969494862339,0.0432227111788519,450,29,4,14,9,1,APPROVAL_strength,VCR,calendar,10min,600,True,4,16,4,0.9628924948580312
3,kalshi_leads_etf,-1.6879674801749123e-06,-0.04652413889536677,0.9628924948580312,0.0432227111788519,450,29,4,14,9,1,APPROVAL_strength,VCR,calendar,10min,600,True,4,16,4,0.9628924948580312
4,kalshi_leads_etf,-1.3857181897225958e-05,-0.8970986443031895,0.36966628207281327,0.0432227111788519,450,29,4,14,9,1,APPROVAL_strength,VCR,calendar,10min,600,True,4,16,4,0.8317491346638299
-4,etf_leads_kalshi,-1.4227683637585594e-06,-1.1030244552188482,0.2700165452025368,0.028590072141136846,14770,32,4,14,18,1,APPROVAL_strength,VFH,calendar,30s,30,False,4,21,4,0.7362681545800731
-3,etf_leads_kalshi,1.0404181545588692e-06,0.4801468137329462,0.6311230025957038,0.028590072141136846,14770,32,4,14,18,1,APPROVAL_strength,VFH,calendar,30s,30,False,4,21,4,0.7362681545800731
-2,etf_leads_kalshi,-5.54371289863436e-07,-0.43199178607309396,0.6657473830629819,0.028590072141136846,14770,32,4,14,18,1,APPROVAL_strength,VFH,calendar,30s,30,False,4,21,4,0.7362681545800731
-1,etf_leads_kalshi,-3.034498802400688e-06,-1.99469442018573,0.046076218333630674,0.028590072141136846,14770,32,4,14,18,1,APPROVAL_strength,VFH,calendar,30s,30,False,4,21,4,0.41468596500267607
0,contemp,-9.002962125503737e-07,-0.7743198071526601,0.43874169332598656,0.028590072141136846,14770,32,4,14,18,1,APPROVAL_strength,VFH,calendar,30s,30,False,4,21,4,0.7362681545800731
1,kalshi_leads_etf,-6.273926382465447e-07,-0.5100226305915011,0.6100356072617127,0.028590072141136846,14770,32,4,14,18,1,APPROVAL_strength,VFH,calendar,30s,30,False,4,21,4,0.7362681545800731
2,kalshi_leads_etf,8.993360411944533e-07,0.6752851521930765,0.4994946153914157,0.028590072141136846,14770,32,4,14,18,1,APPROVAL_strength,VFH,calendar,30s,30,False,4,21,4,0.7362681545800731
3,kalshi_leads_etf,-5.36721355371298e-07,-0.33679936130606225,0.7362681545800731,0.028590072141136846,14770,32,4,14,18,1,APPROVAL_strength,VFH,calendar,30s,30,False,4,21,4,0.7362681545800731
4,kalshi_leads_etf,-6.654757605596003e-07,-0.5019893473898236,0.615675014316389,0.028590072141136846,14770,32,4,14,18,1,APPROVAL_strength,VFH,calendar,30s,30,False,4,21,4,0.7362681545800731
-4,etf_leads_kalshi,-7.324703198808073e-07,-0.5651573018648188,0.5719667759989002,0.03950861259579219,7225,32,4,14,17,1,APPROVAL_strength,VFH,calendar,1min,60,False,4,21,4,0.8579501639983503
-3,etf_leads_kalshi,6.27607065267789e-07,0.20088681711815154,0.8407870760058463,0.03950861259579219,7225,32,4,14,17,1,APPROVAL_strength,VFH,calendar,1min,60,False,4,21,4,0.894731805716478
-2,etf_leads_kalshi,-1.8016622271097138e-06,-0.7976077245391527,0.4250981669947401,0.03950861259579219,7225,32,4,14,17,1,APPROVAL_strength,VFH,calendar,1min,60,False,4,21,4,0.8579501639983503
-1,etf_leads_kalshi,-1.8995075518809032e-06,-0.6640213374449742,0.5066766545659269,0.03950861259579219,7225,32,4,14,17,1,APPROVAL_strength,VFH,calendar,1min,60,False,4,21,4,0.8579501639983503
0,contemp,-3.484124384661621e-06,-1.1856248710969033,0.23577047582560762,0.03950861259579219,7225,32,4,14,17,1,APPROVAL_strength,VFH,calendar,1min,60,False,4,21,4,0.8579501639983503
1,kalshi_leads_etf,1.0189659049815673e-06,0.37857399267332853,0.7050042379484626,0.03950861259579219,7225,32,4,14,17,1,APPROVAL_strength,VFH,calendar,1min,60,False,4,21,4,0.894731805716478
2,kalshi_leads_etf,-2.0584463360245635e-06,-0.6043429869535497,0.545615632178406,0.03950861259579219,7225,32,4,14,17,1,APPROVAL_strength,VFH,calendar,1min,60,False,4,21,4,0.8579501639983503
3,kalshi_leads_etf,-2.8346929281216398e-06,-1.509825275355225,0.1310880138309216,0.03950861259579219,7225,32,4,14,17,1,APPROVAL_strength,VFH,calendar,1min,60,False,4,21,4,0.8579501639983503
4,kalshi_leads_etf,3.9828161325485e-07,0.13231921995131715,0.894731805716478,0.03950861259579219,7225,32,4,14,17,1,APPROVAL_strength,VFH,calendar,1min,60,False,4,21,4,0.894731805716478
-4,etf_leads_kalshi,-2.5719616973139337e-06,-1.1537991330373716,0.24858252970673,0.048024496140360085,3451,31,4,14,17,1,APPROVAL_strength,VFH,calendar,2min,120,False,4,20,4,0.5244618104881056
-3,etf_leads_kalshi,-1.3441997099992743e-06,-0.6908834851894536,0.48963876530789296,0.048024496140360085,3451,31,4,14,17,1,APPROVAL_strength,VFH,calendar,2min,120,False,4,20,4,0.5871020313572507
-2,etf_leads_kalshi,-2.6806057241397255e-06,-0.6404678682338583,0.5218684723175562,0.048024496140360085,3451,31,4,14,17,1,APPROVAL_strength,VFH,calendar,2min,120,False,4,20,4,0.5871020313572507
-1,etf_leads_kalshi,-1.976310757250902e-06,-0.40543782025262126,0.6851557155574928,0.048024496140360085,3451,31,4,14,17,1,APPROVAL_strength,VFH,calendar,2min,120,False,4,20,4,0.6851557155574928
0,contemp,-5.867022450971596e-06,-1.0041401131911905,0.315311082982362,0.048024496140360085,3451,31,4,14,17,1,APPROVAL_strength,VFH,calendar,2min,120,False,4,20,4,0.5244618104881056
1,kalshi_leads_etf,-5.149070662124369e-06,-0.9352854590281751,0.34964120699207035,0.048024496140360085,3451,31,4,14,17,1,APPROVAL_strength,VFH,calendar,2min,120,False,4,20,4,0.5244618104881056
2,kalshi_leads_etf,-5.654775426063636e-06,-1.616328330501743,0.10602334469822162,0.048024496140360085,3451,31,4,14,17,1,APPROVAL_strength,VFH,calendar,2min,120,False,4,20,4,0.3180700340946649
3,kalshi_leads_etf,8.945752216750226e-06,1.7124504068780642,0.08681369652390024,0.048024496140360085,3451,31,4,14,17,1,APPROVAL_strength,VFH,calendar,2min,120,False,4,20,4,0.3180700340946649
4,kalshi_leads_etf,8.208913482714545e-06,2.760154286222759,0.005777406961522185,0.048024496140360085,3451,31,4,14,17,1,APPROVAL_strength,VFH,calendar,2min,120,False,4,20,4,0.05199666265369967
-4,etf_leads_kalshi,-5.370259926601982e-05,-3.5108091229393192,0.0004467450541481901,0.07291663338207655,1193,31,4,14,16,1,APPROVAL_strength,VFH,calendar,5min,300,False,4,18,4,0.004020705487333711
-3,etf_leads_kalshi,3.702724967783218e-06,0.5564347477705712,0.5779136902944029,0.07291663338207655,1193,31,4,14,16,1,APPROVAL_strength,VFH,calendar,5min,300,False,4,18,4,0.6953419969866185
-2,etf_leads_kalshi,-1.1244047843580795e-05,-1.1282416871895957,0.25921786284147275,0.07291663338207655,1193,31,4,14,16,1,APPROVAL_strength,VFH,calendar,5min,300,False,4,18,4,0.5475076567363634
-1,etf_leads_kalshi,-6.135025910908943e-06,-0.4985708073686688,0.6180817750992164,0.07291663338207655,1193,31,4,14,16,1,APPROVAL_strength,VFH,calendar,5min,300,False,4,18,4,0.6953419969866185
0,contemp,-9.298088132040077e-06,-1.0275300980739643,0.3041709204090908,0.07291663338207655,1193,31,4,14,16,1,APPROVAL_strength,VFH,calendar,5min,300,False,4,18,4,0.5475076567363634
1,kalshi_leads_etf,-3.097156966197086e-05,-2.977673145638956,0.002904455404451961,0.07291663338207655,1193,31,4,14,16,1,APPROVAL_strength,VFH,calendar,5min,300,False,4,18,4,0.013070049320033824
2,kalshi_leads_etf,1.8019174989192886e-05,1.5310387782693136,0.12575980900102277,0.07291663338207655,1193,31,4,14,16,1,APPROVAL_strength,VFH,calendar,5min,300,False,4,18,4,0.3772794270030683
3,kalshi_leads_etf,1.0531373711174757e-06,0.12291772061806093,0.9021722530135751,0.07291663338207655,1193,31,4,14,16,1,APPROVAL_strength,VFH,calendar,5min,300,False,4,18,4,0.9021722530135751
4,kalshi_leads_etf,-1.300389459552054e-05,-0.8393399711305926,0.401278559117904,0.07291663338207655,1193,31,4,14,16,1,APPROVAL_strength,VFH,calendar,5min,300,False,4,18,4,0.601917838676856
-4,etf_leads_kalshi,7.744672517778319e-06,0.22925571744772774,0.8186701692620553,0.06988445976001523,450,29,4,14,9,1,APPROVAL_strength,VFH,calendar,10min,600,True,4,16,4,0.9138593305550851
-3,etf_leads_kalshi,8.114345558856085e-05,4.973617793682455,6.571481204524517e-07,0.06988445976001523,450,29,4,14,9,1,APPROVAL_strength,VFH,calendar,10min,600,True,4,16,4,5.914333084072066e-06
-2,etf_leads_kalshi,-1.4132156567029913e-05,-0.5356077548865008,0.5922296680497223,0.06988445976001523,450,29,4,14,9,1,APPROVAL_strength,VFH,calendar,10min,600,True,4,16,4,0.9138593305550851
-1,etf_leads_kalshi,-2.257148253933785e-05,-0.9380584757437157,0.3482143598485472,0.06988445976001523,450,29,4,14,9,1,APPROVAL_strength,VFH,calendar,10min,600,True,4,16,4,0.9136698033606554
0,contemp,1.9347933731258793e-06,0.10817190521135925,0.9138593305550851,0.06988445976001523,450,29,4,14,9,1,APPROVAL_strength,VFH,calendar,10min,600,True,4,16,4,0.9138593305550851
1,kalshi_leads_etf,-1.642105420786901e-05,-0.8308197421805682,0.4060754681602913,0.06988445976001523,450,29,4,14,9,1,APPROVAL_strength,VFH,calendar,10min,600,True,4,16,4,0.9136698033606554
2,kalshi_leads_etf,4.424813730124452e-06,0.19704408555032654,0.84379303872926,0.06988445976001523,450,29,4,14,9,1,APPROVAL_strength,VFH,calendar,10min,600,True,4,16,4,0.9138593305550851
3,kalshi_leads_etf,3.0566580781381943e-06,0.17504464447648196,0.8610445538770155,0.06988445976001523,450,29,4,14,9,1,APPROVAL_strength,VFH,calendar,10min,600,True,4,16,4,0.9138593305550851
4,kalshi_leads_etf,2.5855055826352766e-05,1.0400864681199504,0.29829972989771447,0.06988445976001523,450,29,4,14,9,1,APPROVAL_strength,VFH,calendar,10min,600,True,4,16,4,0.9136698033606554
-4,etf_leads_kalshi,-6.40650161718598e-08,-0.04627936429561744,0.9630875865902626,0.02814859052801133,15056,32,4,16,18,3,APPROVAL_strength,VGT,calendar,30s,30,False,4,21,4,0.9630875865902626
-3,etf_leads_kalshi,3.5892255052438e-07,0.23088401535760558,0.8174049091627017,0.02814859052801133,15056,32,4,16,18,3,APPROVAL_strength,VGT,calendar,30s,30,False,4,21,4,0.9195805228080395
-2,etf_leads_kalshi,-2.560289906412369e-06,-2.368061682531484,0.017881554407131607,0.02814859052801133,15056,32,4,16,18,3,APPROVAL_strength,VGT,calendar,30s,30,False,4,21,4,0.08046699483209224
-1,etf_leads_kalshi,3.5864627115166694e-07,0.2729276583713614,0.7849088250578604,0.02814859052801133,15056,32,4,16,18,3,APPROVAL_strength,VGT,calendar,30s,30,False,4,21,4,0.9195805228080395
0,contemp,6.582251254694173e-07,0.821156343078393,0.4115572201061992,0.02814859052801133,15056,32,4,16,18,3,APPROVAL_strength,VGT,calendar,30s,30,False,4,21,4,0.7408029961911585
1,kalshi_leads_etf,-1.9047786688092952e-06,-2.880447859522169,0.003971106296646466,0.02814859052801133,15056,32,4,16,18,3,APPROVAL_strength,VGT,calendar,30s,30,False,4,21,4,0.0357399566698182
2,kalshi_leads_etf,-2.7288618311827105e-06,-1.1518964959216214,0.24936360832924476,0.02814859052801133,15056,32,4,16,18,3,APPROVAL_strength,VGT,calendar,30s,30,False,4,21,4,0.5610681187408008
3,kalshi_leads_etf,-1.3095912698213038e-06,-0.5855742573756638,0.5581616517395558,0.02814859052801133,15056,32,4,16,18,3,APPROVAL_strength,VGT,calendar,30s,30,False,4,21,4,0.8372424776093337
4,kalshi_leads_etf,-2.1302797825407783e-06,-1.6118634528579343,0.1069916566470355,0.02814859052801133,15056,32,4,16,18,3,APPROVAL_strength,VGT,calendar,30s,30,False,4,21,4,0.3209749699411065
-4,etf_leads_kalshi,2.1399337113965432e-07,0.08680619530571462,0.9308255630741672,0.030447824920679323,7368,32,4,14,17,1,APPROVAL_strength,VGT,calendar,1min,60,False,4,21,4,0.9308255630741672
-3,etf_leads_kalshi,-1.2938924733151697e-06,-0.23108832107097804,0.8172461880255874,0.030447824920679323,7368,32,4,14,17,1,APPROVAL_strength,VGT,calendar,1min,60,False,4,21,4,0.9194019615287858
-2,etf_leads_kalshi,1.4071360594918397e-06,0.8612838993111855,0.3890817011212213,0.030447824920679323,7368,32,4,14,17,1,APPROVAL_strength,VGT,calendar,1min,60,False,4,21,4,0.583622551681832
-1,etf_leads_kalshi,-3.629632349467529e-06,-1.1092012172440655,0.26734338761852017,0.030447824920679323,7368,32,4,14,17,1,APPROVAL_strength,VGT,calendar,1min,60,False,4,21,4,0.5534485412671817
0,contemp,-4.317954890709715e-07,-0.2597407917372983,0.7950637249641026,0.030447824920679323,7368,32,4,14,17,1,APPROVAL_strength,VGT,calendar,1min,60,False,4,21,4,0.9194019615287858
1,kalshi_leads_etf,-4.997492365494608e-06,-1.6272669506739632,0.10368041385312902,0.030447824920679323,7368,32,4,14,17,1,APPROVAL_strength,VGT,calendar,1min,60,False,4,21,4,0.46656186233908065
2,kalshi_leads_etf,-5.142499579598815e-06,-1.396715149764022,0.16249924659893977,0.030447824920679323,7368,32,4,14,17,1,APPROVAL_strength,VGT,calendar,1min,60,False,4,21,4,0.4874977397968193
3,kalshi_leads_etf,-3.2326680676025317e-06,-1.6481144897434246,0.0993291794747607,0.030447824920679323,7368,32,4,14,17,1,APPROVAL_strength,VGT,calendar,1min,60,False,4,21,4,0.46656186233908065
4,kalshi_leads_etf,-3.551385300001566e-06,-1.0205421454592214,0.30747141181510096,0.030447824920679323,7368,32,4,14,17,1,APPROVAL_strength,VGT,calendar,1min,60,False,4,21,4,0.5534485412671817
-4,etf_leads_kalshi,5.697020574956218e-08,0.0075635120753180215,0.9939652480277685,0.04067447906677735,3522,31,4,14,17,1,APPROVAL_strength,VGT,calendar,2min,120,False,4,20,4,0.9949682977819205
-3,etf_leads_kalshi,-1.2893107843444681e-05,-3.102738945331338,0.0019173869284909446,0.04067447906677735,3522,31,4,14,17,1,APPROVAL_strength,VGT,calendar,2min,120,False,4,20,4,0.008628241178209251
-2,etf_leads_kalshi,-3.6998036125586925e-08,-0.006306345324981274,0.9949682977819205,0.04067447906677735,3522,31,4,14,17,1,APPROVAL_strength,VGT,calendar,2min,120,False,4,20,4,0.9949682977819205
-1,etf_leads_kalshi,1.4889575505385935e-06,0.17480717905008475,0.8612311471332594,0.04067447906677735,3522,31,4,14,17,1,APPROVAL_strength,VGT,calendar,2min,120,False,4,20,4,0.9949682977819205
0,contemp,-4.049507909103419e-06,-0.7161292746288628,0.4739115289690311,0.04067447906677735,3522,31,4,14,17,1,APPROVAL_strength,VGT,calendar,2min,120,False,4,20,4,0.8530407521442559
1,kalshi_leads_etf,-1.1844031326013847e-05,-6.070587774768285,1.2744293677593226e-09,0.04067447906677735,3522,31,4,14,17,1,APPROVAL_strength,VGT,calendar,2min,120,False,4,20,4,1.1469864309833905e-08
2,kalshi_leads_etf,-1.1441449565631546e-05,-1.6456020188114169,0.0998457232433967,0.04067447906677735,3522,31,4,14,17,1,APPROVAL_strength,VGT,calendar,2min,120,False,4,20,4,0.2995371697301901
3,kalshi_leads_etf,5.096497244856875e-06,1.0134712073458598,0.31083514219184294,0.04067447906677735,3522,31,4,14,17,1,APPROVAL_strength,VGT,calendar,2min,120,False,4,20,4,0.6993790699316467
4,kalshi_leads_etf,1.4392068568128319e-06,0.3099293819627598,0.7566146586214877,0.04067447906677735,3522,31,4,14,17,1,APPROVAL_strength,VGT,calendar,2min,120,False,4,20,4,0.9949682977819205
-4,etf_leads_kalshi,-6.263471787764071e-05,-3.16560908473632,0.0015475862162810609,0.05686373095158037,1222,31,4,14,16,1,APPROVAL_strength,VGT,calendar,5min,300,False,4,18,4,0.006964137973264774
-3,etf_leads_kalshi,-1.2166051012491798e-05,-1.0290976068087856,0.3034338106495099,0.05686373095158037,1222,31,4,14,16,1,APPROVAL_strength,VGT,calendar,5min,300,False,4,18,4,0.4940680776068868
-2,etf_leads_kalshi,-1.4944921821449429e-05,-0.9753660488904118,0.3293787184045912,0.05686373095158037,1222,31,4,14,16,1,APPROVAL_strength,VGT,calendar,5min,300,False,4,18,4,0.4940680776068868
-1,etf_leads_kalshi,-8.097242459409543e-06,-0.3963009391107536,0.6918830345227522,0.05686373095158037,1222,31,4,14,16,1,APPROVAL_strength,VGT,calendar,5min,300,False,4,18,4,0.6918830345227522
0,contemp,-1.8089731944958635e-05,-1.5950938466021471,0.11069125131041255,0.05686373095158037,1222,31,4,14,16,1,APPROVAL_strength,VGT,calendar,5min,300,False,4,18,4,0.33207375393123767
1,kalshi_leads_etf,-5.3571657249937566e-05,-3.6192734195075422,0.00029543135979996513,0.05686373095158037,1222,31,4,14,16,1,APPROVAL_strength,VGT,calendar,5min,300,False,4,18,4,0.002658882238199686
2,kalshi_leads_etf,1.1549243529246621e-05,0.7009410295320938,0.48333981770332035,0.05686373095158037,1222,31,4,14,16,1,APPROVAL_strength,VGT,calendar,5min,300,False,4,18,4,0.5437572949162355
3,kalshi_leads_etf,-1.1730314655979332e-05,-1.3243761964136684,0.18537813602531827,0.05686373095158037,1222,31,4,14,16,1,APPROVAL_strength,VGT,calendar,5min,300,False,4,18,4,0.41710080605696614
4,kalshi_leads_etf,1.7067714330730917e-05,0.8283169903201268,0.40749100322823606,0.05686373095158037,1222,31,4,14,16,1,APPROVAL_strength,VGT,calendar,5min,300,False,4,18,4,0.5239170041505892
-4,etf_leads_kalshi,9.497995226324272e-06,0.1953998350821498,0.8450799457076315,0.04531073554629572,464,29,4,14,9,1,APPROVAL_strength,VGT,calendar,10min,600,True,4,16,4,0.8450799457076315
-3,etf_leads_kalshi,6.8670602271292e-05,1.9924033574892692,0.04632681926530874,0.04531073554629572,464,29,4,14,9,1,APPROVAL_strength,VGT,calendar,10min,600,True,4,16,4,0.20847068669388932
-2,etf_leads_kalshi,-4.5578288192517996e-05,-1.7347230842119181,0.08278986549364528,0.04531073554629572,464,29,4,14,9,1,APPROVAL_strength,VGT,calendar,10min,600,True,4,16,4,0.24836959648093584
-1,etf_leads_kalshi,-6.700968740872676e-05,-1.1591602692652885,0.24639086293502932,0.04531073554629572,464,29,4,14,9,1,APPROVAL_strength,VGT,calendar,10min,600,True,4,16,4,0.554379441603816
0,contemp,-1.189086556245566e-05,-0.4661196884156437,0.641129831249571,0.04531073554629572,464,29,4,14,9,1,APPROVAL_strength,VGT,calendar,10min,600,True,4,16,4,0.8450799457076315
1,kalshi_leads_etf,-9.566619597031471e-05,-5.439718506829247,5.336482160488095e-08,0.04531073554629572,464,29,4,14,9,1,APPROVAL_strength,VGT,calendar,10min,600,True,4,16,4,4.802833944439286e-07
2,kalshi_leads_etf,3.933896587523794e-06,0.2073383274918532,0.8357456434239539,0.04531073554629572,464,29,4,14,9,1,APPROVAL_strength,VGT,calendar,10min,600,True,4,16,4,0.8450799457076315
3,kalshi_leads_etf,-1.165468650616056e-05,-0.318451795220313,0.7501422546008814,0.04531073554629572,464,29,4,14,9,1,APPROVAL_strength,VGT,calendar,10min,600,True,4,16,4,0.8450799457076315
4,kalshi_leads_etf,1.7513603762412034e-05,1.0091842389064172,0.31288628398154694,0.04531073554629572,464,29,4,14,9,1,APPROVAL_strength,VGT,calendar,10min,600,True,4,16,4,0.5631953111667845
-4,etf_leads_kalshi,-1.991519064083968e-07,-0.2053382361706704,0.8373078723255621,0.028069012322206488,14899,32,4,14,18,1,APPROVAL_strength,VHT,calendar,30s,30,False,4,21,4,0.8942472778360077
-3,etf_leads_kalshi,2.1978482813894301e-07,0.19686412087551172,0.8439338715850487,0.028069012322206488,14899,32,4,14,18,1,APPROVAL_strength,VHT,calendar,30s,30,False,4,21,4,0.8942472778360077
-2,etf_leads_kalshi,-9.105706542453595e-08,-0.132931849916995,0.8942472778360077,0.028069012322206488,14899,32,4,14,18,1,APPROVAL_strength,VHT,calendar,30s,30,False,4,21,4,0.8942472778360077
-1,etf_leads_kalshi,-1.2436120046412884e-06,-2.214289621885831,0.026808862080915125,0.028069012322206488,14899,32,4,14,18,1,APPROVAL_strength,VHT,calendar,30s,30,False,4,21,4,0.24127975872823612
0,contemp,-1.4528827685408596e-06,-1.7321184666706235,0.0832524718766984,0.028069012322206488,14899,32,4,14,18,1,APPROVAL_strength,VHT,calendar,30s,30,False,4,21,4,0.37463612344514285
1,kalshi_leads_etf,-2.977773557001377e-07,-0.2192394138058908,0.8264635544536989,0.028069012322206488,14899,32,4,14,18,1,APPROVAL_strength,VHT,calendar,30s,30,False,4,21,4,0.8942472778360077
2,kalshi_leads_etf,5.040907734862652e-07,0.35154094399743174,0.7251825611838095,0.028069012322206488,14899,32,4,14,18,1,APPROVAL_strength,VHT,calendar,30s,30,False,4,21,4,0.8942472778360077
3,kalshi_leads_etf,-7.77549458706138e-07,-1.4458235623243914,0.14822669554135479,0.028069012322206488,14899,32,4,14,18,1,APPROVAL_strength,VHT,calendar,30s,30,False,4,21,4,0.4446800866240644
4,kalshi_leads_etf,8.111000200747138e-07,1.144691256956964,0.2523370744564827,0.028069012322206488,14899,32,4,14,18,1,APPROVAL_strength,VHT,calendar,30s,30,False,4,21,4,0.5677584175270861
-4,etf_leads_kalshi,5.101279554040241e-07,0.3039135666730138,0.7611937416629565,0.0410045329854134,7289,32,4,14,17,1,APPROVAL_strength,VHT,calendar,1min,60,False,4,21,4,0.858480679672657
-3,etf_leads_kalshi,5.093139307754314e-07,0.1832997459688425,0.85456283370847,0.0410045329854134,7289,32,4,14,17,1,APPROVAL_strength,VHT,calendar,1min,60,False,4,21,4,0.858480679672657
-2,etf_leads_kalshi,3.1370897827397897e-07,0.24006955052142803,0.8102763391790591,0.0410045329854134,7289,32,4,14,17,1,APPROVAL_strength,VHT,calendar,1min,60,False,4,21,4,0.858480679672657
-1,etf_leads_kalshi,-7.705072270065394e-07,-0.5186906321697592,0.603976495359014,0.0410045329854134,7289,32,4,14,17,1,APPROVAL_strength,VHT,calendar,1min,60,False,4,21,4,0.858480679672657
0,contemp,-3.5143476480039917e-06,-1.9182277381705781,0.05508214051763869,0.0410045329854134,7289,32,4,14,17,1,APPROVAL_strength,VHT,calendar,1min,60,False,4,21,4,0.49573926465874824
1,kalshi_leads_etf,4.6297906562734027e-07,0.17830853066099173,0.858480679672657,0.0410045329854134,7289,32,4,14,17,1,APPROVAL_strength,VHT,calendar,1min,60,False,4,21,4,0.858480679672657
2,kalshi_leads_etf,4.3978000445186254e-07,0.3365672947340639,0.7364431141804804,0.0410045329854134,7289,32,4,14,17,1,APPROVAL_strength,VHT,calendar,1min,60,False,4,21,4,0.858480679672657
3,kalshi_leads_etf,-1.122461798921527e-06,-0.5250955704023461,0.5995167552593597,0.0410045329854134,7289,32,4,14,17,1,APPROVAL_strength,VHT,calendar,1min,60,False,4,21,4,0.858480679672657
4,kalshi_leads_etf,-4.3399240367139947e-07,-0.2114655848121629,0.8325239843140765,0.0410045329854134,7289,32,4,14,17,1,APPROVAL_strength,VHT,calendar,1min,60,False,4,21,4,0.858480679672657
-4,etf_leads_kalshi,-3.975071080703599e-06,-2.3152657618481034,0.020598392277956044,0.04713814413367301,3483,31,4,14,17,1,APPROVAL_strength,VHT,calendar,2min,120,False,4,20,4,0.11652303167643589
-3,etf_leads_kalshi,-1.155457674853239e-06,-0.4084854350245855,0.6829173214690484,0.04713814413367301,3483,31,4,14,17,1,APPROVAL_strength,VHT,calendar,2min,120,False,4,20,4,0.7682819866526794
-2,etf_leads_kalshi,-4.4172785396235605e-06,-0.9362192725294837,0.34916030228383754,0.04713814413367301,3483,31,4,14,17,1,APPROVAL_strength,VHT,calendar,2min,120,False,4,20,4,0.6284885441109076
-1,etf_leads_kalshi,2.6726592451005116e-06,0.5085127653689501,0.6110937890837567,0.04713814413367301,3483,31,4,14,17,1,APPROVAL_strength,VHT,calendar,2min,120,False,4,20,4,0.7682819866526794
0,contemp,-6.84987805957737e-06,-2.2277977190180462,0.025894007039207974,0.04713814413367301,3483,31,4,14,17,1,APPROVAL_strength,VHT,calendar,2min,120,False,4,20,4,0.11652303167643589
1,kalshi_leads_etf,5.114692496206768e-07,0.1198842746659401,0.9045748216248128,0.04713814413367301,3483,31,4,14,17,1,APPROVAL_strength,VHT,calendar,2min,120,False,4,20,4,0.9045748216248128
2,kalshi_leads_etf,-2.800504967402962e-06,-0.6645001990220056,0.5063702215978245,0.04713814413367301,3483,31,4,14,17,1,APPROVAL_strength,VHT,calendar,2min,120,False,4,20,4,0.7595553323967368
3,kalshi_leads_etf,4.3880945691232235e-06,1.448693257737483,0.14742326418919646,0.04713814413367301,3483,31,4,14,17,1,APPROVAL_strength,VHT,calendar,2min,120,False,4,20,4,0.3317023444256921
4,kalshi_leads_etf,4.225973613942191e-06,1.543986443573878,0.1225916167840575,0.04713814413367301,3483,31,4,14,17,1,APPROVAL_strength,VHT,calendar,2min,120,False,4,20,4,0.3317023444256921
-4,etf_leads_kalshi,-4.930584029139593e-05,-3.78835130296146,0.0001516503140190173,0.05448383006667579,1206,31,4,14,16,1,APPROVAL_strength,VHT,calendar,5min,300,False,4,18,4,0.0013648528261711557
-3,etf_leads_kalshi,1.3818859228894827e-07,0.019730787417724088,0.9842581307489124,0.05448383006667579,1206,31,4,14,16,1,APPROVAL_strength,VHT,calendar,5min,300,False,4,18,4,0.9878886976100921
-2,etf_leads_kalshi,-1.7651686049697817e-06,-0.2088606934465314,0.8345569894820258,0.05448383006667579,1206,31,4,14,16,1,APPROVAL_strength,VHT,calendar,5min,300,False,4,18,4,0.9878886976100921
-1,etf_leads_kalshi,-7.104354967913562e-06,-0.5359591043615387,0.5919868146214635,0.05448383006667579,1206,31,4,14,16,1,APPROVAL_strength,VHT,calendar,5min,300,False,4,18,4,0.8879802219321953
0,contemp,-6.59323481055373e-06,-0.6948770770961173,0.4871323393605689,0.05448383006667579,1206,31,4,14,16,1,APPROVAL_strength,VHT,calendar,5min,300,False,4,18,4,0.8768382108490239
1,kalshi_leads_etf,-1.561069053550341e-05,-1.7998442114740718,0.0718852407326673,0.05448383006667579,1206,31,4,14,16,1,APPROVAL_strength,VHT,calendar,5min,300,False,4,18,4,0.27672662446791635
2,kalshi_leads_etf,1.3762199660392167e-05,1.6836868286872706,0.09224220815597212,0.05448383006667579,1206,31,4,14,16,1,APPROVAL_strength,VHT,calendar,5min,300,False,4,18,4,0.27672662446791635
3,kalshi_leads_etf,-1.3998395296403102e-07,-0.015179849463052895,0.9878886976100921,0.05448383006667579,1206,31,4,14,16,1,APPROVAL_strength,VHT,calendar,5min,300,False,4,18,4,0.9878886976100921
4,kalshi_leads_etf,1.0758919747492891e-05,0.7140690727556798,0.47518446888732846,0.05448383006667579,1206,31,4,14,16,1,APPROVAL_strength,VHT,calendar,5min,300,False,4,18,4,0.8768382108490239
-4,etf_leads_kalshi,6.6216337323932005e-06,0.3718991158208751,0.7099679634677489,0.05611476552222394,456,29,4,14,9,1,APPROVAL_strength,VHT,calendar,10min,600,True,4,16,4,0.7987139589012175
-3,etf_leads_kalshi,5.771695236805294e-05,3.7229843823626094,0.0001968817047860793,0.05611476552222394,456,29,4,14,9,1,APPROVAL_strength,VHT,calendar,10min,600,True,4,16,4,0.001771935343074714
-2,etf_leads_kalshi,-2.4489932690727767e-05,-1.1209393732425612,0.26231366973881654,0.05611476552222394,456,29,4,14,9,1,APPROVAL_strength,VHT,calendar,10min,600,True,4,16,4,0.4721646055298697
-1,etf_leads_kalshi,-3.117392563042668e-06,-0.22671654909766853,0.8206441578511132,0.05611476552222394,456,29,4,14,9,1,APPROVAL_strength,VHT,calendar,10min,600,True,4,16,4,0.8206441578511132
0,contemp,1.94409363171609e-05,1.8524868525258669,0.06395594377593021,0.05611476552222394,456,29,4,14,9,1,APPROVAL_strength,VHT,calendar,10min,600,True,4,16,4,0.287801746991686
1,kalshi_leads_etf,-1.1332795043906389e-05,-1.5601792181134044,0.11871753525462113,0.05611476552222394,456,29,4,14,9,1,APPROVAL_strength,VHT,calendar,10min,600,True,4,16,4,0.3276799681106421
2,kalshi_leads_etf,9.363267003619916e-06,0.4941000972660525,0.6212354891901322,0.05611476552222394,456,29,4,14,9,1,APPROVAL_strength,VHT,calendar,10min,600,True,4,16,4,0.7987139589012175
3,kalshi_leads_etf,3.318793474922426e-05,1.4551218129951324,0.1456355413825076,0.05611476552222394,456,29,4,14,9,1,APPROVAL_strength,VHT,calendar,10min,600,True,4,16,4,0.3276799681106421
4,kalshi_leads_etf,1.653280690946484e-05,0.8738331558471232,0.3822091213479478,0.05611476552222394,456,29,4,14,9,1,APPROVAL_strength,VHT,calendar,10min,600,True,4,16,4,0.5733136820219218
-4,etf_leads_kalshi,-1.3537763734613323e-07,-0.36103114998733477,0.7180761609754267,0.058395216872328515,14769,32,4,14,18,1,APPROVAL_strength,VIS,calendar,30s,30,False,4,21,4,0.807835681097355
-3,etf_leads_kalshi,5.176731309666565e-07,0.8624573959732958,0.3884358679013582,0.058395216872328515,14769,32,4,14,18,1,APPROVAL_strength,VIS,calendar,30s,30,False,4,21,4,0.807835681097355
-2,etf_leads_kalshi,-4.942759658237672e-07,-0.46739335025186557,0.6402184793176264,0.058395216872328515,14769,32,4,14,18,1,APPROVAL_strength,VIS,calendar,30s,30,False,4,21,4,0.807835681097355
-1,etf_leads_kalshi,-1.4805127084487688e-06,-2.5367007520053684,0.011190256262173083,0.058395216872328515,14769,32,4,14,18,1,APPROVAL_strength,VIS,calendar,30s,30,False,4,21,4,0.10071230635955775
0,contemp,-3.22702346222953e-07,-0.46447997285906517,0.6423039048119724,0.058395216872328515,14769,32,4,14,18,1,APPROVAL_strength,VIS,calendar,30s,30,False,4,21,4,0.807835681097355
1,kalshi_leads_etf,-1.850178765065379e-06,-2.2086070370514066,0.027201985462127477,0.058395216872328515,14769,32,4,14,18,1,APPROVAL_strength,VIS,calendar,30s,30,False,4,21,4,0.12240893457957365
2,kalshi_leads_etf,1.3774385054274468e-07,0.10754030038108485,0.9143603556009108,0.058395216872328515,14769,32,4,14,18,1,APPROVAL_strength,VIS,calendar,30s,30,False,4,21,4,0.9143603556009108
3,kalshi_leads_etf,-1.0759891219126892e-06,-0.8779764599995383,0.3799564935644145,0.058395216872328515,14769,32,4,14,18,1,APPROVAL_strength,VIS,calendar,30s,30,False,4,21,4,0.807835681097355
4,kalshi_leads_etf,-6.252783360278663e-07,-0.4076356312305121,0.683541201077926,0.058395216872328515,14769,32,4,14,18,1,APPROVAL_strength,VIS,calendar,30s,30,False,4,21,4,0.807835681097355
-4,etf_leads_kalshi,-2.6441306794102297e-06,-2.679683974983562,0.007369169576624543,0.05923309317319436,7224,32,4,16,17,3,APPROVAL_strength,VIS,calendar,1min,60,False,4,21,4,0.03316126309481045
-3,etf_leads_kalshi,8.529834726079582e-07,0.2752473285181252,0.7831262277536837,0.05923309317319436,7224,32,4,16,17,3,APPROVAL_strength,VIS,calendar,1min,60,False,4,21,4,0.9602435437915764
-2,etf_leads_kalshi,1.820867581163495e-06,1.34090936161912,0.1799498823669169,0.05923309317319436,7224,32,4,16,17,3,APPROVAL_strength,VIS,calendar,1min,60,False,4,21,4,0.4997485574369106
-1,etf_leads_kalshi,-1.4270494190611467e-06,-0.5109716553459405,0.6093709045862215,0.05923309317319436,7224,32,4,16,17,3,APPROVAL_strength,VIS,calendar,1min,60,False,4,21,4,0.9140563568793322
0,contemp,-2.1954385720295885e-06,-1.2209354261172305,0.22211046997196027,0.05923309317319436,7224,32,4,16,17,3,APPROVAL_strength,VIS,calendar,1min,60,False,4,21,4,0.4997485574369106
1,kalshi_leads_etf,-1.452394149473046e-06,-0.6803856136959001,0.496260327800078,0.05923309317319436,7224,32,4,16,17,3,APPROVAL_strength,VIS,calendar,1min,60,False,4,21,4,0.8932685900401404
2,kalshi_leads_etf,-5.236976460800698e-06,-3.0992197283345932,0.0019403106092278728,0.05923309317319436,7224,32,4,16,17,3,APPROVAL_strength,VIS,calendar,1min,60,False,4,21,4,0.017462795483050856
3,kalshi_leads_etf,4.676392461571145e-07,0.18459103682925285,0.8535498167036234,0.05923309317319436,7224,32,4,16,17,3,APPROVAL_strength,VIS,calendar,1min,60,False,4,21,4,0.9602435437915764
4,kalshi_leads_etf,7.158215382652494e-08,0.028008274938455018,0.9776555512906824,0.05923309317319436,7224,32,4,16,17,3,APPROVAL_strength,VIS,calendar,1min,60,False,4,21,4,0.9776555512906824
-4,etf_leads_kalshi,-3.3168726754235055e-07,-0.10360392225384574,0.9174836749089006,0.0544081031464112,3450,31,4,14,17,1,APPROVAL_strength,VIS,calendar,2min,120,False,4,20,4,0.9174836749089006
-3,etf_leads_kalshi,-4.8355332650144245e-06,-1.0512361280427898,0.29315015404152767,0.0544081031464112,3450,31,4,14,17,1,APPROVAL_strength,VIS,calendar,2min,120,False,4,20,4,0.6595878465934373
-2,etf_leads_kalshi,-3.1193559234970318e-06,-0.6390010184405701,0.5228222693531868,0.0544081031464112,3450,31,4,14,17,1,APPROVAL_strength,VIS,calendar,2min,120,False,4,20,4,0.7842334040297801
-1,etf_leads_kalshi,-7.953440936256329e-07,-0.15138513016365915,0.8796719186870318,0.0544081031464112,3450,31,4,14,17,1,APPROVAL_strength,VIS,calendar,2min,120,False,4,20,4,0.9174836749089006
0,contemp,-1.789626595289525e-06,-0.45160215975270324,0.651555613840775,0.0544081031464112,3450,31,4,14,17,1,APPROVAL_strength,VIS,calendar,2min,120,False,4,20,4,0.837714360652425
1,kalshi_leads_etf,-9.202452167931432e-06,-2.1758139438819035,0.02956917561417046,0.0544081031464112,3450,31,4,14,17,1,APPROVAL_strength,VIS,calendar,2min,120,False,4,20,4,0.2661225805275342
2,kalshi_leads_etf,-4.4497827425530765e-06,-1.0890588293762207,0.2761279438359646,0.0544081031464112,3450,31,4,14,17,1,APPROVAL_strength,VIS,calendar,2min,120,False,4,20,4,0.6595878465934373
3,kalshi_leads_etf,6.690246457193817e-06,1.1313022931736019,0.2579278794922939,0.0544081031464112,3450,31,4,14,17,1,APPROVAL_strength,VIS,calendar,2min,120,False,4,20,4,0.6595878465934373
4,kalshi_leads_etf,2.343763176246393e-06,0.6773204469437748,0.4982026605343588,0.0544081031464112,3450,31,4,14,17,1,APPROVAL_strength,VIS,calendar,2min,120,False,4,20,4,0.7842334040297801
-4,etf_leads_kalshi,-4.727670343454195e-05,-2.282751393274673,0.022445016600221218,0.06685252939389597,1193,31,4,15,16,2,APPROVAL_strength,VIS,calendar,5min,300,False,4,18,4,0.06733504980066365
-3,etf_leads_kalshi,1.575613111500567e-05,2.589378370784811,0.009614938250073445,0.06685252939389597,1193,31,4,15,16,2,APPROVAL_strength,VIS,calendar,5min,300,False,4,18,4,0.043267222125330504
-2,etf_leads_kalshi,-5.67908947888237e-06,-0.5547305324800053,0.5790789888130143,0.06685252939389597,1193,31,4,15,16,2,APPROVAL_strength,VIS,calendar,5min,300,False,4,18,4,0.8164013285529386
-1,etf_leads_kalshi,-1.403612167970109e-05,-0.7659438086792598,0.44370973756026033,0.06685252939389597,1193,31,4,15,16,2,APPROVAL_strength,VIS,calendar,5min,300,False,4,18,4,0.8164013285529386
0,contemp,-4.349069156750353e-06,-0.3550345206714805,0.7225637299146539,0.06685252939389597,1193,31,4,15,16,2,APPROVAL_strength,VIS,calendar,5min,300,False,4,18,4,0.8164013285529386
1,kalshi_leads_etf,-3.206079648529326e-05,-3.844462476717078,0.00012081696914340367,0.06685252939389597,1193,31,4,15,16,2,APPROVAL_strength,VIS,calendar,5min,300,False,4,18,4,0.001087352722290633
2,kalshi_leads_etf,1.0517728032109826e-05,0.6743681923806433,0.5000772596189512,0.06685252939389597,1193,31,4,15,16,2,APPROVAL_strength,VIS,calendar,5min,300,False,4,18,4,0.8164013285529386
3,kalshi_leads_etf,-2.3445061192851147e-06,-0.2507670334757406,0.8019942307826092,0.06685252939389597,1193,31,4,15,16,2,APPROVAL_strength,VIS,calendar,5min,300,False,4,18,4,0.8164013285529386
4,kalshi_leads_etf,-3.305266160423881e-06,-0.23217598602741565,0.8164013285529386,0.06685252939389597,1193,31,4,15,16,2,APPROVAL_strength,VIS,calendar,5min,300,False,4,18,4,0.8164013285529386
-4,etf_leads_kalshi,-8.568156430578978e-06,-0.26872102114978835,0.7881443740627462,0.03297933038045253,450,29,4,13,9,0,APPROVAL_strength,VIS,calendar,10min,600,True,4,16,4,0.7881443740627462
-3,etf_leads_kalshi,9.291147945269191e-05,3.3090520129786927,0.0009361244450440061,0.03297933038045253,450,29,4,13,9,0,APPROVAL_strength,VIS,calendar,10min,600,True,4,16,4,0.008425120005396055
-2,etf_leads_kalshi,-1.9902882791161085e-05,-0.5804061295032608,0.5616407726125519,0.03297933038045253,450,29,4,13,9,0,APPROVAL_strength,VIS,calendar,10min,600,True,4,16,4,0.7881443740627462
-1,etf_leads_kalshi,-1.013608987600979e-05,-0.5479961768171354,0.5836945279924259,0.03297933038045253,450,29,4,13,9,0,APPROVAL_strength,VIS,calendar,10min,600,True,4,16,4,0.7881443740627462
0,contemp,-1.3670482124978825e-05,-0.5245704817621503,0.5998818112983237,0.03297933038045253,450,29,4,13,9,0,APPROVAL_strength,VIS,calendar,10min,600,True,4,16,4,0.7881443740627462
1,kalshi_leads_etf,-3.7281063199289495e-05,-2.995117499971567,0.0027433913925320533,0.03297933038045253,450,29,4,13,9,0,APPROVAL_strength,VIS,calendar,10min,600,True,4,16,4,0.01234526126639424
2,kalshi_leads_etf,6.617260679805725e-06,0.37417478843373714,0.708274279802435,0.03297933038045253,450,29,4,13,9,0,APPROVAL_strength,VIS,calendar,10min,600,True,4,16,4,0.7881443740627462
3,kalshi_leads_etf,1.3768591859863134e-05,0.9297524003226476,0.352499296729895,0.03297933038045253,450,29,4,13,9,0,APPROVAL_strength,VIS,calendar,10min,600,True,4,16,4,0.7881443740627462
4,kalshi_leads_etf,5.454028547664476e-06,0.3070210326690731,0.7588273631123921,0.03297933038045253,450,29,4,13,9,0,APPROVAL_strength,VIS,calendar,10min,600,True,4,16,4,0.7881443740627462
-4,etf_leads_kalshi,4.2849961664010205e-08,0.03894304171708851,0.968935800251324,0.010364354644674001,15053,32,4,14,18,1,APPROVAL_strength,VNQ,calendar,30s,30,False,4,21,4,0.968935800251324
-3,etf_leads_kalshi,1.095515434968702e-06,0.7469871162216039,0.4550713378919018,0.010364354644674001,15053,32,4,14,18,1,APPROVAL_strength,VNQ,calendar,30s,30,False,4,21,4,0.968935800251324
-2,etf_leads_kalshi,1.166100921059679e-06,0.9952416773126039,0.31961873603132673,0.010364354644674001,15053,32,4,14,18,1,APPROVAL_strength,VNQ,calendar,30s,30,False,4,21,4,0.9588562080939802
-1,etf_leads_kalshi,-1.8967518289961374e-06,-1.6550409260127863,0.09791619647474178,0.010364354644674001,15053,32,4,14,18,1,APPROVAL_strength,VNQ,calendar,30s,30,False,4,21,4,0.8143597768143009
0,contemp,2.0434266076085164e-07,0.14216614528292784,0.8869487722820781,0.010364354644674001,15053,32,4,14,18,1,APPROVAL_strength,VNQ,calendar,30s,30,False,4,21,4,0.968935800251324
1,kalshi_leads_etf,-4.7382910936024793e-07,-0.4564406782873745,0.6480731197337695,0.010364354644674001,15053,32,4,14,18,1,APPROVAL_strength,VNQ,calendar,30s,30,False,4,21,4,0.968935800251324
2,kalshi_leads_etf,7.953632160684419e-08,0.046342151924223994,0.9630375430034774,0.010364354644674001,15053,32,4,14,18,1,APPROVAL_strength,VNQ,calendar,30s,30,False,4,21,4,0.968935800251324
3,kalshi_leads_etf,1.153412283132215e-06,1.337777927111174,0.18096883929206686,0.010364354644674001,15053,32,4,14,18,1,APPROVAL_strength,VNQ,calendar,30s,30,False,4,21,4,0.8143597768143009
4,kalshi_leads_etf,5.17138976626803e-07,0.4752515587026404,0.6346076818198626,0.010364354644674001,15053,32,4,14,18,1,APPROVAL_strength,VNQ,calendar,30s,30,False,4,21,4,0.968935800251324
-4,etf_leads_kalshi,1.57581892916299e-07,0.07293689597986744,0.9418563333729314,0.028162039288010532,7366,32,4,14,17,1,APPROVAL_strength,VNQ,calendar,1min,60,False,4,21,4,0.9418563333729314
-3,etf_leads_kalshi,9.81988360183789e-07,0.3129307907259479,0.7543332439391902,0.028162039288010532,7366,32,4,14,17,1,APPROVAL_strength,VNQ,calendar,1min,60,False,4,21,4,0.9418563333729314
-2,etf_leads_kalshi,4.357423603191408e-07,0.1944947258201348,0.8457885250656559,0.028162039288010532,7366,32,4,14,17,1,APPROVAL_strength,VNQ,calendar,1min,60,False,4,21,4,0.9418563333729314
-1,etf_leads_kalshi,1.8103629547484198e-06,0.6142165878513457,0.5390722133657802,0.028162039288010532,7366,32,4,14,17,1,APPROVAL_strength,VNQ,calendar,1min,60,False,4,21,4,0.8403530745526124
0,contemp,-2.660008400055675e-06,-0.9201527024126717,0.3574929667368598,0.028162039288010532,7366,32,4,14,17,1,APPROVAL_strength,VNQ,calendar,1min,60,False,4,21,4,0.8403530745526124
1,kalshi_leads_etf,2.0613781212060213e-06,0.5824919191275977,0.5602353830350749,0.028162039288010532,7366,32,4,14,17,1,APPROVAL_strength,VNQ,calendar,1min,60,False,4,21,4,0.8403530745526124
2,kalshi_leads_etf,1.9840996591269795e-06,0.7414237904395928,0.4584365240561621,0.028162039288010532,7366,32,4,14,17,1,APPROVAL_strength,VNQ,calendar,1min,60,False,4,21,4,0.8403530745526124
3,kalshi_leads_etf,-6.820820490299022e-06,-3.5484970400693157,0.0003874363528865902,0.028162039288010532,7366,32,4,14,17,1,APPROVAL_strength,VNQ,calendar,1min,60,False,4,21,4,0.0034869271759793118
4,kalshi_leads_etf,-2.125997553598386e-06,-0.9204056395330124,0.3573608226767012,0.028162039288010532,7366,32,4,14,17,1,APPROVAL_strength,VNQ,calendar,1min,60,False,4,21,4,0.8403530745526124
-4,etf_leads_kalshi,-1.2278035981767821e-05,-2.050951650675684,0.040271655436937726,0.03984629434128584,3521,31,4,17,17,4,APPROVAL_strength,VNQ,calendar,2min,120,False,4,20,4,0.18122244946621976
-3,etf_leads_kalshi,-5.933340012977757e-06,-1.0917632355144424,0.2749371824280956,0.03984629434128584,3521,31,4,17,17,4,APPROVAL_strength,VNQ,calendar,2min,120,False,4,20,4,0.4948869283705721
-2,etf_leads_kalshi,1.5552963792205048e-06,0.5313648542404605,0.595165971446361,0.03984629434128584,3521,31,4,17,17,4,APPROVAL_strength,VNQ,calendar,2min,120,False,4,20,4,0.7661698135948682
-1,etf_leads_kalshi,1.0343175182267747e-06,0.1907731085108121,0.8487033580211782,0.03984629434128584,3521,31,4,17,17,4,APPROVAL_strength,VNQ,calendar,2min,120,False,4,20,4,0.8487033580211782
0,contemp,-1.5325614472221327e-06,-0.35239228005435336,0.724544090781074,0.03984629434128584,3521,31,4,17,17,4,APPROVAL_strength,VNQ,calendar,2min,120,False,4,20,4,0.8151121021287082
1,kalshi_leads_etf,2.657248554341155e-06,0.53029147707007,0.5959098550182309,0.03984629434128584,3521,31,4,17,17,4,APPROVAL_strength,VNQ,calendar,2min,120,False,4,20,4,0.7661698135948682
2,kalshi_leads_etf,-1.1973220705754559e-05,-2.5464972752317996,0.01088100610004546,0.03984629434128584,3521,31,4,17,17,4,APPROVAL_strength,VNQ,calendar,2min,120,False,4,20,4,0.09792905490040915
3,kalshi_leads_etf,4.380183715839918e-06,1.1893853003445165,0.23428808258353317,0.03984629434128584,3521,31,4,17,17,4,APPROVAL_strength,VNQ,calendar,2min,120,False,4,20,4,0.4948869283705721
4,kalshi_leads_etf,3.5623153292075495e-06,1.1063724829169945,0.2685653306588994,0.03984629434128584,3521,31,4,17,17,4,APPROVAL_strength,VNQ,calendar,2min,120,False,4,20,4,0.4948869283705721
-4,etf_leads_kalshi,-3.3643035202413246e-05,-3.834883349836722,0.00012562390034783258,0.040174290201254625,1222,31,4,15,16,2,APPROVAL_strength,VNQ,calendar,5min,300,False,4,18,4,0.0011306151031304933
-3,etf_leads_kalshi,2.806162408400129e-05,1.7524956449184965,0.07968861807434348,0.040174290201254625,1222,31,4,15,16,2,APPROVAL_strength,VNQ,calendar,5min,300,False,4,18,4,0.23906585422303045
-2,etf_leads_kalshi,-5.751190860010379e-06,-0.41137674962825677,0.6807962998122175,0.040174290201254625,1222,31,4,15,16,2,APPROVAL_strength,VNQ,calendar,5min,300,False,4,18,4,0.6807962998122175
-1,etf_leads_kalshi,-2.5779204109251617e-05,-1.9810134566703204,0.04758976452292736,0.040174290201254625,1222,31,4,15,16,2,APPROVAL_strength,VNQ,calendar,5min,300,False,4,18,4,0.21415394035317314
0,contemp,1.0295753902619226e-05,0.9601326205021271,0.33698847278487476,0.040174290201254625,1222,31,4,15,16,2,APPROVAL_strength,VNQ,calendar,5min,300,False,4,18,4,0.43327089358055326
1,kalshi_leads_etf,-1.5263898519065438e-05,-1.2679018383347558,0.20483300754088063,0.040174290201254625,1222,31,4,15,16,2,APPROVAL_strength,VNQ,calendar,5min,300,False,4,18,4,0.43327089358055326
2,kalshi_leads_etf,1.2193102411265676e-05,1.0488490162497615,0.2942476137469614,0.040174290201254625,1222,31,4,15,16,2,APPROVAL_strength,VNQ,calendar,5min,300,False,4,18,4,0.43327089358055326
3,kalshi_leads_etf,-8.224070028520917e-06,-0.6300554927004597,0.5286582778814116,0.040174290201254625,1222,31,4,15,16,2,APPROVAL_strength,VNQ,calendar,5min,300,False,4,18,4,0.5947405626165881
4,kalshi_leads_etf,-1.3070262800494947e-05,-1.1061572379292304,0.2686584679389641,0.040174290201254625,1222,31,4,15,16,2,APPROVAL_strength,VNQ,calendar,5min,300,False,4,18,4,0.43327089358055326
-4,etf_leads_kalshi,2.1922006142954168e-05,1.6631971440993059,0.09627297913763437,0.01747681573532789,464,29,4,13,9,0,APPROVAL_strength,VNQ,calendar,10min,600,True,4,16,4,0.7797182379930176
-3,etf_leads_kalshi,1.8594946837303957e-05,0.9403395616889048,0.34704341282324447,0.01747681573532789,464,29,4,13,9,0,APPROVAL_strength,VNQ,calendar,10min,600,True,4,16,4,0.7797182379930176
-2,etf_leads_kalshi,7.4185566585945524e-06,0.4148810578945242,0.678228977067924,0.01747681573532789,464,29,4,13,9,0,APPROVAL_strength,VNQ,calendar,10min,600,True,4,16,4,0.7797182379930176
-1,etf_leads_kalshi,-3.9605561948308664e-06,-0.20923728684656426,0.8342630058793727,0.01747681573532789,464,29,4,13,9,0,APPROVAL_strength,VNQ,calendar,10min,600,True,4,16,4,0.8342630058793727
0,contemp,1.1308831578780565e-05,0.42657240897266835,0.6696907975624309,0.01747681573532789,464,29,4,13,9,0,APPROVAL_strength,VNQ,calendar,10min,600,True,4,16,4,0.7797182379930176
1,kalshi_leads_etf,-9.65654003353323e-06,-0.6317179842059276,0.5275711742684657,0.01747681573532789,464,29,4,13,9,0,APPROVAL_strength,VNQ,calendar,10min,600,True,4,16,4,0.7797182379930176
2,kalshi_leads_etf,-1.415425715464021e-05,-0.6839182673783967,0.49402677818796803,0.01747681573532789,464,29,4,13,9,0,APPROVAL_strength,VNQ,calendar,10min,600,True,4,16,4,0.7797182379930176
3,kalshi_leads_etf,-8.620502274783751e-06,-0.39467483331775294,0.6930828782160157,0.01747681573532789,464,29,4,13,9,0,APPROVAL_strength,VNQ,calendar,10min,600,True,4,16,4,0.7797182379930176
4,kalshi_leads_etf,9.026974665249203e-06,1.3317463880603497,0.18294354036992477,0.01747681573532789,464,29,4,13,9,0,APPROVAL_strength,VNQ,calendar,10min,600,True,4,16,4,0.7797182379930176
-4,etf_leads_kalshi,-6.243894827038853e-07,-0.5974430256791841,0.5502116350121509,0.024320562698443515,14802,32,4,15,18,2,APPROVAL_strength,VOX,calendar,30s,30,False,4,21,4,0.8253174525182263
-3,etf_leads_kalshi,-1.9451768087649633e-07,-0.2613762825913983,0.7938023452365971,0.024320562698443515,14802,32,4,15,18,2,APPROVAL_strength,VOX,calendar,30s,30,False,4,21,4,0.8930276383911718
-2,etf_leads_kalshi,-1.1871636704949764e-06,-1.0750618597966497,0.28234703384300497,0.024320562698443515,14802,32,4,15,18,2,APPROVAL_strength,VOX,calendar,30s,30,False,4,21,4,0.6947431433148258
-1,etf_leads_kalshi,3.6254255570668755e-08,0.04279991341764896,0.9658610330104651,0.024320562698443515,14802,32,4,15,18,2,APPROVAL_strength,VOX,calendar,30s,30,False,4,21,4,0.9658610330104651
0,contemp,-1.2452954192912918e-06,-1.1598396271444962,0.2461141068259255,0.024320562698443515,14802,32,4,15,18,2,APPROVAL_strength,VOX,calendar,30s,30,False,4,21,4,0.6947431433148258
1,kalshi_leads_etf,-4.7665159405143246e-07,-0.4583050516215663,0.6467332953522353,0.024320562698443515,14802,32,4,15,18,2,APPROVAL_strength,VOX,calendar,30s,30,False,4,21,4,0.8315142368814454
2,kalshi_leads_etf,-9.606396346555099e-07,-0.7069925870687025,0.47957108449103214,0.024320562698443515,14802,32,4,15,18,2,APPROVAL_strength,VOX,calendar,30s,30,False,4,21,4,0.8253174525182263
3,kalshi_leads_etf,-9.386320766024902e-07,-1.0177963849850657,0.30877473036214476,0.024320562698443515,14802,32,4,15,18,2,APPROVAL_strength,VOX,calendar,30s,30,False,4,21,4,0.6947431433148258
4,kalshi_leads_etf,-2.0301135917893302e-06,-1.3719068997732002,0.17009242219514265,0.024320562698443515,14802,32,4,15,18,2,APPROVAL_strength,VOX,calendar,30s,30,False,4,21,4,0.6947431433148258
-4,etf_leads_kalshi,-6.532380866907704e-08,-0.05314343884646653,0.9576176211377494,0.0257608897530458,7241,32,4,14,17,1,APPROVAL_strength,VOX,calendar,1min,60,False,4,21,4,0.9576176211377494
-3,etf_leads_kalshi,-1.6972459783120778e-06,-0.3984972192293812,0.6902637076728566,0.0257608897530458,7241,32,4,14,17,1,APPROVAL_strength,VOX,calendar,1min,60,False,4,21,4,0.7765466711319637
-2,etf_leads_kalshi,1.6101394349961308e-06,1.3858389309881172,0.16579609176029175,0.0257608897530458,7241,32,4,14,17,1,APPROVAL_strength,VOX,calendar,1min,60,False,4,21,4,0.49738827528087526
-1,etf_leads_kalshi,-2.955416670277278e-06,-2.7050657482253664,0.0068290871422896846,0.0257608897530458,7241,32,4,14,17,1,APPROVAL_strength,VOX,calendar,1min,60,False,4,21,4,0.06146178428060716
0,contemp,-1.39037329345454e-06,-0.7602813946017867,0.44708640069876815,0.0257608897530458,7241,32,4,14,17,1,APPROVAL_strength,VOX,calendar,1min,60,False,4,21,4,0.7765466711319637
1,kalshi_leads_etf,-1.3242041914244863e-06,-0.45023862697267925,0.6525383869001411,0.0257608897530458,7241,32,4,14,17,1,APPROVAL_strength,VOX,calendar,1min,60,False,4,21,4,0.7765466711319637
2,kalshi_leads_etf,-4.329965157810478e-06,-1.7571542869362324,0.07889151462453986,0.0257608897530458,7241,32,4,14,17,1,APPROVAL_strength,VOX,calendar,1min,60,False,4,21,4,0.3550118158104294
3,kalshi_leads_etf,-1.091282766378094e-06,-0.49830140974167253,0.6182716143799633,0.0257608897530458,7241,32,4,14,17,1,APPROVAL_strength,VOX,calendar,1min,60,False,4,21,4,0.7765466711319637
4,kalshi_leads_etf,-8.900609103861711e-07,-0.4079737531091781,0.6832929445177743,0.0257608897530458,7241,32,4,14,17,1,APPROVAL_strength,VOX,calendar,1min,60,False,4,21,4,0.7765466711319637
-4,etf_leads_kalshi,-4.474797083330969e-06,-1.4433911600381657,0.1489103129003802,0.03706341694699011,3459,31,4,14,17,1,APPROVAL_strength,VOX,calendar,2min,120,False,4,20,4,0.2771049245766314
-3,etf_leads_kalshi,-3.5243216704376957e-06,-1.2385126015545558,0.2155260524484911,0.03706341694699011,3459,31,4,14,17,1,APPROVAL_strength,VOX,calendar,2min,120,False,4,20,4,0.2771049245766314
-2,etf_leads_kalshi,-1.082003475942079e-05,-1.4885303571540767,0.13661108246659368,0.03706341694699011,3459,31,4,14,17,1,APPROVAL_strength,VOX,calendar,2min,120,False,4,20,4,0.2771049245766314
-1,etf_leads_kalshi,1.3808532689037423e-06,0.24380018064803252,0.8073855804145431,0.03706341694699011,3459,31,4,14,17,1,APPROVAL_strength,VOX,calendar,2min,120,False,4,20,4,0.8073855804145431
0,contemp,-4.9961373675348505e-06,-1.2920964875646506,0.1963237321456449,0.03706341694699011,3459,31,4,14,17,1,APPROVAL_strength,VOX,calendar,2min,120,False,4,20,4,0.2771049245766314
1,kalshi_leads_etf,-6.152446565296808e-06,-2.5683966719240487,0.010217016682199325,0.03706341694699011,3459,31,4,14,17,1,APPROVAL_strength,VOX,calendar,2min,120,False,4,20,4,0.09195315013979394
2,kalshi_leads_etf,-5.676243799802883e-06,-1.6236322326354122,0.10445432199147106,0.03706341694699011,3459,31,4,14,17,1,APPROVAL_strength,VOX,calendar,2min,120,False,4,20,4,0.2771049245766314
3,kalshi_leads_etf,5.5585503161783184e-06,1.2991620201141862,0.1938883324986196,0.03706341694699011,3459,31,4,14,17,1,APPROVAL_strength,VOX,calendar,2min,120,False,4,20,4,0.2771049245766314
4,kalshi_leads_etf,-1.8444397004517736e-06,-0.4108247598431431,0.6812010363220651,0.03706341694699011,3459,31,4,14,17,1,APPROVAL_strength,VOX,calendar,2min,120,False,4,20,4,0.7663511658623232
-4,etf_leads_kalshi,-6.042501713913736e-05,-3.7370781937987294,0.00018617104069677492,0.06522362627829892,1197,31,4,14,16,1,APPROVAL_strength,VOX,calendar,5min,300,False,4,18,4,0.0016755393662709745
-3,etf_leads_kalshi,1.175157978596816e-05,1.9448158428436697,0.05179714664075125,0.06522362627829892,1197,31,4,14,16,1,APPROVAL_strength,VOX,calendar,5min,300,False,4,18,4,0.11654357994169033
-2,etf_leads_kalshi,-1.4059066858661147e-05,-1.3943534258405381,0.16321090498452862,0.06522362627829892,1197,31,4,14,16,1,APPROVAL_strength,VOX,calendar,5min,300,False,4,18,4,0.24481635747679292
-1,etf_leads_kalshi,-1.9923337385709718e-05,-1.4352257591914506,0.15122277551100596,0.06522362627829892,1197,31,4,14,16,1,APPROVAL_strength,VOX,calendar,5min,300,False,4,18,4,0.24481635747679292
0,contemp,-1.3018795376173837e-05,-0.7815781696047204,0.4344625205585214,0.06522362627829892,1197,31,4,14,16,1,APPROVAL_strength,VOX,calendar,5min,300,False,4,18,4,0.4887703356283366
1,kalshi_leads_etf,-2.5061205319774074e-05,-3.0839769679505733,0.00204253407535294,0.06522362627829892,1197,31,4,14,16,1,APPROVAL_strength,VOX,calendar,5min,300,False,4,18,4,0.00919140333908823
2,kalshi_leads_etf,4.1000107477277155e-06,0.576875485409448,0.5640235720411704,0.06522362627829892,1197,31,4,14,16,1,APPROVAL_strength,VOX,calendar,5min,300,False,4,18,4,0.5640235720411704
3,kalshi_leads_etf,-1.9224069313274654e-05,-2.057458997561779,0.03964209511175315,0.06522362627829892,1197,31,4,14,16,1,APPROVAL_strength,VOX,calendar,5min,300,False,4,18,4,0.11654357994169033
4,kalshi_leads_etf,1.058655960562374e-05,0.8542315961015835,0.3929766797120928,0.06522362627829892,1197,31,4,14,16,1,APPROVAL_strength,VOX,calendar,5min,300,False,4,18,4,0.4887703356283366
-4,etf_leads_kalshi,7.396002326012739e-06,0.18124742377673436,0.856173372178469,0.06064571215714598,452,29,4,14,9,1,APPROVAL_strength,VOX,calendar,10min,600,True,4,16,4,0.856173372178469
-3,etf_leads_kalshi,2.7170003708061414e-05,1.460447896309234,0.14416701745381916,0.06064571215714598,452,29,4,14,9,1,APPROVAL_strength,VOX,calendar,10min,600,True,4,16,4,0.43250105236145747
-2,etf_leads_kalshi,-2.443936750914083e-05,-0.8426215410759825,0.39944013977491244,0.06064571215714598,452,29,4,14,9,1,APPROVAL_strength,VOX,calendar,10min,600,True,4,16,4,0.7189922515948424
-1,etf_leads_kalshi,-6.089195504485859e-06,-0.3104368128293913,0.7562288033561232,0.06064571215714598,452,29,4,14,9,1,APPROVAL_strength,VOX,calendar,10min,600,True,4,16,4,0.8507574037756387
0,contemp,-2.1864184396961475e-05,-0.8762324397159252,0.3809036845479876,0.06064571215714598,452,29,4,14,9,1,APPROVAL_strength,VOX,calendar,10min,600,True,4,16,4,0.7189922515948424
1,kalshi_leads_etf,-5.484316146483046e-05,-3.234435153937475,0.0012188359497364407,0.06064571215714598,452,29,4,14,9,1,APPROVAL_strength,VOX,calendar,10min,600,True,4,16,4,0.010969523547627967
2,kalshi_leads_etf,-8.204690583606223e-06,-0.49971246250243523,0.6172775559699509,0.06064571215714598,452,29,4,14,9,1,APPROVAL_strength,VOX,calendar,10min,600,True,4,16,4,0.8507574037756387
3,kalshi_leads_etf,-1.3479658838371682e-05,-0.39592449165994703,0.6921607325985831,0.06064571215714598,452,29,4,14,9,1,APPROVAL_strength,VOX,calendar,10min,600,True,4,16,4,0.8507574037756387
4,kalshi_leads_etf,5.169801484141037e-05,2.9839733356404348,0.002845315661775242,0.06064571215714598,452,29,4,14,9,1,APPROVAL_strength,VOX,calendar,10min,600,True,4,16,4,0.01280392047798859
