k_lag,direction,beta,z_stat,p_value,pseudo_r2,n_obs,n_up,mode,bar,K_chosen,n_total,group,etf,n_members,p_fdr
-8,etf_leads_kalshi,-0.05497794136444045,-1.716944934845079,0.08598923361264588,0.002158210328269683,105,64,calendar,10min,8,261,ELECTION_trump_fav,VAW,6,0.2088309959164257
-7,etf_leads_kalshi,-0.009002936032980788,-0.23218974200277012,0.8163906447643529,5.3942437587939374e-05,117,71,calendar,10min,8,261,ELECTION_trump_fav,VAW,6,0.8647193213595405
-6,etf_leads_kalshi,0.02041548612426884,0.47420451711485306,0.6353540725186091,0.00026932798826106996,130,78,calendar,10min,8,261,ELECTION_trump_fav,VAW,6,0.8308476332935658
-5,etf_leads_kalshi,-0.11665001103416128,-4.985477562469257,6.180895229947399e-07,0.007687679953374937,145,85,calendar,10min,8,261,ELECTION_trump_fav,VAW,6,3.5025072969701925e-06
-4,etf_leads_kalshi,0.004938492022593375,0.1850271166178894,0.8532077667907976,1.2993227056612433e-05,161,91,calendar,10min,8,261,ELECTION_trump_fav,VAW,6,0.8647193213595405
-3,etf_leads_kalshi,-0.02071715111308061,-0.7248962195502998,0.46851570029036604,0.0002127606329771492,179,100,calendar,10min,8,261,ELECTION_trump_fav,VAW,6,0.7696316864259317
-2,etf_leads_kalshi,-0.05590936616859768,-1.2860294814346411,0.1984327729151475,0.0014609229610491603,199,109,calendar,10min,8,261,ELECTION_trump_fav,VAW,6,0.4216696424446884
-1,etf_leads_kalshi,0.06474052207672797,2.710849811449759,0.006711101669915609,0.002161704340865267,224,124,calendar,10min,8,261,ELECTION_trump_fav,VAW,6,0.028522182097141337
0,contemp,-0.024232900324566767,-0.8016205050047285,0.42277251268472416,0.00027066680767251494,260,139,calendar,10min,8,261,ELECTION_trump_fav,VAW,6,0.7696316864259317
1,kalshi_leads_etf,-0.11101462082998986,-2.355939787036456,0.018475912262494842,0.005695319830585244,224,122,calendar,10min,8,261,ELECTION_trump_fav,VAW,6,0.05234841807706872
2,kalshi_leads_etf,0.14814557810045942,8.44669302147947,2.996703443126125e-17,0.01038850517506984,199,107,calendar,10min,8,261,ELECTION_trump_fav,VAW,6,2.5471979266572066e-16
3,kalshi_leads_etf,0.0188223501164159,0.6078764411857387,0.5432694257124224,0.00019036244055048446,179,97,calendar,10min,8,261,ELECTION_trump_fav,VAW,6,0.7696316864259317
4,kalshi_leads_etf,-0.1436435914452549,-11.753650928484829,6.763229985581672e-32,0.01075169800980913,161,89,calendar,10min,8,261,ELECTION_trump_fav,VAW,6,1.1497490975488842e-30
5,kalshi_leads_etf,0.008317641230585333,0.3541132766267936,0.7232539926291253,3.84241268657215e-05,145,82,calendar,10min,8,261,ELECTION_trump_fav,VAW,6,0.8647193213595405
6,kalshi_leads_etf,0.20400629109881824,2.5695098770825853,0.010184248855627187,0.019444462789558248,130,74,calendar,10min,8,261,ELECTION_trump_fav,VAW,6,0.03462644610913244
7,kalshi_leads_etf,0.013812022762490973,0.17036979956140502,0.8647193213595405,8.397936450388332e-05,117,69,calendar,10min,8,261,ELECTION_trump_fav,VAW,6,0.8647193213595405
8,kalshi_leads_etf,0.04311134706407549,0.608435850653237,0.5428984400577408,0.0008282190539773415,105,60,calendar,10min,8,261,ELECTION_trump_fav,VAW,6,0.7696316864259317
-8,etf_leads_kalshi,-0.11256779005750102,-3.318873014986937,0.000903815199602318,0.007846555742438865,131,84,event,event(active),8,289,ELECTION_trump_fav,VAW,6,0.0051216194644131356
-7,etf_leads_kalshi,-0.03428109492789042,-1.7086115570100175,0.08752292646895775,0.0007072307849298465,143,90,event,event(active),8,289,ELECTION_trump_fav,VAW,6,0.18598621874653523
-6,etf_leads_kalshi,0.08901361961637996,2.133213564210195,0.032907210915294874,0.0047320858646612285,157,97,event,event(active),8,289,ELECTION_trump_fav,VAW,6,0.07991751222285898
-5,etf_leads_kalshi,-0.06266201128949161,-1.2871779492567739,0.19803227116851085,0.002159256880507998,172,105,event,event(active),8,289,ELECTION_trump_fav,VAW,6,0.3247561127173016
-4,etf_leads_kalshi,0.027916275046820753,1.2531907149928803,0.21013630822884222,0.0003973589502608288,188,113,event,event(active),8,289,ELECTION_trump_fav,VAW,6,0.3247561127173016
-3,etf_leads_kalshi,-0.08899073036279237,-2.515913532892497,0.01187243061175687,0.003746487798443554,206,123,event,event(active),8,289,ELECTION_trump_fav,VAW,6,0.04036626407997336
-2,etf_leads_kalshi,-0.0757053315666175,-2.1827289599254636,0.029055775931204196,0.0025972035274478555,226,132,event,event(active),8,289,ELECTION_trump_fav,VAW,6,0.07991751222285898
-1,etf_leads_kalshi,0.17114289693886006,3.9972421711420654,6.408473090001651e-05,0.01364818874456597,251,140,event,event(active),8,289,ELECTION_trump_fav,VAW,6,0.0005447202126501404
0,contemp,-0.06778921682550211,-0.9698954118535775,0.3320986272879095,0.002099875600208856,287,154,event,event(active),8,289,ELECTION_trump_fav,VAW,6,0.4032626188496044
1,kalshi_leads_etf,0.02733070667638975,0.4236764254689212,0.671801810197705,0.000355792572416358,251,137,event,event(active),8,289,ELECTION_trump_fav,VAW,6,0.671801810197705
2,kalshi_leads_etf,0.027796886124605725,0.8100575536209997,0.41790709827306805,0.00037549709005879617,226,121,event,event(active),8,289,ELECTION_trump_fav,VAW,6,0.4440262919151348
3,kalshi_leads_etf,0.0874127915752458,2.694522939489521,0.007048947430966691,0.003801267398245267,206,113,event,event(active),8,289,ELECTION_trump_fav,VAW,6,0.029958026581608437
4,kalshi_leads_etf,-0.2030201352081103,-13.985661986075748,1.9069416535768772e-44,0.020279849222861634,188,104,event,event(active),8,289,ELECTION_trump_fav,VAW,6,3.2418008110806914e-43
5,kalshi_leads_etf,0.06754056508586224,1.195016439018325,0.23208060738125824,0.0024319754520436554,172,94,event,event(active),8,289,ELECTION_trump_fav,VAW,6,0.3287808604567825
6,kalshi_leads_etf,0.07752212835553038,1.5250540366933993,0.1272456202033627,0.0030389284205660783,157,85,event,event(active),8,289,ELECTION_trump_fav,VAW,6,0.2403528381619073
7,kalshi_leads_etf,0.04146219820474982,1.0432167273148196,0.2968479280079378,0.000728581870580669,143,80,event,event(active),8,289,ELECTION_trump_fav,VAW,6,0.38818575201038025
8,kalshi_leads_etf,0.06341850940142492,0.9059815259955838,0.364945630720217,0.0017508211588292966,131,71,event,event(active),8,289,ELECTION_trump_fav,VAW,6,0.4136050481495793
-8,etf_leads_kalshi,0.039628390219934306,1.653411440207667,0.09824715613448952,0.0010861109453045303,105,66,calendar,10min,8,261,ELECTION_trump_fav,VCR,6,0.20877520678579023
-7,etf_leads_kalshi,-0.06348861725120142,-7.838271302101545,4.567912487940048e-15,0.0025501703660618658,117,73,calendar,10min,8,261,ELECTION_trump_fav,VCR,6,3.882725614749041e-14
-6,etf_leads_kalshi,-0.017043163179870605,-1.0359681431088312,0.30021700486211833,0.00017774787518465285,130,80,calendar,10min,8,261,ELECTION_trump_fav,VCR,6,0.3925914678966163
-5,etf_leads_kalshi,0.007138837346057345,0.2846688715143509,0.775897841245818,2.8606126408869947e-05,144,88,calendar,10min,8,261,ELECTION_trump_fav,VCR,6,0.8243914563236816
-4,etf_leads_kalshi,-0.11553253764151974,-1.3073027516254254,0.19110991007720335,0.006712577994585356,160,98,calendar,10min,8,261,ELECTION_trump_fav,VCR,6,0.31974528922498163
-3,etf_leads_kalshi,-0.06454302086429052,-1.2621522396806526,0.20689401067498814,0.0020266521050035236,178,111,calendar,10min,8,261,ELECTION_trump_fav,VCR,6,0.31974528922498163
-2,etf_leads_kalshi,0.04992812889258504,1.2883351717581606,0.19762931482709656,0.0011951201925638477,198,124,calendar,10min,8,261,ELECTION_trump_fav,VCR,6,0.31974528922498163
-1,etf_leads_kalshi,0.18883069207058145,2.9620489611034175,0.0030559918456549845,0.017822091195619505,223,134,calendar,10min,8,261,ELECTION_trump_fav,VCR,6,0.010390372275226947
0,contemp,-0.11780667960113667,-2.324653965754127,0.020090470664030653,0.005992821553625904,258,149,calendar,10min,8,261,ELECTION_trump_fav,VCR,6,0.056923000214753515
1,kalshi_leads_etf,0.0024427359026136276,0.04919236042314523,0.9607659993967032,2.8332416782683723e-06,223,130,calendar,10min,8,261,ELECTION_trump_fav,VCR,6,0.9607659993967032
2,kalshi_leads_etf,0.20025636193790594,6.654490245439879,2.8428360758740563e-11,0.017329229715245864,198,113,calendar,10min,8,261,ELECTION_trump_fav,VCR,6,1.2082053322464738e-10
3,kalshi_leads_etf,-0.184048297209858,-6.687479092088354,2.270476368017639e-11,0.016732112608501937,178,104,calendar,10min,8,261,ELECTION_trump_fav,VCR,6,1.2082053322464738e-10
4,kalshi_leads_etf,-0.029257737894791434,-1.0604104376386991,0.28895791574800556,0.00044441214673940355,160,95,calendar,10min,8,261,ELECTION_trump_fav,VCR,6,0.3925914678966163
5,kalshi_leads_etf,0.16799797786851695,8.722765371182735,2.714884538264083e-18,0.01369719172586159,144,86,calendar,10min,8,261,ELECTION_trump_fav,VCR,6,4.615303715048941e-17
6,kalshi_leads_etf,-0.07046756171309787,-1.7320251814904524,0.08326907902960967,0.002599600949936831,130,79,calendar,10min,8,261,ELECTION_trump_fav,VCR,6,0.20222490621476635
7,kalshi_leads_etf,-0.033745629454021195,-0.33766013221329405,0.7356193217774609,0.00046424400170641533,117,70,calendar,10min,8,261,ELECTION_trump_fav,VCR,6,0.8243914563236816
8,kalshi_leads_etf,-0.03680087750746882,-0.8079521560418887,0.4191181249327832,0.0005709386573344855,105,62,calendar,10min,8,261,ELECTION_trump_fav,VCR,6,0.5089291517040939
-8,etf_leads_kalshi,0.05858696351976128,8.77564619414209,1.6992527995427413e-18,0.0022105997249626252,130,87,event,event(active),8,289,ELECTION_trump_fav,VCR,6,1.44436487961133e-17
-7,etf_leads_kalshi,-0.07790673050304146,-4.2795860285248954,1.8724125411377347e-05,0.0036795242428190322,142,94,event,event(active),8,289,ELECTION_trump_fav,VCR,6,7.957753299835373e-05
-6,etf_leads_kalshi,-0.0004510048655086845,-0.02703152154650913,0.9784345926535474,1.1980013503443132e-07,156,103,event,event(active),8,289,ELECTION_trump_fav,VCR,6,0.9784345926535474
-5,etf_leads_kalshi,0.11249752974880896,4.065813440389926,4.786521509566741e-05,0.006622927971261072,170,112,event,event(active),8,289,ELECTION_trump_fav,VCR,6,0.00013561810943772432
-4,etf_leads_kalshi,-0.0033065846765139217,-0.08731341126794902,0.9304223940834109,5.607328015244661e-06,186,120,event,event(active),8,289,ELECTION_trump_fav,VCR,6,0.9784345926535474
-3,etf_leads_kalshi,-0.1864764817048301,-9.497558428827995,2.148690131076227e-21,0.01581463101274605,204,131,event,event(active),8,289,ELECTION_trump_fav,VCR,6,3.652773222829586e-20
-2,etf_leads_kalshi,0.03903898086170926,1.3696473962710662,0.1707969967965164,0.0007355472781209738,224,139,event,event(active),8,289,ELECTION_trump_fav,VCR,6,0.2419624121283982
-1,etf_leads_kalshi,0.131001133612584,4.080403857648388,4.495752165714008e-05,0.008524546969292834,249,147,event,event(active),8,289,ELECTION_trump_fav,VCR,6,0.00013561810943772432
0,contemp,-0.09893297364145075,-2.0270898062685547,0.04265322917979721,0.004279436012796012,285,164,event,event(active),8,289,ELECTION_trump_fav,VCR,6,0.0761241966150445
1,kalshi_leads_etf,0.034443062808821485,0.9530146482370134,0.3405826489357042,0.0005589108686103739,249,144,event,event(active),8,289,ELECTION_trump_fav,VCR,6,0.41356464513621227
2,kalshi_leads_etf,0.09941683122992587,1.0277531439713257,0.3040659621682378,0.004579780468664474,224,130,event,event(active),8,289,ELECTION_trump_fav,VCR,6,0.3976247197584648
3,kalshi_leads_etf,-0.10745495852977499,-2.006725125396712,0.0447789391853203,0.006017579938603523,204,120,event,event(active),8,289,ELECTION_trump_fav,VCR,6,0.0761241966150445
4,kalshi_leads_etf,-0.07480652064615946,-3.1770768911841216,0.0014876758797572756,0.0029111316174633695,186,109,event,event(active),8,289,ELECTION_trump_fav,VCR,6,0.0036129271365533838
5,kalshi_leads_etf,0.19029131711675787,2.4180526947483054,0.015603816964720928,0.016975413550631924,170,100,event,event(active),8,289,ELECTION_trump_fav,VCR,6,0.03315811105003197
6,kalshi_leads_etf,-0.06763178758224525,-5.315492510631941,1.0636922502133906e-07,0.002367405970745473,156,92,event,event(active),8,289,ELECTION_trump_fav,VCR,6,6.02758941787588e-07
7,kalshi_leads_etf,0.05208545470475192,1.4404371891650753,0.14974374847076632,0.001131194082319431,142,84,event,event(active),8,289,ELECTION_trump_fav,VCR,6,0.23142215672754796
8,kalshi_leads_etf,-0.02500447947532563,-0.7378183618560588,0.4606248336775519,0.000285546653854829,130,78,event,event(active),8,289,ELECTION_trump_fav,VCR,6,0.5220414781678921
-8,etf_leads_kalshi,0.0929047325098821,2.959368927630704,0.0030826980739605283,0.006204986308328775,101,55,calendar,10min,8,261,ELECTION_trump_fav,VDC,6,0.01746862241910966
-7,etf_leads_kalshi,-0.004556715994986032,-0.07656555672966212,0.9389691602374151,1.4176444486091455e-05,113,60,calendar,10min,8,261,ELECTION_trump_fav,VDC,6,0.9389691602374151
-6,etf_leads_kalshi,-0.12901484263499563,-2.456897770930127,0.0140142560124822,0.01024466463536633,125,66,calendar,10min,8,261,ELECTION_trump_fav,VDC,6,0.04764847044243948
-5,etf_leads_kalshi,-0.030233988791018757,-0.5082873884362072,0.6112518131886254,0.0005420194007971224,140,74,calendar,10min,8,261,ELECTION_trump_fav,VDC,6,0.799329294169741
-4,etf_leads_kalshi,0.013822303151291153,0.3112271759371849,0.7556279248090012,0.00010560415004212675,155,83,calendar,10min,8,261,ELECTION_trump_fav,VDC,6,0.9009673586765274
-3,etf_leads_kalshi,-0.06664740816044598,-3.1315147024112573,0.0017390707824511892,0.0022338511991411014,173,96,calendar,10min,8,261,ELECTION_trump_fav,VDC,6,0.014782101650835109
-2,etf_leads_kalshi,0.04357788120742013,1.2733707232647116,0.20288652118623374,0.0009036115783483956,193,108,calendar,10min,8,261,ELECTION_trump_fav,VDC,6,0.2874225716804978
-1,etf_leads_kalshi,0.14345947058029643,4.747711541227609,2.0573116734087502e-06,0.010360937658136615,218,121,calendar,10min,8,261,ELECTION_trump_fav,VDC,6,3.4974298447948756e-05
0,contemp,0.05433080480987115,1.6827518755626543,0.09242313475420215,0.0013540197285506483,253,135,calendar,10min,8,261,ELECTION_trump_fav,VDC,6,0.17457703231349295
1,kalshi_leads_etf,-0.09601074138931705,-2.779391493125545,0.005446084492000234,0.0042838411435269785,218,116,calendar,10min,8,261,ELECTION_trump_fav,VDC,6,0.023145859091000996
2,kalshi_leads_etf,-0.006936515345144913,-0.2598607364228846,0.7949711988322301,2.360303405923858e-05,193,105,calendar,10min,8,261,ELECTION_trump_fav,VDC,6,0.9009673586765274
3,kalshi_leads_etf,-0.13836919801590541,-2.2489385900456322,0.024516403380933645,0.00936459333118922,173,96,calendar,10min,8,261,ELECTION_trump_fav,VDC,6,0.06946314291264533
4,kalshi_leads_etf,-0.044538572120171475,-1.46610564167333,0.1426195090047873,0.0010873163645163109,155,87,calendar,10min,8,261,ELECTION_trump_fav,VDC,6,0.24245316530813837
5,kalshi_leads_etf,-0.06437555536826813,-2.186548441272879,0.028775504723327735,0.0023038476289154453,140,79,calendar,10min,8,261,ELECTION_trump_fav,VDC,6,0.06988336861379593
6,kalshi_leads_etf,0.13082895670755962,1.3128217238274074,0.18924302805644366,0.00877951088673068,125,74,calendar,10min,8,261,ELECTION_trump_fav,VDC,6,0.2874225716804978
7,kalshi_leads_etf,0.0872503642342179,1.9501601212710087,0.0511570372623656,0.003243199381625539,113,69,calendar,10min,8,261,ELECTION_trump_fav,VDC,6,0.1087087041825269
8,kalshi_leads_etf,0.008040162641358092,0.09723888330466235,0.9225366899274267,2.9909524995264114e-05,101,61,calendar,10min,8,261,ELECTION_trump_fav,VDC,6,0.9389691602374151
-8,etf_leads_kalshi,-0.02104334382185174,-0.3278028833743346,0.7430607070655152,0.0002919150869779008,132,71,event,event(active),8,289,ELECTION_trump_fav,VDC,6,0.7895020012571099
-7,etf_leads_kalshi,0.01655395584780427,0.4477200119539262,0.654355277132975,0.00016673326106453334,144,76,event,event(active),8,289,ELECTION_trump_fav,VDC,6,0.7416026474173717
-6,etf_leads_kalshi,-0.12058520071679642,-2.314561766372703,0.020636927311853445,0.008268516633663792,157,82,event,event(active),8,289,ELECTION_trump_fav,VDC,6,0.04385347053768857
-5,etf_leads_kalshi,0.06397756266308534,0.8975182980791798,0.36944241388572985,0.002233475778404048,172,93,event,event(active),8,289,ELECTION_trump_fav,VDC,6,0.5233767530047839
-4,etf_leads_kalshi,0.025378431438569084,0.58349443132066,0.5595605047067471,0.0003341895813873119,188,103,event,event(active),8,289,ELECTION_trump_fav,VDC,6,0.6990548515796949
-3,etf_leads_kalshi,-0.08045967882359176,-3.433158365788195,0.0005965935223951829,0.0031227448534077995,206,116,event,event(active),8,289,ELECTION_trump_fav,VDC,6,0.0025355224701795274
-2,etf_leads_kalshi,0.09337128101535566,4.694376421619448,2.674212125749625e-06,0.004050199782673958,226,125,event,event(active),8,289,ELECTION_trump_fav,VDC,6,1.5153868712581207e-05
-1,etf_leads_kalshi,0.12814806806817566,4.85187112527034,1.223020896459824e-06,0.008154726427162418,251,135,event,event(active),8,289,ELECTION_trump_fav,VDC,6,1.0395677619908504e-05
0,contemp,-0.03252450158452461,-1.291533060531444,0.1965188987914599,0.00048063596612990533,287,151,event,event(active),8,289,ELECTION_trump_fav,VDC,6,0.36578055365726825
1,kalshi_leads_etf,0.0003529476415908711,0.015731898748591492,0.9874482786216268,5.994851626223152e-08,251,128,event,event(active),8,289,ELECTION_trump_fav,VDC,6,0.9874482786216268
2,kalshi_leads_etf,0.05231740115300868,2.8738009404346907,0.004055644908056017,0.001316964398379361,226,121,event,event(active),8,289,ELECTION_trump_fav,VDC,6,0.013789192687390458
3,kalshi_leads_etf,-0.07069244634669632,-1.1831420621202113,0.23675285023000836,0.002466359377667482,206,110,event,event(active),8,289,ELECTION_trump_fav,VDC,6,0.36589076853728564
4,kalshi_leads_etf,-0.13437352975456696,-7.696956187861182,1.3934564757864568e-14,0.009005838960389756,188,100,event,event(active),8,289,ELECTION_trump_fav,VDC,6,2.368876008836977e-13
5,kalshi_leads_etf,-0.12974824617681144,-2.6176319722180583,0.008854224265297377,0.008588988694226751,172,91,event,event(active),8,289,ELECTION_trump_fav,VDC,6,0.0250869687516759
6,kalshi_leads_etf,0.12468531921868307,2.3663610276303753,0.01796391714251555,0.007451100420041934,157,83,event,event(active),8,289,ELECTION_trump_fav,VDC,6,0.04362665591753777
7,kalshi_leads_etf,0.023607172976017502,0.5596880559158692,0.5756922307126899,0.00024182768457148285,144,78,event,event(active),8,289,ELECTION_trump_fav,VDC,6,0.6990548515796949
8,kalshi_leads_etf,0.11787283792821865,1.2394874555170696,0.21516503156309896,0.005841732900718877,132,70,event,event(active),8,289,ELECTION_trump_fav,VDC,6,0.36578055365726825
-8,etf_leads_kalshi,0.060916790505841124,1.7901677707322778,0.07342694458746403,0.002692516142889123,104,62,calendar,10min,8,261,ELECTION_trump_fav,VDE,6,0.17832257971241267
-7,etf_leads_kalshi,-0.052120647300877884,-1.236098416913931,0.2164219832690948,0.0017529307515813386,116,70,calendar,10min,8,261,ELECTION_trump_fav,VDE,6,0.33521178614902625
-6,etf_leads_kalshi,0.09656693879598155,5.777532737470041,7.58039758295539e-09,0.005760981229074202,129,77,calendar,10min,8,261,ELECTION_trump_fav,VDE,6,1.2886675891024162e-07
-5,etf_leads_kalshi,0.15836313809944913,5.137030565174359,2.791135737370718e-07,0.014302041224659945,144,86,calendar,10min,8,261,ELECTION_trump_fav,VDE,6,2.3724653767651104e-06
-4,etf_leads_kalshi,-0.06557445528646448,-1.2887040342165836,0.19750099945211597,0.0022265990653744794,160,98,calendar,10min,8,261,ELECTION_trump_fav,VDE,6,0.33521178614902625
-3,etf_leads_kalshi,-0.004151193620140887,-0.07647328672625776,0.9390425658306287,8.449622193151818e-06,178,109,calendar,10min,8,261,ELECTION_trump_fav,VDE,6,0.9822376033240523
-2,etf_leads_kalshi,-0.07363898676453988,-2.3845868153484497,0.01709831316044207,0.0025444951821050887,198,119,calendar,10min,8,261,ELECTION_trump_fav,VDE,6,0.05813426474550303
-1,etf_leads_kalshi,-0.11277157973023547,-2.5182411040786237,0.011794255500098126,0.006304411422865308,223,130,calendar,10min,8,261,ELECTION_trump_fav,VDE,6,0.05012558587541704
0,contemp,-0.02128202913633344,-0.72476703609866,0.46859496172615633,0.00020735930382909107,257,146,calendar,10min,8,261,ELECTION_trump_fav,VDE,6,0.5690081678103327
1,kalshi_leads_etf,0.0557543606086161,1.5965663403653438,0.11036240693248209,0.001480975762312542,223,128,calendar,10min,8,261,ELECTION_trump_fav,VDE,6,0.23452011473152443
2,kalshi_leads_etf,0.07096323284439594,3.3170740334159254,0.0009096550888560782,0.0023944851695681946,198,112,calendar,10min,8,261,ELECTION_trump_fav,VDE,6,0.005154712170184443
3,kalshi_leads_etf,0.09209475105592231,1.2348086052840872,0.2169017439787817,0.00429322776948049,178,102,calendar,10min,8,261,ELECTION_trump_fav,VDE,6,0.33521178614902625
4,kalshi_leads_etf,0.0007226085561473732,0.022263701980357598,0.9822376033240523,2.94784547105742e-07,160,94,calendar,10min,8,261,ELECTION_trump_fav,VDE,6,0.9822376033240523
5,kalshi_leads_etf,-0.03701160554768213,-0.6314710947771152,0.5277325432243225,0.0008029574143136875,144,85,calendar,10min,8,261,ELECTION_trump_fav,VDE,6,0.5980968823208989
6,kalshi_leads_etf,0.0743270118653401,2.0178855439329997,0.04360318294149441,0.003035885770199198,129,77,calendar,10min,8,261,ELECTION_trump_fav,VDE,6,0.12354235166756748
7,kalshi_leads_etf,-0.07476145679650897,-0.7822815492365466,0.4340491277506072,0.002415736799224466,116,66,calendar,10min,8,261,ELECTION_trump_fav,VDE,6,0.5676027055200249
8,kalshi_leads_etf,-0.04159841669977603,-1.0049732013719215,0.31490975415703626,0.000796034872805218,104,57,calendar,10min,8,261,ELECTION_trump_fav,VDE,6,0.446122151722468
-8,etf_leads_kalshi,-0.012887498441245194,-0.3451083384300295,0.7300129249619239,0.00010777162335107171,130,80,event,event(active),8,289,ELECTION_trump_fav,VDE,6,0.8579166157779079
-7,etf_leads_kalshi,-0.006418705256703372,-0.17902685412836067,0.8579166157779079,2.4439736612036356e-05,142,88,event,event(active),8,289,ELECTION_trump_fav,VDE,6,0.8579166157779079
-6,etf_leads_kalshi,0.045589731970797104,0.5309323880396312,0.5954656329114691,0.001202843236842388,156,95,event,event(active),8,289,ELECTION_trump_fav,VDE,6,0.8579166157779079
-5,etf_leads_kalshi,0.06916155345788287,1.872287175295339,0.061166884074731594,0.0026454750747972877,171,104,event,event(active),8,289,ELECTION_trump_fav,VDE,6,0.18497297659151424
-4,etf_leads_kalshi,-0.0472304780575759,-3.9410947696293586,8.11105701677683e-05,0.0011144982941443393,187,115,event,event(active),8,289,ELECTION_trump_fav,VDE,6,0.0006894398464260306
-3,etf_leads_kalshi,-0.008054129886876133,-0.25312994940273564,0.8001677960610922,3.092235270463206e-05,205,126,event,event(active),8,289,ELECTION_trump_fav,VDE,6,0.8579166157779079
-2,etf_leads_kalshi,-0.05198676986892978,-1.0696166912889342,0.28479187896165636,0.001238451969352905,225,134,event,event(active),8,289,ELECTION_trump_fav,VDE,6,0.537940215816462
-1,etf_leads_kalshi,-0.0702647015290429,-1.8433043939528306,0.06528457997347561,0.002451599923556702,250,147,event,event(active),8,289,ELECTION_trump_fav,VDE,6,0.18497297659151424
0,contemp,0.007900900277030597,0.21187359965878674,0.8322056474334382,2.8678425561423637e-05,286,167,event,event(active),8,289,ELECTION_trump_fav,VDE,6,0.8579166157779079
1,kalshi_leads_etf,0.02623975117483042,0.41993459077591144,0.674533237448826,0.0003377601759834148,250,145,event,event(active),8,289,ELECTION_trump_fav,VDE,6,0.8579166157779079
2,kalshi_leads_etf,-0.11354789545189667,-1.96957034703271,0.04888763289010136,0.006015562948240127,225,126,event,event(active),8,289,ELECTION_trump_fav,VDE,6,0.18497297659151424
3,kalshi_leads_etf,0.16372745983841386,7.4598606335969535,8.661404575387265e-14,0.012264442997459657,205,116,event,event(active),8,289,ELECTION_trump_fav,VDE,6,1.472438777815835e-12
4,kalshi_leads_etf,0.04972916921689538,1.6371907713576581,0.10159061473537577,0.0013146445065860268,187,106,event,event(active),8,289,ELECTION_trump_fav,VDE,6,0.24672006435734117
5,kalshi_leads_etf,0.02892188001747189,0.46794764688031937,0.6398220289870276,0.00046036084840617164,171,96,event,event(active),8,289,ELECTION_trump_fav,VDE,6,0.8579166157779079
6,kalshi_leads_etf,0.0536479626843424,2.2784463259928485,0.02269999895806158,0.0015017637434326936,156,88,event,event(active),8,289,ELECTION_trump_fav,VDE,6,0.12863332742901562
7,kalshi_leads_etf,-0.03647463227086212,-1.3649004497014923,0.17228434091301137,0.0005759921788009992,142,81,event,event(active),8,289,ELECTION_trump_fav,VDE,6,0.3661042244401492
8,kalshi_leads_etf,0.07081663944048447,0.6416790406232805,0.521081600696438,0.00220001918732482,130,74,event,event(active),8,289,ELECTION_trump_fav,VDE,6,0.8579166157779079
-8,etf_leads_kalshi,-0.0049234068120998,-0.10952387139280687,0.9127869890240519,1.6097238398571356e-05,98,58,calendar,10min,8,261,ELECTION_trump_fav,VFH,6,0.9277652163008832
-7,etf_leads_kalshi,-0.010391123660586216,-0.34738573407915024,0.728301549376527,6.623646888448409e-05,110,64,calendar,10min,8,261,ELECTION_trump_fav,VFH,6,0.9277652163008832
-6,etf_leads_kalshi,0.006670915682293504,0.14414317688323472,0.8853874104849105,2.675670242380246e-05,123,72,calendar,10min,8,261,ELECTION_trump_fav,VFH,6,0.9277652163008832
-5,etf_leads_kalshi,0.0019437911861022639,0.09065690259776346,0.9277652163008832,2.0949451494667315e-06,138,75,calendar,10min,8,261,ELECTION_trump_fav,VFH,6,0.9277652163008832
-4,etf_leads_kalshi,-0.006042747382857235,-0.20630762581452317,0.8365506221280741,1.8904632618998995e-05,153,85,calendar,10min,8,261,ELECTION_trump_fav,VFH,6,0.9277652163008832
-3,etf_leads_kalshi,0.10109985587978834,1.808380544156036,0.07054729387289055,0.0047706434790961705,171,97,calendar,10min,8,261,ELECTION_trump_fav,VFH,6,0.17132914226273419
-2,etf_leads_kalshi,0.10494680037321873,2.4014507400175926,0.016330207576380314,0.004998162256971028,191,108,calendar,10min,8,261,ELECTION_trump_fav,VFH,6,0.06940338219961634
-1,etf_leads_kalshi,0.13294841429443582,2.3049402943867934,0.02116991749284434,0.008362469108046389,216,117,calendar,10min,8,261,ELECTION_trump_fav,VFH,6,0.07197771947567076
0,contemp,-0.060020563289844515,-3.2882316858932494,0.0010081883384697103,0.0016724045814768829,251,135,calendar,10min,8,261,ELECTION_trump_fav,VFH,6,0.005713067251328358
1,kalshi_leads_etf,-0.1353800835030176,-4.16770381159768,3.076833693913628e-05,0.008610497826188501,216,119,calendar,10min,8,261,ELECTION_trump_fav,VFH,6,0.0005230617279653168
2,kalshi_leads_etf,0.14711499636199088,3.5715693754832545,0.00035484852255187054,0.0104185938946032,191,102,calendar,10min,8,261,ELECTION_trump_fav,VFH,6,0.0030162124416908995
3,kalshi_leads_etf,-0.04502812951349664,-1.2843908667993507,0.19900522701294598,0.0011322148869884474,171,92,calendar,10min,8,261,ELECTION_trump_fav,VFH,6,0.4228861074025102
4,kalshi_leads_etf,0.01773503605072354,0.38661774257867626,0.6990392208160398,0.00017596070984671197,153,82,calendar,10min,8,261,ELECTION_trump_fav,VFH,6,0.9277652163008832
5,kalshi_leads_etf,0.036517261624977405,0.6306670355546624,0.5282582572959482,0.0007098758461979715,138,76,calendar,10min,8,261,ELECTION_trump_fav,VFH,6,0.9277652163008832
6,kalshi_leads_etf,0.007739465838296305,0.4761823781001645,0.633944452658697,2.5246677387236183e-05,123,68,calendar,10min,8,261,ELECTION_trump_fav,VFH,6,0.9277652163008832
7,kalshi_leads_etf,-0.021118627803971272,-0.3440242122507575,0.7308280774697602,0.0002040418076445505,110,57,calendar,10min,8,261,ELECTION_trump_fav,VFH,6,0.9277652163008832
8,kalshi_leads_etf,-0.09728639568224733,-1.832296900116179,0.0669071986964745,0.004121237305099501,98,50,calendar,10min,8,261,ELECTION_trump_fav,VFH,6,0.17132914226273419
-8,etf_leads_kalshi,0.027729536313380203,0.9464313776689279,0.3439286075652732,0.00047259186302084366,126,75,event,event(active),8,289,ELECTION_trump_fav,VFH,6,0.531526029873604
-7,etf_leads_kalshi,0.010498298025493548,0.24247831473541862,0.8084095579010888,6.412108105380288e-05,138,80,event,event(active),8,289,ELECTION_trump_fav,VFH,6,0.9116419195976349
-6,etf_leads_kalshi,0.005151183967981209,0.12487269895094233,0.9006243322469618,1.517994274513601e-05,152,86,event,event(active),8,289,ELECTION_trump_fav,VFH,6,0.9116419195976349
-5,etf_leads_kalshi,0.0030969979494608426,0.11096775116608383,0.9116419195976349,5.1991136530427084e-06,167,93,event,event(active),8,289,ELECTION_trump_fav,VFH,6,0.9116419195976349
-4,etf_leads_kalshi,0.09272781418251068,1.428681965429893,0.1530956636015684,0.004288174394990407,183,103,event,event(active),8,289,ELECTION_trump_fav,VFH,6,0.28918069791407364
-3,etf_leads_kalshi,-0.03989024296982378,-0.5449812647051987,0.5857664032117561,0.0007615782290637529,201,111,event,event(active),8,289,ELECTION_trump_fav,VFH,6,0.7660022195846042
-2,etf_leads_kalshi,0.15607034587926352,4.599501360245813,4.2350342760349625e-06,0.010649430565615292,221,118,event,event(active),8,289,ELECTION_trump_fav,VFH,6,3.599779134629718e-05
-1,etf_leads_kalshi,0.10762025252919014,4.270148767964506,1.9534262448671234e-05,0.0055219714508085715,246,126,event,event(active),8,289,ELECTION_trump_fav,VFH,6,0.00011069415387580365
0,contemp,-0.06887137573623534,-2.1903118203268312,0.028501630165845903,0.002189756570105228,282,143,event,event(active),8,289,ELECTION_trump_fav,VFH,6,0.08075461880323005
1,kalshi_leads_etf,-0.10531130529338133,-1.3461389719131158,0.17825770220680137,0.005244694130102645,246,127,event,event(active),8,289,ELECTION_trump_fav,VFH,6,0.3030380937515623
2,kalshi_leads_etf,0.12843034710247273,1.961137560673887,0.04986297820026475,0.00795282719592394,221,110,event,event(active),8,289,ELECTION_trump_fav,VFH,6,0.12109580420064298
3,kalshi_leads_etf,-0.020122332103581213,-0.25780226670476936,0.7965595150315962,0.0002215682503549088,201,104,event,event(active),8,289,ELECTION_trump_fav,VFH,6,0.9116419195976349
4,kalshi_leads_etf,-0.033547735963770434,-1.428930751192917,0.1530241378903928,0.0006279524098685707,183,91,event,event(active),8,289,ELECTION_trump_fav,VFH,6,0.28918069791407364
5,kalshi_leads_etf,0.11254776610224664,4.630040442654884,3.655943200186839e-06,0.006675250525029042,167,84,event,event(active),8,289,ELECTION_trump_fav,VFH,6,3.599779134629718e-05
6,kalshi_leads_etf,-0.058833645081619694,-0.7766912419432452,0.43734095522386285,0.0015331778579567024,152,78,event,event(active),8,289,ELECTION_trump_fav,VFH,6,0.6195663532338057
7,kalshi_leads_etf,0.09120832030436636,2.2031313084097865,0.02758549508183677,0.0037168861778783535,138,70,event,event(active),8,289,ELECTION_trump_fav,VFH,6,0.08075461880323005
8,kalshi_leads_etf,-0.1309526003052065,-2.6927528716593425,0.0070864774089991435,0.007975030530236293,126,62,event,event(active),8,289,ELECTION_trump_fav,VFH,6,0.03011752898824636
-8,etf_leads_kalshi,0.045066852971831516,1.149296498770571,0.25043374132730656,0.0014422189014214881,106,60,calendar,10min,8,261,ELECTION_trump_fav,VGT,6,0.3547811335470176
-7,etf_leads_kalshi,-0.027028389373133444,-0.48324075675527955,0.628924799556758,0.0004725598362992356,118,67,calendar,10min,8,261,ELECTION_trump_fav,VGT,6,0.712781439497659
-6,etf_leads_kalshi,-0.03341350379592629,-0.3851255494710805,0.7001443995000458,0.0006922091681129672,131,74,calendar,10min,8,261,ELECTION_trump_fav,VGT,6,0.7439034244687986
-5,etf_leads_kalshi,-0.007029398478986393,-0.21908151932696163,0.8265865465316439,2.8341717233204555e-05,146,82,calendar,10min,8,261,ELECTION_trump_fav,VGT,6,0.8265865465316439
-4,etf_leads_kalshi,0.08916977931292347,1.2701862447304895,0.20401829619232892,0.004190002708281737,162,94,calendar,10min,8,261,ELECTION_trump_fav,VGT,6,0.3153010032063265
-3,etf_leads_kalshi,-0.10634844510616544,-2.0909263862621645,0.0365346633671706,0.005446675973567405,180,107,calendar,10min,8,261,ELECTION_trump_fav,VGT,6,0.08872703960598576
-2,etf_leads_kalshi,-0.04961985656506643,-1.743342046763892,0.08127388487168187,0.001159882141065549,200,120,calendar,10min,8,261,ELECTION_trump_fav,VGT,6,0.17270700535232397
-1,etf_leads_kalshi,0.16900313156912822,4.784785701250944,1.7116986110248242e-06,0.01438749627677205,225,132,calendar,10min,8,261,ELECTION_trump_fav,VGT,6,9.699625462474004e-06
0,contemp,-0.28723590287189604,-6.069268088361255,1.2849449552165294e-09,0.030037207951374656,261,143,calendar,10min,8,261,ELECTION_trump_fav,VGT,6,2.1844064238681e-08
1,kalshi_leads_etf,-0.013345664695760224,-0.5291380884872436,0.5967096610311022,8.52077992800071e-05,225,125,calendar,10min,8,261,ELECTION_trump_fav,VGT,6,0.712781439497659
2,kalshi_leads_etf,0.13626017962027373,3.806290140222201,0.00014106688409266672,0.009066876101461951,200,109,calendar,10min,8,261,ELECTION_trump_fav,VGT,6,0.00047962740591506685
3,kalshi_leads_etf,-0.028287973746791862,-1.3306098480279307,0.18331742039781151,0.00042805616335039876,180,103,calendar,10min,8,261,ELECTION_trump_fav,VGT,6,0.31163961467627954
4,kalshi_leads_etf,-0.13366880792698382,-4.453737415115363,8.43882980282681e-06,0.00930049755829676,162,93,calendar,10min,8,261,ELECTION_trump_fav,VGT,6,3.586502666201394e-05
5,kalshi_leads_etf,0.1795403984894359,5.237182493262838,1.630464565290914e-07,0.01576227093601601,146,87,calendar,10min,8,261,ELECTION_trump_fav,VGT,6,1.385894880497277e-06
6,kalshi_leads_etf,-0.04824028033541131,-1.5885523475970542,0.11216149379235239,0.0012640097497033098,131,80,calendar,10min,8,261,ELECTION_trump_fav,VGT,6,0.21186059938555452
7,kalshi_leads_etf,0.07014382950365596,0.7010921283148067,0.4832455224985094,0.002056756641832469,118,72,calendar,10min,8,261,ELECTION_trump_fav,VGT,6,0.6319364524980507
8,kalshi_leads_etf,-0.23487302369907515,-3.694257376746458,0.00022053034553700272,0.022249538748902453,106,64,calendar,10min,8,261,ELECTION_trump_fav,VGT,6,0.0006248359790215077
-8,etf_leads_kalshi,0.06027273649677095,1.9325982777604456,0.05328570476358222,0.0022644553575577042,133,82,event,event(active),8,289,ELECTION_trump_fav,VGT,6,0.1240569416290819
-7,etf_leads_kalshi,0.050309661764433675,0.753883949586372,0.45091890911436006,0.0014896827733139606,145,86,event,event(active),8,289,ELECTION_trump_fav,VGT,6,0.4791013409340076
-6,etf_leads_kalshi,-0.17073069491495593,-2.565288756238329,0.010308997285410033,0.015330873986136306,159,95,event,event(active),8,289,ELECTION_trump_fav,VGT,6,0.04381323846299264
-5,etf_leads_kalshi,0.07424161620126711,1.8807765226188147,0.06000232510329345,0.0029119021598523753,174,105,event,event(active),8,289,ELECTION_trump_fav,VGT,6,0.1240569416290819
-4,etf_leads_kalshi,0.11342181017943401,3.922978028874767,8.746112998862877e-05,0.006439019331529905,190,119,event,event(active),8,289,ELECTION_trump_fav,VGT,6,0.0007434196049033446
-3,etf_leads_kalshi,-0.08707123172220006,-1.1221680716213893,0.2617909852830771,0.0035682149788586193,208,132,event,event(active),8,289,ELECTION_trump_fav,VGT,6,0.34234205767787007
-2,etf_leads_kalshi,-0.044229064063367275,-1.1335951417995391,0.2569644118292663,0.0009156165788406501,228,142,event,event(active),8,289,ELECTION_trump_fav,VGT,6,0.34234205767787007
-1,etf_leads_kalshi,0.10856302940430763,3.673352751040651,0.00023938865023784915,0.005980177042918644,253,151,event,event(active),8,289,ELECTION_trump_fav,VGT,6,0.0013565356846811452
0,contemp,-0.22197958187128142,-5.631451923008012,1.7869879268653498e-08,0.019495223259420547,289,170,event,event(active),8,289,ELECTION_trump_fav,VGT,6,3.037879475671095e-07
1,kalshi_leads_etf,0.052701525906781135,1.8406204117755047,0.06567720439186689,0.0012763601858469809,253,148,event,event(active),8,289,ELECTION_trump_fav,VGT,6,0.1240569416290819
2,kalshi_leads_etf,0.035859725695202495,0.8288107358654323,0.4072115122816611,0.0006212315613913777,228,134,event,event(active),8,289,ELECTION_trump_fav,VGT,6,0.4791013409340076
3,kalshi_leads_etf,0.012221616961097812,0.3123940588178884,0.7547410649871833,7.631817175035582e-05,208,125,event,event(active),8,289,ELECTION_trump_fav,VGT,6,0.7547410649871833
4,kalshi_leads_etf,-0.037457119378632345,-0.7980510476551133,0.4248408672659323,0.00071559056509507,190,116,event,event(active),8,289,ELECTION_trump_fav,VGT,6,0.4791013409340076
5,kalshi_leads_etf,0.10777421630349186,2.4378391854672787,0.01477534545649784,0.005972788899091808,174,108,event,event(active),8,289,ELECTION_trump_fav,VGT,6,0.05023617455209266
6,kalshi_leads_etf,-0.11100734175647828,-2.2221821861593822,0.026270995830376183,0.006116139275827992,159,98,event,event(active),8,289,ELECTION_trump_fav,VGT,6,0.07443448818606585
7,kalshi_leads_etf,0.0818327032433756,1.6999470773547627,0.08914088061681126,0.0027177178179802475,145,89,event,event(active),8,289,ELECTION_trump_fav,VGT,6,0.15153949704857914
8,kalshi_leads_etf,-0.06167388206910573,-1.4658418324348719,0.1426913816267031,0.0017469280356861017,133,81,event,event(active),8,289,ELECTION_trump_fav,VGT,6,0.22052304433217754
-8,etf_leads_kalshi,0.1161860016925498,1.7871458974070402,0.07391391096150568,0.00941292330172816,105,68,calendar,10min,8,261,ELECTION_trump_fav,VIS,6,0.15706706079319957
-7,etf_leads_kalshi,-0.12045244139285863,-1.005109479962155,0.3148441357765368,0.00903501920303873,117,75,calendar,10min,8,261,ELECTION_trump_fav,VIS,6,0.5352350308201126
-6,etf_leads_kalshi,0.02738465561391823,0.3082164172705164,0.757917660989656,0.0004959000442107397,130,82,calendar,10min,8,261,ELECTION_trump_fav,VIS,6,0.757917660989656
-5,etf_leads_kalshi,-0.04507491195931332,-1.0237625139753457,0.30594746010092966,0.0011966108452804436,145,89,calendar,10min,8,261,ELECTION_trump_fav,VIS,6,0.5352350308201126
-4,etf_leads_kalshi,0.028504979716757424,0.5212214762797748,0.6022124949474816,0.00045318862085075295,161,99,calendar,10min,8,261,ELECTION_trump_fav,VIS,6,0.6398507758816993
-3,etf_leads_kalshi,-0.1196336656143902,-2.0582995891061713,0.039561383616199326,0.006940047885542366,179,110,calendar,10min,8,261,ELECTION_trump_fav,VIS,6,0.11209058691256475
-2,etf_leads_kalshi,-0.04302665944385145,-2.192712189154792,0.028328121974667813,0.0008718881351178487,199,122,calendar,10min,8,261,ELECTION_trump_fav,VIS,6,0.09631561471387057
-1,etf_leads_kalshi,0.0961274621645674,5.6032886850893595,2.1032249118318802e-08,0.004769874729372514,223,130,calendar,10min,8,261,ELECTION_trump_fav,VIS,6,1.7877411750570984e-07
0,contemp,-0.01931030676730097,-0.5917158658947191,0.5540408703722546,0.00017193407193871746,259,144,calendar,10min,8,261,ELECTION_trump_fav,VIS,6,0.6279129864218885
1,kalshi_leads_etf,-0.02399600759662214,-0.8839646324649415,0.3767153052406471,0.0002825459308390954,223,128,calendar,10min,8,261,ELECTION_trump_fav,VIS,6,0.5492407110444067
2,kalshi_leads_etf,0.1722521734477686,10.203875955088286,1.9051428058522237e-24,0.014261094785941397,199,110,calendar,10min,8,261,ELECTION_trump_fav,VIS,6,3.23874276994878e-23
3,kalshi_leads_etf,-0.029490626340961182,-0.6923707172823106,0.4887045503202285,0.0004655737554860595,179,100,calendar,10min,8,261,ELECTION_trump_fav,VIS,6,0.5934269539602776
4,kalshi_leads_etf,-0.22969697489860097,-4.488731769470098,7.16484439927902e-06,0.026686086447066937,161,91,calendar,10min,8,261,ELECTION_trump_fav,VIS,6,4.0600784929247777e-05
5,kalshi_leads_etf,0.1010539120167439,2.646873602258386,0.008123971191991548,0.005592906357279159,145,83,calendar,10min,8,261,ELECTION_trump_fav,VIS,6,0.03452687756596408
6,kalshi_leads_etf,-0.010229910072134151,-0.7008055009612056,0.48342440460713243,6.011189535370942e-05,130,74,calendar,10min,8,261,ELECTION_trump_fav,VIS,6,0.5934269539602776
7,kalshi_leads_etf,0.08194187902646564,0.8637971651284705,0.3876993254431107,0.0029003741117832327,117,68,calendar,10min,8,261,ELECTION_trump_fav,VIS,6,0.5492407110444067
8,kalshi_leads_etf,-0.18602177476866788,-1.8050356991928997,0.07106909587364792,0.014421627145239979,105,61,calendar,10min,8,261,ELECTION_trump_fav,VIS,6,0.15706706079319957
-8,etf_leads_kalshi,0.047374743831659974,0.3735897482430353,0.7087095622855174,0.0014121589069918672,129,90,event,event(active),8,289,ELECTION_trump_fav,VIS,6,0.8110591778502295
-7,etf_leads_kalshi,-0.043489360480352485,-0.5729349196213954,0.566688759862781,0.0010798997827444756,141,98,event,event(active),8,289,ELECTION_trump_fav,VIS,6,0.8028090764722731
-6,etf_leads_kalshi,0.08552901010269844,1.8659929950233292,0.062042345555377104,0.004384154514509797,155,104,event,event(active),8,289,ELECTION_trump_fav,VIS,6,0.2636799686103527
-5,etf_leads_kalshi,-0.03722075564511952,-1.592194357030559,0.11134104077888117,0.0007780529960824678,170,114,event,event(active),8,289,ELECTION_trump_fav,VIS,6,0.31546628220683
-4,etf_leads_kalshi,-0.0019852070452012955,-0.046598102924173566,0.9628335440369128,2.121772147090084e-06,186,126,event,event(active),8,289,ELECTION_trump_fav,VIS,6,0.9628335440369128
-3,etf_leads_kalshi,-0.03921456210523837,-0.7415062517564147,0.45838654256526457,0.0007255358614145502,204,137,event,event(active),8,289,ELECTION_trump_fav,VIS,6,0.7084155657826816
-2,etf_leads_kalshi,0.0278745263655872,0.5010660827306586,0.6163246160955349,0.00037116991199637184,224,147,event,event(active),8,289,ELECTION_trump_fav,VIS,6,0.8059629595095457
-1,etf_leads_kalshi,0.030282072536996454,1.1987069562028339,0.23064191225879593,0.00047056179261506514,249,156,event,event(active),8,289,ELECTION_trump_fav,VIS,6,0.5601303583427901
0,contemp,0.010525271025911968,0.3229246764103363,0.746752287591192,5.10243380265063e-05,285,173,event,event(active),8,289,ELECTION_trump_fav,VIS,6,0.8110591778502295
1,kalshi_leads_etf,0.00911538779357985,0.30108482224468486,0.7633498144472748,4.0339456312210586e-05,249,152,event,event(active),8,289,ELECTION_trump_fav,VIS,6,0.8110591778502295
2,kalshi_leads_etf,0.0471040325741649,0.8271870775879187,0.40813103485780877,0.0011022911215057274,224,136,event,event(active),8,289,ELECTION_trump_fav,VIS,6,0.7084155657826816
3,kalshi_leads_etf,0.034066382845564555,0.9638659914796534,0.33511311615386674,0.000617610700756388,204,127,event,event(active),8,289,ELECTION_trump_fav,VIS,6,0.7084155657826816
4,kalshi_leads_etf,-0.22583506848620713,-8.338428397804181,7.528439443622468e-17,0.0248241515977633,186,118,event,event(active),8,289,ELECTION_trump_fav,VIS,6,1.2798347054158195e-15
5,kalshi_leads_etf,0.03445206922106114,0.7764831790720244,0.4374637488485812,0.0006227204421107579,170,108,event,event(active),8,289,ELECTION_trump_fav,VIS,6,0.7084155657826816
6,kalshi_leads_etf,-0.09039313253786187,-1.6275434665730117,0.10362172480613549,0.0044756932450542575,155,99,event,event(active),8,289,ELECTION_trump_fav,VIS,6,0.31546628220683
7,kalshi_leads_etf,0.15648523790020996,3.637562774678038,0.0002752301249104452,0.009473975843248827,141,90,event,event(active),8,289,ELECTION_trump_fav,VIS,6,0.0023394560617387844
8,kalshi_leads_etf,-0.139339913992295,-2.1501340964693076,0.03154460926923402,0.008759215293262401,129,83,event,event(active),8,289,ELECTION_trump_fav,VIS,6,0.17875278585899276
-8,etf_leads_kalshi,0.09715429176386109,1.5741908870462207,0.11544332550754241,0.006804719622280131,102,53,calendar,10min,8,261,ELECTION_trump_fav,VNQ,6,0.26942757898736674
-7,etf_leads_kalshi,-0.05116125310676046,-2.4097616373587423,0.01596294585848929,0.0017064547351415271,114,61,calendar,10min,8,261,ELECTION_trump_fav,VNQ,6,0.06784251989857948
-6,etf_leads_kalshi,0.013916241015813789,0.43261699788846225,0.6652930386236382,0.00012438705676087736,126,67,calendar,10min,8,261,ELECTION_trump_fav,VNQ,6,0.75399877710679
-5,etf_leads_kalshi,0.030319418663775605,1.1416720873357853,0.25359034733186403,0.0005431417116137371,141,76,calendar,10min,8,261,ELECTION_trump_fav,VNQ,6,0.43110359046416885
-4,etf_leads_kalshi,-0.17508700668004296,-2.9188804345287527,0.003512909354313749,0.015553494570322846,157,87,calendar,10min,8,261,ELECTION_trump_fav,VNQ,6,0.019906486341111244
-3,etf_leads_kalshi,0.07002431675801955,1.0570761811512637,0.29047682080493875,0.002420358734732897,175,99,calendar,10min,8,261,ELECTION_trump_fav,VNQ,6,0.44891872306217806
-2,etf_leads_kalshi,0.08136649503252157,2.9703021070551654,0.0029750701583268592,0.00321013670643977,195,113,calendar,10min,8,261,ELECTION_trump_fav,VNQ,6,0.019906486341111244
-1,etf_leads_kalshi,-0.027294350621042865,-0.9129137375943731,0.36128791182671594,0.000384716838194743,220,130,calendar,10min,8,261,ELECTION_trump_fav,VNQ,6,0.4724534231580132
0,contemp,0.05628177414920989,1.5238799714098412,0.12753869753562252,0.001457332988806348,255,148,calendar,10min,8,261,ELECTION_trump_fav,VNQ,6,0.26942757898736674
1,kalshi_leads_etf,0.016525703099000782,0.3380702256665509,0.7353102673907832,0.00013308521901389536,220,128,calendar,10min,8,261,ELECTION_trump_fav,VNQ,6,0.7812671591027072
2,kalshi_leads_etf,-0.06113665083537563,-2.235509536640661,0.025383916243515586,0.0018343415624545445,195,112,calendar,10min,8,261,ELECTION_trump_fav,VNQ,6,0.08630531522795298
3,kalshi_leads_etf,0.041403892785558644,1.4660372831239532,0.14263813005213533,0.0009321188872286612,175,102,calendar,10min,8,261,ELECTION_trump_fav,VNQ,6,0.26942757898736674
4,kalshi_leads_etf,-0.08490292732386492,-4.793753307497969,1.636895438669719e-06,0.003845827248448175,157,92,calendar,10min,8,261,ELECTION_trump_fav,VNQ,6,2.7827222457385222e-05
5,kalshi_leads_etf,-0.0018813268457026366,-0.10479774029186727,0.9165363031629031,1.9584558852425715e-06,141,84,calendar,10min,8,261,ELECTION_trump_fav,VNQ,6,0.9165363031629031
6,kalshi_leads_etf,0.04669983501797984,1.8582680896456296,0.06313095297002295,0.0011690947549363173,126,77,calendar,10min,8,261,ELECTION_trump_fav,VNQ,6,0.17887103341506502
7,kalshi_leads_etf,0.058796241104493954,0.9316687009605135,0.3515077665187012,0.0014834305099516998,114,68,calendar,10min,8,261,ELECTION_trump_fav,VNQ,6,0.4724534231580132
8,kalshi_leads_etf,-0.033847120482667505,-0.5755645787036546,0.5649095288097241,0.0005478271340753071,102,61,calendar,10min,8,261,ELECTION_trump_fav,VNQ,6,0.6859615706975222
-8,etf_leads_kalshi,0.02629008385668808,0.9814006257218626,0.32639521771793356,0.00044847096568845224,127,68,event,event(active),8,289,ELECTION_trump_fav,VNQ,6,0.4268245154772978
-7,etf_leads_kalshi,-0.15404888864315391,-2.0254473670281485,0.04282144781971422,0.01267281845193835,139,78,event,event(active),8,289,ELECTION_trump_fav,VNQ,6,0.1533626391762583
-6,etf_leads_kalshi,-0.04872991214053732,-1.3082794820582468,0.19077853179355053,0.0013594456403714927,152,85,event,event(active),8,289,ELECTION_trump_fav,VNQ,6,0.27026958670752993
-5,etf_leads_kalshi,0.16614352804520846,4.835912358412969,1.3253631155844004e-06,0.014338984619831407,167,94,event,event(active),8,289,ELECTION_trump_fav,VNQ,6,1.1265586482467403e-05
-4,etf_leads_kalshi,-0.15036825705799367,-10.7003057939226,1.0144288820606822e-26,0.010842143137280269,183,106,event,event(active),8,289,ELECTION_trump_fav,VNQ,6,1.7245290995031596e-25
-3,etf_leads_kalshi,0.059648436520761856,0.748631696358986,0.45407922238531173,0.0017086565388023667,201,117,event,event(active),8,289,ELECTION_trump_fav,VNQ,6,0.5146231187033533
-2,etf_leads_kalshi,0.1170139538587403,2.801601235633872,0.0050849684061810025,0.006335641810417347,221,130,event,event(active),8,289,ELECTION_trump_fav,VNQ,6,0.028814820968359012
-1,etf_leads_kalshi,-0.050649128431808646,-1.6618865671758674,0.09653552053702184,0.0012902275275556985,246,145,event,event(active),8,289,ELECTION_trump_fav,VNQ,6,0.16411038491293714
0,contemp,0.0469536805366408,1.723711908138314,0.08475986420913446,0.001017747521775636,282,166,event,event(active),8,289,ELECTION_trump_fav,VNQ,6,0.16411038491293714
1,kalshi_leads_etf,-0.0252201410732428,-0.30918419695394533,0.7571814143772182,0.000315498797486935,246,146,event,event(active),8,289,ELECTION_trump_fav,VNQ,6,0.8045052527757943
2,kalshi_leads_etf,-0.0500313208388617,-1.925810897187832,0.05412799029750293,0.0011672123514486765,221,134,event,event(active),8,289,ELECTION_trump_fav,VNQ,6,0.1533626391762583
3,kalshi_leads_etf,0.0017834704429417574,0.02190429671586504,0.9825242973148313,1.6655592462999635e-06,201,124,event,event(active),8,289,ELECTION_trump_fav,VNQ,6,0.9825242973148313
4,kalshi_leads_etf,0.10911393993614218,1.8083354707724542,0.07055430445833927,0.00595426160178536,183,114,event,event(active),8,289,ELECTION_trump_fav,VNQ,6,0.16411038491293714
5,kalshi_leads_etf,-0.040991744096866796,-0.8323027356404914,0.4052380868754971,0.0008661681724564385,167,108,event,event(active),8,289,ELECTION_trump_fav,VNQ,6,0.49207481977738937
6,kalshi_leads_etf,-0.0960844670990152,-1.7109545696270154,0.08708949970140743,0.004523760663097565,152,100,event,event(active),8,289,ELECTION_trump_fav,VNQ,6,0.16411038491293714
7,kalshi_leads_etf,0.03668347646833823,1.4900146914597459,0.13622037304944035,0.0005409008695185236,139,92,event,event(active),8,289,ELECTION_trump_fav,VNQ,6,0.21052239471277143
8,kalshi_leads_etf,-0.06266940172479615,-1.9891709490115481,0.04668233730400617,0.0018513649639457785,127,85,event,event(active),8,289,ELECTION_trump_fav,VNQ,6,0.1533626391762583
-8,etf_leads_kalshi,0.017146011321706348,0.6201068994368581,0.535187410110273,0.000213036743046513,102,53,calendar,10min,8,261,ELECTION_trump_fav,VOX,6,0.6065457314583095
-7,etf_leads_kalshi,0.046842713533936625,1.2505696501213879,0.21109152926737373,0.0014475095788161196,114,61,calendar,10min,8,261,ELECTION_trump_fav,VOX,6,0.29904633312877943
-6,etf_leads_kalshi,0.01046274933261006,1.125832573558894,0.2602363937036668,6.945249184242552e-05,127,67,calendar,10min,8,261,ELECTION_trump_fav,VOX,6,0.340309130227872
-5,etf_leads_kalshi,-0.0748907970072878,-2.9185691293237173,0.003516418965643311,0.0032318463991841684,142,76,calendar,10min,8,261,ELECTION_trump_fav,VOX,6,0.022756308434254538
-4,etf_leads_kalshi,0.05364344654839769,1.7076733577762495,0.0876969683071176,0.0015371009694871152,157,87,calendar,10min,8,261,ELECTION_trump_fav,VOX,6,0.16564982902455547
-3,etf_leads_kalshi,-0.14283654148267716,-2.5971215639733662,0.00940086469079714,0.009664094750284846,175,98,calendar,10min,8,261,ELECTION_trump_fav,VOX,6,0.038446025416363744
-2,etf_leads_kalshi,-0.015012610729701788,-0.18492835122892606,0.8532852334387849,0.00010655870521436572,195,112,calendar,10min,8,261,ELECTION_trump_fav,VOX,6,0.906615560528709
-1,etf_leads_kalshi,0.13131310743107863,2.3723227984762936,0.017676639895383935,0.008758961232304019,219,125,calendar,10min,8,261,ELECTION_trump_fav,VOX,6,0.042928982603075275
0,contemp,-0.1373046987706123,-2.5004343322330116,0.012404112703794061,0.00797210400927939,255,140,calendar,10min,8,261,ELECTION_trump_fav,VOX,6,0.038446025416363744
1,kalshi_leads_etf,-0.004503284785916296,-0.06875759688960342,0.9451825709476942,9.773193213269415e-06,219,116,calendar,10min,8,261,ELECTION_trump_fav,VOX,6,0.9451825709476942
2,kalshi_leads_etf,0.1089466181614887,2.4684704513427116,0.013569185441069557,0.005769446080511886,195,103,calendar,10min,8,261,ELECTION_trump_fav,VOX,6,0.038446025416363744
3,kalshi_leads_etf,-0.1087565306684915,-2.876916445242173,0.0040158191354566835,0.005884568138492807,175,94,calendar,10min,8,261,ELECTION_trump_fav,VOX,6,0.022756308434254538
4,kalshi_leads_etf,-0.06402270436931928,-1.5799093804592081,0.11412762070606415,0.0022168511873527086,157,86,calendar,10min,8,261,ELECTION_trump_fav,VOX,6,0.19401695520030904
5,kalshi_leads_etf,0.05317193121920231,0.8372022723175994,0.4024788804328642,0.0014493436287438266,142,80,calendar,10min,8,261,ELECTION_trump_fav,VOX,6,0.4887243548113351
6,kalshi_leads_etf,-0.2811226768607867,-3.3803469688011805,0.0007239437660724381,0.027523578193910492,127,73,calendar,10min,8,261,ELECTION_trump_fav,VOX,6,0.012307044023231448
7,kalshi_leads_etf,0.2056220321230898,2.032702565175137,0.0420825819872158,0.01586272606938921,114,66,calendar,10min,8,261,ELECTION_trump_fav,VOX,6,0.08942548672283358
8,kalshi_leads_etf,-0.1857645129712484,-1.3353421178028864,0.1817643997462116,0.012816124539980156,102,60,calendar,10min,8,261,ELECTION_trump_fav,VOX,6,0.28090861778959975
-8,etf_leads_kalshi,0.002047167835045683,0.07215634239973152,0.9424774882822353,2.7736888269513926e-06,129,77,event,event(active),8,289,ELECTION_trump_fav,VOX,6,0.9424774882822353
-7,etf_leads_kalshi,0.003219089937974034,0.11855354339322462,0.905629072686529,6.154053964646522e-06,141,83,event,event(active),8,289,ELECTION_trump_fav,VOX,6,0.9424774882822353
-6,etf_leads_kalshi,-0.041202714568254854,-1.9382451130487826,0.052593325227881065,0.0010032273684381643,155,87,event,event(active),8,289,ELECTION_trump_fav,VOX,6,0.08940865288739781
-5,etf_leads_kalshi,-0.018332449921093764,-0.44531819442361315,0.6560898211339339,0.00018222337284290457,170,100,event,event(active),8,289,ELECTION_trump_fav,VOX,6,0.7435684639517918
-4,etf_leads_kalshi,0.10184296026428209,3.677056422676051,0.00023594086743489455,0.005279334636737687,186,114,event,event(active),8,289,ELECTION_trump_fav,VOX,6,0.0008679759260769148
-3,etf_leads_kalshi,-0.12644293984347657,-4.265352605996746,1.9958674052837137e-05,0.0074337818800627176,204,124,event,event(active),8,289,ELECTION_trump_fav,VOX,6,0.00016964872944911567
-2,etf_leads_kalshi,-0.04958738718750197,-2.9371949001576643,0.0033119588370147585,0.0011379692875586045,224,135,event,event(active),8,289,ELECTION_trump_fav,VOX,6,0.008043328604178699
-1,etf_leads_kalshi,0.13981784509957165,3.0108828558967193,0.0026048932665779317,0.009747448842293616,249,143,event,event(active),8,289,ELECTION_trump_fav,VOX,6,0.007380530921970806
0,contemp,-0.09850177434844729,-2.059698938938195,0.03942733092653965,0.004256228749698443,285,165,event,event(active),8,289,ELECTION_trump_fav,VOX,6,0.074473847305686
1,kalshi_leads_etf,0.02838206951633874,0.557674041434861,0.5770669867094453,0.0003797070313193984,249,141,event,event(active),8,289,ELECTION_trump_fav,VOX,6,0.7007241981471837
2,kalshi_leads_etf,0.14331642703821815,3.6568968627012906,0.00025528703708144554,0.009862704251973442,224,126,event,event(active),8,289,ELECTION_trump_fav,VOX,6,0.0008679759260769148
3,kalshi_leads_etf,-0.07259973624615172,-3.871257927464433,0.00010827514908039952,0.002607300083226183,204,114,event,event(active),8,289,ELECTION_trump_fav,VOX,6,0.0006135591781222639
4,kalshi_leads_etf,-0.05658053977056252,-1.1505166782756284,0.2499311289012367,0.001684385961170043,186,105,event,event(active),8,289,ELECTION_trump_fav,VOX,6,0.3268330147170019
5,kalshi_leads_etf,0.06037942546034126,1.3314498417207086,0.18304103871219135,0.0019295501486329414,170,97,event,event(active),8,289,ELECTION_trump_fav,VOX,6,0.2828816052824775
6,kalshi_leads_etf,-0.2802446121905441,-2.880642475071778,0.003968655374106754,0.029337388270318066,155,90,event,event(active),8,289,ELECTION_trump_fav,VOX,6,0.008433392669976853
7,kalshi_leads_etf,0.12537987124548286,7.323528676780264,2.4153394990765545e-13,0.006208992373185951,141,80,event,event(active),8,289,ELECTION_trump_fav,VOX,6,4.106077148430143e-12
8,kalshi_leads_etf,-0.1002312134514902,-1.2494882927196926,0.21148653285380403,0.0045340105274384035,129,74,event,event(active),8,289,ELECTION_trump_fav,VOX,6,0.299605921542889
-10,etf_leads_kalshi,0.012048399659411058,0.12778338812042356,0.8983203966405504,2.4340259749178195e-05,550,270,calendar,10min,10,1452,FOMC_easing,VCR,5,0.9072413553214698
-9,etf_leads_kalshi,-0.08332220403123058,-1.4154737349226738,0.15692964399605913,0.0012598776921148858,613,298,calendar,10min,10,1452,FOMC_easing,VCR,5,0.8238806309793105
-8,etf_leads_kalshi,0.05541254087014551,0.6643764745556252,0.5064493859851869,0.0005510582496015548,686,338,calendar,10min,10,1452,FOMC_easing,VCR,5,0.8633350585680533
-7,etf_leads_kalshi,-0.05398980813535583,-0.6991380622013368,0.48446575373747813,0.0005784006207987247,761,376,calendar,10min,10,1452,FOMC_easing,VCR,5,0.8633350585680533
-6,etf_leads_kalshi,-0.04509296606406611,-0.8060330240882427,0.42022380771870504,0.0004983268062092039,841,424,calendar,10min,10,1452,FOMC_easing,VCR,5,0.8633350585680533
-5,etf_leads_kalshi,0.018455851597460708,0.22875242338496254,0.8190613469189771,9.193841560095617e-05,924,461,calendar,10min,10,1452,FOMC_easing,VCR,5,0.9072413553214698
-4,etf_leads_kalshi,0.062251261072185086,1.0481386650587048,0.2945747243880211,0.0010665263624407562,1012,515,calendar,10min,10,1452,FOMC_easing,VCR,5,0.8633350585680533
-3,etf_leads_kalshi,0.03938708878148113,1.537968489014393,0.12405631961075923,0.0005131385305225944,1111,566,calendar,10min,10,1452,FOMC_easing,VCR,5,0.8238806309793105
-2,etf_leads_kalshi,-0.04216938208147578,-1.0940100849385002,0.27395055516663247,0.0006266121512663592,1215,610,calendar,10min,10,1452,FOMC_easing,VCR,5,0.8633350585680533
-1,etf_leads_kalshi,0.01295420648251514,0.378610879358904,0.7049768420532496,6.56701096916068e-05,1325,656,calendar,10min,10,1452,FOMC_easing,VCR,5,0.9072413553214698
0,contemp,0.02166913639941635,0.5045100076885952,0.6139030313823801,0.00021266542986020376,1443,722,calendar,10min,10,1452,FOMC_easing,VCR,5,0.8633350585680533
1,kalshi_leads_etf,-0.023901879000303976,-0.6008193914777564,0.5479602869763367,0.0002544374446267206,1325,657,calendar,10min,10,1452,FOMC_easing,VCR,5,0.8633350585680533
2,kalshi_leads_etf,-0.011826475110398152,-0.2673752538493023,0.7891802506467477,6.184592348024154e-05,1215,603,calendar,10min,10,1452,FOMC_easing,VCR,5,0.9072413553214698
3,kalshi_leads_etf,0.03198150109909417,0.9310022205035628,0.3518524155477013,0.0004285296453755416,1111,552,calendar,10min,10,1452,FOMC_easing,VCR,5,0.8633350585680533
4,kalshi_leads_etf,-0.03038535123044121,-0.7051751305685217,0.48070125596350366,0.0003269360567210722,1012,502,calendar,10min,10,1452,FOMC_easing,VCR,5,0.8633350585680533
5,kalshi_leads_etf,-0.029505201673794546,-0.7574730174934483,0.44876652533020456,0.0003110008473096171,924,459,calendar,10min,10,1452,FOMC_easing,VCR,5,0.8633350585680533
6,kalshi_leads_etf,-0.009054296656324845,-0.15799796479739972,0.874458402429468,2.8615478136040373e-05,841,419,calendar,10min,10,1452,FOMC_easing,VCR,5,0.9072413553214698
7,kalshi_leads_etf,0.16579013816808233,2.7890554699137713,0.005286201021282455,0.007866457819159733,761,381,calendar,10min,10,1452,FOMC_easing,VCR,5,0.11101022144693155
8,kalshi_leads_etf,-0.005040446329324018,-0.11651884039478728,0.9072413553214698,7.938873129442747e-06,686,344,calendar,10min,10,1452,FOMC_easing,VCR,5,0.9072413553214698
9,kalshi_leads_etf,0.026635894835131655,0.5005783548432409,0.6166678989771809,0.00019338723011363967,613,301,calendar,10min,10,1452,FOMC_easing,VCR,5,0.8633350585680533
10,kalshi_leads_etf,-0.08257926584516902,-1.509273120198513,0.13122900092588763,0.0019909957285187962,550,273,calendar,10min,10,1452,FOMC_easing,VCR,5,0.8238806309793105
-10,etf_leads_kalshi,-0.020532780399223387,-0.4337285811873283,0.6644855492091005,8.744995259990507e-05,990,503,event,event(active),10,1905,FOMC_easing,VCR,5,0.8208350901994771
-9,etf_leads_kalshi,0.01494566751377878,0.4710825343626369,0.6375817970571851,4.6810942728070515e-05,1054,539,event,event(active),10,1905,FOMC_easing,VCR,5,0.8208350901994771
-8,etf_leads_kalshi,-0.05514436246178809,-1.1886223146403925,0.23458832281476416,0.0006352942936831418,1128,574,event,event(active),10,1905,FOMC_easing,VCR,5,0.7037649684442925
-7,etf_leads_kalshi,0.008777250455700691,0.164074889248953,0.8696721893766044,1.8348075967455912e-05,1204,614,event,event(active),10,1905,FOMC_easing,VCR,5,0.9582165673961556
-6,etf_leads_kalshi,0.0060827526779319106,0.1097757707343301,0.9125872070439577,1.0284833424467621e-05,1284,660,event,event(active),10,1905,FOMC_easing,VCR,5,0.9582165673961556
-5,etf_leads_kalshi,-0.023369960400121126,-0.6967154795593756,0.4859808694466048,0.0001725815388508023,1368,704,event,event(active),10,1905,FOMC_easing,VCR,5,0.8208350901994771
-4,etf_leads_kalshi,0.01805419844460655,0.6342738211304804,0.5259021381065168,0.00011095261508453635,1457,752,event,event(active),10,1905,FOMC_easing,VCR,5,0.8208350901994771
-3,etf_leads_kalshi,0.04556521606474884,1.9271572798680583,0.0539600320940468,0.000743129542184362,1557,802,event,event(active),10,1905,FOMC_easing,VCR,5,0.37772022465832766
-2,etf_leads_kalshi,0.020985123763841828,0.6077232330185586,0.5433710513551355,0.00016579098198532538,1661,854,event,event(active),10,1905,FOMC_easing,VCR,5,0.8208350901994771
-1,etf_leads_kalshi,-0.038689998200392914,-1.1899645359573812,0.2340603311630376,0.0006035921100793207,1771,901,event,event(active),10,1905,FOMC_easing,VCR,5,0.7037649684442925
0,contemp,0.012879789735659168,0.34737777023282274,0.7283075315484306,7.619111650980503e-05,1890,962,event,event(active),10,1905,FOMC_easing,VCR,5,0.8496921201398357
1,kalshi_leads_etf,0.014858676621473471,0.6715597099525312,0.5018640349497645,9.751890505249605e-05,1771,892,event,event(active),10,1905,FOMC_easing,VCR,5,0.8208350901994771
2,kalshi_leads_etf,-0.016386080744463766,-0.6719701622800549,0.5016026917805572,0.00011839495351240181,1661,835,event,event(active),10,1905,FOMC_easing,VCR,5,0.8208350901994771
3,kalshi_leads_etf,-0.051307318964775854,-1.4854829449969895,0.13741593796981866,0.0010386857807325178,1557,786,event,event(active),10,1905,FOMC_easing,VCR,5,0.5771469394732384
4,kalshi_leads_etf,0.10715806821134048,3.3994164492924894,0.0006752980836229689,0.003950187348804035,1457,735,event,event(active),10,1905,FOMC_easing,VCR,5,0.014181259756082348
5,kalshi_leads_etf,-0.06103295253858758,-1.5084086795467764,0.13144996296298336,0.0013734382630191666,1368,686,event,event(active),10,1905,FOMC_easing,VCR,5,0.5771469394732384
6,kalshi_leads_etf,-0.057864127254884094,-2.466774704662454,0.013633610785678521,0.0012464795453510646,1284,642,event,event(active),10,1905,FOMC_easing,VCR,5,0.14315291324962448
7,kalshi_leads_etf,0.049344414618311516,1.0658660987317863,0.28648417587905284,0.0008927263411392383,1204,595,event,event(active),10,1905,FOMC_easing,VCR,5,0.7520209616825138
8,kalshi_leads_etf,0.017478035630177708,0.573833975287697,0.5660801553117776,0.0001230193242474087,1128,559,event,event(active),10,1905,FOMC_easing,VCR,5,0.8208350901994771
9,kalshi_leads_etf,-0.010557212058495429,-0.4367598192815214,0.6622855418000264,4.100071097956626e-05,1054,518,event,event(active),10,1905,FOMC_easing,VCR,5,0.8208350901994771
10,kalshi_leads_etf,0.0008705163604246485,0.025753295143607035,0.979454114555721,2.8967909471155906e-07,990,493,event,event(active),10,1905,FOMC_easing,VCR,5,0.979454114555721
-10,etf_leads_kalshi,0.0079704240075103,0.10368682566930744,0.9174178818906971,1.0640706997744331e-05,546,297,calendar,10min,10,1452,FOMC_easing,VDC,5,0.9306320655003071
-9,etf_leads_kalshi,-0.09274252738762082,-1.168686586158636,0.2425299283145944,0.0015616237965745405,608,329,calendar,10min,10,1452,FOMC_easing,VDC,5,0.7341403138454796
-8,etf_leads_kalshi,-0.1245107711510957,-1.1527215129705095,0.24902470846188485,0.002688688975132969,681,372,calendar,10min,10,1452,FOMC_easing,VDC,5,0.7341403138454796
-7,etf_leads_kalshi,-0.07195877585891065,-0.7607500890759965,0.4468063508378698,0.001027522841347328,755,409,calendar,10min,10,1452,FOMC_easing,VDC,5,0.7819111139662722
-6,etf_leads_kalshi,0.010731624956194993,0.2111732620445354,0.832752074078476,2.8399856314975658e-05,835,448,calendar,10min,10,1452,FOMC_easing,VDC,5,0.9306320655003071
-5,etf_leads_kalshi,-0.013930122309880652,-0.35590451782318683,0.721912072316363,5.174301946708759e-05,918,485,calendar,10min,10,1452,FOMC_easing,VDC,5,0.9306320655003071
-4,etf_leads_kalshi,-0.006951611569742833,-0.1056012207048551,0.9158987561862596,1.3604755301988014e-05,1007,532,calendar,10min,10,1452,FOMC_easing,VDC,5,0.9306320655003071
-3,etf_leads_kalshi,-0.029456146771798367,-0.7662458127518507,0.4435300537819138,0.00029212217330698564,1107,587,calendar,10min,10,1452,FOMC_easing,VDC,5,0.7819111139662722
-2,etf_leads_kalshi,0.10138741830327015,2.389696152351924,0.01686231678282034,0.003406717358373279,1211,641,calendar,10min,10,1452,FOMC_easing,VDC,5,0.17705432621961356
-1,etf_leads_kalshi,0.0040024858375548745,0.08704962655531304,0.9306320655003071,6.264815388012934e-06,1321,692,calendar,10min,10,1452,FOMC_easing,VDC,5,0.9306320655003071
0,contemp,-0.03076871010500275,-0.8560513278986578,0.39196938898698763,0.00042641086014583163,1439,747,calendar,10min,10,1452,FOMC_easing,VDC,5,0.7819111139662722
1,kalshi_leads_etf,-0.01710784625274754,-0.6698406116062708,0.5029594016166938,0.00013108382894622128,1321,687,calendar,10min,10,1452,FOMC_easing,VDC,5,0.8124728795346593
2,kalshi_leads_etf,0.051030389257497914,1.8425000702582428,0.06540203625435959,0.001118089976615777,1211,636,calendar,10min,10,1452,FOMC_easing,VDC,5,0.4578142537805171
3,kalshi_leads_etf,0.012608857861979062,0.38906216115919157,0.6972301636316318,6.584367755646525e-05,1107,572,calendar,10min,10,1452,FOMC_easing,VDC,5,0.9306320655003071
4,kalshi_leads_etf,0.0416375492530938,1.1013940332319856,0.2707252011966458,0.0006147974801609113,1007,513,calendar,10min,10,1452,FOMC_easing,VDC,5,0.7341403138454796
5,kalshi_leads_etf,-0.027514797148534907,-0.7952807890198101,0.42645018596926365,0.00027045652106993945,918,465,calendar,10min,10,1452,FOMC_easing,VDC,5,0.7819111139662722
6,kalshi_leads_etf,-0.03653203163343139,-1.3402667146427112,0.18015864879640076,0.0004606543207040792,835,422,calendar,10min,10,1452,FOMC_easing,VDC,5,0.7341403138454796
7,kalshi_leads_etf,0.13310079332035885,2.984284734019178,0.002842421288263464,0.0052046746000626865,755,379,calendar,10min,10,1452,FOMC_easing,VDC,5,0.059690847053532746
8,kalshi_leads_etf,-0.042536834123622524,-1.081055333661479,0.27967250051256365,0.000569518836250893,681,339,calendar,10min,10,1452,FOMC_easing,VDC,5,0.7341403138454796
9,kalshi_leads_etf,-0.016853629125988156,-0.3470683610185363,0.7285399620899027,7.835450045345915e-05,608,296,calendar,10min,10,1452,FOMC_easing,VDC,5,0.9306320655003071
10,kalshi_leads_etf,0.011341747975523425,0.187038819813408,0.8516301961791795,3.796014381896029e-05,546,261,calendar,10min,10,1452,FOMC_easing,VDC,5,0.9306320655003071
-10,etf_leads_kalshi,0.0018949103699733897,0.05564119266361596,0.9556276483163919,7.665310350901677e-07,977,524,event,event(active),10,1905,FOMC_easing,VDC,5,0.9556276483163919
-9,etf_leads_kalshi,-0.09178773702269878,-1.9883317144655428,0.04677501548067528,0.0017725975930341642,1041,559,event,event(active),10,1905,FOMC_easing,VDC,5,0.9382518189273557
-8,etf_leads_kalshi,-0.007420426731800994,-0.13378427658476896,0.8935731608831958,1.1826064382547408e-05,1115,595,event,event(active),10,1905,FOMC_easing,VDC,5,0.9382518189273557
-7,etf_leads_kalshi,-0.03794419795973363,-0.5487606110705499,0.5831697447944477,0.00034593367129898134,1191,631,event,event(active),10,1905,FOMC_easing,VDC,5,0.9382518189273557
-6,etf_leads_kalshi,0.005847517170449683,0.17986298952149105,0.8572601313768763,9.644592649071804e-06,1271,669,event,event(active),10,1905,FOMC_easing,VDC,5,0.9382518189273557
-5,etf_leads_kalshi,0.008176929871377208,0.2558366250374059,0.7980769920863142,2.1113082485424428e-05,1355,704,event,event(active),10,1905,FOMC_easing,VDC,5,0.9382518189273557
-4,etf_leads_kalshi,0.0098861980479466,0.3455083303808363,0.7297122487004981,3.356313353319873e-05,1444,750,event,event(active),10,1905,FOMC_easing,VDC,5,0.9382518189273557
-3,etf_leads_kalshi,0.011603765021148757,0.5187116485672271,0.6039618373602722,4.9164979277427356e-05,1544,797,event,event(active),10,1905,FOMC_easing,VDC,5,0.9382518189273557
-2,etf_leads_kalshi,0.022546157938708507,0.5819674573907624,0.5605886010273942,0.0001908070592174793,1648,843,event,event(active),10,1905,FOMC_easing,VDC,5,0.9382518189273557
-1,etf_leads_kalshi,-0.011614032096837219,-0.23792759046045567,0.8119372558061095,5.509107371581834e-05,1758,889,event,event(active),10,1905,FOMC_easing,VDC,5,0.9382518189273557
0,contemp,0.011522397119578412,0.34395637021368924,0.7308790978928613,6.097456774944998e-05,1877,940,event,event(active),10,1905,FOMC_easing,VDC,5,0.9382518189273557
1,kalshi_leads_etf,-0.00727049218732926,-0.31085224836922737,0.7559129474576338,2.350917094418037e-05,1758,874,event,event(active),10,1905,FOMC_easing,VDC,5,0.9382518189273557
2,kalshi_leads_etf,-0.010067573430522198,-0.5198808522623604,0.6031466218553252,4.442154719974667e-05,1648,834,event,event(active),10,1905,FOMC_easing,VDC,5,0.9382518189273557
3,kalshi_leads_etf,-0.025048392328296178,-0.8017993912251048,0.42266901086547837,0.0002613156418750373,1544,776,event,event(active),10,1905,FOMC_easing,VDC,5,0.9382518189273557
4,kalshi_leads_etf,0.028019128535320268,0.933639997917926,0.3504896256986578,0.00029956189749735795,1444,719,event,event(active),10,1905,FOMC_easing,VDC,5,0.9382518189273557
5,kalshi_leads_etf,0.04436851789033994,1.1012809140696824,0.27077441520613954,0.0007643587220496073,1355,674,event,event(active),10,1905,FOMC_easing,VDC,5,0.9382518189273557
6,kalshi_leads_etf,0.009775453307708086,0.23789963104976405,0.8119589416793225,3.621929360320131e-05,1271,628,event,event(active),10,1905,FOMC_easing,VDC,5,0.9382518189273557
7,kalshi_leads_etf,0.0538002570538747,1.3680659843733194,0.17129142292431987,0.0010690574656478935,1191,580,event,event(active),10,1905,FOMC_easing,VDC,5,0.9382518189273557
8,kalshi_leads_etf,-0.03515237879251493,-1.487950525482599,0.13676394158441044,0.0005013036793357628,1115,534,event,event(active),10,1905,FOMC_easing,VDC,5,0.9382518189273557
9,kalshi_leads_etf,0.026163659504744235,0.7584448988272978,0.4481846876830876,0.0002553733700841887,1041,497,event,event(active),10,1905,FOMC_easing,VDC,5,0.9382518189273557
10,kalshi_leads_etf,-0.011036700593303982,-0.40941186238455035,0.6822374357261114,4.75544996676458e-05,977,461,event,event(active),10,1905,FOMC_easing,VDC,5,0.9382518189273557
-10,etf_leads_kalshi,0.03257411652478297,0.4017553415315846,0.6878640914816,0.000174749629244908,539,246,calendar,10min,10,1452,FOMC_easing,VDE,5,0.8181765945056987
-9,etf_leads_kalshi,0.03308298525649656,0.5609788817892514,0.574811933751891,0.0002023593557657355,601,277,calendar,10min,10,1452,FOMC_easing,VDE,5,0.8181765945056987
-8,etf_leads_kalshi,-0.26297006258938543,-2.5779244089808473,0.009939573867457602,0.01182380319402565,672,318,calendar,10min,10,1452,FOMC_easing,VDE,5,0.20873105121660968
-7,etf_leads_kalshi,-0.02423850755220568,-0.3844655947252982,0.7006333914765701,0.0001181633767484147,746,359,calendar,10min,10,1452,FOMC_easing,VDE,5,0.8181765945056987
-6,etf_leads_kalshi,-0.10279485498864097,-1.723131233414236,0.08486479578344715,0.0024946559315109917,826,408,calendar,10min,10,1452,FOMC_easing,VDE,5,0.4455401778630976
-5,etf_leads_kalshi,0.11685975978531102,1.7670801167559682,0.07721481189425339,0.0034763774949514437,909,451,calendar,10min,10,1452,FOMC_easing,VDE,5,0.4455401778630976
-4,etf_leads_kalshi,0.022994475378167796,0.3835739861573625,0.7012942238620274,0.00014829587046039094,998,498,calendar,10min,10,1452,FOMC_easing,VDE,5,0.8181765945056987
-3,etf_leads_kalshi,-0.04687098920820905,-0.9565160645351453,0.33881157217224034,0.0007254008591816019,1097,545,calendar,10min,10,1452,FOMC_easing,VDE,5,0.5929202513014207
-2,etf_leads_kalshi,-0.054282922341786916,-1.12285789702593,0.2614978513889441,0.0010344113993813187,1201,599,calendar,10min,10,1452,FOMC_easing,VDE,5,0.5929202513014207
-1,etf_leads_kalshi,0.06827871061098972,1.9793357449335085,0.04777821765648559,0.001791774191453488,1311,645,calendar,10min,10,1452,FOMC_easing,VDE,5,0.4455401778630976
0,contemp,-0.032555429024812864,-0.9640582416981666,0.3350167268816725,0.0004899362232797522,1429,697,calendar,10min,10,1452,FOMC_easing,VDE,5,0.5929202513014207
1,kalshi_leads_etf,0.03059158921431955,1.003376511446487,0.3156792326825544,0.0004101937231441033,1311,643,calendar,10min,10,1452,FOMC_easing,VDE,5,0.5929202513014207
2,kalshi_leads_etf,-0.04466305422912917,-1.3687451547545293,0.17107895016506258,0.0008834634225131088,1201,598,calendar,10min,10,1452,FOMC_easing,VDE,5,0.5929202513014207
3,kalshi_leads_etf,0.01522494232836813,0.4213012459577259,0.6735351205254765,9.55048711480666e-05,1097,560,calendar,10min,10,1452,FOMC_easing,VDE,5,0.8181765945056987
4,kalshi_leads_etf,0.00321302273957239,0.08449600998311042,0.9326620750705826,3.72693533612356e-06,998,504,calendar,10min,10,1452,FOMC_easing,VDE,5,0.9326620750705826
5,kalshi_leads_etf,-0.03832453741243052,-1.0023740403414347,0.31616297510207125,0.0005164812778788441,909,462,calendar,10min,10,1452,FOMC_easing,VDE,5,0.5929202513014207
6,kalshi_leads_etf,-0.0590136589212829,-1.1440753189217998,0.2525924023212799,0.0011840925159126714,826,426,calendar,10min,10,1452,FOMC_easing,VDE,5,0.5929202513014207
7,kalshi_leads_etf,0.08775668922218445,1.503289950080907,0.13276429056921682,0.0022450903204257466,746,381,calendar,10min,10,1452,FOMC_easing,VDE,5,0.5576100203907107
8,kalshi_leads_etf,0.008459817627309765,0.15049186947221435,0.8803765649100113,2.2487832668782737e-05,672,348,calendar,10min,10,1452,FOMC_easing,VDE,5,0.9243953931555119
9,kalshi_leads_etf,-0.01331063315953449,-0.25342762189296947,0.7999377849933595,4.906881673705232e-05,601,313,calendar,10min,10,1452,FOMC_easing,VDE,5,0.8841417623610816
10,kalshi_leads_etf,-0.0268010667704374,-0.4591240975330594,0.6461450528773847,0.0002134405834206543,539,285,calendar,10min,10,1452,FOMC_easing,VDE,5,0.8181765945056987
-10,etf_leads_kalshi,-0.058234222920226016,-0.9499750342748383,0.34212493830455515,0.0007284906085789356,966,476,event,event(active),10,1905,FOMC_easing,VDE,5,0.7184623704395658
-9,etf_leads_kalshi,0.02644908090907156,0.559849543298776,0.5755820672698193,0.00015109369442167786,1031,511,event,event(active),10,1905,FOMC_easing,VDE,5,0.7727914450622605
-8,etf_leads_kalshi,-0.027047249505840608,-0.4366121258453816,0.6623926671962233,0.00015919330428482148,1102,548,event,event(active),10,1905,FOMC_easing,VDE,5,0.7727914450622605
-7,etf_leads_kalshi,-0.021032240313227514,-0.4656900759115137,0.6414373569341798,0.00010719389996005635,1178,589,event,event(active),10,1905,FOMC_easing,VDE,5,0.7727914450622605
-6,etf_leads_kalshi,-0.018521455964683402,-0.47678582501606065,0.6335146405475511,9.627950016821707e-05,1258,638,event,event(active),10,1905,FOMC_easing,VDE,5,0.7727914450622605
-5,etf_leads_kalshi,-0.04765964418885105,-1.5411997074056951,0.12326818870369459,0.0007018016985887998,1342,679,event,event(active),10,1905,FOMC_easing,VDE,5,0.4102715043516165
-4,etf_leads_kalshi,0.05138273880381758,1.0774638252254947,0.2812731034712309,0.0009009566842802519,1430,720,event,event(active),10,1905,FOMC_easing,VDE,5,0.6563039080995389
-3,etf_leads_kalshi,0.07398144516294658,2.524796588097567,0.01157652744530673,0.0018904290934423917,1530,772,event,event(active),10,1905,FOMC_easing,VDE,5,0.24310707635144135
-2,etf_leads_kalshi,-0.05252908317163194,-1.4879762082937562,0.1367571681172055,0.0010141328534023497,1634,815,event,event(active),10,1905,FOMC_easing,VDE,5,0.4102715043516165
-1,etf_leads_kalshi,-0.03875715136272051,-1.495676763227332,0.13473790845750058,0.0006061709416007588,1744,863,event,event(active),10,1905,FOMC_easing,VDE,5,0.4102715043516165
0,contemp,0.05257199260852617,2.258302905565125,0.02392678127353082,0.0012094032789142783,1863,920,event,event(active),10,1905,FOMC_easing,VDE,5,0.2512312033720736
1,kalshi_leads_etf,0.01700998807749018,0.7893590613172965,0.4299021761183477,0.0001276788990581812,1744,861,event,event(active),10,1905,FOMC_easing,VDE,5,0.7523288082071085
2,kalshi_leads_etf,-0.03975329556181913,-1.5131319646064494,0.13024614167839615,0.0006987534391291739,1634,811,event,event(active),10,1905,FOMC_easing,VDE,5,0.4102715043516165
3,kalshi_leads_etf,-0.02359018110818155,-0.5935899556243992,0.55278640073918,0.00023098422748446534,1530,767,event,event(active),10,1905,FOMC_easing,VDE,5,0.7727914450622605
4,kalshi_leads_etf,0.06365434527304019,1.8756698380332892,0.06070063005431423,0.0014683146243813505,1430,721,event,event(active),10,1905,FOMC_easing,VDE,5,0.4102715043516165
5,kalshi_leads_etf,-0.007119062479114097,-0.2376691345044499,0.8121377248641009,1.9754117856929376e-05,1342,681,event,event(active),10,1905,FOMC_easing,VDE,5,0.8421384368144746
6,kalshi_leads_etf,-0.03808904082670531,-0.807040557904104,0.41964311676595933,0.0005431159945155084,1258,639,event,event(active),10,1905,FOMC_easing,VDE,5,0.7523288082071085
7,kalshi_leads_etf,-0.0346548209305787,-1.234083223172493,0.21717189438602236,0.0004603793917089538,1178,598,event,event(active),10,1905,FOMC_easing,VDE,5,0.5700762227633087
8,kalshi_leads_etf,-0.014980398462825315,-0.27104239383681783,0.7863584266152834,8.989039206275251e-05,1102,559,event,event(active),10,1905,FOMC_easing,VDE,5,0.8421384368144746
9,kalshi_leads_etf,0.014291279331477466,0.5179148998246275,0.6045176457866713,7.630790097590268e-05,1031,524,event,event(active),10,1905,FOMC_easing,VDE,5,0.7727914450622605
10,kalshi_leads_etf,0.006594966905881464,0.19915891480564837,0.8421384368144746,1.6875111710779045e-05,966,498,event,event(active),10,1905,FOMC_easing,VDE,5,0.8421384368144746
-10,etf_leads_kalshi,-0.13753705510500888,-1.5506476521574264,0.12098614583661987,0.0030694263604392757,527,242,calendar,10min,10,1452,FOMC_easing,VFH,5,0.46645368479427435
-9,etf_leads_kalshi,-0.020787754935695155,-0.23180166631341817,0.816692062772968,7.912458799030908e-05,588,266,calendar,10min,10,1452,FOMC_easing,VFH,5,0.9026596483280173
-8,etf_leads_kalshi,-0.11367083609742108,-1.3573875084365812,0.1746581152187554,0.002302071811754236,659,304,calendar,10min,10,1452,FOMC_easing,VFH,5,0.46645368479427435
-7,etf_leads_kalshi,-0.19070597014950155,-2.506166631791656,0.012204808712293217,0.006689713635474548,734,345,calendar,10min,10,1452,FOMC_easing,VFH,5,0.25630098295815756
-6,etf_leads_kalshi,0.0008620068675501369,0.010714378861848358,0.9914513260895075,1.8350632235986097e-07,813,384,calendar,10min,10,1452,FOMC_easing,VFH,5,0.9963269834119683
-5,etf_leads_kalshi,-0.04476040776378382,-0.6271836881871757,0.530538834350482,0.0005327078879308056,896,426,calendar,10min,10,1452,FOMC_easing,VFH,5,0.713229446137386
-4,etf_leads_kalshi,0.0805915238970151,1.347881056595873,0.17769664182639022,0.0017869336766477284,985,469,calendar,10min,10,1452,FOMC_easing,VFH,5,0.46645368479427435
-3,etf_leads_kalshi,-0.0686037480509277,-1.9808636631536163,0.04760656500618752,0.001558028505774356,1084,517,calendar,10min,10,1452,FOMC_easing,VFH,5,0.2784341631007107
-2,etf_leads_kalshi,-0.022200181870610354,-0.47288346570924195,0.6362963217844333,0.00017467468045173629,1188,562,calendar,10min,10,1452,FOMC_easing,VFH,5,0.7860131033807706
-1,etf_leads_kalshi,0.044099728168569566,1.392125369277697,0.1638844371952406,0.0007528316094262966,1298,608,calendar,10min,10,1452,FOMC_easing,VFH,5,0.46645368479427435
0,contemp,0.00016311447559151329,0.004603459875622373,0.9963269834119683,1.2296148543811114e-08,1416,661,calendar,10min,10,1452,FOMC_easing,VFH,5,0.9963269834119683
1,kalshi_leads_etf,-0.03135329630881139,-1.0191492739712047,0.308132104448152,0.0004373506680226402,1298,607,calendar,10min,10,1452,FOMC_easing,VFH,5,0.6477582273368524
2,kalshi_leads_etf,-0.012832802789352041,-0.36708734245330893,0.7135538684960654,7.252752493425163e-05,1188,551,calendar,10min,10,1452,FOMC_easing,VFH,5,0.8324795132454097
3,kalshi_leads_etf,-0.03325288199118791,-0.896419305754539,0.3700288601788948,0.00046177536865021906,1084,507,calendar,10min,10,1452,FOMC_easing,VFH,5,0.6477582273368524
4,kalshi_leads_etf,-0.06995363498910778,-2.001175192656854,0.04537351336542939,0.0016818338431142665,985,462,calendar,10min,10,1452,FOMC_easing,VFH,5,0.2784341631007107
5,kalshi_leads_etf,0.03187943405316103,0.7983118797745492,0.42468952577668373,0.00036049302904972436,896,419,calendar,10min,10,1452,FOMC_easing,VFH,5,0.6477582273368524
6,kalshi_leads_etf,-0.037702132169537245,-0.7860489364228747,0.43183881822456827,0.0004981783641978543,813,378,calendar,10min,10,1452,FOMC_easing,VFH,5,0.6477582273368524
7,kalshi_leads_etf,0.09977067414252595,1.9346351889428972,0.053035078685849654,0.0030035979738795016,734,336,calendar,10min,10,1452,FOMC_easing,VFH,5,0.2784341631007107
8,kalshi_leads_etf,-0.034006710619184394,-0.8538036157707993,0.39321381073984496,0.0003676387904579803,659,299,calendar,10min,10,1452,FOMC_easing,VFH,5,0.6477582273368524
9,kalshi_leads_etf,0.02750058066304247,0.607660130141464,0.5434129113427703,0.00020608828886359287,588,269,calendar,10min,10,1452,FOMC_easing,VFH,5,0.713229446137386
10,kalshi_leads_etf,-0.06982108394486075,-0.9859101847243656,0.324177188618857,0.001427273705149612,527,245,calendar,10min,10,1452,FOMC_easing,VFH,5,0.6477582273368524
-10,etf_leads_kalshi,-0.06066821646876714,-1.1532752406951416,0.24879742928470983,0.0008599835278461088,951,475,event,event(active),10,1905,FOMC_easing,VFH,5,0.5805273349976563
-9,etf_leads_kalshi,-0.03985572404411527,-1.0622736038296512,0.2881114939658169,0.00036848792695243215,1016,509,event,event(active),10,1905,FOMC_easing,VFH,5,0.6050341373282155
-8,etf_leads_kalshi,0.003283724658543938,0.07280078380368536,0.9419646472285598,2.548994597173504e-06,1089,540,event,event(active),10,1905,FOMC_easing,VFH,5,0.9984288176799766
-7,etf_leads_kalshi,-0.0432716276335916,-0.7766139589290085,0.43738656345509086,0.00048751875061425753,1164,574,event,event(active),10,1905,FOMC_easing,VFH,5,0.6560798451826363
-6,etf_leads_kalshi,0.02129648152657411,0.4309681244816418,0.6664915477841902,0.00013964772281438442,1243,610,event,event(active),10,1905,FOMC_easing,VFH,5,0.8747701564667496
-5,etf_leads_kalshi,-0.042130015668660335,-0.8685890426459435,0.38507194988182636,0.000603516274674365,1327,653,event,event(active),10,1905,FOMC_easing,VFH,5,0.622039303655258
-4,etf_leads_kalshi,0.029661986572317642,0.9910376115145006,0.32166721502781337,0.00033030922143784114,1416,700,event,event(active),10,1905,FOMC_easing,VFH,5,0.6140919559621891
-3,etf_leads_kalshi,0.07229852631728485,1.6970776757437305,0.08968197619703162,0.0019675748391813075,1514,746,event,event(active),10,1905,FOMC_easing,VFH,5,0.3138869166896107
-2,etf_leads_kalshi,-0.0001973777523936287,-0.006706795629319227,0.9946487914321509,1.611251498889743e-08,1618,794,event,event(active),10,1905,FOMC_easing,VFH,5,0.9984288176799766
-1,etf_leads_kalshi,-0.05169763188621836,-1.7507319535695773,0.07999209261268546,0.0011473887192402499,1727,837,event,event(active),10,1905,FOMC_easing,VFH,5,0.3138869166896107
0,contemp,0.034656342443544104,1.155975273552422,0.24769127106500444,0.0005437911310925969,1846,893,event,event(active),10,1905,FOMC_easing,VFH,5,0.5805273349976563
1,kalshi_leads_etf,0.01229188999972539,0.24877571327827327,0.8035342785866775,6.635955531109072e-05,1727,829,event,event(active),10,1905,FOMC_easing,VFH,5,0.9374566583511238
2,kalshi_leads_etf,-0.08984132637061246,-2.687990181954486,0.007188351018127047,0.0032274402054042195,1618,777,event,event(active),10,1905,FOMC_easing,VFH,5,0.1330775201891682
3,kalshi_leads_etf,0.03655604533939293,0.9085544249656666,0.3635853728720507,0.0005289704463510292,1514,737,event,event(active),10,1905,FOMC_easing,VFH,5,0.622039303655258
4,kalshi_leads_etf,0.01511959128871977,0.43476492790945725,0.6637330646102095,9.490624674124426e-05,1416,692,event,event(active),10,1905,FOMC_easing,VFH,5,0.8747701564667496
5,kalshi_leads_etf,-0.0537031000182061,-2.2101512281105817,0.027094668531692404,0.0011868898561512298,1327,647,event,event(active),10,1905,FOMC_easing,VFH,5,0.14224700979138513
6,kalshi_leads_etf,-0.08790065620468976,-2.3453137482087163,0.019011074312738314,0.0030762543806689413,1243,607,event,event(active),10,1905,FOMC_easing,VFH,5,0.1330775201891682
7,kalshi_leads_etf,0.050607038834974964,1.4586492915205092,0.14466165945781145,0.0010722921763216542,1164,566,event,event(active),10,1905,FOMC_easing,VFH,5,0.43398497837343436
8,kalshi_leads_etf,0.07115005599308906,2.3937599026568535,0.016676661439249504,0.0021948205324785475,1089,524,event,event(active),10,1905,FOMC_easing,VFH,5,0.1330775201891682
9,kalshi_leads_etf,0.01856442353236949,0.3481359023768321,0.7277381225827158,0.00014179819091386658,1016,492,event,event(active),10,1905,FOMC_easing,VFH,5,0.898970622013943
10,kalshi_leads_etf,4.5626966241660305e-05,0.001969186286635222,0.9984288176799766,9.00768237777072e-10,951,464,event,event(active),10,1905,FOMC_easing,VFH,5,0.9984288176799766
-10,etf_leads_kalshi,-0.020354297640679895,-0.22665678120110136,0.8206906360748067,6.858241047358327e-05,553,268,calendar,10min,10,1453,FOMC_easing,VGT,5,0.8939326079301496
-9,etf_leads_kalshi,-0.08439155589581392,-1.0004576333101796,0.31708909081116043,0.0013010439698031284,615,299,calendar,10min,10,1453,FOMC_easing,VGT,5,0.739874545226041
-8,etf_leads_kalshi,-0.029412182340887556,-0.4904590944868079,0.6238090687665272,0.00015513527358690382,688,333,calendar,10min,10,1453,FOMC_easing,VGT,5,0.873332696273138
-7,etf_leads_kalshi,-0.010321044353456375,-0.18737784956142187,0.8513643885049044,2.1265426462968584e-05,764,368,calendar,10min,10,1453,FOMC_easing,VGT,5,0.8939326079301496
-6,etf_leads_kalshi,-0.030057004379919476,-0.6499646496575708,0.5157150562410864,0.0002223113462604953,844,409,calendar,10min,10,1453,FOMC_easing,VGT,5,0.873332696273138
-5,etf_leads_kalshi,-0.13423914307010607,-2.3970609878558666,0.016527172599492285,0.0045023709293963154,928,449,calendar,10min,10,1453,FOMC_easing,VGT,5,0.347070624589338
-4,etf_leads_kalshi,0.04081458388924151,0.7756289812131796,0.43796808346401395,0.00046528091815223327,1017,513,calendar,10min,10,1453,FOMC_easing,VGT,5,0.873332696273138
-3,etf_leads_kalshi,0.018589462981149798,0.5802426738459644,0.5617509798075977,0.00011491384557216211,1117,566,calendar,10min,10,1453,FOMC_easing,VGT,5,0.873332696273138
-2,etf_leads_kalshi,-0.0008138462825471756,-0.016972943311485744,0.9864582007722411,2.3637941470866508e-07,1221,611,calendar,10min,10,1453,FOMC_easing,VGT,5,0.9864582007722411
-1,etf_leads_kalshi,0.03165671739743591,1.0562110470798036,0.2908718048130122,0.0003900980609944371,1331,655,calendar,10min,10,1453,FOMC_easing,VGT,5,0.739874545226041
0,contemp,-0.023851978254502335,-1.0996462188409293,0.27148629587811524,0.00025736306645374185,1449,713,calendar,10min,10,1453,FOMC_easing,VGT,5,0.739874545226041
1,kalshi_leads_etf,0.012224060358006272,0.29750553486999953,0.7660805829779898,6.633565633229477e-05,1331,656,calendar,10min,10,1453,FOMC_easing,VGT,5,0.8937606801409881
2,kalshi_leads_etf,-0.011947882200178025,-0.31496688589489713,0.7527867963914708,6.258782923862505e-05,1221,602,calendar,10min,10,1453,FOMC_easing,VGT,5,0.8937606801409881
3,kalshi_leads_etf,-0.017325624831427737,-0.43022316047965575,0.6670333159776369,0.00012407300745143068,1117,558,calendar,10min,10,1453,FOMC_easing,VGT,5,0.8754812272206485
4,kalshi_leads_etf,0.0168309989433672,0.5472173171556859,0.5842294403588726,0.0001016953837739143,1017,513,calendar,10min,10,1453,FOMC_easing,VGT,5,0.873332696273138
5,kalshi_leads_etf,0.01976659734019807,0.5147277926494194,0.6067432493303007,0.00013810894447086053,928,473,calendar,10min,10,1453,FOMC_easing,VGT,5,0.873332696273138
6,kalshi_leads_etf,-0.07256364701145199,-1.4086819646844908,0.15892923017962768,0.0017737069123973104,844,430,calendar,10min,10,1453,FOMC_easing,VGT,5,0.739874545226041
7,kalshi_leads_etf,0.06985946259886822,1.5317966834833607,0.12557261474560097,0.001450969172808958,764,389,calendar,10min,10,1453,FOMC_easing,VGT,5,0.739874545226041
8,kalshi_leads_etf,-0.055593440327048736,-1.1312430821780333,0.25795279341921096,0.0009714517640727616,688,350,calendar,10min,10,1453,FOMC_easing,VGT,5,0.739874545226041
9,kalshi_leads_etf,0.09292577798435794,1.6654391857995183,0.0958251670290338,0.0023022217068168205,615,305,calendar,10min,10,1453,FOMC_easing,VGT,5,0.739874545226041
10,kalshi_leads_etf,0.06388913747644273,1.0611794922803692,0.28860833740495373,0.0011915302582660159,553,280,calendar,10min,10,1453,FOMC_easing,VGT,5,0.739874545226041
-10,etf_leads_kalshi,-0.06959276545099977,-2.1958923939805413,0.028099646273074742,0.0010291166241037653,1001,520,event,event(active),10,1905,FOMC_easing,VGT,5,0.2950462858672848
-9,etf_leads_kalshi,0.028837304236552688,0.4552350622126638,0.6489401383928614,0.00017945503653493677,1066,558,event,event(active),10,1905,FOMC_easing,VGT,5,0.908719908002339
-8,etf_leads_kalshi,-0.010995309685567318,-0.2586425661657279,0.7959110373801994,2.619775106660338e-05,1140,590,event,event(active),10,1905,FOMC_easing,VGT,5,0.908719908002339
-7,etf_leads_kalshi,0.010720193270869626,0.24291559937913373,0.8080707809006724,2.7896358321233272e-05,1216,628,event,event(active),10,1905,FOMC_easing,VGT,5,0.908719908002339
-6,etf_leads_kalshi,-0.05731911175379973,-1.5173413074534923,0.12918053411911218,0.0009155537771347033,1296,668,event,event(active),10,1905,FOMC_easing,VGT,5,0.45213186941689265
-5,etf_leads_kalshi,-0.017287037257807232,-0.5099695938196139,0.6100727640363,9.487438453636976e-05,1380,711,event,event(active),10,1905,FOMC_easing,VGT,5,0.908719908002339
-4,etf_leads_kalshi,-0.005753129943133238,-0.22474821367521858,0.8221751548592592,1.1343320286294478e-05,1469,768,event,event(active),10,1905,FOMC_easing,VGT,5,0.908719908002339
-3,etf_leads_kalshi,0.025708042480203478,0.5575009265961307,0.5771852261738304,0.00024213646617554652,1569,816,event,event(active),10,1905,FOMC_easing,VGT,5,0.908719908002339
-2,etf_leads_kalshi,0.040192535175608515,1.7753438226338736,0.0758411337102317,0.0005981038610165523,1673,865,event,event(active),10,1905,FOMC_easing,VGT,5,0.45213186941689265
-1,etf_leads_kalshi,0.0022691229901541502,0.11893824019928825,0.905324285478299,2.107314407306937e-06,1784,919,event,event(active),10,1905,FOMC_easing,VGT,5,0.9428568823633326
0,contemp,-0.012872453570594978,-0.42528860232249693,0.6706263012450695,7.59514349720769e-05,1903,978,event,event(active),10,1905,FOMC_easing,VGT,5,0.908719908002339
1,kalshi_leads_etf,0.05113217796006295,1.6497488285802473,0.09899431876594678,0.001116918189875804,1784,922,event,event(active),10,1905,FOMC_easing,VGT,5,0.45213186941689265
2,kalshi_leads_etf,-0.03129210607387149,-1.2720146179401313,0.20336792551455452,0.00043148955067573436,1673,866,event,event(active),10,1905,FOMC_easing,VGT,5,0.6101037765436635
3,kalshi_leads_etf,0.007842656407698836,0.23200997012721533,0.8165302700305039,2.5554663378390963e-05,1569,816,event,event(active),10,1905,FOMC_easing,VGT,5,0.908719908002339
4,kalshi_leads_etf,0.04129488037480787,1.5198190165756629,0.128556468327306,0.0006288335399838862,1469,768,event,event(active),10,1905,FOMC_easing,VGT,5,0.45213186941689265
5,kalshi_leads_etf,0.015105627175369892,0.6631025840438183,0.5072648558106393,8.912270333716332e-05,1380,724,event,event(active),10,1905,FOMC_easing,VGT,5,0.908719908002339
6,kalshi_leads_etf,0.002280078659094037,0.07167961114900422,0.9428568823633326,1.9572374093668188e-06,1296,679,event,event(active),10,1905,FOMC_easing,VGT,5,0.9428568823633326
7,kalshi_leads_etf,-0.06492187403845895,-2.8915870369579877,0.003833014058420692,0.0015444115986833484,1216,634,event,event(active),10,1905,FOMC_easing,VGT,5,0.08049329522683453
8,kalshi_leads_etf,0.018186629759289703,0.38624844574811273,0.6993126777410126,0.0001324234195988483,1140,593,event,event(active),10,1905,FOMC_easing,VGT,5,0.908719908002339
9,kalshi_leads_etf,-0.02932608564646384,-0.7108540536600844,0.47717468054350465,0.00031158241918138874,1066,548,event,event(active),10,1905,FOMC_easing,VGT,5,0.908719908002339
10,kalshi_leads_etf,0.032767894453567405,1.0770648662101938,0.28145128771747485,0.00040410611906149807,1001,518,event,event(active),10,1905,FOMC_easing,VGT,5,0.7388096302583715
-10,etf_leads_kalshi,-0.05118941258768194,-0.5840499436309554,0.559186710863181,0.0004427458181900379,544,234,calendar,10min,10,1452,FOMC_easing,VIS,5,0.9174029458255449
-9,etf_leads_kalshi,-0.11078749257161619,-1.811995036126838,0.06998696350076718,0.002245470031018937,606,262,calendar,10min,10,1452,FOMC_easing,VIS,5,0.3830942259651159
-8,etf_leads_kalshi,0.01782327289810665,0.20329837945876358,0.8389018220859017,5.830449075683308e-05,679,298,calendar,10min,10,1452,FOMC_easing,VIS,5,0.9174029458255449
-7,etf_leads_kalshi,-0.03376822940098481,-0.5427648579584522,0.5872917119666796,0.00023033575437447773,754,334,calendar,10min,10,1452,FOMC_easing,VIS,5,0.9174029458255449
-6,etf_leads_kalshi,-0.0686985070764812,-1.0414987770104243,0.29764412050886613,0.0011593849375686194,834,369,calendar,10min,10,1452,FOMC_easing,VIS,5,0.8410811802267111
-5,etf_leads_kalshi,0.03851893455580031,0.8503621903397982,0.3951237503624567,0.000402627418422119,918,406,calendar,10min,10,1452,FOMC_easing,VIS,5,0.9174029458255449
-4,etf_leads_kalshi,0.00019475152219320052,0.0037160709604024096,0.997035011177861,1.066148080930418e-08,1007,449,calendar,10min,10,1452,FOMC_easing,VIS,5,0.997035011177861
-3,etf_leads_kalshi,-0.040166072397135634,-1.0162188460611932,0.3095251838501013,0.0005438735682260498,1107,497,calendar,10min,10,1452,FOMC_easing,VIS,5,0.8410811802267111
-2,etf_leads_kalshi,0.006637429895784739,0.15893879997574542,0.8737170912624237,1.5836547968550718e-05,1211,543,calendar,10min,10,1452,FOMC_easing,VIS,5,0.9174029458255449
-1,etf_leads_kalshi,0.05681163642708501,1.834386003544873,0.06659671577124329,0.0012599229574514759,1321,591,calendar,10min,10,1452,FOMC_easing,VIS,5,0.3830942259651159
0,contemp,-0.026244843840941043,-0.7748271370092615,0.4384418116426413,0.00031786270178491005,1439,651,calendar,10min,10,1452,FOMC_easing,VIS,5,0.9174029458255449
1,kalshi_leads_etf,-0.016937058053479757,-0.5836085504174869,0.5594837062083515,0.00012769995756423125,1321,601,calendar,10min,10,1452,FOMC_easing,VIS,5,0.9174029458255449
2,kalshi_leads_etf,0.04183312106725842,0.993611838983235,0.3204118781816042,0.0007414420241946829,1211,550,calendar,10min,10,1452,FOMC_easing,VIS,5,0.8410811802267111
3,kalshi_leads_etf,0.010426380753768385,0.3085303932158441,0.75767877702253,4.477675875935727e-05,1107,507,calendar,10min,10,1452,FOMC_easing,VIS,5,0.9174029458255449
4,kalshi_leads_etf,-0.009047747727736272,-0.26718855394035695,0.7893239885321657,2.989107875217556e-05,1007,459,calendar,10min,10,1452,FOMC_easing,VIS,5,0.9174029458255449
5,kalshi_leads_etf,-0.007942141930280916,-0.22582565999524598,0.8213370187563875,2.270322641706457e-05,918,418,calendar,10min,10,1452,FOMC_easing,VIS,5,0.9174029458255449
6,kalshi_leads_etf,-0.03813859220558784,-1.0622793605257832,0.28810888133756685,0.0004975603139258933,834,382,calendar,10min,10,1452,FOMC_easing,VIS,5,0.8410811802267111
7,kalshi_leads_etf,0.12140778015021544,1.793016231261704,0.07297032875526016,0.0043389343039262895,754,345,calendar,10min,10,1452,FOMC_easing,VIS,5,0.3830942259651159
8,kalshi_leads_etf,-0.012692468218162225,-0.22044616589016178,0.825523694418735,5.0262041826676374e-05,679,308,calendar,10min,10,1452,FOMC_easing,VIS,5,0.9174029458255449
9,kalshi_leads_etf,0.01926728628170661,0.3529067022354613,0.7241583860627665,0.00010174861985456918,606,274,calendar,10min,10,1452,FOMC_easing,VIS,5,0.9174029458255449
10,kalshi_leads_etf,-0.12176827886382484,-1.8296534848092891,0.06730177056166858,0.004270195216833361,544,253,calendar,10min,10,1452,FOMC_easing,VIS,5,0.3830942259651159
-10,etf_leads_kalshi,-0.08359691943746674,-2.2059086260616025,0.02739039813224834,0.0015126017816106119,981,474,event,event(active),10,1905,FOMC_easing,VIS,5,0.2875991803886076
-9,etf_leads_kalshi,0.03526492057727381,0.8807644349994532,0.3784453330506701,0.0002693874039474409,1046,506,event,event(active),10,1905,FOMC_easing,VIS,5,0.6622793328386727
-8,etf_leads_kalshi,-0.06414393867258861,-1.1043763069779073,0.26942993414694083,0.0008924374732078855,1120,539,event,event(active),10,1905,FOMC_easing,VIS,5,0.6622793328386727
-7,etf_leads_kalshi,-0.05086882325946391,-1.0545646797367063,0.29162446467756,0.0005874067539937133,1196,576,event,event(active),10,1905,FOMC_easing,VIS,5,0.6622793328386727
-6,etf_leads_kalshi,0.0538487163466166,1.1891123013123461,0.2343954783264368,0.0008109867777749136,1276,621,event,event(active),10,1905,FOMC_easing,VIS,5,0.6622793328386727
-5,etf_leads_kalshi,-0.04308517256860632,-1.4982324470453325,0.13407286822016096,0.0005679955018838001,1360,661,event,event(active),10,1905,FOMC_easing,VIS,5,0.46925503877056335
-4,etf_leads_kalshi,-0.005422047864054617,-0.2467237526050396,0.8051220228071687,1.0041796831616878e-05,1449,701,event,event(active),10,1905,FOMC_easing,VIS,5,0.9370166461523541
-3,etf_leads_kalshi,0.06642941530365921,1.9117923642234715,0.05590283156957992,0.0015263720194828023,1548,747,event,event(active),10,1905,FOMC_easing,VIS,5,0.3913198209870595
-2,etf_leads_kalshi,0.01951724677912753,0.6388346032675216,0.5229305348344435,0.0001440076372974941,1652,797,event,event(active),10,1905,FOMC_easing,VIS,5,0.8447339408864087
-1,etf_leads_kalshi,-0.014837121438024714,-0.5587269505153205,0.5763480833897189,8.998684068550755e-05,1762,839,event,event(active),10,1905,FOMC_easing,VIS,5,0.8645221250845784
0,contemp,0.0070648345028148825,0.3059605226286136,0.7596347036412646,2.2868263880648776e-05,1881,895,event,event(active),10,1905,FOMC_easing,VIS,5,0.9370166461523541
1,kalshi_leads_etf,0.004172551990956221,0.1192317237846135,0.9050917739663149,7.713837210987506e-06,1762,837,event,event(active),10,1905,FOMC_easing,VIS,5,0.9370166461523541
2,kalshi_leads_etf,-0.02914295295767046,-1.5768323073676707,0.1148341156915509,0.00037415618822778107,1652,785,event,event(active),10,1905,FOMC_easing,VIS,5,0.46925503877056335
3,kalshi_leads_etf,0.004803625621678487,0.09442420644487967,0.9247721877452192,9.528931253721673e-06,1548,735,event,event(active),10,1905,FOMC_easing,VIS,5,0.9370166461523541
4,kalshi_leads_etf,0.003958377866072799,0.1732051312243164,0.8624901904682398,5.914433464870861e-06,1449,692,event,event(active),10,1905,FOMC_easing,VIS,5,0.9370166461523541
5,kalshi_leads_etf,0.05501373844436183,1.6838863644535822,0.0922036320333934,0.0011336235129812966,1360,649,event,event(active),10,1905,FOMC_easing,VIS,5,0.46925503877056335
6,kalshi_leads_etf,-0.05371821858108088,-2.395679194505499,0.01658960295861428,0.001047277990864126,1276,603,event,event(active),10,1905,FOMC_easing,VIS,5,0.2875991803886076
7,kalshi_leads_etf,0.035415418502115326,0.8824693147998451,0.37752306643547096,0.00047209038407525217,1196,565,event,event(active),10,1905,FOMC_easing,VIS,5,0.6622793328386727
8,kalshi_leads_etf,0.004947886892030816,0.2121195559650754,0.8320137633852539,9.822651222179957e-06,1120,521,event,event(active),10,1905,FOMC_easing,VIS,5,0.9370166461523541
9,kalshi_leads_etf,-0.0024624083922828327,-0.07902008668888172,0.9370166461523541,2.2299699273808926e-06,1046,490,event,event(active),10,1905,FOMC_easing,VIS,5,0.9370166461523541
10,kalshi_leads_etf,0.036493751086664875,0.9028748367254764,0.36659232699388355,0.0004957881227647398,981,462,event,event(active),10,1905,FOMC_easing,VIS,5,0.6622793328386727
-10,etf_leads_kalshi,-0.1029441278273528,-1.1773167166015504,0.23906911716829238,0.0020995795393371486,529,271,calendar,10min,10,1456,FOMC_easing,VNQ,5,0.5578279400593489
-9,etf_leads_kalshi,-0.20330462049030007,-2.530573269977728,0.011387629798331845,0.008332533389841412,592,302,calendar,10min,10,1456,FOMC_easing,VNQ,5,0.11957011288248438
-8,etf_leads_kalshi,-0.029622345941364633,-0.5199792798017966,0.603078016839606,0.0001865706342829565,663,339,calendar,10min,10,1456,FOMC_easing,VNQ,5,0.9046170252594091
-7,etf_leads_kalshi,0.01911405944446816,0.331387922515353,0.7403514864516255,8.616070450906399e-05,738,378,calendar,10min,10,1456,FOMC_easing,VNQ,5,0.9912272652484917
-6,etf_leads_kalshi,-0.0408510989524524,-0.6035415089625091,0.5461485104544213,0.00048565063477645776,818,409,calendar,10min,10,1456,FOMC_easing,VNQ,5,0.8822399015032958
-5,etf_leads_kalshi,0.016368622690365573,0.21383700623959268,0.8306741655467917,8.574595856924994e-05,902,447,calendar,10min,10,1456,FOMC_easing,VNQ,5,0.9912272652484917
-4,etf_leads_kalshi,0.04613899710259824,0.9636074084058752,0.33524279117,0.0006835392164505905,990,484,calendar,10min,10,1456,FOMC_easing,VNQ,5,0.7040098614570001
-3,etf_leads_kalshi,0.0003656588756227601,0.010995214026874815,0.9912272652484917,5.1772743536737664e-08,1089,525,calendar,10min,10,1456,FOMC_easing,VNQ,5,0.9912272652484917
-2,etf_leads_kalshi,0.00397052516064903,0.09192839982642757,0.926754927195579,6.209350536190428e-06,1192,564,calendar,10min,10,1456,FOMC_easing,VNQ,5,0.9912272652484917
-1,etf_leads_kalshi,0.05171748641663052,1.6378873598773052,0.10144519322944745,0.0011179833423311525,1301,612,calendar,10min,10,1456,FOMC_easing,VNQ,5,0.3550581763030661
0,contemp,0.007947893226146249,0.15675892578842307,0.8754348450251717,2.890846748504483e-05,1419,674,calendar,10min,10,1456,FOMC_easing,VNQ,5,0.9912272652484917
1,kalshi_leads_etf,-0.002196094584625015,-0.050938707076982365,0.9593743617438137,2.1148138897864044e-06,1301,620,calendar,10min,10,1456,FOMC_easing,VNQ,5,0.9912272652484917
2,kalshi_leads_etf,-0.03863335659076582,-1.3039992740512505,0.19223382989010895,0.0006198574748049746,1192,575,calendar,10min,10,1456,FOMC_easing,VNQ,5,0.5046138034615361
3,kalshi_leads_etf,-0.018380822466457968,-0.6475628924046608,0.5172677043817835,0.00013774898204332864,1089,523,calendar,10min,10,1456,FOMC_easing,VNQ,5,0.8822399015032958
4,kalshi_leads_etf,0.10171153444981623,2.95645431014757,0.0031119833446924395,0.0043294858307842965,990,476,calendar,10min,10,1456,FOMC_easing,VNQ,5,0.06535165023854124
5,kalshi_leads_etf,-0.024583483939790016,-0.6839580293164644,0.49400166901900666,0.00025648498939667697,902,427,calendar,10min,10,1456,FOMC_easing,VNQ,5,0.8822399015032958
6,kalshi_leads_etf,-0.006504801188766637,-0.22061525259356563,0.8253920238159154,1.7370926307269663e-05,818,383,calendar,10min,10,1456,FOMC_easing,VNQ,5,0.9912272652484917
7,kalshi_leads_etf,0.09006193756649523,2.3457001349477853,0.01899137968191747,0.0028775352408566546,738,345,calendar,10min,10,1456,FOMC_easing,VNQ,5,0.1329396577734223
8,kalshi_leads_etf,-0.07428259425914688,-1.9448053821018676,0.05179840611435933,0.0020351388255630543,663,307,calendar,10min,10,1456,FOMC_easing,VNQ,5,0.2719416321003865
9,kalshi_leads_etf,-0.07822799276248987,-1.7555125878004452,0.0791716694372031,0.001975103739582873,592,272,calendar,10min,10,1456,FOMC_easing,VNQ,5,0.332521011636253
10,kalshi_leads_etf,0.07357398331521146,1.3937593004471434,0.1633903022104647,0.0018657524477369014,529,246,calendar,10min,10,1456,FOMC_easing,VNQ,5,0.49017090663139407
-10,etf_leads_kalshi,-0.01323402772006668,-0.2428244711782153,0.8081413775749189,3.746662785841792e-05,946,489,event,event(active),10,1905,FOMC_easing,VNQ,5,0.9011468283971108
-9,etf_leads_kalshi,-0.05512670477111872,-1.705155862318555,0.08816535937486598,0.0006445068773454077,1011,515,event,event(active),10,1905,FOMC_easing,VNQ,5,0.46286813671804644
-8,etf_leads_kalshi,-0.011958904481545088,-0.22708329433120927,0.8203589739397268,3.090592999666075e-05,1082,550,event,event(active),10,1905,FOMC_easing,VNQ,5,0.9011468283971108
-7,etf_leads_kalshi,0.06319891131174131,0.8387152297129367,0.40162912996507627,0.0008587875541659074,1158,588,event,event(active),10,1905,FOMC_easing,VNQ,5,0.81849880758821
-6,etf_leads_kalshi,-0.019821039728664065,-0.4952628616427956,0.6204145826599663,0.00010498995987962001,1238,624,event,event(active),10,1905,FOMC_easing,VNQ,5,0.8365263105456822
-5,etf_leads_kalshi,-0.014984509310266994,-0.47140243217245664,0.6373533794633769,7.060073865738925e-05,1322,662,event,event(active),10,1905,FOMC_easing,VNQ,5,0.8365263105456822
-4,etf_leads_kalshi,0.08455354677545146,2.8687849545862494,0.004120518452677035,0.0023030948352349423,1411,699,event,event(active),10,1905,FOMC_easing,VNQ,5,0.04326544375310887
-3,etf_leads_kalshi,0.02772455670865507,0.9457138385402488,0.3442945622216669,0.00028044446270203416,1511,734,event,event(active),10,1905,FOMC_easing,VNQ,5,0.81849880758821
-2,etf_leads_kalshi,0.004883978456053224,0.17862129212646313,0.858235074663915,9.047052715538406e-06,1615,783,event,event(active),10,1905,FOMC_easing,VNQ,5,0.9011468283971108
-1,etf_leads_kalshi,-0.020827163214377917,-0.5117308171446371,0.6088394150478325,0.00017577632074772254,1726,837,event,event(active),10,1905,FOMC_easing,VNQ,5,0.8365263105456822
0,contemp,0.02806244091641384,0.748902368633699,0.4539160525843633,0.0003535114673700601,1845,896,event,event(active),10,1905,FOMC_easing,VNQ,5,0.81849880758821
1,kalshi_leads_etf,0.0007170242501664709,0.044207573444132245,0.964738945221618,2.2906895680296913e-07,1726,830,event,event(active),10,1905,FOMC_easing,VNQ,5,0.964738945221618
2,kalshi_leads_etf,-0.027457607193281205,-0.7262041890065777,0.46771360433611997,0.00033013220743971505,1615,781,event,event(active),10,1905,FOMC_easing,VNQ,5,0.81849880758821
3,kalshi_leads_etf,0.02075163615579889,0.7414808408133631,0.458401944331875,0.0001773833728223595,1511,734,event,event(active),10,1905,FOMC_easing,VNQ,5,0.81849880758821
4,kalshi_leads_etf,0.01809246833252308,0.7681873147272278,0.4423759087444754,0.00012470513401208194,1411,684,event,event(active),10,1905,FOMC_easing,VNQ,5,0.81849880758821
5,kalshi_leads_etf,0.015985504756420448,0.7520526924595238,0.45201937170261863,9.710179050759216e-05,1322,639,event,event(active),10,1905,FOMC_easing,VNQ,5,0.81849880758821
6,kalshi_leads_etf,-0.026796355048268435,-0.6510894557217085,0.5149887426928939,0.0002651590514365365,1238,588,event,event(active),10,1905,FOMC_easing,VNQ,5,0.831904892042367
7,kalshi_leads_etf,0.087429071920547,2.223654256345862,0.026171715122276323,0.002728549065033614,1158,549,event,event(active),10,1905,FOMC_easing,VNQ,5,0.18320200585593427
8,kalshi_leads_etf,-0.036444528450754014,-0.9661806805744345,0.3339537783415353,0.0005160958554264461,1082,502,event,event(active),10,1905,FOMC_easing,VNQ,5,0.81849880758821
9,kalshi_leads_etf,-0.020952646442882594,-0.3925790518526066,0.6946304140880527,0.00016204995667301603,1011,466,event,event(active),10,1905,FOMC_easing,VNQ,5,0.8580728644617122
10,kalshi_leads_etf,0.09204190566439802,3.2917834494246567,0.0009955423703066964,0.0030016755354000946,946,439,event,event(active),10,1905,FOMC_easing,VNQ,5,0.020906389776440625
-10,etf_leads_kalshi,-0.00498447777979261,-0.061053853605400214,0.9513163200367468,4.087439857469732e-06,532,269,calendar,10min,10,1452,FOMC_easing,VOX,5,0.9513163200367468
-9,etf_leads_kalshi,0.07319320437138778,0.7304311116043275,0.46512670702571035,0.0009661523788647708,592,293,calendar,10min,10,1452,FOMC_easing,VOX,5,0.7311634261087947
-8,etf_leads_kalshi,0.023431883073501174,0.2582437252360241,0.7962188141898705,9.759863744407404e-05,665,329,calendar,10min,10,1452,FOMC_easing,VOX,5,0.8934382898820538
-7,etf_leads_kalshi,-0.058587091471096316,-0.8126056374174659,0.41644419837067204,0.0006852615445721577,740,365,calendar,10min,10,1452,FOMC_easing,VOX,5,0.7311634261087947
-6,etf_leads_kalshi,-0.027761933220754573,-0.42247460497206724,0.672678632997296,0.0001907086700247973,818,403,calendar,10min,10,1452,FOMC_easing,VOX,5,0.8828907058089511
-5,etf_leads_kalshi,-0.04417335532421188,-1.0311648732566863,0.3024635100407851,0.0005206921094792483,900,435,calendar,10min,10,1452,FOMC_easing,VOX,5,0.7311634261087947
-4,etf_leads_kalshi,-0.008846740458158434,-0.15423212591900592,0.8774267124175208,2.1961307973494826e-05,988,490,calendar,10min,10,1452,FOMC_easing,VOX,5,0.9212980480383969
-3,etf_leads_kalshi,-0.02691864197159394,-0.8073630522706383,0.4194573472141576,0.00024255606946166353,1088,540,calendar,10min,10,1452,FOMC_easing,VOX,5,0.7311634261087947
-2,etf_leads_kalshi,0.045526463819967784,1.1031664429891097,0.26995489109885407,0.0007283802269608675,1191,590,calendar,10min,10,1452,FOMC_easing,VOX,5,0.7311634261087947
-1,etf_leads_kalshi,0.026366363815062997,0.7808665986077068,0.4348809589347582,0.0002701297122547075,1301,640,calendar,10min,10,1452,FOMC_easing,VOX,5,0.7311634261087947
0,contemp,-0.04711585592389999,-1.7094421649683293,0.08736907614470892,0.0009868904787782018,1419,704,calendar,10min,10,1452,FOMC_easing,VOX,5,0.7311634261087947
1,kalshi_leads_etf,-0.02689297013250478,-0.6953030704006563,0.4868653904838145,0.00032317476060905737,1301,651,calendar,10min,10,1452,FOMC_easing,VOX,5,0.7311634261087947
2,kalshi_leads_etf,-0.007980370608663453,-0.24255656962995867,0.8083489289409058,2.7957596675731722e-05,1191,593,calendar,10min,10,1452,FOMC_easing,VOX,5,0.8934382898820538
3,kalshi_leads_etf,0.03032043148284295,0.6943826297790435,0.48744228407252976,0.00038534471696805017,1088,546,calendar,10min,10,1452,FOMC_easing,VOX,5,0.7311634261087947
4,kalshi_leads_etf,-0.011775645499036298,-0.25465469315910017,0.7989898123369034,5.051568105007842e-05,988,495,calendar,10min,10,1452,FOMC_easing,VOX,5,0.8934382898820538
5,kalshi_leads_etf,-0.05834644843607136,-1.3955549377800767,0.16284856023264382,0.0012199275466884263,900,443,calendar,10min,10,1452,FOMC_easing,VOX,5,0.7311634261087947
6,kalshi_leads_etf,-0.05386471977938148,-0.8380094127360262,0.40202541705167194,0.0009849140769995213,818,403,calendar,10min,10,1452,FOMC_easing,VOX,5,0.7311634261087947
7,kalshi_leads_etf,0.11334835935819532,1.6203339386348565,0.10516056223351229,0.003803566566706995,740,370,calendar,10min,10,1452,FOMC_easing,VOX,5,0.7311634261087947
8,kalshi_leads_etf,-0.0829142183138171,-1.8178439833295925,0.06908798199480914,0.0021568045057758223,665,334,calendar,10min,10,1452,FOMC_easing,VOX,5,0.7311634261087947
9,kalshi_leads_etf,0.039891127235821056,0.5111727476820648,0.6092300996593906,0.00043304573383196043,592,296,calendar,10min,10,1452,FOMC_easing,VOX,5,0.8529221395231468
10,kalshi_leads_etf,-0.05315335401986755,-1.1399135919500794,0.25432230183849347,0.0008314712587462747,532,278,calendar,10min,10,1452,FOMC_easing,VOX,5,0.7311634261087947
-10,etf_leads_kalshi,-0.045864710874742504,-1.1472348194821431,0.2512845844867032,0.00044978565324127473,971,489,event,event(active),10,1905,FOMC_easing,VOX,5,0.8794960457034613
-9,etf_leads_kalshi,-0.08481559794467297,-1.791664247054945,0.07318676491386858,0.0015298584011325111,1036,525,event,event(active),10,1905,FOMC_easing,VOX,5,0.7684610315956202
-8,etf_leads_kalshi,-0.013023194747511246,-0.27023028010866873,0.7869830987940103,3.687721534528787e-05,1109,558,event,event(active),10,1905,FOMC_easing,VOX,5,0.9915934381985112
-7,etf_leads_kalshi,-0.001401738379692156,-0.030409497031389558,0.9757404708239183,4.783735446656223e-07,1185,588,event,event(active),10,1905,FOMC_easing,VOX,5,0.9915934381985112
-6,etf_leads_kalshi,0.07050882434904092,1.4166559416814635,0.15658354425645848,0.0013917683265284309,1265,625,event,event(active),10,1905,FOMC_easing,VOX,5,0.8794960457034613
-5,etf_leads_kalshi,-0.014406597638851224,-0.3859091901487739,0.699563924113164,6.630615092750869e-05,1348,671,event,event(active),10,1905,FOMC_easing,VOX,5,0.9915934381985112
-4,etf_leads_kalshi,-0.031015562462770492,-0.8932858235629827,0.3717041277844536,0.0003312728351594352,1436,720,event,event(active),10,1905,FOMC_easing,VOX,5,0.9342553730087647
-3,etf_leads_kalshi,0.002057936178942116,0.053614672571995425,0.9572421663044498,1.54956262599093e-06,1535,769,event,event(active),10,1905,FOMC_easing,VOX,5,0.9915934381985112
-2,etf_leads_kalshi,0.013954743137090917,0.35780791941960827,0.720487063594061,7.367666404256568e-05,1639,822,event,event(active),10,1905,FOMC_easing,VOX,5,0.9915934381985112
-1,etf_leads_kalshi,-0.028891036051056654,-1.1703824327952885,0.24184710195674808,0.00034317021944951787,1749,874,event,event(active),10,1905,FOMC_easing,VOX,5,0.8794960457034613
0,contemp,-0.016816889492313324,-0.8409157044351282,0.40039515986089913,0.00012840652734957825,1868,939,event,event(active),10,1905,FOMC_easing,VOX,5,0.9342553730087647
1,kalshi_leads_etf,0.015995585003630023,0.7560692647365153,0.4496076684320647,0.00011309580393203955,1749,882,event,event(active),10,1905,FOMC_easing,VOX,5,0.9441761037073358
2,kalshi_leads_etf,-0.0154594202865521,-0.5801975096483777,0.5617814328423925,0.00010472338012279536,1639,833,event,event(active),10,1905,FOMC_easing,VOX,5,0.9885210092060635
3,kalshi_leads_etf,-0.004435164952641318,-0.16446906540526668,0.8693618973403651,8.20475976870405e-06,1535,780,event,event(active),10,1905,FOMC_easing,VOX,5,0.9915934381985112
4,kalshi_leads_etf,0.049195478829512654,2.042301427804669,0.04112164056957428,0.0008967625438935922,1436,740,event,event(active),10,1905,FOMC_easing,VOX,5,0.7684610315956202
5,kalshi_leads_etf,0.0002714510011536389,0.010536257691891171,0.9915934381985112,2.8768067927842367e-08,1348,692,event,event(active),10,1905,FOMC_easing,VOX,5,0.9915934381985112
6,kalshi_leads_etf,-0.011864280233184976,-0.5073039362492305,0.6119415771275631,5.342420061937858e-05,1265,650,event,event(active),10,1905,FOMC_easing,VOX,5,0.9885210092060635
7,kalshi_leads_etf,-0.03953899615157264,-0.963537474994495,0.33527786713876595,0.0006010084357440659,1185,607,event,event(active),10,1905,FOMC_easing,VOX,5,0.9342553730087647
8,kalshi_leads_etf,0.035073820700472054,1.3199431181240318,0.18685401008413227,0.0004905235419861986,1109,571,event,event(active),10,1905,FOMC_easing,VOX,5,0.8794960457034613
9,kalshi_leads_etf,-0.025302736281645807,-0.5694747176092213,0.5690340234774867,0.00023288302097013158,1036,527,event,event(active),10,1905,FOMC_easing,VOX,5,0.9885210092060635
10,kalshi_leads_etf,0.005006451409617671,0.1592891870517914,0.8734410394744075,9.670383495974377e-06,971,501,event,event(active),10,1905,FOMC_easing,VOX,5,0.9915934381985112
-10,etf_leads_kalshi,-0.05455299720452049,-0.5935527948098379,0.5528112617312773,0.0004917978927527766,541,255,calendar,10min,10,1452,FOMC_easing,VPU,5,0.7716842172509638
-9,etf_leads_kalshi,-0.053719041851295175,-0.6766775004880111,0.498610594895155,0.0005237119719059269,603,288,calendar,10min,10,1452,FOMC_easing,VPU,5,0.7716842172509638
-8,etf_leads_kalshi,-0.10279095222087492,-0.9326762411549505,0.3509871555445456,0.0018819031820533905,676,329,calendar,10min,10,1452,FOMC_easing,VPU,5,0.6700663878577688
-7,etf_leads_kalshi,0.014697201356372211,0.2228484729966693,0.8236534404728534,4.323963872221448e-05,751,365,calendar,10min,10,1452,FOMC_easing,VPU,5,0.9609290138849956
-6,etf_leads_kalshi,-0.02689397432251808,-0.4992450763273112,0.6176067426358387,0.00017834927802917733,831,404,calendar,10min,10,1452,FOMC_easing,VPU,5,0.7716842172509638
-5,etf_leads_kalshi,0.0838734508987664,1.202711220236599,0.2290880904379643,0.0018790319596501126,915,448,calendar,10min,10,1452,FOMC_easing,VPU,5,0.6013562373996563
-4,etf_leads_kalshi,0.004334518618041946,0.0944963858290558,0.924714853290858,5.2850806753212964e-06,1004,488,calendar,10min,10,1452,FOMC_easing,VPU,5,0.984274922759925
-3,etf_leads_kalshi,-0.0634610251150579,-1.3687857885539125,0.17106624448164431,0.001349310317916519,1102,543,calendar,10min,10,1452,FOMC_easing,VPU,5,0.5987318556857552
-2,etf_leads_kalshi,0.03442581132438372,0.9892235335030101,0.3225537867297885,0.00041802611830776826,1206,601,calendar,10min,10,1452,FOMC_easing,VPU,5,0.6700663878577688
-1,etf_leads_kalshi,0.09692410391662068,2.5425065052957767,0.011006055242927429,0.003529600851703174,1316,657,calendar,10min,10,1452,FOMC_easing,VPU,5,0.08838826440200166
0,contemp,-0.02308888356598536,-0.6328433966417316,0.5268359143722565,0.0002432311310675006,1433,719,calendar,10min,10,1452,FOMC_easing,VPU,5,0.7716842172509638
1,kalshi_leads_etf,0.0018017352408805723,0.04833132971076782,0.961452186222975,1.4461451691705207e-06,1316,662,calendar,10min,10,1452,FOMC_easing,VPU,5,0.984274922759925
2,kalshi_leads_etf,-0.011378626283218195,-0.48920474958813837,0.6246967472983993,5.6987705944089306e-05,1206,601,calendar,10min,10,1452,FOMC_easing,VPU,5,0.7716842172509638
3,kalshi_leads_etf,0.07151702501059778,1.8304561604743395,0.0671817564765612,0.0019671776977667754,1102,551,calendar,10min,10,1452,FOMC_easing,VPU,5,0.28216337720155704
4,kalshi_leads_etf,0.03531703370072557,0.8605040228278605,0.38951126694529337,0.0004434023667783116,1004,503,calendar,10min,10,1452,FOMC_easing,VPU,5,0.6816447171542634
5,kalshi_leads_etf,-0.05056167341000815,-1.0809189086186552,0.27973318677760817,0.0008919970264891219,915,452,calendar,10min,10,1452,FOMC_easing,VPU,5,0.6527107691477524
6,kalshi_leads_etf,-0.07212300356749968,-2.0003877023647254,0.0454584152735319,0.0017563211954557678,831,412,calendar,10min,10,1452,FOMC_easing,VPU,5,0.2386566801860425
7,kalshi_leads_etf,0.2144302720733711,4.319259266340002,1.5655377684040528e-05,0.012200130132399623,751,365,calendar,10min,10,1452,FOMC_easing,VPU,5,0.0003287629313648511
8,kalshi_leads_etf,-0.14144856585944807,-2.494122526414206,0.012626894914571665,0.006163669847755293,676,323,calendar,10min,10,1452,FOMC_easing,VPU,5,0.08838826440200166
9,kalshi_leads_etf,0.0011769592711345892,0.01970973766031865,0.984274922759925,3.8120770695648787e-07,603,292,calendar,10min,10,1452,FOMC_easing,VPU,5,0.984274922759925
10,kalshi_leads_etf,-0.083075865736717,-1.2034032813157274,0.22882029872221266,0.0020472602600590806,541,268,calendar,10min,10,1452,FOMC_easing,VPU,5,0.6013562373996563
-10,etf_leads_kalshi,0.03775478959391088,0.705064318411617,0.4807702105569386,0.0003025681770781885,974,488,event,event(active),10,1905,FOMC_easing,VPU,5,0.8192404946582077
-9,etf_leads_kalshi,-0.017145774775314114,-0.33051697981986955,0.7410093648042444,6.208927209838677e-05,1038,527,event,event(active),10,1905,FOMC_easing,VPU,5,0.8717006267886181
-8,etf_leads_kalshi,-0.04881025033897562,-1.0989898465245107,0.27177249470439624,0.0005087322163817021,1112,561,event,event(active),10,1905,FOMC_easing,VPU,5,0.7134027985990402
-7,etf_leads_kalshi,0.01396996506244715,0.2144565161856148,0.8301910731320172,4.70985705738336e-05,1188,595,event,event(active),10,1905,FOMC_easing,VPU,5,0.8717006267886181
-6,etf_leads_kalshi,0.061957933897566764,2.605365345975555,0.009177634001396519,0.001070358649794212,1267,628,event,event(active),10,1905,FOMC_easing,VPU,5,0.12295720167841184
-5,etf_leads_kalshi,0.043054273811096666,1.4842076154777852,0.13775385008469532,0.0005867146058403661,1351,672,event,event(active),10,1905,FOMC_easing,VPU,5,0.7134027985990402
-4,etf_leads_kalshi,0.039482396968550125,1.2559766270331818,0.20912444436288846,0.0005311836682022619,1440,721,event,event(active),10,1905,FOMC_easing,VPU,5,0.7134027985990402
-3,etf_leads_kalshi,0.01729448910401969,0.6035237364601146,0.5461603297721385,0.00010825744562548145,1539,778,event,event(active),10,1905,FOMC_easing,VPU,5,0.8192404946582077
-2,etf_leads_kalshi,-0.008086121102488047,-0.3875350369757696,0.698360151630099,2.4733957386668948e-05,1643,828,event,event(active),10,1905,FOMC_easing,VPU,5,0.8717006267886181
-1,etf_leads_kalshi,-0.025202630278721928,-0.7438872685917747,0.45694467824823315,0.00025670050037629455,1753,875,event,event(active),10,1905,FOMC_easing,VPU,5,0.8192404946582077
0,contemp,-0.0039862012450294915,-0.16076963612941772,0.8722748409614774,7.30149156169535e-06,1872,940,event,event(active),10,1905,FOMC_easing,VPU,5,0.8722748409614774
1,kalshi_leads_etf,-0.0057742142722780904,-0.28448264951538305,0.7760405286808733,1.4825668185336482e-05,1753,879,event,event(active),10,1905,FOMC_easing,VPU,5,0.8717006267886181
2,kalshi_leads_etf,0.024751626249035142,1.206731968756603,0.22753538325738865,0.000265372589891566,1643,818,event,event(active),10,1905,FOMC_easing,VPU,5,0.7134027985990402
3,kalshi_leads_etf,0.009872901715081296,0.2623252925513417,0.7930706639716895,4.032168468137698e-05,1539,763,event,event(active),10,1905,FOMC_easing,VPU,5,0.8717006267886181
4,kalshi_leads_etf,0.06361062517779584,2.52075878126684,0.01171020968365827,0.0015187475686441188,1440,714,event,event(active),10,1905,FOMC_easing,VPU,5,0.12295720167841184
5,kalshi_leads_etf,-0.03511354395099669,-1.1103072763002968,0.2668666386924218,0.00048124282595951584,1351,664,event,event(active),10,1905,FOMC_easing,VPU,5,0.7134027985990402
6,kalshi_leads_etf,0.02483508843761141,0.8100219958489453,0.4179275340101214,0.00023535461308632488,1267,621,event,event(active),10,1905,FOMC_easing,VPU,5,0.8192404946582077
7,kalshi_leads_etf,0.03804719255099046,0.6217286814684088,0.5341202887635059,0.0005509196148544282,1188,579,event,event(active),10,1905,FOMC_easing,VPU,5,0.8192404946582077
8,kalshi_leads_etf,-0.06207208582030629,-2.3156916179931755,0.02057511239721157,0.0014735350739670805,1112,532,event,event(active),10,1905,FOMC_easing,VPU,5,0.144025786780481
9,kalshi_leads_etf,0.031415957349004285,0.9268012033794096,0.35402976005781794,0.00036167450959601055,1038,493,event,event(active),10,1905,FOMC_easing,VPU,5,0.8192404946582077
10,kalshi_leads_etf,0.015282062726588238,0.401450486195035,0.6880884855076894,9.128991354934168e-05,974,465,event,event(active),10,1905,FOMC_easing,VPU,5,0.8717006267886181
0,contemp,-0.18824863779575618,-1.2283512176072156,0.2193151519817611,0.01415589689912844,30,15,event,event(active),4,30,GAS_above,VAW,4,0.2193151519817611
0,contemp,-0.510457885467311,-1.5575254530246205,0.11934578229389492,0.06123210479699226,30,22,event,event(active),4,30,GAS_above,VCR,4,0.11934578229389492
0,contemp,-0.645477883987299,-1.3057196223298047,0.19164792253436425,0.08666218942962678,30,20,event,event(active),4,30,GAS_above,VDC,4,0.19164792253436425
0,contemp,-0.17369691161926124,-0.9015386071277218,0.36730201634660276,0.013006032925548805,30,13,event,event(active),4,30,GAS_above,VDE,4,0.36730201634660276
0,contemp,0.011686167013856554,0.042562356140822544,0.9660504037285735,6.062137325746342e-05,30,16,calendar,10min,4,30,GAS_above,VFH,4,0.9660504037285735
0,contemp,-0.9854532395834308,-1.847357415826959,0.06469535666519442,0.15136374508428174,30,16,event,event(active),4,30,GAS_above,VFH,4,0.06469535666519442
0,contemp,-0.16519699467697718,-0.5623218442837943,0.5738967578399616,0.01099144805666774,30,17,calendar,10min,4,30,GAS_above,VGT,4,0.5738967578399616
0,contemp,-1.5392470231975062,-3.004373218419099,0.0026612864728468673,0.21758259253198808,30,18,event,event(active),4,30,GAS_above,VGT,4,0.0026612864728468673
0,contemp,0.22358325987373762,0.9898792625296754,0.3222331366941228,0.023010989466488163,30,17,calendar,10min,4,30,GAS_above,VHT,4,0.3222331366941228
0,contemp,-0.5601993516069371,-1.5015229487963173,0.13322035561361478,0.08987581469394046,30,13,event,event(active),4,30,GAS_above,VHT,4,0.13322035561361478
0,contemp,0.10261910326413681,0.5809808903243201,0.561253332940018,0.004793485295573663,30,15,calendar,10min,4,30,GAS_above,VIS,4,0.561253332940018
0,contemp,-0.3263251253160772,-1.5807513330340102,0.1139349061015235,0.032808747633233715,30,20,event,event(active),4,30,GAS_above,VIS,4,0.1139349061015235
0,contemp,-0.04227111678125645,-0.25651503255621044,0.79755317436204,0.0007824625435067789,30,15,event,event(active),4,30,GAS_above,VNQ,4,0.79755317436204
0,contemp,-0.17136881236877646,-0.5613235163563958,0.5745770130684638,0.012320689264990414,30,13,calendar,10min,4,30,GAS_above,VOX,4,0.5745770130684638
0,contemp,-1.8378113721745706,-3.311693161697275,0.0009273319595942618,0.2516607686116463,30,18,event,event(active),4,30,GAS_above,VOX,4,0.0009273319595942618
0,contemp,-0.35432230122534963,-2.030780570252681,0.04227725887091653,0.039369343478640295,30,18,calendar,10min,4,30,GAS_above,VPU,4,0.04227725887091653
0,contemp,-0.2898094599363724,-1.5563239874810615,0.11963107018585728,0.027477250415229415,30,20,event,event(active),4,30,GAS_above,VPU,4,0.11963107018585728
