contract_ticker,etf,direction,horizon_sec,n_events,coef,t_stat,p_value,r_squared,r2_daily_screen,contract_title
KXECKH276,VFH,kalshi_leads_etf,5,43,0.00011243526017629514,0.2946467581619342,0.7697505206801867,0.002113006532087458,0.8816564277734555,"Will Harris win 276-262 - PA, NV, MI, WI?"
KXECKH276,VFH,etf_leads_kalshi,5,43,-52.273328262227885,-0.955320946314674,0.3450144979149833,0.02177477132463368,0.8816564277734555,"Will Harris win 276-262 - PA, NV, MI, WI?"
KXECKH276,VFH,kalshi_leads_etf,10,43,0.0006290317756925203,0.6818660948620496,0.49915765286920866,0.011212879023723366,0.8816564277734555,"Will Harris win 276-262 - PA, NV, MI, WI?"
KXECKH276,VFH,etf_leads_kalshi,10,43,-0.2975522400554773,-0.0073656814455480436,0.9941588131830154,1.323248569717883e-06,0.8816564277734555,"Will Harris win 276-262 - PA, NV, MI, WI?"
KXECKH276,VFH,kalshi_leads_etf,30,43,0.0007394457229789624,0.45661091422985983,0.6503606316592967,0.005059479470106321,0.8816564277734555,"Will Harris win 276-262 - PA, NV, MI, WI?"
KXECKH276,VFH,etf_leads_kalshi,30,43,-24.12785760317712,-1.3911769923873578,0.1716754258479953,0.045076431618024104,0.8816564277734555,"Will Harris win 276-262 - PA, NV, MI, WI?"
KXECKH276,VFH,kalshi_leads_etf,60,43,0.0005457709065346171,0.2096104487092367,0.8350098132986709,0.0010704757855046765,0.8816564277734555,"Will Harris win 276-262 - PA, NV, MI, WI?"
KXECKH276,VFH,etf_leads_kalshi,60,43,-16.53740922650877,-1.3794330144535267,0.1752392348322336,0.044352207069506155,0.8816564277734555,"Will Harris win 276-262 - PA, NV, MI, WI?"
KXECKH276,VFH,kalshi_leads_etf,120,43,0.00024181856547292975,0.07754826387686077,0.9385646179231553,0.00014665490943421844,0.8816564277734555,"Will Harris win 276-262 - PA, NV, MI, WI?"
KXECKH276,VFH,etf_leads_kalshi,120,43,-10.012009769720844,-1.2732032229239392,0.21011774826636193,0.03803394289919371,0.8816564277734555,"Will Harris win 276-262 - PA, NV, MI, WI?"
KXECKH276,VFH,kalshi_leads_etf,300,42,0.0006519787440404539,0.14905267525867769,0.8822610246518219,0.0005551091826898613,0.8816564277734555,"Will Harris win 276-262 - PA, NV, MI, WI?"
KXECKH276,VFH,etf_leads_kalshi,300,43,-3.280479882042544,-0.6085294682281894,0.546193196835367,0.008951060086000107,0.8816564277734555,"Will Harris win 276-262 - PA, NV, MI, WI?"
KXECDJT316,VFH,kalshi_leads_etf,5,59,0.0004348890068987525,1.0767416158180774,0.2861319106493755,0.0199344053633026,0.7907331233858175,"Will Trump win 316-222 - AZ, GA, MI, MN, NC, PA, WI?"
KXECDJT316,VFH,etf_leads_kalshi,5,59,21.388626932548767,0.4439127166067754,0.6587863715535642,0.00344525584240174,0.7907331233858175,"Will Trump win 316-222 - AZ, GA, MI, MN, NC, PA, WI?"
KXECDJT316,VFH,kalshi_leads_etf,10,59,-5.681493391502164e-05,-0.0993099449015688,0.921240630615075,0.00017299577178242487,0.7907331233858175,"Will Trump win 316-222 - AZ, GA, MI, MN, NC, PA, WI?"
KXECDJT316,VFH,etf_leads_kalshi,10,59,10.685754745262,0.3536968415061582,0.7248710291471552,0.0021899559476225017,0.7907331233858175,"Will Trump win 316-222 - AZ, GA, MI, MN, NC, PA, WI?"
KXECDJT316,VFH,kalshi_leads_etf,30,59,-0.0003015870817160334,-0.32665547170208964,0.7451249485345179,0.0018684986192140096,0.7907331233858175,"Will Trump win 316-222 - AZ, GA, MI, MN, NC, PA, WI?"
KXECDJT316,VFH,etf_leads_kalshi,30,59,-3.812628367495371,-0.22410019987300195,0.8234806711420242,0.000880292815544248,0.7907331233858175,"Will Trump win 316-222 - AZ, GA, MI, MN, NC, PA, WI?"
KXECDJT316,VFH,kalshi_leads_etf,60,59,0.0003092806373987889,0.20278583885386287,0.840024552406079,0.0007209201875469917,0.7907331233858175,"Will Trump win 316-222 - AZ, GA, MI, MN, NC, PA, WI?"
KXECDJT316,VFH,etf_leads_kalshi,60,59,5.5794758044781885,0.4514369396623141,0.6533876454030833,0.003562618693139452,0.7907331233858175,"Will Trump win 316-222 - AZ, GA, MI, MN, NC, PA, WI?"
KXECDJT316,VFH,kalshi_leads_etf,120,58,-0.0008834164635730453,-0.5041095004569571,0.6161620934900072,0.004517471068631429,0.7907331233858175,"Will Trump win 316-222 - AZ, GA, MI, MN, NC, PA, WI?"
KXECDJT316,VFH,etf_leads_kalshi,120,59,3.017540089228998,0.37119189348689374,0.7118707419479331,0.0024114239919540426,0.7907331233858175,"Will Trump win 316-222 - AZ, GA, MI, MN, NC, PA, WI?"
KXECDJT316,VFH,kalshi_leads_etf,300,58,0.002524328637078483,0.7291294604020823,0.4689610999689048,0.009404111860721542,0.7907331233858175,"Will Trump win 316-222 - AZ, GA, MI, MN, NC, PA, WI?"
KXECDJT316,VFH,etf_leads_kalshi,300,59,5.292086782987263,0.8317602085111026,0.40901538042723207,0.011991734425618295,0.7907331233858175,"Will Trump win 316-222 - AZ, GA, MI, MN, NC, PA, WI?"
KXECKH276,VIS,kalshi_leads_etf,5,43,0.0005247702218531071,2.0002616805896194,0.052124989278071854,0.08891008267945588,0.7648119234989674,"Will Harris win 276-262 - PA, NV, MI, WI?"
KXECKH276,VIS,etf_leads_kalshi,5,43,18.804459292134148,0.2590592558959198,0.7968858030029679,0.0016341957174580424,0.7648119234989674,"Will Harris win 276-262 - PA, NV, MI, WI?"
KXECKH276,VIS,kalshi_leads_etf,10,43,0.0006199155093561149,1.130881357565442,0.2646769416157183,0.030248962659235157,0.7648119234989674,"Will Harris win 276-262 - PA, NV, MI, WI?"
KXECKH276,VIS,etf_leads_kalshi,10,43,-9.63368818104415,-0.15685191490416797,0.8761314147945607,0.0005997016837684388,0.7648119234989674,"Will Harris win 276-262 - PA, NV, MI, WI?"
KXECKH276,VIS,kalshi_leads_etf,30,43,0.0010250634252844792,0.906159868614241,0.3701460489836693,0.019634232546255292,0.7648119234989674,"Will Harris win 276-262 - PA, NV, MI, WI?"
KXECKH276,VIS,etf_leads_kalshi,30,43,-41.78779519545119,-1.5478104851626013,0.12935305492782348,0.05520630714613939,0.7648119234989674,"Will Harris win 276-262 - PA, NV, MI, WI?"
KXECKH276,VIS,kalshi_leads_etf,60,43,0.00022860270872944455,0.15178407032439498,0.8801016777267745,0.0005615967246832554,0.7648119234989674,"Will Harris win 276-262 - PA, NV, MI, WI?"
KXECKH276,VIS,etf_leads_kalshi,60,43,-21.979432393700524,-1.3425281450219253,0.1868112380313958,0.04210938138322029,0.7648119234989674,"Will Harris win 276-262 - PA, NV, MI, WI?"
KXECKH276,VIS,kalshi_leads_etf,120,43,-8.964175548757105e-05,-0.042860544736657694,0.9660207584650564,4.480351194857679e-05,0.7648119234989674,"Will Harris win 276-262 - PA, NV, MI, WI?"
KXECKH276,VIS,etf_leads_kalshi,120,43,-13.460732865811302,-1.3580244349883286,0.1818827538871659,0.043045010968100095,0.7648119234989674,"Will Harris win 276-262 - PA, NV, MI, WI?"
KXECKH276,VIS,kalshi_leads_etf,300,42,0.0016532553815111675,0.49359345062961474,0.6242927457713032,0.0060539883528095695,0.7648119234989674,"Will Harris win 276-262 - PA, NV, MI, WI?"
KXECKH276,VIS,etf_leads_kalshi,300,43,-4.443263172207293,-0.7775498127143434,0.44129818845099167,0.014531661113306393,0.7648119234989674,"Will Harris win 276-262 - PA, NV, MI, WI?"
538APPROVEMAX-24OCT31-T43,VOX,kalshi_leads_etf,5,10,-0.0007765794338555432,-1.1193451116301918,0.29547207038235135,0.1354093252462505,0.7008190645117267,"Will the President's approval rating ever get above 43% by Oct 31, 2024?"
538APPROVEMAX-24OCT31-T43,VOX,etf_leads_kalshi,5,10,59.695058692675545,0.438336172656224,0.6727381642081017,0.0234540221588575,0.7008190645117267,"Will the President's approval rating ever get above 43% by Oct 31, 2024?"
538APPROVEMAX-24OCT31-T43,VOX,kalshi_leads_etf,10,10,-0.00042201350987668487,-0.5293855132730512,0.6109088452679272,0.03384548229529871,0.7008190645117267,"Will the President's approval rating ever get above 43% by Oct 31, 2024?"
538APPROVEMAX-24OCT31-T43,VOX,etf_leads_kalshi,10,10,-5.728630143173689,-0.067138240629394,0.9481192602044264,0.0005631256302021104,0.7008190645117267,"Will the President's approval rating ever get above 43% by Oct 31, 2024?"
538APPROVEMAX-24OCT31-T43,VOX,kalshi_leads_etf,30,10,-0.0011039890641296826,-0.5384044157118053,0.6049503848617065,0.034967857051720785,0.7008190645117267,"Will the President's approval rating ever get above 43% by Oct 31, 2024?"
538APPROVEMAX-24OCT31-T43,VOX,etf_leads_kalshi,30,10,0.24547932197685612,0.003162949601042836,0.9975537855604537,1.2505297083409417e-06,0.7008190645117267,"Will the President's approval rating ever get above 43% by Oct 31, 2024?"
538APPROVEMAX-24OCT31-T43,VOX,kalshi_leads_etf,60,10,-0.003356061604697366,-1.091232389226609,0.3069423930797314,0.12956322252283226,0.7008190645117267,"Will the President's approval rating ever get above 43% by Oct 31, 2024?"
538APPROVEMAX-24OCT31-T43,VOX,etf_leads_kalshi,60,10,7.385977098415484,0.14714744228977306,0.8866564233970059,0.002699240602099917,0.7008190645117267,"Will the President's approval rating ever get above 43% by Oct 31, 2024?"
538APPROVEMAX-24OCT31-T43,VOX,kalshi_leads_etf,120,10,0.0001741179166671017,0.03741563518809497,0.9710704144440601,0.0001749606029967099,0.7008190645117267,"Will the President's approval rating ever get above 43% by Oct 31, 2024?"
538APPROVEMAX-24OCT31-T43,VOX,etf_leads_kalshi,120,10,14.69654690858507,0.47868118699055506,0.6449745702140535,0.027844440500547463,0.7008190645117267,"Will the President's approval rating ever get above 43% by Oct 31, 2024?"
538APPROVEMAX-24OCT31-T43,VOX,kalshi_leads_etf,300,10,-0.008280894857941633,-0.9167484235015299,0.3860763312377836,0.09506640438393144,0.7008190645117267,"Will the President's approval rating ever get above 43% by Oct 31, 2024?"
538APPROVEMAX-24OCT31-T43,VOX,etf_leads_kalshi,300,10,-3.3841610789112093,-0.2686562420219994,0.794992376304413,0.008941352963603544,0.7008190645117267,"Will the President's approval rating ever get above 43% by Oct 31, 2024?"
KXAAAGASM-24NOV30-US-3.30,VFH,kalshi_leads_etf,5,11,-0.0012668057005514326,-0.9640531222698501,0.3602061902057677,0.09360067780609704,0.6998980956066312,Will average **gas prices** be above $3.30?
KXAAAGASM-24NOV30-US-3.30,VFH,etf_leads_kalshi,5,11,-27.822515236925685,-0.3680185290239336,0.7213659937048196,0.014825522659795087,0.6998980956066312,Will average **gas prices** be above $3.30?
KXAAAGASM-24NOV30-US-3.30,VFH,kalshi_leads_etf,10,11,-0.002241137356858328,-1.0197235280185768,0.33448687642860114,0.10357102107767258,0.6998980956066312,Will average **gas prices** be above $3.30?
KXAAAGASM-24NOV30-US-3.30,VFH,etf_leads_kalshi,10,11,13.223556388497382,0.4342713667457759,0.6743165388484954,0.02052454040565499,0.6998980956066312,Will average **gas prices** be above $3.30?
KXAAAGASM-24NOV30-US-3.30,VFH,kalshi_leads_etf,30,11,-0.0002744679950736229,-0.07460211709022123,0.9421631528476123,0.000618004043083098,0.6998980956066312,Will average **gas prices** be above $3.30?
KXAAAGASM-24NOV30-US-3.30,VFH,etf_leads_kalshi,30,11,37.225869144360715,1.3180418538734138,0.22004856062950215,0.16179532600316426,0.6998980956066312,Will average **gas prices** be above $3.30?
KXAAAGASM-24NOV30-US-3.30,VFH,kalshi_leads_etf,60,11,-0.002016142822313918,-0.5096357896121928,0.6225676881854885,0.028049271010628485,0.6998980956066312,Will average **gas prices** be above $3.30?
KXAAAGASM-24NOV30-US-3.30,VFH,etf_leads_kalshi,60,11,14.096188001482579,0.8022556823515051,0.44307249104697977,0.06673993462005856,0.6998980956066312,Will average **gas prices** be above $3.30?
KXAAAGASM-24NOV30-US-3.30,VFH,kalshi_leads_etf,120,11,-0.0023681125558069854,-0.24163531652149864,0.8144783276439347,0.006445697468458134,0.6998980956066312,Will average **gas prices** be above $3.30?
KXAAAGASM-24NOV30-US-3.30,VFH,etf_leads_kalshi,120,11,34.29217292385837,1.6585234847678236,0.13158699357643,0.23408819172679418,0.6998980956066312,Will average **gas prices** be above $3.30?
KXAAAGASM-24NOV30-US-3.30,VFH,kalshi_leads_etf,300,11,0.00830923865933004,0.6678728043004729,0.5209716633181217,0.04722120779934569,0.6998980956066312,Will average **gas prices** be above $3.30?
KXAAAGASM-24NOV30-US-3.30,VFH,etf_leads_kalshi,300,11,19.511199435340558,2.917566813525388,0.017099382768945532,0.486072452435072,0.6998980956066312,Will average **gas prices** be above $3.30?
RATECUT-24SEP18,VCR,kalshi_leads_etf,5,50,0.0063901975313137155,1.4620749148577201,0.1502374146598759,0.04263587343990505,0.6822090043500123,"Will the Federal Reserve cut rates before September 19, 2024?"
RATECUT-24SEP18,VCR,etf_leads_kalshi,5,50,11.034688658878839,1.9473615080960307,0.05735418427838101,0.07321982093745649,0.6822090043500123,"Will the Federal Reserve cut rates before September 19, 2024?"
RATECUT-24SEP18,VCR,kalshi_leads_etf,10,50,0.020523622641366927,1.6911935220444403,0.09728384449338469,0.05623531080395916,0.6822090043500123,"Will the Federal Reserve cut rates before September 19, 2024?"
RATECUT-24SEP18,VCR,etf_leads_kalshi,10,50,6.5762998141567195,2.465735239814466,0.01729895270565147,0.11242357813837645,0.6822090043500123,"Will the Federal Reserve cut rates before September 19, 2024?"
RATECUT-24SEP18,VCR,kalshi_leads_etf,30,50,0.0258926956246291,1.0529027387133034,0.29765719506544985,0.022574540567066315,0.6822090043500123,"Will the Federal Reserve cut rates before September 19, 2024?"
RATECUT-24SEP18,VCR,etf_leads_kalshi,30,50,1.131312590460793,1.610315213144136,0.11388664006815448,0.051254307652173536,0.6822090043500123,"Will the Federal Reserve cut rates before September 19, 2024?"
RATECUT-24SEP18,VCR,kalshi_leads_etf,60,50,0.05264863926018494,1.2813717816753425,0.2062189070694197,0.03307514804295908,0.6822090043500123,"Will the Federal Reserve cut rates before September 19, 2024?"
RATECUT-24SEP18,VCR,etf_leads_kalshi,60,50,1.1504125930854878,1.5834652299565075,0.11988278040953401,0.04964349806677881,0.6822090043500123,"Will the Federal Reserve cut rates before September 19, 2024?"
RATECUT-24SEP18,VCR,kalshi_leads_etf,120,50,0.02653090162544964,0.6845724921388872,0.4969060395340046,0.009668922046436323,0.6822090043500123,"Will the Federal Reserve cut rates before September 19, 2024?"
RATECUT-24SEP18,VCR,etf_leads_kalshi,120,50,0.8844579905737292,1.456515345345803,0.1517608842263619,0.04232594036144921,0.6822090043500123,"Will the Federal Reserve cut rates before September 19, 2024?"
RATECUT-24SEP18,VCR,kalshi_leads_etf,300,50,-0.010135718592130775,-0.2529231069770638,0.8014076987164925,0.001330936622847556,0.6822090043500123,"Will the Federal Reserve cut rates before September 19, 2024?"
RATECUT-24SEP18,VCR,etf_leads_kalshi,300,49,1.1349014933149457,2.1264962093945385,0.03874219559879505,0.08776808637161337,0.6822090043500123,"Will the Federal Reserve cut rates before September 19, 2024?"
KXECKH287,VNQ,kalshi_leads_etf,5,34,0.00045837004488300697,0.5430314720670772,0.5908709211461748,0.009130956691031034,0.6771339593601406,"Will Harris win 287-251 - PA, NV, MI, WI, AZ?"
KXECKH287,VNQ,etf_leads_kalshi,5,34,58.418837294264385,1.686762399297939,0.10137582980804138,0.08165170681212597,0.6771339593601406,"Will Harris win 287-251 - PA, NV, MI, WI, AZ?"
KXECKH287,VNQ,kalshi_leads_etf,10,34,0.0008129964857738166,0.7682979292108424,0.44794329514329856,0.018112200235576137,0.6771339593601406,"Will Harris win 287-251 - PA, NV, MI, WI, AZ?"
KXECKH287,VNQ,etf_leads_kalshi,10,34,63.40461388573226,1.8284766737098788,0.076812985989242,0.0945957054744968,0.6771339593601406,"Will Harris win 287-251 - PA, NV, MI, WI, AZ?"
KXECKH287,VNQ,kalshi_leads_etf,30,34,7.559538656050241e-05,0.04464472070985795,0.9646679331447987,6.228209217629121e-05,0.6771339593601406,"Will Harris win 287-251 - PA, NV, MI, WI, AZ?"
KXECKH287,VNQ,etf_leads_kalshi,30,34,11.75566830169276,0.736705279307655,0.4666687078451961,0.01667759867409435,0.6771339593601406,"Will Harris win 287-251 - PA, NV, MI, WI, AZ?"
KXECKH287,VNQ,kalshi_leads_etf,60,34,-0.0004932633608741614,-0.19712983461335465,0.8449727154525138,0.001212907434485433,0.6771339593601406,"Will Harris win 287-251 - PA, NV, MI, WI, AZ?"
KXECKH287,VNQ,etf_leads_kalshi,60,34,14.137075273674554,0.7744958117033172,0.4443228458088714,0.018400203593577746,0.6771339593601406,"Will Harris win 287-251 - PA, NV, MI, WI, AZ?"
KXECKH287,VNQ,kalshi_leads_etf,120,34,-0.00016177195595255665,-0.05364642723661419,0.9575503887115513,8.992751091729811e-05,0.6771339593601406,"Will Harris win 287-251 - PA, NV, MI, WI, AZ?"
KXECKH287,VNQ,etf_leads_kalshi,120,34,29.366443719734125,2.1513039010229824,0.03910462862676898,0.12635401245935396,0.6771339593601406,"Will Harris win 287-251 - PA, NV, MI, WI, AZ?"
KXECKH287,VNQ,kalshi_leads_etf,300,34,0.0009591401855181506,0.20986703970973197,0.8351019346660178,0.001374488629364845,0.6771339593601406,"Will Harris win 287-251 - PA, NV, MI, WI, AZ?"
KXECKH287,VNQ,etf_leads_kalshi,300,34,6.017008016738597,0.6963759751144896,0.4912210877301596,0.014928133042569347,0.6771339593601406,"Will Harris win 287-251 - PA, NV, MI, WI, AZ?"
KXECKH276,VCR,kalshi_leads_etf,5,43,0.00015111673542819775,0.29497498145320394,0.7695015497104906,0.0021177067685321793,0.651769043544155,"Will Harris win 276-262 - PA, NV, MI, WI?"
KXECKH276,VCR,etf_leads_kalshi,5,43,-21.39537397570079,-0.35184792720616187,0.7267543217109736,0.0030103485820632825,0.651769043544155,"Will Harris win 276-262 - PA, NV, MI, WI?"
KXECKH276,VCR,kalshi_leads_etf,10,43,0.00021928439626396455,0.24759924007469208,0.8056802964807164,0.0014930208163795866,0.651769043544155,"Will Harris win 276-262 - PA, NV, MI, WI?"
KXECKH276,VCR,etf_leads_kalshi,10,43,-20.10556643057461,-0.46107919249962825,0.6471784940103875,0.005158472229238598,0.651769043544155,"Will Harris win 276-262 - PA, NV, MI, WI?"
KXECKH276,VCR,kalshi_leads_etf,30,43,0.0006692485345159678,0.47362021948366395,0.6382830659340635,0.005441354362135997,0.651769043544155,"Will Harris win 276-262 - PA, NV, MI, WI?"
KXECKH276,VCR,etf_leads_kalshi,30,43,-30.626582525116213,-1.414302541360578,0.16482251521941876,0.046517208630645124,0.651769043544155,"Will Harris win 276-262 - PA, NV, MI, WI?"
KXECKH276,VCR,kalshi_leads_etf,60,43,0.00025964059547784976,0.1528198986308439,0.8792899289832388,0.000569283571067225,0.651769043544155,"Will Harris win 276-262 - PA, NV, MI, WI?"
KXECKH276,VCR,etf_leads_kalshi,60,43,-26.69751017164322,-1.593348297769458,0.11876331166397944,0.05831031632718864,0.651769043544155,"Will Harris win 276-262 - PA, NV, MI, WI?"
KXECKH276,VCR,kalshi_leads_etf,120,43,-0.002061417245931661,-0.8746172220338083,0.3868769477946309,0.018315721395048334,0.651769043544155,"Will Harris win 276-262 - PA, NV, MI, WI?"
KXECKH276,VCR,etf_leads_kalshi,120,43,-12.91337173963193,-1.258189858259204,0.2154413642548509,0.037175402589997186,0.651769043544155,"Will Harris win 276-262 - PA, NV, MI, WI?"
KXECKH276,VCR,kalshi_leads_etf,300,42,0.0003106224435520332,0.09162426937264782,0.9274538979855944,0.00020983113010786258,0.651769043544155,"Will Harris win 276-262 - PA, NV, MI, WI?"
KXECKH276,VCR,etf_leads_kalshi,300,43,-4.799189900793964,-0.6804139414769407,0.5000668983597114,0.011165702998240268,0.651769043544155,"Will Harris win 276-262 - PA, NV, MI, WI?"
FEDDECISION-24SEP-C25,VDC,kalshi_leads_etf,5,1051,-7.370742103065457e-05,-0.8804307656930968,0.3788276557326449,0.0007384041497131566,0.6325467130894744,Will the Federal Reserve Cut rates by 25bps at their September 2024 meeting?
FEDDECISION-24SEP-C25,VDC,etf_leads_kalshi,5,1051,-7.055037936995479,-0.5106647502359929,0.609693272790222,0.00024853543797720423,0.6325467130894744,Will the Federal Reserve Cut rates by 25bps at their September 2024 meeting?
FEDDECISION-24SEP-C25,VDC,kalshi_leads_etf,10,1051,-0.00016740400686457207,-1.45228426715063,0.14672160799230957,0.002006575276756184,0.6325467130894744,Will the Federal Reserve Cut rates by 25bps at their September 2024 meeting?
FEDDECISION-24SEP-C25,VDC,etf_leads_kalshi,10,1051,-6.360910573383086,-0.789637411660842,0.42991799964574373,0.0005940484618641717,0.6325467130894744,Will the Federal Reserve Cut rates by 25bps at their September 2024 meeting?
FEDDECISION-24SEP-C25,VDC,kalshi_leads_etf,30,1048,-0.0004901081033857332,-2.1530671999850126,0.03154148360987185,0.004412279513111739,0.6325467130894744,Will the Federal Reserve Cut rates by 25bps at their September 2024 meeting?
FEDDECISION-24SEP-C25,VDC,etf_leads_kalshi,30,1051,-1.5163336862564742,-0.3811738704392284,0.7031514221106254,0.00013848751016976024,0.6325467130894744,Will the Federal Reserve Cut rates by 25bps at their September 2024 meeting?
FEDDECISION-24SEP-C25,VDC,kalshi_leads_etf,60,1047,-0.0008300869986779849,-2.2971645501211695,0.02180636480070457,0.0050243556188839245,0.6325467130894744,Will the Federal Reserve Cut rates by 25bps at their September 2024 meeting?
FEDDECISION-24SEP-C25,VDC,etf_leads_kalshi,60,1050,-2.8877209515868856,-0.9925484231206949,0.3211591771853331,0.0009391480613539782,0.6325467130894744,Will the Federal Reserve Cut rates by 25bps at their September 2024 meeting?
FEDDECISION-24SEP-C25,VDC,kalshi_leads_etf,120,1047,-0.0006934851696276267,-1.53881828508826,0.12415138977790767,0.0022608689601749665,0.6325467130894744,Will the Federal Reserve Cut rates by 25bps at their September 2024 meeting?
FEDDECISION-24SEP-C25,VDC,etf_leads_kalshi,120,1049,-0.12289154491843418,-0.05549170183919133,0.9557573278142333,2.941088745433973e-06,0.6325467130894744,Will the Federal Reserve Cut rates by 25bps at their September 2024 meeting?
FEDDECISION-24SEP-C25,VDC,kalshi_leads_etf,300,1044,-0.0006506831493571372,-1.049882166286058,0.29401572474786625,0.0010567061478173878,0.6325467130894744,Will the Federal Reserve Cut rates by 25bps at their September 2024 meeting?
FEDDECISION-24SEP-C25,VDC,etf_leads_kalshi,300,1043,-0.05964878196244061,-0.04169275023377862,0.9667516283383808,1.6698199033493566e-06,0.6325467130894744,Will the Federal Reserve Cut rates by 25bps at their September 2024 meeting?
KXECKH276,VDE,kalshi_leads_etf,5,43,-0.0008717246386972396,-1.729571175048672,0.09123005257027285,0.06800000297760833,0.6325059413818794,"Will Harris win 276-262 - PA, NV, MI, WI?"
KXECKH276,VDE,etf_leads_kalshi,5,43,17.214184423029465,0.45732363690165057,0.6498526123844213,0.0050752062274395104,0.6325059413818794,"Will Harris win 276-262 - PA, NV, MI, WI?"
KXECKH276,VDE,kalshi_leads_etf,10,43,2.5937323896254617e-05,0.03447975530075477,0.9726619068605951,2.8995586685232055e-05,0.6325059413818794,"Will Harris win 276-262 - PA, NV, MI, WI?"
KXECKH276,VDE,etf_leads_kalshi,10,43,7.8739531217731376,0.32023765700418777,0.7504145704088863,0.0024950313686580294,0.6325059413818794,"Will Harris win 276-262 - PA, NV, MI, WI?"
KXECKH276,VDE,kalshi_leads_etf,30,43,-0.001297131566087559,-0.6236382956708694,0.5363195327981338,0.009396830829078495,0.6325059413818794,"Will Harris win 276-262 - PA, NV, MI, WI?"
KXECKH276,VDE,etf_leads_kalshi,30,43,-32.83707833423346,-2.1712001248977395,0.0357572540909417,0.10312155227730424,0.6325059413818794,"Will Harris win 276-262 - PA, NV, MI, WI?"
KXECKH276,VDE,kalshi_leads_etf,60,43,-0.0013993422676605136,-0.5345151522635073,0.5958720610878236,0.006920226697807119,0.6325059413818794,"Will Harris win 276-262 - PA, NV, MI, WI?"
KXECKH276,VDE,etf_leads_kalshi,60,43,-15.579362700152267,-1.460662098207405,0.15172966904770177,0.049463458680586214,0.6325059413818794,"Will Harris win 276-262 - PA, NV, MI, WI?"
KXECKH276,VDE,kalshi_leads_etf,120,43,-0.002500807139468229,-0.7928394636816211,0.43243549054971286,0.015100063405981246,0.6325059413818794,"Will Harris win 276-262 - PA, NV, MI, WI?"
KXECKH276,VDE,etf_leads_kalshi,120,43,-5.430274030714747,-0.7756455192493197,0.44240952762034014,0.014461597533309112,0.6325059413818794,"Will Harris win 276-262 - PA, NV, MI, WI?"
KXECKH276,VDE,kalshi_leads_etf,300,42,0.0011941267132847958,0.2879034897400624,0.7749071124076847,0.002067925308605445,0.6325059413818794,"Will Harris win 276-262 - PA, NV, MI, WI?"
KXECKH276,VDE,etf_leads_kalshi,300,43,3.7477030666947773,0.7811302330876868,0.4392131630057462,0.014663831523861082,0.6325059413818794,"Will Harris win 276-262 - PA, NV, MI, WI?"
AAAGASM-24SEP30-US-3.15,VIS,kalshi_leads_etf,5,23,-8.12514308040271e-06,-0.1072465161324545,0.9156114157786323,0.0005474056696991303,0.6300268170383332,Will average **gas prices** be above $3.15?
AAAGASM-24SEP30-US-3.15,VIS,etf_leads_kalshi,5,23,-53.533040538684496,-0.13075820832982005,0.8972111147362805,0.0008135142769147841,0.6300268170383332,Will average **gas prices** be above $3.15?
AAAGASM-24SEP30-US-3.15,VIS,kalshi_leads_etf,10,23,5.605693023388846e-06,0.03577847586906951,0.971796915060132,6.0953395671803356e-05,0.6300268170383332,Will average **gas prices** be above $3.15?
AAAGASM-24SEP30-US-3.15,VIS,etf_leads_kalshi,10,23,14.103456086150246,0.03539960321908974,0.9720954374901352,5.966938735479932e-05,0.6300268170383332,Will average **gas prices** be above $3.15?
AAAGASM-24SEP30-US-3.15,VIS,kalshi_leads_etf,30,23,0.000144903275854378,0.46960830948076693,0.6434744443485096,0.010392386237255358,0.6300268170383332,Will average **gas prices** be above $3.15?
AAAGASM-24SEP30-US-3.15,VIS,etf_leads_kalshi,30,23,-193.27649177492296,-0.9825172188409341,0.3370300891924627,0.04394833321811986,0.6300268170383332,Will average **gas prices** be above $3.15?
AAAGASM-24SEP30-US-3.15,VIS,kalshi_leads_etf,60,23,0.00030701334264763284,0.30356299341080406,0.7644479909193721,0.004368947159181014,0.6300268170383332,Will average **gas prices** be above $3.15?
AAAGASM-24SEP30-US-3.15,VIS,etf_leads_kalshi,60,23,4.48220544082308,0.04699715630677478,0.9629595748397178,0.00010516668646765037,0.6300268170383332,Will average **gas prices** be above $3.15?
AAAGASM-24SEP30-US-3.15,VIS,kalshi_leads_etf,120,21,0.000606762295235595,0.3919287910373315,0.6994721896588334,0.008019803674718329,0.6300268170383332,Will average **gas prices** be above $3.15?
AAAGASM-24SEP30-US-3.15,VIS,etf_leads_kalshi,120,23,19.372688285129264,0.2739156508280754,0.7868256372460172,0.00356012705739317,0.6300268170383332,Will average **gas prices** be above $3.15?
AAAGASM-24SEP30-US-3.15,VIS,kalshi_leads_etf,300,21,0.0014273503385815018,0.5743196181005152,0.5724890867963532,0.01706392666148948,0.6300268170383332,Will average **gas prices** be above $3.15?
AAAGASM-24SEP30-US-3.15,VIS,etf_leads_kalshi,300,23,0.20342153982370448,0.007238186475158861,0.9942931345614827,2.4948196543084222e-06,0.6300268170383332,Will average **gas prices** be above $3.15?
AAAGASM-24SEP30-US-3.15,VGT,kalshi_leads_etf,5,23,-0.0001755094725498529,-1.1603363054447529,0.2589338179728324,0.06025048894467866,0.6264779178708496,Will average **gas prices** be above $3.15?
AAAGASM-24SEP30-US-3.15,VGT,etf_leads_kalshi,5,23,167.78457434076083,0.6209283611729061,0.5413282911576762,0.018028621808464873,0.6264779178708496,Will average **gas prices** be above $3.15?
AAAGASM-24SEP30-US-3.15,VGT,kalshi_leads_etf,10,23,-0.00026619932301746857,-0.8756000234773587,0.3911529300961639,0.03522243920972523,0.6264779178708496,Will average **gas prices** be above $3.15?
AAAGASM-24SEP30-US-3.15,VGT,etf_leads_kalshi,10,23,110.75469114153161,0.5958979678339087,0.5576121733840484,0.016628087968881933,0.6264779178708496,Will average **gas prices** be above $3.15?
AAAGASM-24SEP30-US-3.15,VGT,kalshi_leads_etf,30,23,-8.427050474595088e-05,-0.16630206284990542,0.8695100141896999,0.0013152381612797637,0.6264779178708496,Will average **gas prices** be above $3.15?
AAAGASM-24SEP30-US-3.15,VGT,etf_leads_kalshi,30,23,-178.01086126214463,-1.2094808233357792,0.239918753223633,0.06512282554260873,0.6264779178708496,Will average **gas prices** be above $3.15?
AAAGASM-24SEP30-US-3.15,VGT,kalshi_leads_etf,60,23,-0.0003056535595353948,-0.20739699158464303,0.8376978100821979,0.002044075678305113,0.6264779178708496,Will average **gas prices** be above $3.15?
AAAGASM-24SEP30-US-3.15,VGT,etf_leads_kalshi,60,23,-1.488216294076281,-0.019285135783223266,0.9847957032444773,1.7709994073134006e-05,0.6264779178708496,Will average **gas prices** be above $3.15?
AAAGASM-24SEP30-US-3.15,VGT,kalshi_leads_etf,120,21,-0.0003158666024563287,-0.1682239400831304,0.8681849054101358,0.0014872214053301969,0.6264779178708496,Will average **gas prices** be above $3.15?
AAAGASM-24SEP30-US-3.15,VGT,etf_leads_kalshi,120,23,52.38867907831545,0.7221276819248044,0.47818086014286176,0.02423014915044408,0.6264779178708496,Will average **gas prices** be above $3.15?
AAAGASM-24SEP30-US-3.15,VGT,kalshi_leads_etf,300,21,0.0009130795403459989,0.3097896396444551,0.760092961550365,0.005025647963241009,0.6264779178708496,Will average **gas prices** be above $3.15?
AAAGASM-24SEP30-US-3.15,VGT,etf_leads_kalshi,300,23,-12.289451270716661,-0.46743548646019256,0.6450024286174361,0.01029742799309985,0.6264779178708496,Will average **gas prices** be above $3.15?
KXAAAGASM-24NOV30-US-3.30,VDE,kalshi_leads_etf,5,11,-0.0005951862683076976,-0.6484530742878414,0.5328858123573932,0.04463582335202265,0.6041437567019852,Will average **gas prices** be above $3.30?
KXAAAGASM-24NOV30-US-3.30,VDE,etf_leads_kalshi,5,11,41.1086613282522,0.7029802213181788,0.4998466751815216,0.052050954325964294,0.6041437567019852,Will average **gas prices** be above $3.30?
KXAAAGASM-24NOV30-US-3.30,VDE,kalshi_leads_etf,10,11,-0.0025145347915295387,-1.220723905012386,0.2532066320378594,0.1420536844889566,0.6041437567019852,Will average **gas prices** be above $3.30?
KXAAAGASM-24NOV30-US-3.30,VDE,etf_leads_kalshi,10,11,40.91415541634491,1.3240645180374209,0.2181217732871246,0.1630357022664356,0.6041437567019852,Will average **gas prices** be above $3.30?
KXAAAGASM-24NOV30-US-3.30,VDE,kalshi_leads_etf,30,11,-0.0015284183140537862,-0.24327878120299637,0.8132437346612932,0.0065331007395267315,0.6041437567019852,Will average **gas prices** be above $3.30?
KXAAAGASM-24NOV30-US-3.30,VDE,etf_leads_kalshi,30,11,36.19005434746086,1.6503669109376986,0.1332650342506194,0.23232498263482626,0.6041437567019852,Will average **gas prices** be above $3.30?
KXAAAGASM-24NOV30-US-3.30,VDE,kalshi_leads_etf,60,11,-0.00828084104847331,-1.4747977235347514,0.17436818338925292,0.1946329138522762,0.6041437567019852,Will average **gas prices** be above $3.30?
KXAAAGASM-24NOV30-US-3.30,VDE,etf_leads_kalshi,60,11,19.870432437466796,1.806005707707937,0.10439330910392747,0.2660045635224185,0.6041437567019852,Will average **gas prices** be above $3.30?
KXAAAGASM-24NOV30-US-3.30,VDE,kalshi_leads_etf,120,11,-0.010301473669798262,-0.9202798439031091,0.3814314795260455,0.08600815502726411,0.6041437567019852,Will average **gas prices** be above $3.30?
KXAAAGASM-24NOV30-US-3.30,VDE,etf_leads_kalshi,120,11,21.28139782968037,1.949128454960076,0.08308292033347157,0.2968256533083301,0.6041437567019852,Will average **gas prices** be above $3.30?
KXAAAGASM-24NOV30-US-3.30,VDE,kalshi_leads_etf,300,11,0.013037483626117799,0.9386027557542196,0.37243912542936486,0.089158723834596,0.6041437567019852,Will average **gas prices** be above $3.30?
KXAAAGASM-24NOV30-US-3.30,VDE,etf_leads_kalshi,300,11,12.255411449964285,2.599433481474461,0.028764941685822575,0.4288272568289674,0.6041437567019852,Will average **gas prices** be above $3.30?
KXECKH276,VOX,kalshi_leads_etf,5,43,-6.711099029116862e-05,-0.16158806753301638,0.8724239242844392,0.0006364411132636638,0.5903053031486734,"Will Harris win 276-262 - PA, NV, MI, WI?"
KXECKH276,VOX,etf_leads_kalshi,5,43,38.293926800876804,0.6823928051066254,0.4988280858353733,0.01123001397131762,0.5903053031486734,"Will Harris win 276-262 - PA, NV, MI, WI?"
KXECKH276,VOX,kalshi_leads_etf,10,43,8.08715251830045e-05,0.12225915871451669,0.9032910804492671,0.0003644354771341618,0.5903053031486734,"Will Harris win 276-262 - PA, NV, MI, WI?"
KXECKH276,VOX,etf_leads_kalshi,10,43,3.7039751515142756,0.1026758318506262,0.9187208133777696,0.00025706381452605953,0.5903053031486734,"Will Harris win 276-262 - PA, NV, MI, WI?"
KXECKH276,VOX,kalshi_leads_etf,30,43,0.0007449574115063317,0.6317307333854368,0.5310696546960347,0.009639916723946262,0.5903053031486734,"Will Harris win 276-262 - PA, NV, MI, WI?"
KXECKH276,VOX,etf_leads_kalshi,30,43,-27.858891083499927,-1.2760456211596318,0.2091210650865796,0.03819745841469857,0.5903053031486734,"Will Harris win 276-262 - PA, NV, MI, WI?"
KXECKH276,VOX,kalshi_leads_etf,60,43,-0.00022672788107981905,-0.15884738784394534,0.8745689971868416,0.0006150481323753398,0.5903053031486734,"Will Harris win 276-262 - PA, NV, MI, WI?"
KXECKH276,VOX,etf_leads_kalshi,60,43,-13.992459940758234,-0.7951308420523249,0.4311165507469269,0.01518614327347445,0.5903053031486734,"Will Harris win 276-262 - PA, NV, MI, WI?"
KXECKH276,VOX,kalshi_leads_etf,120,43,-0.0029407809346467476,-1.3285731795977302,0.19133646770822482,0.04127446018538239,0.5903053031486734,"Will Harris win 276-262 - PA, NV, MI, WI?"
KXECKH276,VOX,etf_leads_kalshi,120,43,-2.5572239842772175,-0.2311148971992228,0.8183750364616086,0.001301087787312305,0.5903053031486734,"Will Harris win 276-262 - PA, NV, MI, WI?"
KXECKH276,VOX,kalshi_leads_etf,300,42,-0.0016739384629183773,-0.5720037355865476,0.5705203145967297,0.008113342078445052,0.5903053031486734,"Will Harris win 276-262 - PA, NV, MI, WI?"
KXECKH276,VOX,etf_leads_kalshi,300,43,-0.06699472205377086,-0.008538827666151997,0.9932284977187218,1.7783280059635587e-06,0.5903053031486734,"Will Harris win 276-262 - PA, NV, MI, WI?"
KXECKH276,VGT,kalshi_leads_etf,5,43,0.0003162805837390543,0.40649308420227326,0.686494452076578,0.0040139846395024215,0.5887966658096906,"Will Harris win 276-262 - PA, NV, MI, WI?"
KXECKH276,VGT,etf_leads_kalshi,5,43,26.29844217399755,0.6335475671296995,0.5298947301039632,0.00969490619362412,0.5887966658096906,"Will Harris win 276-262 - PA, NV, MI, WI?"
KXECKH276,VGT,kalshi_leads_etf,10,43,0.0004742463422903939,0.39796128831120736,0.6927233892023419,0.0038478971526593186,0.5887966658096906,"Will Harris win 276-262 - PA, NV, MI, WI?"
KXECKH276,VGT,etf_leads_kalshi,10,43,-8.41341375555363,-0.2721391366458975,0.7868808578879377,0.0018030774220473278,0.5887966658096906,"Will Harris win 276-262 - PA, NV, MI, WI?"
KXECKH276,VGT,kalshi_leads_etf,30,43,-0.00010583808033030667,-0.06406053697690738,0.9492333423431782,0.00010008150458684639,0.5887966658096906,"Will Harris win 276-262 - PA, NV, MI, WI?"
KXECKH276,VGT,etf_leads_kalshi,30,43,-43.38981346835577,-2.5932124024349252,0.013122712960483587,0.1409069819045825,0.5887966658096906,"Will Harris win 276-262 - PA, NV, MI, WI?"
KXECKH276,VGT,kalshi_leads_etf,60,43,-0.001143589239204146,-0.569959623794275,0.5718152311339171,0.007860982956403917,0.5887966658096906,"Will Harris win 276-262 - PA, NV, MI, WI?"
KXECKH276,VGT,etf_leads_kalshi,60,43,-18.029253904630284,-1.3110371634217635,0.19714091943552636,0.04023562697857108,0.5887966658096906,"Will Harris win 276-262 - PA, NV, MI, WI?"
KXECKH276,VGT,kalshi_leads_etf,120,43,-0.004690349858707517,-1.883376531175839,0.06675604589818845,0.0796259821224391,0.5887966658096906,"Will Harris win 276-262 - PA, NV, MI, WI?"
KXECKH276,VGT,etf_leads_kalshi,120,43,-3.6831974728191126,-0.5265553010102171,0.6013396972669807,0.006717027287277522,0.5887966658096906,"Will Harris win 276-262 - PA, NV, MI, WI?"
KXECKH276,VGT,kalshi_leads_etf,300,42,0.0012547064342188123,0.25452023729821843,0.8003976452640331,0.001616895195808432,0.5887966658096906,"Will Harris win 276-262 - PA, NV, MI, WI?"
KXECKH276,VGT,etf_leads_kalshi,300,43,-5.1850327803307,-1.0922185553617085,0.28111363444092796,0.028273482100703795,0.5887966658096906,"Will Harris win 276-262 - PA, NV, MI, WI?"
KXAAAGASM-24NOV30-US-3.30,VDC,kalshi_leads_etf,5,11,-0.00040794723003424076,-0.9240346196977276,0.3795760956948808,0.08665048146423937,0.5851331911031488,Will average **gas prices** be above $3.30?
KXAAAGASM-24NOV30-US-3.30,VDC,etf_leads_kalshi,5,11,-331.67272591077653,-1.5683953480119146,0.15123368889987113,0.2146503636174082,0.5851331911031488,Will average **gas prices** be above $3.30?
KXAAAGASM-24NOV30-US-3.30,VDC,kalshi_leads_etf,10,11,-0.0007689759704597385,-0.7690932961371232,0.46154356138835884,0.061669626311111614,0.5851331911031488,Will average **gas prices** be above $3.30?
KXAAAGASM-24NOV30-US-3.30,VDC,etf_leads_kalshi,10,11,-238.3934410314965,-1.3141208027085207,0.2213106746660347,0.16098885170176802,0.5851331911031488,Will average **gas prices** be above $3.30?
KXAAAGASM-24NOV30-US-3.30,VDC,kalshi_leads_etf,30,11,-0.00042242770758298137,-0.3339014784336197,0.7461023621053364,0.01223621985931489,0.5851331911031488,Will average **gas prices** be above $3.30?
KXAAAGASM-24NOV30-US-3.30,VDC,etf_leads_kalshi,30,11,-14.364408556606278,-0.15994934726558122,0.8764532486539404,0.0028345860251798305,0.5851331911031488,Will average **gas prices** be above $3.30?
KXAAAGASM-24NOV30-US-3.30,VDC,kalshi_leads_etf,60,11,0.0017870679564207215,0.7405804251918017,0.4778230376286192,0.05743956644147585,0.5851331911031488,Will average **gas prices** be above $3.30?
KXAAAGASM-24NOV30-US-3.30,VDC,etf_leads_kalshi,60,11,17.462302797765556,0.3119136623643667,0.7622111057592652,0.010694408043457115,0.5851331911031488,Will average **gas prices** be above $3.30?
KXAAAGASM-24NOV30-US-3.30,VDC,kalshi_leads_etf,120,11,0.0024503493910612573,0.48763227029997275,0.6374685250900214,0.02574050219732038,0.5851331911031488,Will average **gas prices** be above $3.30?
KXAAAGASM-24NOV30-US-3.30,VDC,etf_leads_kalshi,120,11,21.853955358115762,1.1047206975892043,0.2979379138190714,0.1194089160837376,0.5851331911031488,Will average **gas prices** be above $3.30?
KXAAAGASM-24NOV30-US-3.30,VDC,kalshi_leads_etf,300,11,0.00021798503304342994,0.023232333582109094,0.9819718890442646,5.9967661849680276e-05,0.5851331911031488,Will average **gas prices** be above $3.30?
KXAAAGASM-24NOV30-US-3.30,VDC,etf_leads_kalshi,300,11,10.500378340853157,1.1164358358810709,0.2931541969206935,0.12164520718416227,0.5851331911031488,Will average **gas prices** be above $3.30?
AAAGASM-24SEP30-US-3.15,VAW,kalshi_leads_etf,5,23,-6.15816444310953e-05,-0.6900231868573968,0.49773515951304315,0.02217028645736996,0.5699807323290244,Will average **gas prices** be above $3.15?
AAAGASM-24SEP30-US-3.15,VAW,etf_leads_kalshi,5,23,-290.9589966904203,-0.629957093835985,0.5355175949568455,0.018546936365561262,0.5699807323290244,Will average **gas prices** be above $3.15?
AAAGASM-24SEP30-US-3.15,VAW,kalshi_leads_etf,10,23,3.940508284349979e-05,0.2322145764705108,0.8186194077671041,0.002561214267015388,0.5699807323290244,Will average **gas prices** be above $3.15?
AAAGASM-24SEP30-US-3.15,VAW,etf_leads_kalshi,10,23,-89.67458510035826,-0.26742706175250885,0.7917492508771208,0.0033940239122580707,0.5699807323290244,Will average **gas prices** be above $3.15?
AAAGASM-24SEP30-US-3.15,VAW,kalshi_leads_etf,30,23,4.0151637338425026e-05,0.11385344981709676,0.9104354477519825,0.0006168862657327523,0.5699807323290244,Will average **gas prices** be above $3.15?
AAAGASM-24SEP30-US-3.15,VAW,etf_leads_kalshi,30,23,-1.971795915612688,-0.009586456281622371,0.992441720198112,4.376178184051227e-06,0.5699807323290244,Will average **gas prices** be above $3.15?
AAAGASM-24SEP30-US-3.15,VAW,kalshi_leads_etf,60,23,0.00020440902285786492,0.19821218856922954,0.8447853059247697,0.001867366973802631,0.5699807323290244,Will average **gas prices** be above $3.15?
AAAGASM-24SEP30-US-3.15,VAW,etf_leads_kalshi,60,23,71.54047041995656,0.6824659417118253,0.5024037665009136,0.021697799973978804,0.5699807323290244,Will average **gas prices** be above $3.15?
AAAGASM-24SEP30-US-3.15,VAW,kalshi_leads_etf,120,21,0.0007559941484676626,0.5044413323006942,0.6197512272989278,0.013215693597982914,0.5699807323290244,Will average **gas prices** be above $3.15?
AAAGASM-24SEP30-US-3.15,VAW,etf_leads_kalshi,120,23,3.0964777117825335,0.03558853550940711,0.9719465728885146,6.0307975095597044e-05,0.5699807323290244,Will average **gas prices** be above $3.15?
AAAGASM-24SEP30-US-3.15,VAW,kalshi_leads_etf,300,21,0.0006307593861324839,0.2639335282454703,0.7946726127686272,0.0036529704261977214,0.5699807323290244,Will average **gas prices** be above $3.15?
AAAGASM-24SEP30-US-3.15,VAW,etf_leads_kalshi,300,23,-20.066644520790952,-0.5718549602581167,0.5734911884437901,0.015333512360066304,0.5699807323290244,Will average **gas prices** be above $3.15?
KXECKH276,VDC,kalshi_leads_etf,5,43,-4.5133380946639606e-05,-0.1324147948915251,0.8953039403952145,0.00042746787371095163,0.532567360488065,"Will Harris win 276-262 - PA, NV, MI, WI?"
KXECKH276,VDC,etf_leads_kalshi,5,43,41.05746596601175,0.7768556170854828,0.4417031264654676,0.01450610122578222,0.532567360488065,"Will Harris win 276-262 - PA, NV, MI, WI?"
KXECKH276,VDC,kalshi_leads_etf,10,43,0.00011054504105812834,0.17673650393142876,0.8605855333359804,0.0007612686096121202,0.532567360488065,"Will Harris win 276-262 - PA, NV, MI, WI?"
KXECKH276,VDC,etf_leads_kalshi,10,43,21.080515746901376,0.5893117014398705,0.5588856666257206,0.008399300072351568,0.532567360488065,"Will Harris win 276-262 - PA, NV, MI, WI?"
KXECKH276,VDC,kalshi_leads_etf,30,43,0.0005157710088710024,0.550463312279179,0.5849885388488522,0.007336265788036034,0.532567360488065,"Will Harris win 276-262 - PA, NV, MI, WI?"
KXECKH276,VDC,etf_leads_kalshi,30,43,-10.894518433075811,-0.6085092786910185,0.5462064530151689,0.008950471462804144,0.532567360488065,"Will Harris win 276-262 - PA, NV, MI, WI?"
KXECKH276,VDC,kalshi_leads_etf,60,43,0.0006762770635847919,0.5121347043269604,0.6113045728437918,0.006356457833808449,0.532567360488065,"Will Harris win 276-262 - PA, NV, MI, WI?"
KXECKH276,VDC,etf_leads_kalshi,60,43,-13.352620400427226,-1.1490212115363918,0.2572064097975056,0.031196643510598476,0.532567360488065,"Will Harris win 276-262 - PA, NV, MI, WI?"
KXECKH276,VDC,kalshi_leads_etf,120,43,0.0008234754529186645,0.49593278490314396,0.6225899925151387,0.005962993485518653,0.532567360488065,"Will Harris win 276-262 - PA, NV, MI, WI?"
KXECKH276,VDC,etf_leads_kalshi,120,43,-20.116881226964505,-2.03479787478559,0.048372128466469426,0.09172276213550501,0.532567360488065,"Will Harris win 276-262 - PA, NV, MI, WI?"
KXECKH276,VDC,kalshi_leads_etf,300,42,0.0007161146024581113,0.2400555871826614,0.8115131682191211,0.0014385945875140527,0.532567360488065,"Will Harris win 276-262 - PA, NV, MI, WI?"
KXECKH276,VDC,etf_leads_kalshi,300,43,-2.45834883397008,-0.3074748921976753,0.7600384143314949,0.0023005685784545093,0.532567360488065,"Will Harris win 276-262 - PA, NV, MI, WI?"
AAAGASM-24OCT31-US-3.20,VHT,kalshi_leads_etf,5,33,-0.00022440372454109398,-1.3263286042838636,0.19442009294418477,0.05369943045582426,0.5177501210608164,Will average **gas prices** be above $3.20?
AAAGASM-24OCT31-US-3.20,VHT,etf_leads_kalshi,5,33,-183.58166294753715,-1.0676153203598766,0.2939379211785055,0.035463891641855594,0.5177501210608164,Will average **gas prices** be above $3.20?
AAAGASM-24OCT31-US-3.20,VHT,kalshi_leads_etf,10,33,-0.00037337606201073804,-1.7003090799684961,0.09908610347020132,0.08530425834838373,0.5177501210608164,Will average **gas prices** be above $3.20?
AAAGASM-24OCT31-US-3.20,VHT,etf_leads_kalshi,10,33,7.824215055007514,0.06948441499667142,0.9450503293332697,0.00015572039020383954,0.5177501210608164,Will average **gas prices** be above $3.20?
AAAGASM-24OCT31-US-3.20,VHT,kalshi_leads_etf,30,33,2.8254285489020666e-05,0.08170045298984813,0.9354101488770952,0.00021527506662644136,0.5177501210608164,Will average **gas prices** be above $3.20?
AAAGASM-24OCT31-US-3.20,VHT,etf_leads_kalshi,30,33,-15.96321210109872,-0.25615167363406854,0.7995259469950933,0.002112099911548704,0.5177501210608164,Will average **gas prices** be above $3.20?
AAAGASM-24OCT31-US-3.20,VHT,kalshi_leads_etf,60,33,-1.2717446938155356e-05,-0.029695650096692686,0.9765001415120932,2.844537260104918e-05,0.5177501210608164,Will average **gas prices** be above $3.20?
AAAGASM-24OCT31-US-3.20,VHT,etf_leads_kalshi,60,33,-4.793107511406966,-0.10120823736863573,0.9200369350715599,0.000330313673318261,0.5177501210608164,Will average **gas prices** be above $3.20?
AAAGASM-24OCT31-US-3.20,VHT,kalshi_leads_etf,120,32,-5.946944874710646e-06,-0.007341122356670925,0.9941912853580133,1.796399354492273e-06,0.5177501210608164,Will average **gas prices** be above $3.20?
AAAGASM-24OCT31-US-3.20,VHT,etf_leads_kalshi,120,33,20.60558741292502,0.5660895129151025,0.5754083626307359,0.010231566327023378,0.5177501210608164,Will average **gas prices** be above $3.20?
AAAGASM-24OCT31-US-3.20,VHT,kalshi_leads_etf,300,32,0.0005238883374175878,0.4507719989613833,0.6553951480872706,0.006727612505561642,0.5177501210608164,Will average **gas prices** be above $3.20?
AAAGASM-24OCT31-US-3.20,VHT,etf_leads_kalshi,300,33,-4.150195045741629,-0.1575131323814344,0.8758619552030406,0.0007996950364314026,0.5177501210608164,Will average **gas prices** be above $3.20?
KXECDJT316,VIS,kalshi_leads_etf,5,59,9.56299793929243e-05,0.3513314186339336,0.7266351018439512,0.002160825384299403,0.5039225356388715,"Will Trump win 316-222 - AZ, GA, MI, MN, NC, PA, WI?"
KXECDJT316,VIS,etf_leads_kalshi,5,59,38.020625824244036,0.7636236802495504,0.4482408552151367,0.010126598101059092,0.5039225356388715,"Will Trump win 316-222 - AZ, GA, MI, MN, NC, PA, WI?"
KXECDJT316,VIS,kalshi_leads_etf,10,59,-0.00015101856406742083,-0.4271017371574679,0.6709142733303823,0.003190069727404321,0.5039225356388715,"Will Trump win 316-222 - AZ, GA, MI, MN, NC, PA, WI?"
KXECDJT316,VIS,etf_leads_kalshi,10,59,30.17995188368942,1.271940246118202,0.20855935010021437,0.027599655851817118,0.5039225356388715,"Will Trump win 316-222 - AZ, GA, MI, MN, NC, PA, WI?"
KXECDJT316,VIS,kalshi_leads_etf,30,59,0.0009636295219644441,1.3762935075676512,0.17411378979162212,0.032162493749724685,0.5039225356388715,"Will Trump win 316-222 - AZ, GA, MI, MN, NC, PA, WI?"
KXECDJT316,VIS,etf_leads_kalshi,30,59,24.400456551718236,1.078987449102408,0.28513813551231443,0.020015982972201085,0.5039225356388715,"Will Trump win 316-222 - AZ, GA, MI, MN, NC, PA, WI?"
KXECDJT316,VIS,kalshi_leads_etf,60,59,0.001983274134876602,1.651843408353274,0.10406558155884145,0.04568309412551086,0.5039225356388715,"Will Trump win 316-222 - AZ, GA, MI, MN, NC, PA, WI?"
KXECDJT316,VIS,etf_leads_kalshi,60,59,22.13654291649277,1.505719410261543,0.1376611435712578,0.03825372700117202,0.5039225356388715,"Will Trump win 316-222 - AZ, GA, MI, MN, NC, PA, WI?"
KXECDJT316,VIS,kalshi_leads_etf,120,58,0.001246118982158572,0.624021941914871,0.535147071744855,0.006905612768049907,0.5039225356388715,"Will Trump win 316-222 - AZ, GA, MI, MN, NC, PA, WI?"
KXECDJT316,VIS,etf_leads_kalshi,120,59,15.181378661020148,1.6574449138834149,0.10292408548215343,0.04597917816082464,0.5039225356388715,"Will Trump win 316-222 - AZ, GA, MI, MN, NC, PA, WI?"
KXECDJT316,VIS,kalshi_leads_etf,300,58,0.001219943924195116,0.44004797671459933,0.6615961437596738,0.0034459809714104672,0.5039225356388715,"Will Trump win 316-222 - AZ, GA, MI, MN, NC, PA, WI?"
KXECDJT316,VIS,etf_leads_kalshi,300,59,4.467104426669101,0.9072410732468821,0.3680989395522193,0.014234562987363475,0.5039225356388715,"Will Trump win 316-222 - AZ, GA, MI, MN, NC, PA, WI?"
KXECDJT316,VDE,kalshi_leads_etf,5,59,0.00041598517047523843,0.8641145556115879,0.39114682939255596,0.012930505868778308,0.492237843550756,"Will Trump win 316-222 - AZ, GA, MI, MN, NC, PA, WI?"
KXECDJT316,VDE,etf_leads_kalshi,5,59,-1.1192624645218707,-0.05859972809991957,0.953475886500248,6.024072405375058e-05,0.492237843550756,"Will Trump win 316-222 - AZ, GA, MI, MN, NC, PA, WI?"
KXECDJT316,VDE,kalshi_leads_etf,10,59,0.00039285343137270836,0.5903241171864549,0.5573066441115835,0.0060765786251996134,0.492237843550756,"Will Trump win 316-222 - AZ, GA, MI, MN, NC, PA, WI?"
KXECDJT316,VDE,etf_leads_kalshi,10,59,8.508872325933583,0.7627067516403288,0.44878327305630183,0.010102539016632939,0.492237843550756,"Will Trump win 316-222 - AZ, GA, MI, MN, NC, PA, WI?"
KXECDJT316,VDE,kalshi_leads_etf,30,59,0.0005276687350952284,0.4353283442693571,0.664968123415174,0.0033137329692387585,0.492237843550756,"Will Trump win 316-222 - AZ, GA, MI, MN, NC, PA, WI?"
KXECDJT316,VDE,etf_leads_kalshi,30,59,7.838079673135749,0.6773632894930199,0.5009156170599891,0.007985214763553183,0.492237843550756,"Will Trump win 316-222 - AZ, GA, MI, MN, NC, PA, WI?"
KXECDJT316,VDE,kalshi_leads_etf,60,59,0.00012840002835835937,0.05899666971492162,0.9531611130363862,6.10595528621749e-05,0.492237843550756,"Will Trump win 316-222 - AZ, GA, MI, MN, NC, PA, WI?"
KXECDJT316,VDE,etf_leads_kalshi,60,59,9.972900536706256,0.9031229349504776,0.3702615740970182,0.014107448470654371,0.492237843550756,"Will Trump win 316-222 - AZ, GA, MI, MN, NC, PA, WI?"
KXECDJT316,VDE,kalshi_leads_etf,120,58,-0.0013633299737321023,-0.5191275326464326,0.6057174857070009,0.004789333951508379,0.492237843550756,"Will Trump win 316-222 - AZ, GA, MI, MN, NC, PA, WI?"
KXECDJT316,VDE,etf_leads_kalshi,120,59,14.690247690105092,1.6657989180218253,0.10124068338905108,0.04642227228412921,0.492237843550756,"Will Trump win 316-222 - AZ, GA, MI, MN, NC, PA, WI?"
KXECDJT316,VDE,kalshi_leads_etf,300,58,-0.0023752965745544932,-0.5600937764350902,0.5776492623278471,0.005570669487780733,0.492237843550756,"Will Trump win 316-222 - AZ, GA, MI, MN, NC, PA, WI?"
KXECDJT316,VDE,etf_leads_kalshi,300,59,3.4912335963438026,0.914533489278175,0.3642891864692561,0.014460995413029476,0.492237843550756,"Will Trump win 316-222 - AZ, GA, MI, MN, NC, PA, WI?"
KXAAAGASM-24NOV30-US-3.30,VNQ,kalshi_leads_etf,5,11,0.0013242786364306633,0.730154456993584,0.4838668784954905,0.05592347749226456,0.4682125139927855,Will average **gas prices** be above $3.30?
KXAAAGASM-24NOV30-US-3.30,VNQ,etf_leads_kalshi,5,11,-42.08567914271994,-0.8918407140959994,0.3956961993123277,0.08119949106032287,0.4682125139927855,Will average **gas prices** be above $3.30?
KXAAAGASM-24NOV30-US-3.30,VNQ,kalshi_leads_etf,10,11,0.0015551021353005987,0.6821638675269807,0.5123076452921309,0.0491632811248266,0.4682125139927855,Will average **gas prices** be above $3.30?
KXAAAGASM-24NOV30-US-3.30,VNQ,etf_leads_kalshi,10,11,4.428799210085936,0.15518103064034197,0.8801031708661962,0.0026685434078282944,0.4682125139927855,Will average **gas prices** be above $3.30?
KXAAAGASM-24NOV30-US-3.30,VNQ,kalshi_leads_etf,30,11,0.0013097416982660085,0.42569671919944835,0.680327717046999,0.019737871677040886,0.4682125139927855,Will average **gas prices** be above $3.30?
KXAAAGASM-24NOV30-US-3.30,VNQ,etf_leads_kalshi,30,11,2.990568982857158,0.12501183924110262,0.9032619859590042,0.0017334299973186251,0.4682125139927855,Will average **gas prices** be above $3.30?
KXAAAGASM-24NOV30-US-3.30,VNQ,kalshi_leads_etf,60,11,0.005069194035054711,0.9535961431967005,0.3651962401994988,0.09176646376358366,0.4682125139927855,Will average **gas prices** be above $3.30?
KXAAAGASM-24NOV30-US-3.30,VNQ,etf_leads_kalshi,60,11,-3.38637755494038,-0.1819323785359645,0.8596675180799651,0.0036642340496196857,0.4682125139927855,Will average **gas prices** be above $3.30?
KXAAAGASM-24NOV30-US-3.30,VNQ,kalshi_leads_etf,120,11,0.006617818961759935,0.926962875522998,0.3781336543159055,0.08715260146862047,0.4682125139927855,Will average **gas prices** be above $3.30?
KXAAAGASM-24NOV30-US-3.30,VNQ,etf_leads_kalshi,120,11,2.450147965460696,0.1631147411200591,0.8740319855848802,0.0029475549875905838,0.4682125139927855,Will average **gas prices** be above $3.30?
KXAAAGASM-24NOV30-US-3.30,VNQ,kalshi_leads_etf,300,11,0.003412807041596914,0.3018066898249685,0.7696570355376238,0.010019404196382586,0.4682125139927855,Will average **gas prices** be above $3.30?
KXAAAGASM-24NOV30-US-3.30,VNQ,etf_leads_kalshi,300,11,12.443454774659275,1.2336590101693878,0.24857537771924107,0.14464236006215847,0.4682125139927855,Will average **gas prices** be above $3.30?
KX538APPROVEMAX-24NOV30-T41,VGT,kalshi_leads_etf,5,21,-0.0007933358570265535,-0.9052484429223372,0.3766702850275008,0.04134694556855778,0.4644270907727368,"Will the President's approval rating ever get above 41% by Nov 30, 2024?"
KX538APPROVEMAX-24NOV30-T41,VGT,etf_leads_kalshi,5,21,-39.27354186129359,-0.7247538290978458,0.47743429175364316,0.026901966710913494,0.4644270907727368,"Will the President's approval rating ever get above 41% by Nov 30, 2024?"
KX538APPROVEMAX-24NOV30-T41,VGT,kalshi_leads_etf,10,21,0.0006030257728491641,0.40382618055075953,0.690849502613176,0.008509885763511749,0.4644270907727368,"Will the President's approval rating ever get above 41% by Nov 30, 2024?"
KX538APPROVEMAX-24NOV30-T41,VGT,etf_leads_kalshi,10,21,-57.496234461008314,-1.8029026922826954,0.08728807867693422,0.1460849974695132,0.4644270907727368,"Will the President's approval rating ever get above 41% by Nov 30, 2024?"
KX538APPROVEMAX-24NOV30-T41,VGT,kalshi_leads_etf,30,21,0.0005395783003446688,0.29177714450541187,0.7736188659040396,0.004460744288860452,0.4644270907727368,"Will the President's approval rating ever get above 41% by Nov 30, 2024?"
KX538APPROVEMAX-24NOV30-T41,VGT,etf_leads_kalshi,30,21,-19.1569570184658,-1.15278674654084,0.2632955716044459,0.06537078509889493,0.4644270907727368,"Will the President's approval rating ever get above 41% by Nov 30, 2024?"
KX538APPROVEMAX-24NOV30-T41,VGT,kalshi_leads_etf,60,21,0.0018159762345132154,0.6532984732131079,0.5213919556396116,0.021969594548598925,0.4644270907727368,"Will the President's approval rating ever get above 41% by Nov 30, 2024?"
KX538APPROVEMAX-24NOV30-T41,VGT,etf_leads_kalshi,60,21,-2.7657226714657743,-0.32564391775237933,0.748252782756863,0.005550283532511635,0.4644270907727368,"Will the President's approval rating ever get above 41% by Nov 30, 2024?"
KX538APPROVEMAX-24NOV30-T41,VGT,kalshi_leads_etf,120,21,0.0035086932460070856,0.5378288492946898,0.5969393853378484,0.014995903060362026,0.4644270907727368,"Will the President's approval rating ever get above 41% by Nov 30, 2024?"
KX538APPROVEMAX-24NOV30-T41,VGT,etf_leads_kalshi,120,21,-1.8711701665656464,-0.270706505948083,0.7895356817394183,0.0038421291267606295,0.4644270907727368,"Will the President's approval rating ever get above 41% by Nov 30, 2024?"
KX538APPROVEMAX-24NOV30-T41,VGT,kalshi_leads_etf,300,21,0.001226344046490149,0.12770603117422738,0.8997235765460223,0.0008576233455046545,0.4644270907727368,"Will the President's approval rating ever get above 41% by Nov 30, 2024?"
KX538APPROVEMAX-24NOV30-T41,VGT,etf_leads_kalshi,300,21,-0.9841099228275467,-0.2803551655191401,0.7822347989665368,0.004119747930950268,0.4644270907727368,"Will the President's approval rating ever get above 41% by Nov 30, 2024?"
RATECUT-24SEP18,VOX,kalshi_leads_etf,5,50,0.012272304235494816,2.2078879096983757,0.03206358630882724,0.09219461591942135,0.4620130239894225,"Will the Federal Reserve cut rates before September 19, 2024?"
RATECUT-24SEP18,VOX,etf_leads_kalshi,5,50,2.585695932443309,0.3255129599926195,0.7462076262684052,0.0022026104460840523,0.4620130239894225,"Will the Federal Reserve cut rates before September 19, 2024?"
RATECUT-24SEP18,VOX,kalshi_leads_etf,10,50,0.019430437351344365,1.7427446150750867,0.08778205625314955,0.05950877488438011,0.4620130239894225,"Will the Federal Reserve cut rates before September 19, 2024?"
RATECUT-24SEP18,VOX,etf_leads_kalshi,10,50,6.138637572441074,1.6661391943997366,0.10219945564001814,0.05467186725590156,0.4620130239894225,"Will the Federal Reserve cut rates before September 19, 2024?"
RATECUT-24SEP18,VOX,kalshi_leads_etf,30,50,0.02175973196469596,1.0004008701678029,0.32213326268912373,0.02042419434387699,0.4620130239894225,"Will the Federal Reserve cut rates before September 19, 2024?"
RATECUT-24SEP18,VOX,etf_leads_kalshi,30,50,1.4340736092689792,1.63961760441329,0.10762320416252892,0.053036764991401864,0.4620130239894225,"Will the Federal Reserve cut rates before September 19, 2024?"
RATECUT-24SEP18,VOX,kalshi_leads_etf,60,50,0.03303089606428222,1.1004168442680757,0.2766386606609173,0.02460667874693545,0.4620130239894225,"Will the Federal Reserve cut rates before September 19, 2024?"
RATECUT-24SEP18,VOX,etf_leads_kalshi,60,50,1.4473575337883042,1.5693281103115932,0.12314093295369871,0.04880409273410935,0.4620130239894225,"Will the Federal Reserve cut rates before September 19, 2024?"
RATECUT-24SEP18,VOX,kalshi_leads_etf,120,50,-0.006954330204139909,-0.30787265857007007,0.7595112509669636,0.0019708077032463134,0.4620130239894225,"Will the Federal Reserve cut rates before September 19, 2024?"
RATECUT-24SEP18,VOX,etf_leads_kalshi,120,50,1.1079690421465251,1.5568830546669525,0.1260678075791121,0.04807017256437662,0.4620130239894225,"Will the Federal Reserve cut rates before September 19, 2024?"
RATECUT-24SEP18,VOX,kalshi_leads_etf,300,50,-0.061909952374895674,-1.923900576949137,0.06030770999860369,0.07159175380829352,0.4620130239894225,"Will the Federal Reserve cut rates before September 19, 2024?"
RATECUT-24SEP18,VOX,etf_leads_kalshi,300,49,1.262566544244044,1.96861007202659,0.05491116959506067,0.076174804805756,0.4620130239894225,"Will the Federal Reserve cut rates before September 19, 2024?"
AAAGASM-24SEP30-US-3.15,VCR,kalshi_leads_etf,5,23,1.5909587649690705e-05,0.26676547644867904,0.7922517740861755,0.003377308440803306,0.4585172328092671,Will average **gas prices** be above $3.15?
AAAGASM-24SEP30-US-3.15,VCR,etf_leads_kalshi,5,23,-213.14029540572534,-0.7207215992843199,0.4790277546178926,0.02413815753378057,0.4585172328092671,Will average **gas prices** be above $3.15?
AAAGASM-24SEP30-US-3.15,VCR,kalshi_leads_etf,10,23,-1.2885796703824196e-05,-0.08812500443453677,0.9306123013979073,0.0003696735959700659,0.4585172328092671,Will average **gas prices** be above $3.15?
AAAGASM-24SEP30-US-3.15,VCR,etf_leads_kalshi,10,23,-104.7944354369651,-0.47891004297785683,0.6369515599375287,0.010803664600719465,0.4585172328092671,Will average **gas prices** be above $3.15?
AAAGASM-24SEP30-US-3.15,VCR,kalshi_leads_etf,30,23,0.00011864356448271327,0.3650696886044535,0.7187103581198648,0.006306446682003419,0.4585172328092671,Will average **gas prices** be above $3.15?
AAAGASM-24SEP30-US-3.15,VCR,etf_leads_kalshi,30,23,-156.15172506532602,-1.0075429045103712,0.3251430135021267,0.04611111170426152,0.4585172328092671,Will average **gas prices** be above $3.15?
AAAGASM-24SEP30-US-3.15,VCR,kalshi_leads_etf,60,23,0.00034186863320400177,0.33282535943608815,0.7425658520241142,0.005247212944480828,0.4585172328092671,Will average **gas prices** be above $3.15?
AAAGASM-24SEP30-US-3.15,VCR,etf_leads_kalshi,60,23,-37.07009418764625,-0.41554880626685314,0.6819556255351482,0.008155831183411899,0.4585172328092671,Will average **gas prices** be above $3.15?
AAAGASM-24SEP30-US-3.15,VCR,kalshi_leads_etf,120,21,0.0009750248533162753,0.6402418459388409,0.5296614502349316,0.02111857444413534,0.4585172328092671,Will average **gas prices** be above $3.15?
AAAGASM-24SEP30-US-3.15,VCR,etf_leads_kalshi,120,23,95.29766299840404,1.0012899995047833,0.3280853653384844,0.04556654661981385,0.4585172328092671,Will average **gas prices** be above $3.15?
AAAGASM-24SEP30-US-3.15,VCR,kalshi_leads_etf,300,21,0.0013382347064904076,0.5239038140679854,0.6064034587592596,0.014240346544112992,0.4585172328092671,Will average **gas prices** be above $3.15?
AAAGASM-24SEP30-US-3.15,VCR,etf_leads_kalshi,300,23,13.872064406236584,0.3503625285331419,0.7295565180998014,0.005811453467343575,0.4585172328092671,Will average **gas prices** be above $3.15?
KXECKH276,VAW,kalshi_leads_etf,5,43,-5.116945460380788e-05,-0.17287764053462426,0.8635982378359962,0.0007284124090062294,0.4430827720119678,"Will Harris win 276-262 - PA, NV, MI, WI?"
KXECKH276,VAW,etf_leads_kalshi,5,43,-12.096200239352992,-0.170045497792834,0.8658106696368165,0.0007047583633992272,0.4430827720119678,"Will Harris win 276-262 - PA, NV, MI, WI?"
KXECKH276,VAW,kalshi_leads_etf,10,43,0.0003157135769649696,0.5846782677499469,0.5619679270565945,0.008268828988556853,0.4430827720119678,"Will Harris win 276-262 - PA, NV, MI, WI?"
KXECKH276,VAW,etf_leads_kalshi,10,43,1.16245908119671,0.025971320828036756,0.979406213164741,1.6451180709253777e-05,0.4430827720119678,"Will Harris win 276-262 - PA, NV, MI, WI?"
KXECKH276,VAW,kalshi_leads_etf,30,43,-0.00014026674498673702,-0.12441065689104948,0.9015981075235526,0.00037737001489301925,0.4430827720119678,"Will Harris win 276-262 - PA, NV, MI, WI?"
KXECKH276,VAW,etf_leads_kalshi,30,43,-24.62079618102267,-1.053718172840812,0.29818237930625446,0.026366979290667114,0.4430827720119678,"Will Harris win 276-262 - PA, NV, MI, WI?"
KXECKH276,VAW,kalshi_leads_etf,60,43,-0.0007335775047606004,-0.3314384691601585,0.742001524793036,0.0026721443873182205,0.4430827720119678,"Will Harris win 276-262 - PA, NV, MI, WI?"
KXECKH276,VAW,etf_leads_kalshi,60,43,-18.69635890411995,-1.139397982323121,0.26115043935617027,0.03069224955293659,0.4430827720119678,"Will Harris win 276-262 - PA, NV, MI, WI?"
KXECKH276,VAW,kalshi_leads_etf,120,43,-0.0011328668149560561,-0.42576871279825607,0.6725031913920811,0.004401975878699282,0.4430827720119678,"Will Harris win 276-262 - PA, NV, MI, WI?"
KXECKH276,VAW,etf_leads_kalshi,120,43,-13.27731656863605,-1.2799693550211044,0.20775105336585226,0.03842368766509496,0.4430827720119678,"Will Harris win 276-262 - PA, NV, MI, WI?"
KXECKH276,VAW,kalshi_leads_etf,300,42,-0.00020950338235233273,-0.05137679373056225,0.959280990493711,6.59850190407596e-05,0.4430827720119678,"Will Harris win 276-262 - PA, NV, MI, WI?"
KXECKH276,VAW,etf_leads_kalshi,300,43,-3.5481792165272044,-0.6785089857501526,0.5012610401362878,0.011103962516507582,0.4430827720119678,"Will Harris win 276-262 - PA, NV, MI, WI?"
AAAGASM-24SEP30-US-3.15,VOX,kalshi_leads_etf,5,23,4.978226584337877e-05,0.38120363047005296,0.7068815927404045,0.006872264593014932,0.4376033679857,Will average **gas prices** be above $3.15?
AAAGASM-24SEP30-US-3.15,VOX,etf_leads_kalshi,5,23,365.250459285105,0.8661882196412516,0.396175751548986,0.034495278302449695,0.4376033679857,Will average **gas prices** be above $3.15?
AAAGASM-24SEP30-US-3.15,VOX,kalshi_leads_etf,10,23,-9.383388987498084e-06,-0.04298462249933544,0.9661198855587113,8.7976915162713e-05,0.4376033679857,Will average **gas prices** be above $3.15?
AAAGASM-24SEP30-US-3.15,VOX,etf_leads_kalshi,10,23,17.201105340497108,0.07113545796022029,0.9439630592153069,0.00024090639675233838,0.4376033679857,Will average **gas prices** be above $3.15?
AAAGASM-24SEP30-US-3.15,VOX,kalshi_leads_etf,30,23,6.48888638747201e-06,0.02178105479913484,0.9828282414850114,2.2590649087161907e-05,0.4376033679857,Will average **gas prices** be above $3.15?
AAAGASM-24SEP30-US-3.15,VOX,etf_leads_kalshi,30,23,-107.95708496939537,-0.5672492475069418,0.5765590657222298,0.015091227558000186,0.4376033679857,Will average **gas prices** be above $3.15?
AAAGASM-24SEP30-US-3.15,VOX,kalshi_leads_etf,60,23,0.000513857463394278,0.5948782857430852,0.558280930296609,0.016572171987058293,0.4376033679857,Will average **gas prices** be above $3.15?
AAAGASM-24SEP30-US-3.15,VOX,etf_leads_kalshi,60,23,41.426103699808614,0.4824870185314256,0.6344511631759739,0.010963876260833727,0.4376033679857,Will average **gas prices** be above $3.15?
AAAGASM-24SEP30-US-3.15,VOX,kalshi_leads_etf,120,21,0.0010129332103454704,0.6300082680023968,0.536192996253834,0.02046255868605429,0.4376033679857,Will average **gas prices** be above $3.15?
AAAGASM-24SEP30-US-3.15,VOX,etf_leads_kalshi,120,23,31.738650836144316,0.5385182235501671,0.5958821112569022,0.013621505473309314,0.4376033679857,Will average **gas prices** be above $3.15?
AAAGASM-24SEP30-US-3.15,VOX,kalshi_leads_etf,300,21,0.0020192826175603595,0.9391920481302714,0.35941950629214414,0.044365661324387795,0.4376033679857,Will average **gas prices** be above $3.15?
AAAGASM-24SEP30-US-3.15,VOX,etf_leads_kalshi,300,23,16.002999453316985,0.4340794565851465,0.6686578575980489,0.008892825911074986,0.4376033679857,Will average **gas prices** be above $3.15?
538APPROVEMAX-24SEP30-T43,VAW,kalshi_leads_etf,5,21,-3.713102360234466e-05,-0.17584251289881647,0.8622782545150512,0.0016247553131975012,0.4350143803811237,"Will the President's approval rating ever get above 43% by Sep 30, 2024?"
538APPROVEMAX-24SEP30-T43,VAW,etf_leads_kalshi,5,21,-141.29709045308746,-0.6518623758894075,0.5222979913949812,0.02187522303374212,0.4350143803811237,"Will the President's approval rating ever get above 43% by Sep 30, 2024?"
538APPROVEMAX-24SEP30-T43,VAW,kalshi_leads_etf,10,21,-0.00017889310416614902,-0.44073376908654477,0.6643795094122968,0.010120025169546576,0.4350143803811237,"Will the President's approval rating ever get above 43% by Sep 30, 2024?"
538APPROVEMAX-24SEP30-T43,VAW,etf_leads_kalshi,10,21,24.65654061384382,0.28766752182725275,0.7767154705103422,0.004336512914846602,0.4350143803811237,"Will the President's approval rating ever get above 43% by Sep 30, 2024?"
538APPROVEMAX-24SEP30-T43,VAW,kalshi_leads_etf,30,21,0.0007491349911491239,0.8393743929776128,0.41169650930205215,0.03575567034293492,0.4350143803811237,"Will the President's approval rating ever get above 43% by Sep 30, 2024?"
538APPROVEMAX-24SEP30-T43,VAW,etf_leads_kalshi,30,21,32.04508001370392,0.8233147094217755,0.42054344721252024,0.034447219095423476,0.4350143803811237,"Will the President's approval rating ever get above 43% by Sep 30, 2024?"
538APPROVEMAX-24SEP30-T43,VAW,kalshi_leads_etf,60,21,0.0016220765475019904,0.9394003051091377,0.35931534590264735,0.044384465463742306,0.4350143803811237,"Will the President's approval rating ever get above 43% by Sep 30, 2024?"
538APPROVEMAX-24SEP30-T43,VAW,etf_leads_kalshi,60,21,-19.237954843727042,-0.8815503799258362,0.3890362251955696,0.039294428979842144,0.4350143803811237,"Will the President's approval rating ever get above 43% by Sep 30, 2024?"
538APPROVEMAX-24SEP30-T43,VAW,kalshi_leads_etf,120,21,0.0035825485638730885,1.1852009926167753,0.25055070933901646,0.06884204604869104,0.4350143803811237,"Will the President's approval rating ever get above 43% by Sep 30, 2024?"
538APPROVEMAX-24SEP30-T43,VAW,etf_leads_kalshi,120,21,-17.405270332338812,-1.216986818589354,0.23851031449488588,0.07231350035546091,0.4350143803811237,"Will the President's approval rating ever get above 43% by Sep 30, 2024?"
538APPROVEMAX-24SEP30-T43,VAW,kalshi_leads_etf,300,21,0.007397861665791903,0.9577494091399177,0.3502184491245348,0.04605466959747573,0.4350143803811237,"Will the President's approval rating ever get above 43% by Sep 30, 2024?"
538APPROVEMAX-24SEP30-T43,VAW,etf_leads_kalshi,300,21,-1.491337956863975,-0.19772436203104307,0.8453607495618104,0.0020534024068893375,0.4350143803811237,"Will the President's approval rating ever get above 43% by Sep 30, 2024?"
KXECDJT281,VNQ,kalshi_leads_etf,5,287,2.9920474962893497e-05,0.1764097202771183,0.8600973579934718,0.00010918242669699652,0.4303337624527567,"Will Trump win 281-257 - AZ, GA, NC, PA?"
KXECDJT281,VNQ,etf_leads_kalshi,5,287,7.500848953208223,0.4440834986162205,0.6573192095924743,0.0006914869666394541,0.4303337624527567,"Will Trump win 281-257 - AZ, GA, NC, PA?"
KXECDJT281,VNQ,kalshi_leads_etf,10,287,-0.00013416497365085518,-0.5003067657924188,0.6172451894255122,0.0008774990030795404,0.4303337624527567,"Will Trump win 281-257 - AZ, GA, NC, PA?"
KXECDJT281,VNQ,etf_leads_kalshi,10,287,5.214635077962594,0.42780907424846165,0.6691132117405072,0.0006417654305704845,0.4303337624527567,"Will Trump win 281-257 - AZ, GA, NC, PA?"
KXECDJT281,VNQ,kalshi_leads_etf,30,287,-9.848033774184932e-05,-0.2236228761177421,0.8232109706442929,0.0001754330449454944,0.4303337624527567,"Will Trump win 281-257 - AZ, GA, NC, PA?"
KXECDJT281,VNQ,etf_leads_kalshi,30,287,-4.60835004064608,-0.5603764456730085,0.5756629229718299,0.0011006180450827685,0.4303337624527567,"Will Trump win 281-257 - AZ, GA, NC, PA?"
KXECDJT281,VNQ,kalshi_leads_etf,60,287,-0.0005142725891336982,-0.9091736947957462,0.3640266498457685,0.0028919520315522362,0.4303337624527567,"Will Trump win 281-257 - AZ, GA, NC, PA?"
KXECDJT281,VNQ,etf_leads_kalshi,60,287,-7.004124769228269,-1.0922713245832976,0.2756363166653092,0.0041687127580477545,0.4303337624527567,"Will Trump win 281-257 - AZ, GA, NC, PA?"
KXECDJT281,VNQ,kalshi_leads_etf,120,287,-0.00014193998808918843,-0.160026771027852,0.8729733441828369,8.984654948829274e-05,0.4303337624527567,"Will Trump win 281-257 - AZ, GA, NC, PA?"
KXECDJT281,VNQ,etf_leads_kalshi,120,287,-4.2957822365753655,-1.0179120729149544,0.3095830648283131,0.003622426767878717,0.4303337624527567,"Will Trump win 281-257 - AZ, GA, NC, PA?"
KXECDJT281,VNQ,kalshi_leads_etf,300,287,0.0016522184645855716,1.3951079009684284,0.1640695162527291,0.006782892403958463,0.4303337624527567,"Will Trump win 281-257 - AZ, GA, NC, PA?"
KXECDJT281,VNQ,etf_leads_kalshi,300,287,-1.3054427795126902,-0.40473744911065973,0.6859741115401392,0.000574450177715069,0.4303337624527567,"Will Trump win 281-257 - AZ, GA, NC, PA?"
FEDDECISION-24SEP-C25,VOX,kalshi_leads_etf,5,1051,-9.05007779591739e-05,-0.6539465876895745,0.5132895455707618,0.0004075041677471525,0.4259019059689291,Will the Federal Reserve Cut rates by 25bps at their September 2024 meeting?
FEDDECISION-24SEP-C25,VOX,etf_leads_kalshi,5,1051,-0.44948399579689546,-0.05399629316348963,0.956948398858555,2.7794009264114905e-06,0.4259019059689291,Will the Federal Reserve Cut rates by 25bps at their September 2024 meeting?
FEDDECISION-24SEP-C25,VOX,kalshi_leads_etf,10,1051,-8.279691985612229e-05,-0.4425208840283014,0.6582035480994528,0.00018664269165480363,0.4259019059689291,Will the Federal Reserve Cut rates by 25bps at their September 2024 meeting?
FEDDECISION-24SEP-C25,VOX,etf_leads_kalshi,10,1051,0.41661235956768183,0.08370286717419949,0.9333086474245895,6.678859084785493e-06,0.4259019059689291,Will the Federal Reserve Cut rates by 25bps at their September 2024 meeting?
FEDDECISION-24SEP-C25,VOX,kalshi_leads_etf,30,1048,-0.0006112371039872122,-2.053587180198363,0.04026386038831377,0.004015569565164578,0.4259019059689291,Will the Federal Reserve Cut rates by 25bps at their September 2024 meeting?
FEDDECISION-24SEP-C25,VOX,etf_leads_kalshi,30,1051,1.696790001452832,0.6422307455086236,0.5208636974639012,0.0003930392920498127,0.4259019059689291,Will the Federal Reserve Cut rates by 25bps at their September 2024 meeting?
FEDDECISION-24SEP-C25,VOX,kalshi_leads_etf,60,1047,-0.0009372152242421781,-2.169615387374208,0.030260800124812297,0.00448432743000593,0.4259019059689291,Will the Federal Reserve Cut rates by 25bps at their September 2024 meeting?
FEDDECISION-24SEP-C25,VOX,etf_leads_kalshi,60,1050,-1.0480220503543303,-0.576332586444838,0.5645141528490007,0.0003168454265829457,0.4259019059689291,Will the Federal Reserve Cut rates by 25bps at their September 2024 meeting?
FEDDECISION-24SEP-C25,VOX,kalshi_leads_etf,120,1047,-0.0007347779420843342,-1.3232580147968267,0.18603903359358892,0.0016728063828254092,0.4259019059689291,Will the Federal Reserve Cut rates by 25bps at their September 2024 meeting?
FEDDECISION-24SEP-C25,VOX,etf_leads_kalshi,120,1049,-0.7693220833101193,-0.5283309216761325,0.5973816368673801,0.0002665321535143539,0.4259019059689291,Will the Federal Reserve Cut rates by 25bps at their September 2024 meeting?
FEDDECISION-24SEP-C25,VOX,kalshi_leads_etf,300,1044,-0.00032482493186663516,-0.35699120042422783,0.7211706757706355,0.00012229091371773748,0.4259019059689291,Will the Federal Reserve Cut rates by 25bps at their September 2024 meeting?
FEDDECISION-24SEP-C25,VOX,etf_leads_kalshi,300,1043,-0.32940496339447073,-0.3288469584094461,0.7423375097015723,0.00010387040295511962,0.4259019059689291,Will the Federal Reserve Cut rates by 25bps at their September 2024 meeting?
FEDDECISION-24SEP-C25,VPU,kalshi_leads_etf,5,1051,-0.0001340942922931458,-1.2321882188695281,0.21815489416740558,0.0014452749888731464,0.4196610274034253,Will the Federal Reserve Cut rates by 25bps at their September 2024 meeting?
FEDDECISION-24SEP-C25,VPU,etf_leads_kalshi,5,1051,-1.9071565822408623,-0.17896512007996312,0.8579996482780661,3.0531493161900514e-05,0.4196610274034253,Will the Federal Reserve Cut rates by 25bps at their September 2024 meeting?
FEDDECISION-24SEP-C25,VPU,kalshi_leads_etf,10,1051,-0.00017353215855886822,-1.1318293996736566,0.25796482771145957,0.0012197095290431559,0.4196610274034253,Will the Federal Reserve Cut rates by 25bps at their September 2024 meeting?
FEDDECISION-24SEP-C25,VPU,etf_leads_kalshi,10,1051,-5.830401196636487,-0.8385049190025721,0.40193820815312487,0.0006697993990446571,0.4196610274034253,Will the Federal Reserve Cut rates by 25bps at their September 2024 meeting?
FEDDECISION-24SEP-C25,VPU,kalshi_leads_etf,30,1048,-0.0004824830963407699,-1.7117977474908752,0.08723037238571145,0.0027935618445987798,0.4196610274034253,Will the Federal Reserve Cut rates by 25bps at their September 2024 meeting?
FEDDECISION-24SEP-C25,VPU,etf_leads_kalshi,30,1051,-2.2366683960203124,-0.7146269060399015,0.4749986099690332,0.0004865997258688415,0.4196610274034253,Will the Federal Reserve Cut rates by 25bps at their September 2024 meeting?
FEDDECISION-24SEP-C25,VPU,kalshi_leads_etf,60,1047,-0.0008727102085257751,-2.1904425598159962,0.02871251097265109,0.004570439676393145,0.4196610274034253,Will the Federal Reserve Cut rates by 25bps at their September 2024 meeting?
FEDDECISION-24SEP-C25,VPU,etf_leads_kalshi,60,1050,-3.7297965715836603,-1.6316182422449854,0.10306036616241412,0.002533809766779971,0.4196610274034253,Will the Federal Reserve Cut rates by 25bps at their September 2024 meeting?
FEDDECISION-24SEP-C25,VPU,kalshi_leads_etf,120,1047,-0.0006374086160450014,-1.2615133872471196,0.2074054604640352,0.0015205704937329978,0.4196610274034253,Will the Federal Reserve Cut rates by 25bps at their September 2024 meeting?
FEDDECISION-24SEP-C25,VPU,etf_leads_kalshi,120,1049,-1.377266527204339,-0.7950274709245473,0.42677770608360477,0.00060333078608521,0.4196610274034253,Will the Federal Reserve Cut rates by 25bps at their September 2024 meeting?
FEDDECISION-24SEP-C25,VPU,kalshi_leads_etf,300,1044,-0.0006187565060563958,-0.8195980588898419,0.4126327049783096,0.0006442497209195874,0.4196610274034253,Will the Federal Reserve Cut rates by 25bps at their September 2024 meeting?
FEDDECISION-24SEP-C25,VPU,etf_leads_kalshi,300,1043,-0.9112287856783985,-0.8122585815950464,0.41682897270880215,0.0006333776403527613,0.4196610274034253,Will the Federal Reserve Cut rates by 25bps at their September 2024 meeting?
RATECUT-24SEP18,VGT,kalshi_leads_etf,5,50,0.015487853791907086,1.988997683186279,0.05241756941713301,0.07614333805787155,0.4188652374430102,"Will the Federal Reserve cut rates before September 19, 2024?"
RATECUT-24SEP18,VGT,etf_leads_kalshi,5,50,1.6382706074457132,0.5196054822021419,0.6057265765299327,0.005593327405570392,0.4188652374430102,"Will the Federal Reserve cut rates before September 19, 2024?"
RATECUT-24SEP18,VGT,kalshi_leads_etf,10,50,0.026698349454163193,1.7531318306608592,0.08596405708427221,0.06017744912417333,0.4188652374430102,"Will the Federal Reserve cut rates before September 19, 2024?"
RATECUT-24SEP18,VGT,etf_leads_kalshi,10,50,3.837780456639677,1.9149165316951033,0.061472674484046017,0.07097203326597068,0.4188652374430102,"Will the Federal Reserve cut rates before September 19, 2024?"
RATECUT-24SEP18,VGT,kalshi_leads_etf,30,50,0.032205913453700726,1.1280879111056288,0.2648899661475057,0.025827392737928223,0.4188652374430102,"Will the Federal Reserve cut rates before September 19, 2024?"
RATECUT-24SEP18,VGT,etf_leads_kalshi,30,50,1.0783382687059146,1.5696487928004488,0.12306624307696253,0.04882306649447177,0.4188652374430102,"Will the Federal Reserve cut rates before September 19, 2024?"
RATECUT-24SEP18,VGT,kalshi_leads_etf,60,50,0.04462062879508938,1.1301060557843232,0.2640471775815047,0.025917488416841827,0.4188652374430102,"Will the Federal Reserve cut rates before September 19, 2024?"
RATECUT-24SEP18,VGT,etf_leads_kalshi,60,50,1.3224532863340335,1.885246417356758,0.06545744451769454,0.06894020703788362,0.4188652374430102,"Will the Federal Reserve cut rates before September 19, 2024?"
RATECUT-24SEP18,VGT,kalshi_leads_etf,120,50,0.010869796244060074,0.28486036374535223,0.7769765922148034,0.0016876766581322977,0.4188652374430102,"Will the Federal Reserve cut rates before September 19, 2024?"
RATECUT-24SEP18,VGT,etf_leads_kalshi,120,50,0.9408519068402663,1.712735946195656,0.09321467209127708,0.05759404852419092,0.4188652374430102,"Will the Federal Reserve cut rates before September 19, 2024?"
RATECUT-24SEP18,VGT,kalshi_leads_etf,300,50,-0.05294657054900358,-1.156856431651273,0.25305599885098123,0.027125303215841723,0.4188652374430102,"Will the Federal Reserve cut rates before September 19, 2024?"
RATECUT-24SEP18,VGT,etf_leads_kalshi,300,49,0.6691520768211083,1.378139679400249,0.17468604171271057,0.038840436998598515,0.4188652374430102,"Will the Federal Reserve cut rates before September 19, 2024?"
KX538APPROVEMIN-24NOV30-T37,VFH,kalshi_leads_etf,5,48,0.00011949902840053223,0.47191356959670755,0.6392194476313166,0.004818031086966101,0.3994368789896889,"Will the President's approval rating ever get below 37% by Nov 30, 2024?"
KX538APPROVEMIN-24NOV30-T37,VFH,etf_leads_kalshi,5,48,-97.96796292129926,-0.8261231483569683,0.41299865381396705,0.014619605989240614,0.3994368789896889,"Will the President's approval rating ever get below 37% by Nov 30, 2024?"
KX538APPROVEMIN-24NOV30-T37,VFH,kalshi_leads_etf,10,48,-4.310351767477285e-05,-0.15567000479169743,0.8769742723905802,0.0005265302370747182,0.3994368789896889,"Will the President's approval rating ever get below 37% by Nov 30, 2024?"
KX538APPROVEMIN-24NOV30-T37,VFH,etf_leads_kalshi,10,48,68.87040627137942,0.9465684945365411,0.3488047939044483,0.01910593801867022,0.3994368789896889,"Will the President's approval rating ever get below 37% by Nov 30, 2024?"
KX538APPROVEMIN-24NOV30-T37,VFH,kalshi_leads_etf,30,48,-0.00018956983214118902,-0.3342597575233094,0.7397027859883776,0.0024230187525795532,0.3994368789896889,"Will the President's approval rating ever get below 37% by Nov 30, 2024?"
KX538APPROVEMIN-24NOV30-T37,VFH,etf_leads_kalshi,30,48,-5.134329167110938,-0.15066115790308235,0.8809017492102328,0.0004932084623497923,0.3994368789896889,"Will the President's approval rating ever get below 37% by Nov 30, 2024?"
KX538APPROVEMIN-24NOV30-T37,VFH,kalshi_leads_etf,60,48,-0.0008376220917124214,-1.2692303180856985,0.2107433383280449,0.03383561447971217,0.3994368789896889,"Will the President's approval rating ever get below 37% by Nov 30, 2024?"
KX538APPROVEMIN-24NOV30-T37,VFH,etf_leads_kalshi,60,48,12.194881538215569,0.37967620709582367,0.7059330571136531,0.0031239931750662864,0.3994368789896889,"Will the President's approval rating ever get below 37% by Nov 30, 2024?"
KX538APPROVEMIN-24NOV30-T37,VFH,kalshi_leads_etf,120,47,7.288322545705422e-05,0.04347007287688627,0.9655191404002134,4.1990397530833334e-05,0.3994368789896889,"Will the President's approval rating ever get below 37% by Nov 30, 2024?"
KX538APPROVEMIN-24NOV30-T37,VFH,etf_leads_kalshi,120,48,43.17529359157169,1.8384486277566265,0.07245796202838622,0.06844675286095825,0.3994368789896889,"Will the President's approval rating ever get below 37% by Nov 30, 2024?"
KX538APPROVEMIN-24NOV30-T37,VFH,kalshi_leads_etf,300,47,0.0015043419853996286,0.75919490445947,0.4516946694811558,0.012646395833185053,0.3994368789896889,"Will the President's approval rating ever get below 37% by Nov 30, 2024?"
KX538APPROVEMIN-24NOV30-T37,VFH,etf_leads_kalshi,300,48,14.151719074639853,1.092819340691526,0.2801634040300987,0.02530507439678431,0.3994368789896889,"Will the President's approval rating ever get below 37% by Nov 30, 2024?"
KX538APPROVEMAX-24NOV30-T41,VHT,kalshi_leads_etf,5,21,-0.0006198481312233509,-0.5371959787487653,0.5973679340069469,0.014961159752113762,0.3794626198918358,"Will the President's approval rating ever get above 41% by Nov 30, 2024?"
KX538APPROVEMAX-24NOV30-T41,VHT,etf_leads_kalshi,5,21,-107.10672842210695,-1.140917554162407,0.26808143807860424,0.06411745434365501,0.3794626198918358,"Will the President's approval rating ever get above 41% by Nov 30, 2024?"
KX538APPROVEMAX-24NOV30-T41,VHT,kalshi_leads_etf,10,21,0.00016044762717735072,0.1711005124558909,0.8659537552572171,0.0015384393136267382,0.3794626198918358,"Will the President's approval rating ever get above 41% by Nov 30, 2024?"
KX538APPROVEMAX-24NOV30-T41,VHT,etf_leads_kalshi,10,21,-90.79234375650896,-1.7031963666844625,0.10483389084028315,0.1324548669495783,0.3794626198918358,"Will the President's approval rating ever get above 41% by Nov 30, 2024?"
KX538APPROVEMAX-24NOV30-T41,VHT,kalshi_leads_etf,30,21,-0.00010885258782668229,-0.06110734296866523,0.9519119382666382,0.00019649334933857787,0.3794626198918358,"Will the President's approval rating ever get above 41% by Nov 30, 2024?"
KX538APPROVEMAX-24NOV30-T41,VHT,etf_leads_kalshi,30,21,-69.79283497907105,-2.4194057285860726,0.02574328447691364,0.23552088873946542,0.3794626198918358,"Will the President's approval rating ever get above 41% by Nov 30, 2024?"
KX538APPROVEMAX-24NOV30-T41,VHT,kalshi_leads_etf,60,21,0.003224027299575124,0.7208353941773676,0.47978683503126285,0.026619580725260827,0.3794626198918358,"Will the President's approval rating ever get above 41% by Nov 30, 2024?"
KX538APPROVEMAX-24NOV30-T41,VHT,etf_leads_kalshi,60,21,-16.478836733944288,-0.9402930903740487,0.35886904878700376,0.044465116541570815,0.3794626198918358,"Will the President's approval rating ever get above 41% by Nov 30, 2024?"
KX538APPROVEMAX-24NOV30-T41,VHT,kalshi_leads_etf,120,21,0.005311452029594122,0.9272033835634722,0.3654502215213268,0.04328896457658182,0.3794626198918358,"Will the President's approval rating ever get above 41% by Nov 30, 2024?"
KX538APPROVEMAX-24NOV30-T41,VHT,etf_leads_kalshi,120,21,-17.923997538374525,-1.2994018874210322,0.20935245840361763,0.0816129604425655,0.3794626198918358,"Will the President's approval rating ever get above 41% by Nov 30, 2024?"
KX538APPROVEMAX-24NOV30-T41,VHT,kalshi_leads_etf,300,21,0.0037942547635308283,0.40661557450584507,0.688834079695389,0.008626836674607175,0.3794626198918358,"Will the President's approval rating ever get above 41% by Nov 30, 2024?"
KX538APPROVEMAX-24NOV30-T41,VHT,etf_leads_kalshi,300,21,-0.3431919756122195,-0.05569717425566434,0.9561645817995876,0.0001632457264852949,0.3794626198918358,"Will the President's approval rating ever get above 41% by Nov 30, 2024?"
538APPROVEMAX-24SEP30-T43,VIS,kalshi_leads_etf,5,21,0.0006057130465471615,1.2167875943801347,0.23858438310179583,0.07229153786498588,0.3782727574897792,"Will the President's approval rating ever get above 43% by Sep 30, 2024?"
538APPROVEMAX-24SEP30-T43,VIS,etf_leads_kalshi,5,21,-235.19952127328617,-2.3125003760005973,0.03211837008979037,0.2196374695019242,0.3782727574897792,"Will the President's approval rating ever get above 43% by Sep 30, 2024?"
538APPROVEMAX-24SEP30-T43,VIS,kalshi_leads_etf,10,21,0.0017036778610217912,1.897176300524994,0.07310978828432553,0.15926517337269142,0.3782727574897792,"Will the President's approval rating ever get above 43% by Sep 30, 2024?"
538APPROVEMAX-24SEP30-T43,VIS,etf_leads_kalshi,10,21,-4.35692855581987,-0.10418598672799716,0.9181136850653012,0.0005709748451846464,0.3782727574897792,"Will the President's approval rating ever get above 43% by Sep 30, 2024?"
538APPROVEMAX-24SEP30-T43,VIS,kalshi_leads_etf,30,21,0.00213192249988998,1.395201538680243,0.17905095129562498,0.09293100124330078,0.3782727574897792,"Will the President's approval rating ever get above 43% by Sep 30, 2024?"
538APPROVEMAX-24SEP30-T43,VIS,etf_leads_kalshi,30,21,35.73477215738245,0.8726574989824313,0.3937448183115395,0.0385360378338534,0.3782727574897792,"Will the President's approval rating ever get above 43% by Sep 30, 2024?"
538APPROVEMAX-24SEP30-T43,VIS,kalshi_leads_etf,60,21,0.002769014576379009,1.0654050547268665,0.3000451094226636,0.05637362670318469,0.3782727574897792,"Will the President's approval rating ever get above 43% by Sep 30, 2024?"
538APPROVEMAX-24SEP30-T43,VIS,etf_leads_kalshi,60,21,-8.5369158568015,-0.3815837485113989,0.7070040503582555,0.007605199643877292,0.3782727574897792,"Will the President's approval rating ever get above 43% by Sep 30, 2024?"
538APPROVEMAX-24SEP30-T43,VIS,kalshi_leads_etf,120,21,0.004251010858676019,1.0189178509239039,0.32104170051474795,0.051810737451327915,0.3782727574897792,"Will the President's approval rating ever get above 43% by Sep 30, 2024?"
538APPROVEMAX-24SEP30-T43,VIS,etf_leads_kalshi,120,21,-22.92387885832936,-1.6546517250848616,0.1144206491509282,0.12594941628122347,0.3782727574897792,"Will the President's approval rating ever get above 43% by Sep 30, 2024?"
538APPROVEMAX-24SEP30-T43,VIS,kalshi_leads_etf,300,21,0.005860847377942194,0.8257727036637871,0.4191816188702844,0.034646072725685095,0.3782727574897792,"Will the President's approval rating ever get above 43% by Sep 30, 2024?"
538APPROVEMAX-24SEP30-T43,VIS,etf_leads_kalshi,300,21,-5.6558352527932225,-0.7518665247096437,0.46134442884182647,0.028893151470719247,0.3782727574897792,"Will the President's approval rating ever get above 43% by Sep 30, 2024?"
KXECDJT281,VOX,kalshi_leads_etf,5,287,3.6612516342632314e-05,0.36657513611929016,0.7142079538710688,0.00047127719806716595,0.3259960474534679,"Will Trump win 281-257 - AZ, GA, NC, PA?"
KXECDJT281,VOX,etf_leads_kalshi,5,287,-26.596458429677636,-0.9075754185692584,0.3648693328106608,0.002881822466644035,0.3259960474534679,"Will Trump win 281-257 - AZ, GA, NC, PA?"
KXECDJT281,VOX,kalshi_leads_etf,10,287,7.752484530289195e-06,0.05101861168054767,0.959346428349635,9.132894617236431e-06,0.3259960474534679,"Will Trump win 281-257 - AZ, GA, NC, PA?"
KXECDJT281,VOX,etf_leads_kalshi,10,287,-9.321056634552772,-0.4599734809763314,0.6458859646232098,0.0007418198323613234,0.3259960474534679,"Will Trump win 281-257 - AZ, GA, NC, PA?"
KXECDJT281,VOX,kalshi_leads_etf,30,287,-0.00041765567012348384,-1.2532713934116386,0.21113414656938742,0.005480983383220117,0.3259960474534679,"Will Trump win 281-257 - AZ, GA, NC, PA?"
KXECDJT281,VOX,etf_leads_kalshi,30,287,-19.417863879192648,-1.6664005048089896,0.09673227406040871,0.00964945668927275,0.3259960474534679,"Will Trump win 281-257 - AZ, GA, NC, PA?"
KXECDJT281,VOX,kalshi_leads_etf,60,287,-0.0006973952867305854,-1.6040401367790051,0.10981277200988705,0.008947103012565294,0.3259960474534679,"Will Trump win 281-257 - AZ, GA, NC, PA?"
KXECDJT281,VOX,etf_leads_kalshi,60,287,-4.042034998250554,-0.468475419954136,0.6398027458531471,0.0007694748878892543,0.3259960474534679,"Will Trump win 281-257 - AZ, GA, NC, PA?"
KXECDJT281,VOX,kalshi_leads_etf,120,287,-0.0008086966277934534,-1.2580246660139094,0.20941254762178038,0.005522407558532394,0.3259960474534679,"Will Trump win 281-257 - AZ, GA, NC, PA?"
KXECDJT281,VOX,etf_leads_kalshi,120,287,1.696121655853874,0.2573650441449541,0.7970827030661483,0.00023235570335944367,0.3259960474534679,"Will Trump win 281-257 - AZ, GA, NC, PA?"
KXECDJT281,VOX,kalshi_leads_etf,300,287,-0.00034069075931232487,-0.3283041995726965,0.7429227449789984,0.00037804526441964637,0.3259960474534679,"Will Trump win 281-257 - AZ, GA, NC, PA?"
KXECDJT281,VOX,etf_leads_kalshi,300,287,2.238628284875616,0.595350887918751,0.5520813831022713,0.0012421137600560073,0.3259960474534679,"Will Trump win 281-257 - AZ, GA, NC, PA?"
KXECDJT306,VDC,kalshi_leads_etf,5,120,-1.897662092856569e-05,-0.6538131073101058,0.5145043375615175,0.0036095643484568285,0.3214474527210765,"Will Trump win 306-232 - AZ, GA, MI, PA, WI, NC?"
KXECDJT306,VDC,etf_leads_kalshi,5,120,78.3597871184233,0.4804297958377234,0.6318112910091459,0.0019522219570728971,0.3214474527210765,"Will Trump win 306-232 - AZ, GA, MI, PA, WI, NC?"
KXECDJT306,VDC,kalshi_leads_etf,10,120,-9.875445111403686e-05,-1.9945813221731092,0.04839367794473321,0.03261525097753848,0.3214474527210765,"Will Trump win 306-232 - AZ, GA, MI, PA, WI, NC?"
KXECDJT306,VDC,etf_leads_kalshi,10,120,41.43105212401095,0.3523219622330612,0.7252252934089712,0.0010508501884232135,0.3214474527210765,"Will Trump win 306-232 - AZ, GA, MI, PA, WI, NC?"
KXECDJT306,VDC,kalshi_leads_etf,30,120,-0.0001544732391055925,-1.2593366734371554,0.21039412564508378,0.013261835002003841,0.3214474527210765,"Will Trump win 306-232 - AZ, GA, MI, PA, WI, NC?"
KXECDJT306,VDC,etf_leads_kalshi,30,120,-19.85987593164326,-0.32258812184839436,0.7475780636195403,0.0008811136012553122,0.3214474527210765,"Will Trump win 306-232 - AZ, GA, MI, PA, WI, NC?"
KXECDJT306,VDC,kalshi_leads_etf,60,120,-0.00043592890466586325,-2.59783363540936,0.010576114613355645,0.05409865958607385,0.3214474527210765,"Will Trump win 306-232 - AZ, GA, MI, PA, WI, NC?"
KXECDJT306,VDC,etf_leads_kalshi,60,120,-13.574604704249598,-0.3903295167565559,0.6969966314712941,0.001289497182706767,0.3214474527210765,"Will Trump win 306-232 - AZ, GA, MI, PA, WI, NC?"
KXECDJT306,VDC,kalshi_leads_etf,120,120,-0.00015901806383690107,-0.5491039218364167,0.5839717294756872,0.002548700383743885,0.3214474527210765,"Will Trump win 306-232 - AZ, GA, MI, PA, WI, NC?"
KXECDJT306,VDC,etf_leads_kalshi,120,120,-45.03647442462372,-2.0323856575991543,0.04435956916504331,0.03382110421144202,0.3214474527210765,"Will Trump win 306-232 - AZ, GA, MI, PA, WI, NC?"
KXECDJT306,VDC,kalshi_leads_etf,300,120,0.00048597319176674545,0.8582085588562179,0.3925171733520748,0.006202993977920679,0.3214474527210765,"Will Trump win 306-232 - AZ, GA, MI, PA, WI, NC?"
KXECDJT306,VDC,etf_leads_kalshi,300,120,-42.47779921091836,-2.4491484925806355,0.01578908852127993,0.04837426777500731,0.3214474527210765,"Will Trump win 306-232 - AZ, GA, MI, PA, WI, NC?"
KX538APPROVEMIN-24NOV30-T37,VNQ,kalshi_leads_etf,5,50,0.0002804178918610295,0.6526068765874256,0.5171232067185428,0.008794793134990542,0.3167379943731065,"Will the President's approval rating ever get below 37% by Nov 30, 2024?"
KX538APPROVEMIN-24NOV30-T37,VNQ,etf_leads_kalshi,5,50,-101.77121514401624,-1.0608804703368884,0.2940532016490423,0.02291005933463841,0.3167379943731065,"Will the President's approval rating ever get below 37% by Nov 30, 2024?"
KX538APPROVEMIN-24NOV30-T37,VNQ,kalshi_leads_etf,10,50,0.00026219868343599774,0.609072295755656,0.5453486147300504,0.007669250144352491,0.3167379943731065,"Will the President's approval rating ever get below 37% by Nov 30, 2024?"
KX538APPROVEMIN-24NOV30-T37,VNQ,etf_leads_kalshi,10,50,13.572381499164006,0.1774088645696938,0.859933781737657,0.0006552766898222373,0.3167379943731065,"Will the President's approval rating ever get below 37% by Nov 30, 2024?"
KX538APPROVEMIN-24NOV30-T37,VNQ,kalshi_leads_etf,30,50,3.085703675136403e-05,0.04708164810571546,0.9626435010705782,4.617873385004412e-05,0.3167379943731065,"Will the President's approval rating ever get below 37% by Nov 30, 2024?"
KX538APPROVEMIN-24NOV30-T37,VNQ,etf_leads_kalshi,30,50,4.058176647620532,0.10925298315073347,0.9134573102038699,0.0002486093098608144,0.3167379943731065,"Will the President's approval rating ever get below 37% by Nov 30, 2024?"
KX538APPROVEMIN-24NOV30-T37,VNQ,kalshi_leads_etf,60,50,2.4005340036403018e-05,0.0314127130842277,0.9750706580030633,2.0557047051283917e-05,0.3167379943731065,"Will the President's approval rating ever get below 37% by Nov 30, 2024?"
KX538APPROVEMIN-24NOV30-T37,VNQ,etf_leads_kalshi,60,50,21.881989356153554,0.7932646025964887,0.43152754925419345,0.012940123225579359,0.3167379943731065,"Will the President's approval rating ever get below 37% by Nov 30, 2024?"
KX538APPROVEMIN-24NOV30-T37,VNQ,kalshi_leads_etf,120,49,0.0006106913896788727,0.43703953785419125,0.6640841833189348,0.00404745699918152,0.3167379943731065,"Will the President's approval rating ever get below 37% by Nov 30, 2024?"
KX538APPROVEMIN-24NOV30-T37,VNQ,etf_leads_kalshi,120,50,5.857268185184279,0.2827674205357155,0.7785709835581939,0.0016630092541000119,0.3167379943731065,"Will the President's approval rating ever get below 37% by Nov 30, 2024?"
KX538APPROVEMIN-24NOV30-T37,VNQ,kalshi_leads_etf,300,49,0.004421484152263458,2.99179023527394,0.0044073732482975995,0.1599763971594258,0.3167379943731065,"Will the President's approval rating ever get below 37% by Nov 30, 2024?"
KX538APPROVEMIN-24NOV30-T37,VNQ,etf_leads_kalshi,300,50,-5.091162357520085,-0.3751440166573661,0.7092059562349082,0.0029233670608350693,0.3167379943731065,"Will the President's approval rating ever get below 37% by Nov 30, 2024?"
KXECDJT281,VGT,kalshi_leads_etf,5,287,6.340993528602586e-05,0.48963578916094186,0.6247683036115592,0.0008404972018716261,0.3150074068770069,"Will Trump win 281-257 - AZ, GA, NC, PA?"
KXECDJT281,VGT,etf_leads_kalshi,5,287,-12.617011245026672,-0.5314935422648217,0.5954908159698242,0.0009901953324878976,0.3150074068770069,"Will Trump win 281-257 - AZ, GA, NC, PA?"
KXECDJT281,VGT,kalshi_leads_etf,10,287,-2.7898873190530898e-05,-0.1338851715007759,0.8935878686589618,6.289162035266749e-05,0.3150074068770069,"Will Trump win 281-257 - AZ, GA, NC, PA?"
KXECDJT281,VGT,etf_leads_kalshi,10,287,-5.330127166656359,-0.3201353200314936,0.749100326155258,0.00035947291917926005,0.3150074068770069,"Will Trump win 281-257 - AZ, GA, NC, PA?"
KXECDJT281,VGT,kalshi_leads_etf,30,287,-0.0007215136022538552,-1.7930106788909141,0.07403149572232956,0.011154480342060125,0.3150074068770069,"Will Trump win 281-257 - AZ, GA, NC, PA?"
KXECDJT281,VGT,etf_leads_kalshi,30,287,-12.899756997866936,-1.5010830723712125,0.13444112593814359,0.007844124956284948,0.3150074068770069,"Will Trump win 281-257 - AZ, GA, NC, PA?"
KXECDJT281,VGT,kalshi_leads_etf,60,287,-0.001160576092549604,-1.9212178288741293,0.055701562146410546,0.012785562935458628,0.3150074068770069,"Will Trump win 281-257 - AZ, GA, NC, PA?"
KXECDJT281,VGT,etf_leads_kalshi,60,287,-5.09421648420882,-0.8209923386389945,0.41233682444138764,0.002359431915570309,0.3150074068770069,"Will Trump win 281-257 - AZ, GA, NC, PA?"
KXECDJT281,VGT,kalshi_leads_etf,120,287,-0.001418029702231574,-1.6180305739694845,0.10676216189840969,0.009102430061768474,0.3150074068770069,"Will Trump win 281-257 - AZ, GA, NC, PA?"
KXECDJT281,VGT,etf_leads_kalshi,120,287,-1.0663776635405322,-0.2098302759547334,0.833950061574757,0.0001544629610420456,0.3150074068770069,"Will Trump win 281-257 - AZ, GA, NC, PA?"
KXECDJT281,VGT,kalshi_leads_etf,300,287,-0.00039308771815463843,-0.2993393568616802,0.764899303306835,0.0003143013610220624,0.3150074068770069,"Will Trump win 281-257 - AZ, GA, NC, PA?"
KXECDJT281,VGT,etf_leads_kalshi,300,287,0.13706034662670938,0.0471395237088688,0.9624350418890639,7.796903051748849e-06,0.3150074068770069,"Will Trump win 281-257 - AZ, GA, NC, PA?"
KXECDJT312,VAW,kalshi_leads_etf,5,218,-4.033849413496261e-05,-0.7330385126048587,0.4643297182335413,0.002481537121543531,0.3098810916918901,Will Trump win 312-226 - swing state sweep?
KXECDJT312,VAW,etf_leads_kalshi,5,218,-14.74577347172503,-0.1493571113432791,0.8814112106070081,0.00010326501444291036,0.3098810916918901,Will Trump win 312-226 - swing state sweep?
KXECDJT312,VAW,kalshi_leads_etf,10,218,-4.425674912959739e-05,-0.39820523850218703,0.6908722144965874,0.0007335698689581172,0.3098810916918901,Will Trump win 312-226 - swing state sweep?
KXECDJT312,VAW,etf_leads_kalshi,10,218,-92.38537489377153,-1.7164725184327752,0.08750920616624717,0.01345662476981091,0.3098810916918901,Will Trump win 312-226 - swing state sweep?
KXECDJT312,VAW,kalshi_leads_etf,30,217,-0.0002529079696786032,-1.24076167341636,0.2160459952601863,0.007109509371980516,0.3098810916918901,Will Trump win 312-226 - swing state sweep?
KXECDJT312,VAW,etf_leads_kalshi,30,218,-44.28335955888451,-1.5922351804101813,0.1127942248847748,0.011600935320418948,0.3098810916918901,Will Trump win 312-226 - swing state sweep?
KXECDJT312,VAW,kalshi_leads_etf,60,217,-0.0006426583219210248,-2.1081376428595737,0.03617717391643527,0.020252271072262573,0.3098810916918901,Will Trump win 312-226 - swing state sweep?
KXECDJT312,VAW,etf_leads_kalshi,60,218,10.11713613627866,0.5527292864357164,0.5810203407510381,0.0014123989007871485,0.3098810916918901,Will Trump win 312-226 - swing state sweep?
KXECDJT312,VAW,kalshi_leads_etf,120,213,-0.0008393103101292612,-1.9459402109080606,0.05298994801100185,0.017629972427395946,0.3098810916918901,Will Trump win 312-226 - swing state sweep?
KXECDJT312,VAW,etf_leads_kalshi,120,218,15.994650953214254,1.470382188492126,0.14291344035716927,0.00991017475347955,0.3098810916918901,Will Trump win 312-226 - swing state sweep?
KXECDJT312,VAW,kalshi_leads_etf,300,210,-0.0006562964937680578,-0.8683905669025748,0.38618139834141485,0.003612394529364238,0.3098810916918901,Will Trump win 312-226 - swing state sweep?
KXECDJT312,VAW,etf_leads_kalshi,300,217,-3.820554918749896,-0.6411942262985305,0.5220794075423727,0.0019085830698262196,0.3098810916918901,Will Trump win 312-226 - swing state sweep?
KXECDJT281,VCR,kalshi_leads_etf,5,287,-1.599618947476015e-05,-0.18756162479739946,0.8513537738309069,0.00012342112708763064,0.2842956735630119,"Will Trump win 281-257 - AZ, GA, NC, PA?"
KXECDJT281,VCR,etf_leads_kalshi,5,287,-20.454858912415325,-0.6926565321626386,0.48908912459757425,0.001680585165055759,0.2842956735630119,"Will Trump win 281-257 - AZ, GA, NC, PA?"
KXECDJT281,VCR,kalshi_leads_etf,10,287,-3.401122474286915e-05,-0.22588304656593297,0.8214542862565969,0.00017899655353614818,0.2842956735630119,"Will Trump win 281-257 - AZ, GA, NC, PA?"
KXECDJT281,VCR,etf_leads_kalshi,10,287,-19.18673858147149,-0.8444573194028951,0.3991221964487631,0.002495888861644646,0.2842956735630119,"Will Trump win 281-257 - AZ, GA, NC, PA?"
KXECDJT281,VCR,kalshi_leads_etf,30,287,-0.0002635532528045068,-0.8527131971926598,0.39453439935687995,0.0025448049775044224,0.2842956735630119,"Will Trump win 281-257 - AZ, GA, NC, PA?"
KXECDJT281,VCR,etf_leads_kalshi,30,287,-26.141640824201577,-2.2110008118884683,0.027829671671693586,0.016863463626518582,0.2842956735630119,"Will Trump win 281-257 - AZ, GA, NC, PA?"
KXECDJT281,VCR,kalshi_leads_etf,60,287,-0.0006803143090713163,-1.3156558506606693,0.18934693886662857,0.006036845047462491,0.2842956735630119,"Will Trump win 281-257 - AZ, GA, NC, PA?"
KXECDJT281,VCR,etf_leads_kalshi,60,287,-9.161840621749475,-1.1297327935953363,0.25953875977576196,0.004458267072521616,0.2842956735630119,"Will Trump win 281-257 - AZ, GA, NC, PA?"
KXECDJT281,VCR,kalshi_leads_etf,120,287,-0.0008646915023234008,-1.1390725485191076,0.2556294002882539,0.004531951319903138,0.2842956735630119,"Will Trump win 281-257 - AZ, GA, NC, PA?"
KXECDJT281,VCR,etf_leads_kalshi,120,287,-0.029122381429666166,-0.0053798970860917264,0.9957112476617935,1.0155540253187212e-07,0.2842956735630119,"Will Trump win 281-257 - AZ, GA, NC, PA?"
KXECDJT281,VCR,kalshi_leads_etf,300,287,0.00028573245880722644,0.23024788778071253,0.818064331031152,0.0001859797553681597,0.2842956735630119,"Will Trump win 281-257 - AZ, GA, NC, PA?"
KXECDJT281,VCR,etf_leads_kalshi,300,287,0.924956126880707,0.3227304616037257,0.7471360165135796,0.00036532245861142787,0.2842956735630119,"Will Trump win 281-257 - AZ, GA, NC, PA?"
KXFEDDECISION-24DEC-C25,VFH,kalshi_leads_etf,5,1910,4.37623722182586e-05,0.7042293858392654,0.48137587342430477,0.0002598585712120238,0.2706214856006831,Will the Federal Reserve Cut rates by 25bps at their December 2024 meeting?
KXFEDDECISION-24DEC-C25,VFH,etf_leads_kalshi,5,1910,-3.4390482189558322,-0.44505509537703714,0.6563304229513605,0.00010380161295409085,0.2706214856006831,Will the Federal Reserve Cut rates by 25bps at their December 2024 meeting?
KXFEDDECISION-24DEC-C25,VFH,kalshi_leads_etf,10,1910,4.031719839962872e-05,0.48177722171089266,0.630019465914069,0.00012163577492985134,0.2706214856006831,Will the Federal Reserve Cut rates by 25bps at their December 2024 meeting?
KXFEDDECISION-24DEC-C25,VFH,etf_leads_kalshi,10,1910,-3.7899324718786933,-0.7175439230347065,0.4731263819759244,0.00026977483370516087,0.2706214856006831,Will the Federal Reserve Cut rates by 25bps at their December 2024 meeting?
KXFEDDECISION-24DEC-C25,VFH,kalshi_leads_etf,30,1910,9.967174796594552e-05,0.6161456151473752,0.5378719160769873,0.0001989307640992699,0.2706214856006831,Will the Federal Reserve Cut rates by 25bps at their December 2024 meeting?
KXFEDDECISION-24DEC-C25,VFH,etf_leads_kalshi,30,1909,-3.118355764681225,-0.926841194216395,0.3541262751378814,0.0004502610432518539,0.2706214856006831,Will the Federal Reserve Cut rates by 25bps at their December 2024 meeting?
KXFEDDECISION-24DEC-C25,VFH,kalshi_leads_etf,60,1908,0.00035651779874503614,1.5439571862421948,0.12276471006941117,0.001249121789972718,0.2706214856006831,Will the Federal Reserve Cut rates by 25bps at their December 2024 meeting?
KXFEDDECISION-24DEC-C25,VFH,etf_leads_kalshi,60,1908,-1.8245640792503863,-0.7622381470392208,0.44601219536984993,0.00030473763803939846,0.2706214856006831,Will the Federal Reserve Cut rates by 25bps at their December 2024 meeting?
KXFEDDECISION-24DEC-C25,VFH,kalshi_leads_etf,120,1903,0.000374483449656966,1.2082823881225082,0.227088942582706,0.000767399246572209,0.2706214856006831,Will the Federal Reserve Cut rates by 25bps at their December 2024 meeting?
KXFEDDECISION-24DEC-C25,VFH,etf_leads_kalshi,120,1907,-2.379549360255088,-1.4841847028781499,0.13792536033396963,0.001154992131601973,0.2706214856006831,Will the Federal Reserve Cut rates by 25bps at their December 2024 meeting?
KXFEDDECISION-24DEC-C25,VFH,kalshi_leads_etf,300,1879,0.0005389525922605344,1.0955808607893405,0.2734027940009103,0.0006390678481817957,0.2706214856006831,Will the Federal Reserve Cut rates by 25bps at their December 2024 meeting?
KXFEDDECISION-24DEC-C25,VFH,etf_leads_kalshi,300,1897,-1.0591960379966954,-1.0208074135404945,0.3074759914127124,0.0005495910688065875,0.2706214856006831,Will the Federal Reserve Cut rates by 25bps at their December 2024 meeting?
538APPROVEMAX-24SEP30-T43,VCR,kalshi_leads_etf,5,21,-0.0004022014122762137,-1.1716900902498253,0.25580540652292394,0.06738660280210318,0.2680627258068949,"Will the President's approval rating ever get above 43% by Sep 30, 2024?"
538APPROVEMAX-24SEP30-T43,VCR,etf_leads_kalshi,5,21,-370.74110628164334,-2.471940522037845,0.023062705421199883,0.24334411467080486,0.2680627258068949,"Will the President's approval rating ever get above 43% by Sep 30, 2024?"
538APPROVEMAX-24SEP30-T43,VCR,kalshi_leads_etf,10,21,-0.00048453526921273654,-0.5748726177773109,0.5721225356952596,0.01709624136899568,0.2680627258068949,"Will the President's approval rating ever get above 43% by Sep 30, 2024?"
538APPROVEMAX-24SEP30-T43,VCR,etf_leads_kalshi,10,21,-50.17956009728049,-0.9505343591849512,0.3537764552376399,0.04539477284325466,0.2680627258068949,"Will the President's approval rating ever get above 43% by Sep 30, 2024?"
538APPROVEMAX-24SEP30-T43,VCR,kalshi_leads_etf,30,21,-0.0007579380720265875,-0.36331555902301693,0.7203800392738495,0.0068993418293207265,0.2680627258068949,"Will the President's approval rating ever get above 43% by Sep 30, 2024?"
538APPROVEMAX-24SEP30-T43,VCR,etf_leads_kalshi,30,21,24.314422812450793,0.8319446373020531,0.4157744905168236,0.035147635805492294,0.2680627258068949,"Will the President's approval rating ever get above 43% by Sep 30, 2024?"
538APPROVEMAX-24SEP30-T43,VCR,kalshi_leads_etf,60,21,1.6841258852835946e-06,0.0005782576198028828,0.9995446455042918,1.7599045776250932e-08,0.2680627258068949,"Will the President's approval rating ever get above 43% by Sep 30, 2024?"
538APPROVEMAX-24SEP30-T43,VCR,etf_leads_kalshi,60,21,-3.3198331086732384,-0.16767849655587228,0.8686080952904383,0.0014776070364337368,0.2680627258068949,"Will the President's approval rating ever get above 43% by Sep 30, 2024?"
538APPROVEMAX-24SEP30-T43,VCR,kalshi_leads_etf,120,21,0.0022995534316221887,0.5869847415771675,0.5641244776141797,0.017811273329507715,0.2680627258068949,"Will the President's approval rating ever get above 43% by Sep 30, 2024?"
538APPROVEMAX-24SEP30-T43,VCR,etf_leads_kalshi,120,21,-8.908871315795102,-0.7524519996467587,0.4610006263376766,0.02893686430791742,0.2680627258068949,"Will the President's approval rating ever get above 43% by Sep 30, 2024?"
538APPROVEMAX-24SEP30-T43,VCR,kalshi_leads_etf,300,21,0.004238159034221557,0.5894332338780084,0.562514746173515,0.017957501828181677,0.2680627258068949,"Will the President's approval rating ever get above 43% by Sep 30, 2024?"
538APPROVEMAX-24SEP30-T43,VCR,etf_leads_kalshi,300,21,-1.882155426318659,-0.29510468554002384,0.7711144072978129,0.0045626017449549305,0.2680627258068949,"Will the President's approval rating ever get above 43% by Sep 30, 2024?"
AAAGASM-24OCT31-US-3.15,VPU,kalshi_leads_etf,5,49,-0.00038023720672935375,-1.4258504923902695,0.16051987415695482,0.04146284275870549,0.1991053646058067,Will average **gas prices** be above $3.15?
AAAGASM-24OCT31-US-3.15,VPU,etf_leads_kalshi,5,49,-78.1982413356381,-0.890551423353283,0.3777060337327305,0.01659407192720519,0.1991053646058067,Will average **gas prices** be above $3.15?
AAAGASM-24OCT31-US-3.15,VPU,kalshi_leads_etf,10,49,-0.00011106377844307742,-0.3038071119312839,0.7626157860931105,0.0019599544657600276,0.1991053646058067,Will average **gas prices** be above $3.15?
AAAGASM-24OCT31-US-3.15,VPU,etf_leads_kalshi,10,49,-54.223622957960615,-0.8864086299681645,0.3799105576009305,0.016442574371983265,0.1991053646058067,Will average **gas prices** be above $3.15?
AAAGASM-24OCT31-US-3.15,VPU,kalshi_leads_etf,30,49,-0.000636132337331662,-1.1045241288727268,0.27498846058631676,0.02530017047738764,0.1991053646058067,Will average **gas prices** be above $3.15?
AAAGASM-24OCT31-US-3.15,VPU,etf_leads_kalshi,30,49,-42.46784518019481,-1.467007454471937,0.14903396842293243,0.04378470900473852,0.1991053646058067,Will average **gas prices** be above $3.15?
AAAGASM-24OCT31-US-3.15,VPU,kalshi_leads_etf,60,49,-0.0006661039834729267,-0.6797599176962141,0.4999909979253012,0.009735637556192667,0.1991053646058067,Will average **gas prices** be above $3.15?
AAAGASM-24OCT31-US-3.15,VPU,etf_leads_kalshi,60,49,-28.85536182797576,-1.282742196745045,0.20587248528934243,0.03382491688135203,0.1991053646058067,Will average **gas prices** be above $3.15?
AAAGASM-24OCT31-US-3.15,VPU,kalshi_leads_etf,120,49,-0.0018503775051402762,-1.477626471501298,0.14617805933813977,0.04439263811794181,0.1991053646058067,Will average **gas prices** be above $3.15?
AAAGASM-24OCT31-US-3.15,VPU,etf_leads_kalshi,120,49,3.7138017076241105,0.24912604617913575,0.804348794479472,0.0013187646671403153,0.1991053646058067,Will average **gas prices** be above $3.15?
AAAGASM-24OCT31-US-3.15,VPU,kalshi_leads_etf,300,49,-0.0037038710855633247,-1.6182903418194405,0.11229233588929018,0.05277959708896296,0.1991053646058067,Will average **gas prices** be above $3.15?
AAAGASM-24OCT31-US-3.15,VPU,etf_leads_kalshi,300,49,-3.4446851548057547,-0.3739295626099388,0.7101383307593925,0.002966140047896193,0.1991053646058067,Will average **gas prices** be above $3.15?
FEDDECISION-24NOV-H0,VDE,kalshi_leads_etf,5,382,0.00017593818072543738,0.4389525721002964,0.6609453789618204,0.0005067939784574316,0.1925413869786475,Will the Federal Reserve Hike rates by 0bps at their November 2024 meeting?
FEDDECISION-24NOV-H0,VDE,etf_leads_kalshi,5,382,8.65345717283019,1.2348007441255204,0.2176676453769672,0.003996419488174419,0.1925413869786475,Will the Federal Reserve Hike rates by 0bps at their November 2024 meeting?
FEDDECISION-24NOV-H0,VDE,kalshi_leads_etf,10,382,0.0002762357114056057,0.5354685413190099,0.5926391413626335,0.00075397466889493,0.1925413869786475,Will the Federal Reserve Hike rates by 0bps at their November 2024 meeting?
FEDDECISION-24NOV-H0,VDE,etf_leads_kalshi,10,382,3.7328675034275776,0.7893440490831193,0.4304031728583333,0.001636958152849699,0.1925413869786475,Will the Federal Reserve Hike rates by 0bps at their November 2024 meeting?
FEDDECISION-24NOV-H0,VDE,kalshi_leads_etf,30,381,-0.0006923326483614991,-0.7724745894017919,0.44031483206204824,0.0015719761646020292,0.1925413869786475,Will the Federal Reserve Hike rates by 0bps at their November 2024 meeting?
FEDDECISION-24NOV-H0,VDE,etf_leads_kalshi,30,382,0.965440134291253,0.32812535327588405,0.742997606635122,0.0002832519757504093,0.1925413869786475,Will the Federal Reserve Hike rates by 0bps at their November 2024 meeting?
FEDDECISION-24NOV-H0,VDE,kalshi_leads_etf,60,381,0.0015963981404782071,1.2199439776025944,0.22324468443862971,0.0039114565467748275,0.1925413869786475,Will the Federal Reserve Hike rates by 0bps at their November 2024 meeting?
FEDDECISION-24NOV-H0,VDE,etf_leads_kalshi,60,382,-0.22295373349223027,-0.10982542273282113,0.9126058038251706,3.174010695061735e-05,0.1925413869786475,Will the Federal Reserve Hike rates by 0bps at their November 2024 meeting?
FEDDECISION-24NOV-H0,VDE,kalshi_leads_etf,120,381,0.0014683479371735472,0.7918001969344491,0.4289724673853954,0.0016514832677407831,0.1925413869786475,Will the Federal Reserve Hike rates by 0bps at their November 2024 meeting?
FEDDECISION-24NOV-H0,VDE,etf_leads_kalshi,120,381,-0.5795767017554828,-0.5391848558232085,0.5900758989356201,0.0007664841062084982,0.1925413869786475,Will the Federal Reserve Hike rates by 0bps at their November 2024 meeting?
FEDDECISION-24NOV-H0,VDE,kalshi_leads_etf,300,378,0.0026502825994066783,0.9385055035277404,0.3485871553309666,0.0023370588193734054,0.1925413869786475,Will the Federal Reserve Hike rates by 0bps at their November 2024 meeting?
FEDDECISION-24NOV-H0,VDE,etf_leads_kalshi,300,379,-0.1984792984463745,-0.3031838504800675,0.761916988038071,0.00024376138073423093,0.1925413869786475,Will the Federal Reserve Hike rates by 0bps at their November 2024 meeting?
FEDDECISION-24NOV-H0,VNQ,kalshi_leads_etf,5,382,0.00038689261110574647,1.1593483262310378,0.24704219940865593,0.003524608304996124,0.1705945291867034,Will the Federal Reserve Hike rates by 0bps at their November 2024 meeting?
FEDDECISION-24NOV-H0,VNQ,etf_leads_kalshi,5,382,-14.710704653662187,-1.6783326715529057,0.09410430711168305,0.0073580902204600784,0.1705945291867034,Will the Federal Reserve Hike rates by 0bps at their November 2024 meeting?
FEDDECISION-24NOV-H0,VNQ,kalshi_leads_etf,10,382,-2.7032537908179934e-05,-0.06747268581156764,0.9462408926554171,1.198028628845993e-05,0.1705945291867034,Will the Federal Reserve Hike rates by 0bps at their November 2024 meeting?
FEDDECISION-24NOV-H0,VNQ,etf_leads_kalshi,10,382,-6.461497603415744,-1.0019185171349725,0.3170205136128056,0.0026347259730877814,0.1705945291867034,Will the Federal Reserve Hike rates by 0bps at their November 2024 meeting?
FEDDECISION-24NOV-H0,VNQ,kalshi_leads_etf,30,381,-0.0005209923140241577,-0.665047086497726,0.5064248539011744,0.00116562555540356,0.1705945291867034,Will the Federal Reserve Hike rates by 0bps at their November 2024 meeting?
FEDDECISION-24NOV-H0,VNQ,etf_leads_kalshi,30,382,6.984332259419544,2.0703822384350734,0.039091493653794725,0.011154393420446551,0.1705945291867034,Will the Federal Reserve Hike rates by 0bps at their November 2024 meeting?
FEDDECISION-24NOV-H0,VNQ,kalshi_leads_etf,60,381,2.9264046692391798e-05,0.030520361555916958,0.9756681200693736,2.4577577310003207e-06,0.1705945291867034,Will the Federal Reserve Hike rates by 0bps at their November 2024 meeting?
FEDDECISION-24NOV-H0,VNQ,etf_leads_kalshi,60,382,1.3407559783647793,0.5998682338118837,0.548951579748575,0.0009460564925599657,0.1705945291867034,Will the Federal Reserve Hike rates by 0bps at their November 2024 meeting?
FEDDECISION-24NOV-H0,VNQ,kalshi_leads_etf,120,381,0.0006081686160882898,0.3667648240782656,0.713999125362544,0.00035479870692212145,0.1705945291867034,Will the Federal Reserve Hike rates by 0bps at their November 2024 meeting?
FEDDECISION-24NOV-H0,VNQ,etf_leads_kalshi,120,381,-0.7641443842964908,-0.799718122077926,0.42437506958356785,0.0016846218375787814,0.1705945291867034,Will the Federal Reserve Hike rates by 0bps at their November 2024 meeting?
FEDDECISION-24NOV-H0,VNQ,kalshi_leads_etf,300,378,0.001172271995637012,0.48293789914754015,0.6294208952771764,0.0006199054109177204,0.1705945291867034,Will the Federal Reserve Hike rates by 0bps at their November 2024 meeting?
FEDDECISION-24NOV-H0,VNQ,etf_leads_kalshi,300,379,-0.2870456342270624,-0.4833120377677186,0.6291547618500619,0.000619219846052621,0.1705945291867034,Will the Federal Reserve Hike rates by 0bps at their November 2024 meeting?
KXFEDDECISION-24DEC-C25,VIS,kalshi_leads_etf,5,1910,2.5010024001151397e-05,0.5645120124209367,0.572472082620954,0.00016699192673652608,0.1537791226116408,Will the Federal Reserve Cut rates by 25bps at their December 2024 meeting?
KXFEDDECISION-24DEC-C25,VIS,etf_leads_kalshi,5,1910,-2.8425575955672793,-0.2816737780989811,0.7782242082651868,4.158114162267079e-05,0.1537791226116408,Will the Federal Reserve Cut rates by 25bps at their December 2024 meeting?
KXFEDDECISION-24DEC-C25,VIS,kalshi_leads_etf,10,1910,-5.16841148832972e-06,-0.08415196248891771,0.9329444390677554,3.711491880165063e-06,0.1537791226116408,Will the Federal Reserve Cut rates by 25bps at their December 2024 meeting?
KXFEDDECISION-24DEC-C25,VIS,etf_leads_kalshi,10,1910,-2.0552639567445077,-0.3224196833694417,0.7471700985916145,5.448049723999482e-05,0.1537791226116408,Will the Federal Reserve Cut rates by 25bps at their December 2024 meeting?
KXFEDDECISION-24DEC-C25,VIS,kalshi_leads_etf,30,1910,4.7678201674746164e-05,0.34201961609937565,0.7323737973043216,6.130516062774483e-05,0.1537791226116408,Will the Federal Reserve Cut rates by 25bps at their December 2024 meeting?
KXFEDDECISION-24DEC-C25,VIS,etf_leads_kalshi,30,1909,-4.622601848913926,-1.168456573990748,0.24276869437601803,0.0007154242282170209,0.1537791226116408,Will the Federal Reserve Cut rates by 25bps at their December 2024 meeting?
KXFEDDECISION-24DEC-C25,VIS,kalshi_leads_etf,60,1908,0.00010613760930611345,0.5557426315277042,0.5784520340232933,0.0001620146035191672,0.1537791226116408,Will the Federal Reserve Cut rates by 25bps at their December 2024 meeting?
KXFEDDECISION-24DEC-C25,VIS,etf_leads_kalshi,60,1908,-3.090875684476971,-1.0780540920291,0.28114603330787447,0.0006093874055177473,0.1537791226116408,Will the Federal Reserve Cut rates by 25bps at their December 2024 meeting?
KXFEDDECISION-24DEC-C25,VIS,kalshi_leads_etf,120,1903,0.00030747864283764496,1.128734842661406,0.2591521269369687,0.0006697470063080635,0.1537791226116408,Will the Federal Reserve Cut rates by 25bps at their December 2024 meeting?
KXFEDDECISION-24DEC-C25,VIS,etf_leads_kalshi,120,1907,-3.863196426860275,-1.954675127012603,0.05076750843288848,0.002001631029235895,0.1537791226116408,Will the Federal Reserve Cut rates by 25bps at their December 2024 meeting?
KXFEDDECISION-24DEC-C25,VIS,kalshi_leads_etf,300,1879,0.0005188865730191144,1.1949690622909157,0.23225008222255392,0.0007601840991702247,0.1537791226116408,Will the Federal Reserve Cut rates by 25bps at their December 2024 meeting?
KXFEDDECISION-24DEC-C25,VIS,etf_leads_kalshi,300,1897,-2.97849236863499,-2.4212147801465775,0.015562114948185468,0.003084011435315559,0.1537791226116408,Will the Federal Reserve Cut rates by 25bps at their December 2024 meeting?
KXFEDDECISION-24DEC-H0,VGT,kalshi_leads_etf,5,1162,6.598371183954351e-05,0.6343318163674785,0.5259893694339937,0.0003467563159833542,0.1198576154549284,Will the Federal Reserve Hike rates by 0bps at their December 2024 meeting?
KXFEDDECISION-24DEC-H0,VGT,etf_leads_kalshi,5,1162,-12.089476372184322,-1.7096918735242026,0.08759030346554675,0.002513533730102324,0.1198576154549284,Will the Federal Reserve Hike rates by 0bps at their December 2024 meeting?
KXFEDDECISION-24DEC-H0,VGT,kalshi_leads_etf,10,1162,2.3233328707617297e-05,0.1511849499397505,0.8798561086494219,1.970382648264213e-05,0.1198576154549284,Will the Federal Reserve Hike rates by 0bps at their December 2024 meeting?
KXFEDDECISION-24DEC-H0,VGT,etf_leads_kalshi,10,1162,-6.399099418687705,-1.2932726441299565,0.1961742620435633,0.001439781051988831,0.1198576154549284,Will the Federal Reserve Hike rates by 0bps at their December 2024 meeting?
KXFEDDECISION-24DEC-H0,VGT,kalshi_leads_etf,30,1162,-5.572962635297646e-05,-0.19143455924827796,0.84821864809217,3.1591407533060334e-05,0.1198576154549284,Will the Federal Reserve Hike rates by 0bps at their December 2024 meeting?
KXFEDDECISION-24DEC-H0,VGT,etf_leads_kalshi,30,1162,0.38895549337130575,0.13293572145279006,0.8942672721178926,1.5234169673528086e-05,0.1198576154549284,Will the Federal Reserve Hike rates by 0bps at their December 2024 meeting?
KXFEDDECISION-24DEC-H0,VGT,kalshi_leads_etf,60,1162,-0.00010311510141332547,-0.2499623649365031,0.8026607122951548,5.386018847963747e-05,0.1198576154549284,Will the Federal Reserve Hike rates by 0bps at their December 2024 meeting?
KXFEDDECISION-24DEC-H0,VGT,etf_leads_kalshi,60,1162,-0.608502965871871,-0.29258246579487057,0.7698936420981741,7.379153655429072e-05,0.1198576154549284,Will the Federal Reserve Hike rates by 0bps at their December 2024 meeting?
KXFEDDECISION-24DEC-H0,VGT,kalshi_leads_etf,120,1160,-0.000391026456029282,-0.6830589319981444,0.4947062352661272,0.00040274749126500975,0.1198576154549284,Will the Federal Reserve Hike rates by 0bps at their December 2024 meeting?
KXFEDDECISION-24DEC-H0,VGT,etf_leads_kalshi,120,1160,-1.4294348918305058,-0.9853796544839427,0.3246434543492742,0.0008377889403942129,0.1198576154549284,Will the Federal Reserve Hike rates by 0bps at their December 2024 meeting?
KXFEDDECISION-24DEC-H0,VGT,kalshi_leads_etf,300,1151,-0.0002697738766218017,-0.29003999833045446,0.771837971299324,7.320891389328565e-05,0.1198576154549284,Will the Federal Reserve Hike rates by 0bps at their December 2024 meeting?
KXFEDDECISION-24DEC-H0,VGT,etf_leads_kalshi,300,1149,-2.3134493144861645,-2.4976540772441074,0.012641056172799342,0.005409355568572249,0.1198576154549284,Will the Federal Reserve Hike rates by 0bps at their December 2024 meeting?
