contract_ticker,etf,k,direction,coef,t_stat,p_value,r_squared,n_obs,r2_daily_screen,contract_title
KXECKH276,VFH,-5,etf_leads_kalshi,5.858109119633644e-05,0.020608790829323004,0.9835577278885325,0.0031944444319579324,6619,0.8816564277734555,"Will Harris win 276-262 - PA, NV, MI, WI?"
KXECKH276,VFH,-4,etf_leads_kalshi,-0.0025671165035563034,-1.8110558531634635,0.07013220630040679,0.0031944444319579324,6619,0.8816564277734555,"Will Harris win 276-262 - PA, NV, MI, WI?"
KXECKH276,VFH,-3,etf_leads_kalshi,-0.001888668037350205,-0.4748679098794933,0.6348811254180201,0.0031944444319579324,6619,0.8816564277734555,"Will Harris win 276-262 - PA, NV, MI, WI?"
KXECKH276,VFH,-2,etf_leads_kalshi,0.0018193817131744428,1.1047397446046356,0.26927237638653,0.0031944444319579324,6619,0.8816564277734555,"Will Harris win 276-262 - PA, NV, MI, WI?"
KXECKH276,VFH,-1,etf_leads_kalshi,-0.002491951603854703,-1.2127693662374435,0.2252180106410363,0.0031944444319579324,6619,0.8816564277734555,"Will Harris win 276-262 - PA, NV, MI, WI?"
KXECKH276,VFH,0,contemp,-0.0006629581168187239,-0.3547005031078572,0.7228139739905288,0.0031944444319579324,6619,0.8816564277734555,"Will Harris win 276-262 - PA, NV, MI, WI?"
KXECKH276,VFH,1,kalshi_leads_etf,0.00047878321945820247,0.3524580821777704,0.7244947496023006,0.0031944444319579324,6619,0.8816564277734555,"Will Harris win 276-262 - PA, NV, MI, WI?"
KXECKH276,VFH,2,kalshi_leads_etf,-0.00017512016284885486,-0.15985215930553287,0.8729975351383236,0.0031944444319579324,6619,0.8816564277734555,"Will Harris win 276-262 - PA, NV, MI, WI?"
KXECKH276,VFH,3,kalshi_leads_etf,0.002003831822482277,0.48046035685041144,0.6309000855380342,0.0031944444319579324,6619,0.8816564277734555,"Will Harris win 276-262 - PA, NV, MI, WI?"
KXECKH276,VFH,4,kalshi_leads_etf,-0.00035033433711113946,-0.18446483797670227,0.8536488090189966,0.0031944444319579324,6619,0.8816564277734555,"Will Harris win 276-262 - PA, NV, MI, WI?"
KXECKH276,VFH,5,kalshi_leads_etf,0.000602846104712434,0.24674328688038563,0.8051069039835441,0.0031944444319579324,6619,0.8816564277734555,"Will Harris win 276-262 - PA, NV, MI, WI?"
KXECDJT316,VFH,-5,etf_leads_kalshi,0.005221238981404733,1.3347869186136787,0.18194609611169255,0.004168527341772754,10734,0.7907331233858175,"Will Trump win 316-222 - AZ, GA, MI, MN, NC, PA, WI?"
KXECDJT316,VFH,-4,etf_leads_kalshi,0.001537135238870364,0.5254595078747438,0.5992637949818396,0.004168527341772754,10734,0.7907331233858175,"Will Trump win 316-222 - AZ, GA, MI, MN, NC, PA, WI?"
KXECDJT316,VFH,-3,etf_leads_kalshi,-0.0014357955393914709,-0.7340367701025312,0.46292632819667967,0.004168527341772754,10734,0.7907331233858175,"Will Trump win 316-222 - AZ, GA, MI, MN, NC, PA, WI?"
KXECDJT316,VFH,-2,etf_leads_kalshi,0.003113798678973779,1.8336041213870806,0.06671278000751675,0.004168527341772754,10734,0.7907331233858175,"Will Trump win 316-222 - AZ, GA, MI, MN, NC, PA, WI?"
KXECDJT316,VFH,-1,etf_leads_kalshi,0.002013015272594142,0.8714894549707578,0.3834869611107793,0.004168527341772754,10734,0.7907331233858175,"Will Trump win 316-222 - AZ, GA, MI, MN, NC, PA, WI?"
KXECDJT316,VFH,0,contemp,0.0016253817492749697,1.3238854186195805,0.18554110159095094,0.004168527341772754,10734,0.7907331233858175,"Will Trump win 316-222 - AZ, GA, MI, MN, NC, PA, WI?"
KXECDJT316,VFH,1,kalshi_leads_etf,-0.0001581432729155507,-0.0696063629733142,0.944506972307035,0.004168527341772754,10734,0.7907331233858175,"Will Trump win 316-222 - AZ, GA, MI, MN, NC, PA, WI?"
KXECDJT316,VFH,2,kalshi_leads_etf,0.0012497670969568086,0.8138117608459756,0.4157527965574169,0.004168527341772754,10734,0.7907331233858175,"Will Trump win 316-222 - AZ, GA, MI, MN, NC, PA, WI?"
KXECDJT316,VFH,3,kalshi_leads_etf,0.0042785798154392415,1.0500401719599914,0.29369964350900446,0.004168527341772754,10734,0.7907331233858175,"Will Trump win 316-222 - AZ, GA, MI, MN, NC, PA, WI?"
KXECDJT316,VFH,4,kalshi_leads_etf,0.0017786745261073862,0.909875146665418,0.3628883581867809,0.004168527341772754,10734,0.7907331233858175,"Will Trump win 316-222 - AZ, GA, MI, MN, NC, PA, WI?"
KXECDJT316,VFH,5,kalshi_leads_etf,-0.001384107878622217,-1.0496419047995926,0.29388278308682936,0.004168527341772754,10734,0.7907331233858175,"Will Trump win 316-222 - AZ, GA, MI, MN, NC, PA, WI?"
KXECKH276,VIS,-5,etf_leads_kalshi,-0.0013562358462546188,-0.5339800476343848,0.5933553384178463,0.0035540379691594293,6607,0.7648119234989674,"Will Harris win 276-262 - PA, NV, MI, WI?"
KXECKH276,VIS,-4,etf_leads_kalshi,-0.0010522648008862547,-0.5408850779549268,0.5885867967282881,0.0035540379691594293,6607,0.7648119234989674,"Will Harris win 276-262 - PA, NV, MI, WI?"
KXECKH276,VIS,-3,etf_leads_kalshi,-0.00015722379623543269,-0.13005606643147244,0.8965220687267779,0.0035540379691594293,6607,0.7648119234989674,"Will Harris win 276-262 - PA, NV, MI, WI?"
KXECKH276,VIS,-2,etf_leads_kalshi,-0.0005594989606396254,-0.5686405361231995,0.5696001096552961,0.0035540379691594293,6607,0.7648119234989674,"Will Harris win 276-262 - PA, NV, MI, WI?"
KXECKH276,VIS,-1,etf_leads_kalshi,-0.001197153003192219,-0.6854591822313467,0.49305420935805844,0.0035540379691594293,6607,0.7648119234989674,"Will Harris win 276-262 - PA, NV, MI, WI?"
KXECKH276,VIS,0,contemp,-0.001690457295122026,-0.89135805178206,0.3727371143800553,0.0035540379691594293,6607,0.7648119234989674,"Will Harris win 276-262 - PA, NV, MI, WI?"
KXECKH276,VIS,1,kalshi_leads_etf,0.0002606725288953184,0.11886717436472621,0.9053805883992114,0.0035540379691594293,6607,0.7648119234989674,"Will Harris win 276-262 - PA, NV, MI, WI?"
KXECKH276,VIS,2,kalshi_leads_etf,0.0006474376086636108,0.6168095930364363,0.5373603237527167,0.0035540379691594293,6607,0.7648119234989674,"Will Harris win 276-262 - PA, NV, MI, WI?"
KXECKH276,VIS,3,kalshi_leads_etf,0.00011521718058494037,0.09621222746389506,0.9233520197566883,0.0035540379691594293,6607,0.7648119234989674,"Will Harris win 276-262 - PA, NV, MI, WI?"
KXECKH276,VIS,4,kalshi_leads_etf,-0.0006811764018201092,-0.21566655025541026,0.8292476766397288,0.0035540379691594293,6607,0.7648119234989674,"Will Harris win 276-262 - PA, NV, MI, WI?"
KXECKH276,VIS,5,kalshi_leads_etf,0.0009356605869051748,1.012250332412035,0.3114183760407343,0.0035540379691594293,6607,0.7648119234989674,"Will Harris win 276-262 - PA, NV, MI, WI?"
538APPROVEMAX-24OCT31-T43,VOX,-5,etf_leads_kalshi,-0.0015951389925286958,-0.8406510716715806,0.40054343852376817,0.0023579212714899267,7399,0.7008190645117267,"Will the President's approval rating ever get above 43% by Oct 31, 2024?"
538APPROVEMAX-24OCT31-T43,VOX,-4,etf_leads_kalshi,-0.003237207876387845,-1.6473146858004903,0.09949338086077372,0.0023579212714899267,7399,0.7008190645117267,"Will the President's approval rating ever get above 43% by Oct 31, 2024?"
538APPROVEMAX-24OCT31-T43,VOX,-3,etf_leads_kalshi,-0.002466974854824904,-1.0087163114689044,0.3131107067325556,0.0023579212714899267,7399,0.7008190645117267,"Will the President's approval rating ever get above 43% by Oct 31, 2024?"
538APPROVEMAX-24OCT31-T43,VOX,-2,etf_leads_kalshi,0.003436076263831593,0.8997174813054682,0.3682706179222788,0.0023579212714899267,7399,0.7008190645117267,"Will the President's approval rating ever get above 43% by Oct 31, 2024?"
538APPROVEMAX-24OCT31-T43,VOX,-1,etf_leads_kalshi,-0.0037377733219691937,-1.2788488063246248,0.20095030315791795,0.0023579212714899267,7399,0.7008190645117267,"Will the President's approval rating ever get above 43% by Oct 31, 2024?"
538APPROVEMAX-24OCT31-T43,VOX,0,contemp,-0.0044714159480305216,-3.094018628500713,0.0019746508734268574,0.0023579212714899267,7399,0.7008190645117267,"Will the President's approval rating ever get above 43% by Oct 31, 2024?"
538APPROVEMAX-24OCT31-T43,VOX,1,kalshi_leads_etf,0.002343316988264877,1.1889626215077185,0.23445437602298902,0.0023579212714899267,7399,0.7008190645117267,"Will the President's approval rating ever get above 43% by Oct 31, 2024?"
538APPROVEMAX-24OCT31-T43,VOX,2,kalshi_leads_etf,0.0016460600868630642,1.1066629855836618,0.2684396642740918,0.0023579212714899267,7399,0.7008190645117267,"Will the President's approval rating ever get above 43% by Oct 31, 2024?"
538APPROVEMAX-24OCT31-T43,VOX,3,kalshi_leads_etf,-0.005162313736051579,-0.8612818431099437,0.38908283332363947,0.0023579212714899267,7399,0.7008190645117267,"Will the President's approval rating ever get above 43% by Oct 31, 2024?"
538APPROVEMAX-24OCT31-T43,VOX,4,kalshi_leads_etf,-2.6161470047316305e-05,-0.007351303072640821,0.994134561606273,0.0023579212714899267,7399,0.7008190645117267,"Will the President's approval rating ever get above 43% by Oct 31, 2024?"
538APPROVEMAX-24OCT31-T43,VOX,5,kalshi_leads_etf,-0.0016622087055736463,-0.49888032577967395,0.6178636949557914,0.0023579212714899267,7399,0.7008190645117267,"Will the President's approval rating ever get above 43% by Oct 31, 2024?"
KXAAAGASM-24NOV30-US-3.30,VFH,-5,etf_leads_kalshi,-0.0030120727342518566,-2.5246356739797964,0.011581828912836581,0.0038088763210978316,5838,0.6998980956066312,Will average **gas prices** be above $3.30?
KXAAAGASM-24NOV30-US-3.30,VFH,-4,etf_leads_kalshi,-0.002736055309026665,-1.2072223838212794,0.2273465123403291,0.0038088763210978316,5838,0.6998980956066312,Will average **gas prices** be above $3.30?
KXAAAGASM-24NOV30-US-3.30,VFH,-3,etf_leads_kalshi,-0.005352280351492611,-0.5051568037339095,0.6134487070806364,0.0038088763210978316,5838,0.6998980956066312,Will average **gas prices** be above $3.30?
KXAAAGASM-24NOV30-US-3.30,VFH,-2,etf_leads_kalshi,0.0010597450257654804,0.4214576790892281,0.6734209084576102,0.0038088763210978316,5838,0.6998980956066312,Will average **gas prices** be above $3.30?
KXAAAGASM-24NOV30-US-3.30,VFH,-1,etf_leads_kalshi,0.002178438003038605,1.2175601588901095,0.22339116226819367,0.0038088763210978316,5838,0.6998980956066312,Will average **gas prices** be above $3.30?
KXAAAGASM-24NOV30-US-3.30,VFH,0,contemp,0.0006421442151180847,0.6022404414094302,0.5470140994886521,0.0038088763210978316,5838,0.6998980956066312,Will average **gas prices** be above $3.30?
KXAAAGASM-24NOV30-US-3.30,VFH,1,kalshi_leads_etf,-0.004601537292092998,-0.9240677836399647,0.35545102542556806,0.0038088763210978316,5838,0.6998980956066312,Will average **gas prices** be above $3.30?
KXAAAGASM-24NOV30-US-3.30,VFH,2,kalshi_leads_etf,0.000924365722067962,0.4142685412560498,0.6786774501262598,0.0038088763210978316,5838,0.6998980956066312,Will average **gas prices** be above $3.30?
KXAAAGASM-24NOV30-US-3.30,VFH,3,kalshi_leads_etf,0.0020593736457185084,1.1731259446908193,0.24074530368407576,0.0038088763210978316,5838,0.6998980956066312,Will average **gas prices** be above $3.30?
KXAAAGASM-24NOV30-US-3.30,VFH,4,kalshi_leads_etf,0.0011531508885084152,0.5480967326839067,0.5836254839463338,0.0038088763210978316,5838,0.6998980956066312,Will average **gas prices** be above $3.30?
KXAAAGASM-24NOV30-US-3.30,VFH,5,kalshi_leads_etf,-0.006099349861971428,-0.5885871562290368,0.5561382518486988,0.0038088763210978316,5838,0.6998980956066312,Will average **gas prices** be above $3.30?
RATECUT-24SEP18,VCR,-5,etf_leads_kalshi,0.00020149579168864638,0.01367083871667751,0.98909258860681,0.0074063338843559645,4279,0.6822090043500123,"Will the Federal Reserve cut rates before September 19, 2024?"
RATECUT-24SEP18,VCR,-4,etf_leads_kalshi,0.004344283229009635,0.3825607053920626,0.7020455102664869,0.0074063338843559645,4279,0.6822090043500123,"Will the Federal Reserve cut rates before September 19, 2024?"
RATECUT-24SEP18,VCR,-3,etf_leads_kalshi,-0.011341603594752303,-0.7685062547512495,0.44218647613708495,0.0074063338843559645,4279,0.6822090043500123,"Will the Federal Reserve cut rates before September 19, 2024?"
RATECUT-24SEP18,VCR,-2,etf_leads_kalshi,0.016968383307670885,1.1926983462386278,0.23298753355840685,0.0074063338843559645,4279,0.6822090043500123,"Will the Federal Reserve cut rates before September 19, 2024?"
RATECUT-24SEP18,VCR,-1,etf_leads_kalshi,0.01573686954945653,1.775618457542023,0.07579582566463985,0.0074063338843559645,4279,0.6822090043500123,"Will the Federal Reserve cut rates before September 19, 2024?"
RATECUT-24SEP18,VCR,0,contemp,0.05437678392021411,0.8999724841990353,0.36813489397238275,0.0074063338843559645,4279,0.6822090043500123,"Will the Federal Reserve cut rates before September 19, 2024?"
RATECUT-24SEP18,VCR,1,kalshi_leads_etf,0.014586202938655873,0.9766610017955587,0.3287370080440998,0.0074063338843559645,4279,0.6822090043500123,"Will the Federal Reserve cut rates before September 19, 2024?"
RATECUT-24SEP18,VCR,2,kalshi_leads_etf,-0.022215880111138564,-1.0623103738334176,0.2880948064829352,0.0074063338843559645,4279,0.6822090043500123,"Will the Federal Reserve cut rates before September 19, 2024?"
RATECUT-24SEP18,VCR,3,kalshi_leads_etf,-0.008367298600932565,-0.5635706248760789,0.573046383034885,0.0074063338843559645,4279,0.6822090043500123,"Will the Federal Reserve cut rates before September 19, 2024?"
RATECUT-24SEP18,VCR,4,kalshi_leads_etf,-0.007937691203846266,-1.305755581702765,0.19163568970735023,0.0074063338843559645,4279,0.6822090043500123,"Will the Federal Reserve cut rates before September 19, 2024?"
RATECUT-24SEP18,VCR,5,kalshi_leads_etf,-0.0033239145206762147,-0.25506134817259307,0.7986757166958517,0.0074063338843559645,4279,0.6822090043500123,"Will the Federal Reserve cut rates before September 19, 2024?"
KXECKH287,VNQ,-5,etf_leads_kalshi,-0.0019349115653258476,-0.39824388979418174,0.6904504164110561,0.003906986428345638,5449,0.6771339593601406,"Will Harris win 287-251 - PA, NV, MI, WI, AZ?"
KXECKH287,VNQ,-4,etf_leads_kalshi,0.0011555979774214454,1.1629193768358064,0.24486221491476878,0.003906986428345638,5449,0.6771339593601406,"Will Harris win 287-251 - PA, NV, MI, WI, AZ?"
KXECKH287,VNQ,-3,etf_leads_kalshi,1.7130530488469742e-06,0.0012684410996266957,0.9989879307017137,0.003906986428345638,5449,0.6771339593601406,"Will Harris win 287-251 - PA, NV, MI, WI, AZ?"
KXECKH287,VNQ,-2,etf_leads_kalshi,-0.0010592904981333278,-0.962954429073489,0.3355703930400825,0.003906986428345638,5449,0.6771339593601406,"Will Harris win 287-251 - PA, NV, MI, WI, AZ?"
KXECKH287,VNQ,-1,etf_leads_kalshi,-0.0002657202755145254,-0.3036245733595311,0.7614139280433616,0.003906986428345638,5449,0.6771339593601406,"Will Harris win 287-251 - PA, NV, MI, WI, AZ?"
KXECKH287,VNQ,0,contemp,0.0011866580574374371,0.6908540688793626,0.48965725305324737,0.003906986428345638,5449,0.6771339593601406,"Will Harris win 287-251 - PA, NV, MI, WI, AZ?"
KXECKH287,VNQ,1,kalshi_leads_etf,0.00012669520909115888,0.058272522390872765,0.9535315542674712,0.003906986428345638,5449,0.6771339593601406,"Will Harris win 287-251 - PA, NV, MI, WI, AZ?"
KXECKH287,VNQ,2,kalshi_leads_etf,0.002383417183367274,1.5787720122230957,0.11438836038687582,0.003906986428345638,5449,0.6771339593601406,"Will Harris win 287-251 - PA, NV, MI, WI, AZ?"
KXECKH287,VNQ,3,kalshi_leads_etf,0.0003954104443622344,0.17340292974300148,0.8623347223889776,0.003906986428345638,5449,0.6771339593601406,"Will Harris win 287-251 - PA, NV, MI, WI, AZ?"
KXECKH287,VNQ,4,kalshi_leads_etf,3.5445494882492784e-05,0.017469768582465385,0.9860618503413779,0.003906986428345638,5449,0.6771339593601406,"Will Harris win 287-251 - PA, NV, MI, WI, AZ?"
KXECKH287,VNQ,5,kalshi_leads_etf,-0.002067809344452447,-1.5941712186085295,0.11089769100994655,0.003906986428345638,5449,0.6771339593601406,"Will Harris win 287-251 - PA, NV, MI, WI, AZ?"
KXECKH276,VCR,-5,etf_leads_kalshi,-0.0006914634441351321,-0.33187388272947443,0.7399844923164743,0.002578909839678678,6619,0.651769043544155,"Will Harris win 276-262 - PA, NV, MI, WI?"
KXECKH276,VCR,-4,etf_leads_kalshi,-0.00044900126434060543,-0.3591245346543733,0.7195019282146982,0.002578909839678678,6619,0.651769043544155,"Will Harris win 276-262 - PA, NV, MI, WI?"
KXECKH276,VCR,-3,etf_leads_kalshi,-0.0001845873592736891,-0.14421390994049327,0.8853315572215046,0.002578909839678678,6619,0.651769043544155,"Will Harris win 276-262 - PA, NV, MI, WI?"
KXECKH276,VCR,-2,etf_leads_kalshi,0.0022755430234055844,0.955915953429712,0.3391146982847888,0.002578909839678678,6619,0.651769043544155,"Will Harris win 276-262 - PA, NV, MI, WI?"
KXECKH276,VCR,-1,etf_leads_kalshi,-0.0009512520001689163,-0.42603288204680045,0.6700838858972049,0.002578909839678678,6619,0.651769043544155,"Will Harris win 276-262 - PA, NV, MI, WI?"
KXECKH276,VCR,0,contemp,-0.0017736688273467978,-2.026497159673684,0.04271386349810186,0.002578909839678678,6619,0.651769043544155,"Will Harris win 276-262 - PA, NV, MI, WI?"
KXECKH276,VCR,1,kalshi_leads_etf,-0.0006805313409471252,-0.36009764893135987,0.7187741109055686,0.002578909839678678,6619,0.651769043544155,"Will Harris win 276-262 - PA, NV, MI, WI?"
KXECKH276,VCR,2,kalshi_leads_etf,0.00047009384245342564,0.1502842266866392,0.8805403769363136,0.002578909839678678,6619,0.651769043544155,"Will Harris win 276-262 - PA, NV, MI, WI?"
KXECKH276,VCR,3,kalshi_leads_etf,0.0007790489711480316,0.7824110963273726,0.43397301466419425,0.002578909839678678,6619,0.651769043544155,"Will Harris win 276-262 - PA, NV, MI, WI?"
KXECKH276,VCR,4,kalshi_leads_etf,0.0004732597652375246,0.4610418642568143,0.6447685698761975,0.002578909839678678,6619,0.651769043544155,"Will Harris win 276-262 - PA, NV, MI, WI?"
KXECKH276,VCR,5,kalshi_leads_etf,0.000845663715736635,0.4111131080051133,0.6809895987985216,0.002578909839678678,6619,0.651769043544155,"Will Harris win 276-262 - PA, NV, MI, WI?"
FEDDECISION-24SEP-C25,VDC,-5,etf_leads_kalshi,-0.0007389220781085327,-1.2119046080009725,0.22554889804535316,0.01208946508628872,4277,0.6325467130894744,Will the Federal Reserve Cut rates by 25bps at their September 2024 meeting?
FEDDECISION-24SEP-C25,VDC,-4,etf_leads_kalshi,-0.000890297072364288,-1.1593441290634083,0.24631594080427044,0.01208946508628872,4277,0.6325467130894744,Will the Federal Reserve Cut rates by 25bps at their September 2024 meeting?
FEDDECISION-24SEP-C25,VDC,-3,etf_leads_kalshi,-0.0010340981636881342,-1.359048480573656,0.17413122668311576,0.01208946508628872,4277,0.6325467130894744,Will the Federal Reserve Cut rates by 25bps at their September 2024 meeting?
FEDDECISION-24SEP-C25,VDC,-2,etf_leads_kalshi,-0.0024237842777734297,-1.0130459591685028,0.3110382090173376,0.01208946508628872,4277,0.6325467130894744,Will the Federal Reserve Cut rates by 25bps at their September 2024 meeting?
FEDDECISION-24SEP-C25,VDC,-1,etf_leads_kalshi,-0.0006590940391409484,-0.45364044283414096,0.6500876396992648,0.01208946508628872,4277,0.6325467130894744,Will the Federal Reserve Cut rates by 25bps at their September 2024 meeting?
FEDDECISION-24SEP-C25,VDC,0,contemp,-0.00143316457889881,-1.5537940031264406,0.12023356146084581,0.01208946508628872,4277,0.6325467130894744,Will the Federal Reserve Cut rates by 25bps at their September 2024 meeting?
FEDDECISION-24SEP-C25,VDC,1,kalshi_leads_etf,-0.001501372081655596,-1.9642021548715654,0.04950665302809077,0.01208946508628872,4277,0.6325467130894744,Will the Federal Reserve Cut rates by 25bps at their September 2024 meeting?
FEDDECISION-24SEP-C25,VDC,2,kalshi_leads_etf,-0.0011182125689673792,-1.4384724643583096,0.15030004483847473,0.01208946508628872,4277,0.6325467130894744,Will the Federal Reserve Cut rates by 25bps at their September 2024 meeting?
FEDDECISION-24SEP-C25,VDC,3,kalshi_leads_etf,-0.00018644078069955832,-0.32622906805002094,0.7442510502373172,0.01208946508628872,4277,0.6325467130894744,Will the Federal Reserve Cut rates by 25bps at their September 2024 meeting?
FEDDECISION-24SEP-C25,VDC,4,kalshi_leads_etf,-0.0015431569190617724,-2.175373042897205,0.02960217290556346,0.01208946508628872,4277,0.6325467130894744,Will the Federal Reserve Cut rates by 25bps at their September 2024 meeting?
FEDDECISION-24SEP-C25,VDC,5,kalshi_leads_etf,-0.000382288881249659,-0.6220405303464389,0.5339152175875801,0.01208946508628872,4277,0.6325467130894744,Will the Federal Reserve Cut rates by 25bps at their September 2024 meeting?
KXECKH276,VDE,-5,etf_leads_kalshi,0.0029288035954126495,2.7248630078765115,0.006432817179345822,0.004136039445513551,6619,0.6325059413818794,"Will Harris win 276-262 - PA, NV, MI, WI?"
KXECKH276,VDE,-4,etf_leads_kalshi,0.00042914642214235735,0.2257564948462328,0.8213908156082899,0.004136039445513551,6619,0.6325059413818794,"Will Harris win 276-262 - PA, NV, MI, WI?"
KXECKH276,VDE,-3,etf_leads_kalshi,-6.745282342110069e-05,-0.0298310836275876,0.9762017686426326,0.004136039445513551,6619,0.6325059413818794,"Will Harris win 276-262 - PA, NV, MI, WI?"
KXECKH276,VDE,-2,etf_leads_kalshi,0.004438784263107235,2.018507148152069,0.04353847046378923,0.004136039445513551,6619,0.6325059413818794,"Will Harris win 276-262 - PA, NV, MI, WI?"
KXECKH276,VDE,-1,etf_leads_kalshi,-0.00196759536523496,-0.5527757512474601,0.5804169748843175,0.004136039445513551,6619,0.6325059413818794,"Will Harris win 276-262 - PA, NV, MI, WI?"
KXECKH276,VDE,0,contemp,-0.000809840176481162,-0.23958808063768086,0.8106496059585124,0.004136039445513551,6619,0.6325059413818794,"Will Harris win 276-262 - PA, NV, MI, WI?"
KXECKH276,VDE,1,kalshi_leads_etf,-0.001291099858849806,-0.5364698963587956,0.591633835785143,0.004136039445513551,6619,0.6325059413818794,"Will Harris win 276-262 - PA, NV, MI, WI?"
KXECKH276,VDE,2,kalshi_leads_etf,0.003504087447898468,1.0446507356969403,0.2961844214725605,0.004136039445513551,6619,0.6325059413818794,"Will Harris win 276-262 - PA, NV, MI, WI?"
KXECKH276,VDE,3,kalshi_leads_etf,0.0007664540241139753,0.19836341611495387,0.8427607383900738,0.004136039445513551,6619,0.6325059413818794,"Will Harris win 276-262 - PA, NV, MI, WI?"
KXECKH276,VDE,4,kalshi_leads_etf,-0.00428590553966294,-0.6281632710922143,0.5298969882869122,0.004136039445513551,6619,0.6325059413818794,"Will Harris win 276-262 - PA, NV, MI, WI?"
KXECKH276,VDE,5,kalshi_leads_etf,0.002596918790332936,1.9782137748518638,0.047904595407480606,0.004136039445513551,6619,0.6325059413818794,"Will Harris win 276-262 - PA, NV, MI, WI?"
AAAGASM-24SEP30-US-3.15,VIS,-5,etf_leads_kalshi,0.0011341955775684396,1.259590846010198,0.20781699945337428,0.0026221013487218725,5838,0.6300268170383332,Will average **gas prices** be above $3.15?
AAAGASM-24SEP30-US-3.15,VIS,-4,etf_leads_kalshi,-0.0002769814625650321,-0.8431212864419999,0.39916061491440147,0.0026221013487218725,5838,0.6300268170383332,Will average **gas prices** be above $3.15?
AAAGASM-24SEP30-US-3.15,VIS,-3,etf_leads_kalshi,-0.0005582605601494855,-0.7731654094656278,0.4394244945728091,0.0026221013487218725,5838,0.6300268170383332,Will average **gas prices** be above $3.15?
AAAGASM-24SEP30-US-3.15,VIS,-2,etf_leads_kalshi,-0.00023381037773231506,-0.5930818596961538,0.5531263699834896,0.0026221013487218725,5838,0.6300268170383332,Will average **gas prices** be above $3.15?
AAAGASM-24SEP30-US-3.15,VIS,-1,etf_leads_kalshi,0.00023559285160307215,0.43126621162335027,0.6662748153645065,0.0026221013487218725,5838,0.6300268170383332,Will average **gas prices** be above $3.15?
AAAGASM-24SEP30-US-3.15,VIS,0,contemp,-8.117145990633915e-05,-0.6885539496493159,0.4911040088704234,0.0026221013487218725,5838,0.6300268170383332,Will average **gas prices** be above $3.15?
AAAGASM-24SEP30-US-3.15,VIS,1,kalshi_leads_etf,-0.0005038948117865818,-3.2892216549075854,0.0010046487122431053,0.0026221013487218725,5838,0.6300268170383332,Will average **gas prices** be above $3.15?
AAAGASM-24SEP30-US-3.15,VIS,2,kalshi_leads_etf,-0.00042542434803691465,-3.4190598475014236,0.0006283790397958804,0.0026221013487218725,5838,0.6300268170383332,Will average **gas prices** be above $3.15?
AAAGASM-24SEP30-US-3.15,VIS,3,kalshi_leads_etf,-0.00016305944737812235,-0.5910096572327893,0.5545139503332461,0.0026221013487218725,5838,0.6300268170383332,Will average **gas prices** be above $3.15?
AAAGASM-24SEP30-US-3.15,VIS,4,kalshi_leads_etf,-0.0008581260250155032,-1.2795132949872408,0.20071636088327482,0.0026221013487218725,5838,0.6300268170383332,Will average **gas prices** be above $3.15?
AAAGASM-24SEP30-US-3.15,VIS,5,kalshi_leads_etf,0.00045592886973997115,2.679667239530842,0.00736953797416679,0.0026221013487218725,5838,0.6300268170383332,Will average **gas prices** be above $3.15?
AAAGASM-24SEP30-US-3.15,VGT,-5,etf_leads_kalshi,0.0006065018526100591,1.469137002261101,0.1417956332352622,0.0024617633010401985,5840,0.6264779178708496,Will average **gas prices** be above $3.15?
AAAGASM-24SEP30-US-3.15,VGT,-4,etf_leads_kalshi,-0.000428352218602059,-1.8269914632199775,0.06770105295278106,0.0024617633010401985,5840,0.6264779178708496,Will average **gas prices** be above $3.15?
AAAGASM-24SEP30-US-3.15,VGT,-3,etf_leads_kalshi,-0.0009731172298483922,-1.0734773444252563,0.2830569983329664,0.0024617633010401985,5840,0.6264779178708496,Will average **gas prices** be above $3.15?
AAAGASM-24SEP30-US-3.15,VGT,-2,etf_leads_kalshi,0.0008090081843701796,1.3508599391647265,0.1767403031514111,0.0024617633010401985,5840,0.6264779178708496,Will average **gas prices** be above $3.15?
AAAGASM-24SEP30-US-3.15,VGT,-1,etf_leads_kalshi,9.197769381582199e-05,0.5553469631603208,0.5786573620367796,0.0024617633010401985,5840,0.6264779178708496,Will average **gas prices** be above $3.15?
AAAGASM-24SEP30-US-3.15,VGT,0,contemp,-0.00019183105916076084,-0.3202606439578063,0.7487707547622897,0.0024617633010401985,5840,0.6264779178708496,Will average **gas prices** be above $3.15?
AAAGASM-24SEP30-US-3.15,VGT,1,kalshi_leads_etf,-0.0001212216429887108,-0.6580458111538613,0.5105086945435833,0.0024617633010401985,5840,0.6264779178708496,Will average **gas prices** be above $3.15?
AAAGASM-24SEP30-US-3.15,VGT,2,kalshi_leads_etf,-0.0002075609373126295,-0.2913131158477948,0.770811857249373,0.0024617633010401985,5840,0.6264779178708496,Will average **gas prices** be above $3.15?
AAAGASM-24SEP30-US-3.15,VGT,3,kalshi_leads_etf,-9.847291837605422e-05,-0.28997163239756574,0.7718379397340415,0.0024617633010401985,5840,0.6264779178708496,Will average **gas prices** be above $3.15?
AAAGASM-24SEP30-US-3.15,VGT,4,kalshi_leads_etf,-0.0009025540383837964,-0.8507909751174401,0.3948854758332653,0.0024617633010401985,5840,0.6264779178708496,Will average **gas prices** be above $3.15?
AAAGASM-24SEP30-US-3.15,VGT,5,kalshi_leads_etf,0.0006140624164008982,0.9685585611255135,0.33276548726276,0.0024617633010401985,5840,0.6264779178708496,Will average **gas prices** be above $3.15?
KXAAAGASM-24NOV30-US-3.30,VDE,-5,etf_leads_kalshi,0.004807169174216161,0.6054683876876575,0.5448678231558597,0.004259711121533782,5839,0.6041437567019852,Will average **gas prices** be above $3.30?
KXAAAGASM-24NOV30-US-3.30,VDE,-4,etf_leads_kalshi,-0.0023451375893455352,-0.8996771064648384,0.3682921100748392,0.004259711121533782,5839,0.6041437567019852,Will average **gas prices** be above $3.30?
KXAAAGASM-24NOV30-US-3.30,VDE,-3,etf_leads_kalshi,0.005274945882235745,2.982896186214015,0.002855348273442868,0.004259711121533782,5839,0.6041437567019852,Will average **gas prices** be above $3.30?
KXAAAGASM-24NOV30-US-3.30,VDE,-2,etf_leads_kalshi,0.003714189360138465,1.0602113591894615,0.2890484545048293,0.004259711121533782,5839,0.6041437567019852,Will average **gas prices** be above $3.30?
KXAAAGASM-24NOV30-US-3.30,VDE,-1,etf_leads_kalshi,0.00304619661458423,1.130750409930726,0.25816015747467613,0.004259711121533782,5839,0.6041437567019852,Will average **gas prices** be above $3.30?
KXAAAGASM-24NOV30-US-3.30,VDE,0,contemp,-0.002869372228796099,-2.5656356495107073,0.010298694362028734,0.004259711121533782,5839,0.6041437567019852,Will average **gas prices** be above $3.30?
KXAAAGASM-24NOV30-US-3.30,VDE,1,kalshi_leads_etf,-0.006596680981623179,-0.5314119641670921,0.5951333325224253,0.004259711121533782,5839,0.6041437567019852,Will average **gas prices** be above $3.30?
KXAAAGASM-24NOV30-US-3.30,VDE,2,kalshi_leads_etf,0.008455835766286309,1.6013605525537244,0.10929708452552785,0.004259711121533782,5839,0.6041437567019852,Will average **gas prices** be above $3.30?
KXAAAGASM-24NOV30-US-3.30,VDE,3,kalshi_leads_etf,0.004312105030701099,1.3541363234972768,0.1756928895408737,0.004259711121533782,5839,0.6041437567019852,Will average **gas prices** be above $3.30?
KXAAAGASM-24NOV30-US-3.30,VDE,4,kalshi_leads_etf,0.004843696402649407,1.0405630052248562,0.29807840838366206,0.004259711121533782,5839,0.6041437567019852,Will average **gas prices** be above $3.30?
KXAAAGASM-24NOV30-US-3.30,VDE,5,kalshi_leads_etf,0.0013010211217992496,0.22848557915816833,0.8192687658124791,0.004259711121533782,5839,0.6041437567019852,Will average **gas prices** be above $3.30?
KXECKH276,VOX,-5,etf_leads_kalshi,1.2077132118322887e-05,0.005284722580606964,0.9957834210717916,0.004189096715493057,6619,0.5903053031486734,"Will Harris win 276-262 - PA, NV, MI, WI?"
KXECKH276,VOX,-4,etf_leads_kalshi,-0.0004307739794136149,-0.49625250139454946,0.6197162736119501,0.004189096715493057,6619,0.5903053031486734,"Will Harris win 276-262 - PA, NV, MI, WI?"
KXECKH276,VOX,-3,etf_leads_kalshi,-0.00020222347289227793,-0.13815038979484004,0.8901215622432237,0.004189096715493057,6619,0.5903053031486734,"Will Harris win 276-262 - PA, NV, MI, WI?"
KXECKH276,VOX,-2,etf_leads_kalshi,0.0023804465881275775,2.4772707854474927,0.013239141575462559,0.004189096715493057,6619,0.5903053031486734,"Will Harris win 276-262 - PA, NV, MI, WI?"
KXECKH276,VOX,-1,etf_leads_kalshi,-0.0014436032178846711,-1.6124557053965962,0.106862811335951,0.004189096715493057,6619,0.5903053031486734,"Will Harris win 276-262 - PA, NV, MI, WI?"
KXECKH276,VOX,0,contemp,0.00015575598884424774,0.18299933267080104,0.8547985422276689,0.004189096715493057,6619,0.5903053031486734,"Will Harris win 276-262 - PA, NV, MI, WI?"
KXECKH276,VOX,1,kalshi_leads_etf,0.0009723164173926531,0.7987386297766135,0.4244419824262695,0.004189096715493057,6619,0.5903053031486734,"Will Harris win 276-262 - PA, NV, MI, WI?"
KXECKH276,VOX,2,kalshi_leads_etf,-0.0013890449367786584,-0.503093955669251,0.6148982161112118,0.004189096715493057,6619,0.5903053031486734,"Will Harris win 276-262 - PA, NV, MI, WI?"
KXECKH276,VOX,3,kalshi_leads_etf,0.0013781675163462423,0.9151828754135898,0.3600956330638452,0.004189096715493057,6619,0.5903053031486734,"Will Harris win 276-262 - PA, NV, MI, WI?"
KXECKH276,VOX,4,kalshi_leads_etf,0.003288873235424885,1.9426006689125688,0.05206442603373306,0.004189096715493057,6619,0.5903053031486734,"Will Harris win 276-262 - PA, NV, MI, WI?"
KXECKH276,VOX,5,kalshi_leads_etf,0.0004587662252611655,0.19022721314965754,0.8491310874375394,0.004189096715493057,6619,0.5903053031486734,"Will Harris win 276-262 - PA, NV, MI, WI?"
KXECKH276,VGT,-5,etf_leads_kalshi,0.0008441556744777554,0.3585032894664292,0.7199667066241611,0.003672243135404263,6619,0.5887966658096906,"Will Harris win 276-262 - PA, NV, MI, WI?"
KXECKH276,VGT,-4,etf_leads_kalshi,-0.002740874382006483,-2.4454121270575464,0.014468670186074187,0.003672243135404263,6619,0.5887966658096906,"Will Harris win 276-262 - PA, NV, MI, WI?"
KXECKH276,VGT,-3,etf_leads_kalshi,-0.00178228617004798,-1.6844794763175188,0.09208904259475861,0.003672243135404263,6619,0.5887966658096906,"Will Harris win 276-262 - PA, NV, MI, WI?"
KXECKH276,VGT,-2,etf_leads_kalshi,0.003023985162807052,1.5760821847488227,0.11500686416793163,0.003672243135404263,6619,0.5887966658096906,"Will Harris win 276-262 - PA, NV, MI, WI?"
KXECKH276,VGT,-1,etf_leads_kalshi,-0.0025003978938361775,-2.3169346273604736,0.02050729313115105,0.003672243135404263,6619,0.5887966658096906,"Will Harris win 276-262 - PA, NV, MI, WI?"
KXECKH276,VGT,0,contemp,-0.0009510432376680675,-0.5201756396443098,0.6029411624828076,0.003672243135404263,6619,0.5887966658096906,"Will Harris win 276-262 - PA, NV, MI, WI?"
KXECKH276,VGT,1,kalshi_leads_etf,0.0021678492407474458,0.8882799583035552,0.3743901775593975,0.003672243135404263,6619,0.5887966658096906,"Will Harris win 276-262 - PA, NV, MI, WI?"
KXECKH276,VGT,2,kalshi_leads_etf,-0.0008604808493975141,-0.22300864377685684,0.8235287791432163,0.003672243135404263,6619,0.5887966658096906,"Will Harris win 276-262 - PA, NV, MI, WI?"
KXECKH276,VGT,3,kalshi_leads_etf,0.00260397252330998,1.3604523366442345,0.17368682617741382,0.003672243135404263,6619,0.5887966658096906,"Will Harris win 276-262 - PA, NV, MI, WI?"
KXECKH276,VGT,4,kalshi_leads_etf,0.004236558925452459,2.495092085735099,0.012592444614558202,0.003672243135404263,6619,0.5887966658096906,"Will Harris win 276-262 - PA, NV, MI, WI?"
KXECKH276,VGT,5,kalshi_leads_etf,-0.0005774877090498416,-0.15010123975337322,0.880684741885786,0.003672243135404263,6619,0.5887966658096906,"Will Harris win 276-262 - PA, NV, MI, WI?"
KXAAAGASM-24NOV30-US-3.30,VDC,-5,etf_leads_kalshi,0.0007983080294043787,0.3160920174289787,0.7519326655353018,0.0058687558499923576,5836,0.5851331911031488,Will average **gas prices** be above $3.30?
KXAAAGASM-24NOV30-US-3.30,VDC,-4,etf_leads_kalshi,-0.0035692942951940417,-0.7767377498363739,0.4373135101145178,0.0058687558499923576,5836,0.5851331911031488,Will average **gas prices** be above $3.30?
KXAAAGASM-24NOV30-US-3.30,VDC,-3,etf_leads_kalshi,-0.004602070274563199,-0.6903474086149882,0.4899757410032056,0.0058687558499923576,5836,0.5851331911031488,Will average **gas prices** be above $3.30?
KXAAAGASM-24NOV30-US-3.30,VDC,-2,etf_leads_kalshi,0.0010872955454235959,0.36638533233624065,0.7140775630880606,0.0058687558499923576,5836,0.5851331911031488,Will average **gas prices** be above $3.30?
KXAAAGASM-24NOV30-US-3.30,VDC,-1,etf_leads_kalshi,-0.0007447686649816692,-0.6864969990078142,0.49239975608765196,0.0058687558499923576,5836,0.5851331911031488,Will average **gas prices** be above $3.30?
KXAAAGASM-24NOV30-US-3.30,VDC,0,contemp,0.0006011404365353891,0.1373221733080533,0.8907761446957961,0.0058687558499923576,5836,0.5851331911031488,Will average **gas prices** be above $3.30?
KXAAAGASM-24NOV30-US-3.30,VDC,1,kalshi_leads_etf,0.0036598760950671055,3.8145157613061667,0.0001364502286114757,0.0058687558499923576,5836,0.5851331911031488,Will average **gas prices** be above $3.30?
KXAAAGASM-24NOV30-US-3.30,VDC,2,kalshi_leads_etf,0.0035612259594946425,0.8484103470111841,0.3962094822488118,0.0058687558499923576,5836,0.5851331911031488,Will average **gas prices** be above $3.30?
KXAAAGASM-24NOV30-US-3.30,VDC,3,kalshi_leads_etf,-0.004188620665549998,-0.7761135316292121,0.43768195467406457,0.0058687558499923576,5836,0.5851331911031488,Will average **gas prices** be above $3.30?
KXAAAGASM-24NOV30-US-3.30,VDC,4,kalshi_leads_etf,-0.0011158251596943719,-0.6341094842185645,0.5260093736527879,0.0058687558499923576,5836,0.5851331911031488,Will average **gas prices** be above $3.30?
KXAAAGASM-24NOV30-US-3.30,VDC,5,kalshi_leads_etf,-0.002970482045119718,-0.3616633572104915,0.7176036126871228,0.0058687558499923576,5836,0.5851331911031488,Will average **gas prices** be above $3.30?
AAAGASM-24SEP30-US-3.15,VAW,-5,etf_leads_kalshi,0.0008957541918609903,1.2825384235813564,0.19965383512273427,0.0028106499117044326,5831,0.5699807323290244,Will average **gas prices** be above $3.15?
AAAGASM-24SEP30-US-3.15,VAW,-4,etf_leads_kalshi,-0.0003878839696313871,-1.260192671842703,0.2075998657902992,0.0028106499117044326,5831,0.5699807323290244,Will average **gas prices** be above $3.15?
AAAGASM-24SEP30-US-3.15,VAW,-3,etf_leads_kalshi,-0.0007361462815216474,-1.1942406346012089,0.2323838521922038,0.0028106499117044326,5831,0.5699807323290244,Will average **gas prices** be above $3.15?
AAAGASM-24SEP30-US-3.15,VAW,-2,etf_leads_kalshi,7.496395100587697e-05,0.21000021236782557,0.8336675072854811,0.0028106499117044326,5831,0.5699807323290244,Will average **gas prices** be above $3.15?
AAAGASM-24SEP30-US-3.15,VAW,-1,etf_leads_kalshi,0.0004094562303431228,0.8397452045940539,0.40105126243871647,0.0028106499117044326,5831,0.5699807323290244,Will average **gas prices** be above $3.15?
AAAGASM-24SEP30-US-3.15,VAW,0,contemp,-0.0002642650546063207,-0.6091714493266501,0.5424108025195027,0.0028106499117044326,5831,0.5699807323290244,Will average **gas prices** be above $3.15?
AAAGASM-24SEP30-US-3.15,VAW,1,kalshi_leads_etf,-0.0005069813411834151,-3.4031260977648055,0.000666195266232016,0.0028106499117044326,5831,0.5699807323290244,Will average **gas prices** be above $3.15?
AAAGASM-24SEP30-US-3.15,VAW,2,kalshi_leads_etf,-0.00026916790540588005,-0.6560493789926806,0.5117923533590976,0.0028106499117044326,5831,0.5699807323290244,Will average **gas prices** be above $3.15?
AAAGASM-24SEP30-US-3.15,VAW,3,kalshi_leads_etf,-4.460210170958123e-05,-0.16824837756129551,0.8663878835638245,0.0028106499117044326,5831,0.5699807323290244,Will average **gas prices** be above $3.15?
AAAGASM-24SEP30-US-3.15,VAW,4,kalshi_leads_etf,-0.0006597940519250565,-2.6664013734177967,0.007666809830739714,0.0028106499117044326,5831,0.5699807323290244,Will average **gas prices** be above $3.15?
AAAGASM-24SEP30-US-3.15,VAW,5,kalshi_leads_etf,0.0004566224288525318,1.425015669670919,0.15415267160196952,0.0028106499117044326,5831,0.5699807323290244,Will average **gas prices** be above $3.15?
KXECKH276,VDC,-5,etf_leads_kalshi,0.0002584037273442879,0.15881912307731622,0.8738113820019853,0.003698182839247721,6614,0.532567360488065,"Will Harris win 276-262 - PA, NV, MI, WI?"
KXECKH276,VDC,-4,etf_leads_kalshi,0.002477254062657328,1.4513134471741969,0.14669259851586963,0.003698182839247721,6614,0.532567360488065,"Will Harris win 276-262 - PA, NV, MI, WI?"
KXECKH276,VDC,-3,etf_leads_kalshi,-0.000589667519658375,-0.17050511634904697,0.8646129110158058,0.003698182839247721,6614,0.532567360488065,"Will Harris win 276-262 - PA, NV, MI, WI?"
KXECKH276,VDC,-2,etf_leads_kalshi,-0.00011855266865473648,-0.15888137267402533,0.873762336719519,0.003698182839247721,6614,0.532567360488065,"Will Harris win 276-262 - PA, NV, MI, WI?"
KXECKH276,VDC,-1,etf_leads_kalshi,-0.0011361811445197685,-0.7474914586139955,0.4547669567252297,0.003698182839247721,6614,0.532567360488065,"Will Harris win 276-262 - PA, NV, MI, WI?"
KXECKH276,VDC,0,contemp,-0.00025923677956858973,-0.11069298151744938,0.9118598117147144,0.003698182839247721,6614,0.532567360488065,"Will Harris win 276-262 - PA, NV, MI, WI?"
KXECKH276,VDC,1,kalshi_leads_etf,-0.0004952700685000486,-0.3626426269490269,0.7168718631105411,0.003698182839247721,6614,0.532567360488065,"Will Harris win 276-262 - PA, NV, MI, WI?"
KXECKH276,VDC,2,kalshi_leads_etf,0.00015882895706188994,0.24124218855735025,0.809367414535048,0.003698182839247721,6614,0.532567360488065,"Will Harris win 276-262 - PA, NV, MI, WI?"
KXECKH276,VDC,3,kalshi_leads_etf,-1.3352510408612487e-05,-0.01968322473994695,0.9842960729067386,0.003698182839247721,6614,0.532567360488065,"Will Harris win 276-262 - PA, NV, MI, WI?"
KXECKH276,VDC,4,kalshi_leads_etf,0.00015388671922471174,0.08498814775304303,0.9322708133395586,0.003698182839247721,6614,0.532567360488065,"Will Harris win 276-262 - PA, NV, MI, WI?"
KXECKH276,VDC,5,kalshi_leads_etf,0.0006944846202216737,0.6838956680886874,0.49404104966245743,0.003698182839247721,6614,0.532567360488065,"Will Harris win 276-262 - PA, NV, MI, WI?"
AAAGASM-24OCT31-US-3.20,VHT,-5,etf_leads_kalshi,-0.0009041706848451586,-1.5524818909617515,0.12054696244326063,0.0023405660682696006,8179,0.5177501210608164,Will average **gas prices** be above $3.20?
AAAGASM-24OCT31-US-3.20,VHT,-4,etf_leads_kalshi,0.0005977639911869963,0.7975908504797916,0.42510796230600933,0.0023405660682696006,8179,0.5177501210608164,Will average **gas prices** be above $3.20?
AAAGASM-24OCT31-US-3.20,VHT,-3,etf_leads_kalshi,-0.00023649641490758647,-0.3501197101927171,0.7262488593425485,0.0023405660682696006,8179,0.5177501210608164,Will average **gas prices** be above $3.20?
AAAGASM-24OCT31-US-3.20,VHT,-2,etf_leads_kalshi,-0.00023448844255002672,-0.22113164778210087,0.8249899287922774,0.0023405660682696006,8179,0.5177501210608164,Will average **gas prices** be above $3.20?
AAAGASM-24OCT31-US-3.20,VHT,-1,etf_leads_kalshi,0.00036689716679582035,1.4344504791512167,0.1514437512166095,0.0023405660682696006,8179,0.5177501210608164,Will average **gas prices** be above $3.20?
AAAGASM-24OCT31-US-3.20,VHT,0,contemp,-0.00031538512940096456,-0.3826788058288733,0.7019579309260808,0.0023405660682696006,8179,0.5177501210608164,Will average **gas prices** be above $3.20?
AAAGASM-24OCT31-US-3.20,VHT,1,kalshi_leads_etf,-0.00014250114082990816,-0.22940792387746692,0.8185518780131709,0.0023405660682696006,8179,0.5177501210608164,Will average **gas prices** be above $3.20?
AAAGASM-24OCT31-US-3.20,VHT,2,kalshi_leads_etf,0.0003012574864072067,0.3479019010796856,0.7279138575032011,0.0023405660682696006,8179,0.5177501210608164,Will average **gas prices** be above $3.20?
AAAGASM-24OCT31-US-3.20,VHT,3,kalshi_leads_etf,-0.0002443442941381393,-0.2227929903623805,0.8236966237874346,0.0023405660682696006,8179,0.5177501210608164,Will average **gas prices** be above $3.20?
AAAGASM-24OCT31-US-3.20,VHT,4,kalshi_leads_etf,-0.0010287268943075217,-1.2439460094798667,0.21351943435272058,0.0023405660682696006,8179,0.5177501210608164,Will average **gas prices** be above $3.20?
AAAGASM-24OCT31-US-3.20,VHT,5,kalshi_leads_etf,0.0005756807894596735,0.7617143077814144,0.4462305340446232,0.0023405660682696006,8179,0.5177501210608164,Will average **gas prices** be above $3.20?
KXECDJT316,VIS,-5,etf_leads_kalshi,0.0021964203350787496,1.0767221561716098,0.281604411028622,0.005142260839213653,10714,0.5039225356388715,"Will Trump win 316-222 - AZ, GA, MI, MN, NC, PA, WI?"
KXECDJT316,VIS,-4,etf_leads_kalshi,-0.0005276193192395816,-0.5719304733113744,0.5673690781488917,0.005142260839213653,10714,0.5039225356388715,"Will Trump win 316-222 - AZ, GA, MI, MN, NC, PA, WI?"
KXECDJT316,VIS,-3,etf_leads_kalshi,-0.0015918213505127117,-1.464886337548599,0.1429519309416221,0.005142260839213653,10714,0.5039225356388715,"Will Trump win 316-222 - AZ, GA, MI, MN, NC, PA, WI?"
KXECDJT316,VIS,-2,etf_leads_kalshi,0.0033034696204656726,1.642382849694584,0.10051068690012388,0.005142260839213653,10714,0.5039225356388715,"Will Trump win 316-222 - AZ, GA, MI, MN, NC, PA, WI?"
KXECDJT316,VIS,-1,etf_leads_kalshi,0.001850856418717719,2.8434061910003208,0.004463414651825896,0.005142260839213653,10714,0.5039225356388715,"Will Trump win 316-222 - AZ, GA, MI, MN, NC, PA, WI?"
KXECDJT316,VIS,0,contemp,0.0035213760472670363,1.8352229965956837,0.06647265510279277,0.005142260839213653,10714,0.5039225356388715,"Will Trump win 316-222 - AZ, GA, MI, MN, NC, PA, WI?"
KXECDJT316,VIS,1,kalshi_leads_etf,0.0009413041972681126,0.34896425601727205,0.7271161442802918,0.005142260839213653,10714,0.5039225356388715,"Will Trump win 316-222 - AZ, GA, MI, MN, NC, PA, WI?"
KXECDJT316,VIS,2,kalshi_leads_etf,-0.00020625423306871042,-0.22160224766070866,0.8246235326169791,0.005142260839213653,10714,0.5039225356388715,"Will Trump win 316-222 - AZ, GA, MI, MN, NC, PA, WI?"
KXECDJT316,VIS,3,kalshi_leads_etf,0.002705839221353197,1.3858316288253776,0.1657983220009671,0.005142260839213653,10714,0.5039225356388715,"Will Trump win 316-222 - AZ, GA, MI, MN, NC, PA, WI?"
KXECDJT316,VIS,4,kalshi_leads_etf,-0.0020972992444983646,-0.983597673429107,0.3253133695352709,0.005142260839213653,10714,0.5039225356388715,"Will Trump win 316-222 - AZ, GA, MI, MN, NC, PA, WI?"
KXECDJT316,VIS,5,kalshi_leads_etf,-0.0022170838669008557,-1.5603471749690998,0.11867786089352349,0.005142260839213653,10714,0.5039225356388715,"Will Trump win 316-222 - AZ, GA, MI, MN, NC, PA, WI?"
KXECDJT316,VDE,-5,etf_leads_kalshi,0.00013932416426128816,0.06884305149615126,0.9451145492170695,0.003815706108806105,10731,0.492237843550756,"Will Trump win 316-222 - AZ, GA, MI, MN, NC, PA, WI?"
KXECDJT316,VDE,-4,etf_leads_kalshi,-0.0026394484877191853,-1.1451000173071968,0.25216772833390055,0.003815706108806105,10731,0.492237843550756,"Will Trump win 316-222 - AZ, GA, MI, MN, NC, PA, WI?"
KXECDJT316,VDE,-3,etf_leads_kalshi,-0.00017558359139543673,-0.07661042633961415,0.9389334643132168,0.003815706108806105,10731,0.492237843550756,"Will Trump win 316-222 - AZ, GA, MI, MN, NC, PA, WI?"
KXECDJT316,VDE,-2,etf_leads_kalshi,0.0013338688986399712,0.9517924354500179,0.3412022591805368,0.003815706108806105,10731,0.492237843550756,"Will Trump win 316-222 - AZ, GA, MI, MN, NC, PA, WI?"
KXECDJT316,VDE,-1,etf_leads_kalshi,0.0001111660353576015,0.05534545511648258,0.9558632496907358,0.003815706108806105,10731,0.492237843550756,"Will Trump win 316-222 - AZ, GA, MI, MN, NC, PA, WI?"
KXECDJT316,VDE,0,contemp,0.001797409935149081,0.6696654831444147,0.5030710599760755,0.003815706108806105,10731,0.492237843550756,"Will Trump win 316-222 - AZ, GA, MI, MN, NC, PA, WI?"
KXECDJT316,VDE,1,kalshi_leads_etf,0.0003419348794396856,0.1921261473909927,0.8476433937735514,0.003815706108806105,10731,0.492237843550756,"Will Trump win 316-222 - AZ, GA, MI, MN, NC, PA, WI?"
KXECDJT316,VDE,2,kalshi_leads_etf,-0.0012305961803612366,-0.6366746765642148,0.5243367718156662,0.003815706108806105,10731,0.492237843550756,"Will Trump win 316-222 - AZ, GA, MI, MN, NC, PA, WI?"
KXECDJT316,VDE,3,kalshi_leads_etf,-0.0024570913678895294,-1.2275079728789604,0.21963172703204914,0.003815706108806105,10731,0.492237843550756,"Will Trump win 316-222 - AZ, GA, MI, MN, NC, PA, WI?"
KXECDJT316,VDE,4,kalshi_leads_etf,0.004544978065778672,0.9936634252418469,0.32038675462021915,0.003815706108806105,10731,0.492237843550756,"Will Trump win 316-222 - AZ, GA, MI, MN, NC, PA, WI?"
KXECDJT316,VDE,5,kalshi_leads_etf,-0.00035631746483979674,-0.4079346296764873,0.6833216680557512,0.003815706108806105,10731,0.492237843550756,"Will Trump win 316-222 - AZ, GA, MI, MN, NC, PA, WI?"
KXAAAGASM-24NOV30-US-3.30,VNQ,-5,etf_leads_kalshi,-0.0008187518214468762,-0.26586115643032876,0.7903461414389512,0.006450453374704068,5839,0.4682125139927855,Will average **gas prices** be above $3.30?
KXAAAGASM-24NOV30-US-3.30,VNQ,-4,etf_leads_kalshi,-0.0012982644927086225,-0.8125950627796309,0.4164502632064191,0.006450453374704068,5839,0.4682125139927855,Will average **gas prices** be above $3.30?
KXAAAGASM-24NOV30-US-3.30,VNQ,-3,etf_leads_kalshi,0.0042225566506694165,2.1036683598253307,0.03540738629734324,0.006450453374704068,5839,0.4682125139927855,Will average **gas prices** be above $3.30?
KXAAAGASM-24NOV30-US-3.30,VNQ,-2,etf_leads_kalshi,0.00952660904979626,1.9311114701706784,0.053469268843362096,0.006450453374704068,5839,0.4682125139927855,Will average **gas prices** be above $3.30?
KXAAAGASM-24NOV30-US-3.30,VNQ,-1,etf_leads_kalshi,0.00514644508773614,1.2066545133673232,0.22756522345825891,0.006450453374704068,5839,0.4682125139927855,Will average **gas prices** be above $3.30?
KXAAAGASM-24NOV30-US-3.30,VNQ,0,contemp,0.003659553563166869,0.5796421132197237,0.5621559873311064,0.006450453374704068,5839,0.4682125139927855,Will average **gas prices** be above $3.30?
KXAAAGASM-24NOV30-US-3.30,VNQ,1,kalshi_leads_etf,0.002223241397245427,0.8456865828491262,0.3977276099738716,0.006450453374704068,5839,0.4682125139927855,Will average **gas prices** be above $3.30?
KXAAAGASM-24NOV30-US-3.30,VNQ,2,kalshi_leads_etf,0.0022690972714343198,0.8484658807432873,0.3961785661930608,0.006450453374704068,5839,0.4682125139927855,Will average **gas prices** be above $3.30?
KXAAAGASM-24NOV30-US-3.30,VNQ,3,kalshi_leads_etf,0.003875494869686902,0.9768269849884441,0.3286548141705268,0.006450453374704068,5839,0.4682125139927855,Will average **gas prices** be above $3.30?
KXAAAGASM-24NOV30-US-3.30,VNQ,4,kalshi_leads_etf,-0.004583946645913547,-11.038943223387129,2.4793188151662185e-28,0.006450453374704068,5839,0.4682125139927855,Will average **gas prices** be above $3.30?
KXAAAGASM-24NOV30-US-3.30,VNQ,5,kalshi_leads_etf,-0.0029241877401412486,-1.2415742231966254,0.21439369720594248,0.006450453374704068,5839,0.4682125139927855,Will average **gas prices** be above $3.30?
KX538APPROVEMAX-24NOV30-T41,VGT,-5,etf_leads_kalshi,0.0062109994562040294,1.1138340821271642,0.2653503726392413,0.003003393421328604,4279,0.4644270907727368,"Will the President's approval rating ever get above 41% by Nov 30, 2024?"
KX538APPROVEMAX-24NOV30-T41,VGT,-4,etf_leads_kalshi,-0.0007012919466102261,-0.4355487439016789,0.6631641660279441,0.003003393421328604,4279,0.4644270907727368,"Will the President's approval rating ever get above 41% by Nov 30, 2024?"
KX538APPROVEMAX-24NOV30-T41,VGT,-3,etf_leads_kalshi,0.0014082663485224687,1.2008638706154302,0.2298040110702274,0.003003393421328604,4279,0.4644270907727368,"Will the President's approval rating ever get above 41% by Nov 30, 2024?"
KX538APPROVEMAX-24NOV30-T41,VGT,-2,etf_leads_kalshi,-0.0005854915678841094,-0.23402391713231552,0.8149664109748156,0.003003393421328604,4279,0.4644270907727368,"Will the President's approval rating ever get above 41% by Nov 30, 2024?"
KX538APPROVEMAX-24NOV30-T41,VGT,-1,etf_leads_kalshi,-0.001378798693937524,-1.3282289002444438,0.18410249975779525,0.003003393421328604,4279,0.4644270907727368,"Will the President's approval rating ever get above 41% by Nov 30, 2024?"
KX538APPROVEMAX-24NOV30-T41,VGT,0,contemp,-0.00034117568942367764,-0.27993238481886656,0.7795293805972822,0.003003393421328604,4279,0.4644270907727368,"Will the President's approval rating ever get above 41% by Nov 30, 2024?"
KX538APPROVEMAX-24NOV30-T41,VGT,1,kalshi_leads_etf,-0.0008836167006977292,-0.34460810994466134,0.7303890080152687,0.003003393421328604,4279,0.4644270907727368,"Will the President's approval rating ever get above 41% by Nov 30, 2024?"
KX538APPROVEMAX-24NOV30-T41,VGT,2,kalshi_leads_etf,0.0020425596384335545,0.47885986732145286,0.6320383232409413,0.003003393421328604,4279,0.4644270907727368,"Will the President's approval rating ever get above 41% by Nov 30, 2024?"
KX538APPROVEMAX-24NOV30-T41,VGT,3,kalshi_leads_etf,-0.0015854784112568458,-0.9313832489777913,0.3516553526806777,0.003003393421328604,4279,0.4644270907727368,"Will the President's approval rating ever get above 41% by Nov 30, 2024?"
KX538APPROVEMAX-24NOV30-T41,VGT,4,kalshi_leads_etf,-0.002418044596039301,-1.143988470620579,0.25262841845841955,0.003003393421328604,4279,0.4644270907727368,"Will the President's approval rating ever get above 41% by Nov 30, 2024?"
KX538APPROVEMAX-24NOV30-T41,VGT,5,kalshi_leads_etf,0.0010479109168243833,0.5977520033497584,0.550005420641714,0.003003393421328604,4279,0.4644270907727368,"Will the President's approval rating ever get above 41% by Nov 30, 2024?"
RATECUT-24SEP18,VOX,-5,etf_leads_kalshi,0.00018288757573094172,0.02367452756127804,0.9811122243713618,0.0073619562552964535,4275,0.4620130239894225,"Will the Federal Reserve cut rates before September 19, 2024?"
RATECUT-24SEP18,VOX,-4,etf_leads_kalshi,-0.0004990585803806439,-0.06067905842618277,0.9516148098980557,0.0073619562552964535,4275,0.4620130239894225,"Will the Federal Reserve cut rates before September 19, 2024?"
RATECUT-24SEP18,VOX,-3,etf_leads_kalshi,-0.013180858347263173,-0.6579601345910544,0.5105637479643073,0.0073619562552964535,4275,0.4620130239894225,"Will the Federal Reserve cut rates before September 19, 2024?"
RATECUT-24SEP18,VOX,-2,etf_leads_kalshi,0.004934005071753095,0.43257969380354355,0.665320144236383,0.0073619562552964535,4275,0.4620130239894225,"Will the Federal Reserve cut rates before September 19, 2024?"
RATECUT-24SEP18,VOX,-1,etf_leads_kalshi,0.002790234116943042,0.21161142533340244,0.8324101950608789,0.0073619562552964535,4275,0.4620130239894225,"Will the Federal Reserve cut rates before September 19, 2024?"
RATECUT-24SEP18,VOX,0,contemp,0.04584812523178351,0.963980426567342,0.33505573921771614,0.0073619562552964535,4275,0.4620130239894225,"Will the Federal Reserve cut rates before September 19, 2024?"
RATECUT-24SEP18,VOX,1,kalshi_leads_etf,-0.0025782173196179144,-0.15494639738546367,0.8768635754940467,0.0073619562552964535,4275,0.4620130239894225,"Will the Federal Reserve cut rates before September 19, 2024?"
RATECUT-24SEP18,VOX,2,kalshi_leads_etf,-0.029793715084082677,-1.6168797454670711,0.10590424130115009,0.0073619562552964535,4275,0.4620130239894225,"Will the Federal Reserve cut rates before September 19, 2024?"
RATECUT-24SEP18,VOX,3,kalshi_leads_etf,-0.0090857811573536,-0.6195792780451491,0.5355348128979653,0.0073619562552964535,4275,0.4620130239894225,"Will the Federal Reserve cut rates before September 19, 2024?"
RATECUT-24SEP18,VOX,4,kalshi_leads_etf,-0.007002065545714902,-0.6483001606998697,0.516790830114507,0.0073619562552964535,4275,0.4620130239894225,"Will the Federal Reserve cut rates before September 19, 2024?"
RATECUT-24SEP18,VOX,5,kalshi_leads_etf,0.001317110774855646,0.1534719309812834,0.878026123891962,0.0073619562552964535,4275,0.4620130239894225,"Will the Federal Reserve cut rates before September 19, 2024?"
AAAGASM-24SEP30-US-3.15,VCR,-5,etf_leads_kalshi,0.0008276704405830167,2.3745294598410984,0.017571333963609843,0.0030517375781947687,5839,0.4585172328092671,Will average **gas prices** be above $3.15?
AAAGASM-24SEP30-US-3.15,VCR,-4,etf_leads_kalshi,-0.00027742627071422425,-1.4968440473296438,0.1344338420367498,0.0030517375781947687,5839,0.4585172328092671,Will average **gas prices** be above $3.15?
AAAGASM-24SEP30-US-3.15,VCR,-3,etf_leads_kalshi,-0.0005350381565239628,-1.0004815607749455,0.31707751675688456,0.0030517375781947687,5839,0.4585172328092671,Will average **gas prices** be above $3.15?
AAAGASM-24SEP30-US-3.15,VCR,-2,etf_leads_kalshi,0.0003082300127105327,2.3425784531378353,0.019151007207272017,0.0030517375781947687,5839,0.4585172328092671,Will average **gas prices** be above $3.15?
AAAGASM-24SEP30-US-3.15,VCR,-1,etf_leads_kalshi,0.000395969003240206,1.3538166442961315,0.1757948821639581,0.0030517375781947687,5839,0.4585172328092671,Will average **gas prices** be above $3.15?
AAAGASM-24SEP30-US-3.15,VCR,0,contemp,-2.784224798792034e-05,-0.04958224344957657,0.9604552969006072,0.0030517375781947687,5839,0.4585172328092671,Will average **gas prices** be above $3.15?
AAAGASM-24SEP30-US-3.15,VCR,1,kalshi_leads_etf,-0.0005267895648114461,-4.040954567716333,5.3234071764689994e-05,0.0030517375781947687,5839,0.4585172328092671,Will average **gas prices** be above $3.15?
AAAGASM-24SEP30-US-3.15,VCR,2,kalshi_leads_etf,-0.00025860316568455564,-1.821366029864195,0.06855123536743563,0.0030517375781947687,5839,0.4585172328092671,Will average **gas prices** be above $3.15?
AAAGASM-24SEP30-US-3.15,VCR,3,kalshi_leads_etf,0.00013460628676183862,0.6584230279426092,0.510266342249776,0.0030517375781947687,5839,0.4585172328092671,Will average **gas prices** be above $3.15?
AAAGASM-24SEP30-US-3.15,VCR,4,kalshi_leads_etf,-0.0009567800853228036,-1.2416035656222935,0.21438286556465358,0.0030517375781947687,5839,0.4585172328092671,Will average **gas prices** be above $3.15?
AAAGASM-24SEP30-US-3.15,VCR,5,kalshi_leads_etf,0.0004576314397066281,2.891863043270881,0.003829648494426113,0.0030517375781947687,5839,0.4585172328092671,Will average **gas prices** be above $3.15?
KXECKH276,VAW,-5,etf_leads_kalshi,-0.0012640287709756617,-0.7384223480968009,0.4602578383088374,0.003736122520483609,6604,0.4430827720119678,"Will Harris win 276-262 - PA, NV, MI, WI?"
KXECKH276,VAW,-4,etf_leads_kalshi,-0.0007325858822907123,-0.4288202086864834,0.6680540710111746,0.003736122520483609,6604,0.4430827720119678,"Will Harris win 276-262 - PA, NV, MI, WI?"
KXECKH276,VAW,-3,etf_leads_kalshi,-0.0010573578210762782,-0.7408768492557378,0.4587681136413887,0.003736122520483609,6604,0.4430827720119678,"Will Harris win 276-262 - PA, NV, MI, WI?"
KXECKH276,VAW,-2,etf_leads_kalshi,0.0001775354905421016,0.21014373534435055,0.8335554916272706,0.003736122520483609,6604,0.4430827720119678,"Will Harris win 276-262 - PA, NV, MI, WI?"
KXECKH276,VAW,-1,etf_leads_kalshi,-0.00223525694568838,-2.629235604052513,0.008557704865645839,0.003736122520483609,6604,0.4430827720119678,"Will Harris win 276-262 - PA, NV, MI, WI?"
KXECKH276,VAW,0,contemp,-0.0014837127113275248,-2.3915876159954106,0.01677567941132945,0.003736122520483609,6604,0.4430827720119678,"Will Harris win 276-262 - PA, NV, MI, WI?"
KXECKH276,VAW,1,kalshi_leads_etf,-0.0012016097788731966,-0.5581187900464581,0.5767632705312009,0.003736122520483609,6604,0.4430827720119678,"Will Harris win 276-262 - PA, NV, MI, WI?"
KXECKH276,VAW,2,kalshi_leads_etf,0.001427896534878949,0.5498430117413386,0.5824270545421978,0.003736122520483609,6604,0.4430827720119678,"Will Harris win 276-262 - PA, NV, MI, WI?"
KXECKH276,VAW,3,kalshi_leads_etf,-0.0009108915293180018,-1.8252847972372137,0.06795806314023664,0.003736122520483609,6604,0.4430827720119678,"Will Harris win 276-262 - PA, NV, MI, WI?"
KXECKH276,VAW,4,kalshi_leads_etf,-0.003753788644399611,-1.520872367997673,0.12829186935002623,0.003736122520483609,6604,0.4430827720119678,"Will Harris win 276-262 - PA, NV, MI, WI?"
KXECKH276,VAW,5,kalshi_leads_etf,0.0009374937215006615,0.5460225695120594,0.5850504231838601,0.003736122520483609,6604,0.4430827720119678,"Will Harris win 276-262 - PA, NV, MI, WI?"
AAAGASM-24SEP30-US-3.15,VOX,-5,etf_leads_kalshi,0.00033881033193672414,1.2378489359459235,0.21577207944461596,0.0028361382622907882,5839,0.4376033679857,Will average **gas prices** be above $3.15?
AAAGASM-24SEP30-US-3.15,VOX,-4,etf_leads_kalshi,-0.00031414957789712745,-0.8495331013967836,0.395584719262119,0.0028361382622907882,5839,0.4376033679857,Will average **gas prices** be above $3.15?
AAAGASM-24SEP30-US-3.15,VOX,-3,etf_leads_kalshi,-0.00029102190749335534,-6.4146663648657265,1.411315957036765e-10,0.0028361382622907882,5839,0.4376033679857,Will average **gas prices** be above $3.15?
AAAGASM-24SEP30-US-3.15,VOX,-2,etf_leads_kalshi,0.0005492156358782621,3.339697612411143,0.0008386965727090624,0.0028361382622907882,5839,0.4376033679857,Will average **gas prices** be above $3.15?
AAAGASM-24SEP30-US-3.15,VOX,-1,etf_leads_kalshi,0.00019188566825159635,0.2937491363965911,0.7689496043766914,0.0028361382622907882,5839,0.4376033679857,Will average **gas prices** be above $3.15?
AAAGASM-24SEP30-US-3.15,VOX,0,contemp,-0.00015637900429496884,-0.833263650625801,0.40469605183353274,0.0028361382622907882,5839,0.4376033679857,Will average **gas prices** be above $3.15?
AAAGASM-24SEP30-US-3.15,VOX,1,kalshi_leads_etf,-0.00021917851101341718,-0.8612200700198475,0.38911684826488613,0.0028361382622907882,5839,0.4376033679857,Will average **gas prices** be above $3.15?
AAAGASM-24SEP30-US-3.15,VOX,2,kalshi_leads_etf,-0.0005034847467640809,-1.417900763262313,0.15621973953711257,0.0028361382622907882,5839,0.4376033679857,Will average **gas prices** be above $3.15?
AAAGASM-24SEP30-US-3.15,VOX,3,kalshi_leads_etf,-3.373947789527768e-05,-0.12266364338863457,0.902373454764898,0.0028361382622907882,5839,0.4376033679857,Will average **gas prices** be above $3.15?
AAAGASM-24SEP30-US-3.15,VOX,4,kalshi_leads_etf,-0.00024544795410818285,-0.4361533665729674,0.6627254597389995,0.0028361382622907882,5839,0.4376033679857,Will average **gas prices** be above $3.15?
AAAGASM-24SEP30-US-3.15,VOX,5,kalshi_leads_etf,0.00025243807547886444,4.3728610207085135,1.2262879462743747e-05,0.0028361382622907882,5839,0.4376033679857,Will average **gas prices** be above $3.15?
538APPROVEMAX-24SEP30-T43,VAW,-5,etf_leads_kalshi,0.0017441895270366603,0.8884879616659631,0.3742783285465978,0.005901589972410859,7391,0.4350143803811237,"Will the President's approval rating ever get above 43% by Sep 30, 2024?"
538APPROVEMAX-24SEP30-T43,VAW,-4,etf_leads_kalshi,0.0028400147330033374,0.9954335118290737,0.3195254665183799,0.005901589972410859,7391,0.4350143803811237,"Will the President's approval rating ever get above 43% by Sep 30, 2024?"
538APPROVEMAX-24SEP30-T43,VAW,-3,etf_leads_kalshi,0.005326045426924011,0.9027159424305535,0.36667667305059437,0.005901589972410859,7391,0.4350143803811237,"Will the President's approval rating ever get above 43% by Sep 30, 2024?"
538APPROVEMAX-24SEP30-T43,VAW,-2,etf_leads_kalshi,0.0042261027047089915,0.7512603579252719,0.45249598171120153,0.005901589972410859,7391,0.4350143803811237,"Will the President's approval rating ever get above 43% by Sep 30, 2024?"
538APPROVEMAX-24SEP30-T43,VAW,-1,etf_leads_kalshi,-0.008118443460302154,-1.9858569594644797,0.047049208999015366,0.005901589972410859,7391,0.4350143803811237,"Will the President's approval rating ever get above 43% by Sep 30, 2024?"
538APPROVEMAX-24SEP30-T43,VAW,0,contemp,0.0009876705832924208,0.34700436573183036,0.7285880389491146,0.005901589972410859,7391,0.4350143803811237,"Will the President's approval rating ever get above 43% by Sep 30, 2024?"
538APPROVEMAX-24SEP30-T43,VAW,1,kalshi_leads_etf,0.0008975909648645203,2.2462509476334955,0.024687938565939965,0.005901589972410859,7391,0.4350143803811237,"Will the President's approval rating ever get above 43% by Sep 30, 2024?"
538APPROVEMAX-24SEP30-T43,VAW,2,kalshi_leads_etf,0.003676018521317487,1.739918656573343,0.08187330223491704,0.005901589972410859,7391,0.4350143803811237,"Will the President's approval rating ever get above 43% by Sep 30, 2024?"
538APPROVEMAX-24SEP30-T43,VAW,3,kalshi_leads_etf,0.003234617627518187,1.356738856205521,0.17486420154516713,0.005901589972410859,7391,0.4350143803811237,"Will the President's approval rating ever get above 43% by Sep 30, 2024?"
538APPROVEMAX-24SEP30-T43,VAW,4,kalshi_leads_etf,0.004266768445545444,1.7753367445147081,0.07584230171889776,0.005901589972410859,7391,0.4350143803811237,"Will the President's approval rating ever get above 43% by Sep 30, 2024?"
538APPROVEMAX-24SEP30-T43,VAW,5,kalshi_leads_etf,0.0029423821966476312,2.3485276262960215,0.018847800953741913,0.005901589972410859,7391,0.4350143803811237,"Will the President's approval rating ever get above 43% by Sep 30, 2024?"
KXECDJT281,VNQ,-5,etf_leads_kalshi,-0.0004677618182193159,-0.5035774428789099,0.6145583471660516,0.004973860105588979,6229,0.4303337624527567,"Will Trump win 281-257 - AZ, GA, NC, PA?"
KXECDJT281,VNQ,-4,etf_leads_kalshi,0.001075147979017817,1.0884672828632755,0.27638887234805787,0.004973860105588979,6229,0.4303337624527567,"Will Trump win 281-257 - AZ, GA, NC, PA?"
KXECDJT281,VNQ,-3,etf_leads_kalshi,-0.0015284126068196469,-1.0230157416367058,0.3063004030286903,0.004973860105588979,6229,0.4303337624527567,"Will Trump win 281-257 - AZ, GA, NC, PA?"
KXECDJT281,VNQ,-2,etf_leads_kalshi,0.0007723866402210307,0.8609050855487602,0.3892903205079645,0.004973860105588979,6229,0.4303337624527567,"Will Trump win 281-257 - AZ, GA, NC, PA?"
KXECDJT281,VNQ,-1,etf_leads_kalshi,-0.0008448957596866918,-1.4800327077952484,0.1388645181287291,0.004973860105588979,6229,0.4303337624527567,"Will Trump win 281-257 - AZ, GA, NC, PA?"
KXECDJT281,VNQ,0,contemp,-0.0005022507468538777,-0.6554658524050553,0.5121678650595771,0.004973860105588979,6229,0.4303337624527567,"Will Trump win 281-257 - AZ, GA, NC, PA?"
KXECDJT281,VNQ,1,kalshi_leads_etf,0.000199234586236599,0.20904756595905788,0.8344111065645389,0.004973860105588979,6229,0.4303337624527567,"Will Trump win 281-257 - AZ, GA, NC, PA?"
KXECDJT281,VNQ,2,kalshi_leads_etf,-0.0008086566068989511,-1.2451035294432182,0.21309369693756897,0.004973860105588979,6229,0.4303337624527567,"Will Trump win 281-257 - AZ, GA, NC, PA?"
KXECDJT281,VNQ,3,kalshi_leads_etf,0.0016146310282061241,1.8747546606272754,0.06082648325804402,0.004973860105588979,6229,0.4303337624527567,"Will Trump win 281-257 - AZ, GA, NC, PA?"
KXECDJT281,VNQ,4,kalshi_leads_etf,0.0009545712859805333,0.8388145134355064,0.40157340506822725,0.004973860105588979,6229,0.4303337624527567,"Will Trump win 281-257 - AZ, GA, NC, PA?"
KXECDJT281,VNQ,5,kalshi_leads_etf,0.0005254926499680527,0.7495120775908958,0.4535486219198217,0.004973860105588979,6229,0.4303337624527567,"Will Trump win 281-257 - AZ, GA, NC, PA?"
FEDDECISION-24SEP-C25,VOX,-5,etf_leads_kalshi,-0.002054991186670065,-1.939059656918818,0.052494074378591056,0.007417942639730057,4275,0.4259019059689291,Will the Federal Reserve Cut rates by 25bps at their September 2024 meeting?
FEDDECISION-24SEP-C25,VOX,-4,etf_leads_kalshi,-0.0005577097954171857,-0.9167009176387738,0.35929938511817183,0.007417942639730057,4275,0.4259019059689291,Will the Federal Reserve Cut rates by 25bps at their September 2024 meeting?
FEDDECISION-24SEP-C25,VOX,-3,etf_leads_kalshi,-0.0011013464356695842,-1.4121701485672955,0.15789986782057985,0.007417942639730057,4275,0.4259019059689291,Will the Federal Reserve Cut rates by 25bps at their September 2024 meeting?
FEDDECISION-24SEP-C25,VOX,-2,etf_leads_kalshi,-0.0013700432473641479,-1.677064974363587,0.09352977701398654,0.007417942639730057,4275,0.4259019059689291,Will the Federal Reserve Cut rates by 25bps at their September 2024 meeting?
FEDDECISION-24SEP-C25,VOX,-1,etf_leads_kalshi,-0.001943572119608686,-1.0771250513562,0.2814244027459787,0.007417942639730057,4275,0.4259019059689291,Will the Federal Reserve Cut rates by 25bps at their September 2024 meeting?
FEDDECISION-24SEP-C25,VOX,0,contemp,-0.0011340175357269684,-0.9907708421741903,0.32179749000751356,0.007417942639730057,4275,0.4259019059689291,Will the Federal Reserve Cut rates by 25bps at their September 2024 meeting?
FEDDECISION-24SEP-C25,VOX,1,kalshi_leads_etf,-0.0006266253524169301,-0.6256179305276107,0.5315655750674803,0.007417942639730057,4275,0.4259019059689291,Will the Federal Reserve Cut rates by 25bps at their September 2024 meeting?
FEDDECISION-24SEP-C25,VOX,2,kalshi_leads_etf,0.0007558610622071916,1.115631743823178,0.26457979841090695,0.007417942639730057,4275,0.4259019059689291,Will the Federal Reserve Cut rates by 25bps at their September 2024 meeting?
FEDDECISION-24SEP-C25,VOX,3,kalshi_leads_etf,0.0002493367986467069,0.3886877024404411,0.6975071804866233,0.007417942639730057,4275,0.4259019059689291,Will the Federal Reserve Cut rates by 25bps at their September 2024 meeting?
FEDDECISION-24SEP-C25,VOX,4,kalshi_leads_etf,-0.0004985572611969859,-0.6479593264812531,0.5170112575960578,0.007417942639730057,4275,0.4259019059689291,Will the Federal Reserve Cut rates by 25bps at their September 2024 meeting?
FEDDECISION-24SEP-C25,VOX,5,kalshi_leads_etf,0.00031720419865562236,0.3664955359036219,0.7139953430849655,0.007417942639730057,4275,0.4259019059689291,Will the Federal Reserve Cut rates by 25bps at their September 2024 meeting?
FEDDECISION-24SEP-C25,VPU,-5,etf_leads_kalshi,-0.0009855029518355753,-1.3790201414152026,0.16788854395126007,0.014668281548954831,4279,0.4196610274034253,Will the Federal Reserve Cut rates by 25bps at their September 2024 meeting?
FEDDECISION-24SEP-C25,VPU,-4,etf_leads_kalshi,-0.0004238703482630882,-0.5768579602365864,0.5640354117535391,0.014668281548954831,4279,0.4196610274034253,Will the Federal Reserve Cut rates by 25bps at their September 2024 meeting?
FEDDECISION-24SEP-C25,VPU,-3,etf_leads_kalshi,-0.002099636945928342,-2.116431421880396,0.034308132009109815,0.014668281548954831,4279,0.4196610274034253,Will the Federal Reserve Cut rates by 25bps at their September 2024 meeting?
FEDDECISION-24SEP-C25,VPU,-2,etf_leads_kalshi,-0.003220877355659337,-1.4712284688645247,0.14122934055694328,0.014668281548954831,4279,0.4196610274034253,Will the Federal Reserve Cut rates by 25bps at their September 2024 meeting?
FEDDECISION-24SEP-C25,VPU,-1,etf_leads_kalshi,-0.0028131605957633452,-1.7789271331162682,0.07525170904556333,0.014668281548954831,4279,0.4196610274034253,Will the Federal Reserve Cut rates by 25bps at their September 2024 meeting?
FEDDECISION-24SEP-C25,VPU,0,contemp,-0.001734277198425942,-1.9521258733768967,0.05092326210126346,0.014668281548954831,4279,0.4196610274034253,Will the Federal Reserve Cut rates by 25bps at their September 2024 meeting?
FEDDECISION-24SEP-C25,VPU,1,kalshi_leads_etf,-0.0016155627950235315,-1.9895707422074687,0.046638241797252726,0.014668281548954831,4279,0.4196610274034253,Will the Federal Reserve Cut rates by 25bps at their September 2024 meeting?
FEDDECISION-24SEP-C25,VPU,2,kalshi_leads_etf,-0.0011900028085092,-1.7869851099086478,0.07393989521448623,0.014668281548954831,4279,0.4196610274034253,Will the Federal Reserve Cut rates by 25bps at their September 2024 meeting?
FEDDECISION-24SEP-C25,VPU,3,kalshi_leads_etf,-0.0002195570100864291,-0.2688221497285376,0.7880665475364136,0.014668281548954831,4279,0.4196610274034253,Will the Federal Reserve Cut rates by 25bps at their September 2024 meeting?
FEDDECISION-24SEP-C25,VPU,4,kalshi_leads_etf,-0.0007079653060551042,-0.9059046440911371,0.36498632602591463,0.014668281548954831,4279,0.4196610274034253,Will the Federal Reserve Cut rates by 25bps at their September 2024 meeting?
FEDDECISION-24SEP-C25,VPU,5,kalshi_leads_etf,-0.0003790232919503881,-0.5641424278898522,0.5726572053170638,0.014668281548954831,4279,0.4196610274034253,Will the Federal Reserve Cut rates by 25bps at their September 2024 meeting?
RATECUT-24SEP18,VGT,-5,etf_leads_kalshi,-0.009334795067409783,-0.6077891339520739,0.5433273369596063,0.008312159319614598,4279,0.4188652374430102,"Will the Federal Reserve cut rates before September 19, 2024?"
RATECUT-24SEP18,VGT,-4,etf_leads_kalshi,-0.014614769111726213,-1.0274150465667895,0.3042250693611397,0.008312159319614598,4279,0.4188652374430102,"Will the Federal Reserve cut rates before September 19, 2024?"
RATECUT-24SEP18,VGT,-3,etf_leads_kalshi,-0.032970375223873784,-1.519237686923445,0.12870267825406342,0.008312159319614598,4279,0.4188652374430102,"Will the Federal Reserve cut rates before September 19, 2024?"
RATECUT-24SEP18,VGT,-2,etf_leads_kalshi,0.00030514713455216235,0.014984819848925813,0.9880442910299023,0.008312159319614598,4279,0.4188652374430102,"Will the Federal Reserve cut rates before September 19, 2024?"
RATECUT-24SEP18,VGT,-1,etf_leads_kalshi,0.03327301710100841,1.9630687509336056,0.049638185982285504,0.008312159319614598,4279,0.4188652374430102,"Will the Federal Reserve cut rates before September 19, 2024?"
RATECUT-24SEP18,VGT,0,contemp,0.06558597816209369,1.0351772144732423,0.30058615779333275,0.008312159319614598,4279,0.4188652374430102,"Will the Federal Reserve cut rates before September 19, 2024?"
RATECUT-24SEP18,VGT,1,kalshi_leads_etf,-0.0015236845096000028,-0.07062057364553971,0.9436997358913588,0.008312159319614598,4279,0.4188652374430102,"Will the Federal Reserve cut rates before September 19, 2024?"
RATECUT-24SEP18,VGT,2,kalshi_leads_etf,-0.04538665074503966,-1.5168695770151066,0.12929961606956042,0.008312159319614598,4279,0.4188652374430102,"Will the Federal Reserve cut rates before September 19, 2024?"
RATECUT-24SEP18,VGT,3,kalshi_leads_etf,-0.015077381534555184,-0.7458783914810521,0.45574087959165566,0.008312159319614598,4279,0.4188652374430102,"Will the Federal Reserve cut rates before September 19, 2024?"
RATECUT-24SEP18,VGT,4,kalshi_leads_etf,-0.014174594114698945,-0.8963069291103524,0.3700888593862891,0.008312159319614598,4279,0.4188652374430102,"Will the Federal Reserve cut rates before September 19, 2024?"
RATECUT-24SEP18,VGT,5,kalshi_leads_etf,0.0029058412311369812,0.18255364745834504,0.8551482570111232,0.008312159319614598,4279,0.4188652374430102,"Will the Federal Reserve cut rates before September 19, 2024?"
KX538APPROVEMIN-24NOV30-T37,VFH,-5,etf_leads_kalshi,-0.00021266367616858844,-0.32408209753712014,0.7458758802192371,0.0030605943129373703,7224,0.3994368789896889,"Will the President's approval rating ever get below 37% by Nov 30, 2024?"
KX538APPROVEMIN-24NOV30-T37,VFH,-4,etf_leads_kalshi,-0.00021058521492130038,-0.14214502480614657,0.8869654545703755,0.0030605943129373703,7224,0.3994368789896889,"Will the President's approval rating ever get below 37% by Nov 30, 2024?"
KX538APPROVEMIN-24NOV30-T37,VFH,-3,etf_leads_kalshi,0.0002457525944646763,0.19180469132719388,0.847895196048521,0.0030605943129373703,7224,0.3994368789896889,"Will the President's approval rating ever get below 37% by Nov 30, 2024?"
KX538APPROVEMIN-24NOV30-T37,VFH,-2,etf_leads_kalshi,0.000678945627288952,0.572348896919497,0.5670856294731778,0.0030605943129373703,7224,0.3994368789896889,"Will the President's approval rating ever get below 37% by Nov 30, 2024?"
KX538APPROVEMIN-24NOV30-T37,VFH,-1,etf_leads_kalshi,-0.0006329632207825018,-0.6335358219883875,0.5263837957770001,0.0030605943129373703,7224,0.3994368789896889,"Will the President's approval rating ever get below 37% by Nov 30, 2024?"
KX538APPROVEMIN-24NOV30-T37,VFH,0,contemp,-0.000364998738146067,-0.3650204106467298,0.7150961704283263,0.0030605943129373703,7224,0.3994368789896889,"Will the President's approval rating ever get below 37% by Nov 30, 2024?"
KX538APPROVEMIN-24NOV30-T37,VFH,1,kalshi_leads_etf,-0.0004792940774190021,-0.2729893399936826,0.7848614099216432,0.0030605943129373703,7224,0.3994368789896889,"Will the President's approval rating ever get below 37% by Nov 30, 2024?"
KX538APPROVEMIN-24NOV30-T37,VFH,2,kalshi_leads_etf,-0.0006721381287351069,-0.611997276326855,0.5405395596020695,0.0030605943129373703,7224,0.3994368789896889,"Will the President's approval rating ever get below 37% by Nov 30, 2024?"
KX538APPROVEMIN-24NOV30-T37,VFH,3,kalshi_leads_etf,0.0005047855414214695,0.26100907802425427,0.7940855066018608,0.0030605943129373703,7224,0.3994368789896889,"Will the President's approval rating ever get below 37% by Nov 30, 2024?"
KX538APPROVEMIN-24NOV30-T37,VFH,4,kalshi_leads_etf,0.0017377851662438676,1.666046801754008,0.09570409303948552,0.0030605943129373703,7224,0.3994368789896889,"Will the President's approval rating ever get below 37% by Nov 30, 2024?"
KX538APPROVEMIN-24NOV30-T37,VFH,5,kalshi_leads_etf,0.0018075749798102897,1.6431972951576772,0.10034211935149231,0.0030605943129373703,7224,0.3994368789896889,"Will the President's approval rating ever get below 37% by Nov 30, 2024?"
KX538APPROVEMAX-24NOV30-T41,VHT,-5,etf_leads_kalshi,0.004123307927589948,1.7608867846554028,0.07825756711490596,0.006798143928271272,4279,0.3794626198918358,"Will the President's approval rating ever get above 41% by Nov 30, 2024?"
KX538APPROVEMAX-24NOV30-T41,VHT,-4,etf_leads_kalshi,-0.00028285216121055857,-0.15218262097436583,0.8790429007575764,0.006798143928271272,4279,0.3794626198918358,"Will the President's approval rating ever get above 41% by Nov 30, 2024?"
KX538APPROVEMAX-24NOV30-T41,VHT,-3,etf_leads_kalshi,-0.00013731238333412172,-0.11920209038936386,0.9051152505680693,0.006798143928271272,4279,0.3794626198918358,"Will the President's approval rating ever get above 41% by Nov 30, 2024?"
KX538APPROVEMAX-24NOV30-T41,VHT,-2,etf_leads_kalshi,-0.001046936594452037,-0.4672467128768329,0.6403233761526224,0.006798143928271272,4279,0.3794626198918358,"Will the President's approval rating ever get above 41% by Nov 30, 2024?"
KX538APPROVEMAX-24NOV30-T41,VHT,-1,etf_leads_kalshi,-0.0006641627288842386,-0.781555289850738,0.4344759713477735,0.006798143928271272,4279,0.3794626198918358,"Will the President's approval rating ever get above 41% by Nov 30, 2024?"
KX538APPROVEMAX-24NOV30-T41,VHT,0,contemp,-0.0013060259380507791,-1.209903929016973,0.22631575941798177,0.006798143928271272,4279,0.3794626198918358,"Will the President's approval rating ever get above 41% by Nov 30, 2024?"
KX538APPROVEMAX-24NOV30-T41,VHT,1,kalshi_leads_etf,0.001386152804218718,0.8619906906852935,0.38869264065793596,0.006798143928271272,4279,0.3794626198918358,"Will the President's approval rating ever get above 41% by Nov 30, 2024?"
KX538APPROVEMAX-24NOV30-T41,VHT,2,kalshi_leads_etf,-0.00038540446573828366,-0.2637810281323278,0.7919486543198676,0.006798143928271272,4279,0.3794626198918358,"Will the President's approval rating ever get above 41% by Nov 30, 2024?"
KX538APPROVEMAX-24NOV30-T41,VHT,3,kalshi_leads_etf,-0.00014424750390708768,-0.10787705358908203,0.9140932194639466,0.006798143928271272,4279,0.3794626198918358,"Will the President's approval rating ever get above 41% by Nov 30, 2024?"
KX538APPROVEMAX-24NOV30-T41,VHT,4,kalshi_leads_etf,-0.0011591693775277762,-0.7348327773218576,0.46244134236761636,0.006798143928271272,4279,0.3794626198918358,"Will the President's approval rating ever get above 41% by Nov 30, 2024?"
KX538APPROVEMAX-24NOV30-T41,VHT,5,kalshi_leads_etf,8.688523938122484e-05,0.057808369856882244,0.9539012711487378,0.006798143928271272,4279,0.3794626198918358,"Will the President's approval rating ever get above 41% by Nov 30, 2024?"
538APPROVEMAX-24SEP30-T43,VIS,-5,etf_leads_kalshi,0.00457809895725288,1.848454032331868,0.06453668837471119,0.003816417631088753,7398,0.3782727574897792,"Will the President's approval rating ever get above 43% by Sep 30, 2024?"
538APPROVEMAX-24SEP30-T43,VIS,-4,etf_leads_kalshi,0.0005340155396574198,0.541482425173678,0.5881751081191033,0.003816417631088753,7398,0.3782727574897792,"Will the President's approval rating ever get above 43% by Sep 30, 2024?"
538APPROVEMAX-24SEP30-T43,VIS,-3,etf_leads_kalshi,0.00196288651840509,0.627097932878989,0.5305950420548686,0.003816417631088753,7398,0.3782727574897792,"Will the President's approval rating ever get above 43% by Sep 30, 2024?"
538APPROVEMAX-24SEP30-T43,VIS,-2,etf_leads_kalshi,0.0016464336954687352,0.4295159538924669,0.6675477861286221,0.003816417631088753,7398,0.3782727574897792,"Will the President's approval rating ever get above 43% by Sep 30, 2024?"
538APPROVEMAX-24SEP30-T43,VIS,-1,etf_leads_kalshi,-0.005690640347634471,-2.3633994048954516,0.018108142019260653,0.003816417631088753,7398,0.3782727574897792,"Will the President's approval rating ever get above 43% by Sep 30, 2024?"
538APPROVEMAX-24SEP30-T43,VIS,0,contemp,0.0017981279349004319,1.036565615581509,0.2999383448796554,0.003816417631088753,7398,0.3782727574897792,"Will the President's approval rating ever get above 43% by Sep 30, 2024?"
538APPROVEMAX-24SEP30-T43,VIS,1,kalshi_leads_etf,0.0011536255131197424,2.876685502326252,0.004018759069964656,0.003816417631088753,7398,0.3782727574897792,"Will the President's approval rating ever get above 43% by Sep 30, 2024?"
538APPROVEMAX-24SEP30-T43,VIS,2,kalshi_leads_etf,0.0033606946292919467,1.2769946684235876,0.20160412956148543,0.003816417631088753,7398,0.3782727574897792,"Will the President's approval rating ever get above 43% by Sep 30, 2024?"
538APPROVEMAX-24SEP30-T43,VIS,3,kalshi_leads_etf,-0.0009582560612639726,-0.6716797259512781,0.5017876109193421,0.003816417631088753,7398,0.3782727574897792,"Will the President's approval rating ever get above 43% by Sep 30, 2024?"
538APPROVEMAX-24SEP30-T43,VIS,4,kalshi_leads_etf,0.002446963525919731,1.2277418410163081,0.21954389426488485,0.003816417631088753,7398,0.3782727574897792,"Will the President's approval rating ever get above 43% by Sep 30, 2024?"
538APPROVEMAX-24SEP30-T43,VIS,5,kalshi_leads_etf,0.005588791891511995,3.974273595537707,7.0594377502889e-05,0.003816417631088753,7398,0.3782727574897792,"Will the President's approval rating ever get above 43% by Sep 30, 2024?"
KXECDJT281,VOX,-5,etf_leads_kalshi,0.00033725461188745026,0.5861265139726242,0.5577904999594856,0.004218304907561254,6229,0.3259960474534679,"Will Trump win 281-257 - AZ, GA, NC, PA?"
KXECDJT281,VOX,-4,etf_leads_kalshi,3.928487323394503e-05,0.052087441040795546,0.9584590199799035,0.004218304907561254,6229,0.3259960474534679,"Will Trump win 281-257 - AZ, GA, NC, PA?"
KXECDJT281,VOX,-3,etf_leads_kalshi,0.000857891865416516,1.6371224008057415,0.10160489687827176,0.004218304907561254,6229,0.3259960474534679,"Will Trump win 281-257 - AZ, GA, NC, PA?"
KXECDJT281,VOX,-2,etf_leads_kalshi,-6.786163270235216e-05,-0.13567599084698936,0.8920774287150789,0.004218304907561254,6229,0.3259960474534679,"Will Trump win 281-257 - AZ, GA, NC, PA?"
KXECDJT281,VOX,-1,etf_leads_kalshi,0.0002880392162523648,0.5566162062941777,0.5777896786521131,0.004218304907561254,6229,0.3259960474534679,"Will Trump win 281-257 - AZ, GA, NC, PA?"
KXECDJT281,VOX,0,contemp,-0.0006835993611947792,-0.981371566233702,0.3264095425473933,0.004218304907561254,6229,0.3259960474534679,"Will Trump win 281-257 - AZ, GA, NC, PA?"
KXECDJT281,VOX,1,kalshi_leads_etf,-0.0012910111955675993,-1.6772019021157416,0.0935030072298429,0.004218304907561254,6229,0.3259960474534679,"Will Trump win 281-257 - AZ, GA, NC, PA?"
KXECDJT281,VOX,2,kalshi_leads_etf,0.00017249165905432103,0.3661923985490066,0.7142215139404194,0.004218304907561254,6229,0.3259960474534679,"Will Trump win 281-257 - AZ, GA, NC, PA?"
KXECDJT281,VOX,3,kalshi_leads_etf,-0.00022188078450457335,-0.37655558479342083,0.706503900233323,0.004218304907561254,6229,0.3259960474534679,"Will Trump win 281-257 - AZ, GA, NC, PA?"
KXECDJT281,VOX,4,kalshi_leads_etf,0.00016738271407460803,0.29659214594298283,0.7667779078389202,0.004218304907561254,6229,0.3259960474534679,"Will Trump win 281-257 - AZ, GA, NC, PA?"
KXECDJT281,VOX,5,kalshi_leads_etf,0.00037219779570578463,0.481858070516103,0.629906773775468,0.004218304907561254,6229,0.3259960474534679,"Will Trump win 281-257 - AZ, GA, NC, PA?"
KXECDJT306,VDC,-5,etf_leads_kalshi,-0.00039973765278508705,-1.6593926983157596,0.09703668667088505,0.003160395367695079,11497,0.3214474527210765,"Will Trump win 306-232 - AZ, GA, MI, PA, WI, NC?"
KXECDJT306,VDC,-4,etf_leads_kalshi,-0.0005958999381893635,-2.2871518615802335,0.022186960673801222,0.003160395367695079,11497,0.3214474527210765,"Will Trump win 306-232 - AZ, GA, MI, PA, WI, NC?"
KXECDJT306,VDC,-3,etf_leads_kalshi,-0.0003718253599943024,-1.0292976039679431,0.3033398488835688,0.003160395367695079,11497,0.3214474527210765,"Will Trump win 306-232 - AZ, GA, MI, PA, WI, NC?"
KXECDJT306,VDC,-2,etf_leads_kalshi,-0.0003143361094705003,-1.0362463375110107,0.3000872340775461,0.003160395367695079,11497,0.3214474527210765,"Will Trump win 306-232 - AZ, GA, MI, PA, WI, NC?"
KXECDJT306,VDC,-1,etf_leads_kalshi,-0.00034583723104584293,-1.4553696192831138,0.14556696241119232,0.003160395367695079,11497,0.3214474527210765,"Will Trump win 306-232 - AZ, GA, MI, PA, WI, NC?"
KXECDJT306,VDC,0,contemp,-0.0004716306862086829,-2.385115765960313,0.017073747588972565,0.003160395367695079,11497,0.3214474527210765,"Will Trump win 306-232 - AZ, GA, MI, PA, WI, NC?"
KXECDJT306,VDC,1,kalshi_leads_etf,-0.00045664206919974137,-1.685359466345233,0.09191923899570037,0.003160395367695079,11497,0.3214474527210765,"Will Trump win 306-232 - AZ, GA, MI, PA, WI, NC?"
KXECDJT306,VDC,2,kalshi_leads_etf,-0.00011012377854716066,-0.3762611459782694,0.7067227615426801,0.003160395367695079,11497,0.3214474527210765,"Will Trump win 306-232 - AZ, GA, MI, PA, WI, NC?"
KXECDJT306,VDC,3,kalshi_leads_etf,0.0004169604175983621,2.0083787843762604,0.04460305561533816,0.003160395367695079,11497,0.3214474527210765,"Will Trump win 306-232 - AZ, GA, MI, PA, WI, NC?"
KXECDJT306,VDC,4,kalshi_leads_etf,6.961352760719638e-05,0.258348319706052,0.7961380978596653,0.003160395367695079,11497,0.3214474527210765,"Will Trump win 306-232 - AZ, GA, MI, PA, WI, NC?"
KXECDJT306,VDC,5,kalshi_leads_etf,0.0002539790683892976,1.147030950175604,0.25136882962437657,0.003160395367695079,11497,0.3214474527210765,"Will Trump win 306-232 - AZ, GA, MI, PA, WI, NC?"
KX538APPROVEMIN-24NOV30-T37,VNQ,-5,etf_leads_kalshi,-0.0004991096495469503,-0.5915409576527598,0.5541580207116992,0.0030474560920265015,7378,0.3167379943731065,"Will the President's approval rating ever get below 37% by Nov 30, 2024?"
KX538APPROVEMIN-24NOV30-T37,VNQ,-4,etf_leads_kalshi,0.0002634228663955905,0.24976375300553602,0.802770052388701,0.0030474560920265015,7378,0.3167379943731065,"Will the President's approval rating ever get below 37% by Nov 30, 2024?"
KX538APPROVEMIN-24NOV30-T37,VNQ,-3,etf_leads_kalshi,8.69009320089868e-05,0.062497732398697416,0.9501664676953937,0.0030474560920265015,7378,0.3167379943731065,"Will the President's approval rating ever get below 37% by Nov 30, 2024?"
KX538APPROVEMIN-24NOV30-T37,VNQ,-2,etf_leads_kalshi,-0.0022342320597161054,-1.3213430489655338,0.18638700611982384,0.0030474560920265015,7378,0.3167379943731065,"Will the President's approval rating ever get below 37% by Nov 30, 2024?"
KX538APPROVEMIN-24NOV30-T37,VNQ,-1,etf_leads_kalshi,-0.00041228673084325,-0.44484046467872684,0.6564350494625727,0.0030474560920265015,7378,0.3167379943731065,"Will the President's approval rating ever get below 37% by Nov 30, 2024?"
KX538APPROVEMIN-24NOV30-T37,VNQ,0,contemp,-0.0008822151682439846,-0.8596708850042881,0.3899704883737095,0.0030474560920265015,7378,0.3167379943731065,"Will the President's approval rating ever get below 37% by Nov 30, 2024?"
KX538APPROVEMIN-24NOV30-T37,VNQ,1,kalshi_leads_etf,0.0011966404901567035,0.8140106345954203,0.41563885870717665,0.0030474560920265015,7378,0.3167379943731065,"Will the President's approval rating ever get below 37% by Nov 30, 2024?"
KX538APPROVEMIN-24NOV30-T37,VNQ,2,kalshi_leads_etf,-0.00023544278128800314,-0.21630779945390155,0.8287478298915796,0.0030474560920265015,7378,0.3167379943731065,"Will the President's approval rating ever get below 37% by Nov 30, 2024?"
KX538APPROVEMIN-24NOV30-T37,VNQ,3,kalshi_leads_etf,0.0018483283943667734,0.930822732829211,0.3519452684148401,0.0030474560920265015,7378,0.3167379943731065,"Will the President's approval rating ever get below 37% by Nov 30, 2024?"
KX538APPROVEMIN-24NOV30-T37,VNQ,4,kalshi_leads_etf,0.00021927590583169877,0.23474021634262227,0.814410371593356,0.0030474560920265015,7378,0.3167379943731065,"Will the President's approval rating ever get below 37% by Nov 30, 2024?"
KX538APPROVEMIN-24NOV30-T37,VNQ,5,kalshi_leads_etf,0.0009406922766941212,0.5497376092443771,0.5824993571559822,0.0030474560920265015,7378,0.3167379943731065,"Will the President's approval rating ever get below 37% by Nov 30, 2024?"
KXECDJT281,VGT,-5,etf_leads_kalshi,-0.000741303329851406,-0.7932922977381888,0.42760754328646433,0.0035364324052330476,6229,0.3150074068770069,"Will Trump win 281-257 - AZ, GA, NC, PA?"
KXECDJT281,VGT,-4,etf_leads_kalshi,-0.00020468654521440751,-0.2148171282256938,0.8299098982424064,0.0035364324052330476,6229,0.3150074068770069,"Will Trump win 281-257 - AZ, GA, NC, PA?"
KXECDJT281,VGT,-3,etf_leads_kalshi,0.0005739786089420352,0.8959148219763969,0.3702982573133191,0.0035364324052330476,6229,0.3150074068770069,"Will Trump win 281-257 - AZ, GA, NC, PA?"
KXECDJT281,VGT,-2,etf_leads_kalshi,0.0004260217058853828,0.5080204373722269,0.6114390106131715,0.0035364324052330476,6229,0.3150074068770069,"Will Trump win 281-257 - AZ, GA, NC, PA?"
KXECDJT281,VGT,-1,etf_leads_kalshi,5.024156727976247e-05,0.07068792032656633,0.9436461349699703,0.0035364324052330476,6229,0.3150074068770069,"Will Trump win 281-257 - AZ, GA, NC, PA?"
KXECDJT281,VGT,0,contemp,-0.0011280824294429416,-1.291527744811516,0.1965207407910432,0.0035364324052330476,6229,0.3150074068770069,"Will Trump win 281-257 - AZ, GA, NC, PA?"
KXECDJT281,VGT,1,kalshi_leads_etf,-0.0017568650534821866,-2.2059353593958795,0.0273885260075467,0.0035364324052330476,6229,0.3150074068770069,"Will Trump win 281-257 - AZ, GA, NC, PA?"
KXECDJT281,VGT,2,kalshi_leads_etf,6.374655268483301e-05,0.08466901395637659,0.9325245307623978,0.0035364324052330476,6229,0.3150074068770069,"Will Trump win 281-257 - AZ, GA, NC, PA?"
KXECDJT281,VGT,3,kalshi_leads_etf,0.00048152774634111997,0.6750494348190802,0.4996443578279658,0.0035364324052330476,6229,0.3150074068770069,"Will Trump win 281-257 - AZ, GA, NC, PA?"
KXECDJT281,VGT,4,kalshi_leads_etf,-7.652683045670725e-05,-0.08813452258235416,0.9297697580769596,0.0035364324052330476,6229,0.3150074068770069,"Will Trump win 281-257 - AZ, GA, NC, PA?"
KXECDJT281,VGT,5,kalshi_leads_etf,0.0005093221392358146,0.8232007344264394,0.41039385130872985,0.0035364324052330476,6229,0.3150074068770069,"Will Trump win 281-257 - AZ, GA, NC, PA?"
KXECDJT312,VAW,-5,etf_leads_kalshi,-0.0022924887299115944,-2.2285833432612665,0.025841640341788708,0.01174571440032146,10675,0.3098810916918901,Will Trump win 312-226 - swing state sweep?
KXECDJT312,VAW,-4,etf_leads_kalshi,-0.0011869811330965233,-2.7325570629986893,0.006284478421069952,0.01174571440032146,10675,0.3098810916918901,Will Trump win 312-226 - swing state sweep?
KXECDJT312,VAW,-3,etf_leads_kalshi,-0.0012539244303623313,-2.4170484183451313,0.015646935634141948,0.01174571440032146,10675,0.3098810916918901,Will Trump win 312-226 - swing state sweep?
KXECDJT312,VAW,-2,etf_leads_kalshi,-0.0003729356376585452,-0.5956617317292733,0.5514012280103384,0.01174571440032146,10675,0.3098810916918901,Will Trump win 312-226 - swing state sweep?
KXECDJT312,VAW,-1,etf_leads_kalshi,-0.0005674492535329517,-1.0478071871293555,0.29472745050774907,0.01174571440032146,10675,0.3098810916918901,Will Trump win 312-226 - swing state sweep?
KXECDJT312,VAW,0,contemp,-3.458424511189334e-05,-0.0645047266023856,0.9485683436673369,0.01174571440032146,10675,0.3098810916918901,Will Trump win 312-226 - swing state sweep?
KXECDJT312,VAW,1,kalshi_leads_etf,-0.0012080991899207716,-2.7416271792153717,0.006113568845999076,0.01174571440032146,10675,0.3098810916918901,Will Trump win 312-226 - swing state sweep?
KXECDJT312,VAW,2,kalshi_leads_etf,-0.0006047265870271976,-0.8620023497276007,0.38868622480666337,0.01174571440032146,10675,0.3098810916918901,Will Trump win 312-226 - swing state sweep?
KXECDJT312,VAW,3,kalshi_leads_etf,-0.0004037116091351496,-0.3827293182497517,0.7019204738098381,0.01174571440032146,10675,0.3098810916918901,Will Trump win 312-226 - swing state sweep?
KXECDJT312,VAW,4,kalshi_leads_etf,-0.0011034972664401407,-1.369774218420389,0.17075739238531573,0.01174571440032146,10675,0.3098810916918901,Will Trump win 312-226 - swing state sweep?
KXECDJT312,VAW,5,kalshi_leads_etf,-0.0004612187753321102,-0.7721373650225608,0.44003307387265234,0.01174571440032146,10675,0.3098810916918901,Will Trump win 312-226 - swing state sweep?
KXECDJT281,VCR,-5,etf_leads_kalshi,0.0006447331569285837,1.0329256087927963,0.3016387133793411,0.003006691959678953,6229,0.2842956735630119,"Will Trump win 281-257 - AZ, GA, NC, PA?"
KXECDJT281,VCR,-4,etf_leads_kalshi,-7.510098404443354e-05,-0.09482477046554699,0.9244540115350285,0.003006691959678953,6229,0.2842956735630119,"Will Trump win 281-257 - AZ, GA, NC, PA?"
KXECDJT281,VCR,-3,etf_leads_kalshi,0.000127548087906876,0.17735529938298505,0.8592293165635222,0.003006691959678953,6229,0.2842956735630119,"Will Trump win 281-257 - AZ, GA, NC, PA?"
KXECDJT281,VCR,-2,etf_leads_kalshi,0.0008107355054159073,1.3091306918645296,0.19049008437663484,0.003006691959678953,6229,0.2842956735630119,"Will Trump win 281-257 - AZ, GA, NC, PA?"
KXECDJT281,VCR,-1,etf_leads_kalshi,0.00011047976558545703,0.19815899790444463,0.8429206662502167,0.003006691959678953,6229,0.2842956735630119,"Will Trump win 281-257 - AZ, GA, NC, PA?"
KXECDJT281,VCR,0,contemp,-0.0006290478109885816,-1.0152753458979296,0.30997459317306153,0.003006691959678953,6229,0.2842956735630119,"Will Trump win 281-257 - AZ, GA, NC, PA?"
KXECDJT281,VCR,1,kalshi_leads_etf,-0.0016863440632642105,-1.9266488121890357,0.05402341109898724,0.003006691959678953,6229,0.2842956735630119,"Will Trump win 281-257 - AZ, GA, NC, PA?"
KXECDJT281,VCR,2,kalshi_leads_etf,5.4352302066308595e-05,0.09284038199477275,0.9260303693412023,0.003006691959678953,6229,0.2842956735630119,"Will Trump win 281-257 - AZ, GA, NC, PA?"
KXECDJT281,VCR,3,kalshi_leads_etf,0.0008126567478718387,1.3099087854491782,0.19022669472573117,0.003006691959678953,6229,0.2842956735630119,"Will Trump win 281-257 - AZ, GA, NC, PA?"
KXECDJT281,VCR,4,kalshi_leads_etf,0.00014893865998545874,0.23990298767123697,0.810405464660821,0.003006691959678953,6229,0.2842956735630119,"Will Trump win 281-257 - AZ, GA, NC, PA?"
KXECDJT281,VCR,5,kalshi_leads_etf,0.0006754955331913052,0.864215665979156,0.38746942783559724,0.003006691959678953,6229,0.2842956735630119,"Will Trump win 281-257 - AZ, GA, NC, PA?"
KXFEDDECISION-24DEC-C25,VFH,-5,etf_leads_kalshi,0.0008558704195358107,1.133410220015721,0.25704202424643563,0.004409384422026652,13073,0.2706214856006831,Will the Federal Reserve Cut rates by 25bps at their December 2024 meeting?
KXFEDDECISION-24DEC-C25,VFH,-4,etf_leads_kalshi,-0.00020506676342356978,-0.6607043090751186,0.5088019598348379,0.004409384422026652,13073,0.2706214856006831,Will the Federal Reserve Cut rates by 25bps at their December 2024 meeting?
KXFEDDECISION-24DEC-C25,VFH,-3,etf_leads_kalshi,0.0004217709442874643,0.9587069094628659,0.3377064166911833,0.004409384422026652,13073,0.2706214856006831,Will the Federal Reserve Cut rates by 25bps at their December 2024 meeting?
KXFEDDECISION-24DEC-C25,VFH,-2,etf_leads_kalshi,0.0007164406405743329,1.448011806528481,0.14761374868320246,0.004409384422026652,13073,0.2706214856006831,Will the Federal Reserve Cut rates by 25bps at their December 2024 meeting?
KXFEDDECISION-24DEC-C25,VFH,-1,etf_leads_kalshi,0.0002604754867686825,0.6782844478044483,0.497591357540216,0.004409384422026652,13073,0.2706214856006831,Will the Federal Reserve Cut rates by 25bps at their December 2024 meeting?
KXFEDDECISION-24DEC-C25,VFH,0,contemp,-0.0003911804474594116,-1.1037863302625173,0.2696858359891672,0.004409384422026652,13073,0.2706214856006831,Will the Federal Reserve Cut rates by 25bps at their December 2024 meeting?
KXFEDDECISION-24DEC-C25,VFH,1,kalshi_leads_etf,0.0004985927055338962,1.6208596360549976,0.10504774518207706,0.004409384422026652,13073,0.2706214856006831,Will the Federal Reserve Cut rates by 25bps at their December 2024 meeting?
KXFEDDECISION-24DEC-C25,VFH,2,kalshi_leads_etf,-5.5543119577036796e-05,-0.11315902909551909,0.9099044770163693,0.004409384422026652,13073,0.2706214856006831,Will the Federal Reserve Cut rates by 25bps at their December 2024 meeting?
KXFEDDECISION-24DEC-C25,VFH,3,kalshi_leads_etf,-0.00016170426940316545,-0.4760106220629162,0.6340668104893084,0.004409384422026652,13073,0.2706214856006831,Will the Federal Reserve Cut rates by 25bps at their December 2024 meeting?
KXFEDDECISION-24DEC-C25,VFH,4,kalshi_leads_etf,9.27218576490638e-05,0.2995705798086031,0.7645047279689245,0.004409384422026652,13073,0.2706214856006831,Will the Federal Reserve Cut rates by 25bps at their December 2024 meeting?
KXFEDDECISION-24DEC-C25,VFH,5,kalshi_leads_etf,-0.00012267636915821843,-0.34160037254044623,0.7326516568048005,0.004409384422026652,13073,0.2706214856006831,Will the Federal Reserve Cut rates by 25bps at their December 2024 meeting?
538APPROVEMAX-24SEP30-T43,VCR,-5,etf_leads_kalshi,0.0030733947305768734,2.22724007995515,0.025931232776595405,0.0027388040742490904,7399,0.2680627258068949,"Will the President's approval rating ever get above 43% by Sep 30, 2024?"
538APPROVEMAX-24SEP30-T43,VCR,-4,etf_leads_kalshi,0.0011460339712218164,1.6934552064119062,0.09036885422052494,0.0027388040742490904,7399,0.2680627258068949,"Will the President's approval rating ever get above 43% by Sep 30, 2024?"
538APPROVEMAX-24SEP30-T43,VCR,-3,etf_leads_kalshi,-0.0014308668410689172,-0.9475471909053568,0.3433600212862369,0.0027388040742490904,7399,0.2680627258068949,"Will the President's approval rating ever get above 43% by Sep 30, 2024?"
538APPROVEMAX-24SEP30-T43,VCR,-2,etf_leads_kalshi,0.000475154953749286,0.3818805369890926,0.7025499774288465,0.0027388040742490904,7399,0.2680627258068949,"Will the President's approval rating ever get above 43% by Sep 30, 2024?"
538APPROVEMAX-24SEP30-T43,VCR,-1,etf_leads_kalshi,-0.004020227100080409,-3.1078922975385654,0.0018842672258009095,0.0027388040742490904,7399,0.2680627258068949,"Will the President's approval rating ever get above 43% by Sep 30, 2024?"
538APPROVEMAX-24SEP30-T43,VCR,0,contemp,0.00041269938263970214,0.17910258536973803,0.8578571520010217,0.0027388040742490904,7399,0.2680627258068949,"Will the President's approval rating ever get above 43% by Sep 30, 2024?"
538APPROVEMAX-24SEP30-T43,VCR,1,kalshi_leads_etf,0.0023226122702557743,1.093349559988645,0.27424035074473707,0.0027388040742490904,7399,0.2680627258068949,"Will the President's approval rating ever get above 43% by Sep 30, 2024?"
538APPROVEMAX-24SEP30-T43,VCR,2,kalshi_leads_etf,0.0026048529327722557,1.1353122819349586,0.25624449798476834,0.0027388040742490904,7399,0.2680627258068949,"Will the President's approval rating ever get above 43% by Sep 30, 2024?"
538APPROVEMAX-24SEP30-T43,VCR,3,kalshi_leads_etf,-0.0016659797857647256,-1.0663147325456839,0.28628139190258683,0.0027388040742490904,7399,0.2680627258068949,"Will the President's approval rating ever get above 43% by Sep 30, 2024?"
538APPROVEMAX-24SEP30-T43,VCR,4,kalshi_leads_etf,0.0008203190843658024,0.48336955708091417,0.628833359828163,0.0027388040742490904,7399,0.2680627258068949,"Will the President's approval rating ever get above 43% by Sep 30, 2024?"
538APPROVEMAX-24SEP30-T43,VCR,5,kalshi_leads_etf,0.0005796142652202103,0.34191618941370777,0.7324139657329731,0.0027388040742490904,7399,0.2680627258068949,"Will the President's approval rating ever get above 43% by Sep 30, 2024?"
AAAGASM-24OCT31-US-3.15,VPU,-5,etf_leads_kalshi,-0.002476059925610453,-4.268349732501284,1.9692441498094496e-05,0.0049467302895084275,8569,0.1991053646058067,Will average **gas prices** be above $3.15?
AAAGASM-24OCT31-US-3.15,VPU,-4,etf_leads_kalshi,0.00012621111330333792,0.1607566347991478,0.8722850813333556,0.0049467302895084275,8569,0.1991053646058067,Will average **gas prices** be above $3.15?
AAAGASM-24OCT31-US-3.15,VPU,-3,etf_leads_kalshi,0.0003947402056523016,0.40205352607756384,0.6876446341918332,0.0049467302895084275,8569,0.1991053646058067,Will average **gas prices** be above $3.15?
AAAGASM-24OCT31-US-3.15,VPU,-2,etf_leads_kalshi,-4.8519040217497966e-05,-0.027874271737678567,0.9777624286470915,0.0049467302895084275,8569,0.1991053646058067,Will average **gas prices** be above $3.15?
AAAGASM-24OCT31-US-3.15,VPU,-1,etf_leads_kalshi,0.00015625883798605695,0.21354360167992498,0.8309029840844155,0.0049467302895084275,8569,0.1991053646058067,Will average **gas prices** be above $3.15?
AAAGASM-24OCT31-US-3.15,VPU,0,contemp,-0.0011209491479263062,-0.7323222852240407,0.463971880383112,0.0049467302895084275,8569,0.1991053646058067,Will average **gas prices** be above $3.15?
AAAGASM-24OCT31-US-3.15,VPU,1,kalshi_leads_etf,-0.00037656244671294993,-0.4480314432803591,0.654130504097142,0.0049467302895084275,8569,0.1991053646058067,Will average **gas prices** be above $3.15?
AAAGASM-24OCT31-US-3.15,VPU,2,kalshi_leads_etf,-0.0012806918185938505,-2.6879676735924836,0.0071888355753119675,0.0049467302895084275,8569,0.1991053646058067,Will average **gas prices** be above $3.15?
AAAGASM-24OCT31-US-3.15,VPU,3,kalshi_leads_etf,0.0008305072146824829,0.8318232310385336,0.4055087290967839,0.0049467302895084275,8569,0.1991053646058067,Will average **gas prices** be above $3.15?
AAAGASM-24OCT31-US-3.15,VPU,4,kalshi_leads_etf,5.484384402361874e-06,0.005840216284010081,0.9953402080847158,0.0049467302895084275,8569,0.1991053646058067,Will average **gas prices** be above $3.15?
AAAGASM-24OCT31-US-3.15,VPU,5,kalshi_leads_etf,-0.0018602340115942573,-0.6306787510492016,0.5282505954971715,0.0049467302895084275,8569,0.1991053646058067,Will average **gas prices** be above $3.15?
FEDDECISION-24NOV-H0,VDE,-5,etf_leads_kalshi,0.0035382826645405365,1.7913719632409593,0.0732336249587382,0.003770371191053168,14419,0.1925413869786475,Will the Federal Reserve Hike rates by 0bps at their November 2024 meeting?
FEDDECISION-24NOV-H0,VDE,-4,etf_leads_kalshi,0.003464961482317416,1.530199011792638,0.12596747591792973,0.003770371191053168,14419,0.1925413869786475,Will the Federal Reserve Hike rates by 0bps at their November 2024 meeting?
FEDDECISION-24NOV-H0,VDE,-3,etf_leads_kalshi,0.00121771089409387,0.6140300716908658,0.5391954557230556,0.003770371191053168,14419,0.1925413869786475,Will the Federal Reserve Hike rates by 0bps at their November 2024 meeting?
FEDDECISION-24NOV-H0,VDE,-2,etf_leads_kalshi,0.0007504976731186597,0.38119047939754,0.7030619131223488,0.003770371191053168,14419,0.1925413869786475,Will the Federal Reserve Hike rates by 0bps at their November 2024 meeting?
FEDDECISION-24NOV-H0,VDE,-1,etf_leads_kalshi,-0.004555780035336576,-1.2588323711660363,0.20809088528777386,0.003770371191053168,14419,0.1925413869786475,Will the Federal Reserve Hike rates by 0bps at their November 2024 meeting?
FEDDECISION-24NOV-H0,VDE,0,contemp,-0.0012732571551392128,-0.4905740941081854,0.6237277127964693,0.003770371191053168,14419,0.1925413869786475,Will the Federal Reserve Hike rates by 0bps at their November 2024 meeting?
FEDDECISION-24NOV-H0,VDE,1,kalshi_leads_etf,0.0013931485206521484,0.5722116556347786,0.5671785920366288,0.003770371191053168,14419,0.1925413869786475,Will the Federal Reserve Hike rates by 0bps at their November 2024 meeting?
FEDDECISION-24NOV-H0,VDE,2,kalshi_leads_etf,-0.0004195640952919396,-0.14651350947315464,0.8835160259814006,0.003770371191053168,14419,0.1925413869786475,Will the Federal Reserve Hike rates by 0bps at their November 2024 meeting?
FEDDECISION-24NOV-H0,VDE,3,kalshi_leads_etf,0.006332948525596466,1.316536678979962,0.18799397592226774,0.003770371191053168,14419,0.1925413869786475,Will the Federal Reserve Hike rates by 0bps at their November 2024 meeting?
FEDDECISION-24NOV-H0,VDE,4,kalshi_leads_etf,-0.0023280215103256897,-1.6669502664984501,0.09552429447935115,0.003770371191053168,14419,0.1925413869786475,Will the Federal Reserve Hike rates by 0bps at their November 2024 meeting?
FEDDECISION-24NOV-H0,VDE,5,kalshi_leads_etf,0.0007474884200674992,0.3898256083953838,0.6966655061209714,0.003770371191053168,14419,0.1925413869786475,Will the Federal Reserve Hike rates by 0bps at their November 2024 meeting?
FEDDECISION-24NOV-H0,VNQ,-5,etf_leads_kalshi,0.0016676789161564956,0.9850559811081157,0.3245965738002682,0.003446038655105066,14419,0.1705945291867034,Will the Federal Reserve Hike rates by 0bps at their November 2024 meeting?
FEDDECISION-24NOV-H0,VNQ,-4,etf_leads_kalshi,0.0011889313921353306,0.497814082608519,0.6186150890985664,0.003446038655105066,14419,0.1705945291867034,Will the Federal Reserve Hike rates by 0bps at their November 2024 meeting?
FEDDECISION-24NOV-H0,VNQ,-3,etf_leads_kalshi,-0.0014288609253964748,-1.0934478388350906,0.2741972190933013,0.003446038655105066,14419,0.1705945291867034,Will the Federal Reserve Hike rates by 0bps at their November 2024 meeting?
FEDDECISION-24NOV-H0,VNQ,-2,etf_leads_kalshi,-0.0023669273881009906,-1.0079079346009496,0.31349866211899047,0.003446038655105066,14419,0.1705945291867034,Will the Federal Reserve Hike rates by 0bps at their November 2024 meeting?
FEDDECISION-24NOV-H0,VNQ,-1,etf_leads_kalshi,-0.003201732345409115,-0.6718734307896226,0.5016642761562524,0.003446038655105066,14419,0.1705945291867034,Will the Federal Reserve Hike rates by 0bps at their November 2024 meeting?
FEDDECISION-24NOV-H0,VNQ,0,contemp,-0.0007813014037404986,-0.6417838480231415,0.5210135384005006,0.003446038655105066,14419,0.1705945291867034,Will the Federal Reserve Hike rates by 0bps at their November 2024 meeting?
FEDDECISION-24NOV-H0,VNQ,1,kalshi_leads_etf,0.0011990917337585426,1.0455708726641368,0.29575920308482095,0.003446038655105066,14419,0.1705945291867034,Will the Federal Reserve Hike rates by 0bps at their November 2024 meeting?
FEDDECISION-24NOV-H0,VNQ,2,kalshi_leads_etf,0.0007009787655545997,0.46401178488823014,0.642639302308267,0.003446038655105066,14419,0.1705945291867034,Will the Federal Reserve Hike rates by 0bps at their November 2024 meeting?
FEDDECISION-24NOV-H0,VNQ,3,kalshi_leads_etf,0.0025295530378451137,1.1300937309928276,0.25843673103974707,0.003446038655105066,14419,0.1705945291867034,Will the Federal Reserve Hike rates by 0bps at their November 2024 meeting?
FEDDECISION-24NOV-H0,VNQ,4,kalshi_leads_etf,0.002093096685231814,1.4803866309025675,0.13877009576022908,0.003446038655105066,14419,0.1705945291867034,Will the Federal Reserve Hike rates by 0bps at their November 2024 meeting?
FEDDECISION-24NOV-H0,VNQ,5,kalshi_leads_etf,-4.204847610103784e-05,-0.04438310018539613,0.9645990324720699,0.003446038655105066,14419,0.1705945291867034,Will the Federal Reserve Hike rates by 0bps at their November 2024 meeting?
KXFEDDECISION-24DEC-C25,VIS,-5,etf_leads_kalshi,0.00012793180832477042,0.316657833837409,0.7515032471299752,0.0046271051122313,13053,0.1537791226116408,Will the Federal Reserve Cut rates by 25bps at their December 2024 meeting?
KXFEDDECISION-24DEC-C25,VIS,-4,etf_leads_kalshi,-0.0002052210711646493,-0.7074058865647771,0.4793142798187835,0.0046271051122313,13053,0.1537791226116408,Will the Federal Reserve Cut rates by 25bps at their December 2024 meeting?
KXFEDDECISION-24DEC-C25,VIS,-3,etf_leads_kalshi,0.00030898713231279986,0.5719152243953537,0.5673794093566593,0.0046271051122313,13053,0.1537791226116408,Will the Federal Reserve Cut rates by 25bps at their December 2024 meeting?
KXFEDDECISION-24DEC-C25,VIS,-2,etf_leads_kalshi,8.109891667183299e-07,0.0025220430864023855,0.9979877028929504,0.0046271051122313,13053,0.1537791226116408,Will the Federal Reserve Cut rates by 25bps at their December 2024 meeting?
KXFEDDECISION-24DEC-C25,VIS,-1,etf_leads_kalshi,-7.653158725114748e-05,-0.24924178678237097,0.803173757908112,0.0046271051122313,13053,0.1537791226116408,Will the Federal Reserve Cut rates by 25bps at their December 2024 meeting?
KXFEDDECISION-24DEC-C25,VIS,0,contemp,-0.0003639991522195426,-1.379725148323008,0.16767128676966725,0.0046271051122313,13053,0.1537791226116408,Will the Federal Reserve Cut rates by 25bps at their December 2024 meeting?
KXFEDDECISION-24DEC-C25,VIS,1,kalshi_leads_etf,0.0003894885000272416,1.311092456714301,0.1898265289584351,0.0046271051122313,13053,0.1537791226116408,Will the Federal Reserve Cut rates by 25bps at their December 2024 meeting?
KXFEDDECISION-24DEC-C25,VIS,2,kalshi_leads_etf,0.00015708075964392104,0.5755814139770972,0.5648981466999432,0.0046271051122313,13053,0.1537791226116408,Will the Federal Reserve Cut rates by 25bps at their December 2024 meeting?
KXFEDDECISION-24DEC-C25,VIS,3,kalshi_leads_etf,0.00010121595331192555,0.47092173983120444,0.6376966226608667,0.0046271051122313,13053,0.1537791226116408,Will the Federal Reserve Cut rates by 25bps at their December 2024 meeting?
KXFEDDECISION-24DEC-C25,VIS,4,kalshi_leads_etf,0.0001765970970926799,0.5815927350091514,0.5608410376050122,0.0046271051122313,13053,0.1537791226116408,Will the Federal Reserve Cut rates by 25bps at their December 2024 meeting?
KXFEDDECISION-24DEC-C25,VIS,5,kalshi_leads_etf,1.044368983212396e-05,0.0395103506450618,0.968483501340234,0.0046271051122313,13053,0.1537791226116408,Will the Federal Reserve Cut rates by 25bps at their December 2024 meeting?
KXFEDDECISION-24DEC-H0,VGT,-5,etf_leads_kalshi,-7.525804680478213e-05,-0.140889345347296,0.8879573593681294,0.005104579384751284,13078,0.1198576154549284,Will the Federal Reserve Hike rates by 0bps at their December 2024 meeting?
KXFEDDECISION-24DEC-H0,VGT,-4,etf_leads_kalshi,-0.0011719696453856634,-1.3142168565140664,0.18877323746327412,0.005104579384751284,13078,0.1198576154549284,Will the Federal Reserve Hike rates by 0bps at their December 2024 meeting?
KXFEDDECISION-24DEC-H0,VGT,-3,etf_leads_kalshi,-0.002643749485901933,-3.6175867002668216,0.0002973627357478333,0.005104579384751284,13078,0.1198576154549284,Will the Federal Reserve Hike rates by 0bps at their December 2024 meeting?
KXFEDDECISION-24DEC-H0,VGT,-2,etf_leads_kalshi,-0.0010743665964491828,-1.4426555708568678,0.14911752071819667,0.005104579384751284,13078,0.1198576154549284,Will the Federal Reserve Hike rates by 0bps at their December 2024 meeting?
KXFEDDECISION-24DEC-H0,VGT,-1,etf_leads_kalshi,-0.0006636450422200086,-1.1384846382897191,0.25491816980518656,0.005104579384751284,13078,0.1198576154549284,Will the Federal Reserve Hike rates by 0bps at their December 2024 meeting?
KXFEDDECISION-24DEC-H0,VGT,0,contemp,-0.0003878723048178497,-0.6278638168989472,0.530093155927192,0.005104579384751284,13078,0.1198576154549284,Will the Federal Reserve Hike rates by 0bps at their December 2024 meeting?
KXFEDDECISION-24DEC-H0,VGT,1,kalshi_leads_etf,-0.0005465953491253314,-0.8679066681313432,0.3854454282633669,0.005104579384751284,13078,0.1198576154549284,Will the Federal Reserve Hike rates by 0bps at their December 2024 meeting?
KXFEDDECISION-24DEC-H0,VGT,2,kalshi_leads_etf,-0.000400448259508632,-0.5716217241885273,0.5675782745937556,0.005104579384751284,13078,0.1198576154549284,Will the Federal Reserve Hike rates by 0bps at their December 2024 meeting?
KXFEDDECISION-24DEC-H0,VGT,3,kalshi_leads_etf,0.000571743316580926,0.8022978576119552,0.4223806813998293,0.005104579384751284,13078,0.1198576154549284,Will the Federal Reserve Hike rates by 0bps at their December 2024 meeting?
KXFEDDECISION-24DEC-H0,VGT,4,kalshi_leads_etf,3.597842323277135e-05,0.06896214549168837,0.9450197512539914,0.005104579384751284,13078,0.1198576154549284,Will the Federal Reserve Hike rates by 0bps at their December 2024 meeting?
KXFEDDECISION-24DEC-H0,VGT,5,kalshi_leads_etf,-0.0005983526792614005,-1.1987587221396943,0.23062177723490285,0.005104579384751284,13078,0.1198576154549284,Will the Federal Reserve Hike rates by 0bps at their December 2024 meeting?
