contract_ticker,etf,k,direction,coef,t_stat,p_value,r_squared,n_obs,n_kalshi_trades,w_sec,mean_w_sec,r2_daily_screen,contract_title
KXECKH276,VFH,-10,etf_leads_kalshi,6.069443166343303e-05,0.9793738341880897,0.3273953008192352,0.7409793908301153,39,136,300,223.65882015384616,0.8816564277734555,"Will Harris win 276-262 - PA, NV, MI, WI?"
KXECKH276,VFH,-9,etf_leads_kalshi,7.63685566704459e-05,1.6487178802939217,0.09920544531639301,0.7409793908301153,39,136,300,223.65882015384616,0.8816564277734555,"Will Harris win 276-262 - PA, NV, MI, WI?"
KXECKH276,VFH,-8,etf_leads_kalshi,6.231691961093023e-05,2.274797067019273,0.022918106270146312,0.7409793908301153,39,136,300,223.65882015384616,0.8816564277734555,"Will Harris win 276-262 - PA, NV, MI, WI?"
KXECKH276,VFH,-7,etf_leads_kalshi,0.0001951215421865455,13.471142802638184,2.31258709992753e-41,0.7409793908301153,39,136,300,223.65882015384616,0.8816564277734555,"Will Harris win 276-262 - PA, NV, MI, WI?"
KXECKH276,VFH,-6,etf_leads_kalshi,0.0003568534914007934,25.025922362502612,3.1932968811439643e-138,0.7409793908301153,39,136,300,223.65882015384616,0.8816564277734555,"Will Harris win 276-262 - PA, NV, MI, WI?"
KXECKH276,VFH,-5,etf_leads_kalshi,0.000434304023584835,26.895361518652358,2.488478041692625e-159,0.7409793908301153,39,136,300,223.65882015384616,0.8816564277734555,"Will Harris win 276-262 - PA, NV, MI, WI?"
KXECKH276,VFH,-4,etf_leads_kalshi,0.0005028827613712076,21.483150467644084,2.238010011320381e-102,0.7409793908301153,39,136,300,223.65882015384616,0.8816564277734555,"Will Harris win 276-262 - PA, NV, MI, WI?"
KXECKH276,VFH,-3,etf_leads_kalshi,0.0005014195807801549,6.99111335437615,2.727132992789509e-12,0.7409793908301153,39,136,300,223.65882015384616,0.8816564277734555,"Will Harris win 276-262 - PA, NV, MI, WI?"
KXECKH276,VFH,-2,etf_leads_kalshi,0.0003659051073050202,10.890840491985436,1.274584821656339e-27,0.7409793908301153,39,136,300,223.65882015384616,0.8816564277734555,"Will Harris win 276-262 - PA, NV, MI, WI?"
KXECKH276,VFH,-1,etf_leads_kalshi,0.00021982942339859667,2.1479502738077705,0.03171770595995258,0.7409793908301153,39,136,300,223.65882015384616,0.8816564277734555,"Will Harris win 276-262 - PA, NV, MI, WI?"
KXECKH276,VFH,0,contemp,0.00020012898458978404,1.5268423735460661,0.12680021198942223,0.7409793908301153,39,136,300,223.65882015384616,0.8816564277734555,"Will Harris win 276-262 - PA, NV, MI, WI?"
KXECKH276,VFH,1,kalshi_leads_etf,0.00035363395072744453,1.9057639670726412,0.05668083586806631,0.7409793908301153,39,136,300,223.65882015384616,0.8816564277734555,"Will Harris win 276-262 - PA, NV, MI, WI?"
KXECKH276,VFH,2,kalshi_leads_etf,-5.542944528640084e-05,-0.24710870927641376,0.8048240936844248,0.7409793908301153,39,136,300,223.65882015384616,0.8816564277734555,"Will Harris win 276-262 - PA, NV, MI, WI?"
KXECKH276,VFH,3,kalshi_leads_etf,0.00019271108364121375,1.0640044281785623,0.2873266935357851,0.7409793908301153,39,136,300,223.65882015384616,0.8816564277734555,"Will Harris win 276-262 - PA, NV, MI, WI?"
KXECKH276,VFH,4,kalshi_leads_etf,0.00012406690630406976,0.3639239732494414,0.7159147823173665,0.7409793908301153,39,136,300,223.65882015384616,0.8816564277734555,"Will Harris win 276-262 - PA, NV, MI, WI?"
KXECKH276,VFH,5,kalshi_leads_etf,0.00019637316323984095,0.9185691043880668,0.35832099820913366,0.7409793908301153,39,136,300,223.65882015384616,0.8816564277734555,"Will Harris win 276-262 - PA, NV, MI, WI?"
KXECKH276,VFH,6,kalshi_leads_etf,2.40905890946323e-05,0.1449524637738282,0.8847484037063645,0.7409793908301153,39,136,300,223.65882015384616,0.8816564277734555,"Will Harris win 276-262 - PA, NV, MI, WI?"
KXECKH276,VFH,7,kalshi_leads_etf,0.00050068945066002,6.170266053372114,6.817517853546616e-10,0.7409793908301153,39,136,300,223.65882015384616,0.8816564277734555,"Will Harris win 276-262 - PA, NV, MI, WI?"
KXECKH276,VFH,8,kalshi_leads_etf,0.00010997234301799294,1.550766749866553,0.12095759156688372,0.7409793908301153,39,136,300,223.65882015384616,0.8816564277734555,"Will Harris win 276-262 - PA, NV, MI, WI?"
KXECKH276,VFH,9,kalshi_leads_etf,-1.2331259039085656e-05,-0.16518942112497245,0.8687948915977441,0.7409793908301153,39,136,300,223.65882015384616,0.8816564277734555,"Will Harris win 276-262 - PA, NV, MI, WI?"
KXECKH276,VFH,10,kalshi_leads_etf,0.00013123103495672533,1.3487969643224458,0.17740219004572455,0.7409793908301153,39,136,300,223.65882015384616,0.8816564277734555,"Will Harris win 276-262 - PA, NV, MI, WI?"
KXECDJT316,VFH,-10,etf_leads_kalshi,-5.525849504661343e-05,-0.4106540273623457,0.6813262414121318,0.4966738755663481,55,219,300,174.65285367272728,0.7907331233858175,"Will Trump win 316-222 - AZ, GA, MI, MN, NC, PA, WI?"
KXECDJT316,VFH,-9,etf_leads_kalshi,9.246762579454866e-05,0.8347688180605607,0.4038478857224054,0.4966738755663481,55,219,300,174.65285367272728,0.7907331233858175,"Will Trump win 316-222 - AZ, GA, MI, MN, NC, PA, WI?"
KXECDJT316,VFH,-8,etf_leads_kalshi,1.4917006075793919e-05,0.07988539545652076,0.936328405441364,0.4966738755663481,55,219,300,174.65285367272728,0.7907331233858175,"Will Trump win 316-222 - AZ, GA, MI, MN, NC, PA, WI?"
KXECDJT316,VFH,-7,etf_leads_kalshi,1.851789203095579e-05,0.11727428624698806,0.9066427010062954,0.4966738755663481,55,219,300,174.65285367272728,0.7907331233858175,"Will Trump win 316-222 - AZ, GA, MI, MN, NC, PA, WI?"
KXECDJT316,VFH,-6,etf_leads_kalshi,0.0002572148342148615,4.968849995642354,6.735114531279003e-07,0.4966738755663481,55,219,300,174.65285367272728,0.7907331233858175,"Will Trump win 316-222 - AZ, GA, MI, MN, NC, PA, WI?"
KXECDJT316,VFH,-5,etf_leads_kalshi,0.00024821120305836583,3.7849762868512515,0.00015372323560625638,0.4966738755663481,55,219,300,174.65285367272728,0.7907331233858175,"Will Trump win 316-222 - AZ, GA, MI, MN, NC, PA, WI?"
KXECDJT316,VFH,-4,etf_leads_kalshi,1.0411799752461917e-05,0.09014638042883737,0.9281708929740261,0.4966738755663481,55,219,300,174.65285367272728,0.7907331233858175,"Will Trump win 316-222 - AZ, GA, MI, MN, NC, PA, WI?"
KXECDJT316,VFH,-3,etf_leads_kalshi,0.00012586039470324366,1.9213426186619653,0.05468852750217352,0.4966738755663481,55,219,300,174.65285367272728,0.7907331233858175,"Will Trump win 316-222 - AZ, GA, MI, MN, NC, PA, WI?"
KXECDJT316,VFH,-2,etf_leads_kalshi,0.00014059671934357106,0.974671409808444,0.3297232791104173,0.4966738755663481,55,219,300,174.65285367272728,0.7907331233858175,"Will Trump win 316-222 - AZ, GA, MI, MN, NC, PA, WI?"
KXECDJT316,VFH,-1,etf_leads_kalshi,0.0001557242389954472,0.41552557051879835,0.6777572001950485,0.4966738755663481,55,219,300,174.65285367272728,0.7907331233858175,"Will Trump win 316-222 - AZ, GA, MI, MN, NC, PA, WI?"
KXECDJT316,VFH,0,contemp,0.00023729826785922294,0.5322261965760836,0.5945693412931746,0.4966738755663481,55,219,300,174.65285367272728,0.7907331233858175,"Will Trump win 316-222 - AZ, GA, MI, MN, NC, PA, WI?"
KXECDJT316,VFH,1,kalshi_leads_etf,8.4753712354971e-05,0.23870594926204405,0.8113336032558066,0.4966738755663481,55,219,300,174.65285367272728,0.7907331233858175,"Will Trump win 316-222 - AZ, GA, MI, MN, NC, PA, WI?"
KXECDJT316,VFH,2,kalshi_leads_etf,7.476697875799874e-05,0.20692284631645053,0.8360701138541647,0.4966738755663481,55,219,300,174.65285367272728,0.7907331233858175,"Will Trump win 316-222 - AZ, GA, MI, MN, NC, PA, WI?"
KXECDJT316,VFH,3,kalshi_leads_etf,0.0001971215262048662,0.43781800263527537,0.6615182196598477,0.4966738755663481,55,219,300,174.65285367272728,0.7907331233858175,"Will Trump win 316-222 - AZ, GA, MI, MN, NC, PA, WI?"
KXECDJT316,VFH,4,kalshi_leads_etf,-1.8390371197530956e-05,-0.0485507948586324,0.9612772836982194,0.4966738755663481,55,219,300,174.65285367272728,0.7907331233858175,"Will Trump win 316-222 - AZ, GA, MI, MN, NC, PA, WI?"
KXECDJT316,VFH,5,kalshi_leads_etf,-5.153348813765497e-05,-0.1384052797633298,0.8899201245294485,0.4966738755663481,55,219,300,174.65285367272728,0.7907331233858175,"Will Trump win 316-222 - AZ, GA, MI, MN, NC, PA, WI?"
KXECDJT316,VFH,6,kalshi_leads_etf,6.020863935303741e-05,0.17748622986937385,0.8591264804976411,0.4966738755663481,55,219,300,174.65285367272728,0.7907331233858175,"Will Trump win 316-222 - AZ, GA, MI, MN, NC, PA, WI?"
KXECDJT316,VFH,7,kalshi_leads_etf,0.00030260400048737034,1.2214981179539464,0.2218974777665601,0.4966738755663481,55,219,300,174.65285367272728,0.7907331233858175,"Will Trump win 316-222 - AZ, GA, MI, MN, NC, PA, WI?"
KXECDJT316,VFH,8,kalshi_leads_etf,0.00041321120404118274,1.6297800131006255,0.10314799947346666,0.4966738755663481,55,219,300,174.65285367272728,0.7907331233858175,"Will Trump win 316-222 - AZ, GA, MI, MN, NC, PA, WI?"
KXECDJT316,VFH,9,kalshi_leads_etf,0.0002161616465520798,1.0033218410760254,0.31570560133116476,0.4966738755663481,55,219,300,174.65285367272728,0.7907331233858175,"Will Trump win 316-222 - AZ, GA, MI, MN, NC, PA, WI?"
KXECDJT316,VFH,10,kalshi_leads_etf,-1.8671095482690322e-05,-0.10261452723372631,0.9182689126418343,0.4966738755663481,55,219,300,174.65285367272728,0.7907331233858175,"Will Trump win 316-222 - AZ, GA, MI, MN, NC, PA, WI?"
KXECKH276,VIS,-10,etf_leads_kalshi,2.4050698912337834e-06,0.03343808124521653,0.9733252421887555,0.7054329553097809,39,136,300,223.65882015384616,0.7648119234989674,"Will Harris win 276-262 - PA, NV, MI, WI?"
KXECKH276,VIS,-9,etf_leads_kalshi,1.6335900764402983e-05,0.2967016880216469,0.766694268187603,0.7054329553097809,39,136,300,223.65882015384616,0.7648119234989674,"Will Harris win 276-262 - PA, NV, MI, WI?"
KXECKH276,VIS,-8,etf_leads_kalshi,5.164113751407676e-05,3.171097692730953,0.0015186406122973987,0.7054329553097809,39,136,300,223.65882015384616,0.7648119234989674,"Will Harris win 276-262 - PA, NV, MI, WI?"
KXECKH276,VIS,-7,etf_leads_kalshi,-6.4081105605517105e-06,-0.13087223182122076,0.895876381517143,0.7054329553097809,39,136,300,223.65882015384616,0.7648119234989674,"Will Harris win 276-262 - PA, NV, MI, WI?"
KXECKH276,VIS,-6,etf_leads_kalshi,0.00011159735623317917,1.2289992083387566,0.2190721028381788,0.7054329553097809,39,136,300,223.65882015384616,0.7648119234989674,"Will Harris win 276-262 - PA, NV, MI, WI?"
KXECKH276,VIS,-5,etf_leads_kalshi,0.00021293041295789342,3.094383025994856,0.0019722268842485087,0.7054329553097809,39,136,300,223.65882015384616,0.7648119234989674,"Will Harris win 276-262 - PA, NV, MI, WI?"
KXECKH276,VIS,-4,etf_leads_kalshi,0.000260793604718588,13.577483632048773,5.446569738851173e-42,0.7054329553097809,39,136,300,223.65882015384616,0.7648119234989674,"Will Harris win 276-262 - PA, NV, MI, WI?"
KXECKH276,VIS,-3,etf_leads_kalshi,0.00031186532765286874,4.953889825724902,7.274440492335847e-07,0.7054329553097809,39,136,300,223.65882015384616,0.7648119234989674,"Will Harris win 276-262 - PA, NV, MI, WI?"
KXECKH276,VIS,-2,etf_leads_kalshi,0.00025249007904288114,15.806097797592098,2.824272659329577e-56,0.7054329553097809,39,136,300,223.65882015384616,0.7648119234989674,"Will Harris win 276-262 - PA, NV, MI, WI?"
KXECKH276,VIS,-1,etf_leads_kalshi,0.00013480516872113905,1.6787347908702568,0.09320374229575301,0.7054329553097809,39,136,300,223.65882015384616,0.7648119234989674,"Will Harris win 276-262 - PA, NV, MI, WI?"
KXECKH276,VIS,0,contemp,0.00025999228666499205,2.3294820818459527,0.019833541153406693,0.7054329553097809,39,136,300,223.65882015384616,0.7648119234989674,"Will Harris win 276-262 - PA, NV, MI, WI?"
KXECKH276,VIS,1,kalshi_leads_etf,0.0003522415329102462,1.8875165408041785,0.059090883705854975,0.7054329553097809,39,136,300,223.65882015384616,0.7648119234989674,"Will Harris win 276-262 - PA, NV, MI, WI?"
KXECKH276,VIS,2,kalshi_leads_etf,0.00016785787695355254,0.8233614820015059,0.4103024602147818,0.7054329553097809,39,136,300,223.65882015384616,0.7648119234989674,"Will Harris win 276-262 - PA, NV, MI, WI?"
KXECKH276,VIS,3,kalshi_leads_etf,0.000250461150786824,3.138369981257778,0.0016989028708122734,0.7054329553097809,39,136,300,223.65882015384616,0.7648119234989674,"Will Harris win 276-262 - PA, NV, MI, WI?"
KXECKH276,VIS,4,kalshi_leads_etf,0.000386897910979281,3.346931891447311,0.0008171128368758647,0.7054329553097809,39,136,300,223.65882015384616,0.7648119234989674,"Will Harris win 276-262 - PA, NV, MI, WI?"
KXECKH276,VIS,5,kalshi_leads_etf,0.000382863919601912,2.7144414687230056,0.006638763068587651,0.7054329553097809,39,136,300,223.65882015384616,0.7648119234989674,"Will Harris win 276-262 - PA, NV, MI, WI?"
KXECKH276,VIS,6,kalshi_leads_etf,0.00025975278521684324,2.3152879380606204,0.020597179424989818,0.7054329553097809,39,136,300,223.65882015384616,0.7648119234989674,"Will Harris win 276-262 - PA, NV, MI, WI?"
KXECKH276,VIS,7,kalshi_leads_etf,0.00035403119014620535,8.550666653262638,1.223795926310358e-17,0.7054329553097809,39,136,300,223.65882015384616,0.7648119234989674,"Will Harris win 276-262 - PA, NV, MI, WI?"
KXECKH276,VIS,8,kalshi_leads_etf,0.0002427947207873921,4.530736933408767,5.8778292932916226e-06,0.7054329553097809,39,136,300,223.65882015384616,0.7648119234989674,"Will Harris win 276-262 - PA, NV, MI, WI?"
KXECKH276,VIS,9,kalshi_leads_etf,2.5785733803890357e-05,0.3582058322191671,0.7201892829669647,0.7054329553097809,39,136,300,223.65882015384616,0.7648119234989674,"Will Harris win 276-262 - PA, NV, MI, WI?"
KXECKH276,VIS,10,kalshi_leads_etf,-1.4134788454118674e-05,-0.21088409204634612,0.832977717695083,0.7054329553097809,39,136,300,223.65882015384616,0.7648119234989674,"Will Harris win 276-262 - PA, NV, MI, WI?"
RATECUT-24SEP18,VCR,-10,etf_leads_kalshi,0.0003182638233204316,1.2921556436817971,0.1963032491765433,0.9138631024290829,35,103,300,198.18028325714286,0.6822090043500123,"Will the Federal Reserve cut rates before September 19, 2024?"
RATECUT-24SEP18,VCR,-9,etf_leads_kalshi,0.0004250197545035426,2.4008257603824372,0.016358123446317905,0.9138631024290829,35,103,300,198.18028325714286,0.6822090043500123,"Will the Federal Reserve cut rates before September 19, 2024?"
RATECUT-24SEP18,VCR,-8,etf_leads_kalshi,0.0008638667444329115,2.887974961034375,0.0038773073603013642,0.9138631024290829,35,103,300,198.18028325714286,0.6822090043500123,"Will the Federal Reserve cut rates before September 19, 2024?"
RATECUT-24SEP18,VCR,-7,etf_leads_kalshi,0.0010144888942577959,1.5438688341906548,0.12262011157203861,0.9138631024290829,35,103,300,198.18028325714286,0.6822090043500123,"Will the Federal Reserve cut rates before September 19, 2024?"
RATECUT-24SEP18,VCR,-6,etf_leads_kalshi,0.0016382378931520036,2.231291918269472,0.0256617986648078,0.9138631024290829,35,103,300,198.18028325714286,0.6822090043500123,"Will the Federal Reserve cut rates before September 19, 2024?"
RATECUT-24SEP18,VCR,-5,etf_leads_kalshi,0.002492487241381923,3.824791695162334,0.00013088270112008682,0.9138631024290829,35,103,300,198.18028325714286,0.6822090043500123,"Will the Federal Reserve cut rates before September 19, 2024?"
RATECUT-24SEP18,VCR,-4,etf_leads_kalshi,0.0028513496343868963,3.2516582586933085,0.0011473388156034573,0.9138631024290829,35,103,300,198.18028325714286,0.6822090043500123,"Will the Federal Reserve cut rates before September 19, 2024?"
RATECUT-24SEP18,VCR,-3,etf_leads_kalshi,0.0034234039788245694,3.98752453100705,6.676630265868978e-05,0.9138631024290829,35,103,300,198.18028325714286,0.6822090043500123,"Will the Federal Reserve cut rates before September 19, 2024?"
RATECUT-24SEP18,VCR,-2,etf_leads_kalshi,0.003960175778203043,3.8985111154489203,9.678595873164051e-05,0.9138631024290829,35,103,300,198.18028325714286,0.6822090043500123,"Will the Federal Reserve cut rates before September 19, 2024?"
RATECUT-24SEP18,VCR,-1,etf_leads_kalshi,0.0038104046947313418,3.4649194067140234,0.0005303904002181311,0.9138631024290829,35,103,300,198.18028325714286,0.6822090043500123,"Will the Federal Reserve cut rates before September 19, 2024?"
RATECUT-24SEP18,VCR,0,contemp,0.0038596986029614706,3.1845080210882624,0.0014500029233473133,0.9138631024290829,35,103,300,198.18028325714286,0.6822090043500123,"Will the Federal Reserve cut rates before September 19, 2024?"
RATECUT-24SEP18,VCR,1,kalshi_leads_etf,0.004726105980533645,3.6426970999021,0.00026979624816033206,0.9138631024290829,35,103,300,198.18028325714286,0.6822090043500123,"Will the Federal Reserve cut rates before September 19, 2024?"
RATECUT-24SEP18,VCR,2,kalshi_leads_etf,0.004708763481446044,3.1945969332985884,0.0014002625299280467,0.9138631024290829,35,103,300,198.18028325714286,0.6822090043500123,"Will the Federal Reserve cut rates before September 19, 2024?"
RATECUT-24SEP18,VCR,3,kalshi_leads_etf,0.004963606806910648,3.475901730688149,0.0005091388097805938,0.9138631024290829,35,103,300,198.18028325714286,0.6822090043500123,"Will the Federal Reserve cut rates before September 19, 2024?"
RATECUT-24SEP18,VCR,4,kalshi_leads_etf,0.004700026275467461,3.479917574981377,0.0005015680667621331,0.9138631024290829,35,103,300,198.18028325714286,0.6822090043500123,"Will the Federal Reserve cut rates before September 19, 2024?"
RATECUT-24SEP18,VCR,5,kalshi_leads_etf,0.0038954968208983892,3.3099729259085406,0.0009330499579168495,0.9138631024290829,35,103,300,198.18028325714286,0.6822090043500123,"Will the Federal Reserve cut rates before September 19, 2024?"
RATECUT-24SEP18,VCR,6,kalshi_leads_etf,0.003111230650976058,3.297459688412301,0.0009756367846617476,0.9138631024290829,35,103,300,198.18028325714286,0.6822090043500123,"Will the Federal Reserve cut rates before September 19, 2024?"
RATECUT-24SEP18,VCR,7,kalshi_leads_etf,0.0019401429942205442,3.142583240720724,0.0016746408941897297,0.9138631024290829,35,103,300,198.18028325714286,0.6822090043500123,"Will the Federal Reserve cut rates before September 19, 2024?"
RATECUT-24SEP18,VCR,8,kalshi_leads_etf,0.001463527941700037,2.2346882952804172,0.02543781957189772,0.9138631024290829,35,103,300,198.18028325714286,0.6822090043500123,"Will the Federal Reserve cut rates before September 19, 2024?"
RATECUT-24SEP18,VCR,9,kalshi_leads_etf,0.0010894366052157673,2.30647624376663,0.02108403605477943,0.9138631024290829,35,103,300,198.18028325714286,0.6822090043500123,"Will the Federal Reserve cut rates before September 19, 2024?"
RATECUT-24SEP18,VCR,10,kalshi_leads_etf,0.00020582174245425863,0.5184213338860294,0.6041643330263293,0.9138631024290829,35,103,300,198.18028325714286,0.6822090043500123,"Will the Federal Reserve cut rates before September 19, 2024?"
KXECKH287,VNQ,-10,etf_leads_kalshi,-8.191994144898043e-05,-0.16823922126329025,0.8663950865638427,0.8046753222078705,28,115,300,195.94098857142856,0.6771339593601406,"Will Harris win 287-251 - PA, NV, MI, WI, AZ?"
KXECKH287,VNQ,-9,etf_leads_kalshi,-0.000450089134803794,-1.344233293116059,0.17887295882879217,0.8046753222078705,28,115,300,195.94098857142856,0.6771339593601406,"Will Harris win 287-251 - PA, NV, MI, WI, AZ?"
KXECKH287,VNQ,-8,etf_leads_kalshi,-0.0007100288896493823,-0.6943026082122515,0.48749245566573784,0.8046753222078705,28,115,300,195.94098857142856,0.6771339593601406,"Will Harris win 287-251 - PA, NV, MI, WI, AZ?"
KXECKH287,VNQ,-7,etf_leads_kalshi,-0.00045931072637339225,-0.4858285714649705,0.6270887150999154,0.8046753222078705,28,115,300,195.94098857142856,0.6771339593601406,"Will Harris win 287-251 - PA, NV, MI, WI, AZ?"
KXECKH287,VNQ,-6,etf_leads_kalshi,-0.0002751043631334326,-0.35483201708568385,0.7227154409195009,0.8046753222078705,28,115,300,195.94098857142856,0.6771339593601406,"Will Harris win 287-251 - PA, NV, MI, WI, AZ?"
KXECKH287,VNQ,-5,etf_leads_kalshi,-0.0005892556036681683,-0.6412711967233472,0.5213464995271858,0.8046753222078705,28,115,300,195.94098857142856,0.6771339593601406,"Will Harris win 287-251 - PA, NV, MI, WI, AZ?"
KXECKH287,VNQ,-4,etf_leads_kalshi,-0.0006597971174916274,-0.46045576910806263,0.6451891125872524,0.8046753222078705,28,115,300,195.94098857142856,0.6771339593601406,"Will Harris win 287-251 - PA, NV, MI, WI, AZ?"
KXECKH287,VNQ,-3,etf_leads_kalshi,-0.0009467861278277533,-0.44559716133442917,0.6558882614473361,0.8046753222078705,28,115,300,195.94098857142856,0.6771339593601406,"Will Harris win 287-251 - PA, NV, MI, WI, AZ?"
KXECKH287,VNQ,-2,etf_leads_kalshi,-0.0012907485042393581,-0.43127317348436334,0.6662697538856789,0.8046753222078705,28,115,300,195.94098857142856,0.6771339593601406,"Will Harris win 287-251 - PA, NV, MI, WI, AZ?"
KXECKH287,VNQ,-1,etf_leads_kalshi,-0.0009279576314667606,-0.3303881090412959,0.7411067251880212,0.8046753222078705,28,115,300,195.94098857142856,0.6771339593601406,"Will Harris win 287-251 - PA, NV, MI, WI, AZ?"
KXECKH287,VNQ,0,contemp,-0.0006496694580482214,-0.32033549672366834,0.748714017210393,0.8046753222078705,28,115,300,195.94098857142856,0.6771339593601406,"Will Harris win 287-251 - PA, NV, MI, WI, AZ?"
KXECKH287,VNQ,1,kalshi_leads_etf,-0.0005635309704736316,-0.5048606598241447,0.6136567069086534,0.8046753222078705,28,115,300,195.94098857142856,0.6771339593601406,"Will Harris win 287-251 - PA, NV, MI, WI, AZ?"
KXECKH287,VNQ,2,kalshi_leads_etf,-0.00046047273525575896,-0.7404059495924741,0.4590537098182603,0.8046753222078705,28,115,300,195.94098857142856,0.6771339593601406,"Will Harris win 287-251 - PA, NV, MI, WI, AZ?"
KXECKH287,VNQ,3,kalshi_leads_etf,-0.0006976656889783538,-0.5565476899172308,0.5778365023626931,0.8046753222078705,28,115,300,195.94098857142856,0.6771339593601406,"Will Harris win 287-251 - PA, NV, MI, WI, AZ?"
KXECKH287,VNQ,4,kalshi_leads_etf,7.052584147943413e-05,0.08701868753063667,0.9306566579505873,0.8046753222078705,28,115,300,195.94098857142856,0.6771339593601406,"Will Harris win 287-251 - PA, NV, MI, WI, AZ?"
KXECKH287,VNQ,5,kalshi_leads_etf,-0.0005642219898446403,-0.807779761199596,0.4192173779564303,0.8046753222078705,28,115,300,195.94098857142856,0.6771339593601406,"Will Harris win 287-251 - PA, NV, MI, WI, AZ?"
KXECKH287,VNQ,6,kalshi_leads_etf,-0.0007090491589013847,-0.4799695220761371,0.6312490649776343,0.8046753222078705,28,115,300,195.94098857142856,0.6771339593601406,"Will Harris win 287-251 - PA, NV, MI, WI, AZ?"
KXECKH287,VNQ,7,kalshi_leads_etf,0.00011321636025606613,0.1435505897888823,0.8858553600517737,0.8046753222078705,28,115,300,195.94098857142856,0.6771339593601406,"Will Harris win 287-251 - PA, NV, MI, WI, AZ?"
KXECKH287,VNQ,8,kalshi_leads_etf,-0.0002470312903163263,-0.5568423934670268,0.5776351162759359,0.8046753222078705,28,115,300,195.94098857142856,0.6771339593601406,"Will Harris win 287-251 - PA, NV, MI, WI, AZ?"
KXECKH287,VNQ,9,kalshi_leads_etf,-0.00012645684860017594,-0.5219508945219338,0.6017045211610705,0.8046753222078705,28,115,300,195.94098857142856,0.6771339593601406,"Will Harris win 287-251 - PA, NV, MI, WI, AZ?"
KXECKH287,VNQ,10,kalshi_leads_etf,0.00038789406716168806,0.35261518758419896,0.724376950038823,0.8046753222078705,28,115,300,195.94098857142856,0.6771339593601406,"Will Harris win 287-251 - PA, NV, MI, WI, AZ?"
KXECKH276,VCR,-10,etf_leads_kalshi,7.228389448263988e-05,0.8018999432870555,0.422610838941906,0.6299167114259292,39,136,300,223.65882015384616,0.651769043544155,"Will Harris win 276-262 - PA, NV, MI, WI?"
KXECKH276,VCR,-9,etf_leads_kalshi,-5.338313798217724e-06,-0.07728837670063374,0.9383941372978154,0.6299167114259292,39,136,300,223.65882015384616,0.651769043544155,"Will Harris win 276-262 - PA, NV, MI, WI?"
KXECKH276,VCR,-8,etf_leads_kalshi,3.728632312880255e-05,5.257212670708252,1.4625514659274874e-07,0.6299167114259292,39,136,300,223.65882015384616,0.651769043544155,"Will Harris win 276-262 - PA, NV, MI, WI?"
KXECKH276,VCR,-7,etf_leads_kalshi,-6.0969320245813204e-05,-1.0054868241448143,0.314662490785684,0.6299167114259292,39,136,300,223.65882015384616,0.651769043544155,"Will Harris win 276-262 - PA, NV, MI, WI?"
KXECKH276,VCR,-6,etf_leads_kalshi,-3.76059130475701e-05,-0.33328267448462495,0.7389209162860149,0.6299167114259292,39,136,300,223.65882015384616,0.651769043544155,"Will Harris win 276-262 - PA, NV, MI, WI?"
KXECKH276,VCR,-5,etf_leads_kalshi,-9.095402524748747e-06,-0.09126737356717124,0.9272801418835653,0.6299167114259292,39,136,300,223.65882015384616,0.651769043544155,"Will Harris win 276-262 - PA, NV, MI, WI?"
KXECKH276,VCR,-4,etf_leads_kalshi,0.00017893054828590645,10.387310759941185,2.8322628405696533e-25,0.6299167114259292,39,136,300,223.65882015384616,0.651769043544155,"Will Harris win 276-262 - PA, NV, MI, WI?"
KXECKH276,VCR,-3,etf_leads_kalshi,0.00019649063694474796,2.4265065173283062,0.015244976503868449,0.6299167114259292,39,136,300,223.65882015384616,0.651769043544155,"Will Harris win 276-262 - PA, NV, MI, WI?"
KXECKH276,VCR,-2,etf_leads_kalshi,0.00021670134765178315,8.521413464605356,1.5761775833231426e-17,0.6299167114259292,39,136,300,223.65882015384616,0.651769043544155,"Will Harris win 276-262 - PA, NV, MI, WI?"
KXECKH276,VCR,-1,etf_leads_kalshi,0.00024980055043858783,2.8118470947523906,0.00492579131311225,0.6299167114259292,39,136,300,223.65882015384616,0.651769043544155,"Will Harris win 276-262 - PA, NV, MI, WI?"
KXECKH276,VCR,0,contemp,0.0003694984891903808,2.922032240873508,0.0034775554029735038,0.6299167114259292,39,136,300,223.65882015384616,0.651769043544155,"Will Harris win 276-262 - PA, NV, MI, WI?"
KXECKH276,VCR,1,kalshi_leads_etf,0.0005056700259346129,2.2826067247668287,0.022453544488613808,0.6299167114259292,39,136,300,223.65882015384616,0.651769043544155,"Will Harris win 276-262 - PA, NV, MI, WI?"
KXECKH276,VCR,2,kalshi_leads_etf,0.0002602447478364787,1.027187888428164,0.3043320000562948,0.6299167114259292,39,136,300,223.65882015384616,0.651769043544155,"Will Harris win 276-262 - PA, NV, MI, WI?"
KXECKH276,VCR,3,kalshi_leads_etf,0.00028041464049903086,3.372499502990488,0.0007448922092362437,0.6299167114259292,39,136,300,223.65882015384616,0.651769043544155,"Will Harris win 276-262 - PA, NV, MI, WI?"
KXECKH276,VCR,4,kalshi_leads_etf,0.00036176810387602,4.030263843717639,5.571427954380778e-05,0.6299167114259292,39,136,300,223.65882015384616,0.651769043544155,"Will Harris win 276-262 - PA, NV, MI, WI?"
KXECKH276,VCR,5,kalshi_leads_etf,0.0003103882590218844,1.4179842110038066,0.15619537451010407,0.6299167114259292,39,136,300,223.65882015384616,0.651769043544155,"Will Harris win 276-262 - PA, NV, MI, WI?"
KXECKH276,VCR,6,kalshi_leads_etf,0.0002934138262692714,2.8227691264620463,0.004761084349155735,0.6299167114259292,39,136,300,223.65882015384616,0.651769043544155,"Will Harris win 276-262 - PA, NV, MI, WI?"
KXECKH276,VCR,7,kalshi_leads_etf,0.00027893516914886436,4.123177266554391,3.736818962367537e-05,0.6299167114259292,39,136,300,223.65882015384616,0.651769043544155,"Will Harris win 276-262 - PA, NV, MI, WI?"
KXECKH276,VCR,8,kalshi_leads_etf,5.535042738996172e-05,1.145503978478837,0.25200044832976765,0.6299167114259292,39,136,300,223.65882015384616,0.651769043544155,"Will Harris win 276-262 - PA, NV, MI, WI?"
KXECKH276,VCR,9,kalshi_leads_etf,0.00013643877222171088,2.577293551257128,0.00995773447946413,0.6299167114259292,39,136,300,223.65882015384616,0.651769043544155,"Will Harris win 276-262 - PA, NV, MI, WI?"
KXECKH276,VCR,10,kalshi_leads_etf,0.00012644030349483467,1.383930706207034,0.16637967346147553,0.6299167114259292,39,136,300,223.65882015384616,0.651769043544155,"Will Harris win 276-262 - PA, NV, MI, WI?"
FEDDECISION-24SEP-C25,VDC,-10,etf_leads_kalshi,2.0103874941288337e-06,0.2505435202080742,0.802167053339766,0.030501285443664705,1029,1823,300,96.88683416715257,0.6325467130894744,Will the Federal Reserve Cut rates by 25bps at their September 2024 meeting?
FEDDECISION-24SEP-C25,VDC,-9,etf_leads_kalshi,-2.6221520200848414e-06,-0.5397539298660258,0.5893667425284139,0.030501285443664705,1029,1823,300,96.88683416715257,0.6325467130894744,Will the Federal Reserve Cut rates by 25bps at their September 2024 meeting?
FEDDECISION-24SEP-C25,VDC,-8,etf_leads_kalshi,1.1462226084343978e-05,0.9756349951583896,0.3292453760887032,0.030501285443664705,1029,1823,300,96.88683416715257,0.6325467130894744,Will the Federal Reserve Cut rates by 25bps at their September 2024 meeting?
FEDDECISION-24SEP-C25,VDC,-7,etf_leads_kalshi,4.311325436513994e-06,0.507961064357949,0.6114806489442769,0.030501285443664705,1029,1823,300,96.88683416715257,0.6325467130894744,Will the Federal Reserve Cut rates by 25bps at their September 2024 meeting?
FEDDECISION-24SEP-C25,VDC,-6,etf_leads_kalshi,9.252808914563122e-06,0.7687023214805188,0.4420700464638406,0.030501285443664705,1029,1823,300,96.88683416715257,0.6325467130894744,Will the Federal Reserve Cut rates by 25bps at their September 2024 meeting?
FEDDECISION-24SEP-C25,VDC,-5,etf_leads_kalshi,-2.5580676623440228e-06,-0.3605205442825339,0.7184578959978944,0.030501285443664705,1029,1823,300,96.88683416715257,0.6325467130894744,Will the Federal Reserve Cut rates by 25bps at their September 2024 meeting?
FEDDECISION-24SEP-C25,VDC,-4,etf_leads_kalshi,-4.406491761235485e-06,-0.3843483532707842,0.7007202742525966,0.030501285443664705,1029,1823,300,96.88683416715257,0.6325467130894744,Will the Federal Reserve Cut rates by 25bps at their September 2024 meeting?
FEDDECISION-24SEP-C25,VDC,-3,etf_leads_kalshi,9.835829978757376e-06,0.9879963216196587,0.3231544496818647,0.030501285443664705,1029,1823,300,96.88683416715257,0.6325467130894744,Will the Federal Reserve Cut rates by 25bps at their September 2024 meeting?
FEDDECISION-24SEP-C25,VDC,-2,etf_leads_kalshi,-3.17799594053324e-06,-0.5694023323546934,0.5690831343841736,0.030501285443664705,1029,1823,300,96.88683416715257,0.6325467130894744,Will the Federal Reserve Cut rates by 25bps at their September 2024 meeting?
FEDDECISION-24SEP-C25,VDC,-1,etf_leads_kalshi,-1.6781860974657014e-05,-0.9934466892170727,0.3204923181509606,0.030501285443664705,1029,1823,300,96.88683416715257,0.6325467130894744,Will the Federal Reserve Cut rates by 25bps at their September 2024 meeting?
FEDDECISION-24SEP-C25,VDC,0,contemp,-2.8127874385592963e-05,-1.1300366966749666,0.25846076188221256,0.030501285443664705,1029,1823,300,96.88683416715257,0.6325467130894744,Will the Federal Reserve Cut rates by 25bps at their September 2024 meeting?
FEDDECISION-24SEP-C25,VDC,1,kalshi_leads_etf,-1.342846332867895e-05,-0.9460188499162446,0.3441389719403123,0.030501285443664705,1029,1823,300,96.88683416715257,0.6325467130894744,Will the Federal Reserve Cut rates by 25bps at their September 2024 meeting?
FEDDECISION-24SEP-C25,VDC,2,kalshi_leads_etf,-1.6744759246641426e-05,-1.2093663602886149,0.2265221265299936,0.030501285443664705,1029,1823,300,96.88683416715257,0.6325467130894744,Will the Federal Reserve Cut rates by 25bps at their September 2024 meeting?
FEDDECISION-24SEP-C25,VDC,3,kalshi_leads_etf,-1.2139386489548629e-05,-0.8321786019432359,0.40530814011870586,0.030501285443664705,1029,1823,300,96.88683416715257,0.6325467130894744,Will the Federal Reserve Cut rates by 25bps at their September 2024 meeting?
FEDDECISION-24SEP-C25,VDC,4,kalshi_leads_etf,1.1452588695579339e-06,0.09838897631915122,0.9216234278314304,0.030501285443664705,1029,1823,300,96.88683416715257,0.6325467130894744,Will the Federal Reserve Cut rates by 25bps at their September 2024 meeting?
FEDDECISION-24SEP-C25,VDC,5,kalshi_leads_etf,-3.267756273740606e-06,-0.3424951351141851,0.7319783044929182,0.030501285443664705,1029,1823,300,96.88683416715257,0.6325467130894744,Will the Federal Reserve Cut rates by 25bps at their September 2024 meeting?
FEDDECISION-24SEP-C25,VDC,6,kalshi_leads_etf,-2.761432352513948e-06,-0.22679003551150564,0.820587012350213,0.030501285443664705,1029,1823,300,96.88683416715257,0.6325467130894744,Will the Federal Reserve Cut rates by 25bps at their September 2024 meeting?
FEDDECISION-24SEP-C25,VDC,7,kalshi_leads_etf,-1.6338254915476367e-05,-1.1754835226307616,0.23980132554722755,0.030501285443664705,1029,1823,300,96.88683416715257,0.6325467130894744,Will the Federal Reserve Cut rates by 25bps at their September 2024 meeting?
FEDDECISION-24SEP-C25,VDC,8,kalshi_leads_etf,-6.491616799486351e-06,-0.9015747641774344,0.3672828015937639,0.030501285443664705,1029,1823,300,96.88683416715257,0.6325467130894744,Will the Federal Reserve Cut rates by 25bps at their September 2024 meeting?
FEDDECISION-24SEP-C25,VDC,9,kalshi_leads_etf,7.822277677491761e-06,0.910010793154231,0.36281681776013275,0.030501285443664705,1029,1823,300,96.88683416715257,0.6325467130894744,Will the Federal Reserve Cut rates by 25bps at their September 2024 meeting?
FEDDECISION-24SEP-C25,VDC,10,kalshi_leads_etf,3.1410982708909696e-06,0.5871138401107455,0.5571272529903628,0.030501285443664705,1029,1823,300,96.88683416715257,0.6325467130894744,Will the Federal Reserve Cut rates by 25bps at their September 2024 meeting?
KXECKH276,VDE,-10,etf_leads_kalshi,-8.81856221612806e-06,-0.2174293592286476,0.8278737530785795,0.8141647988653182,39,136,300,223.65882015384616,0.6325059413818794,"Will Harris win 276-262 - PA, NV, MI, WI?"
KXECKH276,VDE,-9,etf_leads_kalshi,0.00030095274474095494,29.57309948167284,3.314924034811042e-192,0.8141647988653182,39,136,300,223.65882015384616,0.6325059413818794,"Will Harris win 276-262 - PA, NV, MI, WI?"
KXECKH276,VDE,-8,etf_leads_kalshi,0.0002140310471829116,9.148684791514578,5.76308815615881e-20,0.8141647988653182,39,136,300,223.65882015384616,0.6325059413818794,"Will Harris win 276-262 - PA, NV, MI, WI?"
KXECKH276,VDE,-7,etf_leads_kalshi,0.00018498543081233118,17.51718789059195,1.0593376371255778e-68,0.8141647988653182,39,136,300,223.65882015384616,0.6325059413818794,"Will Harris win 276-262 - PA, NV, MI, WI?"
KXECKH276,VDE,-6,etf_leads_kalshi,7.258031852626236e-05,7.061941796964186,1.6419176413558745e-12,0.8141647988653182,39,136,300,223.65882015384616,0.6325059413818794,"Will Harris win 276-262 - PA, NV, MI, WI?"
KXECKH276,VDE,-5,etf_leads_kalshi,8.261160498028161e-05,21.158762620796754,2.2915754941890865e-99,0.8141647988653182,39,136,300,223.65882015384616,0.6325059413818794,"Will Harris win 276-262 - PA, NV, MI, WI?"
KXECKH276,VDE,-4,etf_leads_kalshi,0.0001733291206995117,6.3905440688197634,1.65296556762441e-10,0.8141647988653182,39,136,300,223.65882015384616,0.6325059413818794,"Will Harris win 276-262 - PA, NV, MI, WI?"
KXECKH276,VDE,-3,etf_leads_kalshi,0.00024998547762911566,2.9686957149735025,0.0029906658327763405,0.8141647988653182,39,136,300,223.65882015384616,0.6325059413818794,"Will Harris win 276-262 - PA, NV, MI, WI?"
KXECKH276,VDE,-2,etf_leads_kalshi,0.0001310053321326774,4.522113650839335,6.12251693008503e-06,0.8141647988653182,39,136,300,223.65882015384616,0.6325059413818794,"Will Harris win 276-262 - PA, NV, MI, WI?"
KXECKH276,VDE,-1,etf_leads_kalshi,-8.902808111676836e-05,-4.6931893364928134,2.6897833157375105e-06,0.8141647988653182,39,136,300,223.65882015384616,0.6325059413818794,"Will Harris win 276-262 - PA, NV, MI, WI?"
KXECKH276,VDE,0,contemp,0.0002588748793808391,11.40674464426067,3.869408728917846e-30,0.8141647988653182,39,136,300,223.65882015384616,0.6325059413818794,"Will Harris win 276-262 - PA, NV, MI, WI?"
KXECKH276,VDE,1,kalshi_leads_etf,0.0005165300647145829,11.931212743997428,8.137919878292168e-33,0.8141647988653182,39,136,300,223.65882015384616,0.6325059413818794,"Will Harris win 276-262 - PA, NV, MI, WI?"
KXECKH276,VDE,2,kalshi_leads_etf,0.0005125660853554898,9.471238689549201,2.765445780520198e-21,0.8141647988653182,39,136,300,223.65882015384616,0.6325059413818794,"Will Harris win 276-262 - PA, NV, MI, WI?"
KXECKH276,VDE,3,kalshi_leads_etf,0.0004750504909222295,13.717059955393266,8.025424513104813e-43,0.8141647988653182,39,136,300,223.65882015384616,0.6325059413818794,"Will Harris win 276-262 - PA, NV, MI, WI?"
KXECKH276,VDE,4,kalshi_leads_etf,0.0007237483961343706,4.095052784008059,4.220722159676898e-05,0.8141647988653182,39,136,300,223.65882015384616,0.6325059413818794,"Will Harris win 276-262 - PA, NV, MI, WI?"
KXECKH276,VDE,5,kalshi_leads_etf,0.0003800060273743455,2.3936940191930125,0.016679657000915202,0.8141647988653182,39,136,300,223.65882015384616,0.6325059413818794,"Will Harris win 276-262 - PA, NV, MI, WI?"
KXECKH276,VDE,6,kalshi_leads_etf,0.0005254954670534033,14.996079760287785,7.788568630904085e-51,0.8141647988653182,39,136,300,223.65882015384616,0.6325059413818794,"Will Harris win 276-262 - PA, NV, MI, WI?"
KXECKH276,VDE,7,kalshi_leads_etf,0.0005114222500934905,5.923972124949849,3.142567481526898e-09,0.8141647988653182,39,136,300,223.65882015384616,0.6325059413818794,"Will Harris win 276-262 - PA, NV, MI, WI?"
KXECKH276,VDE,8,kalshi_leads_etf,-1.3706225100874337e-05,-0.43474544579273167,0.6637472073239983,0.8141647988653182,39,136,300,223.65882015384616,0.6325059413818794,"Will Harris win 276-262 - PA, NV, MI, WI?"
KXECKH276,VDE,9,kalshi_leads_etf,-0.00014158343267973178,-16.960650274554837,1.6055769839006947e-64,0.8141647988653182,39,136,300,223.65882015384616,0.6325059413818794,"Will Harris win 276-262 - PA, NV, MI, WI?"
KXECKH276,VDE,10,kalshi_leads_etf,-2.459702597156064e-05,-1.094590327436564,0.2736961550485145,0.8141647988653182,39,136,300,223.65882015384616,0.6325059413818794,"Will Harris win 276-262 - PA, NV, MI, WI?"
KXECKH276,VOX,-10,etf_leads_kalshi,-8.400317812710274e-05,-1.646033074956356,0.09975694964325743,0.6135510121794369,39,136,300,223.65882015384616,0.5903053031486734,"Will Harris win 276-262 - PA, NV, MI, WI?"
KXECKH276,VOX,-9,etf_leads_kalshi,-0.00010263716325892908,-2.820805674982334,0.004790321110303862,0.6135510121794369,39,136,300,223.65882015384616,0.5903053031486734,"Will Harris win 276-262 - PA, NV, MI, WI?"
KXECKH276,VOX,-8,etf_leads_kalshi,-4.7085082703480485e-05,-1.6709367504849095,0.0947341715601399,0.6135510121794369,39,136,300,223.65882015384616,0.5903053031486734,"Will Harris win 276-262 - PA, NV, MI, WI?"
KXECKH276,VOX,-7,etf_leads_kalshi,-8.167986409875815e-05,-2.0525976655127574,0.04011161415707126,0.6135510121794369,39,136,300,223.65882015384616,0.5903053031486734,"Will Harris win 276-262 - PA, NV, MI, WI?"
KXECKH276,VOX,-6,etf_leads_kalshi,4.996004420255474e-05,1.0363805953241947,0.30002461952139003,0.6135510121794369,39,136,300,223.65882015384616,0.5903053031486734,"Will Harris win 276-262 - PA, NV, MI, WI?"
KXECKH276,VOX,-5,etf_leads_kalshi,5.612753706236401e-05,1.0405331774772397,0.29809225827754193,0.6135510121794369,39,136,300,223.65882015384616,0.5903053031486734,"Will Harris win 276-262 - PA, NV, MI, WI?"
KXECKH276,VOX,-4,etf_leads_kalshi,3.160413209969494e-05,1.2783134546534438,0.20113892565761338,0.6135510121794369,39,136,300,223.65882015384616,0.5903053031486734,"Will Harris win 276-262 - PA, NV, MI, WI?"
KXECKH276,VOX,-3,etf_leads_kalshi,0.00011847656686921755,1.5465492417058555,0.12197197742164247,0.6135510121794369,39,136,300,223.65882015384616,0.5903053031486734,"Will Harris win 276-262 - PA, NV, MI, WI?"
KXECKH276,VOX,-2,etf_leads_kalshi,0.00010706632332187978,6.783118730778498,1.1760890240971658e-11,0.6135510121794369,39,136,300,223.65882015384616,0.5903053031486734,"Will Harris win 276-262 - PA, NV, MI, WI?"
KXECKH276,VOX,-1,etf_leads_kalshi,-2.3391045529806684e-05,-0.3569680079789008,0.7211157559281036,0.6135510121794369,39,136,300,223.65882015384616,0.5903053031486734,"Will Harris win 276-262 - PA, NV, MI, WI?"
KXECKH276,VOX,0,contemp,-0.00012961727496668514,-1.5008814390835252,0.13338622969920588,0.6135510121794369,39,136,300,223.65882015384616,0.5903053031486734,"Will Harris win 276-262 - PA, NV, MI, WI?"
KXECKH276,VOX,1,kalshi_leads_etf,-3.257504463317847e-05,-0.2572947073395958,0.7969512778907266,0.6135510121794369,39,136,300,223.65882015384616,0.5903053031486734,"Will Harris win 276-262 - PA, NV, MI, WI?"
KXECKH276,VOX,2,kalshi_leads_etf,-0.0002988272001438724,-1.9969912712044622,0.045826131219844454,0.6135510121794369,39,136,300,223.65882015384616,0.5903053031486734,"Will Harris win 276-262 - PA, NV, MI, WI?"
KXECKH276,VOX,3,kalshi_leads_etf,-0.00016761275729161893,-1.272651757076498,0.203141643778191,0.6135510121794369,39,136,300,223.65882015384616,0.5903053031486734,"Will Harris win 276-262 - PA, NV, MI, WI?"
KXECKH276,VOX,4,kalshi_leads_etf,4.64487132426523e-05,0.3398266298519374,0.7339870923823646,0.6135510121794369,39,136,300,223.65882015384616,0.5903053031486734,"Will Harris win 276-262 - PA, NV, MI, WI?"
KXECKH276,VOX,5,kalshi_leads_etf,-8.74190856874623e-05,-0.7787884452839466,0.4361043453566461,0.6135510121794369,39,136,300,223.65882015384616,0.5903053031486734,"Will Harris win 276-262 - PA, NV, MI, WI?"
KXECKH276,VOX,6,kalshi_leads_etf,-5.3028027923520275e-05,-0.19382697831278747,0.8463113619497439,0.6135510121794369,39,136,300,223.65882015384616,0.5903053031486734,"Will Harris win 276-262 - PA, NV, MI, WI?"
KXECKH276,VOX,7,kalshi_leads_etf,0.00011327930757413783,1.3130757125921513,0.1891574369386454,0.6135510121794369,39,136,300,223.65882015384616,0.5903053031486734,"Will Harris win 276-262 - PA, NV, MI, WI?"
KXECKH276,VOX,8,kalshi_leads_etf,7.45396114949915e-05,0.5517924539839101,0.581090557889796,0.6135510121794369,39,136,300,223.65882015384616,0.5903053031486734,"Will Harris win 276-262 - PA, NV, MI, WI?"
KXECKH276,VOX,9,kalshi_leads_etf,-5.821729925448116e-05,-0.7248122822744268,0.46856719976512684,0.6135510121794369,39,136,300,223.65882015384616,0.5903053031486734,"Will Harris win 276-262 - PA, NV, MI, WI?"
KXECKH276,VOX,10,kalshi_leads_etf,9.686182425946824e-05,0.8690830931736938,0.38480168341587173,0.6135510121794369,39,136,300,223.65882015384616,0.5903053031486734,"Will Harris win 276-262 - PA, NV, MI, WI?"
KXECKH276,VGT,-10,etf_leads_kalshi,-6.090815584346761e-05,-1.6534870143828098,0.09823178677167368,0.5614295698892346,39,136,300,223.65882015384616,0.5887966658096906,"Will Harris win 276-262 - PA, NV, MI, WI?"
KXECKH276,VGT,-9,etf_leads_kalshi,-7.821699844238187e-05,-1.2875235658632593,0.19791186114862203,0.5614295698892346,39,136,300,223.65882015384616,0.5887966658096906,"Will Harris win 276-262 - PA, NV, MI, WI?"
KXECKH276,VGT,-8,etf_leads_kalshi,-2.4963744087939215e-05,-0.6247179715742043,0.5321561758523501,0.5614295698892346,39,136,300,223.65882015384616,0.5887966658096906,"Will Harris win 276-262 - PA, NV, MI, WI?"
KXECKH276,VGT,-7,etf_leads_kalshi,-0.00026274812481205103,-6.333891356484683,2.390538737457784e-10,0.5614295698892346,39,136,300,223.65882015384616,0.5887966658096906,"Will Harris win 276-262 - PA, NV, MI, WI?"
KXECKH276,VGT,-6,etf_leads_kalshi,-0.00014089463147212657,-3.7439581764494254,0.00018114381876200097,0.5614295698892346,39,136,300,223.65882015384616,0.5887966658096906,"Will Harris win 276-262 - PA, NV, MI, WI?"
KXECKH276,VGT,-5,etf_leads_kalshi,-5.803144225612478e-05,-1.2131066694445365,0.22508904041366118,0.5614295698892346,39,136,300,223.65882015384616,0.5887966658096906,"Will Harris win 276-262 - PA, NV, MI, WI?"
KXECKH276,VGT,-4,etf_leads_kalshi,-0.00019346895008922027,-7.490836086685043,6.843624267471964e-14,0.5614295698892346,39,136,300,223.65882015384616,0.5887966658096906,"Will Harris win 276-262 - PA, NV, MI, WI?"
KXECKH276,VGT,-3,etf_leads_kalshi,-4.0159351059295653e-05,-0.7203870136439889,0.47128674348419897,0.5614295698892346,39,136,300,223.65882015384616,0.5887966658096906,"Will Harris win 276-262 - PA, NV, MI, WI?"
KXECKH276,VGT,-2,etf_leads_kalshi,-1.556473418466156e-06,-0.04873565822739913,0.9611299584715631,0.5614295698892346,39,136,300,223.65882015384616,0.5887966658096906,"Will Harris win 276-262 - PA, NV, MI, WI?"
KXECKH276,VGT,-1,etf_leads_kalshi,-0.00011701703745164058,-1.5070313610920107,0.13180261881475452,0.5614295698892346,39,136,300,223.65882015384616,0.5887966658096906,"Will Harris win 276-262 - PA, NV, MI, WI?"
KXECKH276,VGT,0,contemp,4.861515256867958e-05,0.3803502020919446,0.7036854747234209,0.5614295698892346,39,136,300,223.65882015384616,0.5887966658096906,"Will Harris win 276-262 - PA, NV, MI, WI?"
KXECKH276,VGT,1,kalshi_leads_etf,0.00015846513246641362,0.9009188411841489,0.367631472717162,0.5614295698892346,39,136,300,223.65882015384616,0.5887966658096906,"Will Harris win 276-262 - PA, NV, MI, WI?"
KXECKH276,VGT,2,kalshi_leads_etf,-0.00026608879057614593,-1.1928669000180643,0.2329215042757995,0.5614295698892346,39,136,300,223.65882015384616,0.5887966658096906,"Will Harris win 276-262 - PA, NV, MI, WI?"
KXECKH276,VGT,3,kalshi_leads_etf,-0.0002467577931810253,-1.0785781859630679,0.28077581006751395,0.5614295698892346,39,136,300,223.65882015384616,0.5887966658096906,"Will Harris win 276-262 - PA, NV, MI, WI?"
KXECKH276,VGT,4,kalshi_leads_etf,0.00010504515814778958,0.3970413021957811,0.6913370037358415,0.5614295698892346,39,136,300,223.65882015384616,0.5887966658096906,"Will Harris win 276-262 - PA, NV, MI, WI?"
KXECKH276,VGT,5,kalshi_leads_etf,-0.00025325775204497735,-1.1239482444375577,0.26103498284964266,0.5614295698892346,39,136,300,223.65882015384616,0.5887966658096906,"Will Harris win 276-262 - PA, NV, MI, WI?"
KXECKH276,VGT,6,kalshi_leads_etf,3.0372622319645943e-05,0.07485710796998549,0.9403284036412392,0.5614295698892346,39,136,300,223.65882015384616,0.5887966658096906,"Will Harris win 276-262 - PA, NV, MI, WI?"
KXECKH276,VGT,7,kalshi_leads_etf,4.451118604334508e-05,0.21799167180975454,0.8274356003303036,0.5614295698892346,39,136,300,223.65882015384616,0.5887966658096906,"Will Harris win 276-262 - PA, NV, MI, WI?"
KXECKH276,VGT,8,kalshi_leads_etf,-5.3415735667909094e-05,-0.2448048364616473,0.8066075488943172,0.5614295698892346,39,136,300,223.65882015384616,0.5887966658096906,"Will Harris win 276-262 - PA, NV, MI, WI?"
KXECKH276,VGT,9,kalshi_leads_etf,6.445273112592106e-05,0.5128280239332389,0.6080716248973477,0.5614295698892346,39,136,300,223.65882015384616,0.5887966658096906,"Will Harris win 276-262 - PA, NV, MI, WI?"
KXECKH276,VGT,10,kalshi_leads_etf,9.758651039996255e-05,0.7725592326160091,0.43978327921718363,0.5614295698892346,39,136,300,223.65882015384616,0.5887966658096906,"Will Harris win 276-262 - PA, NV, MI, WI?"
KXECKH276,VDC,-10,etf_leads_kalshi,1.0985655685788698e-05,0.20225753157035217,0.8397153986928066,0.7926625448557549,39,136,300,223.65882015384616,0.532567360488065,"Will Harris win 276-262 - PA, NV, MI, WI?"
KXECKH276,VDC,-9,etf_leads_kalshi,5.1722694923994905e-05,1.7093359977498417,0.08738872891905686,0.7926625448557549,39,136,300,223.65882015384616,0.532567360488065,"Will Harris win 276-262 - PA, NV, MI, WI?"
KXECKH276,VDC,-8,etf_leads_kalshi,7.425607076230375e-05,2.565818414379489,0.010293269830668186,0.7926625448557549,39,136,300,223.65882015384616,0.532567360488065,"Will Harris win 276-262 - PA, NV, MI, WI?"
KXECKH276,VDC,-7,etf_leads_kalshi,0.00021161334817511814,4.736141398400844,2.178256396775532e-06,0.7926625448557549,39,136,300,223.65882015384616,0.532567360488065,"Will Harris win 276-262 - PA, NV, MI, WI?"
KXECKH276,VDC,-6,etf_leads_kalshi,0.0003335881824903808,4.782415281406974,1.732013916921918e-06,0.7926625448557549,39,136,300,223.65882015384616,0.532567360488065,"Will Harris win 276-262 - PA, NV, MI, WI?"
KXECKH276,VDC,-5,etf_leads_kalshi,0.00026031503011956955,5.012704637704085,5.367024804226357e-07,0.7926625448557549,39,136,300,223.65882015384616,0.532567360488065,"Will Harris win 276-262 - PA, NV, MI, WI?"
KXECKH276,VDC,-4,etf_leads_kalshi,0.0002641778279985294,8.713988341651355,2.933665619847081e-18,0.7926625448557549,39,136,300,223.65882015384616,0.532567360488065,"Will Harris win 276-262 - PA, NV, MI, WI?"
KXECKH276,VDC,-3,etf_leads_kalshi,0.00022867301082648235,2.6408901120619945,0.008268853430954723,0.7926625448557549,39,136,300,223.65882015384616,0.532567360488065,"Will Harris win 276-262 - PA, NV, MI, WI?"
KXECKH276,VDC,-2,etf_leads_kalshi,8.219001397821073e-05,1.9632301363946199,0.049619439118892876,0.7926625448557549,39,136,300,223.65882015384616,0.532567360488065,"Will Harris win 276-262 - PA, NV, MI, WI?"
KXECKH276,VDC,-1,etf_leads_kalshi,0.0001014741668034462,2.888879938454117,0.003866166579470949,0.7926625448557549,39,136,300,223.65882015384616,0.532567360488065,"Will Harris win 276-262 - PA, NV, MI, WI?"
KXECKH276,VDC,0,contemp,0.00015843151330657243,2.9835988976951486,0.0028487995361046784,0.7926625448557549,39,136,300,223.65882015384616,0.532567360488065,"Will Harris win 276-262 - PA, NV, MI, WI?"
KXECKH276,VDC,1,kalshi_leads_etf,0.00030194858252742746,3.1091830211206775,0.001876054668874771,0.7926625448557549,39,136,300,223.65882015384616,0.532567360488065,"Will Harris win 276-262 - PA, NV, MI, WI?"
KXECKH276,VDC,2,kalshi_leads_etf,0.00025077436689655355,2.3127380960601283,0.020737043125573718,0.7926625448557549,39,136,300,223.65882015384616,0.532567360488065,"Will Harris win 276-262 - PA, NV, MI, WI?"
KXECKH276,VDC,3,kalshi_leads_etf,0.0005510295411187351,6.418597316619842,1.3753567583474147e-10,0.7926625448557549,39,136,300,223.65882015384616,0.532567360488065,"Will Harris win 276-262 - PA, NV, MI, WI?"
KXECKH276,VDC,4,kalshi_leads_etf,0.0004096815214936021,4.093537886667015,4.248406201732939e-05,0.7926625448557549,39,136,300,223.65882015384616,0.532567360488065,"Will Harris win 276-262 - PA, NV, MI, WI?"
KXECKH276,VDC,5,kalshi_leads_etf,0.0005402100533546257,4.2464159995811634,2.172171634500514e-05,0.7926625448557549,39,136,300,223.65882015384616,0.532567360488065,"Will Harris win 276-262 - PA, NV, MI, WI?"
KXECKH276,VDC,6,kalshi_leads_etf,0.00026762556324455957,2.6329948394568756,0.008463563330248466,0.7926625448557549,39,136,300,223.65882015384616,0.532567360488065,"Will Harris win 276-262 - PA, NV, MI, WI?"
KXECKH276,VDC,7,kalshi_leads_etf,0.00038294157920656816,6.507536997163882,7.63929411265292e-11,0.7926625448557549,39,136,300,223.65882015384616,0.532567360488065,"Will Harris win 276-262 - PA, NV, MI, WI?"
KXECKH276,VDC,8,kalshi_leads_etf,0.00016591184384023744,5.855423485822541,4.757960385457235e-09,0.7926625448557549,39,136,300,223.65882015384616,0.532567360488065,"Will Harris win 276-262 - PA, NV, MI, WI?"
KXECKH276,VDC,9,kalshi_leads_etf,-8.550845851242084e-06,-0.37939607518486135,0.7043937646445976,0.7926625448557549,39,136,300,223.65882015384616,0.532567360488065,"Will Harris win 276-262 - PA, NV, MI, WI?"
KXECKH276,VDC,10,kalshi_leads_etf,9.939406948632088e-05,3.336414424337299,0.0008486655142599546,0.7926625448557549,39,136,300,223.65882015384616,0.532567360488065,"Will Harris win 276-262 - PA, NV, MI, WI?"
AAAGASM-24OCT31-US-3.20,VHT,-10,etf_leads_kalshi,0.00016573603420854045,,,1.0,26,94,300,161.53846153846155,0.5177501210608164,Will average **gas prices** be above $3.20?
AAAGASM-24OCT31-US-3.20,VHT,-9,etf_leads_kalshi,0.00010237942527899868,,,1.0,26,94,300,161.53846153846155,0.5177501210608164,Will average **gas prices** be above $3.20?
AAAGASM-24OCT31-US-3.20,VHT,-8,etf_leads_kalshi,0.00016598108270139087,,,1.0,26,94,300,161.53846153846155,0.5177501210608164,Will average **gas prices** be above $3.20?
AAAGASM-24OCT31-US-3.20,VHT,-7,etf_leads_kalshi,0.0003065343371632786,,,1.0,26,94,300,161.53846153846155,0.5177501210608164,Will average **gas prices** be above $3.20?
AAAGASM-24OCT31-US-3.20,VHT,-6,etf_leads_kalshi,0.00023247734472257522,,,1.0,26,94,300,161.53846153846155,0.5177501210608164,Will average **gas prices** be above $3.20?
AAAGASM-24OCT31-US-3.20,VHT,-5,etf_leads_kalshi,6.368384108418114e-05,,,1.0,26,94,300,161.53846153846155,0.5177501210608164,Will average **gas prices** be above $3.20?
AAAGASM-24OCT31-US-3.20,VHT,-4,etf_leads_kalshi,-0.00013783816874437968,,,1.0,26,94,300,161.53846153846155,0.5177501210608164,Will average **gas prices** be above $3.20?
AAAGASM-24OCT31-US-3.20,VHT,-3,etf_leads_kalshi,-0.0002919399613713214,,,1.0,26,94,300,161.53846153846155,0.5177501210608164,Will average **gas prices** be above $3.20?
AAAGASM-24OCT31-US-3.20,VHT,-2,etf_leads_kalshi,-0.0001567236147676689,,,1.0,26,94,300,161.53846153846155,0.5177501210608164,Will average **gas prices** be above $3.20?
AAAGASM-24OCT31-US-3.20,VHT,-1,etf_leads_kalshi,-4.108304746196354e-05,,,1.0,26,94,300,161.53846153846155,0.5177501210608164,Will average **gas prices** be above $3.20?
AAAGASM-24OCT31-US-3.20,VHT,0,contemp,0.00016099667530526074,,,1.0,26,94,300,161.53846153846155,0.5177501210608164,Will average **gas prices** be above $3.20?
AAAGASM-24OCT31-US-3.20,VHT,1,kalshi_leads_etf,4.399469013438508e-05,,,1.0,26,94,300,161.53846153846155,0.5177501210608164,Will average **gas prices** be above $3.20?
AAAGASM-24OCT31-US-3.20,VHT,2,kalshi_leads_etf,-2.7009123656329325e-05,,,1.0,26,94,300,161.53846153846155,0.5177501210608164,Will average **gas prices** be above $3.20?
AAAGASM-24OCT31-US-3.20,VHT,3,kalshi_leads_etf,-0.0004184441536791638,,,1.0,26,94,300,161.53846153846155,0.5177501210608164,Will average **gas prices** be above $3.20?
AAAGASM-24OCT31-US-3.20,VHT,4,kalshi_leads_etf,2.537537909515612e-05,,,1.0,26,94,300,161.53846153846155,0.5177501210608164,Will average **gas prices** be above $3.20?
AAAGASM-24OCT31-US-3.20,VHT,5,kalshi_leads_etf,0.00021497435924380725,,,1.0,26,94,300,161.53846153846155,0.5177501210608164,Will average **gas prices** be above $3.20?
AAAGASM-24OCT31-US-3.20,VHT,6,kalshi_leads_etf,5.629403481827309e-05,,,1.0,26,94,300,161.53846153846155,0.5177501210608164,Will average **gas prices** be above $3.20?
AAAGASM-24OCT31-US-3.20,VHT,7,kalshi_leads_etf,-0.00011482350887826938,,,1.0,26,94,300,161.53846153846155,0.5177501210608164,Will average **gas prices** be above $3.20?
AAAGASM-24OCT31-US-3.20,VHT,8,kalshi_leads_etf,-6.675919967516653e-05,,,1.0,26,94,300,161.53846153846155,0.5177501210608164,Will average **gas prices** be above $3.20?
AAAGASM-24OCT31-US-3.20,VHT,9,kalshi_leads_etf,-0.00013386513788006296,,,1.0,26,94,300,161.53846153846155,0.5177501210608164,Will average **gas prices** be above $3.20?
AAAGASM-24OCT31-US-3.20,VHT,10,kalshi_leads_etf,0.00018078264474725994,,,1.0,26,94,300,161.53846153846155,0.5177501210608164,Will average **gas prices** be above $3.20?
KXECDJT316,VIS,-10,etf_leads_kalshi,4.36205253459631e-06,0.04517485177548982,0.9639679391565841,0.43966688244672736,55,219,300,174.65285367272728,0.5039225356388715,"Will Trump win 316-222 - AZ, GA, MI, MN, NC, PA, WI?"
KXECDJT316,VIS,-9,etf_leads_kalshi,-3.970127104790839e-05,-0.4544207591560048,0.6495260137193241,0.43966688244672736,55,219,300,174.65285367272728,0.5039225356388715,"Will Trump win 316-222 - AZ, GA, MI, MN, NC, PA, WI?"
KXECDJT316,VIS,-8,etf_leads_kalshi,4.213882884043779e-05,1.06033742184399,0.2889911203338945,0.43966688244672736,55,219,300,174.65285367272728,0.5039225356388715,"Will Trump win 316-222 - AZ, GA, MI, MN, NC, PA, WI?"
KXECDJT316,VIS,-7,etf_leads_kalshi,-1.2364154494034108e-05,-0.19892514286954555,0.8423213013779612,0.43966688244672736,55,219,300,174.65285367272728,0.5039225356388715,"Will Trump win 316-222 - AZ, GA, MI, MN, NC, PA, WI?"
KXECDJT316,VIS,-6,etf_leads_kalshi,3.698083359568822e-05,0.4715092203145501,0.6372771368726318,0.43966688244672736,55,219,300,174.65285367272728,0.5039225356388715,"Will Trump win 316-222 - AZ, GA, MI, MN, NC, PA, WI?"
KXECDJT316,VIS,-5,etf_leads_kalshi,0.00013363518146583867,2.1260054480656003,0.03350280590511642,0.43966688244672736,55,219,300,174.65285367272728,0.5039225356388715,"Will Trump win 316-222 - AZ, GA, MI, MN, NC, PA, WI?"
KXECDJT316,VIS,-4,etf_leads_kalshi,-0.0001996096960951444,-3.2290681855233525,0.0012419427981484456,0.43966688244672736,55,219,300,174.65285367272728,0.5039225356388715,"Will Trump win 316-222 - AZ, GA, MI, MN, NC, PA, WI?"
KXECDJT316,VIS,-3,etf_leads_kalshi,-1.4755524052507864e-05,-0.27186305999584776,0.7857273156335396,0.43966688244672736,55,219,300,174.65285367272728,0.5039225356388715,"Will Trump win 316-222 - AZ, GA, MI, MN, NC, PA, WI?"
KXECDJT316,VIS,-2,etf_leads_kalshi,-3.799161097295755e-05,-0.38975360191160585,0.6967187560699513,0.43966688244672736,55,219,300,174.65285367272728,0.5039225356388715,"Will Trump win 316-222 - AZ, GA, MI, MN, NC, PA, WI?"
KXECDJT316,VIS,-1,etf_leads_kalshi,-0.00013256124928013243,-0.4820416778219674,0.6297763394202107,0.43966688244672736,55,219,300,174.65285367272728,0.5039225356388715,"Will Trump win 316-222 - AZ, GA, MI, MN, NC, PA, WI?"
KXECDJT316,VIS,0,contemp,4.4348175338677655e-05,0.11742742022472892,0.9065213561863049,0.43966688244672736,55,219,300,174.65285367272728,0.5039225356388715,"Will Trump win 316-222 - AZ, GA, MI, MN, NC, PA, WI?"
KXECDJT316,VIS,1,kalshi_leads_etf,5.838215616287534e-06,0.01793151261337187,0.9856934896219086,0.43966688244672736,55,219,300,174.65285367272728,0.5039225356388715,"Will Trump win 316-222 - AZ, GA, MI, MN, NC, PA, WI?"
KXECDJT316,VIS,2,kalshi_leads_etf,-9.514777652790566e-05,-0.44486050256746756,0.656420567736419,0.43966688244672736,55,219,300,174.65285367272728,0.5039225356388715,"Will Trump win 316-222 - AZ, GA, MI, MN, NC, PA, WI?"
KXECDJT316,VIS,3,kalshi_leads_etf,-0.0001401773260102903,-0.7580052274364645,0.44844785331935266,0.43966688244672736,55,219,300,174.65285367272728,0.5039225356388715,"Will Trump win 316-222 - AZ, GA, MI, MN, NC, PA, WI?"
KXECDJT316,VIS,4,kalshi_leads_etf,-7.671271529109093e-05,-0.3198932813276326,0.7490492312036516,0.43966688244672736,55,219,300,174.65285367272728,0.5039225356388715,"Will Trump win 316-222 - AZ, GA, MI, MN, NC, PA, WI?"
KXECDJT316,VIS,5,kalshi_leads_etf,-0.00010660227895727893,-0.5375682337854105,0.5908751658926519,0.43966688244672736,55,219,300,174.65285367272728,0.5039225356388715,"Will Trump win 316-222 - AZ, GA, MI, MN, NC, PA, WI?"
KXECDJT316,VIS,6,kalshi_leads_etf,2.9296814710302828e-05,0.272917162219411,0.7849168936098542,0.43966688244672736,55,219,300,174.65285367272728,0.5039225356388715,"Will Trump win 316-222 - AZ, GA, MI, MN, NC, PA, WI?"
KXECDJT316,VIS,7,kalshi_leads_etf,0.0002305579443890746,4.382898948028823,1.1711044212538367e-05,0.43966688244672736,55,219,300,174.65285367272728,0.5039225356388715,"Will Trump win 316-222 - AZ, GA, MI, MN, NC, PA, WI?"
KXECDJT316,VIS,8,kalshi_leads_etf,0.00019644620911021715,4.236532997981121,2.269975741077074e-05,0.43966688244672736,55,219,300,174.65285367272728,0.5039225356388715,"Will Trump win 316-222 - AZ, GA, MI, MN, NC, PA, WI?"
KXECDJT316,VIS,9,kalshi_leads_etf,0.00019226345289675992,1.8755865041002622,0.06071208101873714,0.43966688244672736,55,219,300,174.65285367272728,0.5039225356388715,"Will Trump win 316-222 - AZ, GA, MI, MN, NC, PA, WI?"
KXECDJT316,VIS,10,kalshi_leads_etf,-4.937531388730082e-05,-0.41850360162724454,0.6755789538158314,0.43966688244672736,55,219,300,174.65285367272728,0.5039225356388715,"Will Trump win 316-222 - AZ, GA, MI, MN, NC, PA, WI?"
KXECDJT316,VDE,-10,etf_leads_kalshi,-0.00019814055262011958,-0.6533096142053482,0.5135566955414296,0.30648903923834525,55,219,300,174.65285367272728,0.492237843550756,"Will Trump win 316-222 - AZ, GA, MI, MN, NC, PA, WI?"
KXECDJT316,VDE,-9,etf_leads_kalshi,9.420126433839113e-05,0.6953624911009015,0.48682816076020763,0.30648903923834525,55,219,300,174.65285367272728,0.492237843550756,"Will Trump win 316-222 - AZ, GA, MI, MN, NC, PA, WI?"
KXECDJT316,VDE,-8,etf_leads_kalshi,-0.00019649483787864875,-0.8334774117090219,0.4045755319939206,0.30648903923834525,55,219,300,174.65285367272728,0.492237843550756,"Will Trump win 316-222 - AZ, GA, MI, MN, NC, PA, WI?"
KXECDJT316,VDE,-7,etf_leads_kalshi,-8.7785034855503e-08,-0.00035516421383285603,0.9997166199631907,0.30648903923834525,55,219,300,174.65285367272728,0.492237843550756,"Will Trump win 316-222 - AZ, GA, MI, MN, NC, PA, WI?"
KXECDJT316,VDE,-6,etf_leads_kalshi,-0.00020501673538411564,-0.5882921701882582,0.5563362001836771,0.30648903923834525,55,219,300,174.65285367272728,0.492237843550756,"Will Trump win 316-222 - AZ, GA, MI, MN, NC, PA, WI?"
KXECDJT316,VDE,-5,etf_leads_kalshi,-0.0002596949512657956,-0.5429565040725238,0.5871597504549545,0.30648903923834525,55,219,300,174.65285367272728,0.492237843550756,"Will Trump win 316-222 - AZ, GA, MI, MN, NC, PA, WI?"
KXECDJT316,VDE,-4,etf_leads_kalshi,-0.000258362294605049,-0.903065212466473,0.36649128553486743,0.30648903923834525,55,219,300,174.65285367272728,0.492237843550756,"Will Trump win 316-222 - AZ, GA, MI, MN, NC, PA, WI?"
KXECDJT316,VDE,-3,etf_leads_kalshi,-0.00033405587301551387,-0.9831143797588574,0.32555114780302874,0.30648903923834525,55,219,300,174.65285367272728,0.492237843550756,"Will Trump win 316-222 - AZ, GA, MI, MN, NC, PA, WI?"
KXECDJT316,VDE,-2,etf_leads_kalshi,-0.00014927981448424247,-0.6055448099693633,0.5448170603547056,0.30648903923834525,55,219,300,174.65285367272728,0.492237843550756,"Will Trump win 316-222 - AZ, GA, MI, MN, NC, PA, WI?"
KXECDJT316,VDE,-1,etf_leads_kalshi,-0.00015617523055454175,-0.5711111125511322,0.5679243262793298,0.30648903923834525,55,219,300,174.65285367272728,0.492237843550756,"Will Trump win 316-222 - AZ, GA, MI, MN, NC, PA, WI?"
KXECDJT316,VDE,0,contemp,-0.00011066313341725545,-1.008449221208548,0.3132388534329099,0.30648903923834525,55,219,300,174.65285367272728,0.492237843550756,"Will Trump win 316-222 - AZ, GA, MI, MN, NC, PA, WI?"
KXECDJT316,VDE,1,kalshi_leads_etf,-6.511197340805283e-05,-1.8441385270771378,0.06516295439265196,0.30648903923834525,55,219,300,174.65285367272728,0.492237843550756,"Will Trump win 316-222 - AZ, GA, MI, MN, NC, PA, WI?"
KXECDJT316,VDE,2,kalshi_leads_etf,-0.0002667530951189835,-1.1904946356069241,0.23385203718752579,0.30648903923834525,55,219,300,174.65285367272728,0.492237843550756,"Will Trump win 316-222 - AZ, GA, MI, MN, NC, PA, WI?"
KXECDJT316,VDE,3,kalshi_leads_etf,-0.00012853904732209318,-1.2888341606116198,0.19745574721978487,0.30648903923834525,55,219,300,174.65285367272728,0.492237843550756,"Will Trump win 316-222 - AZ, GA, MI, MN, NC, PA, WI?"
KXECDJT316,VDE,4,kalshi_leads_etf,8.392432620708555e-05,0.31089504147504543,0.7558804141489744,0.30648903923834525,55,219,300,174.65285367272728,0.492237843550756,"Will Trump win 316-222 - AZ, GA, MI, MN, NC, PA, WI?"
KXECDJT316,VDE,5,kalshi_leads_etf,0.00021031951204727453,0.45992946978222826,0.6455668465426676,0.30648903923834525,55,219,300,174.65285367272728,0.492237843550756,"Will Trump win 316-222 - AZ, GA, MI, MN, NC, PA, WI?"
KXECDJT316,VDE,6,kalshi_leads_etf,3.528297841608393e-05,0.099799196069496,0.920503746308996,0.30648903923834525,55,219,300,174.65285367272728,0.492237843550756,"Will Trump win 316-222 - AZ, GA, MI, MN, NC, PA, WI?"
KXECDJT316,VDE,7,kalshi_leads_etf,0.00014022950451081446,0.8949558644234392,0.37081068173229303,0.30648903923834525,55,219,300,174.65285367272728,0.492237843550756,"Will Trump win 316-222 - AZ, GA, MI, MN, NC, PA, WI?"
KXECDJT316,VDE,8,kalshi_leads_etf,0.00020311357423990505,2.255648032673267,0.02409268253037602,0.30648903923834525,55,219,300,174.65285367272728,0.492237843550756,"Will Trump win 316-222 - AZ, GA, MI, MN, NC, PA, WI?"
KXECDJT316,VDE,9,kalshi_leads_etf,4.0557570711067216e-05,0.32818983823369824,0.7427681306508731,0.30648903923834525,55,219,300,174.65285367272728,0.492237843550756,"Will Trump win 316-222 - AZ, GA, MI, MN, NC, PA, WI?"
KXECDJT316,VDE,10,kalshi_leads_etf,1.73617680166231e-05,0.18520914231756125,0.8530649986146173,0.30648903923834525,55,219,300,174.65285367272728,0.492237843550756,"Will Trump win 316-222 - AZ, GA, MI, MN, NC, PA, WI?"
RATECUT-24SEP18,VOX,-10,etf_leads_kalshi,0.00032697128351155246,1.0616007398334724,0.28841697771853714,0.9037082060446637,35,103,300,198.18028325714286,0.4620130239894225,"Will the Federal Reserve cut rates before September 19, 2024?"
RATECUT-24SEP18,VOX,-9,etf_leads_kalshi,4.985680546355404e-05,0.21097300586648152,0.8329083354633252,0.9037082060446637,35,103,300,198.18028325714286,0.4620130239894225,"Will the Federal Reserve cut rates before September 19, 2024?"
RATECUT-24SEP18,VOX,-8,etf_leads_kalshi,0.00030613911531035965,0.6796447281125946,0.49672944119695617,0.9037082060446637,35,103,300,198.18028325714286,0.4620130239894225,"Will the Federal Reserve cut rates before September 19, 2024?"
RATECUT-24SEP18,VOX,-7,etf_leads_kalshi,0.0002131092532817041,0.24578836741737112,0.8058460623437548,0.9037082060446637,35,103,300,198.18028325714286,0.4620130239894225,"Will the Federal Reserve cut rates before September 19, 2024?"
RATECUT-24SEP18,VOX,-6,etf_leads_kalshi,0.00019632025083248945,0.23289632968267343,0.8158419085759105,0.9037082060446637,35,103,300,198.18028325714286,0.4620130239894225,"Will the Federal Reserve cut rates before September 19, 2024?"
RATECUT-24SEP18,VOX,-5,etf_leads_kalshi,0.00041410828714960173,0.6267045410494647,0.5308529266553363,0.9037082060446637,35,103,300,198.18028325714286,0.4620130239894225,"Will the Federal Reserve cut rates before September 19, 2024?"
RATECUT-24SEP18,VOX,-4,etf_leads_kalshi,0.0004291760694418514,0.5070915493947447,0.612090584125056,0.9037082060446637,35,103,300,198.18028325714286,0.4620130239894225,"Will the Federal Reserve cut rates before September 19, 2024?"
RATECUT-24SEP18,VOX,-3,etf_leads_kalshi,0.0007237218365144065,0.7237384346533866,0.4692263322886694,0.9037082060446637,35,103,300,198.18028325714286,0.4620130239894225,"Will the Federal Reserve cut rates before September 19, 2024?"
RATECUT-24SEP18,VOX,-2,etf_leads_kalshi,0.0013594860009981716,1.0739661762036232,0.28283784144464574,0.9037082060446637,35,103,300,198.18028325714286,0.4620130239894225,"Will the Federal Reserve cut rates before September 19, 2024?"
RATECUT-24SEP18,VOX,-1,etf_leads_kalshi,0.0012620234020370136,0.8943473108111517,0.37113609401054115,0.9037082060446637,35,103,300,198.18028325714286,0.4620130239894225,"Will the Federal Reserve cut rates before September 19, 2024?"
RATECUT-24SEP18,VOX,0,contemp,0.001149688088136241,0.7140671035395678,0.4751856865066554,0.9037082060446637,35,103,300,198.18028325714286,0.4620130239894225,"Will the Federal Reserve cut rates before September 19, 2024?"
RATECUT-24SEP18,VOX,1,kalshi_leads_etf,0.0021385605978053194,1.3134401380858238,0.1890346798411483,0.9037082060446637,35,103,300,198.18028325714286,0.4620130239894225,"Will the Federal Reserve cut rates before September 19, 2024?"
RATECUT-24SEP18,VOX,2,kalshi_leads_etf,0.0022875452956878273,1.1471857516254251,0.25130485905077204,0.9037082060446637,35,103,300,198.18028325714286,0.4620130239894225,"Will the Federal Reserve cut rates before September 19, 2024?"
RATECUT-24SEP18,VOX,3,kalshi_leads_etf,0.002776313195232105,1.4230267712454,0.15472839469742145,0.9037082060446637,35,103,300,198.18028325714286,0.4620130239894225,"Will the Federal Reserve cut rates before September 19, 2024?"
RATECUT-24SEP18,VOX,4,kalshi_leads_etf,0.0029093930071906015,1.5459631291066067,0.12211347272034549,0.9037082060446637,35,103,300,198.18028325714286,0.4620130239894225,"Will the Federal Reserve cut rates before September 19, 2024?"
RATECUT-24SEP18,VOX,5,kalshi_leads_etf,0.0026407219096786926,1.5331624217729989,0.12523584064011045,0.9037082060446637,35,103,300,198.18028325714286,0.4620130239894225,"Will the Federal Reserve cut rates before September 19, 2024?"
RATECUT-24SEP18,VOX,6,kalshi_leads_etf,0.0024250702399447456,1.7064948435035443,0.08791598556460181,0.9037082060446637,35,103,300,198.18028325714286,0.4620130239894225,"Will the Federal Reserve cut rates before September 19, 2024?"
RATECUT-24SEP18,VOX,7,kalshi_leads_etf,0.0014635840594308081,1.3947909003106338,0.16307890375384493,0.9037082060446637,35,103,300,198.18028325714286,0.4620130239894225,"Will the Federal Reserve cut rates before September 19, 2024?"
RATECUT-24SEP18,VOX,8,kalshi_leads_etf,0.0011946125715090233,1.1626226206791743,0.24498264883600185,0.9037082060446637,35,103,300,198.18028325714286,0.4620130239894225,"Will the Federal Reserve cut rates before September 19, 2024?"
RATECUT-24SEP18,VOX,9,kalshi_leads_etf,0.0009844964786755376,1.4765349497662812,0.139800340038886,0.9037082060446637,35,103,300,198.18028325714286,0.4620130239894225,"Will the Federal Reserve cut rates before September 19, 2024?"
RATECUT-24SEP18,VOX,10,kalshi_leads_etf,0.00022587430081827216,0.44998130934218333,0.6527239176046935,0.9037082060446637,35,103,300,198.18028325714286,0.4620130239894225,"Will the Federal Reserve cut rates before September 19, 2024?"
KXECKH276,VAW,-10,etf_leads_kalshi,-8.739946527661344e-05,-1.113665404820814,0.265422756029869,0.5381918734972971,39,136,300,223.65882015384616,0.4430827720119678,"Will Harris win 276-262 - PA, NV, MI, WI?"
KXECKH276,VAW,-9,etf_leads_kalshi,-5.752780874472994e-06,-0.09732865193608956,0.9224654030559553,0.5381918734972971,39,136,300,223.65882015384616,0.4430827720119678,"Will Harris win 276-262 - PA, NV, MI, WI?"
KXECKH276,VAW,-8,etf_leads_kalshi,-4.731502523399883e-05,-2.2264227949274957,0.02598587503447395,0.5381918734972971,39,136,300,223.65882015384616,0.4430827720119678,"Will Harris win 276-262 - PA, NV, MI, WI?"
KXECKH276,VAW,-7,etf_leads_kalshi,-0.0001091994686116388,-2.46270569328592,0.013789305225612192,0.5381918734972971,39,136,300,223.65882015384616,0.4430827720119678,"Will Harris win 276-262 - PA, NV, MI, WI?"
KXECKH276,VAW,-6,etf_leads_kalshi,-5.7535252403963924e-05,-0.7297005410244215,0.4655732503501113,0.5381918734972971,39,136,300,223.65882015384616,0.4430827720119678,"Will Harris win 276-262 - PA, NV, MI, WI?"
KXECKH276,VAW,-5,etf_leads_kalshi,-4.036374424552966e-05,-0.6284852221698048,0.529686124457619,0.5381918734972971,39,136,300,223.65882015384616,0.4430827720119678,"Will Harris win 276-262 - PA, NV, MI, WI?"
KXECKH276,VAW,-4,etf_leads_kalshi,0.0001086454095319048,6.07700208028023,1.2245017489459043e-09,0.5381918734972971,39,136,300,223.65882015384616,0.4430827720119678,"Will Harris win 276-262 - PA, NV, MI, WI?"
KXECKH276,VAW,-3,etf_leads_kalshi,0.00019108720220766228,3.447231853646952,0.0005663623110847481,0.5381918734972971,39,136,300,223.65882015384616,0.4430827720119678,"Will Harris win 276-262 - PA, NV, MI, WI?"
KXECKH276,VAW,-2,etf_leads_kalshi,0.00012706493272058404,4.357663768174611,1.3145812815731378e-05,0.5381918734972971,39,136,300,223.65882015384616,0.4430827720119678,"Will Harris win 276-262 - PA, NV, MI, WI?"
KXECKH276,VAW,-1,etf_leads_kalshi,-7.325515109107989e-05,-0.5908967986284492,0.5545895711451005,0.5381918734972971,39,136,300,223.65882015384616,0.4430827720119678,"Will Harris win 276-262 - PA, NV, MI, WI?"
KXECKH276,VAW,0,contemp,-2.1286742859668513e-05,-0.134333274084378,0.8931390427712336,0.5381918734972971,39,136,300,223.65882015384616,0.4430827720119678,"Will Harris win 276-262 - PA, NV, MI, WI?"
KXECKH276,VAW,1,kalshi_leads_etf,1.0424317469970802e-05,0.0444425942087693,0.9645516099029711,0.5381918734972971,39,136,300,223.65882015384616,0.4430827720119678,"Will Harris win 276-262 - PA, NV, MI, WI?"
KXECKH276,VAW,2,kalshi_leads_etf,-4.7507449030181416e-05,-0.18507550082621455,0.8531698171461521,0.5381918734972971,39,136,300,223.65882015384616,0.4430827720119678,"Will Harris win 276-262 - PA, NV, MI, WI?"
KXECKH276,VAW,3,kalshi_leads_etf,-0.00015088679562438745,-1.123367575469784,0.2612814148102123,0.5381918734972971,39,136,300,223.65882015384616,0.4430827720119678,"Will Harris win 276-262 - PA, NV, MI, WI?"
KXECKH276,VAW,4,kalshi_leads_etf,0.0001351253408010462,0.8340073023144535,0.4042768689288715,0.5381918734972971,39,136,300,223.65882015384616,0.4430827720119678,"Will Harris win 276-262 - PA, NV, MI, WI?"
KXECKH276,VAW,5,kalshi_leads_etf,-4.6359441667697804e-05,-0.35138058065515076,0.7253028491327141,0.5381918734972971,39,136,300,223.65882015384616,0.4430827720119678,"Will Harris win 276-262 - PA, NV, MI, WI?"
KXECKH276,VAW,6,kalshi_leads_etf,8.549551581943786e-05,0.3649608944554674,0.7151405974533773,0.5381918734972971,39,136,300,223.65882015384616,0.4430827720119678,"Will Harris win 276-262 - PA, NV, MI, WI?"
KXECKH276,VAW,7,kalshi_leads_etf,0.00019886101360734067,2.3750230466739444,0.017547854494969095,0.5381918734972971,39,136,300,223.65882015384616,0.4430827720119678,"Will Harris win 276-262 - PA, NV, MI, WI?"
KXECKH276,VAW,8,kalshi_leads_etf,6.453292419810686e-05,0.4613099024744742,0.6445762814199552,0.5381918734972971,39,136,300,223.65882015384616,0.4430827720119678,"Will Harris win 276-262 - PA, NV, MI, WI?"
KXECKH276,VAW,9,kalshi_leads_etf,-4.214927182803533e-05,-0.30314589622269156,0.7617786785851107,0.5381918734972971,39,136,300,223.65882015384616,0.4430827720119678,"Will Harris win 276-262 - PA, NV, MI, WI?"
KXECKH276,VAW,10,kalshi_leads_etf,-5.0069368495422196e-05,-0.385621544027537,0.6997769752389565,0.5381918734972971,39,136,300,223.65882015384616,0.4430827720119678,"Will Harris win 276-262 - PA, NV, MI, WI?"
KXECDJT281,VNQ,-10,etf_leads_kalshi,7.414846735842165e-06,0.44445944142709415,0.6567104460660866,0.16879314502014797,285,923,300,123.94936076842104,0.4303337624527567,"Will Trump win 281-257 - AZ, GA, NC, PA?"
KXECDJT281,VNQ,-9,etf_leads_kalshi,1.5215783151801334e-05,0.3910047663313067,0.6957937127481282,0.16879314502014797,285,923,300,123.94936076842104,0.4303337624527567,"Will Trump win 281-257 - AZ, GA, NC, PA?"
KXECDJT281,VNQ,-8,etf_leads_kalshi,2.0958660523073853e-05,0.7965638658419535,0.42570437014426066,0.16879314502014797,285,923,300,123.94936076842104,0.4303337624527567,"Will Trump win 281-257 - AZ, GA, NC, PA?"
KXECDJT281,VNQ,-7,etf_leads_kalshi,0.00010437430079134844,5.348381290475223,8.874435316723195e-08,0.16879314502014797,285,923,300,123.94936076842104,0.4303337624527567,"Will Trump win 281-257 - AZ, GA, NC, PA?"
KXECDJT281,VNQ,-6,etf_leads_kalshi,7.513054027077488e-05,5.635907811847468,1.741385225629965e-08,0.16879314502014797,285,923,300,123.94936076842104,0.4303337624527567,"Will Trump win 281-257 - AZ, GA, NC, PA?"
KXECDJT281,VNQ,-5,etf_leads_kalshi,6.183622703651295e-06,0.1182740252281813,0.9058505377862384,0.16879314502014797,285,923,300,123.94936076842104,0.4303337624527567,"Will Trump win 281-257 - AZ, GA, NC, PA?"
KXECDJT281,VNQ,-4,etf_leads_kalshi,1.8146179656337843e-05,1.096838153894629,0.27271214820614986,0.16879314502014797,285,923,300,123.94936076842104,0.4303337624527567,"Will Trump win 281-257 - AZ, GA, NC, PA?"
KXECDJT281,VNQ,-3,etf_leads_kalshi,6.295946113760997e-05,1.1233675428409224,0.26128142866219695,0.16879314502014797,285,923,300,123.94936076842104,0.4303337624527567,"Will Trump win 281-257 - AZ, GA, NC, PA?"
KXECDJT281,VNQ,-2,etf_leads_kalshi,8.2992091271596e-05,2.802330426809838,0.005073488037778075,0.16879314502014797,285,923,300,123.94936076842104,0.4303337624527567,"Will Trump win 281-257 - AZ, GA, NC, PA?"
KXECDJT281,VNQ,-1,etf_leads_kalshi,7.84344671785491e-05,1.9725359228713728,0.04854845966045743,0.16879314502014797,285,923,300,123.94936076842104,0.4303337624527567,"Will Trump win 281-257 - AZ, GA, NC, PA?"
KXECDJT281,VNQ,0,contemp,0.00010390946129918647,17.361574659870783,1.612398181716796e-67,0.16879314502014797,285,923,300,123.94936076842104,0.4303337624527567,"Will Trump win 281-257 - AZ, GA, NC, PA?"
KXECDJT281,VNQ,1,kalshi_leads_etf,0.00013720918731630755,3.5360351755025423,0.0004061806059805915,0.16879314502014797,285,923,300,123.94936076842104,0.4303337624527567,"Will Trump win 281-257 - AZ, GA, NC, PA?"
KXECDJT281,VNQ,2,kalshi_leads_etf,0.00010494425083119679,2.5974031660857766,0.009393160088157772,0.16879314502014797,285,923,300,123.94936076842104,0.4303337624527567,"Will Trump win 281-257 - AZ, GA, NC, PA?"
KXECDJT281,VNQ,3,kalshi_leads_etf,1.2484359425895677e-05,0.3018269809314336,0.76278396170028,0.16879314502014797,285,923,300,123.94936076842104,0.4303337624527567,"Will Trump win 281-257 - AZ, GA, NC, PA?"
KXECDJT281,VNQ,4,kalshi_leads_etf,4.425934502243336e-05,0.9676492948508069,0.3332195493842933,0.16879314502014797,285,923,300,123.94936076842104,0.4303337624527567,"Will Trump win 281-257 - AZ, GA, NC, PA?"
KXECDJT281,VNQ,5,kalshi_leads_etf,-2.3441108377232954e-05,-3.6254649399663257,0.00028844202953253725,0.16879314502014797,285,923,300,123.94936076842104,0.4303337624527567,"Will Trump win 281-257 - AZ, GA, NC, PA?"
KXECDJT281,VNQ,6,kalshi_leads_etf,-7.015723192943458e-06,-0.43543602605818965,0.6632459654005787,0.16879314502014797,285,923,300,123.94936076842104,0.4303337624527567,"Will Trump win 281-257 - AZ, GA, NC, PA?"
KXECDJT281,VNQ,7,kalshi_leads_etf,-2.7472702531373476e-05,-1.313794949453262,0.1889152177115001,0.16879314502014797,285,923,300,123.94936076842104,0.4303337624527567,"Will Trump win 281-257 - AZ, GA, NC, PA?"
KXECDJT281,VNQ,8,kalshi_leads_etf,5.3328316681486524e-05,9.186577643123833,4.0553841403517667e-20,0.16879314502014797,285,923,300,123.94936076842104,0.4303337624527567,"Will Trump win 281-257 - AZ, GA, NC, PA?"
KXECDJT281,VNQ,9,kalshi_leads_etf,-1.6681935160209024e-05,-0.49535832784066497,0.6203472049271117,0.16879314502014797,285,923,300,123.94936076842104,0.4303337624527567,"Will Trump win 281-257 - AZ, GA, NC, PA?"
KXECDJT281,VNQ,10,kalshi_leads_etf,-1.1351669990779448e-05,-0.6279337758238897,0.5300473236547578,0.16879314502014797,285,923,300,123.94936076842104,0.4303337624527567,"Will Trump win 281-257 - AZ, GA, NC, PA?"
FEDDECISION-24SEP-C25,VOX,-10,etf_leads_kalshi,-1.968365832938752e-06,-0.20438694121089765,0.8380511342036665,0.034864779595696116,1029,1823,300,96.88683416715257,0.4259019059689291,Will the Federal Reserve Cut rates by 25bps at their September 2024 meeting?
FEDDECISION-24SEP-C25,VOX,-9,etf_leads_kalshi,-1.028133221974699e-05,-0.8786174343191208,0.3796087395854335,0.034864779595696116,1029,1823,300,96.88683416715257,0.4259019059689291,Will the Federal Reserve Cut rates by 25bps at their September 2024 meeting?
FEDDECISION-24SEP-C25,VOX,-8,etf_leads_kalshi,-6.600063220648759e-06,-0.4175607706133591,0.676268283896582,0.034864779595696116,1029,1823,300,96.88683416715257,0.4259019059689291,Will the Federal Reserve Cut rates by 25bps at their September 2024 meeting?
FEDDECISION-24SEP-C25,VOX,-7,etf_leads_kalshi,-1.5794169965311185e-05,-1.2243678166340526,0.2208135044024061,0.034864779595696116,1029,1823,300,96.88683416715257,0.4259019059689291,Will the Federal Reserve Cut rates by 25bps at their September 2024 meeting?
FEDDECISION-24SEP-C25,VOX,-6,etf_leads_kalshi,-2.0439623034697274e-05,-1.2772147227585777,0.20152645056230956,0.034864779595696116,1029,1823,300,96.88683416715257,0.4259019059689291,Will the Federal Reserve Cut rates by 25bps at their September 2024 meeting?
FEDDECISION-24SEP-C25,VOX,-5,etf_leads_kalshi,-1.2585183531450834e-05,-1.0787187902389934,0.28071310659946147,0.034864779595696116,1029,1823,300,96.88683416715257,0.4259019059689291,Will the Federal Reserve Cut rates by 25bps at their September 2024 meeting?
FEDDECISION-24SEP-C25,VOX,-4,etf_leads_kalshi,2.1131598252659313e-06,0.21388815624531213,0.8306342764649005,0.034864779595696116,1029,1823,300,96.88683416715257,0.4259019059689291,Will the Federal Reserve Cut rates by 25bps at their September 2024 meeting?
FEDDECISION-24SEP-C25,VOX,-3,etf_leads_kalshi,6.591910411777468e-07,0.07403315235266887,0.9409840058700413,0.034864779595696116,1029,1823,300,96.88683416715257,0.4259019059689291,Will the Federal Reserve Cut rates by 25bps at their September 2024 meeting?
FEDDECISION-24SEP-C25,VOX,-2,etf_leads_kalshi,-5.33233435058283e-06,-0.374832732904771,0.7077848687982993,0.034864779595696116,1029,1823,300,96.88683416715257,0.4259019059689291,Will the Federal Reserve Cut rates by 25bps at their September 2024 meeting?
FEDDECISION-24SEP-C25,VOX,-1,etf_leads_kalshi,-2.7100764295640683e-05,-0.6499999269781938,0.5156922687797807,0.034864779595696116,1029,1823,300,96.88683416715257,0.4259019059689291,Will the Federal Reserve Cut rates by 25bps at their September 2024 meeting?
FEDDECISION-24SEP-C25,VOX,0,contemp,-2.873024642109372e-05,-0.7146538887379551,0.4748229371918874,0.034864779595696116,1029,1823,300,96.88683416715257,0.4259019059689291,Will the Federal Reserve Cut rates by 25bps at their September 2024 meeting?
FEDDECISION-24SEP-C25,VOX,1,kalshi_leads_etf,-8.396682378269084e-06,-0.4638975156469225,0.6427211728399697,0.034864779595696116,1029,1823,300,96.88683416715257,0.4259019059689291,Will the Federal Reserve Cut rates by 25bps at their September 2024 meeting?
FEDDECISION-24SEP-C25,VOX,2,kalshi_leads_etf,5.065608748798891e-07,0.054085780532062894,0.956866821156569,0.034864779595696116,1029,1823,300,96.88683416715257,0.4259019059689291,Will the Federal Reserve Cut rates by 25bps at their September 2024 meeting?
FEDDECISION-24SEP-C25,VOX,3,kalshi_leads_etf,1.8309533085909536e-05,0.8849296973643229,0.3761945497637219,0.034864779595696116,1029,1823,300,96.88683416715257,0.4259019059689291,Will the Federal Reserve Cut rates by 25bps at their September 2024 meeting?
FEDDECISION-24SEP-C25,VOX,4,kalshi_leads_etf,1.217097217653614e-05,0.6356988190993044,0.5249727462534539,0.034864779595696116,1029,1823,300,96.88683416715257,0.4259019059689291,Will the Federal Reserve Cut rates by 25bps at their September 2024 meeting?
FEDDECISION-24SEP-C25,VOX,5,kalshi_leads_etf,-7.858636186418738e-07,-0.07906378243735056,0.9369818907285025,0.034864779595696116,1029,1823,300,96.88683416715257,0.4259019059689291,Will the Federal Reserve Cut rates by 25bps at their September 2024 meeting?
FEDDECISION-24SEP-C25,VOX,6,kalshi_leads_etf,-2.6648413061192655e-05,-0.8208019617336872,0.4117590810048314,0.034864779595696116,1029,1823,300,96.88683416715257,0.4259019059689291,Will the Federal Reserve Cut rates by 25bps at their September 2024 meeting?
FEDDECISION-24SEP-C25,VOX,7,kalshi_leads_etf,-3.7903855059433725e-05,-1.7046123297460796,0.08826675028222253,0.034864779595696116,1029,1823,300,96.88683416715257,0.4259019059689291,Will the Federal Reserve Cut rates by 25bps at their September 2024 meeting?
FEDDECISION-24SEP-C25,VOX,8,kalshi_leads_etf,-1.632340646394898e-05,-1.366359339836726,0.1718262042806361,0.034864779595696116,1029,1823,300,96.88683416715257,0.4259019059689291,Will the Federal Reserve Cut rates by 25bps at their September 2024 meeting?
FEDDECISION-24SEP-C25,VOX,9,kalshi_leads_etf,4.779786972933882e-06,0.38721274114889803,0.6985987183977775,0.034864779595696116,1029,1823,300,96.88683416715257,0.4259019059689291,Will the Federal Reserve Cut rates by 25bps at their September 2024 meeting?
FEDDECISION-24SEP-C25,VOX,10,kalshi_leads_etf,5.785464797212298e-06,0.5717684382776252,0.5674788622056686,0.034864779595696116,1029,1823,300,96.88683416715257,0.4259019059689291,Will the Federal Reserve Cut rates by 25bps at their September 2024 meeting?
FEDDECISION-24SEP-C25,VPU,-10,etf_leads_kalshi,-3.427058747796961e-06,-0.4129617793456354,0.6796346166382562,0.03600959096456868,1029,1823,300,96.88683416715257,0.4196610274034253,Will the Federal Reserve Cut rates by 25bps at their September 2024 meeting?
FEDDECISION-24SEP-C25,VPU,-9,etf_leads_kalshi,4.72901526083478e-06,0.5468593140513006,0.5844753895174379,0.03600959096456868,1029,1823,300,96.88683416715257,0.4196610274034253,Will the Federal Reserve Cut rates by 25bps at their September 2024 meeting?
FEDDECISION-24SEP-C25,VPU,-8,etf_leads_kalshi,2.3002238862626948e-05,1.9507846185394382,0.051082672335649074,0.03600959096456868,1029,1823,300,96.88683416715257,0.4196610274034253,Will the Federal Reserve Cut rates by 25bps at their September 2024 meeting?
FEDDECISION-24SEP-C25,VPU,-7,etf_leads_kalshi,9.662215341542837e-06,1.608088693189403,0.10781575518723142,0.03600959096456868,1029,1823,300,96.88683416715257,0.4196610274034253,Will the Federal Reserve Cut rates by 25bps at their September 2024 meeting?
FEDDECISION-24SEP-C25,VPU,-6,etf_leads_kalshi,-7.287708231694494e-07,-0.10705213504224932,0.9147476195718398,0.03600959096456868,1029,1823,300,96.88683416715257,0.4196610274034253,Will the Federal Reserve Cut rates by 25bps at their September 2024 meeting?
FEDDECISION-24SEP-C25,VPU,-5,etf_leads_kalshi,-6.319803273930488e-06,-0.43471090841682397,0.6637722794434664,0.03600959096456868,1029,1823,300,96.88683416715257,0.4196610274034253,Will the Federal Reserve Cut rates by 25bps at their September 2024 meeting?
FEDDECISION-24SEP-C25,VPU,-4,etf_leads_kalshi,6.85658898593163e-06,0.5022072285756887,0.6155217587041324,0.03600959096456868,1029,1823,300,96.88683416715257,0.4196610274034253,Will the Federal Reserve Cut rates by 25bps at their September 2024 meeting?
FEDDECISION-24SEP-C25,VPU,-3,etf_leads_kalshi,1.405757730415736e-06,0.11730586963713678,0.9066176738491696,0.03600959096456868,1029,1823,300,96.88683416715257,0.4196610274034253,Will the Federal Reserve Cut rates by 25bps at their September 2024 meeting?
FEDDECISION-24SEP-C25,VPU,-2,etf_leads_kalshi,-1.159215577506927e-05,-1.0110816626224004,0.3119773461793761,0.03600959096456868,1029,1823,300,96.88683416715257,0.4196610274034253,Will the Federal Reserve Cut rates by 25bps at their September 2024 meeting?
FEDDECISION-24SEP-C25,VPU,-1,etf_leads_kalshi,-3.65907038365043e-05,-1.2301241545819188,0.21865061613111636,0.03600959096456868,1029,1823,300,96.88683416715257,0.4196610274034253,Will the Federal Reserve Cut rates by 25bps at their September 2024 meeting?
FEDDECISION-24SEP-C25,VPU,0,contemp,-3.228548553322909e-05,-1.3485367580118197,0.17748580583065499,0.03600959096456868,1029,1823,300,96.88683416715257,0.4196610274034253,Will the Federal Reserve Cut rates by 25bps at their September 2024 meeting?
FEDDECISION-24SEP-C25,VPU,1,kalshi_leads_etf,-1.90894373917722e-05,-1.5316350867744684,0.1256125091332092,0.03600959096456868,1029,1823,300,96.88683416715257,0.4196610274034253,Will the Federal Reserve Cut rates by 25bps at their September 2024 meeting?
FEDDECISION-24SEP-C25,VPU,2,kalshi_leads_etf,-2.8049753206545683e-05,-1.068380878136488,0.28534873898904034,0.03600959096456868,1029,1823,300,96.88683416715257,0.4196610274034253,Will the Federal Reserve Cut rates by 25bps at their September 2024 meeting?
FEDDECISION-24SEP-C25,VPU,3,kalshi_leads_etf,-5.985643254523678e-06,-0.35048586921932706,0.7259740931964175,0.03600959096456868,1029,1823,300,96.88683416715257,0.4196610274034253,Will the Federal Reserve Cut rates by 25bps at their September 2024 meeting?
FEDDECISION-24SEP-C25,VPU,4,kalshi_leads_etf,5.92688808469332e-06,0.3621412773085742,0.7172464592250507,0.03600959096456868,1029,1823,300,96.88683416715257,0.4196610274034253,Will the Federal Reserve Cut rates by 25bps at their September 2024 meeting?
FEDDECISION-24SEP-C25,VPU,5,kalshi_leads_etf,3.920237577025822e-07,0.03157585867147723,0.9748102957769728,0.03600959096456868,1029,1823,300,96.88683416715257,0.4196610274034253,Will the Federal Reserve Cut rates by 25bps at their September 2024 meeting?
FEDDECISION-24SEP-C25,VPU,6,kalshi_leads_etf,-2.3539104916040637e-06,-0.20953644495128976,0.8340294878177158,0.03600959096456868,1029,1823,300,96.88683416715257,0.4196610274034253,Will the Federal Reserve Cut rates by 25bps at their September 2024 meeting?
FEDDECISION-24SEP-C25,VPU,7,kalshi_leads_etf,-8.632169367222671e-06,-0.954401538404939,0.33988042783910055,0.03600959096456868,1029,1823,300,96.88683416715257,0.4196610274034253,Will the Federal Reserve Cut rates by 25bps at their September 2024 meeting?
FEDDECISION-24SEP-C25,VPU,8,kalshi_leads_etf,5.928130015721138e-06,0.9082031332332208,0.3637709090083867,0.03600959096456868,1029,1823,300,96.88683416715257,0.4196610274034253,Will the Federal Reserve Cut rates by 25bps at their September 2024 meeting?
FEDDECISION-24SEP-C25,VPU,9,kalshi_leads_etf,1.0048277413879572e-05,1.391263279659476,0.16414560453769556,0.03600959096456868,1029,1823,300,96.88683416715257,0.4196610274034253,Will the Federal Reserve Cut rates by 25bps at their September 2024 meeting?
FEDDECISION-24SEP-C25,VPU,10,kalshi_leads_etf,4.4635331464356725e-06,0.6136387852526801,0.5394540478861756,0.03600959096456868,1029,1823,300,96.88683416715257,0.4196610274034253,Will the Federal Reserve Cut rates by 25bps at their September 2024 meeting?
RATECUT-24SEP18,VGT,-10,etf_leads_kalshi,0.0003319207936405392,0.8627953266676829,0.38825000908107254,0.9074879234422457,35,103,300,198.18028325714286,0.4188652374430102,"Will the Federal Reserve cut rates before September 19, 2024?"
RATECUT-24SEP18,VGT,-9,etf_leads_kalshi,0.0005550850633316719,1.9588707389303095,0.05012792661312233,0.9074879234422457,35,103,300,198.18028325714286,0.4188652374430102,"Will the Federal Reserve cut rates before September 19, 2024?"
RATECUT-24SEP18,VGT,-8,etf_leads_kalshi,0.001185770266047498,2.3642479243255297,0.01806671759727118,0.9074879234422457,35,103,300,198.18028325714286,0.4188652374430102,"Will the Federal Reserve cut rates before September 19, 2024?"
RATECUT-24SEP18,VGT,-7,etf_leads_kalshi,0.0014666379450087373,1.6297430899236416,0.10315580620787183,0.9074879234422457,35,103,300,198.18028325714286,0.4188652374430102,"Will the Federal Reserve cut rates before September 19, 2024?"
RATECUT-24SEP18,VGT,-6,etf_leads_kalshi,0.0023830392574757165,2.251818879808889,0.02433372008920888,0.9074879234422457,35,103,300,198.18028325714286,0.4188652374430102,"Will the Federal Reserve cut rates before September 19, 2024?"
RATECUT-24SEP18,VGT,-5,etf_leads_kalshi,0.0033446045186479386,3.2246838414868684,0.001261118560117428,0.9074879234422457,35,103,300,198.18028325714286,0.4188652374430102,"Will the Federal Reserve cut rates before September 19, 2024?"
RATECUT-24SEP18,VGT,-4,etf_leads_kalshi,0.0035444314836300997,2.877804186482382,0.004004536238933259,0.9074879234422457,35,103,300,198.18028325714286,0.4188652374430102,"Will the Federal Reserve cut rates before September 19, 2024?"
RATECUT-24SEP18,VGT,-3,etf_leads_kalshi,0.004594924847205707,3.705306930554055,0.00021113490493853974,0.9074879234422457,35,103,300,198.18028325714286,0.4188652374430102,"Will the Federal Reserve cut rates before September 19, 2024?"
RATECUT-24SEP18,VGT,-2,etf_leads_kalshi,0.005479172264957525,3.798251371197302,0.00014572050067013687,0.9074879234422457,35,103,300,198.18028325714286,0.4188652374430102,"Will the Federal Reserve cut rates before September 19, 2024?"
RATECUT-24SEP18,VGT,-1,etf_leads_kalshi,0.005746587160821425,3.4639890102687323,0.0005322282537711444,0.9074879234422457,35,103,300,198.18028325714286,0.4188652374430102,"Will the Federal Reserve cut rates before September 19, 2024?"
RATECUT-24SEP18,VGT,0,contemp,0.005858842942264063,3.1581065437141236,0.0015879750912680631,0.9074879234422457,35,103,300,198.18028325714286,0.4188652374430102,"Will the Federal Reserve cut rates before September 19, 2024?"
RATECUT-24SEP18,VGT,1,kalshi_leads_etf,0.007525040008861326,3.8300293010632713,0.0001281280013185479,0.9074879234422457,35,103,300,198.18028325714286,0.4188652374430102,"Will the Federal Reserve cut rates before September 19, 2024?"
RATECUT-24SEP18,VGT,2,kalshi_leads_etf,0.007942407174586948,3.853694466114696,0.00011634877197539994,0.9074879234422457,35,103,300,198.18028325714286,0.4188652374430102,"Will the Federal Reserve cut rates before September 19, 2024?"
RATECUT-24SEP18,VGT,3,kalshi_leads_etf,0.008619730352329335,4.109614485251881,3.9632019466733356e-05,0.9074879234422457,35,103,300,198.18028325714286,0.4188652374430102,"Will the Federal Reserve cut rates before September 19, 2024?"
RATECUT-24SEP18,VGT,4,kalshi_leads_etf,0.00844028381159575,4.481388366995329,7.4159020346643965e-06,0.9074879234422457,35,103,300,198.18028325714286,0.4188652374430102,"Will the Federal Reserve cut rates before September 19, 2024?"
RATECUT-24SEP18,VGT,5,kalshi_leads_etf,0.006997509293062296,4.469173810207935,7.852230577562723e-06,0.9074879234422457,35,103,300,198.18028325714286,0.4188652374430102,"Will the Federal Reserve cut rates before September 19, 2024?"
RATECUT-24SEP18,VGT,6,kalshi_leads_etf,0.005542579999649961,4.132399084623303,3.58996398705122e-05,0.9074879234422457,35,103,300,198.18028325714286,0.4188652374430102,"Will the Federal Reserve cut rates before September 19, 2024?"
RATECUT-24SEP18,VGT,7,kalshi_leads_etf,0.003402013545643469,3.564541726500233,0.0003644924658679494,0.9074879234422457,35,103,300,198.18028325714286,0.4188652374430102,"Will the Federal Reserve cut rates before September 19, 2024?"
RATECUT-24SEP18,VGT,8,kalshi_leads_etf,0.002367786428277725,2.3699050732729856,0.01779265280829582,0.9074879234422457,35,103,300,198.18028325714286,0.4188652374430102,"Will the Federal Reserve cut rates before September 19, 2024?"
RATECUT-24SEP18,VGT,9,kalshi_leads_etf,0.00230968877329557,3.598966417315634,0.00031948443877605074,0.9074879234422457,35,103,300,198.18028325714286,0.4188652374430102,"Will the Federal Reserve cut rates before September 19, 2024?"
RATECUT-24SEP18,VGT,10,kalshi_leads_etf,0.0004160463620033162,0.5640334383203356,0.5727313755750478,0.9074879234422457,35,103,300,198.18028325714286,0.4188652374430102,"Will the Federal Reserve cut rates before September 19, 2024?"
KX538APPROVEMIN-24NOV30-T37,VFH,-10,etf_leads_kalshi,-0.00021471568901656205,-0.9597796323304717,0.3371661352191174,0.7380350510837305,40,179,300,150.471725025,0.3994368789896889,"Will the President's approval rating ever get below 37% by Nov 30, 2024?"
KX538APPROVEMIN-24NOV30-T37,VFH,-9,etf_leads_kalshi,-0.0003233572900220784,-1.417199977432775,0.15642446839532018,0.7380350510837305,40,179,300,150.471725025,0.3994368789896889,"Will the President's approval rating ever get below 37% by Nov 30, 2024?"
KX538APPROVEMIN-24NOV30-T37,VFH,-8,etf_leads_kalshi,-0.00015334608603524897,-1.1632640351569472,0.24472239279472907,0.7380350510837305,40,179,300,150.471725025,0.3994368789896889,"Will the President's approval rating ever get below 37% by Nov 30, 2024?"
KX538APPROVEMIN-24NOV30-T37,VFH,-7,etf_leads_kalshi,-0.0001126073600796702,-0.4663334564510258,0.6409768345242921,0.7380350510837305,40,179,300,150.471725025,0.3994368789896889,"Will the President's approval rating ever get below 37% by Nov 30, 2024?"
KX538APPROVEMIN-24NOV30-T37,VFH,-6,etf_leads_kalshi,-3.289456975483129e-05,-0.09262715297024322,0.926199771527838,0.7380350510837305,40,179,300,150.471725025,0.3994368789896889,"Will the President's approval rating ever get below 37% by Nov 30, 2024?"
KX538APPROVEMIN-24NOV30-T37,VFH,-5,etf_leads_kalshi,9.922972452726394e-05,0.1783559572870437,0.8584434356578836,0.7380350510837305,40,179,300,150.471725025,0.3994368789896889,"Will the President's approval rating ever get below 37% by Nov 30, 2024?"
KX538APPROVEMIN-24NOV30-T37,VFH,-4,etf_leads_kalshi,5.4247904605113565e-05,0.09031150927927725,0.9280396744447353,0.7380350510837305,40,179,300,150.471725025,0.3994368789896889,"Will the President's approval rating ever get below 37% by Nov 30, 2024?"
KX538APPROVEMIN-24NOV30-T37,VFH,-3,etf_leads_kalshi,0.000388109038505073,0.44514199188918746,0.6562171442180661,0.7380350510837305,40,179,300,150.471725025,0.3994368789896889,"Will the President's approval rating ever get below 37% by Nov 30, 2024?"
KX538APPROVEMIN-24NOV30-T37,VFH,-2,etf_leads_kalshi,0.0005016222246659963,0.5692994131955892,0.5691529649804568,0.7380350510837305,40,179,300,150.471725025,0.3994368789896889,"Will the President's approval rating ever get below 37% by Nov 30, 2024?"
KX538APPROVEMIN-24NOV30-T37,VFH,-1,etf_leads_kalshi,0.00039846786449121977,0.6186235881440637,0.5361643588325902,0.7380350510837305,40,179,300,150.471725025,0.3994368789896889,"Will the President's approval rating ever get below 37% by Nov 30, 2024?"
KX538APPROVEMIN-24NOV30-T37,VFH,0,contemp,0.00023510889755274115,0.6067792727888001,0.5439974052994724,0.7380350510837305,40,179,300,150.471725025,0.3994368789896889,"Will the President's approval rating ever get below 37% by Nov 30, 2024?"
KX538APPROVEMIN-24NOV30-T37,VFH,1,kalshi_leads_etf,9.910750768208062e-05,0.955490517727408,0.3393296983077946,0.7380350510837305,40,179,300,150.471725025,0.3994368789896889,"Will the President's approval rating ever get below 37% by Nov 30, 2024?"
KX538APPROVEMIN-24NOV30-T37,VFH,2,kalshi_leads_etf,2.7752445598982837e-05,0.5341647091703927,0.593227583131581,0.7380350510837305,40,179,300,150.471725025,0.3994368789896889,"Will the President's approval rating ever get below 37% by Nov 30, 2024?"
KX538APPROVEMIN-24NOV30-T37,VFH,3,kalshi_leads_etf,-8.09940987348268e-05,-0.5758156081307036,0.5647398225132233,0.7380350510837305,40,179,300,150.471725025,0.3994368789896889,"Will the President's approval rating ever get below 37% by Nov 30, 2024?"
KX538APPROVEMIN-24NOV30-T37,VFH,4,kalshi_leads_etf,-0.00026510394243255115,-1.2407432883627498,0.21470059737339087,0.7380350510837305,40,179,300,150.471725025,0.3994368789896889,"Will the President's approval rating ever get below 37% by Nov 30, 2024?"
KX538APPROVEMIN-24NOV30-T37,VFH,5,kalshi_leads_etf,-0.00010332989218178811,-0.6529461372095305,0.5137910035774503,0.7380350510837305,40,179,300,150.471725025,0.3994368789896889,"Will the President's approval rating ever get below 37% by Nov 30, 2024?"
KX538APPROVEMIN-24NOV30-T37,VFH,6,kalshi_leads_etf,-9.117558803348121e-05,-0.8814229397584219,0.3780889460045451,0.7380350510837305,40,179,300,150.471725025,0.3994368789896889,"Will the President's approval rating ever get below 37% by Nov 30, 2024?"
KX538APPROVEMIN-24NOV30-T37,VFH,7,kalshi_leads_etf,-6.526080043412342e-05,-0.4773537829231126,0.633110218847039,0.7380350510837305,40,179,300,150.471725025,0.3994368789896889,"Will the President's approval rating ever get below 37% by Nov 30, 2024?"
KX538APPROVEMIN-24NOV30-T37,VFH,8,kalshi_leads_etf,5.628239805764899e-05,0.8647770360705858,0.3871611775522966,0.7380350510837305,40,179,300,150.471725025,0.3994368789896889,"Will the President's approval rating ever get below 37% by Nov 30, 2024?"
KX538APPROVEMIN-24NOV30-T37,VFH,9,kalshi_leads_etf,2.6118166311643114e-05,0.34565966945609,0.7295984970751079,0.7380350510837305,40,179,300,150.471725025,0.3994368789896889,"Will the President's approval rating ever get below 37% by Nov 30, 2024?"
KX538APPROVEMIN-24NOV30-T37,VFH,10,kalshi_leads_etf,-5.956167858511801e-05,-0.8290960173027866,0.40705007721649744,0.7380350510837305,40,179,300,150.471725025,0.3994368789896889,"Will the President's approval rating ever get below 37% by Nov 30, 2024?"
KXECDJT281,VOX,-10,etf_leads_kalshi,-2.7484814575154463e-05,-2.8369706936962356,0.004554379217824639,0.1114045758643386,285,923,300,123.94936076842104,0.3259960474534679,"Will Trump win 281-257 - AZ, GA, NC, PA?"
KXECDJT281,VOX,-9,etf_leads_kalshi,-6.609101952106373e-06,-0.5382807584561479,0.5903832332570063,0.1114045758643386,285,923,300,123.94936076842104,0.3259960474534679,"Will Trump win 281-257 - AZ, GA, NC, PA?"
KXECDJT281,VOX,-8,etf_leads_kalshi,3.8639536059788864e-05,1.660941279287291,0.09672524069350806,0.1114045758643386,285,923,300,123.94936076842104,0.3259960474534679,"Will Trump win 281-257 - AZ, GA, NC, PA?"
KXECDJT281,VOX,-7,etf_leads_kalshi,3.504857333480246e-05,1.4805959750229665,0.13871426858246613,0.1114045758643386,285,923,300,123.94936076842104,0.3259960474534679,"Will Trump win 281-257 - AZ, GA, NC, PA?"
KXECDJT281,VOX,-6,etf_leads_kalshi,3.2707904623524944e-05,2.9452205964347997,0.00322724479452942,0.1114045758643386,285,923,300,123.94936076842104,0.3259960474534679,"Will Trump win 281-257 - AZ, GA, NC, PA?"
KXECDJT281,VOX,-5,etf_leads_kalshi,1.3725905049645034e-05,1.1876173384597821,0.23498420372048145,0.1114045758643386,285,923,300,123.94936076842104,0.3259960474534679,"Will Trump win 281-257 - AZ, GA, NC, PA?"
KXECDJT281,VOX,-4,etf_leads_kalshi,1.5321497391154866e-05,0.4831081626206256,0.6290189385847645,0.1114045758643386,285,923,300,123.94936076842104,0.3259960474534679,"Will Trump win 281-257 - AZ, GA, NC, PA?"
KXECDJT281,VOX,-3,etf_leads_kalshi,8.707021679450122e-06,0.4782217678773488,0.6324923708766115,0.1114045758643386,285,923,300,123.94936076842104,0.3259960474534679,"Will Trump win 281-257 - AZ, GA, NC, PA?"
KXECDJT281,VOX,-2,etf_leads_kalshi,5.088403053874462e-05,2.2332740621094787,0.025530876902476227,0.1114045758643386,285,923,300,123.94936076842104,0.3259960474534679,"Will Trump win 281-257 - AZ, GA, NC, PA?"
KXECDJT281,VOX,-1,etf_leads_kalshi,5.3850846234816326e-05,5.27351352226135,1.3383638772807798e-07,0.1114045758643386,285,923,300,123.94936076842104,0.3259960474534679,"Will Trump win 281-257 - AZ, GA, NC, PA?"
KXECDJT281,VOX,0,contemp,1.74151136033881e-05,0.7279039938046212,0.46667235821999586,0.1114045758643386,285,923,300,123.94936076842104,0.3259960474534679,"Will Trump win 281-257 - AZ, GA, NC, PA?"
KXECDJT281,VOX,1,kalshi_leads_etf,4.0508402883326424e-05,0.9708151350729394,0.3316403443585003,0.1114045758643386,285,923,300,123.94936076842104,0.3259960474534679,"Will Trump win 281-257 - AZ, GA, NC, PA?"
KXECDJT281,VOX,2,kalshi_leads_etf,6.749876227998991e-05,3.6188775624305616,0.00029588357742263736,0.1114045758643386,285,923,300,123.94936076842104,0.3259960474534679,"Will Trump win 281-257 - AZ, GA, NC, PA?"
KXECDJT281,VOX,3,kalshi_leads_etf,-7.275259735240692e-06,-1.1220546327257424,0.2618392116562055,0.1114045758643386,285,923,300,123.94936076842104,0.3259960474534679,"Will Trump win 281-257 - AZ, GA, NC, PA?"
KXECDJT281,VOX,4,kalshi_leads_etf,3.161633411151957e-05,1.9212558891150577,0.0546994552787461,0.1114045758643386,285,923,300,123.94936076842104,0.3259960474534679,"Will Trump win 281-257 - AZ, GA, NC, PA?"
KXECDJT281,VOX,5,kalshi_leads_etf,5.982098121474555e-05,1.8906229067780569,0.058674700195264794,0.1114045758643386,285,923,300,123.94936076842104,0.3259960474534679,"Will Trump win 281-257 - AZ, GA, NC, PA?"
KXECDJT281,VOX,6,kalshi_leads_etf,3.75973725481648e-05,3.0867843090216267,0.002023343530941491,0.1114045758643386,285,923,300,123.94936076842104,0.3259960474534679,"Will Trump win 281-257 - AZ, GA, NC, PA?"
KXECDJT281,VOX,7,kalshi_leads_etf,3.7509327059293754e-05,1.2620410469020633,0.20693401670200262,0.1114045758643386,285,923,300,123.94936076842104,0.3259960474534679,"Will Trump win 281-257 - AZ, GA, NC, PA?"
KXECDJT281,VOX,8,kalshi_leads_etf,1.0770409873503127e-06,0.10716433920345478,0.9146586056627525,0.1114045758643386,285,923,300,123.94936076842104,0.3259960474534679,"Will Trump win 281-257 - AZ, GA, NC, PA?"
KXECDJT281,VOX,9,kalshi_leads_etf,-1.130959703918512e-05,-0.709305632775229,0.4781348337027239,0.1114045758643386,285,923,300,123.94936076842104,0.3259960474534679,"Will Trump win 281-257 - AZ, GA, NC, PA?"
KXECDJT281,VOX,10,kalshi_leads_etf,1.7245286996319313e-05,0.8631562534945465,0.38805156243450656,0.1114045758643386,285,923,300,123.94936076842104,0.3259960474534679,"Will Trump win 281-257 - AZ, GA, NC, PA?"
KXECDJT306,VDC,-10,etf_leads_kalshi,-5.013124730187194e-05,-7.109504995873661,1.1645988574909963e-12,0.3532141781845316,115,304,300,138.4223621826087,0.3214474527210765,"Will Trump win 306-232 - AZ, GA, MI, PA, WI, NC?"
KXECDJT306,VDC,-9,etf_leads_kalshi,-1.1570409395790173e-05,-0.3798160025275974,0.7040820026772315,0.3532141781845316,115,304,300,138.4223621826087,0.3214474527210765,"Will Trump win 306-232 - AZ, GA, MI, PA, WI, NC?"
KXECDJT306,VDC,-8,etf_leads_kalshi,-3.2628373316817e-05,-0.5619450939051892,0.5741534286751911,0.3532141781845316,115,304,300,138.4223621826087,0.3214474527210765,"Will Trump win 306-232 - AZ, GA, MI, PA, WI, NC?"
KXECDJT306,VDC,-7,etf_leads_kalshi,-0.00011104664284732296,-2.42535200933033,0.015293549710730322,0.3532141781845316,115,304,300,138.4223621826087,0.3214474527210765,"Will Trump win 306-232 - AZ, GA, MI, PA, WI, NC?"
KXECDJT306,VDC,-6,etf_leads_kalshi,-3.2459306629118972e-06,-0.15060722226302584,0.8802855638420258,0.3532141781845316,115,304,300,138.4223621826087,0.3214474527210765,"Will Trump win 306-232 - AZ, GA, MI, PA, WI, NC?"
KXECDJT306,VDC,-5,etf_leads_kalshi,6.3772730379599825e-06,0.4066799707753844,0.684243053077972,0.3532141781845316,115,304,300,138.4223621826087,0.3214474527210765,"Will Trump win 306-232 - AZ, GA, MI, PA, WI, NC?"
KXECDJT306,VDC,-4,etf_leads_kalshi,-2.2918973877772693e-05,-0.7763778055125256,0.43752594531813094,0.3532141781845316,115,304,300,138.4223621826087,0.3214474527210765,"Will Trump win 306-232 - AZ, GA, MI, PA, WI, NC?"
KXECDJT306,VDC,-3,etf_leads_kalshi,-3.77521703899151e-05,-5.2715960979219245,1.3524244425067901e-07,0.3532141781845316,115,304,300,138.4223621826087,0.3214474527210765,"Will Trump win 306-232 - AZ, GA, MI, PA, WI, NC?"
KXECDJT306,VDC,-2,etf_leads_kalshi,-5.9855871504436375e-05,-13.22078010247883,6.6569917494390465e-40,0.3532141781845316,115,304,300,138.4223621826087,0.3214474527210765,"Will Trump win 306-232 - AZ, GA, MI, PA, WI, NC?"
KXECDJT306,VDC,-1,etf_leads_kalshi,-5.825686208807293e-05,-5.371686306637888,7.800371931575714e-08,0.3532141781845316,115,304,300,138.4223621826087,0.3214474527210765,"Will Trump win 306-232 - AZ, GA, MI, PA, WI, NC?"
KXECDJT306,VDC,0,contemp,1.093044198974616e-05,0.6378250262144278,0.5235875866674354,0.3532141781845316,115,304,300,138.4223621826087,0.3214474527210765,"Will Trump win 306-232 - AZ, GA, MI, PA, WI, NC?"
KXECDJT306,VDC,1,kalshi_leads_etf,4.7106316199788235e-05,2.7958121828669307,0.005176947611772617,0.3532141781845316,115,304,300,138.4223621826087,0.3214474527210765,"Will Trump win 306-232 - AZ, GA, MI, PA, WI, NC?"
KXECDJT306,VDC,2,kalshi_leads_etf,-8.48678160894078e-06,-0.7238212377131891,0.46917548915733176,0.3532141781845316,115,304,300,138.4223621826087,0.3214474527210765,"Will Trump win 306-232 - AZ, GA, MI, PA, WI, NC?"
KXECDJT306,VDC,3,kalshi_leads_etf,-3.248130627048374e-05,-2.710673715108832,0.006714666531489228,0.3532141781845316,115,304,300,138.4223621826087,0.3214474527210765,"Will Trump win 306-232 - AZ, GA, MI, PA, WI, NC?"
KXECDJT306,VDC,4,kalshi_leads_etf,-6.227961069668218e-05,-2.957292519417815,0.003103535372176445,0.3532141781845316,115,304,300,138.4223621826087,0.3214474527210765,"Will Trump win 306-232 - AZ, GA, MI, PA, WI, NC?"
KXECDJT306,VDC,5,kalshi_leads_etf,-3.3210144285694853e-07,-0.018075341103031006,0.9855787496871593,0.3532141781845316,115,304,300,138.4223621826087,0.3214474527210765,"Will Trump win 306-232 - AZ, GA, MI, PA, WI, NC?"
KXECDJT306,VDC,6,kalshi_leads_etf,5.237595846886299e-05,4.251076560461073,2.1274542263377816e-05,0.3532141781845316,115,304,300,138.4223621826087,0.3214474527210765,"Will Trump win 306-232 - AZ, GA, MI, PA, WI, NC?"
KXECDJT306,VDC,7,kalshi_leads_etf,-5.033100231356972e-05,-12.944618475477942,2.5201210299564576e-38,0.3532141781845316,115,304,300,138.4223621826087,0.3214474527210765,"Will Trump win 306-232 - AZ, GA, MI, PA, WI, NC?"
KXECDJT306,VDC,8,kalshi_leads_etf,2.751834873407314e-05,2.1934615832218065,0.028274139542648263,0.3532141781845316,115,304,300,138.4223621826087,0.3214474527210765,"Will Trump win 306-232 - AZ, GA, MI, PA, WI, NC?"
KXECDJT306,VDC,9,kalshi_leads_etf,-2.755591772500263e-05,-3.4440131601586006,0.0005731478038597052,0.3532141781845316,115,304,300,138.4223621826087,0.3214474527210765,"Will Trump win 306-232 - AZ, GA, MI, PA, WI, NC?"
KXECDJT306,VDC,10,kalshi_leads_etf,3.9367635362156365e-05,6.46067283928338,1.0423845944744827e-10,0.3532141781845316,115,304,300,138.4223621826087,0.3214474527210765,"Will Trump win 306-232 - AZ, GA, MI, PA, WI, NC?"
KX538APPROVEMIN-24NOV30-T37,VNQ,-10,etf_leads_kalshi,-8.074623215328304e-05,-0.47337712640927215,0.6359441458233596,0.8562398259802128,40,179,300,150.471725025,0.3167379943731065,"Will the President's approval rating ever get below 37% by Nov 30, 2024?"
KX538APPROVEMIN-24NOV30-T37,VNQ,-9,etf_leads_kalshi,-0.00030696754453378455,-1.3273885717956286,0.18438017812071972,0.8562398259802128,40,179,300,150.471725025,0.3167379943731065,"Will the President's approval rating ever get below 37% by Nov 30, 2024?"
KX538APPROVEMIN-24NOV30-T37,VNQ,-8,etf_leads_kalshi,-0.0002870306573813174,-2.7854455796956734,0.005345421192800053,0.8562398259802128,40,179,300,150.471725025,0.3167379943731065,"Will the President's approval rating ever get below 37% by Nov 30, 2024?"
KX538APPROVEMIN-24NOV30-T37,VNQ,-7,etf_leads_kalshi,-0.0002572519005046267,-3.3834489658067515,0.0007158150963876379,0.8562398259802128,40,179,300,150.471725025,0.3167379943731065,"Will the President's approval rating ever get below 37% by Nov 30, 2024?"
KX538APPROVEMIN-24NOV30-T37,VNQ,-6,etf_leads_kalshi,-0.00024487866764958245,-2.0594586734083418,0.039450320043122364,0.8562398259802128,40,179,300,150.471725025,0.3167379943731065,"Will the President's approval rating ever get below 37% by Nov 30, 2024?"
KX538APPROVEMIN-24NOV30-T37,VNQ,-5,etf_leads_kalshi,-0.00020851785568130323,-0.848501467358052,0.3961587556167505,0.8562398259802128,40,179,300,150.471725025,0.3167379943731065,"Will the President's approval rating ever get below 37% by Nov 30, 2024?"
KX538APPROVEMIN-24NOV30-T37,VNQ,-4,etf_leads_kalshi,-0.00032464380896926495,-1.5469840667574422,0.12186708776725831,0.8562398259802128,40,179,300,150.471725025,0.3167379943731065,"Will the President's approval rating ever get below 37% by Nov 30, 2024?"
KX538APPROVEMIN-24NOV30-T37,VNQ,-3,etf_leads_kalshi,-0.00014161762464378887,-0.47279868509380063,0.6363568122785712,0.8562398259802128,40,179,300,150.471725025,0.3167379943731065,"Will the President's approval rating ever get below 37% by Nov 30, 2024?"
KX538APPROVEMIN-24NOV30-T37,VNQ,-2,etf_leads_kalshi,5.5659740419412593e-05,0.18045910219018496,0.8567921589756502,0.8562398259802128,40,179,300,150.471725025,0.3167379943731065,"Will the President's approval rating ever get below 37% by Nov 30, 2024?"
KX538APPROVEMIN-24NOV30-T37,VNQ,-1,etf_leads_kalshi,5.706586481762277e-05,0.22770418960101982,0.8198762151661803,0.8562398259802128,40,179,300,150.471725025,0.3167379943731065,"Will the President's approval rating ever get below 37% by Nov 30, 2024?"
KX538APPROVEMIN-24NOV30-T37,VNQ,0,contemp,-6.250678320978396e-06,-0.030013892262350777,0.9760559737393072,0.8562398259802128,40,179,300,150.471725025,0.3167379943731065,"Will the President's approval rating ever get below 37% by Nov 30, 2024?"
KX538APPROVEMIN-24NOV30-T37,VNQ,1,kalshi_leads_etf,6.579485124111844e-06,0.2674173739504399,0.7891478239083585,0.8562398259802128,40,179,300,150.471725025,0.3167379943731065,"Will the President's approval rating ever get below 37% by Nov 30, 2024?"
KX538APPROVEMIN-24NOV30-T37,VNQ,2,kalshi_leads_etf,4.2084567973660277e-05,0.608883725027548,0.5426015125426644,0.8562398259802128,40,179,300,150.471725025,0.3167379943731065,"Will the President's approval rating ever get below 37% by Nov 30, 2024?"
KX538APPROVEMIN-24NOV30-T37,VNQ,3,kalshi_leads_etf,-4.366082282519379e-06,-0.07235140915784491,0.9423222532688879,0.8562398259802128,40,179,300,150.471725025,0.3167379943731065,"Will the President's approval rating ever get below 37% by Nov 30, 2024?"
KX538APPROVEMIN-24NOV30-T37,VNQ,4,kalshi_leads_etf,-0.0002093625751557255,-1.2605077247158571,0.20748626302883444,0.8562398259802128,40,179,300,150.471725025,0.3167379943731065,"Will the President's approval rating ever get below 37% by Nov 30, 2024?"
KX538APPROVEMIN-24NOV30-T37,VNQ,5,kalshi_leads_etf,-5.250344499771928e-05,-0.4124014601929422,0.6800451930742624,0.8562398259802128,40,179,300,150.471725025,0.3167379943731065,"Will the President's approval rating ever get below 37% by Nov 30, 2024?"
KX538APPROVEMIN-24NOV30-T37,VNQ,6,kalshi_leads_etf,3.693123028046508e-05,0.4260767181354316,0.6700519444414219,0.8562398259802128,40,179,300,150.471725025,0.3167379943731065,"Will the President's approval rating ever get below 37% by Nov 30, 2024?"
KX538APPROVEMIN-24NOV30-T37,VNQ,7,kalshi_leads_etf,-9.780665417746868e-05,-0.7512578262907196,0.4524975050106893,0.8562398259802128,40,179,300,150.471725025,0.3167379943731065,"Will the President's approval rating ever get below 37% by Nov 30, 2024?"
KX538APPROVEMIN-24NOV30-T37,VNQ,8,kalshi_leads_etf,-5.7456504799985124e-05,-0.6598317805238705,0.5093617864169702,0.8562398259802128,40,179,300,150.471725025,0.3167379943731065,"Will the President's approval rating ever get below 37% by Nov 30, 2024?"
KX538APPROVEMIN-24NOV30-T37,VNQ,9,kalshi_leads_etf,5.073045667413638e-05,0.918469746614164,0.3583729905747822,0.8562398259802128,40,179,300,150.471725025,0.3167379943731065,"Will the President's approval rating ever get below 37% by Nov 30, 2024?"
KX538APPROVEMIN-24NOV30-T37,VNQ,10,kalshi_leads_etf,-7.255156959820674e-05,-0.9291831696293863,0.352794168107203,0.8562398259802128,40,179,300,150.471725025,0.3167379943731065,"Will the President's approval rating ever get below 37% by Nov 30, 2024?"
KXECDJT281,VGT,-10,etf_leads_kalshi,-1.9171667597944414e-05,-0.4941212334780311,0.62122056290518,0.08532722441815166,285,923,300,123.94936076842104,0.3150074068770069,"Will Trump win 281-257 - AZ, GA, NC, PA?"
KXECDJT281,VGT,-9,etf_leads_kalshi,2.817542341652756e-06,0.08765395825213047,0.9301517146963474,0.08532722441815166,285,923,300,123.94936076842104,0.3150074068770069,"Will Trump win 281-257 - AZ, GA, NC, PA?"
KXECDJT281,VGT,-8,etf_leads_kalshi,2.81960150758363e-05,1.177033240807762,0.23918223894624902,0.08532722441815166,285,923,300,123.94936076842104,0.3150074068770069,"Will Trump win 281-257 - AZ, GA, NC, PA?"
KXECDJT281,VGT,-7,etf_leads_kalshi,1.9173228985760652e-05,1.183430438222487,0.23663860000346182,0.08532722441815166,285,923,300,123.94936076842104,0.3150074068770069,"Will Trump win 281-257 - AZ, GA, NC, PA?"
KXECDJT281,VGT,-6,etf_leads_kalshi,3.435968294149619e-05,2.3165556581870135,0.020527949207090078,0.08532722441815166,285,923,300,123.94936076842104,0.3150074068770069,"Will Trump win 281-257 - AZ, GA, NC, PA?"
KXECDJT281,VGT,-5,etf_leads_kalshi,2.7502581691069107e-05,1.4156178995976996,0.15688740770240564,0.08532722441815166,285,923,300,123.94936076842104,0.3150074068770069,"Will Trump win 281-257 - AZ, GA, NC, PA?"
KXECDJT281,VGT,-4,etf_leads_kalshi,9.143468444877746e-06,0.4413636835905757,0.6589497290871689,0.08532722441815166,285,923,300,123.94936076842104,0.3150074068770069,"Will Trump win 281-257 - AZ, GA, NC, PA?"
KXECDJT281,VGT,-3,etf_leads_kalshi,2.6005515727278316e-05,1.1513306630401843,0.2495962269997556,0.08532722441815166,285,923,300,123.94936076842104,0.3150074068770069,"Will Trump win 281-257 - AZ, GA, NC, PA?"
KXECDJT281,VGT,-2,etf_leads_kalshi,4.327480189593573e-05,3.2248781955385133,0.0012602627580355148,0.08532722441815166,285,923,300,123.94936076842104,0.3150074068770069,"Will Trump win 281-257 - AZ, GA, NC, PA?"
KXECDJT281,VGT,-1,etf_leads_kalshi,4.7368687593482156e-05,1.6775528310890135,0.09343442763156484,0.08532722441815166,285,923,300,123.94936076842104,0.3150074068770069,"Will Trump win 281-257 - AZ, GA, NC, PA?"
KXECDJT281,VGT,0,contemp,1.940871943521841e-05,1.6301794287988831,0.10306358030943398,0.08532722441815166,285,923,300,123.94936076842104,0.3150074068770069,"Will Trump win 281-257 - AZ, GA, NC, PA?"
KXECDJT281,VGT,1,kalshi_leads_etf,-9.020908427342376e-06,-0.2308160837672571,0.8174576855536186,0.08532722441815166,285,923,300,123.94936076842104,0.3150074068770069,"Will Trump win 281-257 - AZ, GA, NC, PA?"
KXECDJT281,VGT,2,kalshi_leads_etf,2.5064309338069983e-05,1.3526606650528648,0.17616406217459968,0.08532722441815166,285,923,300,123.94936076842104,0.3150074068770069,"Will Trump win 281-257 - AZ, GA, NC, PA?"
KXECDJT281,VGT,3,kalshi_leads_etf,-4.9269240656761384e-05,-2.5897834674909714,0.009603631839895826,0.08532722441815166,285,923,300,123.94936076842104,0.3150074068770069,"Will Trump win 281-257 - AZ, GA, NC, PA?"
KXECDJT281,VGT,4,kalshi_leads_etf,-1.8651550289135106e-05,-1.2769133529740875,0.20163283937228504,0.08532722441815166,285,923,300,123.94936076842104,0.3150074068770069,"Will Trump win 281-257 - AZ, GA, NC, PA?"
KXECDJT281,VGT,5,kalshi_leads_etf,2.9975596594608995e-05,1.2651209381894115,0.20582797819289556,0.08532722441815166,285,923,300,123.94936076842104,0.3150074068770069,"Will Trump win 281-257 - AZ, GA, NC, PA?"
KXECDJT281,VGT,6,kalshi_leads_etf,-6.65101563247719e-06,-1.0390242752019887,0.2987934465658728,0.08532722441815166,285,923,300,123.94936076842104,0.3150074068770069,"Will Trump win 281-257 - AZ, GA, NC, PA?"
KXECDJT281,VGT,7,kalshi_leads_etf,2.47658413812071e-05,0.5335032084228086,0.5936852906619822,0.08532722441815166,285,923,300,123.94936076842104,0.3150074068770069,"Will Trump win 281-257 - AZ, GA, NC, PA?"
KXECDJT281,VGT,8,kalshi_leads_etf,-2.4690139579403454e-05,-2.6641002960921316,0.007719454326153822,0.08532722441815166,285,923,300,123.94936076842104,0.3150074068770069,"Will Trump win 281-257 - AZ, GA, NC, PA?"
KXECDJT281,VGT,9,kalshi_leads_etf,-6.07733114548824e-05,-2.6473301507929095,0.008113010345202199,0.08532722441815166,285,923,300,123.94936076842104,0.3150074068770069,"Will Trump win 281-257 - AZ, GA, NC, PA?"
KXECDJT281,VGT,10,kalshi_leads_etf,-9.997791822427516e-06,-0.27027257188061815,0.7869505648725836,0.08532722441815166,285,923,300,123.94936076842104,0.3150074068770069,"Will Trump win 281-257 - AZ, GA, NC, PA?"
KXECDJT312,VAW,-10,etf_leads_kalshi,-2.1166605480866e-05,-1.1600805197504809,0.2460160245989096,0.3584415357559828,214,818,300,153.19004594859814,0.3098810916918901,Will Trump win 312-226 - swing state sweep?
KXECDJT312,VAW,-9,etf_leads_kalshi,0.00014826320873282864,3.0682573500881025,0.0021531110790264213,0.3584415357559828,214,818,300,153.19004594859814,0.3098810916918901,Will Trump win 312-226 - swing state sweep?
KXECDJT312,VAW,-8,etf_leads_kalshi,0.00015239349234842184,2.721334231824497,0.006501898563599158,0.3584415357559828,214,818,300,153.19004594859814,0.3098810916918901,Will Trump win 312-226 - swing state sweep?
KXECDJT312,VAW,-7,etf_leads_kalshi,1.0026215460893044e-05,1.3568718753123499,0.17482192463720325,0.3584415357559828,214,818,300,153.19004594859814,0.3098810916918901,Will Trump win 312-226 - swing state sweep?
KXECDJT312,VAW,-6,etf_leads_kalshi,6.324805760191017e-05,1.3105686189794747,0.19000354710956868,0.3584415357559828,214,818,300,153.19004594859814,0.3098810916918901,Will Trump win 312-226 - swing state sweep?
KXECDJT312,VAW,-5,etf_leads_kalshi,7.569804711179307e-05,1.473018604688901,0.14074601922067345,0.3584415357559828,214,818,300,153.19004594859814,0.3098810916918901,Will Trump win 312-226 - swing state sweep?
KXECDJT312,VAW,-4,etf_leads_kalshi,0.00010356503616226081,1.8864298040328094,0.05923705944546251,0.3584415357559828,214,818,300,153.19004594859814,0.3098810916918901,Will Trump win 312-226 - swing state sweep?
KXECDJT312,VAW,-3,etf_leads_kalshi,-5.127863766759136e-05,-1.2712286473214527,0.20364731792588586,0.3584415357559828,214,818,300,153.19004594859814,0.3098810916918901,Will Trump win 312-226 - swing state sweep?
KXECDJT312,VAW,-2,etf_leads_kalshi,-0.00018825412009523262,-8.470586721024606,2.441600605917982e-17,0.3584415357559828,214,818,300,153.19004594859814,0.3098810916918901,Will Trump win 312-226 - swing state sweep?
KXECDJT312,VAW,-1,etf_leads_kalshi,-7.150685119141208e-05,-2.017347378629347,0.04365927455788026,0.3584415357559828,214,818,300,153.19004594859814,0.3098810916918901,Will Trump win 312-226 - swing state sweep?
KXECDJT312,VAW,0,contemp,-0.00010985285901661884,-8.428705082173993,3.4951120537143564e-17,0.3584415357559828,214,818,300,153.19004594859814,0.3098810916918901,Will Trump win 312-226 - swing state sweep?
KXECDJT312,VAW,1,kalshi_leads_etf,-1.7309509360962127e-06,-0.05484311132960369,0.9562634541907783,0.3584415357559828,214,818,300,153.19004594859814,0.3098810916918901,Will Trump win 312-226 - swing state sweep?
KXECDJT312,VAW,2,kalshi_leads_etf,3.467614258924732e-05,1.9944636633635853,0.04610140715538819,0.3584415357559828,214,818,300,153.19004594859814,0.3098810916918901,Will Trump win 312-226 - swing state sweep?
KXECDJT312,VAW,3,kalshi_leads_etf,-3.125656326131001e-06,-0.26091999857216475,0.7941542022666358,0.3584415357559828,214,818,300,153.19004594859814,0.3098810916918901,Will Trump win 312-226 - swing state sweep?
KXECDJT312,VAW,4,kalshi_leads_etf,7.318426403035338e-05,5.907127672160208,3.481239594517366e-09,0.3584415357559828,214,818,300,153.19004594859814,0.3098810916918901,Will Trump win 312-226 - swing state sweep?
KXECDJT312,VAW,5,kalshi_leads_etf,-0.00013742861752239806,-7.310231389207224,2.666827491988228e-13,0.3584415357559828,214,818,300,153.19004594859814,0.3098810916918901,Will Trump win 312-226 - swing state sweep?
KXECDJT312,VAW,6,kalshi_leads_etf,-7.568797215721184e-05,-2.6843435521124124,0.007267238658124737,0.3584415357559828,214,818,300,153.19004594859814,0.3098810916918901,Will Trump win 312-226 - swing state sweep?
KXECDJT312,VAW,7,kalshi_leads_etf,-7.997495346284901e-05,-2.1667767450147433,0.03025188146652818,0.3584415357559828,214,818,300,153.19004594859814,0.3098810916918901,Will Trump win 312-226 - swing state sweep?
KXECDJT312,VAW,8,kalshi_leads_etf,-0.0002481155572605898,-6.422063840062803,1.3443901476373107e-10,0.3584415357559828,214,818,300,153.19004594859814,0.3098810916918901,Will Trump win 312-226 - swing state sweep?
KXECDJT312,VAW,9,kalshi_leads_etf,-0.000178426992560038,-5.181021066933183,2.2067456444063794e-07,0.3584415357559828,214,818,300,153.19004594859814,0.3098810916918901,Will Trump win 312-226 - swing state sweep?
KXECDJT312,VAW,10,kalshi_leads_etf,-0.00015572046324183818,-11.349814344676815,7.432033681566915e-30,0.3584415357559828,214,818,300,153.19004594859814,0.3098810916918901,Will Trump win 312-226 - swing state sweep?
KXECDJT281,VCR,-10,etf_leads_kalshi,-8.82966699036352e-06,-0.3772254098418264,0.7060060984539822,0.12010329813060028,285,923,300,123.94936076842104,0.2842956735630119,"Will Trump win 281-257 - AZ, GA, NC, PA?"
KXECDJT281,VCR,-9,etf_leads_kalshi,2.0554945642067903e-05,0.9944400637248388,0.3200086714566204,0.12010329813060028,285,923,300,123.94936076842104,0.2842956735630119,"Will Trump win 281-257 - AZ, GA, NC, PA?"
KXECDJT281,VCR,-8,etf_leads_kalshi,6.863798291401715e-05,2.1768504940766165,0.029491724170341228,0.12010329813060028,285,923,300,123.94936076842104,0.2842956735630119,"Will Trump win 281-257 - AZ, GA, NC, PA?"
KXECDJT281,VCR,-7,etf_leads_kalshi,3.76911235100481e-05,4.339015223485021,1.4312260924483108e-05,0.12010329813060028,285,923,300,123.94936076842104,0.2842956735630119,"Will Trump win 281-257 - AZ, GA, NC, PA?"
KXECDJT281,VCR,-6,etf_leads_kalshi,6.49898220575337e-05,5.892539615918478,3.803048805781485e-09,0.12010329813060028,285,923,300,123.94936076842104,0.2842956735630119,"Will Trump win 281-257 - AZ, GA, NC, PA?"
KXECDJT281,VCR,-5,etf_leads_kalshi,4.538206278650634e-05,2.5344646924941485,0.011261927559891315,0.12010329813060028,285,923,300,123.94936076842104,0.2842956735630119,"Will Trump win 281-257 - AZ, GA, NC, PA?"
KXECDJT281,VCR,-4,etf_leads_kalshi,3.968578857433918e-05,3.3153298867792818,0.0009153503410312542,0.12010329813060028,285,923,300,123.94936076842104,0.2842956735630119,"Will Trump win 281-257 - AZ, GA, NC, PA?"
KXECDJT281,VCR,-3,etf_leads_kalshi,4.164471153985545e-05,2.8259245437151157,0.004714436816424018,0.12010329813060028,285,923,300,123.94936076842104,0.2842956735630119,"Will Trump win 281-257 - AZ, GA, NC, PA?"
KXECDJT281,VCR,-2,etf_leads_kalshi,6.805587728762641e-05,4.225562518272004,2.383446401316949e-05,0.12010329813060028,285,923,300,123.94936076842104,0.2842956735630119,"Will Trump win 281-257 - AZ, GA, NC, PA?"
KXECDJT281,VCR,-1,etf_leads_kalshi,8.380950275213578e-05,2.9690922661704087,0.0029868089931836006,0.12010329813060028,285,923,300,123.94936076842104,0.2842956735630119,"Will Trump win 281-257 - AZ, GA, NC, PA?"
KXECDJT281,VCR,0,contemp,6.499265449694876e-05,3.342632313835246,0.000829877809479671,0.12010329813060028,285,923,300,123.94936076842104,0.2842956735630119,"Will Trump win 281-257 - AZ, GA, NC, PA?"
KXECDJT281,VCR,1,kalshi_leads_etf,9.03359339247511e-05,1.6476900032522492,0.09941630047289517,0.12010329813060028,285,923,300,123.94936076842104,0.2842956735630119,"Will Trump win 281-257 - AZ, GA, NC, PA?"
KXECDJT281,VCR,2,kalshi_leads_etf,3.0651614421575347e-05,2.5903050790318014,0.009589090913560317,0.12010329813060028,285,923,300,123.94936076842104,0.2842956735630119,"Will Trump win 281-257 - AZ, GA, NC, PA?"
KXECDJT281,VCR,3,kalshi_leads_etf,1.1064212781353868e-06,0.039874037877223135,0.9681935494096385,0.12010329813060028,285,923,300,123.94936076842104,0.2842956735630119,"Will Trump win 281-257 - AZ, GA, NC, PA?"
KXECDJT281,VCR,4,kalshi_leads_etf,5.502820286573047e-05,3.832510569079551,0.00012684214807082698,0.12010329813060028,285,923,300,123.94936076842104,0.2842956735630119,"Will Trump win 281-257 - AZ, GA, NC, PA?"
KXECDJT281,VCR,5,kalshi_leads_etf,7.514999367828284e-05,3.6421986551143615,0.0002703193329693338,0.12010329813060028,285,923,300,123.94936076842104,0.2842956735630119,"Will Trump win 281-257 - AZ, GA, NC, PA?"
KXECDJT281,VCR,6,kalshi_leads_etf,6.608397962614931e-05,8.55560335684836,1.1725381617828215e-17,0.12010329813060028,285,923,300,123.94936076842104,0.2842956735630119,"Will Trump win 281-257 - AZ, GA, NC, PA?"
KXECDJT281,VCR,7,kalshi_leads_etf,1.7999183895118468e-05,0.6152710942072377,0.5383757037139159,0.12010329813060028,285,923,300,123.94936076842104,0.2842956735630119,"Will Trump win 281-257 - AZ, GA, NC, PA?"
KXECDJT281,VCR,8,kalshi_leads_etf,1.7360894123044697e-05,0.8446722185060567,0.3982938748556559,0.12010329813060028,285,923,300,123.94936076842104,0.2842956735630119,"Will Trump win 281-257 - AZ, GA, NC, PA?"
KXECDJT281,VCR,9,kalshi_leads_etf,-9.390285886545875e-06,-0.39230872267632805,0.6948301194180861,0.12010329813060028,285,923,300,123.94936076842104,0.2842956735630119,"Will Trump win 281-257 - AZ, GA, NC, PA?"
KXECDJT281,VCR,10,kalshi_leads_etf,4.057588628875654e-05,3.8911368001234945,9.977565638208958e-05,0.12010329813060028,285,923,300,123.94936076842104,0.2842956735630119,"Will Trump win 281-257 - AZ, GA, NC, PA?"
KXFEDDECISION-24DEC-C25,VFH,-10,etf_leads_kalshi,-1.0059624155576156e-05,-0.5055738469251184,0.6131558451186772,0.02270534047099826,1887,5374,300,132.70401705034448,0.2706214856006831,Will the Federal Reserve Cut rates by 25bps at their December 2024 meeting?
KXFEDDECISION-24DEC-C25,VFH,-9,etf_leads_kalshi,-1.5646923611621895e-05,-0.9235980490088439,0.3556956300032327,0.02270534047099826,1887,5374,300,132.70401705034448,0.2706214856006831,Will the Federal Reserve Cut rates by 25bps at their December 2024 meeting?
KXFEDDECISION-24DEC-C25,VFH,-8,etf_leads_kalshi,-1.3841116162019682e-05,-0.7760522295108951,0.43771814785493846,0.02270534047099826,1887,5374,300,132.70401705034448,0.2706214856006831,Will the Federal Reserve Cut rates by 25bps at their December 2024 meeting?
KXFEDDECISION-24DEC-C25,VFH,-7,etf_leads_kalshi,1.3197870830769566e-05,0.8414133224900332,0.4001164245570622,0.02270534047099826,1887,5374,300,132.70401705034448,0.2706214856006831,Will the Federal Reserve Cut rates by 25bps at their December 2024 meeting?
KXFEDDECISION-24DEC-C25,VFH,-6,etf_leads_kalshi,-9.436674575971948e-06,-0.6124501865298706,0.5402399460238294,0.02270534047099826,1887,5374,300,132.70401705034448,0.2706214856006831,Will the Federal Reserve Cut rates by 25bps at their December 2024 meeting?
KXFEDDECISION-24DEC-C25,VFH,-5,etf_leads_kalshi,-1.0525766908620117e-06,-0.04944030859799776,0.9605684058065417,0.02270534047099826,1887,5374,300,132.70401705034448,0.2706214856006831,Will the Federal Reserve Cut rates by 25bps at their December 2024 meeting?
KXFEDDECISION-24DEC-C25,VFH,-4,etf_leads_kalshi,3.028654987579854e-06,0.29556095445604114,0.7675653958458178,0.02270534047099826,1887,5374,300,132.70401705034448,0.2706214856006831,Will the Federal Reserve Cut rates by 25bps at their December 2024 meeting?
KXFEDDECISION-24DEC-C25,VFH,-3,etf_leads_kalshi,-3.1321725359311567e-06,-0.18189871305176056,0.8556622144856725,0.02270534047099826,1887,5374,300,132.70401705034448,0.2706214856006831,Will the Federal Reserve Cut rates by 25bps at their December 2024 meeting?
KXFEDDECISION-24DEC-C25,VFH,-2,etf_leads_kalshi,-3.2355835368147788e-06,-0.12338006684440593,0.9018061408180198,0.02270534047099826,1887,5374,300,132.70401705034448,0.2706214856006831,Will the Federal Reserve Cut rates by 25bps at their December 2024 meeting?
KXFEDDECISION-24DEC-C25,VFH,-1,etf_leads_kalshi,-2.7028022148354046e-05,-1.4150235427706892,0.1570615934331657,0.02270534047099826,1887,5374,300,132.70401705034448,0.2706214856006831,Will the Federal Reserve Cut rates by 25bps at their December 2024 meeting?
KXFEDDECISION-24DEC-C25,VFH,0,contemp,9.188609205849372e-06,0.9975792169034654,0.3184834431356868,0.02270534047099826,1887,5374,300,132.70401705034448,0.2706214856006831,Will the Federal Reserve Cut rates by 25bps at their December 2024 meeting?
KXFEDDECISION-24DEC-C25,VFH,1,kalshi_leads_etf,9.423689800405644e-07,0.08083476687187602,0.9355733585642083,0.02270534047099826,1887,5374,300,132.70401705034448,0.2706214856006831,Will the Federal Reserve Cut rates by 25bps at their December 2024 meeting?
KXFEDDECISION-24DEC-C25,VFH,2,kalshi_leads_etf,-8.82166971787181e-06,-1.1254592873733094,0.26039446001667377,0.02270534047099826,1887,5374,300,132.70401705034448,0.2706214856006831,Will the Federal Reserve Cut rates by 25bps at their December 2024 meeting?
KXFEDDECISION-24DEC-C25,VFH,3,kalshi_leads_etf,8.274126769651755e-06,0.7649698208694169,0.44428951560646823,0.02270534047099826,1887,5374,300,132.70401705034448,0.2706214856006831,Will the Federal Reserve Cut rates by 25bps at their December 2024 meeting?
KXFEDDECISION-24DEC-C25,VFH,4,kalshi_leads_etf,2.0640752104328305e-05,1.6216930475795694,0.10486908818439437,0.02270534047099826,1887,5374,300,132.70401705034448,0.2706214856006831,Will the Federal Reserve Cut rates by 25bps at their December 2024 meeting?
KXFEDDECISION-24DEC-C25,VFH,5,kalshi_leads_etf,-5.069845797096054e-06,-0.5016647004011326,0.6159033991028722,0.02270534047099826,1887,5374,300,132.70401705034448,0.2706214856006831,Will the Federal Reserve Cut rates by 25bps at their December 2024 meeting?
KXFEDDECISION-24DEC-C25,VFH,6,kalshi_leads_etf,6.223438282682468e-06,0.5857962442526299,0.5580124479171393,0.02270534047099826,1887,5374,300,132.70401705034448,0.2706214856006831,Will the Federal Reserve Cut rates by 25bps at their December 2024 meeting?
KXFEDDECISION-24DEC-C25,VFH,7,kalshi_leads_etf,2.0651630445252624e-06,0.2210954367971755,0.8250181232541676,0.02270534047099826,1887,5374,300,132.70401705034448,0.2706214856006831,Will the Federal Reserve Cut rates by 25bps at their December 2024 meeting?
KXFEDDECISION-24DEC-C25,VFH,8,kalshi_leads_etf,-4.117363010661546e-06,-0.4547297955941481,0.6493036424219367,0.02270534047099826,1887,5374,300,132.70401705034448,0.2706214856006831,Will the Federal Reserve Cut rates by 25bps at their December 2024 meeting?
KXFEDDECISION-24DEC-C25,VFH,9,kalshi_leads_etf,3.308867731437766e-06,0.4036286971135811,0.6864857797803534,0.02270534047099826,1887,5374,300,132.70401705034448,0.2706214856006831,Will the Federal Reserve Cut rates by 25bps at their December 2024 meeting?
KXFEDDECISION-24DEC-C25,VFH,10,kalshi_leads_etf,2.7779345565071775e-07,0.028660250497290363,0.9771355588422569,0.02270534047099826,1887,5374,300,132.70401705034448,0.2706214856006831,Will the Federal Reserve Cut rates by 25bps at their December 2024 meeting?
AAAGASM-24OCT31-US-3.15,VPU,-10,etf_leads_kalshi,-0.00038377769409244907,-0.7517198826100248,0.45221953098370504,0.8145568905710555,42,135,300,220.5760153095238,0.1991053646058067,Will average **gas prices** be above $3.15?
AAAGASM-24OCT31-US-3.15,VPU,-9,etf_leads_kalshi,-0.0005168515307394247,-1.094864121143523,0.2735761696893131,0.8145568905710555,42,135,300,220.5760153095238,0.1991053646058067,Will average **gas prices** be above $3.15?
AAAGASM-24OCT31-US-3.15,VPU,-8,etf_leads_kalshi,-0.0003395522195574449,-0.7540587388228001,0.45081395186296447,0.8145568905710555,42,135,300,220.5760153095238,0.1991053646058067,Will average **gas prices** be above $3.15?
AAAGASM-24OCT31-US-3.15,VPU,-7,etf_leads_kalshi,-0.00031327629058696267,-0.5288704568112669,0.5968953174168679,0.8145568905710555,42,135,300,220.5760153095238,0.1991053646058067,Will average **gas prices** be above $3.15?
AAAGASM-24OCT31-US-3.15,VPU,-6,etf_leads_kalshi,-0.00021893855255684645,-0.25223154093594774,0.8008620998938465,0.8145568905710555,42,135,300,220.5760153095238,0.1991053646058067,Will average **gas prices** be above $3.15?
AAAGASM-24OCT31-US-3.15,VPU,-5,etf_leads_kalshi,-0.00018830922399953033,-0.25848249421031205,0.7960345575907471,0.8145568905710555,42,135,300,220.5760153095238,0.1991053646058067,Will average **gas prices** be above $3.15?
AAAGASM-24OCT31-US-3.15,VPU,-4,etf_leads_kalshi,-7.85207113056964e-05,-0.12150202654671767,0.9032934096450562,0.8145568905710555,42,135,300,220.5760153095238,0.1991053646058067,Will average **gas prices** be above $3.15?
AAAGASM-24OCT31-US-3.15,VPU,-3,etf_leads_kalshi,-0.00023803373946027523,-0.31119110038157966,0.7556553482618152,0.8145568905710555,42,135,300,220.5760153095238,0.1991053646058067,Will average **gas prices** be above $3.15?
AAAGASM-24OCT31-US-3.15,VPU,-2,etf_leads_kalshi,-0.0002996517500087125,-0.34939097286501763,0.7267958094444599,0.8145568905710555,42,135,300,220.5760153095238,0.1991053646058067,Will average **gas prices** be above $3.15?
AAAGASM-24OCT31-US-3.15,VPU,-1,etf_leads_kalshi,-0.00033157470564871004,-0.418820899802313,0.6753470293939261,0.8145568905710555,42,135,300,220.5760153095238,0.1991053646058067,Will average **gas prices** be above $3.15?
AAAGASM-24OCT31-US-3.15,VPU,0,contemp,-0.0001077192940861698,-0.17575129711561774,0.8604893332107334,0.8145568905710555,42,135,300,220.5760153095238,0.1991053646058067,Will average **gas prices** be above $3.15?
AAAGASM-24OCT31-US-3.15,VPU,1,kalshi_leads_etf,-0.0004938520746222641,-1.0341792820255948,0.30105235777994066,0.8145568905710555,42,135,300,220.5760153095238,0.1991053646058067,Will average **gas prices** be above $3.15?
AAAGASM-24OCT31-US-3.15,VPU,2,kalshi_leads_etf,-7.110036147162728e-05,-0.32702759078803173,0.7436470171154332,0.8145568905710555,42,135,300,220.5760153095238,0.1991053646058067,Will average **gas prices** be above $3.15?
AAAGASM-24OCT31-US-3.15,VPU,3,kalshi_leads_etf,-0.0006542459627144322,-2.6075152826282935,0.009120199920901342,0.8145568905710555,42,135,300,220.5760153095238,0.1991053646058067,Will average **gas prices** be above $3.15?
AAAGASM-24OCT31-US-3.15,VPU,4,kalshi_leads_etf,-0.0005596642251941339,-1.2560519349389168,0.20909714105590982,0.8145568905710555,42,135,300,220.5760153095238,0.1991053646058067,Will average **gas prices** be above $3.15?
AAAGASM-24OCT31-US-3.15,VPU,5,kalshi_leads_etf,-0.00017177724920949675,-0.5051012163891417,0.6134877470724602,0.8145568905710555,42,135,300,220.5760153095238,0.1991053646058067,Will average **gas prices** be above $3.15?
AAAGASM-24OCT31-US-3.15,VPU,6,kalshi_leads_etf,0.00038762490852334503,1.1340970990941477,0.25675382034074623,0.8145568905710555,42,135,300,220.5760153095238,0.1991053646058067,Will average **gas prices** be above $3.15?
AAAGASM-24OCT31-US-3.15,VPU,7,kalshi_leads_etf,0.00032779174255704327,0.8978177651920367,0.36928271192961604,0.8145568905710555,42,135,300,220.5760153095238,0.1991053646058067,Will average **gas prices** be above $3.15?
AAAGASM-24OCT31-US-3.15,VPU,8,kalshi_leads_etf,0.00018519151872079705,0.8433887543019833,0.39901105926784786,0.8145568905710555,42,135,300,220.5760153095238,0.1991053646058067,Will average **gas prices** be above $3.15?
AAAGASM-24OCT31-US-3.15,VPU,9,kalshi_leads_etf,0.00021131763565894265,1.6145963488786375,0.10639813663694545,0.8145568905710555,42,135,300,220.5760153095238,0.1991053646058067,Will average **gas prices** be above $3.15?
AAAGASM-24OCT31-US-3.15,VPU,10,kalshi_leads_etf,0.00032607570815887404,2.5624515778426162,0.010393607983586678,0.8145568905710555,42,135,300,220.5760153095238,0.1991053646058067,Will average **gas prices** be above $3.15?
FEDDECISION-24NOV-H0,VDE,-10,etf_leads_kalshi,-2.071286173834164e-05,-0.28363890473841785,0.7766871193337869,0.1886636160332118,360,1079,300,186.83707320555555,0.1925413869786475,Will the Federal Reserve Hike rates by 0bps at their November 2024 meeting?
FEDDECISION-24NOV-H0,VDE,-9,etf_leads_kalshi,-0.0001405260008552024,-1.6468058587276677,0.09959795675991799,0.1886636160332118,360,1079,300,186.83707320555555,0.1925413869786475,Will the Federal Reserve Hike rates by 0bps at their November 2024 meeting?
FEDDECISION-24NOV-H0,VDE,-8,etf_leads_kalshi,-0.00012668210640994705,-1.3809858871607106,0.16728330000131464,0.1886636160332118,360,1079,300,186.83707320555555,0.1925413869786475,Will the Federal Reserve Hike rates by 0bps at their November 2024 meeting?
FEDDECISION-24NOV-H0,VDE,-7,etf_leads_kalshi,-6.629801541105421e-05,-0.9342151049458827,0.3501929455941917,0.1886636160332118,360,1079,300,186.83707320555555,0.1925413869786475,Will the Federal Reserve Hike rates by 0bps at their November 2024 meeting?
FEDDECISION-24NOV-H0,VDE,-6,etf_leads_kalshi,-0.0001707162594088484,-1.5001249273370791,0.13358204499298848,0.1886636160332118,360,1079,300,186.83707320555555,0.1925413869786475,Will the Federal Reserve Hike rates by 0bps at their November 2024 meeting?
FEDDECISION-24NOV-H0,VDE,-5,etf_leads_kalshi,-0.0001941087813015829,-1.205533753403303,0.22799731584144411,0.1886636160332118,360,1079,300,186.83707320555555,0.1925413869786475,Will the Federal Reserve Hike rates by 0bps at their November 2024 meeting?
FEDDECISION-24NOV-H0,VDE,-4,etf_leads_kalshi,-0.00019566468192764474,-1.4347251987619813,0.15136542060361485,0.1886636160332118,360,1079,300,186.83707320555555,0.1925413869786475,Will the Federal Reserve Hike rates by 0bps at their November 2024 meeting?
FEDDECISION-24NOV-H0,VDE,-3,etf_leads_kalshi,-0.00018829398533022135,-1.2958712169531492,0.19501985709644365,0.1886636160332118,360,1079,300,186.83707320555555,0.1925413869786475,Will the Federal Reserve Hike rates by 0bps at their November 2024 meeting?
FEDDECISION-24NOV-H0,VDE,-2,etf_leads_kalshi,-0.00035030669522601813,-2.4349847999465197,0.014892415274715883,0.1886636160332118,360,1079,300,186.83707320555555,0.1925413869786475,Will the Federal Reserve Hike rates by 0bps at their November 2024 meeting?
FEDDECISION-24NOV-H0,VDE,-1,etf_leads_kalshi,-0.0003764463884278214,-2.3273938893120265,0.01994431069917655,0.1886636160332118,360,1079,300,186.83707320555555,0.1925413869786475,Will the Federal Reserve Hike rates by 0bps at their November 2024 meeting?
FEDDECISION-24NOV-H0,VDE,0,contemp,-0.00029035192365870985,-1.7060657792185978,0.08799583311268143,0.1886636160332118,360,1079,300,186.83707320555555,0.1925413869786475,Will the Federal Reserve Hike rates by 0bps at their November 2024 meeting?
FEDDECISION-24NOV-H0,VDE,1,kalshi_leads_etf,-0.0003450678144297445,-2.399915761636991,0.01639884518775157,0.1886636160332118,360,1079,300,186.83707320555555,0.1925413869786475,Will the Federal Reserve Hike rates by 0bps at their November 2024 meeting?
FEDDECISION-24NOV-H0,VDE,2,kalshi_leads_etf,-0.00035482991156295227,-2.488288079076914,0.012835971145426126,0.1886636160332118,360,1079,300,186.83707320555555,0.1925413869786475,Will the Federal Reserve Hike rates by 0bps at their November 2024 meeting?
FEDDECISION-24NOV-H0,VDE,3,kalshi_leads_etf,-0.00042817198377184955,-2.970783779205824,0.002970408320602894,0.1886636160332118,360,1079,300,186.83707320555555,0.1925413869786475,Will the Federal Reserve Hike rates by 0bps at their November 2024 meeting?
FEDDECISION-24NOV-H0,VDE,4,kalshi_leads_etf,-0.0003574215507570462,-2.6782293051116524,0.0074012529879055955,0.1886636160332118,360,1079,300,186.83707320555555,0.1925413869786475,Will the Federal Reserve Hike rates by 0bps at their November 2024 meeting?
FEDDECISION-24NOV-H0,VDE,5,kalshi_leads_etf,-0.000280685197723537,-1.7769444817623745,0.07557737475666276,0.1886636160332118,360,1079,300,186.83707320555555,0.1925413869786475,Will the Federal Reserve Hike rates by 0bps at their November 2024 meeting?
FEDDECISION-24NOV-H0,VDE,6,kalshi_leads_etf,-0.0002662038918851913,-1.9280045404198431,0.0538545614234367,0.1886636160332118,360,1079,300,186.83707320555555,0.1925413869786475,Will the Federal Reserve Hike rates by 0bps at their November 2024 meeting?
FEDDECISION-24NOV-H0,VDE,7,kalshi_leads_etf,-0.00014612981788576424,-0.8753581320907619,0.3813790729869715,0.1886636160332118,360,1079,300,186.83707320555555,0.1925413869786475,Will the Federal Reserve Hike rates by 0bps at their November 2024 meeting?
FEDDECISION-24NOV-H0,VDE,8,kalshi_leads_etf,-0.000268368956120816,-2.317662395330412,0.02046767626964544,0.1886636160332118,360,1079,300,186.83707320555555,0.1925413869786475,Will the Federal Reserve Hike rates by 0bps at their November 2024 meeting?
FEDDECISION-24NOV-H0,VDE,9,kalshi_leads_etf,-0.0001751023778344877,-1.6927677634139702,0.09049968102535866,0.1886636160332118,360,1079,300,186.83707320555555,0.1925413869786475,Will the Federal Reserve Hike rates by 0bps at their November 2024 meeting?
FEDDECISION-24NOV-H0,VDE,10,kalshi_leads_etf,-0.00010176501164606902,-1.489218146851794,0.13642993371577405,0.1886636160332118,360,1079,300,186.83707320555555,0.1925413869786475,Will the Federal Reserve Hike rates by 0bps at their November 2024 meeting?
FEDDECISION-24NOV-H0,VNQ,-10,etf_leads_kalshi,-0.0001202633198321287,-1.9809067116624282,0.04760173627771648,0.2690480365983763,360,1079,300,186.83707320555555,0.1705945291867034,Will the Federal Reserve Hike rates by 0bps at their November 2024 meeting?
FEDDECISION-24NOV-H0,VNQ,-9,etf_leads_kalshi,-2.454181036293006e-05,-0.3963696324604136,0.6918323652224876,0.2690480365983763,360,1079,300,186.83707320555555,0.1705945291867034,Will the Federal Reserve Hike rates by 0bps at their November 2024 meeting?
FEDDECISION-24NOV-H0,VNQ,-8,etf_leads_kalshi,2.368491832895796e-08,0.00029295724479776387,0.999766253940744,0.2690480365983763,360,1079,300,186.83707320555555,0.1705945291867034,Will the Federal Reserve Hike rates by 0bps at their November 2024 meeting?
FEDDECISION-24NOV-H0,VNQ,-7,etf_leads_kalshi,4.5935995313340196e-05,0.6471697587986788,0.5175220811690492,0.2690480365983763,360,1079,300,186.83707320555555,0.1705945291867034,Will the Federal Reserve Hike rates by 0bps at their November 2024 meeting?
FEDDECISION-24NOV-H0,VNQ,-6,etf_leads_kalshi,-0.00013375725057456031,-1.3066072796091512,0.19134612302759813,0.2690480365983763,360,1079,300,186.83707320555555,0.1705945291867034,Will the Federal Reserve Hike rates by 0bps at their November 2024 meeting?
FEDDECISION-24NOV-H0,VNQ,-5,etf_leads_kalshi,-7.265668986033469e-05,-0.5283086815564932,0.5972851069905801,0.2690480365983763,360,1079,300,186.83707320555555,0.1705945291867034,Will the Federal Reserve Hike rates by 0bps at their November 2024 meeting?
FEDDECISION-24NOV-H0,VNQ,-4,etf_leads_kalshi,-3.8933845248719034e-05,-0.3755331437723792,0.7072640018519966,0.2690480365983763,360,1079,300,186.83707320555555,0.1705945291867034,Will the Federal Reserve Hike rates by 0bps at their November 2024 meeting?
FEDDECISION-24NOV-H0,VNQ,-3,etf_leads_kalshi,5.415495329699393e-05,0.5198022793852266,0.6032013904853717,0.2690480365983763,360,1079,300,186.83707320555555,0.1705945291867034,Will the Federal Reserve Hike rates by 0bps at their November 2024 meeting?
FEDDECISION-24NOV-H0,VNQ,-2,etf_leads_kalshi,-8.806433216530092e-05,-0.7926868559997381,0.42796029016613824,0.2690480365983763,360,1079,300,186.83707320555555,0.1705945291867034,Will the Federal Reserve Hike rates by 0bps at their November 2024 meeting?
FEDDECISION-24NOV-H0,VNQ,-1,etf_leads_kalshi,-7.336253888944524e-05,-0.6812251274016577,0.49572905084506647,0.2690480365983763,360,1079,300,186.83707320555555,0.1705945291867034,Will the Federal Reserve Hike rates by 0bps at their November 2024 meeting?
FEDDECISION-24NOV-H0,VNQ,0,contemp,-5.417740474383226e-05,-0.528693178545694,0.5970183100131856,0.2690480365983763,360,1079,300,186.83707320555555,0.1705945291867034,Will the Federal Reserve Hike rates by 0bps at their November 2024 meeting?
FEDDECISION-24NOV-H0,VNQ,1,kalshi_leads_etf,-9.74383362028972e-05,-0.8057584340415685,0.4203821491927765,0.2690480365983763,360,1079,300,186.83707320555555,0.1705945291867034,Will the Federal Reserve Hike rates by 0bps at their November 2024 meeting?
FEDDECISION-24NOV-H0,VNQ,2,kalshi_leads_etf,-3.385996666813401e-05,-0.39872766554387473,0.6900938806116454,0.2690480365983763,360,1079,300,186.83707320555555,0.1705945291867034,Will the Federal Reserve Hike rates by 0bps at their November 2024 meeting?
FEDDECISION-24NOV-H0,VNQ,3,kalshi_leads_etf,-0.00013997629188137344,-1.3961126607370828,0.1626805718193831,0.2690480365983763,360,1079,300,186.83707320555555,0.1705945291867034,Will the Federal Reserve Hike rates by 0bps at their November 2024 meeting?
FEDDECISION-24NOV-H0,VNQ,4,kalshi_leads_etf,-0.00014283275953547777,-1.2827559138210185,0.19957760392916546,0.2690480365983763,360,1079,300,186.83707320555555,0.1705945291867034,Will the Federal Reserve Hike rates by 0bps at their November 2024 meeting?
FEDDECISION-24NOV-H0,VNQ,5,kalshi_leads_etf,-7.275422498528994e-05,-1.0909741352005393,0.27528426381677373,0.2690480365983763,360,1079,300,186.83707320555555,0.1705945291867034,Will the Federal Reserve Hike rates by 0bps at their November 2024 meeting?
FEDDECISION-24NOV-H0,VNQ,6,kalshi_leads_etf,-9.225068290160425e-05,-1.0818727804177963,0.279309061258322,0.2690480365983763,360,1079,300,186.83707320555555,0.1705945291867034,Will the Federal Reserve Hike rates by 0bps at their November 2024 meeting?
FEDDECISION-24NOV-H0,VNQ,7,kalshi_leads_etf,5.202292736004704e-05,0.8409162026811057,0.40039488071552165,0.2690480365983763,360,1079,300,186.83707320555555,0.1705945291867034,Will the Federal Reserve Hike rates by 0bps at their November 2024 meeting?
FEDDECISION-24NOV-H0,VNQ,8,kalshi_leads_etf,-8.907923230787921e-05,-1.2367954138550883,0.21616304512871398,0.2690480365983763,360,1079,300,186.83707320555555,0.1705945291867034,Will the Federal Reserve Hike rates by 0bps at their November 2024 meeting?
FEDDECISION-24NOV-H0,VNQ,9,kalshi_leads_etf,-0.00011463475949570456,-2.150577808560637,0.031509538456974524,0.2690480365983763,360,1079,300,186.83707320555555,0.1705945291867034,Will the Federal Reserve Hike rates by 0bps at their November 2024 meeting?
FEDDECISION-24NOV-H0,VNQ,10,kalshi_leads_etf,-1.0146023370135294e-05,-0.3229374969873561,0.7467425779642285,0.2690480365983763,360,1079,300,186.83707320555555,0.1705945291867034,Will the Federal Reserve Hike rates by 0bps at their November 2024 meeting?
KXFEDDECISION-24DEC-C25,VIS,-10,etf_leads_kalshi,-1.53542742833812e-06,-0.1735114023829617,0.8622494660110669,0.04068616553485871,1887,5374,300,132.70401705034448,0.1537791226116408,Will the Federal Reserve Cut rates by 25bps at their December 2024 meeting?
KXFEDDECISION-24DEC-C25,VIS,-9,etf_leads_kalshi,-1.4200554256178581e-05,-1.2526049405227893,0.21034951597496143,0.04068616553485871,1887,5374,300,132.70401705034448,0.1537791226116408,Will the Federal Reserve Cut rates by 25bps at their December 2024 meeting?
KXFEDDECISION-24DEC-C25,VIS,-8,etf_leads_kalshi,-3.871757345791497e-06,-0.2219218863056989,0.8243746925075374,0.04068616553485871,1887,5374,300,132.70401705034448,0.1537791226116408,Will the Federal Reserve Cut rates by 25bps at their December 2024 meeting?
KXFEDDECISION-24DEC-C25,VIS,-7,etf_leads_kalshi,1.9273507943024938e-05,1.4154406078104027,0.1569393505487673,0.04068616553485871,1887,5374,300,132.70401705034448,0.1537791226116408,Will the Federal Reserve Cut rates by 25bps at their December 2024 meeting?
KXFEDDECISION-24DEC-C25,VIS,-6,etf_leads_kalshi,-1.475181951033458e-05,-1.374603348715928,0.16925444986791194,0.04068616553485871,1887,5374,300,132.70401705034448,0.1537791226116408,Will the Federal Reserve Cut rates by 25bps at their December 2024 meeting?
KXFEDDECISION-24DEC-C25,VIS,-5,etf_leads_kalshi,-1.868133696348835e-05,-0.9660016789693581,0.3340433408980107,0.04068616553485871,1887,5374,300,132.70401705034448,0.1537791226116408,Will the Federal Reserve Cut rates by 25bps at their December 2024 meeting?
KXFEDDECISION-24DEC-C25,VIS,-4,etf_leads_kalshi,7.3598883714356035e-06,1.1665939027067225,0.24337440684505196,0.04068616553485871,1887,5374,300,132.70401705034448,0.1537791226116408,Will the Federal Reserve Cut rates by 25bps at their December 2024 meeting?
KXFEDDECISION-24DEC-C25,VIS,-3,etf_leads_kalshi,1.0231436647620263e-05,1.0371934521910326,0.2996457090243597,0.04068616553485871,1887,5374,300,132.70401705034448,0.1537791226116408,Will the Federal Reserve Cut rates by 25bps at their December 2024 meeting?
KXFEDDECISION-24DEC-C25,VIS,-2,etf_leads_kalshi,1.6136050849953202e-06,0.12239024469525159,0.902589964034755,0.04068616553485871,1887,5374,300,132.70401705034448,0.1537791226116408,Will the Federal Reserve Cut rates by 25bps at their December 2024 meeting?
KXFEDDECISION-24DEC-C25,VIS,-1,etf_leads_kalshi,-4.1947198372554816e-05,-2.7430524709126067,0.0060870957992184855,0.04068616553485871,1887,5374,300,132.70401705034448,0.1537791226116408,Will the Federal Reserve Cut rates by 25bps at their December 2024 meeting?
KXFEDDECISION-24DEC-C25,VIS,0,contemp,-4.8902446798969505e-06,-0.5931017495034503,0.553113059697655,0.04068616553485871,1887,5374,300,132.70401705034448,0.1537791226116408,Will the Federal Reserve Cut rates by 25bps at their December 2024 meeting?
KXFEDDECISION-24DEC-C25,VIS,1,kalshi_leads_etf,2.164851255715072e-06,0.2436277553286,0.8075191302368472,0.04068616553485871,1887,5374,300,132.70401705034448,0.1537791226116408,Will the Federal Reserve Cut rates by 25bps at their December 2024 meeting?
KXFEDDECISION-24DEC-C25,VIS,2,kalshi_leads_etf,-7.558593816433293e-06,-0.8410356719220938,0.400327950713704,0.04068616553485871,1887,5374,300,132.70401705034448,0.1537791226116408,Will the Federal Reserve Cut rates by 25bps at their December 2024 meeting?
KXFEDDECISION-24DEC-C25,VIS,3,kalshi_leads_etf,-6.706089858633541e-07,-0.10174949949347102,0.9189555110829991,0.04068616553485871,1887,5374,300,132.70401705034448,0.1537791226116408,Will the Federal Reserve Cut rates by 25bps at their December 2024 meeting?
KXFEDDECISION-24DEC-C25,VIS,4,kalshi_leads_etf,1.5188667939328548e-05,1.380024139543845,0.16757921247098917,0.04068616553485871,1887,5374,300,132.70401705034448,0.1537791226116408,Will the Federal Reserve Cut rates by 25bps at their December 2024 meeting?
KXFEDDECISION-24DEC-C25,VIS,5,kalshi_leads_etf,-1.7366439821444463e-06,-0.21066297682956628,0.8331502664463459,0.04068616553485871,1887,5374,300,132.70401705034448,0.1537791226116408,Will the Federal Reserve Cut rates by 25bps at their December 2024 meeting?
KXFEDDECISION-24DEC-C25,VIS,6,kalshi_leads_etf,1.1746830664943076e-05,1.093734725579746,0.27407133957799834,0.04068616553485871,1887,5374,300,132.70401705034448,0.1537791226116408,Will the Federal Reserve Cut rates by 25bps at their December 2024 meeting?
KXFEDDECISION-24DEC-C25,VIS,7,kalshi_leads_etf,2.758060839079887e-06,0.35845046472613146,0.7200062317062018,0.04068616553485871,1887,5374,300,132.70401705034448,0.1537791226116408,Will the Federal Reserve Cut rates by 25bps at their December 2024 meeting?
KXFEDDECISION-24DEC-C25,VIS,8,kalshi_leads_etf,7.2088657050956285e-06,0.646751756560951,0.5177926201833111,0.04068616553485871,1887,5374,300,132.70401705034448,0.1537791226116408,Will the Federal Reserve Cut rates by 25bps at their December 2024 meeting?
KXFEDDECISION-24DEC-C25,VIS,9,kalshi_leads_etf,-7.251615205120231e-06,-0.852111172556595,0.394152391504506,0.04068616553485871,1887,5374,300,132.70401705034448,0.1537791226116408,Will the Federal Reserve Cut rates by 25bps at their December 2024 meeting?
KXFEDDECISION-24DEC-C25,VIS,10,kalshi_leads_etf,-2.4548206267907805e-06,-0.3072169379038724,0.7586782539521579,0.04068616553485871,1887,5374,300,132.70401705034448,0.1537791226116408,Will the Federal Reserve Cut rates by 25bps at their December 2024 meeting?
KXFEDDECISION-24DEC-H0,VGT,-10,etf_leads_kalshi,1.3920495242724568e-05,0.6775622931337076,0.4980492607955245,0.047897657479194056,1141,3006,300,136.54880902716914,0.1198576154549284,Will the Federal Reserve Hike rates by 0bps at their December 2024 meeting?
KXFEDDECISION-24DEC-H0,VGT,-9,etf_leads_kalshi,-7.002548826094015e-06,-0.3613202585071818,0.7178600511307723,0.047897657479194056,1141,3006,300,136.54880902716914,0.1198576154549284,Will the Federal Reserve Hike rates by 0bps at their December 2024 meeting?
KXFEDDECISION-24DEC-H0,VGT,-8,etf_leads_kalshi,9.271840298738918e-06,0.46554017472386056,0.6415446738462682,0.047897657479194056,1141,3006,300,136.54880902716914,0.1198576154549284,Will the Federal Reserve Hike rates by 0bps at their December 2024 meeting?
KXFEDDECISION-24DEC-H0,VGT,-7,etf_leads_kalshi,4.527120231857394e-06,0.2854694521966605,0.7752845047448456,0.047897657479194056,1141,3006,300,136.54880902716914,0.1198576154549284,Will the Federal Reserve Hike rates by 0bps at their December 2024 meeting?
KXFEDDECISION-24DEC-H0,VGT,-6,etf_leads_kalshi,4.2749500637154596e-05,2.2943802189790454,0.021768668375727506,0.047897657479194056,1141,3006,300,136.54880902716914,0.1198576154549284,Will the Federal Reserve Hike rates by 0bps at their December 2024 meeting?
KXFEDDECISION-24DEC-H0,VGT,-5,etf_leads_kalshi,1.2234034384479044e-05,1.0327849967917553,0.30170452641577483,0.047897657479194056,1141,3006,300,136.54880902716914,0.1198576154549284,Will the Federal Reserve Hike rates by 0bps at their December 2024 meeting?
KXFEDDECISION-24DEC-H0,VGT,-4,etf_leads_kalshi,2.3265689768512444e-05,1.7149646916266583,0.08635170062083639,0.047897657479194056,1141,3006,300,136.54880902716914,0.1198576154549284,Will the Federal Reserve Hike rates by 0bps at their December 2024 meeting?
KXFEDDECISION-24DEC-H0,VGT,-3,etf_leads_kalshi,1.525102718195261e-05,0.75935062993461,0.4476428382330405,0.047897657479194056,1141,3006,300,136.54880902716914,0.1198576154549284,Will the Federal Reserve Hike rates by 0bps at their December 2024 meeting?
KXFEDDECISION-24DEC-H0,VGT,-2,etf_leads_kalshi,-1.999650761985158e-05,-1.496156111858798,0.13461297842636216,0.047897657479194056,1141,3006,300,136.54880902716914,0.1198576154549284,Will the Federal Reserve Hike rates by 0bps at their December 2024 meeting?
KXFEDDECISION-24DEC-H0,VGT,-1,etf_leads_kalshi,-1.5110802790000528e-05,-0.7115876761161256,0.47672014068458546,0.047897657479194056,1141,3006,300,136.54880902716914,0.1198576154549284,Will the Federal Reserve Hike rates by 0bps at their December 2024 meeting?
KXFEDDECISION-24DEC-H0,VGT,0,contemp,-9.649025615755658e-06,-0.8726292123467713,0.3828652126641102,0.047897657479194056,1141,3006,300,136.54880902716914,0.1198576154549284,Will the Federal Reserve Hike rates by 0bps at their December 2024 meeting?
KXFEDDECISION-24DEC-H0,VGT,1,kalshi_leads_etf,-1.612929268414642e-05,-0.9218939195964968,0.35658391106536813,0.047897657479194056,1141,3006,300,136.54880902716914,0.1198576154549284,Will the Federal Reserve Hike rates by 0bps at their December 2024 meeting?
KXFEDDECISION-24DEC-H0,VGT,2,kalshi_leads_etf,-3.076945220855236e-05,-1.8087774332921014,0.07048558753353362,0.047897657479194056,1141,3006,300,136.54880902716914,0.1198576154549284,Will the Federal Reserve Hike rates by 0bps at their December 2024 meeting?
KXFEDDECISION-24DEC-H0,VGT,3,kalshi_leads_etf,-2.2206939162643434e-05,-0.7819017475689819,0.4342723179144605,0.047897657479194056,1141,3006,300,136.54880902716914,0.1198576154549284,Will the Federal Reserve Hike rates by 0bps at their December 2024 meeting?
KXFEDDECISION-24DEC-H0,VGT,4,kalshi_leads_etf,-9.58372538236857e-06,-0.4055351113378872,0.6850842149194069,0.047897657479194056,1141,3006,300,136.54880902716914,0.1198576154549284,Will the Federal Reserve Hike rates by 0bps at their December 2024 meeting?
KXFEDDECISION-24DEC-H0,VGT,5,kalshi_leads_etf,-1.8091307814999367e-05,-1.2194342097227235,0.22267943227828313,0.047897657479194056,1141,3006,300,136.54880902716914,0.1198576154549284,Will the Federal Reserve Hike rates by 0bps at their December 2024 meeting?
KXFEDDECISION-24DEC-H0,VGT,6,kalshi_leads_etf,-1.713644475145402e-05,-0.9749130984186355,0.329603368225555,0.047897657479194056,1141,3006,300,136.54880902716914,0.1198576154549284,Will the Federal Reserve Hike rates by 0bps at their December 2024 meeting?
KXFEDDECISION-24DEC-H0,VGT,7,kalshi_leads_etf,-3.3928912104770187e-06,-0.22235604294020683,0.8240367279069258,0.047897657479194056,1141,3006,300,136.54880902716914,0.1198576154549284,Will the Federal Reserve Hike rates by 0bps at their December 2024 meeting?
KXFEDDECISION-24DEC-H0,VGT,8,kalshi_leads_etf,-1.9436033624115456e-05,-1.2191767911767653,0.22277709881996832,0.047897657479194056,1141,3006,300,136.54880902716914,0.1198576154549284,Will the Federal Reserve Hike rates by 0bps at their December 2024 meeting?
KXFEDDECISION-24DEC-H0,VGT,9,kalshi_leads_etf,1.727349987368556e-05,1.156431269597952,0.24750479744431275,0.047897657479194056,1141,3006,300,136.54880902716914,0.1198576154549284,Will the Federal Reserve Hike rates by 0bps at their December 2024 meeting?
KXFEDDECISION-24DEC-H0,VGT,10,kalshi_leads_etf,3.1523473742244926e-05,3.361396890681179,0.0007754930461381211,0.047897657479194056,1141,3006,300,136.54880902716914,0.1198576154549284,Will the Federal Reserve Hike rates by 0bps at their December 2024 meeting?
