date,ts_et,kalshi_prob,market_fresh,implied_p_A_sign_equal,implied_p_B_beta_weighted,implied_p_C_min_variance
2024-10-04,2024-10-04 09:31:00,0.5,False,0.447,0.447,0.447
2024-10-04,2024-10-04 09:32:00,0.5,False,0.4349942357933377,0.437761434628331,0.5171363799331244
2024-10-04,2024-10-04 09:33:00,0.5,False,0.4319986696191966,0.4305845746714547,0.6041503817055582
2024-10-04,2024-10-04 09:34:00,0.5,False,0.4417365267620184,0.4389118449214824,0.6329482740565526
2024-10-04,2024-10-04 09:35:00,0.5,False,0.3895364119247623,0.4149844674203259,0.7854862300491463
2024-10-04,2024-10-04 09:36:00,0.5,False,0.3649149907757784,0.4136845648874775,0.8197624568899592
2024-10-04,2024-10-04 09:37:00,0.5,False,0.3357620975633004,0.3992295836169656,0.7889207344917142
2024-10-04,2024-10-04 09:38:00,0.5,False,0.2923542530144719,0.386379930639394,0.7881524979461547
2024-10-04,2024-10-04 09:39:00,0.5,False,0.3170678346628028,0.3959974764785119,0.7442435877395018
2024-10-04,2024-10-04 09:40:00,0.49,True,0.3152671803751395,0.38839054481607,0.7995709749923701
2024-10-04,2024-10-04 09:41:00,0.49,False,0.3294363095028437,0.3895874068833704,0.8107409125397962
2024-10-04,2024-10-04 09:42:00,0.49,False,0.352560950360149,0.3988449710885859,0.7717739756562936
2024-10-04,2024-10-04 09:43:00,0.49,False,0.3602096162454036,0.3978758958094637,0.8121045017713266
2024-10-04,2024-10-04 09:44:00,0.49,False,0.3652538970828873,0.3957378004813466,0.8748383159022541
2024-10-04,2024-10-04 09:45:00,0.5,True,0.3917099060948711,0.4019806617117968,0.8759650648419355
2024-10-04,2024-10-04 09:46:00,0.5,False,0.4026868222570197,0.4156363230239459,0.7917815347438206
2024-10-04,2024-10-04 09:47:00,0.5,False,0.440136221460901,0.4412373225061888,0.6515159343333911
2024-10-04,2024-10-04 09:48:00,0.5,False,0.4600026385790667,0.4486291580952031,0.662053788707661
2024-10-04,2024-10-04 09:49:00,0.5,False,0.4479188846998633,0.4511762373244533,0.6467645596576171
2024-10-04,2024-10-04 09:50:00,0.5,True,0.4305225614516548,0.4416891820561495,0.7186675334944164
2024-10-04,2024-10-04 09:51:00,0.5,False,0.4344880752283185,0.4439734951751565,0.6536537177282976
2024-10-04,2024-10-04 09:52:00,0.5,False,0.4527468277262411,0.4469462677633394,0.6517588232293191
2024-10-04,2024-10-04 09:53:00,0.5,False,0.4776141761152819,0.4571260539481763,0.6311686426645511
2024-10-04,2024-10-04 09:54:00,0.5,False,0.4979977064272964,0.4646555537448365,0.6390704842230679
2024-10-04,2024-10-04 09:55:00,0.5,False,0.4902595825592695,0.4533765768227518,0.7308431181419519
2024-10-04,2024-10-04 09:56:00,0.49,True,0.483083714289477,0.4480806854898734,0.773733799079572
2024-10-04,2024-10-04 09:57:00,0.49,True,0.5157667638327885,0.4579174443887079,0.7824322632570944
2024-10-04,2024-10-04 09:58:00,0.49,False,0.5353467149912604,0.4629623297021256,0.7731761043025911
2024-10-04,2024-10-04 09:59:00,0.49,False,0.5304157964892446,0.4663723997935416,0.7101431792437805
2024-10-04,2024-10-04 10:00:00,0.49,True,0.5312385603182881,0.4624200981942982,0.7345205832876898
2024-10-04,2024-10-04 10:01:00,0.49,False,0.5519411968413523,0.4732665938258447,0.6582953228205752
2024-10-04,2024-10-04 10:02:00,0.49,False,0.5554250881707026,0.4737678777759789,0.6752898626465336
2024-10-04,2024-10-04 10:03:00,0.49,False,0.5524623591242315,0.4741801599159919,0.6837033810483402
2024-10-04,2024-10-04 10:04:00,0.49,False,0.5138763433240146,0.460334979217021,0.6799309852426346
2024-10-04,2024-10-04 10:05:00,0.49,False,0.5269155120649178,0.4640301226757243,0.6737138165385875
2024-10-04,2024-10-04 10:06:00,0.49,False,0.5484439232051853,0.4706801459984853,0.6647107536199517
2024-10-04,2024-10-04 10:07:00,0.49,False,0.5613301391580034,0.4679400233302393,0.7208907936295199
2024-10-04,2024-10-04 10:08:00,0.5,True,0.5542658938669246,0.4656667920715857,0.6972053655265789
2024-10-04,2024-10-04 10:09:00,0.49,True,0.5574611346475293,0.4611632958724593,0.7322235941989594
2024-10-04,2024-10-04 10:10:00,0.49,False,0.5597939628835961,0.4556998556821057,0.816069848220891
2024-10-04,2024-10-04 10:11:00,0.5,True,0.5599563246634557,0.4516206473320444,0.8783583086808917
2024-10-04,2024-10-04 10:12:00,0.5,True,0.5401980519186912,0.4447901245870532,0.89937817627411
2024-10-04,2024-10-04 10:13:00,0.5,False,0.5476641365032545,0.4469788392689406,0.8915666652382386
2024-10-04,2024-10-04 10:14:00,0.5,True,0.5476147009869766,0.450445083000689,0.8774043327527704
2024-10-04,2024-10-04 10:15:00,0.5,False,0.5446566744019927,0.4434924938714113,0.8924051926639898
2024-10-04,2024-10-04 10:16:00,0.5,False,0.5387791257388614,0.4418192528415942,0.8844257732255159
2024-10-04,2024-10-04 10:17:00,0.5,False,0.5353835898079294,0.4381396454119869,0.9049716312144834
2024-10-04,2024-10-04 10:18:00,0.5,False,0.5277447857019474,0.440899545520811,0.8672404795633164
2024-10-04,2024-10-04 10:19:00,0.5,True,0.5282102842235158,0.442850565473161,0.8704142063169922
2024-10-04,2024-10-04 10:20:00,0.5,True,0.5397310844117502,0.4530494927245231,0.815001077319689
2024-10-04,2024-10-04 10:21:00,0.5,True,0.5506694406868069,0.4602867874340151,0.7677580392748624
2024-10-04,2024-10-04 10:22:00,0.5,False,0.5441385133011337,0.4584476525515543,0.8081543003653132
2024-10-04,2024-10-04 10:23:00,0.5,True,0.5469857073989982,0.4597984570668589,0.8347501858420456
2024-10-04,2024-10-04 10:24:00,0.5,False,0.5643092580977264,0.462643433160554,0.841910214735395
2024-10-04,2024-10-04 10:25:00,0.5,False,0.5577176244838371,0.4593685879562285,0.8591086858896357
2024-10-04,2024-10-04 10:26:00,0.5,True,0.563065643510728,0.4597923174071335,0.8681727210650203
2024-10-04,2024-10-04 10:27:00,0.5,False,0.5700102629320609,0.4600196421102394,0.9006974367343803
2024-10-04,2024-10-04 10:28:00,0.5,True,0.5733376078754737,0.4637661846159107,0.882411901840501
2024-10-04,2024-10-04 10:29:00,0.5,False,0.5631329381072491,0.460270671092034,0.8883821866073951
2024-10-04,2024-10-04 10:30:00,0.5,False,0.5652090223267283,0.460012613973309,0.9033771389570944
2024-10-04,2024-10-04 10:31:00,0.5,False,0.5377949202661702,0.4520629755542223,0.9346452789264106
2024-10-04,2024-10-04 10:32:00,0.5,True,0.5452139894181189,0.4576926601499202,0.904719487531369
2024-10-04,2024-10-04 10:33:00,0.495,True,0.5371919687624066,0.4526475248319692,0.9418248030231496
2024-10-04,2024-10-04 10:34:00,0.49,True,0.5075088742188274,0.4412816476262053,0.9378388417896356
2024-10-04,2024-10-04 10:35:00,0.5,True,0.5067242151093256,0.4401460133924357,0.937065753747501
2024-10-04,2024-10-04 10:36:00,0.5,True,0.5159436170832741,0.4451566340128911,0.8725749886060736
2024-10-04,2024-10-04 10:37:00,0.5,False,0.5166253555118507,0.4485179590801931,0.8321300096889794
2024-10-04,2024-10-04 10:38:00,0.5,True,0.5200219709630871,0.4496970841461866,0.8348854282534235
2024-10-04,2024-10-04 10:39:00,0.5,False,0.5270729793534568,0.4546082528867939,0.7981295942317633
2024-10-04,2024-10-04 10:40:00,0.5,True,0.524843182076876,0.4540207246031416,0.7796261519667576
2024-10-04,2024-10-04 10:41:00,0.5,False,0.5424107879569309,0.4637745545288028,0.7322233664935465
2024-10-04,2024-10-04 10:42:00,0.5,False,0.5273974830985675,0.4619201145904987,0.70343808216315
2024-10-04,2024-10-04 10:43:00,0.49,True,0.5302581022973929,0.4561424476399985,0.7441207142580246
2024-10-04,2024-10-04 10:44:00,0.49,False,0.5287770743943349,0.4527029290093424,0.7726470182042484
2024-10-04,2024-10-04 10:45:00,0.49,False,0.512715509215668,0.4466460482427845,0.7716394329546474
2024-10-04,2024-10-04 10:46:00,0.5,True,0.5051110125044505,0.4418916861970535,0.7900999617302383
2024-10-04,2024-10-04 10:47:00,0.5,True,0.52061083451073,0.4456962827828652,0.7929174049240283
2024-10-04,2024-10-04 10:48:00,0.49,True,0.5340398613735099,0.4508163137607288,0.7714356409517561
2024-10-04,2024-10-04 10:49:00,0.49,False,0.5257558458674123,0.4497818658111666,0.7712517976347629
2024-10-04,2024-10-04 10:50:00,0.495,True,0.5316968840252027,0.4538204524976251,0.7224133848178872
2024-10-04,2024-10-04 10:51:00,0.495,False,0.5103779732202883,0.4481310142411998,0.7118454645519829
2024-10-04,2024-10-04 10:52:00,0.495,False,0.4880331684300694,0.4387209670158655,0.717119391539496
2024-10-04,2024-10-04 10:53:00,0.495,False,0.5010516389296088,0.4435293420879207,0.7217120550429277
2024-10-04,2024-10-04 10:54:00,0.495,False,0.5046431809896885,0.4467692493678128,0.7142146760508281
2024-10-04,2024-10-04 10:55:00,0.49,True,0.5137334955360293,0.445551301577905,0.7621761066976904
2024-10-04,2024-10-04 10:56:00,0.49,False,0.5012172402638304,0.4426452640528737,0.7620634474542817
2024-10-04,2024-10-04 10:57:00,0.49,False,0.503028032141013,0.4449877295743376,0.7518270258731696
2024-10-04,2024-10-04 10:58:00,0.49,False,0.5067583250136443,0.4461335795830452,0.7412624225620001
2024-10-04,2024-10-04 10:59:00,0.49,False,0.5077558137576392,0.4475649146335402,0.7493329907042654
2024-10-04,2024-10-04 11:00:00,0.5,True,0.5064744598118546,0.4477215356347143,0.7330542462589844
2024-10-04,2024-10-04 11:01:00,0.5,False,0.4955547322374719,0.445061185393438,0.7339051052923782
2024-10-04,2024-10-04 11:02:00,0.5,False,0.487860469369375,0.4478771578386861,0.7506504292429537
2024-10-04,2024-10-04 11:03:00,0.5,False,0.4908724701199568,0.4519366033729729,0.733257601493394
2024-10-04,2024-10-04 11:04:00,0.5,False,0.4897023050359586,0.4515482019357602,0.7429276906816075
2024-10-04,2024-10-04 11:05:00,0.5,False,0.5016870054850444,0.4557170738113467,0.735903883545852
2024-10-04,2024-10-04 11:06:00,0.5,False,0.5221824322849047,0.4681856965879902,0.657283538735535
2024-10-04,2024-10-04 11:07:00,0.5,False,0.5305390225938941,0.4715610841058264,0.6796276859238628
2024-10-04,2024-10-04 11:08:00,0.5,True,0.5323584241184037,0.4729348055575601,0.6760427531539965
2024-10-04,2024-10-04 11:09:00,0.49,True,0.5447521727410972,0.4732190345925414,0.7011286636850702
2024-10-04,2024-10-04 11:10:00,0.49,False,0.5521410478716311,0.4748448370265798,0.7148065444040625
2024-10-04,2024-10-04 11:11:00,0.49,False,0.5532325946204731,0.475877429888675,0.7274616713360742
2024-10-04,2024-10-04 11:12:00,0.5,True,0.5554377169682265,0.476402584890825,0.7483865280953597
2024-10-04,2024-10-04 11:13:00,0.5,False,0.5536162425520776,0.4751101453292686,0.7680969180836764
2024-10-04,2024-10-04 11:14:00,0.5,False,0.5567288190696,0.4735328829385732,0.8106612164595965
2024-10-04,2024-10-04 11:15:00,0.5,False,0.5624721227625142,0.4736636899964839,0.8273458952824224
2024-10-04,2024-10-04 11:16:00,0.5,False,0.5681007633851597,0.4753245356705572,0.8397909547986107
2024-10-04,2024-10-04 11:17:00,0.5,True,0.5558951244542185,0.4729311238107269,0.8391349321154793
2024-10-04,2024-10-04 11:18:00,0.5,False,0.55275203365898,0.4719845304148212,0.8350981052372068
2024-10-04,2024-10-04 11:19:00,0.5,True,0.5470079157420766,0.4702277767474553,0.8308703259822574
2024-10-04,2024-10-04 11:20:00,0.5,False,0.5394806527602214,0.4665118111586291,0.8260277689500437
2024-10-04,2024-10-04 11:21:00,0.5,True,0.5418703127143175,0.4631089780425089,0.8743336303367741
2024-10-04,2024-10-04 11:22:00,0.5,False,0.5354574993719347,0.4617276193535654,0.8596688613057577
2024-10-04,2024-10-04 11:23:00,0.5,False,0.5402902546576581,0.4565471985105863,0.9280044911189844
2024-10-04,2024-10-04 11:24:00,0.5,False,0.5305133782764044,0.4543625604072673,0.9242296470792726
2024-10-04,2024-10-04 11:25:00,0.5,False,0.5240237990470595,0.4507419223472538,0.9397244544551936
2024-10-04,2024-10-04 11:26:00,0.49,True,0.5251547025120256,0.4511781294888955,0.9421885307189276
2024-10-04,2024-10-04 11:27:00,0.49,False,0.5250752254242131,0.4504688868363262,0.954675851460804
2024-10-04,2024-10-04 11:28:00,0.49,False,0.5329204266354302,0.4530247002889654,0.941995292996495
2024-10-04,2024-10-04 11:29:00,0.49,False,0.5320259384322749,0.4506087313041459,0.972097192698962
2024-10-04,2024-10-04 11:30:00,0.5,True,0.5240994961147101,0.44586558247761,0.9895896223553606
2024-10-04,2024-10-04 11:31:00,0.5,False,0.5355872827186242,0.446970805837193,0.9995345089198822
2024-10-04,2024-10-04 11:32:00,0.5,False,0.5405695493354755,0.4495425767252313,0.9807694737449268
2024-10-04,2024-10-04 11:33:00,0.5,False,0.5533536201557513,0.4535508254028706,0.9872424702017863
2024-10-04,2024-10-04 11:34:00,0.5,False,0.5526484199857877,0.4486683287302058,1.022162512951323
2024-10-04,2024-10-04 11:35:00,0.49,True,0.5529207281556829,0.4505911837730241,0.9972304705904133
2024-10-04,2024-10-04 11:36:00,0.49,True,0.5509996140745322,0.4515877722724167,0.9810313150699276
2024-10-04,2024-10-04 11:37:00,0.49,True,0.5568867381985103,0.4521699137043967,0.9878104766174856
2024-10-04,2024-10-04 11:38:00,0.49,True,0.5495058179595097,0.4482396449610992,1.012469348951907
2024-10-04,2024-10-04 11:39:00,0.49,True,0.5323783895022334,0.4414282230881141,1.056482200062756
2024-10-04,2024-10-04 11:40:00,0.49,True,0.5387262077531288,0.439488620854117,1.0876225204538483
2024-10-04,2024-10-04 11:41:00,0.49,False,0.5351561109617617,0.43928735164403,1.096005971037176
2024-10-04,2024-10-04 11:42:00,0.49,False,0.5210083828586654,0.4339584899529419,1.1132481505786174
2024-10-04,2024-10-04 11:43:00,0.495,True,0.5212012033877175,0.4365980330288511,1.0679996664096436
2024-10-04,2024-10-04 11:44:00,0.49,True,0.5313479392888327,0.4398765206779397,1.0768608561395343
2024-10-04,2024-10-04 11:45:00,0.49,True,0.5303703576544769,0.4379124345535536,1.0950971515984391
2024-10-04,2024-10-04 11:46:00,0.49,True,0.5350921310555912,0.4385775173257645,1.0868462703876152
2024-10-04,2024-10-04 11:47:00,0.49,True,0.5310594979882332,0.436967699842319,1.096559726373663
2024-10-04,2024-10-04 11:48:00,0.49,True,0.5244357021311712,0.4346080685210071,1.112378346358568
2024-10-04,2024-10-04 11:49:00,0.49,True,0.5311815712874804,0.436559565017968,1.1131551839715128
2024-10-04,2024-10-04 11:50:00,0.49,True,0.5350104685413091,0.4361090072556595,1.1247046375279284
2024-10-04,2024-10-04 11:51:00,0.49,True,0.5243978316843709,0.4310394792003914,1.155407773949997
2024-10-04,2024-10-04 11:52:00,0.49,True,0.507701578741328,0.429484234943886,1.1333781373627598
2024-10-04,2024-10-04 11:53:00,0.49,True,0.4970849969782864,0.4289284936162342,1.119572089211085
2024-10-04,2024-10-04 11:54:00,0.49,True,0.4849738548661063,0.4238206508840832,1.1363564393604249
2024-10-04,2024-10-04 11:55:00,0.49,True,0.4812815693670311,0.4205638989553207,1.1494618449457752
2024-10-04,2024-10-04 11:56:00,0.49,True,0.4755544219841646,0.4207447465280894,1.1256079593782549
2024-10-04,2024-10-04 11:57:00,0.49,True,0.4661915293410668,0.4207635790503191,1.0907246579637802
2024-10-04,2024-10-04 11:58:00,0.49,True,0.4741338576299172,0.422183587504344,1.0949960515480694
2024-10-04,2024-10-04 11:59:00,0.49,True,0.467069964910858,0.418005619304147,1.1264491504167848
2024-10-04,2024-10-04 12:00:00,0.49,True,0.473205810458364,0.4225034721931291,1.1044053254220676
2024-10-04,2024-10-04 12:01:00,0.49,True,0.4773818154398364,0.427721530515505,1.0709648009895711
2024-10-04,2024-10-04 12:02:00,0.49,True,0.475291997374212,0.4290201229268367,1.0523918355177724
2024-10-04,2024-10-04 12:03:00,0.5,True,0.4754444314847528,0.4297483500254068,1.025702102108291
2024-10-04,2024-10-04 12:04:00,0.495,True,0.4880963159297407,0.4345596775783504,1.0087915970085937
2024-10-04,2024-10-04 12:05:00,0.49,True,0.4922643458996968,0.4369999102675057,1.0006199944927106
2024-10-04,2024-10-04 12:06:00,0.49,True,0.4938156178980345,0.4330772054718429,1.0254468269714925
2024-10-04,2024-10-04 12:07:00,0.49,True,0.4905817506934818,0.4307506601085466,1.034249299407676
2024-10-04,2024-10-04 12:08:00,0.49,True,0.4975466385444864,0.4359651817056914,1.0120769518459478
2024-10-04,2024-10-04 12:09:00,0.49,False,0.5004745284700197,0.4382932664818442,0.991256602870256
2024-10-04,2024-10-04 12:10:00,0.495,True,0.51541886675049,0.4450329013595109,0.9715292912761836
2024-10-04,2024-10-04 12:11:00,0.49,True,0.5293021205417829,0.4498130371851571,0.9438745251322416
2024-10-04,2024-10-04 12:12:00,0.49,True,0.5340421855659322,0.4513452668810838,0.9398226778075636
2024-10-04,2024-10-04 12:13:00,0.49,True,0.5388270280056062,0.4536981303181341,0.92450515323784
2024-10-04,2024-10-04 12:14:00,0.49,True,0.5458927619805971,0.4560472333350757,0.901085659244677
2024-10-04,2024-10-04 12:15:00,0.49,True,0.5556563838272285,0.4602822865443304,0.8882501960858689
2024-10-04,2024-10-04 12:16:00,0.49,True,0.5584231741067679,0.4632000408047981,0.8679299220405858
2024-10-04,2024-10-04 12:17:00,0.49,True,0.5555695726547466,0.4614791123311224,0.8707998851429405
2024-10-04,2024-10-04 12:18:00,0.49,False,0.5532881418699511,0.4623154926500562,0.8688257296977449
2024-10-04,2024-10-04 12:19:00,0.5,True,0.5538035260703438,0.4627718593550989,0.8591709458317491
2024-10-04,2024-10-04 12:20:00,0.5,True,0.5571652112755443,0.4656411278608466,0.8435416541406223
2024-10-04,2024-10-04 12:21:00,0.49,True,0.5544380326190578,0.464667284427899,0.8523724917552782
2024-10-04,2024-10-04 12:22:00,0.49,False,0.5509158545465817,0.4653079678150987,0.8342424895588092
2024-10-04,2024-10-04 12:23:00,0.5,True,0.5722273256726524,0.4742757279698102,0.804520890348103
2024-10-04,2024-10-04 12:24:00,0.5,False,0.5754360748830416,0.4760296107875938,0.7811155646003518
2024-10-04,2024-10-04 12:25:00,0.5,False,0.5833365682279404,0.478590028634998,0.786991556125345
2024-10-04,2024-10-04 12:26:00,0.5,False,0.5858480681605077,0.481473779055447,0.7719003641231189
2024-10-04,2024-10-04 12:27:00,0.5,False,0.5765599182004258,0.4777532497798429,0.7942106933097841
2024-10-04,2024-10-04 12:28:00,0.5,False,0.5716746194890661,0.4796048837775638,0.7817398143168579
2024-10-04,2024-10-04 12:29:00,0.5,False,0.5760545296292465,0.4786370489886155,0.7903831315460028
2024-10-04,2024-10-04 12:30:00,0.5,False,0.5767534735501681,0.478127446537367,0.7827431387503484
2024-10-04,2024-10-04 12:31:00,0.5,False,0.568402766745281,0.4747367550284615,0.7844689386096171
2024-10-04,2024-10-04 12:32:00,0.5,False,0.5645738162872819,0.4753055706905815,0.7859148591604647
2024-10-04,2024-10-04 12:33:00,0.5,False,0.562862175526685,0.4767690301496756,0.7727993832603574
2024-10-04,2024-10-04 12:34:00,0.5,False,0.5654509274295592,0.4770409397578972,0.7721813488773395
2024-10-04,2024-10-04 12:35:00,0.5,False,0.5684044604600513,0.4771214232535152,0.7832020146227887
2024-10-04,2024-10-04 12:36:00,0.5,False,0.560361560886454,0.4730988765234762,0.7915030419755524
2024-10-04,2024-10-04 12:37:00,0.5,False,0.5535942052594954,0.473135316479834,0.7719577521168064
2024-10-04,2024-10-04 12:38:00,0.5,False,0.5521500941729961,0.4757420668650202,0.768637764565633
2024-10-04,2024-10-04 12:39:00,0.5,False,0.5516925512677064,0.4744184320578319,0.765511867408154
2024-10-04,2024-10-04 12:40:00,0.5,False,0.5308847649442636,0.4641682152859783,0.8239534844612011
2024-10-04,2024-10-04 12:41:00,0.5,False,0.5304281217046205,0.4650664122573979,0.8214028820837418
2024-10-04,2024-10-04 12:42:00,0.5,False,0.5334815209646833,0.465753901453492,0.8121826823364111
2024-10-04,2024-10-04 12:43:00,0.5,False,0.5326097582709677,0.4628092363972539,0.8220483073506611
2024-10-04,2024-10-04 12:44:00,0.5,False,0.5227831476633144,0.4590769068291421,0.8486993759559103
2024-10-04,2024-10-04 12:45:00,0.5,False,0.5188325440707997,0.4591164373050221,0.8434264940322487
2024-10-04,2024-10-04 12:46:00,0.5,False,0.5145255575077984,0.4586365669161207,0.8318646393061728
2024-10-04,2024-10-04 12:47:00,0.5,False,0.5056033450598781,0.4538012775796783,0.8505119504325189
2024-10-04,2024-10-04 12:48:00,0.5,False,0.5071470003776822,0.4537532974241127,0.8487561358495692
2024-10-04,2024-10-04 12:49:00,0.5,True,0.5110561622660269,0.4574706781145556,0.8181302339933653
2024-10-04,2024-10-04 12:50:00,0.5,False,0.5110825829967485,0.4587684011376188,0.8089606113526369
2024-10-04,2024-10-04 12:51:00,0.5,False,0.5105442462978204,0.458374303551514,0.8155314769311547
2024-10-04,2024-10-04 12:52:00,0.5,False,0.5294589740016875,0.4665350618600953,0.7773793159953655
2024-10-04,2024-10-04 12:53:00,0.5,False,0.537207062946621,0.4701294870953809,0.7645169792208799
2024-10-04,2024-10-04 12:54:00,0.5,False,0.5339875890688737,0.4702411396096392,0.7522888880647325
2024-10-04,2024-10-04 12:55:00,0.5,False,0.5324043813300394,0.4685476883157908,0.76827252183288
2024-10-04,2024-10-04 12:56:00,0.5,False,0.5342286138275366,0.4684371812720166,0.7665794455791357
2024-10-04,2024-10-04 12:57:00,0.5,False,0.5336539299986486,0.4702322357381725,0.7502699881839368
2024-10-04,2024-10-04 12:58:00,0.5,False,0.5361228315104976,0.4709772060279243,0.7563190057535208
2024-10-04,2024-10-04 12:59:00,0.5,False,0.5364220630900955,0.4694239504047862,0.78140563079101
2024-10-04,2024-10-04 13:00:00,0.5,False,0.5384919230924498,0.4696946461814698,0.7884452440588338
2024-10-04,2024-10-04 13:01:00,0.5,False,0.5438682337232995,0.4710705728316251,0.7849775580880753
2024-10-04,2024-10-04 13:02:00,0.5,False,0.5459497687631317,0.4724302655853541,0.7743785358384729
2024-10-04,2024-10-04 13:03:00,0.5,False,0.5548473905292948,0.475717426410813,0.7711853986906623
2024-10-04,2024-10-04 13:04:00,0.5,False,0.5647721747536892,0.4812279938021346,0.7380565823896672
2024-10-04,2024-10-04 13:05:00,0.5,True,0.5735457870339553,0.4848537504631496,0.7061949921727957
2024-10-04,2024-10-04 13:06:00,0.5,True,0.5835169427185116,0.4876063153888205,0.6815133769267876
2024-10-04,2024-10-04 13:07:00,0.5,True,0.5754304109762308,0.4840419229728891,0.6895378384703159
2024-10-04,2024-10-04 13:08:00,0.49,True,0.561452436378077,0.478988649430604,0.7257627205158668
2024-10-04,2024-10-04 13:09:00,0.49,False,0.5607632446111832,0.4778959187287087,0.7121563901759748
2024-10-04,2024-10-04 13:10:00,0.49,False,0.5594456373820279,0.4775400404678869,0.7115821116433102
2024-10-04,2024-10-04 13:11:00,0.49,False,0.5710276996683048,0.4821922415812549,0.685335272907759
2024-10-04,2024-10-04 13:12:00,0.49,False,0.5753637646275339,0.4816558979714047,0.7024332757755857
2024-10-04,2024-10-04 13:13:00,0.49,False,0.571765092527179,0.4798257136815934,0.7164184994083411
2024-10-04,2024-10-04 13:14:00,0.49,False,0.5701244408646462,0.4798399101690477,0.7146825359786182
2024-10-04,2024-10-04 13:15:00,0.5,True,0.5702284505141504,0.4807762515799412,0.6970274689485425
2024-10-04,2024-10-04 13:16:00,0.49,True,0.5627744234459096,0.4801949737227735,0.684476513708731
2024-10-04,2024-10-04 13:17:00,0.5,True,0.5650762437386679,0.4827729418486564,0.6730851956114572
2024-10-04,2024-10-04 13:18:00,0.5,True,0.5612736844473887,0.4813958702052826,0.6700579071477485
2024-10-04,2024-10-04 13:19:00,0.5,False,0.5636020307743107,0.4844713099733357,0.6656827105584047
2024-10-04,2024-10-04 13:20:00,0.5,False,0.5638846017270265,0.4821291243465703,0.6939184633800703
2024-10-04,2024-10-04 13:21:00,0.5,False,0.5707413621288322,0.4853402604396886,0.6772275630739167
2024-10-04,2024-10-04 13:22:00,0.5,False,0.5830048658843818,0.4897096873898398,0.6745700310439371
2024-10-04,2024-10-04 13:23:00,0.5,False,0.580743234265296,0.4889337496793784,0.6809633066452141
2024-10-04,2024-10-04 13:24:00,0.5,False,0.5892972559798364,0.4932721814447795,0.6657610553804651
2024-10-04,2024-10-04 13:25:00,0.5,False,0.599138190651719,0.4987108451230567,0.6442800933340747
2024-10-04,2024-10-04 13:26:00,0.5,False,0.5973789318579172,0.4996496094134414,0.6467990735240542
2024-10-04,2024-10-04 13:27:00,0.5,False,0.592675498036204,0.4966909749962026,0.6761318579018574
2024-10-04,2024-10-04 13:28:00,0.5,False,0.5943361263235468,0.4967368691974756,0.6842941631976277
2024-10-04,2024-10-04 13:29:00,0.5,True,0.600225220280973,0.4990430121482398,0.6631486831618167
2024-10-04,2024-10-04 13:30:00,0.5,False,0.5970682556815711,0.4969478221566497,0.6841024802343114
2024-10-04,2024-10-04 13:31:00,0.5,False,0.5923461550164318,0.4925311069082734,0.6992219735309169
2024-10-04,2024-10-04 13:32:00,0.5,False,0.5890144993782487,0.4917677733050584,0.6886464850422661
2024-10-04,2024-10-04 13:33:00,0.5,False,0.5806118416471282,0.4898384271515722,0.6827342587031038
2024-10-04,2024-10-04 13:34:00,0.5,False,0.5747656061069966,0.4865203107464734,0.7075143688171543
2024-10-04,2024-10-04 13:35:00,0.5,True,0.5641055336937283,0.4814245152302329,0.7376966567101191
2024-10-04,2024-10-04 13:36:00,0.5,False,0.5573884190916815,0.4770024525334835,0.7665346155980428
2024-10-04,2024-10-04 13:37:00,0.5,True,0.5576981803785155,0.4769025625276549,0.7688979294471175
2024-10-04,2024-10-04 13:38:00,0.5,False,0.5559670550749934,0.4764005344871892,0.7854411386074569
2024-10-04,2024-10-04 13:39:00,0.5,False,0.5598646724251024,0.4772248058301259,0.8030057989351389
2024-10-04,2024-10-04 13:40:00,0.5,False,0.5523308467084058,0.4752141312711876,0.7986150502806468
2024-10-04,2024-10-04 13:41:00,0.49,True,0.5448824187568064,0.4726234234521387,0.8085626886830717
2024-10-04,2024-10-04 13:42:00,0.49,False,0.535796107421811,0.468316372870607,0.8272756098154493
2024-10-04,2024-10-04 13:43:00,0.49,False,0.5333673901709776,0.4680501111874393,0.8365607833255001
2024-10-04,2024-10-04 13:44:00,0.49,False,0.5315182834003982,0.4697954787414645,0.8146307708459568
2024-10-04,2024-10-04 13:45:00,0.49,False,0.5326710493537811,0.4723032600894754,0.8073685771672159
2024-10-04,2024-10-04 13:46:00,0.49,False,0.5263535546679277,0.4680254456794257,0.8389636529144946
2024-10-04,2024-10-04 13:47:00,0.49,False,0.5210778848264372,0.4662569379837986,0.8507971999443895
2024-10-04,2024-10-04 13:48:00,0.5,True,0.5281700354249512,0.4706435034842138,0.8191174941298309
2024-10-04,2024-10-04 13:49:00,0.5,False,0.5312719230821363,0.4724173308957257,0.8169113039625873
2024-10-04,2024-10-04 13:50:00,0.49,True,0.5295326355205532,0.4701401573012218,0.8438913700744477
2024-10-04,2024-10-04 13:51:00,0.49,False,0.5284914772065349,0.4703199048923488,0.8423883151114435
2024-10-04,2024-10-04 13:52:00,0.49,False,0.5429479331072928,0.475853266759726,0.820730751264411
2024-10-04,2024-10-04 13:53:00,0.49,False,0.5461940357969788,0.4755628317314651,0.8409847444643421
2024-10-04,2024-10-04 13:54:00,0.49,False,0.5562885311707823,0.4787609025685164,0.8151625511995733
2024-10-04,2024-10-04 13:55:00,0.49,False,0.5621705937637518,0.4820420560334812,0.7930990814550312
2024-10-04,2024-10-04 13:56:00,0.49,False,0.5593129814010804,0.481597184026256,0.7982353007225638
2024-10-04,2024-10-04 13:57:00,0.49,False,0.5542545808548829,0.4778344966077106,0.8032693984323173
2024-10-04,2024-10-04 13:58:00,0.49,False,0.5549955735323908,0.4778772038246594,0.7989836596364536
2024-10-04,2024-10-04 13:59:00,0.49,False,0.5459589012251937,0.4727502881620893,0.8243056546743819
2024-10-04,2024-10-04 14:00:00,0.49,False,0.5469917178158388,0.4751272327740211,0.820832671559095
2024-10-04,2024-10-04 14:01:00,0.49,False,0.5405372572382043,0.4729053624206142,0.8246587572527676
2024-10-04,2024-10-04 14:02:00,0.49,False,0.5483699399255173,0.4759952545598837,0.8197712002359636
2024-10-04,2024-10-04 14:03:00,0.5,True,0.5595725617233838,0.4806027671219118,0.8092397260614059
2024-10-04,2024-10-04 14:04:00,0.5,True,0.5584710671404743,0.4818787416184725,0.80645724111354
2024-10-04,2024-10-04 14:05:00,0.5,True,0.5526943547708139,0.4794588643985067,0.8357859916060326
2024-10-04,2024-10-04 14:06:00,0.5,False,0.5585618403633533,0.4814185045499713,0.8342714032245138
2024-10-04,2024-10-04 14:07:00,0.5,False,0.5503101799351675,0.4773098551955372,0.851114252967181
2024-10-04,2024-10-04 14:08:00,0.5,True,0.5512725634773854,0.4753965776429183,0.8582461477292084
2024-10-04,2024-10-04 14:09:00,0.5,False,0.5588310247722229,0.4778119348269087,0.8471604782528201
2024-10-04,2024-10-04 14:10:00,0.5,False,0.5479902011363683,0.4735223760809116,0.866851547749625
2024-10-04,2024-10-04 14:11:00,0.5,False,0.5612749541768933,0.4778685531510472,0.858021628976537
2024-10-04,2024-10-04 14:12:00,0.5,False,0.5685942780192754,0.4798386177546664,0.8507781175065137
2024-10-04,2024-10-04 14:13:00,0.5,False,0.5708973001055542,0.4781636801579471,0.8708826803073837
2024-10-04,2024-10-04 14:14:00,0.5,False,0.5799584620082644,0.4803841501196946,0.8777498657027004
2024-10-04,2024-10-04 14:15:00,0.49,True,0.5669464119005104,0.4757842083623966,0.8957917655145116
2024-10-04,2024-10-04 14:16:00,0.495,True,0.5561843296282684,0.4701751436187192,0.9153507795936766
2024-10-04,2024-10-04 14:17:00,0.495,False,0.5590370462685078,0.4729695441470678,0.9041437943970358
2024-10-04,2024-10-04 14:18:00,0.495,False,0.5484431733325127,0.469551195578899,0.901432206163184
2024-10-04,2024-10-04 14:19:00,0.5,True,0.5449969587823398,0.469152046366361,0.9156233379488794
2024-10-04,2024-10-04 14:20:00,0.5,False,0.5505972729218942,0.4712774209108016,0.9201290379258056
2024-10-04,2024-10-04 14:21:00,0.5,False,0.5430834137925121,0.4678806642240806,0.9340606573041754
2024-10-04,2024-10-04 14:22:00,0.5,True,0.5370849593328616,0.4644892386558822,0.9546294370992257
2024-10-04,2024-10-04 14:23:00,0.5,False,0.5131190769337488,0.4551890661583062,0.9837555341022952
2024-10-04,2024-10-04 14:24:00,0.5,False,0.488488284098669,0.4461327836001225,1.0277561261329944
2024-10-04,2024-10-04 14:25:00,0.5,False,0.4829785886711847,0.4441879481303456,1.024575226444284
2024-10-04,2024-10-04 14:26:00,0.5,False,0.4808248282085437,0.4448578606065987,1.0140496825941183
2024-10-04,2024-10-04 14:27:00,0.5,False,0.4848010932427181,0.4457097223579336,1.0027100586253044
2024-10-04,2024-10-04 14:28:00,0.5,False,0.4940756029925257,0.4478048991214002,1.001050450668064
2024-10-04,2024-10-04 14:29:00,0.5,False,0.4678165260594173,0.4372525179449721,1.0471756392500142
2024-10-04,2024-10-04 14:30:00,0.5,True,0.4579137624348904,0.4343060584586173,1.0544704107984282
2024-10-04,2024-10-04 14:31:00,0.5,True,0.4529439045921848,0.4319554847093087,1.0609011641443609
2024-10-04,2024-10-04 14:32:00,0.5,True,0.4580277160788564,0.4327065688578872,1.0563574330737753
2024-10-04,2024-10-04 14:33:00,0.5,True,0.4598144623634725,0.4339550187400612,1.047745452712836
2024-10-04,2024-10-04 14:34:00,0.5,False,0.4702368289307472,0.4403737294947695,1.0091631126118323
2024-10-04,2024-10-04 14:35:00,0.5,False,0.4680311996822821,0.440574470664237,1.0036830227483269
2024-10-04,2024-10-04 14:36:00,0.5,False,0.4623990032533115,0.4382189680151241,1.0070016876880945
2024-10-04,2024-10-04 14:37:00,0.5,False,0.4677853482073155,0.4381226001151717,1.0185403460970426
2024-10-04,2024-10-04 14:38:00,0.5,True,0.4662388811413484,0.4369371473952512,1.0275370741752434
2024-10-04,2024-10-04 14:39:00,0.5,False,0.4614383339994705,0.4349181754659071,1.046749945774569
2024-10-04,2024-10-04 14:40:00,0.5,False,0.457941462061199,0.4326662458936466,1.047605147693295
2024-10-04,2024-10-04 14:41:00,0.5,False,0.4663053021024912,0.4377592333299714,1.018365745546309
2024-10-04,2024-10-04 14:42:00,0.5,False,0.4703858982820219,0.4403654053694212,1.0189551671005082
2024-10-04,2024-10-04 14:43:00,0.5,True,0.4737389905974287,0.4424798095976029,1.0040853670677152
2024-10-04,2024-10-04 14:44:00,0.5,False,0.4787584201573797,0.4423391681102748,1.011413287588355
2024-10-04,2024-10-04 14:45:00,0.5,False,0.4832666584429308,0.4451252479726086,1.003302847569829
2024-10-04,2024-10-04 14:46:00,0.5,False,0.4863874191300413,0.4456206284389343,1.0041224957112325
2024-10-04,2024-10-04 14:47:00,0.5,False,0.4883396443065648,0.4465076884461755,0.9990695524291672
2024-10-04,2024-10-04 14:48:00,0.5,False,0.4868080546774542,0.4452076087543035,1.0086808112761076
2024-10-04,2024-10-04 14:49:00,0.5,False,0.4832075393543744,0.4424670261306309,1.0296102959742992
2024-10-04,2024-10-04 14:50:00,0.5,False,0.4823281760152649,0.4412748522798804,1.0428032931600553
2024-10-04,2024-10-04 14:51:00,0.5,False,0.4799365688891777,0.4411696323368287,1.03731371298188
2024-10-04,2024-10-04 14:52:00,0.5,False,0.4873807325731494,0.4449392992700491,1.0222789771161875
2024-10-04,2024-10-04 14:53:00,0.5,False,0.5010658865381701,0.4505474321261262,0.9940141353322628
2024-10-04,2024-10-04 14:54:00,0.5,False,0.504009149910729,0.4498921183795119,0.999069281456218
2024-10-04,2024-10-04 14:55:00,0.5,True,0.5055003980258218,0.4495322222092854,1.0059379923631675
2024-10-04,2024-10-04 14:56:00,0.5,False,0.5014373636304272,0.4491908621718815,1.0045009286383266
2024-10-04,2024-10-04 14:57:00,0.5,True,0.5037010004947576,0.4503095242437117,0.9959098108732594
2024-10-04,2024-10-04 14:58:00,0.5,False,0.5001597966246332,0.450723305030975,0.9744055460207708
2024-10-04,2024-10-04 14:59:00,0.5,True,0.4912544992143111,0.4473238292334631,1.0002329981785658
2024-10-04,2024-10-04 15:00:00,0.5,True,0.4969349645494604,0.4501119501668378,0.9838508218870898
2024-10-04,2024-10-04 15:01:00,0.5,False,0.4998099501701319,0.4511305458310068,0.9789491328302956
2024-10-04,2024-10-04 15:02:00,0.5,False,0.5020016351767642,0.4516460386259454,0.9775432812678682
2024-10-04,2024-10-04 15:03:00,0.5,True,0.5123993481766376,0.4545532868308046,0.9790737425823456
2024-10-04,2024-10-04 15:04:00,0.5,False,0.5077012350377508,0.4509174402935201,1.006356133119889
2024-10-04,2024-10-04 15:05:00,0.5,True,0.5059245194231101,0.4503435463175298,1.001326220171065
2024-10-04,2024-10-04 15:06:00,0.5,False,0.515393977014627,0.4537913020943482,0.983896294632108
2024-10-04,2024-10-04 15:07:00,0.5,False,0.5218488791039976,0.4568149692537499,0.9665409740522748
2024-10-04,2024-10-04 15:08:00,0.5,False,0.5205795303753629,0.4595443090376745,0.9288132104584684
2024-10-04,2024-10-04 15:09:00,0.5,False,0.5210199756458671,0.4596579634794859,0.921664747396102
2024-10-04,2024-10-04 15:10:00,0.5,False,0.5125234961845702,0.4559821355412224,0.9364996804961004
2024-10-04,2024-10-04 15:11:00,0.5,False,0.5067537649052628,0.4534309740036628,0.9619034797355848
2024-10-04,2024-10-04 15:12:00,0.5,False,0.5096927682232089,0.4537749651812774,0.97342675231429
2024-10-04,2024-10-04 15:13:00,0.5,False,0.5075214048424619,0.4526886739067396,0.9892290737070584
2024-10-04,2024-10-04 15:14:00,0.5,False,0.5011349401259201,0.4497702923487474,1.0110946008610464
2024-10-04,2024-10-04 15:15:00,0.5,False,0.498462309722942,0.4474922380166994,1.016623662854756
2024-10-04,2024-10-04 15:16:00,0.5,False,0.4946537096172272,0.4470857128183584,1.0092204346875648
2024-10-04,2024-10-04 15:17:00,0.5,False,0.4932886460922291,0.4510666589377152,0.9842087477969704
2024-10-04,2024-10-04 15:18:00,0.5,False,0.4905403696207595,0.4505588969674415,0.97848728046242
2024-10-04,2024-10-04 15:19:00,0.5,False,0.483739040196337,0.4468632153704505,0.9923716953213262
2024-10-04,2024-10-04 15:20:00,0.5,False,0.4818132148205529,0.4487297844645275,0.977186525677776
2024-10-04,2024-10-04 15:21:00,0.5,False,0.4832932841682837,0.4478324179534385,0.990378081226884
2024-10-04,2024-10-04 15:22:00,0.5,False,0.4733099480994993,0.4440059696299522,0.9733383352059451
2024-10-04,2024-10-04 15:23:00,0.5,False,0.4626412636864072,0.4401290872965819,1.003396645129224
2024-10-04,2024-10-04 15:24:00,0.5,True,0.4635126518499587,0.4385227501054167,1.0206101074592422
2024-10-04,2024-10-04 15:25:00,0.49,True,0.4748820722038527,0.441352550402588,1.0003750512655347
2024-10-04,2024-10-04 15:26:00,0.49,False,0.466763563255693,0.4368613757572246,1.017717389434605
2024-10-04,2024-10-04 15:27:00,0.49,False,0.4735182083892025,0.4395232678599274,1.000633096482441
2024-10-04,2024-10-04 15:28:00,0.49,False,0.4749982534983532,0.4398090136791897,1.0159482949359535
2024-10-04,2024-10-04 15:29:00,0.49,False,0.4735309067548594,0.4381780695537485,1.0239568796561926
2024-10-04,2024-10-04 15:30:00,0.5,True,0.4713260251038891,0.439331112706816,1.0006160627427048
2024-10-04,2024-10-04 15:31:00,0.5,True,0.473258676219988,0.4401953985848371,0.9963251688315676
2024-10-04,2024-10-04 15:32:00,0.495,True,0.4796440004855008,0.4427676339265174,1.0013718960375266
2024-10-04,2024-10-04 15:33:00,0.495,False,0.4827863162735431,0.443688055407256,0.988625964788214
2024-10-04,2024-10-04 15:34:00,0.495,False,0.4882084462803253,0.4457399992046528,0.9945691966272838
2024-10-04,2024-10-04 15:35:00,0.495,False,0.4958886182497184,0.4494184365076784,0.982096522368746
2024-10-04,2024-10-04 15:36:00,0.495,False,0.4868839216205533,0.443922692631062,1.0151762928517138
2024-10-04,2024-10-04 15:37:00,0.495,False,0.4856707815716125,0.4409652142305856,1.0199620959212703
2024-10-04,2024-10-04 15:38:00,0.495,False,0.4867181683100775,0.4394855824528271,1.0435760444598738
2024-10-04,2024-10-04 15:39:00,0.495,False,0.4822178946006449,0.4376668222173407,1.0547167001371665
2024-10-04,2024-10-04 15:40:00,0.495,False,0.4843216444287827,0.4393195588220485,1.0314349328888237
2024-10-04,2024-10-04 15:41:00,0.495,False,0.4832931885509279,0.4416017963794201,0.9955196087129108
2024-10-04,2024-10-04 15:42:00,0.495,False,0.4851937959920483,0.4417954616059553,1.0078137378118344
2024-10-04,2024-10-04 15:43:00,0.495,False,0.4834965357823148,0.4414067881640785,1.023177506762513
2024-10-04,2024-10-04 15:44:00,0.5,True,0.4818024718653683,0.4386224772533408,1.0565354185318805
2024-10-04,2024-10-04 15:45:00,0.5,False,0.4778716619195777,0.4365670356925282,1.075138780850908
2024-10-04,2024-10-04 15:46:00,0.5,False,0.4743069474059235,0.4334477044675787,1.1048850397867205
2024-10-04,2024-10-04 15:47:00,0.5,False,0.470768958985718,0.4329417027949737,1.1237693750678397
2024-10-04,2024-10-04 15:48:00,0.5,False,0.4688308490676348,0.4341795966263247,1.1072847002938315
2024-10-04,2024-10-04 15:49:00,0.5,False,0.4674649388734326,0.435291328557324,1.0887594916989332
2024-10-04,2024-10-04 15:50:00,0.5,False,0.4595819559456238,0.4319318987652731,1.1128426992883675
2024-10-04,2024-10-04 15:51:00,0.5,True,0.456719900109041,0.4307868090657032,1.1215792610949753
2024-10-04,2024-10-04 15:52:00,0.5,False,0.4533630291613857,0.4292985960089205,1.1197229010778815
2024-10-04,2024-10-04 15:53:00,0.5,True,0.4521413050330851,0.4326396231904031,1.1026529783016017
2024-10-04,2024-10-04 15:54:00,0.5,False,0.4616765130934694,0.4333101196538264,1.1040964974567182
2024-10-04,2024-10-04 15:55:00,0.5,False,0.4745660584265436,0.4406863505216458,1.074877099150525
2024-10-04,2024-10-04 15:56:00,0.5,False,0.456254150018967,0.4360983526992854,1.0942339657976423
2024-10-04,2024-10-04 15:57:00,0.5,False,0.4538430110372695,0.4326265451968568,1.1128373545525445
2024-10-04,2024-10-04 15:58:00,0.5,True,0.4708292468259839,0.4408385018871166,1.074756375963047
2024-10-04,2024-10-04 15:59:00,0.5,False,0.4704734968433341,0.4382265818443606,1.086077867661551
2024-10-04,2024-10-04 16:00:00,0.5,False,0.4756663732980507,0.4393806555887015,1.0706716954875275
2024-10-07,2024-10-07 09:31:00,0.5,True,0.6285564180485778,0.5150180086196395,1.09428270704507
2024-10-07,2024-10-07 09:32:00,0.5,True,0.6655478683498892,0.5386656372041676,0.9172401348116004
2024-10-07,2024-10-07 09:33:00,0.5,False,0.6898458954119739,0.5524401898794179,0.8096416954039729
2024-10-07,2024-10-07 09:34:00,0.5,False,0.7106176716081058,0.5714771027665185,0.6748856850153541
2024-10-07,2024-10-07 09:35:00,0.5,True,0.7300882008007379,0.5795281369656062,0.5953456645148116
2024-10-07,2024-10-07 09:36:00,0.5,False,0.7523917021753282,0.5826823038681634,0.5903316981628852
2024-10-07,2024-10-07 09:37:00,0.5,False,0.7579176639708156,0.5859978067126624,0.5277711313986694
2024-10-07,2024-10-07 09:38:00,0.49,True,0.7865855487152109,0.6048254473711341,0.3820833393687528
2024-10-07,2024-10-07 09:39:00,0.49,False,0.7419564892694888,0.5804490344222257,0.4577354101406681
2024-10-07,2024-10-07 09:40:00,0.49,False,0.7306295717287182,0.5738181867048535,0.490732633422184
2024-10-07,2024-10-07 09:41:00,0.49,False,0.7614866909779943,0.590487270482156,0.4319399651194535
2024-10-07,2024-10-07 09:42:00,0.5,True,0.7700230235677173,0.5995126043063477,0.3969022403431098
2024-10-07,2024-10-07 09:43:00,0.5,False,0.809539435901699,0.6161421471910653,0.3166614749439269
2024-10-07,2024-10-07 09:44:00,0.5,False,0.833551078367532,0.6278258380726085,0.2628049936736475
2024-10-07,2024-10-07 09:45:00,0.5,False,0.8295356155270825,0.62689695263266,0.2938375660924716
2024-10-07,2024-10-07 09:46:00,0.5,False,0.8509773637335949,0.635549142390854,0.2929089954188529
2024-10-07,2024-10-07 09:47:00,0.5,False,0.8536250033502053,0.6368721645665945,0.2431493765077247
2024-10-07,2024-10-07 09:48:00,0.5,False,0.8460900245399816,0.6305225125185228,0.2445592884988494
2024-10-07,2024-10-07 09:49:00,0.5,False,0.8463530971180646,0.6324886315028241,0.1760697303393006
2024-10-07,2024-10-07 09:50:00,0.5,False,0.8544814348175713,0.6349855397071973,0.1509469917747573
2024-10-07,2024-10-07 09:51:00,0.5,False,0.8795676695351824,0.6435811878026734,0.1366539441113325
2024-10-07,2024-10-07 09:52:00,0.5,False,0.8801670283372559,0.6407628258970814,0.1528845657793169
2024-10-07,2024-10-07 09:53:00,0.5,False,0.8718986521886378,0.6377939554639511,0.1406043404874572
2024-10-07,2024-10-07 09:54:00,0.5,False,0.8519319065432537,0.6264952121356365,0.2234012444218321
2024-10-07,2024-10-07 09:55:00,0.5,True,0.8370864749315514,0.6243380881563969,0.23713890632765
2024-10-07,2024-10-07 09:56:00,0.5,True,0.8309828146634456,0.6136675327051372,0.3019833914272721
2024-10-07,2024-10-07 09:57:00,0.5,True,0.8316484717514707,0.610623960358829,0.3003686338721424
2024-10-07,2024-10-07 09:58:00,0.5,False,0.8566927764549174,0.6222225448555689,0.1923208150589546
2024-10-07,2024-10-07 09:59:00,0.5,False,0.8667420833915057,0.6260853515877306,0.1704007521223541
2024-10-07,2024-10-07 10:00:00,0.5,False,0.8584046713248764,0.6246776657810489,0.1867442264065577
2024-10-07,2024-10-07 10:01:00,0.5,False,0.8383814150654321,0.6165768416894479,0.187364742311874
2024-10-07,2024-10-07 10:02:00,0.5,False,0.8486345013489467,0.6189141966504494,0.1728239174067045
2024-10-07,2024-10-07 10:03:00,0.5,False,0.8559959972438298,0.6178671938773983,0.1933679844953898
2024-10-07,2024-10-07 10:04:00,0.5,False,0.841082328698135,0.6113486748116779,0.199165825614101
2024-10-07,2024-10-07 10:05:00,0.5,False,0.8206026105307307,0.6067681488999872,0.2427105965603594
2024-10-07,2024-10-07 10:06:00,0.5,False,0.8270078023984235,0.6053612330760534,0.2510565085985474
2024-10-07,2024-10-07 10:07:00,0.5,False,0.8376178082848412,0.6059314262546036,0.2575948666946623
2024-10-07,2024-10-07 10:08:00,0.5,False,0.7987512196617285,0.5914130659452265,0.3666397304782627
2024-10-07,2024-10-07 10:09:00,0.5,False,0.8088393271078136,0.5930204981203846,0.3505692195976448
2024-10-07,2024-10-07 10:10:00,0.5,False,0.8002411006319863,0.5909454465359198,0.3784854092300663
2024-10-07,2024-10-07 10:11:00,0.5,False,0.7908552466496035,0.5862702891552499,0.3777673694851102
2024-10-07,2024-10-07 10:12:00,0.5,False,0.7719963118032641,0.5739317388867848,0.4376934030265489
2024-10-07,2024-10-07 10:13:00,0.5,False,0.7440891744188922,0.5596524296740928,0.5347274545221467
2024-10-07,2024-10-07 10:14:00,0.5,False,0.7414349623038151,0.5598729729550308,0.5230876294056036
2024-10-07,2024-10-07 10:15:00,0.5,False,0.7194980778773159,0.5570806471597917,0.4877757013266425
2024-10-07,2024-10-07 10:16:00,0.5,False,0.711877297476832,0.5563015111536911,0.4951763857894564
2024-10-07,2024-10-07 10:17:00,0.5,True,0.7180876784337669,0.5590036755368801,0.4747687462415027
2024-10-07,2024-10-07 10:18:00,0.5,False,0.7158947197209957,0.5565287475467384,0.4881937153506264
2024-10-07,2024-10-07 10:19:00,0.5,False,0.7035225310236659,0.5522774474995824,0.4817863515327451
2024-10-07,2024-10-07 10:20:00,0.5,False,0.7222686540012351,0.5611036059313156,0.4511084106115623
2024-10-07,2024-10-07 10:21:00,0.5,False,0.7118160916273173,0.5557756488319209,0.4666223836565124
2024-10-07,2024-10-07 10:22:00,0.495,True,0.7122948054051219,0.560047015454986,0.4381654484203237
2024-10-07,2024-10-07 10:23:00,0.495,False,0.7038123964952396,0.5564613146184424,0.4576208148944262
2024-10-07,2024-10-07 10:24:00,0.495,False,0.6922741709260052,0.5495831684175246,0.5077349522957196
2024-10-07,2024-10-07 10:25:00,0.495,False,0.6781105247917425,0.5421816550021004,0.5215456188766886
2024-10-07,2024-10-07 10:26:00,0.495,False,0.6888951905772149,0.5475687112274626,0.5149965430708439
2024-10-07,2024-10-07 10:27:00,0.49,True,0.6915483508474116,0.5507843096300314,0.4771079328106464
2024-10-07,2024-10-07 10:28:00,0.49,False,0.6924763381221177,0.5513732894286588,0.4415709235025313
2024-10-07,2024-10-07 10:29:00,0.5,True,0.6814796147840947,0.5500647912146365,0.4390147349525253
2024-10-07,2024-10-07 10:30:00,0.5,False,0.6883420474403621,0.5559489391855589,0.4042329134361457
2024-10-07,2024-10-07 10:31:00,0.5,True,0.678061856904541,0.5556719871515823,0.3883379980516577
2024-10-07,2024-10-07 10:32:00,0.5,False,0.6809055215442634,0.556182505079109,0.4004041189332877
2024-10-07,2024-10-07 10:33:00,0.5,True,0.6908549677589587,0.5616493449833438,0.3915697228466132
2024-10-07,2024-10-07 10:34:00,0.5,True,0.6970694473018395,0.566487834768393,0.3811201928482443
2024-10-07,2024-10-07 10:35:00,0.5,True,0.6925095837759836,0.5665085196258471,0.3886376793464201
2024-10-07,2024-10-07 10:36:00,0.5,False,0.7075369335439946,0.5721794555799935,0.3612538800003693
2024-10-07,2024-10-07 10:37:00,0.5,False,0.7110284228449244,0.5780106384328926,0.3309612166104831
2024-10-07,2024-10-07 10:38:00,0.5,False,0.7289612885936184,0.5869951711130377,0.2879524998608944
2024-10-07,2024-10-07 10:39:00,0.5,True,0.7244268729823564,0.5830327246954572,0.2973470065491637
2024-10-07,2024-10-07 10:40:00,0.5,False,0.724520623197641,0.5866646075820444,0.2445046357119632
2024-10-07,2024-10-07 10:41:00,0.5,False,0.7460886989081896,0.5953152105208358,0.2070721179853943
2024-10-07,2024-10-07 10:42:00,0.49,True,0.7590333211519054,0.5987153732695374,0.2009610682807255
2024-10-07,2024-10-07 10:43:00,0.49,False,0.7667825846330336,0.6029679278237345,0.1722731838346734
2024-10-07,2024-10-07 10:44:00,0.5,True,0.7719032657411833,0.6061980357037692,0.1364166660105041
2024-10-07,2024-10-07 10:45:00,0.5,True,0.7794697477543902,0.6077122932143144,0.1394245757817108
2024-10-07,2024-10-07 10:46:00,0.5,False,0.7879755072187071,0.6124273588023048,0.1247684011968824
2024-10-07,2024-10-07 10:47:00,0.5,False,0.7885221737674568,0.6118490879140511,0.1289767654188471
2024-10-07,2024-10-07 10:48:00,0.5,False,0.7901102361204679,0.6126080046020327,0.1137017629870263
2024-10-07,2024-10-07 10:49:00,0.5,False,0.7843811406504843,0.6090584329865253,0.1207539742465441
2024-10-07,2024-10-07 10:50:00,0.5,False,0.7774570344279481,0.608555574360411,0.1112093371820244
2024-10-07,2024-10-07 10:51:00,0.5,False,0.77761353143577,0.612556618461413,0.0907600790900781
2024-10-07,2024-10-07 10:52:00,0.5,False,0.773527812606587,0.6106397055291828,0.0686460210432676
2024-10-07,2024-10-07 10:53:00,0.5,True,0.7759615020388213,0.6090257867718731,0.0734758524202627
2024-10-07,2024-10-07 10:54:00,0.5,True,0.7708161302115568,0.6069443465330581,0.0868051912987635
2024-10-07,2024-10-07 10:55:00,0.5,False,0.7584309116800159,0.6007605982119971,0.0862103821086405
2024-10-07,2024-10-07 10:56:00,0.5,False,0.7445260893454848,0.5961299952726594,0.0881306530223005
2024-10-07,2024-10-07 10:57:00,0.5,True,0.7403787549574783,0.5936791158831449,0.0764566336508448
2024-10-07,2024-10-07 10:58:00,0.5,False,0.7384027434565167,0.5933816369528042,0.05478778015572
2024-10-07,2024-10-07 10:59:00,0.5,False,0.7334168218776945,0.5932048409560983,0.0602235500452107
2024-10-07,2024-10-07 11:00:00,0.5,False,0.7395651851754415,0.5947085907353166,0.0821594704145096
2024-10-07,2024-10-07 11:01:00,0.5,False,0.745311537633423,0.5908451901577355,0.1365692404921604
2024-10-07,2024-10-07 11:02:00,0.5,False,0.7673444734159967,0.6004338942364895,0.0885641522427156
2024-10-07,2024-10-07 11:03:00,0.5,True,0.7762426618874968,0.6013921898081032,0.1224576081131751
2024-10-07,2024-10-07 11:04:00,0.5,False,0.766036473527469,0.5949149125627418,0.1443124839712269
2024-10-07,2024-10-07 11:05:00,0.5,False,0.7586340620871405,0.5895537431138519,0.1811175055144568
2024-10-07,2024-10-07 11:06:00,0.5,True,0.7549476092441516,0.5876453257593933,0.1965733424603749
2024-10-07,2024-10-07 11:07:00,0.5,True,0.7595338195954695,0.5882765973493824,0.2072642656595539
2024-10-07,2024-10-07 11:08:00,0.49,True,0.7604306900637785,0.588372341618461,0.2066751234203258
2024-10-07,2024-10-07 11:09:00,0.49,False,0.7633562054974936,0.5863221113147107,0.227666644966603
2024-10-07,2024-10-07 11:10:00,0.49,False,0.7587198395622847,0.5841310309641563,0.2523171181667761
2024-10-07,2024-10-07 11:11:00,0.49,False,0.7590970131458786,0.5832564717323515,0.2511007958933117
2024-10-07,2024-10-07 11:12:00,0.5,True,0.7562060899764951,0.582894908252527,0.2513527502232392
2024-10-07,2024-10-07 11:13:00,0.5,False,0.7564539929844156,0.5875545337029794,0.2175855002355763
2024-10-07,2024-10-07 11:14:00,0.5,False,0.745348534111336,0.5861713328574153,0.2223270610182415
2024-10-07,2024-10-07 11:15:00,0.5,False,0.7381947655079388,0.5833289192268241,0.242080627655009
2024-10-07,2024-10-07 11:16:00,0.5,False,0.7468672155363001,0.584381431489515,0.2321428168810928
2024-10-07,2024-10-07 11:17:00,0.5,False,0.7545687563705505,0.5890931295148955,0.1933775512777755
2024-10-07,2024-10-07 11:18:00,0.5,False,0.7550692931555492,0.585192080563998,0.2056476052339814
2024-10-07,2024-10-07 11:19:00,0.5,False,0.7497012514627999,0.5840271140003577,0.191652500479292
2024-10-07,2024-10-07 11:20:00,0.5,False,0.7464989065030929,0.5830932804548838,0.187644217877455
2024-10-07,2024-10-07 11:21:00,0.5,False,0.7588896679925824,0.5878529749447668,0.1561598013097025
2024-10-07,2024-10-07 11:22:00,0.5,False,0.7694972420257749,0.5911023218581152,0.1234625536692247
2024-10-07,2024-10-07 11:23:00,0.49,True,0.7839010901326691,0.5960459660947874,0.0935449218645561
2024-10-07,2024-10-07 11:24:00,0.49,False,0.7764683450469383,0.5928051703219561,0.1129486139703657
2024-10-07,2024-10-07 11:25:00,0.49,False,0.7742173998675693,0.5915252370085775,0.1498625363593842
2024-10-07,2024-10-07 11:26:00,0.49,False,0.7801654875927477,0.5941925832848629,0.1372267420111528
2024-10-07,2024-10-07 11:27:00,0.49,False,0.7824522753566108,0.5948245728967716,0.1241903505993637
2024-10-07,2024-10-07 11:28:00,0.49,False,0.7771770077516481,0.5905572617895858,0.1365237845524878
2024-10-07,2024-10-07 11:29:00,0.49,False,0.769043222583194,0.5888969848290976,0.1459087168891613
2024-10-07,2024-10-07 11:30:00,0.49,False,0.7588015923008813,0.5839233101080915,0.1652490368522106
2024-10-07,2024-10-07 11:31:00,0.49,False,0.7521174598205327,0.5813315179353182,0.178449714144292
2024-10-07,2024-10-07 11:32:00,0.5,True,0.7557318908513364,0.5842682780411199,0.148642664892649
2024-10-07,2024-10-07 11:33:00,0.5,True,0.7531327048306181,0.5832971693261255,0.1446924797662612
2024-10-07,2024-10-07 11:34:00,0.5,False,0.7526029449250706,0.5851255602424754,0.1290331626985665
2024-10-07,2024-10-07 11:35:00,0.5,False,0.7440525904600532,0.5853661976184104,0.1024567995183786
2024-10-07,2024-10-07 11:36:00,0.5,True,0.7515715338025839,0.5891124663142046,0.084037177529132
2024-10-07,2024-10-07 11:37:00,0.5,True,0.7737280449333609,0.6010898281732051,0.0461241015547098
2024-10-07,2024-10-07 11:38:00,0.5,True,0.7794277768557221,0.603738035170624,0.0590461698376416
2024-10-07,2024-10-07 11:39:00,0.5,True,0.7778194882626501,0.6034700989029836,0.0776940763000973
2024-10-07,2024-10-07 11:40:00,0.5,True,0.7827231805231272,0.6052659034597533,0.0762508497967021
2024-10-07,2024-10-07 11:41:00,0.5,True,0.7795530612193091,0.6044107993558401,0.0823559754005362
2024-10-07,2024-10-07 11:42:00,0.5,False,0.7743119703226191,0.6053373174459761,0.0612724028046839
2024-10-07,2024-10-07 11:43:00,0.5,True,0.7846004525262646,0.6076586758893401,0.0584783226067431
2024-10-07,2024-10-07 11:44:00,0.5,False,0.7989124752108364,0.6139308413647997,0.0282176609975083
2024-10-07,2024-10-07 11:45:00,0.5,False,0.792854855398491,0.6087225635697697,0.0570544612969203
2024-10-07,2024-10-07 11:46:00,0.5,True,0.78989285464737,0.6059478570073044,0.0777429472820659
2024-10-07,2024-10-07 11:47:00,0.5,False,0.791575254110298,0.604743713221174,0.0932469524324171
2024-10-07,2024-10-07 11:48:00,0.5,True,0.7889590015237165,0.607531905759782,0.0768059293434068
2024-10-07,2024-10-07 11:49:00,0.5,True,0.7886687228713645,0.6114293988691692,0.0666009694726536
2024-10-07,2024-10-07 11:50:00,0.5,True,0.7923853072548531,0.6163960328599002,0.0207937313407526
2024-10-07,2024-10-07 11:51:00,0.5,False,0.7807098050777752,0.610433130321266,0.0416318095139583
2024-10-07,2024-10-07 11:52:00,0.5,True,0.7853978318578158,0.6135431819501036,0.017624618710764
2024-10-07,2024-10-07 11:53:00,0.5,False,0.7802503162459116,0.6159495567724269,-0.0129586405374434
2024-10-07,2024-10-07 11:54:00,0.5,True,0.7825656779984047,0.6151936117497319,-0.0132748443352574
2024-10-07,2024-10-07 11:55:00,0.5,True,0.7741146798072212,0.6126016920512671,-0.0140232548021068
2024-10-07,2024-10-07 11:56:00,0.5,False,0.7751461868860394,0.6106895978122475,-0.003236872525263
2024-10-07,2024-10-07 11:57:00,0.5,False,0.778901037335788,0.6115615991344476,-0.0018655362018067
2024-10-07,2024-10-07 11:58:00,0.5,True,0.7811372665080418,0.6150553323209962,-0.0130924444248917
2024-10-07,2024-10-07 11:59:00,0.5,False,0.7939986962860061,0.6215079929166247,-0.0308370875567832
2024-10-07,2024-10-07 12:00:00,0.5,True,0.7954785281630905,0.6213884749369634,-0.0295149477930987
2024-10-07,2024-10-07 12:01:00,0.5,False,0.804352836265342,0.6241505913502652,-0.0415357595845639
2024-10-07,2024-10-07 12:02:00,0.5,False,0.814591204585057,0.6269403932729446,-0.0610555192926021
2024-10-07,2024-10-07 12:03:00,0.5,False,0.8251991466583388,0.628787399231467,-0.0492427810321334
2024-10-07,2024-10-07 12:04:00,0.5,False,0.8363310391256749,0.6333668428810204,-0.0789828533581366
2024-10-07,2024-10-07 12:05:00,0.5,False,0.8263229331886377,0.6293743231367346,-0.0697175287743702
2024-10-07,2024-10-07 12:06:00,0.5,False,0.8130491237423731,0.624591896957207,-0.0633706947057403
2024-10-07,2024-10-07 12:07:00,0.5,False,0.7978350972117807,0.6172473401935471,-0.0225201294014443
2024-10-07,2024-10-07 12:08:00,0.5,False,0.7941725017062233,0.6163063891636754,-0.0251967128057941
2024-10-07,2024-10-07 12:09:00,0.5,False,0.7767153446651311,0.6074896358212901,-0.0069777263137151
2024-10-07,2024-10-07 12:10:00,0.5,False,0.764882365286055,0.6027608306282073,0.0301198954177785
2024-10-07,2024-10-07 12:11:00,0.5,True,0.7642417184258394,0.6044311217418944,0.0528352984990256
2024-10-07,2024-10-07 12:12:00,0.5,False,0.7565745232686268,0.6046856542431612,0.0500557067675996
2024-10-07,2024-10-07 12:13:00,0.5,True,0.7599550636376136,0.6052857719663367,0.0564333858856015
2024-10-07,2024-10-07 12:14:00,0.5,False,0.7587227630592792,0.6078631782705275,0.0377159580175638
2024-10-07,2024-10-07 12:15:00,0.5,False,0.7523566162952805,0.6049866823056114,0.0454165629205442
2024-10-07,2024-10-07 12:16:00,0.5,True,0.7453665669526948,0.6039847242376102,0.0451527610399301
2024-10-07,2024-10-07 12:17:00,0.5,False,0.7369054011798357,0.6014173804867194,0.0644547425848036
2024-10-07,2024-10-07 12:18:00,0.5,True,0.7300663107326313,0.6006383623733424,0.054241778825749
2024-10-07,2024-10-07 12:19:00,0.5,False,0.7282167903292077,0.6016918628594374,0.0267983311744337
2024-10-07,2024-10-07 12:20:00,0.5,False,0.7301840152332886,0.6014610571601317,0.0296626104956742
2024-10-07,2024-10-07 12:21:00,0.5,True,0.7268222802021311,0.6003272841062933,0.0303139096622124
2024-10-07,2024-10-07 12:22:00,0.5,True,0.7262341159502977,0.6024158385105716,0.01733546757509
2024-10-07,2024-10-07 12:23:00,0.5,True,0.7282458355002,0.6042984624080232,0.0026158067165966
2024-10-07,2024-10-07 12:24:00,0.5,False,0.7416272223545601,0.612864442220806,-0.0553244663422392
2024-10-07,2024-10-07 12:25:00,0.5,True,0.7500556409097394,0.6177144829973145,-0.0806988646025734
2024-10-07,2024-10-07 12:26:00,0.5,True,0.7621843125111802,0.623253756285742,-0.091337613803798
2024-10-07,2024-10-07 12:27:00,0.5,False,0.7578123397768202,0.6160577915266016,-0.0405193884569011
2024-10-07,2024-10-07 12:28:00,0.5,False,0.7549603654173348,0.6131141221488101,-0.0080602760667348
2024-10-07,2024-10-07 12:29:00,0.5,True,0.758308262017472,0.6127261472444911,0.0116888720567681
2024-10-07,2024-10-07 12:30:00,0.5,False,0.7582702689753278,0.6129977491095192,0.0154339686224216
2024-10-07,2024-10-07 12:31:00,0.5,False,0.7589264195955081,0.6146671842750457,0.0092616263952406
2024-10-07,2024-10-07 12:32:00,0.5,False,0.7611081237202253,0.6156680210969921,0.005532547292033
2024-10-07,2024-10-07 12:33:00,0.5,True,0.7694408701256243,0.6124924670782008,0.0355972018343128
2024-10-07,2024-10-07 12:34:00,0.49,True,0.7756371467859036,0.6136590351800539,0.0261610691558697
2024-10-07,2024-10-07 12:35:00,0.49,False,0.7645362896689064,0.606429809293794,0.0721638225609704
2024-10-07,2024-10-07 12:36:00,0.5,True,0.7702376833830258,0.6106805252241645,0.0393736952776825
2024-10-07,2024-10-07 12:37:00,0.5,True,0.7503838969700629,0.6020329766953252,0.0773635985969265
2024-10-07,2024-10-07 12:38:00,0.5,True,0.7513384428042992,0.6017753886475175,0.0915480429215854
2024-10-07,2024-10-07 12:39:00,0.5,False,0.7462751792496891,0.6014198076535561,0.0841133730873542
2024-10-07,2024-10-07 12:40:00,0.5,False,0.7524796533936491,0.6027690261869838,0.0814512277522656
2024-10-07,2024-10-07 12:41:00,0.5,False,0.7522254889800575,0.5969888083197571,0.1285764459682146
2024-10-07,2024-10-07 12:42:00,0.5,True,0.7552747614359325,0.5991825729804181,0.1034766298849155
2024-10-07,2024-10-07 12:43:00,0.5,False,0.7597769482005462,0.5999996016588992,0.105157365330702
2024-10-07,2024-10-07 12:44:00,0.5,False,0.7612432667386712,0.6029057407320456,0.0724685826877846
2024-10-07,2024-10-07 12:45:00,0.5,True,0.7562246597854817,0.6020020608121708,0.0690512414719997
2024-10-07,2024-10-07 12:46:00,0.5,False,0.7603254617105665,0.6008549161583867,0.0883155801368591
2024-10-07,2024-10-07 12:47:00,0.5,True,0.7583422259113433,0.598919542110678,0.1196539589402174
2024-10-07,2024-10-07 12:48:00,0.5,False,0.7464114814239818,0.5962945082651326,0.1166224938599641
2024-10-07,2024-10-07 12:49:00,0.5,True,0.7457577690888177,0.5976918963161599,0.112578510092978
2024-10-07,2024-10-07 12:50:00,0.5,False,0.7534644326747948,0.6030267442068848,0.0777925833999759
2024-10-07,2024-10-07 12:51:00,0.5,True,0.7685961720584228,0.6090677262290296,0.0416337117407557
2024-10-07,2024-10-07 12:52:00,0.5,False,0.7659687689139061,0.6090988132827279,0.0456158297574564
2024-10-07,2024-10-07 12:53:00,0.5,False,0.7664665522028442,0.6079729321665615,0.0356370846919968
2024-10-07,2024-10-07 12:54:00,0.5,False,0.7652798763512365,0.6079152199056466,0.0192631149163444
2024-10-07,2024-10-07 12:55:00,0.5,False,0.7653394366123727,0.6055032980928173,0.0292302894252369
2024-10-07,2024-10-07 12:56:00,0.5,True,0.7516401025661563,0.6032625871814868,0.0338292765976881
2024-10-07,2024-10-07 12:57:00,0.5,True,0.7496636883002188,0.6010539086838691,0.0466855762491176
2024-10-07,2024-10-07 12:58:00,0.5,True,0.7546751152248228,0.602618161025887,0.0426156555496731
2024-10-07,2024-10-07 12:59:00,0.5,False,0.7580401099454699,0.60362792016464,0.0264660145661808
2024-10-07,2024-10-07 13:00:00,0.5,False,0.7486446181834088,0.5997245706031662,0.0511370128539307
2024-10-07,2024-10-07 13:01:00,0.5,True,0.7501335249710499,0.6024435389024683,0.043125225667261
2024-10-07,2024-10-07 13:02:00,0.5,True,0.7584984126034576,0.6070580008405786,0.0037251994752167
2024-10-07,2024-10-07 13:03:00,0.5,False,0.750846078618223,0.6061069554267339,-0.0062594917729654
2024-10-07,2024-10-07 13:04:00,0.5,False,0.7497803060639902,0.6053940405593714,0.0086304414973906
2024-10-07,2024-10-07 13:05:00,0.5,False,0.7493242645618526,0.6040342808538263,0.022315556170651
2024-10-07,2024-10-07 13:06:00,0.5,True,0.7461811768669602,0.6070220874334856,-0.0125323293284687
2024-10-07,2024-10-07 13:07:00,0.5,False,0.7484408145153082,0.6083628408542652,-0.0205532745287035
2024-10-07,2024-10-07 13:08:00,0.5,False,0.7457282825820637,0.6119537930045073,-0.0534337392507119
2024-10-07,2024-10-07 13:09:00,0.5,True,0.7349093375803051,0.6092417037787192,-0.0602293835571093
2024-10-07,2024-10-07 13:10:00,0.5,False,0.7279894206201335,0.6051846968246777,-0.0524714277750205
2024-10-07,2024-10-07 13:11:00,0.5,False,0.7240902132049092,0.6018407075526266,-0.0163356591495795
2024-10-07,2024-10-07 13:12:00,0.5,False,0.7249247037404236,0.6016551021556982,-0.0341694615456023
2024-10-07,2024-10-07 13:13:00,0.5,True,0.7257925848488327,0.6014585649764466,-0.0350512350146434
2024-10-07,2024-10-07 13:14:00,0.5,False,0.729980985608385,0.6036395574874136,-0.0669202618801544
2024-10-07,2024-10-07 13:15:00,0.5,False,0.7325046753482352,0.6055417499934536,-0.0738970136097904
2024-10-07,2024-10-07 13:16:00,0.5,False,0.7368583025293475,0.6060490118707105,-0.0849764816656037
2024-10-07,2024-10-07 13:17:00,0.5,False,0.7399224778485824,0.6051122705353806,-0.0853500055009179
2024-10-07,2024-10-07 13:18:00,0.5,False,0.7374702446589991,0.6020750086046389,-0.0540892747278236
2024-10-07,2024-10-07 13:19:00,0.5,True,0.7386441518310817,0.6025914070894278,-0.0571683111627819
2024-10-07,2024-10-07 13:20:00,0.5,True,0.7516336129941665,0.6073575681175307,-0.0656086986929375
2024-10-07,2024-10-07 13:21:00,0.5,False,0.7572406049352158,0.6076082776036117,-0.0492680168721212
2024-10-07,2024-10-07 13:22:00,0.5,False,0.7485499703488636,0.601173310136759,-0.0075793865373395
2024-10-07,2024-10-07 13:23:00,0.5,True,0.748972595729841,0.6013818201702577,0.0006439605846689
2024-10-07,2024-10-07 13:24:00,0.5,False,0.7510945849467147,0.6000606515805105,0.0362266227488725
2024-10-07,2024-10-07 13:25:00,0.5,False,0.7420398230764449,0.595481189596729,0.0724412149245513
2024-10-07,2024-10-07 13:26:00,0.5,True,0.7430432802639699,0.5963819962016258,0.0550101973664969
2024-10-07,2024-10-07 13:27:00,0.5,False,0.7466685706286373,0.596188154693541,0.0599075336977551
2024-10-07,2024-10-07 13:28:00,0.5,False,0.7455465443757149,0.5988582647559495,0.0368590667757328
2024-10-07,2024-10-07 13:29:00,0.5,False,0.7441431964262015,0.6013672475992127,0.0144120914069086
2024-10-07,2024-10-07 13:30:00,0.5,False,0.7436360714786807,0.5966601775310286,0.0460504080443467
2024-10-07,2024-10-07 13:31:00,0.5,False,0.7428960117217271,0.5950890134218528,0.0590803936489535
2024-10-07,2024-10-07 13:32:00,0.5,False,0.7469345858415587,0.5971568851713035,0.0371825941784592
2024-10-07,2024-10-07 13:33:00,0.5,True,0.743138022447221,0.5960931993511672,0.0320930090299753
2024-10-07,2024-10-07 13:34:00,0.5,False,0.7389893301683861,0.5972362733502885,0.0206748279828589
2024-10-07,2024-10-07 13:35:00,0.5,True,0.7375294384792517,0.5975436955967555,0.0174950059582487
2024-10-07,2024-10-07 13:36:00,0.5,False,0.7436447256201382,0.5991371403943545,-0.0051371427987586
2024-10-07,2024-10-07 13:37:00,0.5,True,0.7474226787306602,0.6019709851770116,-0.0293888367656622
2024-10-07,2024-10-07 13:38:00,0.5,False,0.7439612926635388,0.5998901629226354,-0.0218150487934984
2024-10-07,2024-10-07 13:39:00,0.5,False,0.7330619841541464,0.5967548254672321,-0.0179587440190963
2024-10-07,2024-10-07 13:40:00,0.5,False,0.7299705629151431,0.5973129409495199,-0.0330888710862379
2024-10-07,2024-10-07 13:41:00,0.5,False,0.7289289430587428,0.5994627919926159,-0.0667137963005082
2024-10-07,2024-10-07 13:42:00,0.5,True,0.729638795709734,0.5984190733549825,-0.0562494472461035
2024-10-07,2024-10-07 13:43:00,0.5,True,0.7272133248301682,0.5966666560370218,-0.0341941468953222
2024-10-07,2024-10-07 13:44:00,0.5,True,0.7235958006604472,0.5965790189975878,-0.0474870022420543
2024-10-07,2024-10-07 13:45:00,0.5,False,0.7226864486920761,0.5957400992934463,-0.0485795518889649
2024-10-07,2024-10-07 13:46:00,0.5,False,0.7267303083204683,0.5999660018087173,-0.0683929343985025
2024-10-07,2024-10-07 13:47:00,0.5,False,0.733814875337242,0.6040245235239017,-0.0932480585447311
2024-10-07,2024-10-07 13:48:00,0.5,True,0.7343259807274711,0.6028531708350776,-0.084844096799131
2024-10-07,2024-10-07 13:49:00,0.5,False,0.7358156711081025,0.603500634821315,-0.0845957104059592
2024-10-07,2024-10-07 13:50:00,0.5,False,0.7279494200829182,0.5994659892074881,-0.076196912067784
2024-10-07,2024-10-07 13:51:00,0.5,False,0.730873772972439,0.6037660502495732,-0.0896141239409556
2024-10-07,2024-10-07 13:52:00,0.5,False,0.7324858131443481,0.6064369404245139,-0.1074206444474676
2024-10-07,2024-10-07 13:53:00,0.5,True,0.7309749094213399,0.6053975889788805,-0.1061611831650097
2024-10-07,2024-10-07 13:54:00,0.5,True,0.7275461177278362,0.6046605468182422,-0.0990732105127097
2024-10-07,2024-10-07 13:55:00,0.5,False,0.727066668743088,0.6069765885060802,-0.1352545536235488
2024-10-07,2024-10-07 13:56:00,0.5,False,0.7167791911355299,0.6029914866200221,-0.1213683551658426
2024-10-07,2024-10-07 13:57:00,0.5,False,0.7130721561427857,0.6029780962270072,-0.1259010521755028
2024-10-07,2024-10-07 13:58:00,0.5,False,0.7121359450317997,0.6026863602644774,-0.1259743784776425
2024-10-07,2024-10-07 13:59:00,0.49,True,0.7049801032094944,0.5991316850769045,-0.1274474447813386
2024-10-07,2024-10-07 14:00:00,0.49,False,0.6997842922944768,0.5974376502638685,-0.1138784663746685
2024-10-07,2024-10-07 14:01:00,0.49,False,0.6932204705946095,0.5946382912323722,-0.1052514332559339
2024-10-07,2024-10-07 14:02:00,0.5,True,0.6977025786595796,0.5947887735184402,-0.101369206329563
2024-10-07,2024-10-07 14:03:00,0.5,True,0.7068921939100458,0.5988383248574863,-0.1132175855011469
2024-10-07,2024-10-07 14:04:00,0.5,False,0.7118639710170456,0.5994481566894714,-0.0997072950255339
2024-10-07,2024-10-07 14:05:00,0.5,False,0.719248101205048,0.599280394973723,-0.0960434448028773
2024-10-07,2024-10-07 14:06:00,0.5,False,0.7266268094589173,0.6017603876232552,-0.1116062751671664
2024-10-07,2024-10-07 14:07:00,0.5,False,0.728111285907389,0.6018954942360063,-0.1093495351967795
2024-10-07,2024-10-07 14:08:00,0.5,True,0.7350702085969527,0.6005768803268183,-0.093390629614334
2024-10-07,2024-10-07 14:09:00,0.5,True,0.7248440946634391,0.5972409514242834,-0.0785218023230223
2024-10-07,2024-10-07 14:10:00,0.5,False,0.7255466862187425,0.5973193585429992,-0.0689907416530103
2024-10-07,2024-10-07 14:11:00,0.5,True,0.7205659963989373,0.5954616824924783,-0.0616532793372286
2024-10-07,2024-10-07 14:12:00,0.5,False,0.7234794893383947,0.596246549178033,-0.0655928290497405
2024-10-07,2024-10-07 14:13:00,0.5,True,0.7158535935708705,0.5942810122859743,-0.0508994239588997
2024-10-07,2024-10-07 14:14:00,0.495,True,0.7121593992018086,0.5941420280301025,-0.0656887115166725
2024-10-07,2024-10-07 14:15:00,0.495,False,0.7062116902863448,0.5929840873395331,-0.0683760700559291
2024-10-07,2024-10-07 14:16:00,0.495,False,0.715183031985901,0.5988564694551524,-0.1030144961756534
2024-10-07,2024-10-07 14:17:00,0.5,True,0.7169120745950581,0.6007140965610404,-0.1063878114861574
2024-10-07,2024-10-07 14:18:00,0.5,False,0.7151467451579689,0.6006899888828695,-0.1247742810590264
2024-10-07,2024-10-07 14:19:00,0.5,True,0.7184407224918237,0.5999928091283632,-0.1217702096228366
2024-10-07,2024-10-07 14:20:00,0.5,False,0.7180407562352595,0.6037975299164576,-0.1549906147499966
2024-10-07,2024-10-07 14:21:00,0.5,False,0.7143996607536832,0.603834197041177,-0.164252601505269
2024-10-07,2024-10-07 14:22:00,0.495,True,0.7105471562814403,0.6033214880847979,-0.1697827411482274
2024-10-07,2024-10-07 14:23:00,0.49,True,0.7013290994142148,0.6020401134780486,-0.1880795821680319
2024-10-07,2024-10-07 14:24:00,0.49,False,0.7044895222704308,0.6013915653727632,-0.1929823760857222
2024-10-07,2024-10-07 14:25:00,0.49,False,0.702178734263375,0.5985833633148852,-0.1813766027333355
2024-10-07,2024-10-07 14:26:00,0.5,True,0.7068917021986805,0.6000727780991085,-0.194027769853381
2024-10-07,2024-10-07 14:27:00,0.5,True,0.717190729488826,0.6050129978583427,-0.2236279515984355
2024-10-07,2024-10-07 14:28:00,0.5,False,0.7274705941231218,0.6109136606210406,-0.2596636854605472
2024-10-07,2024-10-07 14:29:00,0.5,False,0.7366269692017104,0.6157819142253577,-0.2844615223439501
2024-10-07,2024-10-07 14:30:00,0.5,False,0.7406394999657315,0.6152134051093195,-0.2724810769872277
2024-10-07,2024-10-07 14:31:00,0.5,False,0.7607921900373849,0.6171765712022101,-0.2609684092836348
2024-10-07,2024-10-07 14:32:00,0.5,False,0.7709601189737769,0.6220326044129287,-0.2748649307286618
2024-10-07,2024-10-07 14:33:00,0.5,True,0.7825368509902437,0.6273786359754076,-0.3275840366590168
2024-10-07,2024-10-07 14:34:00,0.5,True,0.7809470571556656,0.6304260043796945,-0.37148583404436
2024-10-07,2024-10-07 14:35:00,0.5,True,0.7845537452846768,0.6322984360112771,-0.3646470436805318
2024-10-07,2024-10-07 14:36:00,0.5,False,0.7832765898489163,0.6317034010024343,-0.3655403685062771
2024-10-07,2024-10-07 14:37:00,0.5,False,0.8006048949717095,0.6390067769311689,-0.3885653259224008
2024-10-07,2024-10-07 14:38:00,0.5,True,0.7954650319224481,0.6430470382518267,-0.4245013218181576
2024-10-07,2024-10-07 14:39:00,0.5,False,0.7801729675554483,0.6388078457606631,-0.4213011312496087
2024-10-07,2024-10-07 14:40:00,0.5,False,0.7766183185220759,0.6325009359893125,-0.3737034682312808
2024-10-07,2024-10-07 14:41:00,0.5,True,0.7807337421815724,0.6316822073469162,-0.359566876439407
2024-10-07,2024-10-07 14:42:00,0.5,False,0.7700872790551048,0.6267836845558062,-0.3352406548870563
2024-10-07,2024-10-07 14:43:00,0.5,True,0.7821292671462361,0.6312302463988171,-0.3513302308549187
2024-10-07,2024-10-07 14:44:00,0.5,True,0.7818360983133577,0.6303778183131796,-0.3352632737007586
2024-10-07,2024-10-07 14:45:00,0.5,True,0.7855422542994013,0.6323951476768552,-0.3344055190567812
2024-10-07,2024-10-07 14:46:00,0.5,False,0.7929569406165289,0.6364130160997894,-0.3554195023038143
2024-10-07,2024-10-07 14:47:00,0.5,False,0.79939105341673,0.6362265940173849,-0.3483332749371503
2024-10-07,2024-10-07 14:48:00,0.5,False,0.8120530128287282,0.6426791356858146,-0.3780434372494008
2024-10-07,2024-10-07 14:49:00,0.5,False,0.8013964185223195,0.6381814376484065,-0.3591264272370733
2024-10-07,2024-10-07 14:50:00,0.5,False,0.8136476758333788,0.6438512993817878,-0.3957631383246758
2024-10-07,2024-10-07 14:51:00,0.5,False,0.8174404573216338,0.6439990630930182,-0.4053514265009776
2024-10-07,2024-10-07 14:52:00,0.5,False,0.822151338970101,0.6428884127070088,-0.3842570096659853
2024-10-07,2024-10-07 14:53:00,0.5,False,0.8205426195210295,0.6426890144222921,-0.3810867067508793
2024-10-07,2024-10-07 14:54:00,0.5,True,0.8149126343666903,0.6410443714600441,-0.369347771234047
2024-10-07,2024-10-07 14:55:00,0.5,False,0.8226364503863086,0.6431135312799732,-0.3744530483152101
2024-10-07,2024-10-07 14:56:00,0.5,True,0.8201199760128478,0.6440981948071244,-0.371502219581121
2024-10-07,2024-10-07 14:57:00,0.5,True,0.8149983630971314,0.6446189999486435,-0.375549997040675
2024-10-07,2024-10-07 14:58:00,0.5,False,0.8154020135435784,0.6435929534299181,-0.3468321271770356
2024-10-07,2024-10-07 14:59:00,0.5,False,0.8210093286232393,0.6437665958382137,-0.3233608470906114
2024-10-07,2024-10-07 15:00:00,0.49,True,0.8221511431680675,0.6410661084141072,-0.2855639333594746
2024-10-07,2024-10-07 15:01:00,0.49,False,0.8242157148152074,0.6397864617901264,-0.2620968495058884
2024-10-07,2024-10-07 15:02:00,0.5,True,0.8193101532152207,0.6371325750833288,-0.2656636229730137
2024-10-07,2024-10-07 15:03:00,0.5,False,0.8120105299556062,0.6315114938260038,-0.2356881482500605
2024-10-07,2024-10-07 15:04:00,0.5,False,0.8075715947323345,0.6287225609984439,-0.2274652598102635
2024-10-07,2024-10-07 15:05:00,0.5,False,0.8042660626004621,0.627874159894533,-0.2329289298275579
2024-10-07,2024-10-07 15:06:00,0.5,False,0.8037866303264425,0.6263112759676581,-0.2118192215680153
2024-10-07,2024-10-07 15:07:00,0.5,False,0.813202703389764,0.6316870995179706,-0.2221285227493956
2024-10-07,2024-10-07 15:08:00,0.5,False,0.8105082951724532,0.6323460940048446,-0.2541663115976851
2024-10-07,2024-10-07 15:09:00,0.5,False,0.8066355779955647,0.6346240435395303,-0.2772786805834683
2024-10-07,2024-10-07 15:10:00,0.5,True,0.8062620551659789,0.6370200765781776,-0.2996363572532202
2024-10-07,2024-10-07 15:11:00,0.5,True,0.815952326278854,0.6409339602892231,-0.2936368892261331
2024-10-07,2024-10-07 15:12:00,0.5,False,0.8220358091185092,0.6459265571670008,-0.3373111105015736
2024-10-07,2024-10-07 15:13:00,0.5,False,0.8285604965391721,0.6497120851839414,-0.3623796782888298
2024-10-07,2024-10-07 15:14:00,0.5,False,0.8409482661961241,0.6550270407495358,-0.3852903456794991
2024-10-07,2024-10-07 15:15:00,0.5,True,0.8343608448528381,0.6523405477505005,-0.3677664077273525
2024-10-07,2024-10-07 15:16:00,0.5,True,0.8263582541201263,0.6508055539917041,-0.349304117252988
2024-10-07,2024-10-07 15:17:00,0.5,False,0.827254176743055,0.651687847425809,-0.3423163614615167
2024-10-07,2024-10-07 15:18:00,0.5,False,0.8350303094582829,0.6499953788263679,-0.3127838149209718
2024-10-07,2024-10-07 15:19:00,0.5,False,0.8393077290045927,0.6505236102382848,-0.3041033434270063
2024-10-07,2024-10-07 15:20:00,0.5,False,0.8410803808197809,0.6529972673617824,-0.3292676356930433
2024-10-07,2024-10-07 15:21:00,0.5,True,0.8371365051942905,0.6543270493653415,-0.3453558543905089
2024-10-07,2024-10-07 15:22:00,0.5,True,0.8330735134777558,0.6514364757253808,-0.3216414691445021
2024-10-07,2024-10-07 15:23:00,0.5,True,0.8183112171082776,0.6421007847792501,-0.2664662825857088
2024-10-07,2024-10-07 15:24:00,0.5,True,0.801311915585285,0.6358990903651547,-0.2431053414388413
2024-10-07,2024-10-07 15:25:00,0.5,False,0.7978779356287891,0.6330331164661994,-0.2124850019293609
2024-10-07,2024-10-07 15:26:00,0.5,True,0.7991631794930643,0.6316970978240714,-0.193055880605806
2024-10-07,2024-10-07 15:27:00,0.5,True,0.8125070163027056,0.6376258103512724,-0.2105253644502282
2024-10-07,2024-10-07 15:28:00,0.5,True,0.8190076285867471,0.6392133581449833,-0.214090123857623
2024-10-07,2024-10-07 15:29:00,0.5,True,0.8125074537527173,0.634801105819019,-0.186130893382887
2024-10-07,2024-10-07 15:30:00,0.5,True,0.8058166910996871,0.6300254949286692,-0.1519413510967356
2024-10-07,2024-10-07 15:31:00,0.5,True,0.8081295433553668,0.6261398922331642,-0.1186809281203259
2024-10-07,2024-10-07 15:32:00,0.5,True,0.8139840352879394,0.6316076924447136,-0.1444480554405035
2024-10-07,2024-10-07 15:33:00,0.5,True,0.8133582863368123,0.6338742615842511,-0.168624338127285
2024-10-07,2024-10-07 15:34:00,0.5,False,0.8169141086552163,0.6338940786893177,-0.1744613576524952
2024-10-07,2024-10-07 15:35:00,0.5,False,0.8218329777672198,0.6381439897977195,-0.1993807083024587
2024-10-07,2024-10-07 15:36:00,0.5,False,0.810402595801957,0.6327814232452923,-0.1759741678001216
2024-10-07,2024-10-07 15:37:00,0.5,True,0.8102176516828083,0.6344154310793406,-0.1929623012245993
2024-10-07,2024-10-07 15:38:00,0.5,False,0.7945914953789242,0.6295575871813115,-0.1892995581363633
2024-10-07,2024-10-07 15:39:00,0.5,False,0.7863471692797623,0.6236042325683777,-0.1443247548501311
2024-10-07,2024-10-07 15:40:00,0.5,True,0.7719378286640114,0.6163059149982153,-0.1170958505067974
2024-10-07,2024-10-07 15:41:00,0.5,False,0.7676866689721142,0.6138102297158711,-0.1089603977724506
2024-10-07,2024-10-07 15:42:00,0.5,False,0.7749598615593896,0.61573497959192,-0.1161141281344158
2024-10-07,2024-10-07 15:43:00,0.5,False,0.7715477346164551,0.610982301990243,-0.0587797992813388
2024-10-07,2024-10-07 15:44:00,0.5,True,0.770754226127389,0.6125351904010333,-0.0654511611644763
2024-10-07,2024-10-07 15:45:00,0.5,True,0.772762491021848,0.6137884995158611,-0.0671365431467728
2024-10-07,2024-10-07 15:46:00,0.5,True,0.7603227084023119,0.6089741899940944,-0.0357120040769096
2024-10-07,2024-10-07 15:47:00,0.5,False,0.7576294503823242,0.6092569281509603,-0.0377516921125767
2024-10-07,2024-10-07 15:48:00,0.5,False,0.7645527605555757,0.6120927233678859,-0.0842901072477897
2024-10-07,2024-10-07 15:49:00,0.5,False,0.7668336963895315,0.614155198614224,-0.1146552741345006
2024-10-07,2024-10-07 15:50:00,0.5,False,0.7588113516238107,0.611524992820502,-0.1063995625226614
2024-10-07,2024-10-07 15:51:00,0.5,False,0.745464674431318,0.603305714535927,-0.0512004835645453
2024-10-07,2024-10-07 15:52:00,0.5,False,0.7502953906622762,0.6061365408576231,-0.0908501017974606
2024-10-07,2024-10-07 15:53:00,0.5,False,0.7555058799959684,0.6061587496622695,-0.0834079624085772
2024-10-07,2024-10-07 15:54:00,0.5,False,0.7527933201710889,0.6070846681676665,-0.0980784069868576
2024-10-07,2024-10-07 15:55:00,0.5,False,0.7631835253789419,0.6119524686951541,-0.128838248178315
2024-10-07,2024-10-07 15:56:00,0.5,True,0.756997465318413,0.6065398780687143,-0.0835535398921726
2024-10-07,2024-10-07 15:57:00,0.5,False,0.774789094854966,0.6121700142332409,-0.1054230161109638
2024-10-07,2024-10-07 15:58:00,0.5,True,0.7798107058607178,0.6134156897142179,-0.1051006846176867
2024-10-07,2024-10-07 15:59:00,0.5,False,0.7757033816810008,0.6124157199715502,-0.1047469151714378
2024-10-07,2024-10-07 16:00:00,0.5,False,0.7839706068726819,0.6151384416443318,-0.1398222888115666
2024-10-08,2024-10-08 09:31:00,0.5,False,0.5643319299834194,0.5547475385889997,-0.128879012290827
2024-10-08,2024-10-08 09:32:00,0.5,True,0.5138372175980185,0.5351815417515384,0.0297644859098203
2024-10-08,2024-10-08 09:33:00,0.5,True,0.4984512421305944,0.527284971785375,0.0225900454965354
2024-10-08,2024-10-08 09:34:00,0.5,False,0.4989339513189224,0.5260564325054112,-0.0833046771363336
2024-10-08,2024-10-08 09:35:00,0.5,False,0.4816671730743886,0.5104962276995348,0.0300413568879797
2024-10-08,2024-10-08 09:36:00,0.5,True,0.4623268481583044,0.4945117841203587,0.1451025177402011
2024-10-08,2024-10-08 09:37:00,0.5,False,0.4347233595009546,0.4834975868259438,0.1630783231936137
2024-10-08,2024-10-08 09:38:00,0.5,True,0.4430247482874929,0.4839110856422122,0.1999177441664414
2024-10-08,2024-10-08 09:39:00,0.5,False,0.4276078785995396,0.4722011245777472,0.2576328172564901
2024-10-08,2024-10-08 09:40:00,0.5,False,0.4308441472504147,0.4810136475859252,0.18454107937241
2024-10-08,2024-10-08 09:41:00,0.5,False,0.4680289813553441,0.5019795052081457,0.0776662824009158
2024-10-08,2024-10-08 09:42:00,0.5,False,0.477130354793176,0.5031286897484489,0.0284494150199126
2024-10-08,2024-10-08 09:43:00,0.5,False,0.4365598540900314,0.488973615351601,0.1134019514402521
2024-10-08,2024-10-08 09:44:00,0.5,False,0.4411664088180888,0.4911116066417658,0.1020531905180997
2024-10-08,2024-10-08 09:45:00,0.5,True,0.4167104336036444,0.4828225301802901,0.1634207537556612
2024-10-08,2024-10-08 09:46:00,0.5,False,0.4048869801700476,0.4749835202049097,0.2205141168074435
2024-10-08,2024-10-08 09:47:00,0.5,False,0.4278464406117185,0.4824720562750918,0.1727353645077941
2024-10-08,2024-10-08 09:48:00,0.5,True,0.4425922000211304,0.4936820397184189,0.0918779197617882
2024-10-08,2024-10-08 09:49:00,0.5,False,0.4609346581200195,0.4989987385423211,0.0859586432973613
2024-10-08,2024-10-08 09:50:00,0.5,True,0.4828793351407964,0.5042018324097188,0.0926066465779444
2024-10-08,2024-10-08 09:51:00,0.5,True,0.4470446588146899,0.4923926133467212,0.1746315368187081
2024-10-08,2024-10-08 09:52:00,0.5,False,0.4382106583799957,0.4932650041016933,0.1441951386621387
2024-10-08,2024-10-08 09:53:00,0.5,False,0.3931320129742119,0.4757447625914815,0.1784516824706472
2024-10-08,2024-10-08 09:54:00,0.5,False,0.3605473365906492,0.4685448058354604,0.1726809602777588
2024-10-08,2024-10-08 09:55:00,0.5,False,0.3613519918618357,0.4659271328219732,0.1928255184251062
2024-10-08,2024-10-08 09:56:00,0.5,True,0.3732113457333085,0.4717104751806003,0.1794481238682785
2024-10-08,2024-10-08 09:57:00,0.5,True,0.3650532888660205,0.4708742655414003,0.1792348685210775
2024-10-08,2024-10-08 09:58:00,0.5,False,0.3714955235252292,0.4758820353282726,0.1323873080477529
2024-10-08,2024-10-08 09:59:00,0.5,False,0.375582675416613,0.4764607337922141,0.1648978508098907
2024-10-08,2024-10-08 10:00:00,0.5,True,0.3830220394273281,0.4725918078425684,0.1996768619722255
2024-10-08,2024-10-08 10:01:00,0.5,False,0.3649780346175966,0.4754215051697607,0.1511001207765017
2024-10-08,2024-10-08 10:02:00,0.5,True,0.3573706540296152,0.4756345920119735,0.1330061448187407
2024-10-08,2024-10-08 10:03:00,0.5,False,0.3399173880084126,0.4743110087235895,0.1043647453433985
2024-10-08,2024-10-08 10:04:00,0.5,False,0.3625400407159207,0.4841549953940378,0.0793094058545118
2024-10-08,2024-10-08 10:05:00,0.5,False,0.3696210517484855,0.4851899091287739,0.0740144095887782
2024-10-08,2024-10-08 10:06:00,0.5,False,0.3668136756506017,0.48057240184204,0.1322060953018113
2024-10-08,2024-10-08 10:07:00,0.5,True,0.3245574634887735,0.4583101933124333,0.2486216588224223
2024-10-08,2024-10-08 10:08:00,0.5,True,0.3185147864715143,0.4493034092898124,0.3287017389922636
2024-10-08,2024-10-08 10:09:00,0.5,True,0.3122901322052707,0.4455901829735109,0.3629930230448368
2024-10-08,2024-10-08 10:10:00,0.5,True,0.3165474895494412,0.4509407448570133,0.3505055509736661
2024-10-08,2024-10-08 10:11:00,0.5,True,0.3416013928092118,0.4638235912062865,0.3023654767466421
2024-10-08,2024-10-08 10:12:00,0.5,False,0.3521594242311348,0.4703807808741784,0.2610335885645027
2024-10-08,2024-10-08 10:13:00,0.5,False,0.3643209178731611,0.4786096177562262,0.2011968144753457
2024-10-08,2024-10-08 10:14:00,0.5,False,0.3712928556234508,0.4807554531072001,0.2021740287716845
2024-10-08,2024-10-08 10:15:00,0.5,True,0.3619662007067475,0.4736493821899887,0.2325258104238677
2024-10-08,2024-10-08 10:16:00,0.5,False,0.3705393482359345,0.4770065556283025,0.2266103770928841
2024-10-08,2024-10-08 10:17:00,0.5,False,0.3737087701838881,0.4828855554171377,0.2001671131480467
2024-10-08,2024-10-08 10:18:00,0.5,True,0.3579121971992217,0.479593190957737,0.2181650413621805
2024-10-08,2024-10-08 10:19:00,0.5,False,0.3399321653050731,0.4744615918890951,0.2218489880098122
2024-10-08,2024-10-08 10:20:00,0.5,False,0.3517679502093577,0.4791563899439828,0.1859556983378255
2024-10-08,2024-10-08 10:21:00,0.5,True,0.3602282873697757,0.4836787537023195,0.1617923407306173
2024-10-08,2024-10-08 10:22:00,0.5,True,0.3915260390787086,0.4916716486249459,0.1287669173878224
2024-10-08,2024-10-08 10:23:00,0.5,False,0.4014863068397465,0.4917352294309776,0.1667513810679244
2024-10-08,2024-10-08 10:24:00,0.5,False,0.3684185477591118,0.4826461959245289,0.2003653554854316
2024-10-08,2024-10-08 10:25:00,0.5,False,0.36132152217418,0.4805173681645586,0.1793389910716646
2024-10-08,2024-10-08 10:26:00,0.5,False,0.3605840512874822,0.4766843680355608,0.2263850108999618
2024-10-08,2024-10-08 10:27:00,0.5,False,0.3227113027865753,0.4643450993461934,0.2607461910739306
2024-10-08,2024-10-08 10:28:00,0.5,False,0.3226028810777458,0.4620183930154591,0.2565732897950622
2024-10-08,2024-10-08 10:29:00,0.5,False,0.3203766674064078,0.4615458828443782,0.2586867919542058
2024-10-08,2024-10-08 10:30:00,0.5,False,0.3208516843259445,0.4636351957146395,0.2561088867541972
2024-10-08,2024-10-08 10:31:00,0.5,False,0.3046094852279826,0.4573633499303115,0.2641387806602612
2024-10-08,2024-10-08 10:32:00,0.5,False,0.3277954193775835,0.4658810059131351,0.2065027926123164
2024-10-08,2024-10-08 10:33:00,0.5,False,0.3228648776366933,0.4638472872250013,0.2175661410344209
2024-10-08,2024-10-08 10:34:00,0.5,False,0.3211084297304037,0.464283815952585,0.1961930474474196
2024-10-08,2024-10-08 10:35:00,0.5,False,0.305187287620336,0.4592961045497262,0.1804665207752148
2024-10-08,2024-10-08 10:36:00,0.5,False,0.2937342734780295,0.4552122708127516,0.1839301601403196
2024-10-08,2024-10-08 10:37:00,0.5,False,0.3053969781237081,0.4602434704041782,0.1770587534863602
2024-10-08,2024-10-08 10:38:00,0.5,False,0.3159162651962143,0.4602912501628793,0.187454184991864
2024-10-08,2024-10-08 10:39:00,0.5,False,0.3176554008428263,0.460830908081884,0.187700054076537
2024-10-08,2024-10-08 10:40:00,0.5,False,0.3163920208404318,0.4615049635395387,0.1984465585101717
2024-10-08,2024-10-08 10:41:00,0.5,True,0.3180925725668164,0.4623501467780616,0.1838733346549735
2024-10-08,2024-10-08 10:42:00,0.5,True,0.3293405297751441,0.4683788118257768,0.1395911701177672
2024-10-08,2024-10-08 10:43:00,0.5,False,0.2993576383946116,0.4595245878260655,0.2137188166543465
2024-10-08,2024-10-08 10:44:00,0.5,True,0.2807125243153219,0.4519913959270614,0.2043863963451863
2024-10-08,2024-10-08 10:45:00,0.5,False,0.299234484551473,0.4599788911302527,0.1684160735972441
2024-10-08,2024-10-08 10:46:00,0.5,True,0.3066889387680713,0.4629731572301005,0.1578567460048777
2024-10-08,2024-10-08 10:47:00,0.5,False,0.3211674784656954,0.4721755776466549,0.1079647179843661
2024-10-08,2024-10-08 10:48:00,0.5,False,0.2919962132817999,0.4613554882853394,0.1531469867136538
2024-10-08,2024-10-08 10:49:00,0.5,False,0.2983550006395808,0.4635856236257997,0.1521154359052675
2024-10-08,2024-10-08 10:50:00,0.495,True,0.3012829217218788,0.4697378285855674,0.1245338397336217
2024-10-08,2024-10-08 10:51:00,0.495,False,0.302353070548842,0.4690223203965574,0.1099601357368207
2024-10-08,2024-10-08 10:52:00,0.495,False,0.3017511589697648,0.4677641245867762,0.1154928895334609
2024-10-08,2024-10-08 10:53:00,0.5,True,0.3033023983375934,0.4662163347982059,0.1352678665927684
2024-10-08,2024-10-08 10:54:00,0.5,True,0.3031174611949382,0.4643179207422991,0.1724178495557469
2024-10-08,2024-10-08 10:55:00,0.5,False,0.3029001530838912,0.4626099116137424,0.1858615566212125
2024-10-08,2024-10-08 10:56:00,0.5,False,0.2936246073560646,0.4530339146370026,0.2571898784672297
2024-10-08,2024-10-08 10:57:00,0.5,False,0.2960808499142113,0.4537717303177391,0.2700226372473659
2024-10-08,2024-10-08 10:58:00,0.5,False,0.301328447643351,0.4513164500756733,0.2894779280524001
2024-10-08,2024-10-08 10:59:00,0.5,False,0.3183067349915913,0.4594096826942493,0.2423706157198566
2024-10-08,2024-10-08 11:00:00,0.5,False,0.3132894012827315,0.4568054956641875,0.2446472567576627
2024-10-08,2024-10-08 11:01:00,0.5,False,0.3224389757715247,0.4583603800080586,0.2432774959324614
2024-10-08,2024-10-08 11:02:00,0.5,False,0.2992040519364743,0.4486196129721567,0.2906452125357495
2024-10-08,2024-10-08 11:03:00,0.5,False,0.2928442377051153,0.4450217618220234,0.3176073516078642
2024-10-08,2024-10-08 11:04:00,0.5,False,0.2854078365585072,0.443727701698986,0.3032637302901725
2024-10-08,2024-10-08 11:05:00,0.5,False,0.2620322425185516,0.4307087943657358,0.3800371766419587
2024-10-08,2024-10-08 11:06:00,0.5,False,0.2625034307389116,0.4226513540308734,0.4591129350681908
2024-10-08,2024-10-08 11:07:00,0.5,False,0.2819445209863828,0.427952834664219,0.4539171773889632
2024-10-08,2024-10-08 11:08:00,0.5,False,0.2900398986198744,0.4363962423550008,0.4009386756799578
2024-10-08,2024-10-08 11:09:00,0.5,False,0.2871298188590742,0.4328235847965693,0.4346539106616552
2024-10-08,2024-10-08 11:10:00,0.5,False,0.2961882678431323,0.4339080575030867,0.4343449757601523
2024-10-08,2024-10-08 11:11:00,0.5,False,0.310435145405605,0.4417538898339774,0.3994054669464497
2024-10-08,2024-10-08 11:12:00,0.5,False,0.3234375667935664,0.4476309529382741,0.3904892837512151
2024-10-08,2024-10-08 11:13:00,0.5,False,0.3195724770805889,0.4447426980670392,0.4387357201915974
2024-10-08,2024-10-08 11:14:00,0.5,False,0.308349427946088,0.4391732973463229,0.4554312715509897
2024-10-08,2024-10-08 11:15:00,0.5,True,0.3037860413458851,0.438783825229062,0.4566009682170202
2024-10-08,2024-10-08 11:16:00,0.5,False,0.2969647783646139,0.4366752786275918,0.4711166632771531
2024-10-08,2024-10-08 11:17:00,0.5,False,0.2936359918980968,0.4339274582719914,0.4791254163227457
2024-10-08,2024-10-08 11:18:00,0.5,False,0.2955394969444623,0.4363144075690628,0.4628489489420908
2024-10-08,2024-10-08 11:19:00,0.5,True,0.277684883650087,0.4284390969870153,0.5167037758517096
2024-10-08,2024-10-08 11:20:00,0.5,True,0.2796130083644365,0.4292070628244095,0.5165496913172894
2024-10-08,2024-10-08 11:21:00,0.5,False,0.269038044276819,0.426869165585773,0.522775099145115
2024-10-08,2024-10-08 11:22:00,0.5,False,0.2598225309451933,0.4262444234877444,0.5093237719913686
2024-10-08,2024-10-08 11:23:00,0.5,True,0.2584441573401922,0.4253173609053108,0.5032511736169718
2024-10-08,2024-10-08 11:24:00,0.5,False,0.2710583631251353,0.4323626057736782,0.4719599393664055
2024-10-08,2024-10-08 11:25:00,0.5,False,0.282720611976607,0.4361901862006559,0.4802133690610844
2024-10-08,2024-10-08 11:26:00,0.5,False,0.2918915715678616,0.4422308012142867,0.4351368442978736
2024-10-08,2024-10-08 11:27:00,0.5,False,0.304003233432449,0.4459080436138509,0.4367144613804573
2024-10-08,2024-10-08 11:28:00,0.5,True,0.2832559644829159,0.442316688917303,0.4278500084317227
2024-10-08,2024-10-08 11:29:00,0.5,False,0.2962042234404228,0.4475206534068073,0.4004861290632976
2024-10-08,2024-10-08 11:30:00,0.5,False,0.3003529116601059,0.4495101720866528,0.3956924521748767
2024-10-08,2024-10-08 11:31:00,0.5,False,0.2955908500213453,0.4478136696152812,0.4093029207727595
2024-10-08,2024-10-08 11:32:00,0.5,True,0.2848816289470132,0.441688414463201,0.4281285980698835
2024-10-08,2024-10-08 11:33:00,0.5,False,0.2952132676569433,0.4448887012010876,0.431849407865474
2024-10-08,2024-10-08 11:34:00,0.5,False,0.2883951505142007,0.4428399389957619,0.4339665357368005
2024-10-08,2024-10-08 11:35:00,0.5,False,0.2953969768902991,0.4485047219027056,0.4117696053402894
2024-10-08,2024-10-08 11:36:00,0.5,True,0.3009650495686483,0.4506262317384487,0.3974857477541949
2024-10-08,2024-10-08 11:37:00,0.5,True,0.3089538691671764,0.4514957669445881,0.4129773492544737
2024-10-08,2024-10-08 11:38:00,0.5,False,0.3075391723114323,0.4486778388537748,0.4212458696423753
2024-10-08,2024-10-08 11:39:00,0.495,True,0.3074443780023542,0.4495695098954513,0.421451298956682
2024-10-08,2024-10-08 11:40:00,0.495,False,0.3086806665106032,0.4509418057227956,0.4131367160102951
2024-10-08,2024-10-08 11:41:00,0.495,False,0.3070539017476361,0.4514526859609005,0.4143607190264107
2024-10-08,2024-10-08 11:42:00,0.495,False,0.2979443054959087,0.4487016346396937,0.4239755161727002
2024-10-08,2024-10-08 11:43:00,0.495,False,0.2969236643624917,0.4481434050831507,0.412625924123869
2024-10-08,2024-10-08 11:44:00,0.5,True,0.2982011687614438,0.4493817742146496,0.3991027053552164
2024-10-08,2024-10-08 11:45:00,0.5,False,0.3136467572670737,0.4542724879148112,0.3888033385220026
2024-10-08,2024-10-08 11:46:00,0.5,False,0.302828863219142,0.451176967985705,0.4008600811943145
2024-10-08,2024-10-08 11:47:00,0.5,False,0.3014235991733446,0.4491982848937745,0.4024209576118498
2024-10-08,2024-10-08 11:48:00,0.5,False,0.2868500698053496,0.4394145601817248,0.4656761731233113
2024-10-08,2024-10-08 11:49:00,0.5,False,0.2813941304746247,0.4388317067564322,0.4628175825719805
2024-10-08,2024-10-08 11:50:00,0.5,False,0.2920219436542026,0.4420251651649177,0.4445926265235339
2024-10-08,2024-10-08 11:51:00,0.5,True,0.2693875846769802,0.4338936048412272,0.5004182650186019
2024-10-08,2024-10-08 11:52:00,0.5,False,0.2669547824979817,0.4351199969723813,0.4651651807504591
2024-10-08,2024-10-08 11:53:00,0.5,False,0.2629826761884165,0.4340440814242739,0.4681652452563224
2024-10-08,2024-10-08 11:54:00,0.5,False,0.2657133118844249,0.4337308490854729,0.4864794791007141
2024-10-08,2024-10-08 11:55:00,0.5,True,0.2679326463316936,0.4308987295830245,0.5172548296545094
2024-10-08,2024-10-08 11:56:00,0.5,False,0.2593007463349587,0.4300055435901452,0.5058404277468628
2024-10-08,2024-10-08 11:57:00,0.5,False,0.2534317973759759,0.4292308639933028,0.5169347356440459
2024-10-08,2024-10-08 11:58:00,0.5,True,0.2515919344211785,0.4275523006076803,0.5376542047713143
2024-10-08,2024-10-08 11:59:00,0.5,True,0.2453311580616838,0.4261307895142727,0.5283903003723245
2024-10-08,2024-10-08 12:00:00,0.5,False,0.2405051203603149,0.4233549323393601,0.5585326844605487
2024-10-08,2024-10-08 12:01:00,0.5,False,0.2485356131629579,0.427156038262693,0.5404420637829052
2024-10-08,2024-10-08 12:02:00,0.5,False,0.2617409928537656,0.4311641633642381,0.5510271376330853
2024-10-08,2024-10-08 12:03:00,0.5,False,0.2599155532945428,0.4282124121404283,0.5915603970033497
2024-10-08,2024-10-08 12:04:00,0.5,False,0.2589032231105105,0.4251161513218418,0.6086455433331142
2024-10-08,2024-10-08 12:05:00,0.5,True,0.2647198560575371,0.4248050969506558,0.6270809349545742
2024-10-08,2024-10-08 12:06:00,0.5,True,0.2542217462112353,0.4177350367078025,0.6720998481799896
2024-10-08,2024-10-08 12:07:00,0.5,True,0.2471071576417749,0.4141763655338957,0.6983738591494693
2024-10-08,2024-10-08 12:08:00,0.5,True,0.2543553078089032,0.4170732207653068,0.6841741430280623
2024-10-08,2024-10-08 12:09:00,0.5,False,0.2533895468021535,0.4148200603129087,0.7005731853711866
2024-10-08,2024-10-08 12:10:00,0.5,True,0.2451280905241793,0.4118107328321547,0.733721931763063
2024-10-08,2024-10-08 12:11:00,0.5,False,0.258211305646354,0.4164080884214074,0.7038542147146012
2024-10-08,2024-10-08 12:12:00,0.5,False,0.2549532841531545,0.415133658956285,0.704106751462314
2024-10-08,2024-10-08 12:13:00,0.5,False,0.2455069147641806,0.4094244220706156,0.7281129020923716
2024-10-08,2024-10-08 12:14:00,0.5,False,0.2469061548816239,0.4081284256031301,0.7578263132521372
2024-10-08,2024-10-08 12:15:00,0.5,False,0.2433460263325793,0.4059476330224771,0.7528895626355923
2024-10-08,2024-10-08 12:16:00,0.5,False,0.2399821728232798,0.4065191062885676,0.7347607778022835
2024-10-08,2024-10-08 12:17:00,0.5,False,0.232306501706311,0.4027745305495649,0.7466206227222087
2024-10-08,2024-10-08 12:18:00,0.5,False,0.2085883989781035,0.3936423316886443,0.7727364371489143
2024-10-08,2024-10-08 12:19:00,0.5,True,0.2122671483889268,0.3968870336486437,0.7473076477238605
2024-10-08,2024-10-08 12:20:00,0.49,True,0.2227147846875806,0.399402311856728,0.733773571867478
2024-10-08,2024-10-08 12:21:00,0.49,False,0.2337626779497922,0.4032669269805221,0.7233784522200366
2024-10-08,2024-10-08 12:22:00,0.49,False,0.2391533708392405,0.4082589783658009,0.701238811387262
2024-10-08,2024-10-08 12:23:00,0.49,False,0.2438199274274034,0.412526385851195,0.6674827009524815
2024-10-08,2024-10-08 12:25:00,0.49,False,0.2448193198887488,0.4115775272258061,0.6763949601727602
2024-10-08,2024-10-08 12:26:00,0.5,True,0.2398683173104028,0.4099820722703385,0.677299417476604
2024-10-08,2024-10-08 12:27:00,0.5,True,0.2357556575205355,0.4058539446647127,0.6960253333822355
2024-10-08,2024-10-08 12:28:00,0.5,False,0.2223094374705268,0.4036714526253099,0.7004931263228621
2024-10-08,2024-10-08 12:29:00,0.5,True,0.2283704980066492,0.4064025088216177,0.6869370707097859
2024-10-08,2024-10-08 12:30:00,0.49,True,0.2252252618235728,0.4041731275907693,0.7015047745190434
2024-10-08,2024-10-08 12:31:00,0.49,False,0.2109933982160763,0.3995500047876868,0.7234666856253442
2024-10-08,2024-10-08 12:32:00,0.5,True,0.2029643555604657,0.3991440966599984,0.7329663052739653
2024-10-08,2024-10-08 12:33:00,0.5,True,0.1919684871369622,0.3946464867723603,0.7642083747884659
2024-10-08,2024-10-08 12:34:00,0.5,True,0.1965553381255837,0.3947975704573067,0.7565103636803324
2024-10-08,2024-10-08 12:35:00,0.5,False,0.1923046797626487,0.3937415334343159,0.7571510616772863
2024-10-08,2024-10-08 12:36:00,0.5,True,0.1832671051035343,0.3898246722061206,0.7639584098811872
2024-10-08,2024-10-08 12:37:00,0.5,False,0.1780891954566851,0.3886159628983951,0.7472841542857165
2024-10-08,2024-10-08 12:38:00,0.5,False,0.1789021760964478,0.3900133471742897,0.7256374864497974
2024-10-08,2024-10-08 12:39:00,0.5,False,0.1796054802300631,0.3885584278252779,0.7292893910150088
2024-10-08,2024-10-08 12:40:00,0.5,False,0.1830613029701241,0.3865473731455243,0.7480442502589124
2024-10-08,2024-10-08 12:41:00,0.5,True,0.1969468364703874,0.3920588299871185,0.7205019323865031
2024-10-08,2024-10-08 12:42:00,0.5,False,0.1978292082124791,0.3904838398587642,0.7276563185882845
2024-10-08,2024-10-08 12:43:00,0.5,True,0.2009001661017763,0.3937188885495781,0.704991630625932
2024-10-08,2024-10-08 12:44:00,0.5,False,0.2127879777198101,0.4006835149817617,0.6524472399245593
2024-10-08,2024-10-08 12:45:00,0.5,False,0.2210545415694342,0.4042096963425741,0.6297953190901844
2024-10-08,2024-10-08 12:46:00,0.5,False,0.2208316813039605,0.4061994737792559,0.6103675528217893
2024-10-08,2024-10-08 12:47:00,0.5,False,0.2240968091003688,0.408645398939688,0.5925288587742734
2024-10-08,2024-10-08 12:48:00,0.5,False,0.2305811756935155,0.4128467261227095,0.567349428014124
2024-10-08,2024-10-08 12:49:00,0.5,False,0.2316549973158223,0.4145379985955736,0.5715548183190701
2024-10-08,2024-10-08 12:50:00,0.5,True,0.2350720441312825,0.4148930399084126,0.5731459760809121
2024-10-08,2024-10-08 12:51:00,0.5,False,0.2356823264824243,0.4175577499262861,0.5440098762795936
2024-10-08,2024-10-08 12:52:00,0.5,False,0.2394346759815711,0.4184200765781157,0.5417727230689663
2024-10-08,2024-10-08 12:53:00,0.5,True,0.2367731885480023,0.4186122488694204,0.5452261832544344
2024-10-08,2024-10-08 12:54:00,0.5,False,0.2341124503084335,0.4190760977805625,0.5386421707588456
2024-10-08,2024-10-08 12:55:00,0.5,False,0.2414356491851672,0.4246313787779013,0.5267661043402758
2024-10-08,2024-10-08 12:56:00,0.49,True,0.2444466561726604,0.4257161430054043,0.5104376701975003
2024-10-08,2024-10-08 12:57:00,0.49,False,0.2516310624100676,0.4291282684363062,0.5025132713646803
2024-10-08,2024-10-08 12:58:00,0.49,False,0.2502070055634064,0.4314558646865012,0.4850513925330547
2024-10-08,2024-10-08 12:59:00,0.5,True,0.2508483525395438,0.4337524541194113,0.4691938303215077
2024-10-08,2024-10-08 13:00:00,0.5,True,0.243332828575479,0.4308715991593413,0.4931728027429884
2024-10-08,2024-10-08 13:01:00,0.5,False,0.2393915874768331,0.4274596279225355,0.5163178554092602
2024-10-08,2024-10-08 13:02:00,0.5,True,0.244119331713091,0.4296831050672665,0.5020695114476877
2024-10-08,2024-10-08 13:03:00,0.5,False,0.2603943310553289,0.4369843835512891,0.4653751757503858
2024-10-08,2024-10-08 13:04:00,0.5,False,0.2741364358821936,0.439059058233299,0.4668211267481233
2024-10-08,2024-10-08 13:05:00,0.5,False,0.2818472048962527,0.4409601212596616,0.4675676061670528
2024-10-08,2024-10-08 13:06:00,0.5,False,0.2963216338640407,0.4457085977426526,0.456491437571259
2024-10-08,2024-10-08 13:07:00,0.5,False,0.3266965739252672,0.4593389121470979,0.3856164606814714
2024-10-08,2024-10-08 13:08:00,0.5,False,0.365497103670884,0.4799362390963189,0.2667055640731946
2024-10-08,2024-10-08 13:09:00,0.5,True,0.3605826390637164,0.4742070287452067,0.3084516266312708
2024-10-08,2024-10-08 13:10:00,0.5,True,0.3884764491068488,0.4846878165448783,0.2520248486784751
2024-10-08,2024-10-08 13:11:00,0.5,True,0.3782622790094753,0.4819719557523069,0.2477868808137034
2024-10-08,2024-10-08 13:12:00,0.5,True,0.364994918929481,0.4773294996923901,0.2745046733586784
2024-10-08,2024-10-08 13:13:00,0.5,False,0.3754143605236794,0.4816570590429373,0.2570283815912432
2024-10-08,2024-10-08 13:14:00,0.5,False,0.3580093997836218,0.4754637570690687,0.2692701406121094
2024-10-08,2024-10-08 13:15:00,0.5,True,0.3378606032327221,0.4704142343537827,0.281310607861955
2024-10-08,2024-10-08 13:16:00,0.5,True,0.3382735771584691,0.4719027513750839,0.2796620014376145
2024-10-08,2024-10-08 13:17:00,0.5,False,0.3599224862574871,0.4757994528248525,0.2788150002745555
2024-10-08,2024-10-08 13:18:00,0.5,True,0.3590804122224269,0.4761879313822078,0.2779204541935436
2024-10-08,2024-10-08 13:19:00,0.5,False,0.3785705441451861,0.4839470676017668,0.2548234173186752
2024-10-08,2024-10-08 13:20:00,0.5,False,0.3784497577856043,0.4831420248355972,0.2645664456499266
2024-10-08,2024-10-08 13:21:00,0.5,True,0.387645942652654,0.4879547632466791,0.2363567140523931
2024-10-08,2024-10-08 13:22:00,0.5,False,0.3816928414777079,0.4855327263097822,0.246329399399842
2024-10-08,2024-10-08 13:23:00,0.5,False,0.3834421248990557,0.4877963386660721,0.2261385954891232
2024-10-08,2024-10-08 13:24:00,0.5,False,0.3844243915436641,0.4904954439247209,0.2026627640804614
2024-10-08,2024-10-08 13:25:00,0.5,False,0.390588786016417,0.4926216086445414,0.178440288955151
2024-10-08,2024-10-08 13:26:00,0.5,False,0.3932929231062104,0.4912905029049677,0.1955898895503273
2024-10-08,2024-10-08 13:27:00,0.5,False,0.399269042917507,0.494147017529028,0.1792553348473503
2024-10-08,2024-10-08 13:28:00,0.5,False,0.3987861734373229,0.4947338971578763,0.1750287332388557
2024-10-08,2024-10-08 13:29:00,0.5,False,0.4007852418549119,0.4969495811419801,0.156410881667077
2024-10-08,2024-10-08 13:30:00,0.5,False,0.3961468395739328,0.4970383926063767,0.1530351457158982
2024-10-08,2024-10-08 13:31:00,0.5,True,0.4023788109115466,0.4982223418725656,0.1479003303897715
2024-10-08,2024-10-08 13:32:00,0.5,True,0.3986107780280501,0.4942380282804827,0.1679756589640071
2024-10-08,2024-10-08 13:33:00,0.5,True,0.397616810213969,0.4930298969520265,0.1698734509789073
2024-10-08,2024-10-08 13:34:00,0.5,True,0.3921334929404005,0.4910838243026297,0.1755114937236009
2024-10-08,2024-10-08 13:35:00,0.5,False,0.3837933991275152,0.4876168651581701,0.1776895839146979
2024-10-08,2024-10-08 13:36:00,0.5,False,0.372196469047359,0.4842693054681387,0.1737019034545253
2024-10-08,2024-10-08 13:37:00,0.5,False,0.3749795926466111,0.4838230673264136,0.1814532929011867
2024-10-08,2024-10-08 13:38:00,0.5,False,0.3717432365417593,0.4815002240852379,0.1947461737591674
2024-10-08,2024-10-08 13:39:00,0.5,False,0.3681463722572945,0.478919759811518,0.2132584783969706
2024-10-08,2024-10-08 13:40:00,0.5,True,0.3740265476315903,0.480364942964286,0.2067267991597342
2024-10-08,2024-10-08 13:41:00,0.5,False,0.3689133752675838,0.4795980427083502,0.1912637553942194
2024-10-08,2024-10-08 13:42:00,0.5,True,0.3721018904415536,0.4823701335015413,0.1759431001950339
2024-10-08,2024-10-08 13:43:00,0.5,False,0.3789250681972527,0.4848781093159196,0.1648783207940252
2024-10-08,2024-10-08 13:44:00,0.5,True,0.3805792230311322,0.4853803837274711,0.1669629583896466
2024-10-08,2024-10-08 13:45:00,0.5,False,0.3908469250335796,0.4890076572432046,0.1566094214643457
2024-10-08,2024-10-08 13:46:00,0.5,False,0.401279845489985,0.4910489940493476,0.1467152570669316
2024-10-08,2024-10-08 13:47:00,0.5,True,0.3985786056212159,0.4890619646128732,0.1642182520517626
2024-10-08,2024-10-08 13:48:00,0.5,False,0.3961290141693455,0.4882072619631616,0.1566126188399705
2024-10-08,2024-10-08 13:49:00,0.5,False,0.3896448088755093,0.4868834205920568,0.155724719437958
2024-10-08,2024-10-08 13:50:00,0.5,False,0.3925470029917846,0.490369989053546,0.1277283235571195
2024-10-08,2024-10-08 13:51:00,0.5,False,0.3936088537031408,0.4931605427435889,0.1002086275480766
2024-10-08,2024-10-08 13:52:00,0.5,False,0.3941935485283563,0.4949549958225508,0.1020612844835683
2024-10-08,2024-10-08 13:53:00,0.5,False,0.3742705280187023,0.4870874077793894,0.1404610411813849
2024-10-08,2024-10-08 13:54:00,0.5,False,0.3718284493855548,0.4843766168202422,0.1383846483448562
2024-10-08,2024-10-08 13:55:00,0.5,False,0.3673969227453491,0.4834083372818918,0.1413583586233371
2024-10-08,2024-10-08 13:56:00,0.5,False,0.3601471299431641,0.4826262581415358,0.136945248311711
2024-10-08,2024-10-08 13:57:00,0.49,True,0.3490106222781741,0.4782585905848026,0.1454461633180646
2024-10-08,2024-10-08 13:58:00,0.49,False,0.3490541698492002,0.4795366555985708,0.1312011760705229
2024-10-08,2024-10-08 13:59:00,0.49,False,0.3461336376162704,0.480181848556061,0.1217917197113425
2024-10-08,2024-10-08 14:00:00,0.49,False,0.3342937401172084,0.4761786612863323,0.1429880322974135
2024-10-08,2024-10-08 14:01:00,0.5,True,0.3326248417628284,0.4755724360091771,0.1397744953286666
2024-10-08,2024-10-08 14:02:00,0.49,True,0.3284472425668815,0.4729079118737495,0.1516453858035018
2024-10-08,2024-10-08 14:03:00,0.49,False,0.3283600581955345,0.4725242320436728,0.1534424247663932
2024-10-08,2024-10-08 14:04:00,0.5,True,0.3223038915910258,0.4679180282943496,0.1753735423925919
2024-10-08,2024-10-08 14:05:00,0.5,True,0.3213123594002306,0.466519971236513,0.1891582702961091
2024-10-08,2024-10-08 14:06:00,0.5,False,0.3191680169376897,0.4670511573225895,0.1754888751866793
2024-10-08,2024-10-08 14:07:00,0.5,False,0.307513590774326,0.4629335388558767,0.1991471654478705
2024-10-08,2024-10-08 14:08:00,0.5,False,0.3152485479717295,0.4648667908780966,0.1944060839236447
2024-10-08,2024-10-08 14:09:00,0.5,False,0.3224680574184232,0.4650822938394622,0.1993779727810781
2024-10-08,2024-10-08 14:10:00,0.5,False,0.3154037067863389,0.460739948532424,0.240526215839542
2024-10-08,2024-10-08 14:11:00,0.5,False,0.311704786772687,0.4618208227567157,0.2325977429035255
2024-10-08,2024-10-08 14:12:00,0.5,False,0.3114271771213817,0.4597620253818375,0.2431245617326099
2024-10-08,2024-10-08 14:13:00,0.5,False,0.3062809963224567,0.4570045864752162,0.2544426774312538
2024-10-08,2024-10-08 14:14:00,0.5,False,0.2912440909360692,0.4520923466589966,0.2897784091036899
2024-10-08,2024-10-08 14:15:00,0.5,True,0.2899555773717451,0.4516909467016892,0.2974365738795874
2024-10-08,2024-10-08 14:16:00,0.5,False,0.2942055718776722,0.4539632287698341,0.2736348556661025
2024-10-08,2024-10-08 14:17:00,0.5,False,0.3073077672102361,0.4581822718346429,0.2484810400783355
2024-10-08,2024-10-08 14:18:00,0.5,False,0.3161379859237245,0.4600405249721718,0.2440724450271102
2024-10-08,2024-10-08 14:19:00,0.5,True,0.3139075901097998,0.4588158481783257,0.2477122566213948
2024-10-08,2024-10-08 14:20:00,0.5,True,0.3110014880467194,0.4582590656435888,0.2542517143487219
2024-10-08,2024-10-08 14:21:00,0.5,True,0.3169349601920946,0.4584159684411149,0.2670060196092405
2024-10-08,2024-10-08 14:22:00,0.5,True,0.3121129095818985,0.4571344174424648,0.2776746013877887
2024-10-08,2024-10-08 14:23:00,0.5,False,0.3112165568342206,0.4570334986437482,0.2860465767452164
2024-10-08,2024-10-08 14:24:00,0.5,False,0.3130819389485161,0.4556734351001641,0.3099344057738155
2024-10-08,2024-10-08 14:25:00,0.5,False,0.3195652890258345,0.4576890338398817,0.3102903237122674
2024-10-08,2024-10-08 14:26:00,0.5,False,0.3151206565804918,0.4566149205622249,0.301630005170259
2024-10-08,2024-10-08 14:27:00,0.5,False,0.3169689077905337,0.4573764245326452,0.2965750188607982
2024-10-08,2024-10-08 14:28:00,0.5,False,0.3194873064040435,0.4565942707342121,0.3071345660907036
2024-10-08,2024-10-08 14:29:00,0.5,False,0.3152736016114927,0.4554959351027831,0.3136894558924435
2024-10-08,2024-10-08 14:30:00,0.5,True,0.3175377729959801,0.4554527783152624,0.333625602020866
2024-10-08,2024-10-08 14:31:00,0.5,True,0.3161257255843742,0.4536591544567313,0.3477854434345663
2024-10-08,2024-10-08 14:32:00,0.5,False,0.3286164206286688,0.4581126261716343,0.3190965946790588
2024-10-08,2024-10-08 14:33:00,0.495,True,0.3349341419779386,0.4597269753073747,0.3151448265616908
2024-10-08,2024-10-08 14:34:00,0.495,False,0.3362218805612063,0.4612306826932937,0.3149774656615823
2024-10-08,2024-10-08 14:35:00,0.495,False,0.3358233460359763,0.461848281876642,0.3149373605343254
2024-10-08,2024-10-08 14:36:00,0.495,False,0.3317549304683915,0.4617610888825573,0.2968930875215907
2024-10-08,2024-10-08 14:37:00,0.5,True,0.3324652592503855,0.4646269142211831,0.2740716040872301
2024-10-08,2024-10-08 14:38:00,0.5,True,0.3303215230805391,0.4656953281120361,0.2707368128987403
2024-10-08,2024-10-08 14:39:00,0.5,False,0.3213842552878547,0.4613171798015275,0.2985290298372129
2024-10-08,2024-10-08 14:40:00,0.5,False,0.3166542763466706,0.4581224861798323,0.3067707561948924
2024-10-08,2024-10-08 14:41:00,0.5,True,0.3142476274285432,0.4571877578062088,0.3150600699565453
2024-10-08,2024-10-08 14:42:00,0.49,True,0.3191788524216052,0.4613254803813204,0.2958747986069404
2024-10-08,2024-10-08 14:43:00,0.49,True,0.3229532852590724,0.4637897469916337,0.2816493230543208
2024-10-08,2024-10-08 14:44:00,0.49,False,0.3205106575027083,0.4629261973890695,0.2757830177452245
2024-10-08,2024-10-08 14:45:00,0.49,False,0.3246982622720976,0.466283411052652,0.2509716029638583
2024-10-08,2024-10-08 14:46:00,0.5,True,0.325695984198882,0.4657562232141985,0.2628764590728143
2024-10-08,2024-10-08 14:47:00,0.5,False,0.3316727042163032,0.4689216749499391,0.2455804867453341
2024-10-08,2024-10-08 14:48:00,0.49,True,0.3303497741537773,0.468829545343254,0.2473128059434985
2024-10-08,2024-10-08 14:49:00,0.49,False,0.3207514580425296,0.4672180302318679,0.2485004551016526
2024-10-08,2024-10-08 14:50:00,0.49,False,0.3212814055231878,0.4685323566071074,0.2533092930948912
2024-10-08,2024-10-08 14:51:00,0.5,True,0.3289454209051338,0.4724497765193854,0.2376544855317928
2024-10-08,2024-10-08 14:52:00,0.5,False,0.3308877045650421,0.475067094131559,0.2090386246631445
2024-10-08,2024-10-08 14:53:00,0.49,True,0.3275414404968091,0.4745827656340747,0.2060653661513808
2024-10-08,2024-10-08 14:54:00,0.49,False,0.3262691508943234,0.4756452041399624,0.1854117676370436
2024-10-08,2024-10-08 14:55:00,0.49,False,0.3257564094301188,0.4753546744263692,0.1789460426878448
2024-10-08,2024-10-08 14:56:00,0.49,False,0.325173700584039,0.4751263430353398,0.1709977273768079
2024-10-08,2024-10-08 14:57:00,0.5,True,0.321964807020708,0.4723282100108522,0.1788652855212064
2024-10-08,2024-10-08 14:58:00,0.5,False,0.3186226516184213,0.4727853883091329,0.1722468922137828
2024-10-08,2024-10-08 14:59:00,0.5,True,0.3197938543621439,0.473561478097126,0.1756264930941889
2024-10-08,2024-10-08 15:00:00,0.5,True,0.315443973183911,0.4707243863299475,0.1966486874110189
2024-10-08,2024-10-08 15:01:00,0.5,True,0.3171154062509178,0.4718673443652604,0.198174511284005
2024-10-08,2024-10-08 15:02:00,0.5,False,0.3180867210619563,0.4726816235635399,0.1930267806566988
2024-10-08,2024-10-08 15:03:00,0.5,False,0.3163110873887653,0.474263235820938,0.1681387567276204
2024-10-08,2024-10-08 15:04:00,0.5,False,0.3123655396146808,0.4734450637410273,0.163438721889209
2024-10-08,2024-10-08 15:05:00,0.5,True,0.3133926486714123,0.4744525101522922,0.1611942606051346
2024-10-08,2024-10-08 15:06:00,0.5,False,0.3131405013553765,0.4745168544185236,0.1666835255302844
2024-10-08,2024-10-08 15:07:00,0.5,True,0.3029943473113656,0.4715271282550518,0.170257516017603
2024-10-08,2024-10-08 15:08:00,0.5,True,0.2941195586409749,0.4680475015560267,0.1811086707935731
2024-10-08,2024-10-08 15:09:00,0.5,False,0.3015802187703398,0.4714205903565328,0.167012948759766
2024-10-08,2024-10-08 15:10:00,0.5,False,0.2954002640818288,0.4683728842838856,0.1797740030695261
2024-10-08,2024-10-08 15:11:00,0.5,False,0.2963088190098869,0.4688513550262109,0.1917038343639445
2024-10-08,2024-10-08 15:12:00,0.5,False,0.2912445016590779,0.4659736527003728,0.2033366994203859
2024-10-08,2024-10-08 15:13:00,0.5,False,0.2961603725180411,0.4682174936323017,0.2016705517807051
2024-10-08,2024-10-08 15:14:00,0.5,False,0.3036529759793877,0.4689830414115986,0.2116828462535944
2024-10-08,2024-10-08 15:15:00,0.5,False,0.3031290957370389,0.4695576155206941,0.2093538598506185
2024-10-08,2024-10-08 15:16:00,0.5,False,0.2960444350940219,0.4670820478978899,0.2099532818325255
2024-10-08,2024-10-08 15:17:00,0.5,False,0.2912654846600525,0.4659139488641967,0.2193923468167484
2024-10-08,2024-10-08 15:18:00,0.5,False,0.2876069864008774,0.463267114927563,0.2415669383887823
2024-10-08,2024-10-08 15:19:00,0.5,False,0.2877552095815172,0.4623690872895299,0.2656738350996779
2024-10-08,2024-10-08 15:20:00,0.5,False,0.2879858302624699,0.4653001449796274,0.2486909279780119
2024-10-08,2024-10-08 15:21:00,0.5,False,0.2872957269882455,0.4663247744013833,0.2488909824393697
2024-10-08,2024-10-08 15:22:00,0.5,True,0.2853910913656267,0.4652143481479047,0.2703528672276564
2024-10-08,2024-10-08 15:23:00,0.5,False,0.2795178705740563,0.4592984667254756,0.3064562842222217
2024-10-08,2024-10-08 15:24:00,0.5,False,0.2736930005183104,0.454490690811917,0.3303564373424734
2024-10-08,2024-10-08 15:25:00,0.5,False,0.2858567461790317,0.4635948028122466,0.2772941654711688
2024-10-08,2024-10-08 15:26:00,0.5,False,0.2922060541640156,0.4691854175470654,0.2609770242381667
2024-10-08,2024-10-08 15:27:00,0.5,False,0.2933370050882232,0.4739408716284767,0.2385043361955685
2024-10-08,2024-10-08 15:28:00,0.5,True,0.2904273694050739,0.474072258704977,0.2301738622574377
2024-10-08,2024-10-08 15:29:00,0.5,False,0.2922405212819754,0.4761450388308185,0.2228233270523095
2024-10-08,2024-10-08 15:30:00,0.5,True,0.2983984459024504,0.477261864502771,0.2218422109611619
2024-10-08,2024-10-08 15:31:00,0.5,False,0.3016053976575147,0.4803045322350294,0.1947536041592572
2024-10-08,2024-10-08 15:32:00,0.5,True,0.2924468478868317,0.4761609719077798,0.2212453727753957
2024-10-08,2024-10-08 15:33:00,0.5,True,0.2802094116336342,0.4742086030597866,0.232028906366853
2024-10-08,2024-10-08 15:34:00,0.49,True,0.2815343964260497,0.4739695766023871,0.2175630454493667
2024-10-08,2024-10-08 15:35:00,0.49,False,0.2815733968643232,0.4748309298042936,0.2017525198601078
2024-10-08,2024-10-08 15:36:00,0.49,False,0.2752243754911795,0.4731041114373329,0.2102100373713109
2024-10-08,2024-10-08 15:37:00,0.49,False,0.2732784377657959,0.4730651700755761,0.208031453445676
2024-10-08,2024-10-08 15:38:00,0.5,True,0.281091889670921,0.4753858987119274,0.1982492742223797
2024-10-08,2024-10-08 15:39:00,0.5,True,0.2788642843523876,0.4749851691759355,0.2053523321327353
2024-10-08,2024-10-08 15:40:00,0.5,False,0.2846888060054663,0.4760386874637371,0.219464112045591
2024-10-08,2024-10-08 15:41:00,0.5,False,0.2887533867094717,0.4775986508955208,0.2293362823490691
2024-10-08,2024-10-08 15:42:00,0.5,True,0.2798423856618299,0.4746972624549329,0.2567493776230402
2024-10-08,2024-10-08 15:43:00,0.5,False,0.2749091663355206,0.4753022584638798,0.2508046179403348
2024-10-08,2024-10-08 15:44:00,0.5,False,0.2679632012212296,0.473648561562104,0.2400500484168007
2024-10-08,2024-10-08 15:45:00,0.5,False,0.2606044406294583,0.470619092446319,0.2540364948921012
2024-10-08,2024-10-08 15:46:00,0.5,True,0.2672468224302068,0.4733250303191192,0.2477706611422637
2024-10-08,2024-10-08 15:47:00,0.5,False,0.2581862113814646,0.4691987500441881,0.2592062899370202
2024-10-08,2024-10-08 15:48:00,0.5,False,0.2585906052360118,0.4679981570549326,0.2644603006725949
2024-10-08,2024-10-08 15:49:00,0.5,False,0.2693468570645325,0.4756504678467066,0.2196588029411628
2024-10-08,2024-10-08 15:50:00,0.5,False,0.2712244976224556,0.476812485733001,0.2153802227654389
2024-10-08,2024-10-08 15:51:00,0.5,False,0.2715957564975714,0.4767750372969642,0.2378725580569884
2024-10-08,2024-10-08 15:52:00,0.5,True,0.2699088580565571,0.4741134249664842,0.2602201706643858
2024-10-08,2024-10-08 15:53:00,0.5,False,0.2641687795902568,0.4721636724925083,0.2514457562459757
2024-10-08,2024-10-08 15:54:00,0.5,False,0.2571376528886457,0.4751724786346668,0.2162481752291272
2024-10-08,2024-10-08 15:55:00,0.5,True,0.2603044269459482,0.4748587436976537,0.2299973765024107
2024-10-08,2024-10-08 15:56:00,0.5,False,0.2534502669535273,0.4744239669952045,0.2316866595502528
2024-10-08,2024-10-08 15:57:00,0.5,True,0.252134987522553,0.4737183905342628,0.2335666384156741
2024-10-08,2024-10-08 15:58:00,0.5,False,0.2547245769440519,0.4751007330670093,0.2349034441079749
2024-10-08,2024-10-08 15:59:00,0.5,True,0.2566030425433313,0.4767312835760865,0.2433574269317503
2024-10-08,2024-10-08 16:00:00,0.5,True,0.256442112135022,0.4768828526295757,0.2383193840236648
2024-10-09,2024-10-09 09:31:00,0.5,False,0.1108184727870112,0.4284609412449829,0.2897170465827249
2024-10-09,2024-10-09 09:32:00,0.5,False,0.148040880670844,0.4498912667255905,0.2224028031477002
2024-10-09,2024-10-09 09:33:00,0.5,False,0.1665290512902028,0.4581013938698551,0.3317356754646509
2024-10-09,2024-10-09 09:34:00,0.5,False,0.1683034932808928,0.4573029695467482,0.4053544454619445
2024-10-09,2024-10-09 09:35:00,0.5,False,0.1579632019248306,0.4585648853069273,0.3990459611907334
2024-10-09,2024-10-09 09:36:00,0.5,True,0.193386294216073,0.4609534624885776,0.4356882534946693
2024-10-09,2024-10-09 09:37:00,0.5,False,0.1896038270214543,0.4658516649733025,0.3763462696151909
2024-10-09,2024-10-09 09:38:00,0.5,False,0.2025311892672312,0.4723303587313521,0.3707765968546015
2024-10-09,2024-10-09 09:39:00,0.5,False,0.2040141416777683,0.4786400130780375,0.2945115125978749
2024-10-09,2024-10-09 09:40:00,0.5,True,0.2462801269055399,0.4932569549005529,0.2222807342459705
2024-10-09,2024-10-09 09:41:00,0.5,False,0.2123348317954979,0.4761242606645051,0.2852412601116035
2024-10-09,2024-10-09 09:42:00,0.5,True,0.2240530833008054,0.4843538058219724,0.2389036976649863
2024-10-09,2024-10-09 09:43:00,0.5,False,0.2404031832703449,0.4843390873070652,0.2433898199926424
2024-10-09,2024-10-09 09:44:00,0.5,False,0.2712725870648483,0.4905402116821823,0.2325411930292374
2024-10-09,2024-10-09 09:45:00,0.5,False,0.2832183864333645,0.4880563668995299,0.2777501424182894
2024-10-09,2024-10-09 09:46:00,0.5,False,0.309574866568601,0.4924686346898226,0.2799991243271231
2024-10-09,2024-10-09 09:47:00,0.5,False,0.2883728301752749,0.4787995764475627,0.4052636286988528
2024-10-09,2024-10-09 09:48:00,0.5,False,0.282934897624824,0.4772285054597647,0.3732463794191634
2024-10-09,2024-10-09 09:49:00,0.5,True,0.2593706254177282,0.4683079779663194,0.4007979961606016
2024-10-09,2024-10-09 09:50:00,0.5,True,0.2654867945775918,0.471989008498146,0.3580101142374027
2024-10-09,2024-10-09 09:51:00,0.5,True,0.2683505114725547,0.4667526071027538,0.4156102075773022
2024-10-09,2024-10-09 09:52:00,0.5,False,0.2422644750758554,0.4598891733935564,0.4348716009245089
2024-10-09,2024-10-09 09:53:00,0.5,False,0.2592547207494985,0.4680729638446284,0.4199260965259998
2024-10-09,2024-10-09 09:54:00,0.5,False,0.2723787936659739,0.4735052460717329,0.4094585706165376
2024-10-09,2024-10-09 09:55:00,0.5,True,0.2730755586897716,0.4775107670509577,0.3780305029729938
2024-10-09,2024-10-09 09:56:00,0.5,False,0.2753024366817152,0.4743972993584302,0.411559345840898
2024-10-09,2024-10-09 09:57:00,0.5,False,0.2783099470914731,0.4782368701121673,0.4072118641640689
2024-10-09,2024-10-09 09:58:00,0.5,True,0.2992539130501156,0.4775500103229447,0.3947873842479409
2024-10-09,2024-10-09 09:59:00,0.5,False,0.2738266427883094,0.4624446082519239,0.4500334313914831
2024-10-09,2024-10-09 10:00:00,0.5,True,0.2642997422412575,0.4635028503017152,0.4250612781288292
2024-10-09,2024-10-09 10:01:00,0.5,False,0.2726960304934093,0.465150696077404,0.4067387183372827
2024-10-09,2024-10-09 10:02:00,0.5,True,0.2852519174720545,0.4681777942331341,0.3570425493631378
2024-10-09,2024-10-09 10:03:00,0.5,True,0.2840078462836306,0.4734272634878599,0.2839331870798072
2024-10-09,2024-10-09 10:04:00,0.5,False,0.2750983687734483,0.4745246670958102,0.2669400892562016
2024-10-09,2024-10-09 10:05:00,0.5,False,0.2380292404147664,0.4618254439392996,0.3067546818710797
2024-10-09,2024-10-09 10:06:00,0.5,False,0.2340293942180981,0.4548284787692235,0.3770633694316047
2024-10-09,2024-10-09 10:07:00,0.5,True,0.2225418698214108,0.4522914892951374,0.3263103182317476
2024-10-09,2024-10-09 10:08:00,0.5,True,0.2063571792839445,0.452119871715328,0.2734215753595672
2024-10-09,2024-10-09 10:09:00,0.5,True,0.2307778219378251,0.461406086430424,0.2096424868436262
2024-10-09,2024-10-09 10:10:00,0.5,False,0.2414276304284203,0.4659100196694837,0.1936430486884678
2024-10-09,2024-10-09 10:11:00,0.5,False,0.2675241215114683,0.4770895400945944,0.1518797170364634
2024-10-09,2024-10-09 10:12:00,0.5,False,0.2507092948565976,0.4698917832664992,0.2068249923475812
2024-10-09,2024-10-09 10:13:00,0.5,False,0.2343231397895883,0.4664414231795676,0.2045215133040626
2024-10-09,2024-10-09 10:14:00,0.5,False,0.244120972835459,0.4745265350033157,0.1394859938945506
2024-10-09,2024-10-09 10:15:00,0.5,False,0.2501372314162914,0.4837707066323221,0.0757635194844617
2024-10-09,2024-10-09 10:16:00,0.5,False,0.2356272896657693,0.4869959159695384,0.0560743373538663
2024-10-09,2024-10-09 10:17:00,0.5,True,0.2153527668494014,0.4803752231024516,0.0784716826791226
2024-10-09,2024-10-09 10:18:00,0.5,True,0.2157256404388019,0.4828454049430473,0.0592318321923544
2024-10-09,2024-10-09 10:19:00,0.5,False,0.2041738889478187,0.4813622066658292,0.0420428406906156
2024-10-09,2024-10-09 10:20:00,0.5,False,0.200490945262772,0.4822653863717056,0.0412359789476988
2024-10-09,2024-10-09 10:21:00,0.5,False,0.1973901550013899,0.4830441482028614,0.0639499710886942
2024-10-09,2024-10-09 10:22:00,0.5,False,0.2078126110144345,0.4823498250502385,0.0759753896395986
2024-10-09,2024-10-09 10:23:00,0.5,True,0.1988434444921369,0.4828214053356784,0.0983144580670899
2024-10-09,2024-10-09 10:24:00,0.5,False,0.195088268917677,0.482474254700463,0.0945050305043064
2024-10-09,2024-10-09 10:25:00,0.5,False,0.1840211541318253,0.4722244464099001,0.154334167354927
2024-10-09,2024-10-09 10:26:00,0.5,False,0.1967237252314271,0.4796025245340524,0.1282358012908562
2024-10-09,2024-10-09 10:27:00,0.5,False,0.209795142191065,0.4876879512014383,0.0908339050618169
2024-10-09,2024-10-09 10:28:00,0.5,False,0.1947433791543574,0.4859082985524964,0.0692680167544567
2024-10-09,2024-10-09 10:29:00,0.5,True,0.1989292267761951,0.4891887834674527,0.025832476286711
2024-10-09,2024-10-09 10:30:00,0.5,False,0.2161534613244032,0.499470004890798,-0.0363115855469808
2024-10-09,2024-10-09 10:31:00,0.5,True,0.2547511715187434,0.507635696920921,-0.0615940677637862
2024-10-09,2024-10-09 10:32:00,0.5,True,0.2385506128583543,0.5037837112772277,-0.0488814098040303
2024-10-09,2024-10-09 10:33:00,0.5,False,0.2479825488949044,0.5091149461418164,-0.0733298222286424
2024-10-09,2024-10-09 10:34:00,0.5,False,0.2535168570009138,0.514788058327866,-0.1225270712950578
2024-10-09,2024-10-09 10:35:00,0.5,False,0.253161422123096,0.5147922949144553,-0.1524365503711586
2024-10-09,2024-10-09 10:36:00,0.5,False,0.2325605618060942,0.5085290585270084,-0.1485283024408799
2024-10-09,2024-10-09 10:37:00,0.5,False,0.241975897664997,0.506953712602631,-0.1347856421645298
2024-10-09,2024-10-09 10:38:00,0.5,True,0.2799507630838128,0.5185185086116143,-0.1674440220669101
2024-10-09,2024-10-09 10:39:00,0.5,True,0.2950043393548006,0.5232211727514743,-0.1796785182743654
2024-10-09,2024-10-09 10:40:00,0.5,False,0.2986809419474294,0.5252774225383436,-0.169187123362454
2024-10-09,2024-10-09 10:41:00,0.5,False,0.3000376270596747,0.5267545518723049,-0.1565942206883436
2024-10-09,2024-10-09 10:42:00,0.5,True,0.3006422866687671,0.5254625486320116,-0.1479643906655254
2024-10-09,2024-10-09 10:43:00,0.49,True,0.3094197459689197,0.530036190296542,-0.1683592044130572
2024-10-09,2024-10-09 10:44:00,0.49,False,0.3532522344762224,0.5419883320284692,-0.1828042561986807
2024-10-09,2024-10-09 10:45:00,0.5,True,0.35969918242758,0.5433247368708264,-0.2094720263788127
2024-10-09,2024-10-09 10:46:00,0.5,False,0.3483487319781376,0.5409094303441637,-0.2257233019859562
2024-10-09,2024-10-09 10:47:00,0.5,False,0.3740221878469746,0.5481036225128078,-0.2318051536076863
2024-10-09,2024-10-09 10:48:00,0.5,False,0.3780054692130488,0.5484847747393173,-0.2182113106831293
2024-10-09,2024-10-09 10:49:00,0.5,False,0.3840096940596937,0.5512997336017339,-0.2347960395822944
2024-10-09,2024-10-09 10:50:00,0.5,False,0.3802099173715167,0.5444339342923582,-0.1935962297416841
2024-10-09,2024-10-09 10:51:00,0.5,False,0.3793199693326154,0.5439525467448496,-0.1782794431796183
2024-10-09,2024-10-09 10:52:00,0.5,False,0.3744892990578505,0.5425959032701768,-0.1808615414518699
2024-10-09,2024-10-09 10:53:00,0.5,False,0.3841130272189402,0.5469670002657882,-0.2078651666496689
2024-10-09,2024-10-09 10:54:00,0.5,False,0.3806931908802216,0.5472531146476752,-0.2355954592430355
2024-10-09,2024-10-09 10:55:00,0.5,True,0.3941484283042768,0.5526720176099967,-0.251423902701496
2024-10-09,2024-10-09 10:56:00,0.5,False,0.3800124658099539,0.5471564761499546,-0.2237978012370235
2024-10-09,2024-10-09 10:57:00,0.5,False,0.3647698563680516,0.5450424855764544,-0.2030425552938355
2024-10-09,2024-10-09 10:58:00,0.5,False,0.3669871474357026,0.5452687553340907,-0.1994089166990894
2024-10-09,2024-10-09 10:59:00,0.5,False,0.3465457079893783,0.5392488543311558,-0.2005175797784462
2024-10-09,2024-10-09 11:00:00,0.5,False,0.3358473223285144,0.5377669772354197,-0.2153735787222112
2024-10-09,2024-10-09 11:01:00,0.5,False,0.3188687796231282,0.53032625877003,-0.1799024490734126
2024-10-09,2024-10-09 11:02:00,0.5,False,0.3090740104875795,0.5283752488404898,-0.1705276945715909
2024-10-09,2024-10-09 11:03:00,0.5,True,0.3064593940985269,0.533560772673924,-0.2138980480345502
2024-10-09,2024-10-09 11:04:00,0.5,False,0.3179723260051325,0.537674961286531,-0.1992674438225294
2024-10-09,2024-10-09 11:05:00,0.5,False,0.3292330758212435,0.5437063743737732,-0.2147239707291758
2024-10-09,2024-10-09 11:06:00,0.5,True,0.3313964732496123,0.5456386911756892,-0.2280217280688937
2024-10-09,2024-10-09 11:07:00,0.495,True,0.3272683666530309,0.5419446772677927,-0.2092089596550191
2024-10-09,2024-10-09 11:08:00,0.495,False,0.3373697708429362,0.5440559215998515,-0.2025207793470378
2024-10-09,2024-10-09 11:09:00,0.5,True,0.3301024710097441,0.5431283039822692,-0.2028554903872624
2024-10-09,2024-10-09 11:10:00,0.5,False,0.3351146387946167,0.546708705343661,-0.2205251435040077
2024-10-09,2024-10-09 11:11:00,0.5,True,0.3384143105539781,0.5452958918481922,-0.2028461677406213
2024-10-09,2024-10-09 11:12:00,0.5,False,0.3256918371901599,0.5428536461779634,-0.190171592671795
2024-10-09,2024-10-09 11:13:00,0.5,False,0.3325908913001572,0.547021480460921,-0.230409679858219
2024-10-09,2024-10-09 11:14:00,0.5,False,0.3472387508275109,0.5476036360148593,-0.2209038726675908
2024-10-09,2024-10-09 11:16:00,0.5,True,0.358112995660702,0.5487211653799496,-0.2216474411804155
2024-10-09,2024-10-09 11:17:00,0.5,False,0.3457749615290486,0.5445756772092798,-0.2060253355408756
2024-10-09,2024-10-09 11:18:00,0.5,False,0.3495679521525346,0.547537599147194,-0.2134735820228296
2024-10-09,2024-10-09 11:19:00,0.5,False,0.3521762340772902,0.5509787855512297,-0.2527500449954675
2024-10-09,2024-10-09 11:20:00,0.5,True,0.3476025470634781,0.5487759137290653,-0.2374269925287972
2024-10-09,2024-10-09 11:21:00,0.5,False,0.3640681967008715,0.5543863895118367,-0.2646143350035099
2024-10-09,2024-10-09 11:22:00,0.5,True,0.3698234892637457,0.5573511567291696,-0.2639647755280485
2024-10-09,2024-10-09 11:23:00,0.5,False,0.3922669940388358,0.5629018992565369,-0.2685857279552315
2024-10-09,2024-10-09 11:24:00,0.5,True,0.3885175547864604,0.5620743146575482,-0.2608236427204964
2024-10-09,2024-10-09 11:25:00,0.5,True,0.396255465850276,0.5662537257167634,-0.2708337859322325
2024-10-09,2024-10-09 11:26:00,0.5,False,0.3890389173864095,0.5640671394138105,-0.2574451749574957
2024-10-09,2024-10-09 11:27:00,0.5,False,0.3924510459859556,0.5676643783374193,-0.2595112048792754
2024-10-09,2024-10-09 11:28:00,0.5,False,0.4005246978313962,0.5713242120087526,-0.2696273687274425
2024-10-09,2024-10-09 11:29:00,0.5,True,0.4004541133483582,0.57055420542797,-0.2599757821849894
2024-10-09,2024-10-09 11:30:00,0.5,False,0.3980726203894028,0.5670142706081421,-0.2063171031439499
2024-10-09,2024-10-09 11:31:00,0.5,False,0.3935079169329072,0.5663697793984925,-0.2066602840238658
2024-10-09,2024-10-09 11:32:00,0.5,False,0.392041780855562,0.5662333660245075,-0.2244814382273816
2024-10-09,2024-10-09 11:33:00,0.5,False,0.3961221698096173,0.5695100482025888,-0.233921329248337
2024-10-09,2024-10-09 11:34:00,0.5,False,0.3936480059099134,0.5674830961533021,-0.2414315276912484
2024-10-09,2024-10-09 11:35:00,0.5,True,0.3993480974147314,0.5713046738270604,-0.2678709910048789
2024-10-09,2024-10-09 11:36:00,0.5,False,0.3918545859292523,0.5690779845903706,-0.2575540545299503
2024-10-09,2024-10-09 11:37:00,0.5,False,0.3885148118889243,0.5665521436684532,-0.2484489014618351
2024-10-09,2024-10-09 11:38:00,0.49,True,0.3777038053173927,0.5620108381413293,-0.2271731050411624
2024-10-09,2024-10-09 11:39:00,0.5,True,0.3805167836289084,0.5582401941104504,-0.1764189715344761
2024-10-09,2024-10-09 11:40:00,0.5,False,0.3859870606795868,0.5559607642950355,-0.1430848175566439
2024-10-09,2024-10-09 11:41:00,0.5,True,0.3854055922128057,0.5552533077145899,-0.1559102015511949
2024-10-09,2024-10-09 11:42:00,0.5,False,0.3756026091279372,0.549327527043734,-0.1320290192479908
2024-10-09,2024-10-09 11:43:00,0.5,False,0.36682657211131,0.5445192150833331,-0.115757666541389
2024-10-09,2024-10-09 11:44:00,0.5,False,0.3627212833477796,0.5368432305588156,-0.064256043421523
2024-10-09,2024-10-09 11:45:00,0.5,True,0.3754967007696743,0.5404705651543845,-0.0711935610423975
2024-10-09,2024-10-09 11:46:00,0.5,False,0.3768442086637705,0.5386510335667755,-0.0619442172095837
2024-10-09,2024-10-09 11:47:00,0.5,False,0.3768178195754054,0.5353503750227883,-0.0501584908298873
2024-10-09,2024-10-09 11:48:00,0.5,True,0.3693207229359319,0.5316173898542406,-0.0141529307363792
2024-10-09,2024-10-09 11:49:00,0.5,False,0.3743699040591932,0.5387510492956358,-0.0658779325241014
2024-10-09,2024-10-09 11:50:00,0.5,True,0.3760501619880251,0.5372220681444486,-0.0395959525348917
2024-10-09,2024-10-09 11:51:00,0.5,False,0.3724733064727674,0.5403924422789627,-0.0878511391509541
2024-10-09,2024-10-09 11:52:00,0.5,False,0.3638256790467531,0.5371390593509594,-0.0723327727617986
2024-10-09,2024-10-09 11:53:00,0.495,True,0.3539745937822417,0.5330246625527095,-0.0614020292502701
2024-10-09,2024-10-09 11:54:00,0.495,False,0.3508445764068929,0.5330564389669994,-0.0528662624638703
2024-10-09,2024-10-09 11:55:00,0.495,False,0.3354993442179323,0.5287411247948068,-0.0546253329958402
2024-10-09,2024-10-09 11:56:00,0.495,False,0.311360157751184,0.5186105921813595,0.0005667275517903
2024-10-09,2024-10-09 11:57:00,0.49,True,0.3100887708996362,0.5145969314057255,0.0275438793588361
2024-10-09,2024-10-09 11:58:00,0.49,False,0.3065414118798896,0.512078791209114,0.0477909052058335
2024-10-09,2024-10-09 11:59:00,0.49,False,0.3069308535180989,0.5100813033130103,0.0580914381253734
2024-10-09,2024-10-09 12:00:00,0.5,True,0.3171137483867789,0.5117729091173241,0.0601028300659191
2024-10-09,2024-10-09 12:01:00,0.5,False,0.3223989471973483,0.5084299533558375,0.1003357963457959
2024-10-09,2024-10-09 12:02:00,0.5,False,0.3338696137606402,0.5112715229198381,0.1144611199046531
2024-10-09,2024-10-09 12:03:00,0.5,True,0.3485758473268859,0.5165615871889357,0.0969152573394566
2024-10-09,2024-10-09 12:04:00,0.5,False,0.3605510391030846,0.5213573348256864,0.0745880607096901
2024-10-09,2024-10-09 12:05:00,0.5,True,0.3590063795610924,0.5220019236818013,0.075427354837516
2024-10-09,2024-10-09 12:06:00,0.5,False,0.3817449375169628,0.5313834989248116,0.062724007496788
2024-10-09,2024-10-09 12:07:00,0.5,True,0.3924226447536593,0.5337975451154544,0.0411607475687299
2024-10-09,2024-10-09 12:08:00,0.5,False,0.3720867755142641,0.5271473449345556,0.0669852577390356
2024-10-09,2024-10-09 12:09:00,0.5,False,0.3646691880550975,0.5244853642882913,0.0903560454746004
2024-10-09,2024-10-09 12:10:00,0.5,False,0.3580697818038347,0.5205681329348588,0.105369207574693
2024-10-09,2024-10-09 12:11:00,0.5,False,0.3524980234736076,0.5171283401845391,0.1061469631694995
2024-10-09,2024-10-09 12:12:00,0.5,False,0.3565857772703966,0.5165387066791853,0.1298384159900044
2024-10-09,2024-10-09 12:13:00,0.5,True,0.3639088884927826,0.521249085498605,0.1178992738358981
2024-10-09,2024-10-09 12:14:00,0.5,False,0.3650243902389566,0.5208242511675207,0.1147804113795202
2024-10-09,2024-10-09 12:15:00,0.5,False,0.3673501458949919,0.5219908319597004,0.1073007541433378
2024-10-09,2024-10-09 12:16:00,0.5,True,0.388289720115357,0.529737670082478,0.0867521981164903
2024-10-09,2024-10-09 12:17:00,0.5,False,0.3930016831515016,0.5330070818352974,0.0735399779489676
2024-10-09,2024-10-09 12:18:00,0.5,False,0.3895018973493602,0.5332220356381077,0.0727609734812559
2024-10-09,2024-10-09 12:19:00,0.5,False,0.4012324415375515,0.5376292059712363,0.0611691919877616
2024-10-09,2024-10-09 12:20:00,0.5,False,0.4073044197895319,0.5410710619440074,0.0480991423273868
2024-10-09,2024-10-09 12:21:00,0.5,True,0.4126957580882787,0.5415764988877798,0.0726658933476592
2024-10-09,2024-10-09 12:22:00,0.5,False,0.4010297489732267,0.5393799373282538,0.0570638776808229
2024-10-09,2024-10-09 12:23:00,0.5,False,0.3945151565160181,0.5382664839758038,0.0425638428902353
2024-10-09,2024-10-09 12:24:00,0.5,False,0.3944806731825168,0.538860246055709,0.0183469422130678
2024-10-09,2024-10-09 12:25:00,0.5,False,0.4000082630177001,0.5425230128599215,-0.0094400651396274
2024-10-09,2024-10-09 12:26:00,0.5,True,0.4091715479023582,0.5458107121848554,-0.0336818135011885
2024-10-09,2024-10-09 12:27:00,0.5,False,0.4174926157952888,0.5488991158758891,-0.0472348784346097
2024-10-09,2024-10-09 12:28:00,0.5,True,0.4147241053075903,0.5512974112276395,-0.1034473211636585
2024-10-09,2024-10-09 12:29:00,0.5,True,0.4115358203057604,0.5534351216576779,-0.1230818232138311
2024-10-09,2024-10-09 12:30:00,0.5,False,0.4048731112177949,0.5533468087654103,-0.1445804932802162
2024-10-09,2024-10-09 12:31:00,0.5,False,0.3922184448606134,0.5476316288828399,-0.1364053968809709
2024-10-09,2024-10-09 12:32:00,0.5,True,0.3849458344132546,0.54282204485254,-0.1153068811015136
2024-10-09,2024-10-09 12:33:00,0.5,False,0.3875328884513698,0.5431212681240196,-0.129838060298044
2024-10-09,2024-10-09 12:34:00,0.5,True,0.3835086136024498,0.5389473665651208,-0.094583974928989
2024-10-09,2024-10-09 12:35:00,0.5,False,0.3907560100907793,0.5391712670277482,-0.0781971614619005
2024-10-09,2024-10-09 12:36:00,0.5,True,0.3820525723847173,0.5333095913688247,-0.0334333490569881
2024-10-09,2024-10-09 12:37:00,0.5,False,0.3780779841652623,0.533047379974599,-0.0356448284024875
2024-10-09,2024-10-09 12:38:00,0.5,True,0.3532392602363943,0.5232701988200796,-0.0005469215425346
2024-10-09,2024-10-09 12:39:00,0.5,True,0.3603791911106778,0.5250171410604811,-0.0103610417168766
2024-10-09,2024-10-09 12:40:00,0.495,True,0.3600515230183595,0.523436695097808,0.0080725360754888
2024-10-09,2024-10-09 12:41:00,0.495,False,0.3529085975555206,0.5223050283256856,0.002695586366536
2024-10-09,2024-10-09 12:42:00,0.495,False,0.3574964878912119,0.5239831465488997,-0.011623766643469
2024-10-09,2024-10-09 12:43:00,0.495,False,0.3457355207196396,0.5182265713089048,0.0027271008124825
2024-10-09,2024-10-09 12:44:00,0.5,True,0.3631491475492477,0.5245809951905356,-0.0233924881487734
2024-10-09,2024-10-09 12:45:00,0.5,False,0.3609775850022415,0.5226484281512735,-0.0132337213754127
2024-10-09,2024-10-09 12:46:00,0.5,False,0.3591401782512711,0.5219669589306195,-0.0019544497809272
2024-10-09,2024-10-09 12:47:00,0.5,False,0.3606758303831426,0.5197484240371919,0.0032318030784043
2024-10-09,2024-10-09 12:48:00,0.5,False,0.3573542240143532,0.5208962087173814,0.0022620250610592
2024-10-09,2024-10-09 12:49:00,0.5,True,0.3678655118763582,0.5261386832000611,-0.0246152424618751
2024-10-09,2024-10-09 12:50:00,0.49,True,0.3675785168831219,0.5249052784888371,-0.0266582131197204
2024-10-09,2024-10-09 12:51:00,0.49,False,0.3685875654746835,0.5245045418246288,-0.0220404763855731
2024-10-09,2024-10-09 12:52:00,0.49,False,0.3762208971906943,0.528898384107277,-0.0407882546844682
2024-10-09,2024-10-09 12:53:00,0.49,True,0.3708892738108106,0.5284116731322688,-0.0421214935915857
2024-10-09,2024-10-09 12:54:00,0.5,True,0.3759261392659018,0.5304223190498792,-0.0625349249986715
2024-10-09,2024-10-09 12:55:00,0.5,True,0.3830557156713517,0.5338990305244831,-0.06334270597871
2024-10-09,2024-10-09 12:56:00,0.5,True,0.3875952492980753,0.5375515548223316,-0.0821606228070939
2024-10-09,2024-10-09 12:57:00,0.5,False,0.3907778862401032,0.5361520963796247,-0.0679729322113372
2024-10-09,2024-10-09 12:58:00,0.5,True,0.386085216491303,0.5351601679662212,-0.0682557098189812
2024-10-09,2024-10-09 12:59:00,0.5,True,0.3964695567234125,0.5374615238190867,-0.0758299742760378
2024-10-09,2024-10-09 13:00:00,0.5,True,0.3952938966171061,0.5357167541310861,-0.069915592175524
2024-10-09,2024-10-09 13:01:00,0.5,False,0.4065952964043406,0.5398467573770616,-0.0894137737902023
2024-10-09,2024-10-09 13:02:00,0.5,False,0.4033012259534222,0.5426786342834728,-0.1055000685651172
2024-10-09,2024-10-09 13:03:00,0.5,False,0.3964903298196299,0.5438665558494068,-0.1120245641613359
2024-10-09,2024-10-09 13:04:00,0.5,False,0.4079756646071114,0.5491623001077032,-0.123192330452062
2024-10-09,2024-10-09 13:05:00,0.5,False,0.4080790620855971,0.5495687531893401,-0.1400602831542942
2024-10-09,2024-10-09 13:06:00,0.5,False,0.4061157968158343,0.5487144657850234,-0.1420408419669133
2024-10-09,2024-10-09 13:07:00,0.5,False,0.4016665883484552,0.5472784001164289,-0.1342229818671065
2024-10-09,2024-10-09 13:08:00,0.5,True,0.4030518202846643,0.5483821245983119,-0.1379322752925639
2024-10-09,2024-10-09 13:09:00,0.5,False,0.4079250230216131,0.5503584826238755,-0.1506954783306305
2024-10-09,2024-10-09 13:10:00,0.5,True,0.4079349704203818,0.554173648496943,-0.1733310255581392
2024-10-09,2024-10-09 13:11:00,0.5,True,0.4125273793510524,0.5570788332309717,-0.1858000898719146
2024-10-09,2024-10-09 13:12:00,0.5,False,0.4247710609481,0.560504651840862,-0.2146705253419148
2024-10-09,2024-10-09 13:13:00,0.5,False,0.4283880887865256,0.5634438485195262,-0.2317508720352424
2024-10-09,2024-10-09 13:14:00,0.5,False,0.4275083195567323,0.562939795389959,-0.2325838473449801
2024-10-09,2024-10-09 13:15:00,0.5,True,0.428674724549061,0.5629428188444804,-0.2266999430466551
2024-10-09,2024-10-09 13:16:00,0.5,True,0.4300631763951163,0.5635060036974004,-0.2281382886194458
2024-10-09,2024-10-09 13:17:00,0.5,False,0.4335989457743557,0.5664019910307307,-0.2642088884801124
2024-10-09,2024-10-09 13:18:00,0.5,True,0.4414410521365801,0.5709321070231435,-0.2894762296375431
2024-10-09,2024-10-09 13:19:00,0.5,False,0.439950892856371,0.5708436937146548,-0.2945013988182947
2024-10-09,2024-10-09 13:20:00,0.5,False,0.4360922828564891,0.5672376827655631,-0.2597208607948993
2024-10-09,2024-10-09 13:21:00,0.5,False,0.4416346463189963,0.5677228942209311,-0.2593915515013167
2024-10-09,2024-10-09 13:22:00,0.5,False,0.4453505341107045,0.5704593512177268,-0.2840658255062019
2024-10-09,2024-10-09 13:23:00,0.5,False,0.4447929533891005,0.5707288208168722,-0.2980151621221694
2024-10-09,2024-10-09 13:24:00,0.5,True,0.4509473451892577,0.5750077688078787,-0.3198415288493062
2024-10-09,2024-10-09 13:25:00,0.5,False,0.4431864805608492,0.5724194551344175,-0.3123462955535354
2024-10-09,2024-10-09 13:26:00,0.5,False,0.4466781547754165,0.5747342625881202,-0.3116066323985668
2024-10-09,2024-10-09 13:27:00,0.5,False,0.4504407768795896,0.5777961088936405,-0.3267738165734645
2024-10-09,2024-10-09 13:28:00,0.5,False,0.439601036766736,0.5745352701071583,-0.312150159773696
2024-10-09,2024-10-09 13:29:00,0.5,False,0.4340768119507296,0.5760555904669071,-0.3247591892625013
2024-10-09,2024-10-09 13:30:00,0.5,False,0.4394864617071269,0.5792184438250036,-0.3393183263554302
2024-10-09,2024-10-09 13:31:00,0.5,False,0.4480927365248533,0.5834280728945956,-0.3675732679149435
2024-10-09,2024-10-09 13:32:00,0.5,False,0.4257172016922359,0.5771927542658006,-0.3534248009961592
2024-10-09,2024-10-09 13:33:00,0.5,True,0.4236952401144428,0.5813135414107421,-0.3901993353552258
2024-10-09,2024-10-09 13:34:00,0.5,False,0.4218003046893754,0.5829487715663839,-0.4202033336537306
2024-10-09,2024-10-09 13:35:00,0.5,False,0.4315310712570829,0.5876932725488008,-0.4357535106490846
2024-10-09,2024-10-09 13:36:00,0.5,True,0.4524131792332451,0.5939337083409907,-0.457527518768497
2024-10-09,2024-10-09 13:37:00,0.5,False,0.4511235448654421,0.5914574091128093,-0.4175383244577087
2024-10-09,2024-10-09 13:38:00,0.5,True,0.4556922088896427,0.5957747451517805,-0.4435332085133887
2024-10-09,2024-10-09 13:39:00,0.5,False,0.460944190392043,0.5989609485109476,-0.4519056950438355
2024-10-09,2024-10-09 13:40:00,0.5,True,0.4577138082389708,0.5979654631711682,-0.4544865898070114
2024-10-09,2024-10-09 13:41:00,0.5,False,0.4610527414792438,0.5999491844013067,-0.4565998882549657
2024-10-09,2024-10-09 13:42:00,0.5,True,0.4583930746244683,0.5994743184470692,-0.4566833219449048
2024-10-09,2024-10-09 13:43:00,0.5,True,0.4556525636857575,0.5995758414160177,-0.465956678440562
2024-10-09,2024-10-09 13:44:00,0.5,False,0.4614893396995709,0.603819867633007,-0.509027042648784
2024-10-09,2024-10-09 13:45:00,0.5,False,0.4620423591929606,0.6058587098479823,-0.5260412359558351
2024-10-09,2024-10-09 13:46:00,0.5,False,0.4569421980239147,0.604446196163292,-0.5403193865157538
2024-10-09,2024-10-09 13:47:00,0.5,True,0.4557222551297034,0.6053846304994329,-0.5719619502273645
2024-10-09,2024-10-09 13:48:00,0.5,True,0.4553655632801512,0.6063049337243915,-0.574467407985694
2024-10-09,2024-10-09 13:49:00,0.5,True,0.4581224485028723,0.6098672074512286,-0.5912921845058818
2024-10-09,2024-10-09 13:50:00,0.5,False,0.463575796731195,0.6121995845893894,-0.6141642783778773
2024-10-09,2024-10-09 13:51:00,0.5,False,0.4734846832009816,0.6133977432322832,-0.6180921198103886
2024-10-09,2024-10-09 13:52:00,0.5,False,0.4807103331513471,0.6192737634523786,-0.6560693419415313
2024-10-09,2024-10-09 13:53:00,0.5,False,0.4998310736226135,0.6235254399463518,-0.6384396906747833
2024-10-09,2024-10-09 13:54:00,0.5,False,0.5082177381820008,0.6254325351944564,-0.6469339058978198
2024-10-09,2024-10-09 13:55:00,0.5,True,0.5012816704152209,0.6250990103118979,-0.644657296593814
2024-10-09,2024-10-09 13:56:00,0.5,False,0.510005486271512,0.6294295696634566,-0.65240883548999
2024-10-09,2024-10-09 13:57:00,0.5,True,0.5040770798832219,0.6279258147788135,-0.6508143460860651
2024-10-09,2024-10-09 13:58:00,0.5,True,0.4957827810362571,0.6284866287200974,-0.6851878810014849
2024-10-09,2024-10-09 13:59:00,0.5,True,0.4845695006320228,0.623953671647018,-0.6653559641120761
2024-10-09,2024-10-09 14:00:00,0.5,True,0.4847418548354854,0.6236058999290408,-0.6667355016098757
2024-10-09,2024-10-09 14:01:00,0.5,False,0.4815336611452174,0.6216890149697737,-0.6461342534299577
2024-10-09,2024-10-09 14:02:00,0.5,True,0.4799868872004015,0.6211847252181216,-0.6429375219763662
2024-10-09,2024-10-09 14:03:00,0.5,True,0.4877906935568294,0.6243869129654653,-0.6600112905998321
2024-10-09,2024-10-09 14:04:00,0.5,True,0.4884877438800358,0.6216028580846471,-0.6352287740633633
2024-10-09,2024-10-09 14:05:00,0.49,True,0.4919199368421889,0.6245272207368282,-0.6603240327288211
2024-10-09,2024-10-09 14:06:00,0.49,False,0.4965395572962259,0.6274913261613984,-0.6687673276199613
2024-10-09,2024-10-09 14:07:00,0.5,True,0.4921913882784906,0.6223321236543778,-0.6354416605397497
2024-10-09,2024-10-09 14:08:00,0.5,True,0.4918243020399805,0.6209049358527409,-0.6314319566806597
2024-10-09,2024-10-09 14:09:00,0.5,True,0.4942571817886878,0.6215850064201048,-0.6084862067124468
2024-10-09,2024-10-09 14:10:00,0.5,True,0.4935901408907225,0.6184433990979818,-0.5865454272352748
2024-10-09,2024-10-09 14:11:00,0.5,False,0.4936630471246204,0.6175987420101676,-0.5707619037386666
2024-10-09,2024-10-09 14:12:00,0.5,True,0.4903224397547826,0.61997839676201,-0.5862129873452733
2024-10-09,2024-10-09 14:13:00,0.5,False,0.4986890714984471,0.6208436651910672,-0.5717000607740541
2024-10-09,2024-10-09 14:14:00,0.5,False,0.4978221465527763,0.6209260019862242,-0.5799067797107627
2024-10-09,2024-10-09 14:15:00,0.5,True,0.4942358780811793,0.620015980548703,-0.5790000892006311
2024-10-09,2024-10-09 14:16:00,0.5,False,0.4961818507190884,0.6209856914861,-0.581617239292797
2024-10-09,2024-10-09 14:17:00,0.5,True,0.4932062860630783,0.6175877579638764,-0.5638945449531825
2024-10-09,2024-10-09 14:18:00,0.5,True,0.483348075610804,0.614050445424903,-0.5456686944863935
2024-10-09,2024-10-09 14:19:00,0.5,True,0.4902642145835453,0.6180552853069581,-0.5765260730779456
2024-10-09,2024-10-09 14:20:00,0.5,True,0.4826474092314098,0.6155885172499136,-0.5723293683774653
2024-10-09,2024-10-09 14:21:00,0.5,True,0.4815657311297299,0.6147570505207217,-0.5627210092426063
2024-10-09,2024-10-09 14:22:00,0.5,True,0.4771670370118028,0.6140589974465173,-0.577522198983232
2024-10-09,2024-10-09 14:23:00,0.5,False,0.480811255458153,0.6168136622065246,-0.5894788751960698
2024-10-09,2024-10-09 14:24:00,0.5,True,0.4641066603426757,0.6133426334310182,-0.5949093531720986
2024-10-09,2024-10-09 14:25:00,0.5,True,0.4707174706173329,0.6180188906619367,-0.6158808668805991
2024-10-09,2024-10-09 14:26:00,0.5,False,0.457242732605063,0.6141801969399796,-0.6021985806764609
2024-10-09,2024-10-09 14:27:00,0.5,False,0.4517388032977931,0.6132381774809281,-0.5916732658412045
2024-10-09,2024-10-09 14:28:00,0.49,True,0.4430770242928053,0.6105069964097823,-0.569751962200431
2024-10-09,2024-10-09 14:29:00,0.5,True,0.4266658957056257,0.6010042111923487,-0.5256794801879043
2024-10-09,2024-10-09 14:30:00,0.5,False,0.4212756172001138,0.6008378547484133,-0.5424216319169226
2024-10-09,2024-10-09 14:31:00,0.5,False,0.4161598607736393,0.6006444323340208,-0.548633209765081
2024-10-09,2024-10-09 14:32:00,0.5,False,0.4190106938640926,0.6030776726872912,-0.5648896018886143
2024-10-09,2024-10-09 14:33:00,0.5,True,0.4295954347368088,0.6059218271840681,-0.5605620805289173
2024-10-09,2024-10-09 14:34:00,0.5,False,0.4320347965450661,0.6077100634968517,-0.5621010380968274
2024-10-09,2024-10-09 14:35:00,0.5,False,0.4426719478998508,0.6120718493148255,-0.5758630271615275
2024-10-09,2024-10-09 14:36:00,0.5,False,0.4522874348184785,0.6171747264107681,-0.5931536736458187
2024-10-09,2024-10-09 14:37:00,0.5,True,0.4522138721820338,0.6183850428211701,-0.5919118051303904
2024-10-09,2024-10-09 14:38:00,0.5,False,0.4438037832437548,0.6156395294910444,-0.5927038769965087
2024-10-09,2024-10-09 14:39:00,0.5,False,0.4421281511921221,0.6152741544457353,-0.597361224275565
2024-10-09,2024-10-09 14:40:00,0.5,True,0.4452549251359918,0.6173079778958759,-0.6040150929003076
2024-10-09,2024-10-09 14:41:00,0.5,False,0.4467824152049576,0.6186415792479223,-0.6106614705522884
2024-10-09,2024-10-09 14:42:00,0.5,False,0.4501466007303171,0.6208747288551173,-0.6198695598505797
2024-10-09,2024-10-09 14:43:00,0.5,False,0.4559262821107754,0.6242112386554262,-0.6290456171778886
2024-10-09,2024-10-09 14:44:00,0.5,False,0.4451296912108725,0.62181780421655,-0.6298253728718506
2024-10-09,2024-10-09 14:45:00,0.5,False,0.443343518017948,0.6223696142725119,-0.6223884001486093
2024-10-09,2024-10-09 14:46:00,0.5,True,0.4388686681021391,0.6227188310086247,-0.6411165710318174
2024-10-09,2024-10-09 14:47:00,0.5,True,0.4480330105110111,0.6238789704637742,-0.6342184024937387
2024-10-09,2024-10-09 14:48:00,0.5,False,0.4520679789935591,0.624060563312299,-0.6144460299492671
2024-10-09,2024-10-09 14:49:00,0.5,False,0.4474956597382025,0.6218961615183763,-0.6116739226537811
2024-10-09,2024-10-09 14:50:00,0.5,True,0.4482542890199544,0.6208533572748928,-0.6058298747509574
2024-10-09,2024-10-09 14:51:00,0.495,True,0.4449709190908404,0.6190474375687149,-0.6139114987605918
2024-10-09,2024-10-09 14:52:00,0.5,True,0.4420120236758412,0.6208224345250596,-0.6347122210520832
2024-10-09,2024-10-09 14:53:00,0.5,True,0.4396749208934986,0.621879507429798,-0.6516065355237537
2024-10-09,2024-10-09 14:54:00,0.5,False,0.4478374795715846,0.6258068450425933,-0.6609355952787006
2024-10-09,2024-10-09 14:55:00,0.5,True,0.4469504052855353,0.6243044246374868,-0.650530299279898
2024-10-09,2024-10-09 14:56:00,0.5,True,0.4482846797075934,0.6205417625511837,-0.6275038011341381
2024-10-09,2024-10-09 14:57:00,0.5,True,0.4428459017405053,0.6160439384387844,-0.5952632978091912
2024-10-09,2024-10-09 14:58:00,0.5,False,0.4404359769162998,0.6141951430274339,-0.5786061519213102
2024-10-09,2024-10-09 14:59:00,0.5,True,0.4386498803243472,0.6093523148200859,-0.5667638611004098
2024-10-09,2024-10-09 15:00:00,0.5,True,0.437319955361352,0.6069305729945216,-0.5303719732953087
2024-10-09,2024-10-09 15:01:00,0.5,False,0.4430662298817786,0.6089868061803181,-0.5651093021078526
2024-10-09,2024-10-09 15:02:00,0.5,True,0.4533349356905209,0.6126680234047519,-0.6002320678527524
2024-10-09,2024-10-09 15:03:00,0.5,False,0.456220048876445,0.6161757746692544,-0.6299010246078907
2024-10-09,2024-10-09 15:04:00,0.5,False,0.4585607822089544,0.6153224495686129,-0.6268139649196192
2024-10-09,2024-10-09 15:05:00,0.5,False,0.4532967099816173,0.6114128945323445,-0.6025212707013161
2024-10-09,2024-10-09 15:06:00,0.5,False,0.4428422788456999,0.6081341493094128,-0.5929257295164498
2024-10-09,2024-10-09 15:07:00,0.5,False,0.444029100717502,0.608090962771207,-0.5961830246573816
2024-10-09,2024-10-09 15:08:00,0.5,False,0.4552546298560155,0.6068693421523685,-0.5738174423462916
2024-10-09,2024-10-09 15:09:00,0.5,True,0.4535529610619575,0.6043232459478758,-0.5576670772622179
2024-10-09,2024-10-09 15:10:00,0.505,True,0.4521693495019784,0.6049563431103424,-0.5757354192540312
2024-10-09,2024-10-09 15:11:00,0.505,False,0.4518561955585403,0.604786260874806,-0.5676922737017465
2024-10-09,2024-10-09 15:12:00,0.505,False,0.4449315543661846,0.6024362657715164,-0.560407210683113
2024-10-09,2024-10-09 15:13:00,0.505,False,0.4456494664285463,0.6032743485078826,-0.5653657189440913
2024-10-09,2024-10-09 15:14:00,0.505,False,0.4355414523722025,0.5997909703111213,-0.5443353387467089
2024-10-09,2024-10-09 15:15:00,0.51,True,0.4326517348764449,0.5976644842731889,-0.5308568398399234
2024-10-09,2024-10-09 15:16:00,0.51,True,0.427400352108065,0.5953074950604684,-0.5190621335048611
2024-10-09,2024-10-09 15:17:00,0.51,False,0.4266523554146389,0.594321513736397,-0.5191433613575702
2024-10-09,2024-10-09 15:18:00,0.51,False,0.4244590696342671,0.5940182024480813,-0.5131177461254728
2024-10-09,2024-10-09 15:19:00,0.51,True,0.431102523260634,0.5927311349697263,-0.498040225957621
2024-10-09,2024-10-09 15:20:00,0.51,False,0.431618009731858,0.592573339916308,-0.4939917088801444
2024-10-09,2024-10-09 15:21:00,0.505,True,0.4359158904260101,0.5944669711108121,-0.4949835071814181
2024-10-09,2024-10-09 15:22:00,0.51,True,0.4350062417239268,0.5931084718060735,-0.4897567602628693
2024-10-09,2024-10-09 15:23:00,0.51,False,0.4309493762601168,0.5908302945801654,-0.4782074783422388
2024-10-09,2024-10-09 15:24:00,0.51,False,0.4300445011537366,0.5877145493523115,-0.4415055324714494
2024-10-09,2024-10-09 15:25:00,0.51,False,0.4281403862531986,0.5865331729087785,-0.4446873653750985
2024-10-09,2024-10-09 15:26:00,0.51,False,0.4349590465527025,0.5885730838282042,-0.4576970588788346
2024-10-09,2024-10-09 15:27:00,0.51,False,0.4322884839864411,0.5864457525577849,-0.4493556493995952
2024-10-09,2024-10-09 15:28:00,0.51,True,0.4326639707646687,0.5866832356690497,-0.4345892739206698
2024-10-09,2024-10-09 15:29:00,0.51,True,0.439724428601945,0.5895539993156567,-0.446158822967907
2024-10-09,2024-10-09 15:30:00,0.51,False,0.4449334942664361,0.5925838358901669,-0.4718348180231222
2024-10-09,2024-10-09 15:31:00,0.51,True,0.4462957439307829,0.5929532338813697,-0.4734942786668749
2024-10-09,2024-10-09 15:32:00,0.51,False,0.4411685701466841,0.5931092819105901,-0.4975090517746085
2024-10-09,2024-10-09 15:33:00,0.5,True,0.4279829533402642,0.5886283828981839,-0.5010693107057889
2024-10-09,2024-10-09 15:34:00,0.51,True,0.4293255934560682,0.5864692224543293,-0.4910212636651423
2024-10-09,2024-10-09 15:35:00,0.51,True,0.4368515735969335,0.5916300055653267,-0.5132513565516394
2024-10-09,2024-10-09 15:36:00,0.51,False,0.4368113786839824,0.5905962368293267,-0.5151023593181221
2024-10-09,2024-10-09 15:37:00,0.51,True,0.4452723746816883,0.5962359770069421,-0.5427016803029894
2024-10-09,2024-10-09 15:38:00,0.51,True,0.4533022548140636,0.5986863668254855,-0.5573052499607984
2024-10-09,2024-10-09 15:39:00,0.51,False,0.4530369767981154,0.5976424785536122,-0.5491621226648677
2024-10-09,2024-10-09 15:40:00,0.51,False,0.4621013866482936,0.5968126097525437,-0.5230302925824815
2024-10-09,2024-10-09 15:41:00,0.5,True,0.4603640493294086,0.6014935885209675,-0.5634172276773148
2024-10-09,2024-10-09 15:42:00,0.5,False,0.4611954197497294,0.602287498888522,-0.5804584750662793
2024-10-09,2024-10-09 15:43:00,0.5,False,0.4623436713019323,0.6008847861559728,-0.5749601868342904
2024-10-09,2024-10-09 15:44:00,0.5,False,0.4575744908199661,0.5971116322217289,-0.5467571236976527
2024-10-09,2024-10-09 15:45:00,0.5,True,0.4560345031765109,0.5976263026518922,-0.5491679706318968
2024-10-09,2024-10-09 15:46:00,0.51,True,0.4533162036777832,0.5960594035956451,-0.5412808663248403
2024-10-09,2024-10-09 15:47:00,0.51,False,0.4563235460675208,0.5978172534924536,-0.5576379448437205
2024-10-09,2024-10-09 15:48:00,0.51,True,0.4485159717838759,0.5923162814092189,-0.5256956639033947
2024-10-09,2024-10-09 15:49:00,0.51,False,0.4454150615235606,0.5936627703729178,-0.5498733306418684
2024-10-09,2024-10-09 15:50:00,0.51,True,0.4418959455820844,0.5934511322745203,-0.5536750479955435
2024-10-09,2024-10-09 15:51:00,0.51,False,0.4324090555529762,0.5937423504482239,-0.5666855649072746
2024-10-09,2024-10-09 15:52:00,0.51,True,0.4292631229881242,0.5917359079252009,-0.5461973293741949
2024-10-09,2024-10-09 15:53:00,0.51,False,0.4210949217935445,0.5894828710985751,-0.5271637514093517
2024-10-09,2024-10-09 15:54:00,0.51,False,0.4306042834140328,0.5968476362350086,-0.5745843319994361
2024-10-09,2024-10-09 15:55:00,0.51,False,0.435943235572488,0.5981866132638,-0.5767286724795366
2024-10-09,2024-10-09 15:56:00,0.51,True,0.4350933550277436,0.5987687814181593,-0.5646024373911442
2024-10-09,2024-10-09 15:57:00,0.51,True,0.4491269814887721,0.6093018833867473,-0.6498079263222163
2024-10-09,2024-10-09 15:58:00,0.51,False,0.4498266323852933,0.6096621742635304,-0.6620395095368412
2024-10-09,2024-10-09 15:59:00,0.51,True,0.4468740951569917,0.6064147162110176,-0.6360131068412593
2024-10-09,2024-10-09 16:00:00,0.51,True,0.4385489922398961,0.6076752636668756,-0.6588877715538286
2024-10-10,2024-10-10 09:31:00,0.52,True,0.6590171376936055,0.6604548423792747,-0.6695091174518286
2024-10-10,2024-10-10 09:32:00,0.52,False,0.6572550468613493,0.6464855429431347,-0.5220399084486671
2024-10-10,2024-10-10 09:33:00,0.52,False,0.6063910798057875,0.6266568931184928,-0.3748788230978169
2024-10-10,2024-10-10 09:34:00,0.52,True,0.5710728156162985,0.6100647690077675,-0.3327256442365225
2024-10-10,2024-10-10 09:35:00,0.52,True,0.5657801688660398,0.6019719128528005,-0.2478151396535113
2024-10-10,2024-10-10 09:36:00,0.51,True,0.5610655377411897,0.5930406720187036,-0.1403129557758124
2024-10-10,2024-10-10 09:37:00,0.51,True,0.53069285777745,0.5871004062014686,-0.1726062786404236
2024-10-10,2024-10-10 09:38:00,0.51,False,0.5213554218708443,0.5766929467473303,-0.1407611103362794
2024-10-10,2024-10-10 09:39:00,0.51,False,0.5174821639347849,0.5746591812012116,-0.1149705460300116
2024-10-10,2024-10-10 09:40:00,0.51,False,0.5283763927283994,0.5805120602998975,-0.1520190857737161
2024-10-10,2024-10-10 09:41:00,0.51,False,0.5227235408679525,0.5766824314706311,-0.1191087718346201
2024-10-10,2024-10-10 09:42:00,0.51,False,0.5405529982292595,0.5872247240324534,-0.1671544664630538
2024-10-10,2024-10-10 09:43:00,0.51,False,0.5254414951217583,0.5841167389225431,-0.1898431813785552
2024-10-10,2024-10-10 09:44:00,0.51,False,0.5103566788264936,0.585318480436295,-0.2053844154324164
2024-10-10,2024-10-10 09:45:00,0.51,False,0.5021421625482554,0.5870409526134537,-0.244748892444983
2024-10-10,2024-10-10 09:46:00,0.51,False,0.4831182911529328,0.5711858449934745,-0.1755299086588054
2024-10-10,2024-10-10 09:47:00,0.51,False,0.4908503310417781,0.5723061759073597,-0.2058601576409259
2024-10-10,2024-10-10 09:48:00,0.52,True,0.5407834229985375,0.5861456256863922,-0.221253415814105
2024-10-10,2024-10-10 09:49:00,0.52,False,0.5868611255358147,0.5992029696088947,-0.2135794670736772
2024-10-10,2024-10-10 09:50:00,0.52,False,0.5894609559854194,0.5973960968719516,-0.2169629522188658
2024-10-10,2024-10-10 09:51:00,0.52,False,0.5755280221523473,0.5966292143219137,-0.2066068138762657
2024-10-10,2024-10-10 09:52:00,0.52,True,0.5672585245052042,0.595752441269723,-0.2128268913951453
2024-10-10,2024-10-10 09:53:00,0.52,False,0.5699498203713099,0.5958284887208731,-0.2120832422948044
2024-10-10,2024-10-10 09:54:00,0.515,True,0.5842078340053792,0.6047049272877462,-0.2200598734224879
2024-10-10,2024-10-10 09:55:00,0.515,False,0.5875658781118888,0.6062060691487222,-0.1917404913327361
2024-10-10,2024-10-10 09:56:00,0.515,False,0.5591329988357092,0.594480729585094,-0.1671287189827867
2024-10-10,2024-10-10 09:57:00,0.515,False,0.5405526115372188,0.5890744945660971,-0.1699755998320735
2024-10-10,2024-10-10 09:58:00,0.52,True,0.5401121786567056,0.5895985472609123,-0.1770025304453586
2024-10-10,2024-10-10 09:59:00,0.52,False,0.5564422051348047,0.5940770885659935,-0.1741378018380152
2024-10-10,2024-10-10 10:00:00,0.52,False,0.5368888949713183,0.5944941672353294,-0.2055811337137276
2024-10-10,2024-10-10 10:01:00,0.52,False,0.5281192312965015,0.5894612396017437,-0.1356650310762165
2024-10-10,2024-10-10 10:02:00,0.52,False,0.4879703669985358,0.5717583412836158,-0.0373812074584198
2024-10-10,2024-10-10 10:03:00,0.52,True,0.5025730366276043,0.571297050133873,-0.0266996887355616
2024-10-10,2024-10-10 10:04:00,0.52,False,0.5305288134762758,0.5787358134985522,-0.045420277978993
2024-10-10,2024-10-10 10:05:00,0.52,True,0.5308591496386131,0.5806715169970995,-0.0639737075529428
2024-10-10,2024-10-10 10:06:00,0.51,True,0.5142112366629069,0.5822764604785482,-0.0897558151657499
2024-10-10,2024-10-10 10:07:00,0.51,True,0.5450648042945268,0.5968300348085248,-0.1931048498079102
2024-10-10,2024-10-10 10:08:00,0.52,True,0.562599695203433,0.6009011964566843,-0.1692204982682639
2024-10-10,2024-10-10 10:09:00,0.52,False,0.5512419337576205,0.5973925804740627,-0.150064026208078
2024-10-10,2024-10-10 10:10:00,0.52,True,0.5347698468910631,0.5920290813438762,-0.1373374229703586
2024-10-10,2024-10-10 10:11:00,0.52,False,0.5319185466971494,0.5943301390638307,-0.1789262589260744
2024-10-10,2024-10-10 10:12:00,0.52,True,0.5139120175531726,0.5914765495152164,-0.1877468025271458
2024-10-10,2024-10-10 10:13:00,0.52,True,0.521323473840546,0.5961292763425491,-0.2252832183255373
2024-10-10,2024-10-10 10:14:00,0.52,True,0.518635998627315,0.5942793334094265,-0.2560474815242294
2024-10-10,2024-10-10 10:15:00,0.52,False,0.5300585528628333,0.5983296883159678,-0.2984297741987237
2024-10-10,2024-10-10 10:16:00,0.52,True,0.5359596013650233,0.6068202286032242,-0.3714079172525564
2024-10-10,2024-10-10 10:17:00,0.52,False,0.5460748906655615,0.6090950600212064,-0.3548099833645247
2024-10-10,2024-10-10 10:18:00,0.52,False,0.5676034136707574,0.6144935687394013,-0.3613254679293948
2024-10-10,2024-10-10 10:19:00,0.52,True,0.5790730887856157,0.6193986030610381,-0.3846627684836379
2024-10-10,2024-10-10 10:20:00,0.52,True,0.5935142870735894,0.6259268141095498,-0.4063689970282426
2024-10-10,2024-10-10 10:21:00,0.52,True,0.6238848550295201,0.6355374372231372,-0.4279638438130465
2024-10-10,2024-10-10 10:22:00,0.52,False,0.6163785786703304,0.6267112215300898,-0.3781638939482147
2024-10-10,2024-10-10 10:23:00,0.52,False,0.6196717152151088,0.6205210868571467,-0.3149513675701643
2024-10-10,2024-10-10 10:24:00,0.52,False,0.6163364011067132,0.6168012713585211,-0.2838525971311307
2024-10-10,2024-10-10 10:25:00,0.52,True,0.6285761450015259,0.6251963981453208,-0.3439457147477524
2024-10-10,2024-10-10 10:26:00,0.52,False,0.6468535230149153,0.6350910265535676,-0.4207103838322626
2024-10-10,2024-10-10 10:27:00,0.52,False,0.6330094733367321,0.6326444729434522,-0.4271725069194745
2024-10-10,2024-10-10 10:28:00,0.52,True,0.6221265143242306,0.6300933711554789,-0.4442568324354159
2024-10-10,2024-10-10 10:29:00,0.52,False,0.6134572102022882,0.6296261402003247,-0.4355371098461532
2024-10-10,2024-10-10 10:30:00,0.52,False,0.6135870402777787,0.6307753533318132,-0.4598750109823504
2024-10-10,2024-10-10 10:31:00,0.52,True,0.6167932025134327,0.6314565259195417,-0.4655840007307352
2024-10-10,2024-10-10 10:32:00,0.51,True,0.6179514182026163,0.6283294896100412,-0.4369966587883672
2024-10-10,2024-10-10 10:33:00,0.52,True,0.6442087851595953,0.635695482157312,-0.4450043282385451
2024-10-10,2024-10-10 10:34:00,0.52,False,0.6474418051195054,0.6354150970062747,-0.4351732051292591
2024-10-10,2024-10-10 10:35:00,0.52,False,0.6689196255294811,0.6392092262107555,-0.4421908496514468
2024-10-10,2024-10-10 10:36:00,0.52,False,0.6789180353629148,0.6405788782633487,-0.4255880789047345
2024-10-10,2024-10-10 10:37:00,0.52,True,0.6925072522378215,0.6406480226041649,-0.3921828101307146
2024-10-10,2024-10-10 10:38:00,0.52,True,0.6887273394048598,0.6417125565359152,-0.4052668847761748
2024-10-10,2024-10-10 10:39:00,0.52,True,0.6900260289159567,0.6431422653769059,-0.4266837770576906
2024-10-10,2024-10-10 10:40:00,0.52,False,0.7038990827498868,0.6552257797746385,-0.5256657923362766
2024-10-10,2024-10-10 10:41:00,0.52,False,0.7215689191457753,0.6608137453368083,-0.5500535594561504
2024-10-10,2024-10-10 10:42:00,0.52,True,0.7178943964320418,0.6588476420375421,-0.5568079218391968
2024-10-10,2024-10-10 10:43:00,0.52,True,0.7049518105054187,0.653360055984997,-0.5423678323415606
2024-10-10,2024-10-10 10:44:00,0.52,False,0.6926941905315835,0.6480742055723332,-0.5163824440828786
2024-10-10,2024-10-10 10:45:00,0.52,True,0.6896635024148365,0.6493958535136382,-0.551500612632053
2024-10-10,2024-10-10 10:46:00,0.52,False,0.6760935305523208,0.6445397261188888,-0.5194186675862864
2024-10-10,2024-10-10 10:47:00,0.52,True,0.655120398902551,0.6377008913167732,-0.514103662645822
2024-10-10,2024-10-10 10:48:00,0.52,True,0.6555547993914049,0.6428753863756576,-0.5620945745666766
2024-10-10,2024-10-10 10:49:00,0.52,False,0.6565262672671193,0.6439586878906096,-0.5786987555319432
2024-10-10,2024-10-10 10:50:00,0.52,True,0.6561002767287227,0.6405551006207082,-0.562365480242246
2024-10-10,2024-10-10 10:51:00,0.52,True,0.6533909495954121,0.6370846789694448,-0.5424631389970047
2024-10-10,2024-10-10 10:52:00,0.52,False,0.6572021082718178,0.6352240094496981,-0.5091912786519242
2024-10-10,2024-10-10 10:53:00,0.52,False,0.6548901744347856,0.6311802102402194,-0.4777257498421777
2024-10-10,2024-10-10 10:54:00,0.52,False,0.6504308369469881,0.6313674678208188,-0.4713182405775245
2024-10-10,2024-10-10 10:55:00,0.52,False,0.6382627960569398,0.625150301030593,-0.4443121380743605
2024-10-10,2024-10-10 10:56:00,0.52,False,0.6369326866451162,0.6233037948270888,-0.4346202411481504
2024-10-10,2024-10-10 10:57:00,0.52,True,0.6442527086710357,0.6271555790951455,-0.463667291653637
2024-10-10,2024-10-10 10:58:00,0.52,True,0.630386463340597,0.6258647560062331,-0.4926871263979278
2024-10-10,2024-10-10 10:59:00,0.52,False,0.6540818746738113,0.6303144505892442,-0.4903622769349273
2024-10-10,2024-10-10 11:00:00,0.52,False,0.6423802514518181,0.6247152672004027,-0.4571483126012383
2024-10-10,2024-10-10 11:01:00,0.52,True,0.6362379889345646,0.6207323135940428,-0.4280266546067421
2024-10-10,2024-10-10 11:02:00,0.52,False,0.6473184969839042,0.6224186420944351,-0.4257537752734949
2024-10-10,2024-10-10 11:03:00,0.52,False,0.6571440342328401,0.6273194605767559,-0.4548894798948183
2024-10-10,2024-10-10 11:04:00,0.52,False,0.6444392996574486,0.6254675229699835,-0.4509043077117708
2024-10-10,2024-10-10 11:05:00,0.52,False,0.6398687246425364,0.6254402454969684,-0.4957648107747113
2024-10-10,2024-10-10 11:06:00,0.52,False,0.6394882556888964,0.6260735252824885,-0.5014294787434062
2024-10-10,2024-10-10 11:07:00,0.52,False,0.6322812619741682,0.6218470067334037,-0.4682519887760488
2024-10-10,2024-10-10 11:08:00,0.52,False,0.6183683592074545,0.6171725512331039,-0.4396148547644613
2024-10-10,2024-10-10 11:09:00,0.52,False,0.6089360101784514,0.614267627704365,-0.4475283459142526
2024-10-10,2024-10-10 11:10:00,0.52,True,0.6030219261295875,0.6124720140252984,-0.4291840720440154
2024-10-10,2024-10-10 11:11:00,0.52,False,0.5981591696017334,0.6078469777136746,-0.4053750954171187
2024-10-10,2024-10-10 11:12:00,0.52,False,0.5933442309161358,0.6090731218737131,-0.4210593605831379
2024-10-10,2024-10-10 11:13:00,0.52,True,0.602183910486572,0.6104036203785947,-0.4216079052543062
2024-10-10,2024-10-10 11:14:00,0.52,False,0.6089495223017576,0.611239903582728,-0.4261271299106272
2024-10-10,2024-10-10 11:15:00,0.51,True,0.60455311655478,0.610686091727439,-0.4171130316008282
2024-10-10,2024-10-10 11:16:00,0.51,False,0.5999187713058063,0.6120976744240488,-0.4119541872893414
2024-10-10,2024-10-10 11:17:00,0.52,True,0.5945357903733081,0.6130114697930804,-0.4058389478233757
2024-10-10,2024-10-10 11:18:00,0.52,True,0.5903609363437616,0.6102192126621744,-0.4117568426492223
2024-10-10,2024-10-10 11:19:00,0.52,False,0.5850833707564614,0.6075955495166279,-0.3968967833802732
2024-10-10,2024-10-10 11:20:00,0.52,True,0.5874767348321868,0.6090002998735788,-0.4146834600507275
2024-10-10,2024-10-10 11:21:00,0.52,False,0.5768785401469088,0.6033562701754818,-0.3744833672711449
2024-10-10,2024-10-10 11:22:00,0.52,True,0.5676589609571068,0.6014293295961721,-0.3846566139913768
2024-10-10,2024-10-10 11:23:00,0.52,True,0.572822693043438,0.6035603421757201,-0.4032479658077351
2024-10-10,2024-10-10 11:24:00,0.52,False,0.5580435919299795,0.5967871765877981,-0.3526727551875656
2024-10-10,2024-10-10 11:25:00,0.52,False,0.5501622639775969,0.5946126418705278,-0.3493484711931472
2024-10-10,2024-10-10 11:26:00,0.51,True,0.5322403787161442,0.5876384255260022,-0.3296258681772706
2024-10-10,2024-10-10 11:27:00,0.51,True,0.5358208787336084,0.5894242614337857,-0.3243273941483341
2024-10-10,2024-10-10 11:28:00,0.51,False,0.5352729432258273,0.5932124343492157,-0.3433546239968483
2024-10-10,2024-10-10 11:29:00,0.51,True,0.5372587986806117,0.5982228786392625,-0.3740156013139507
2024-10-10,2024-10-10 11:30:00,0.51,True,0.5493743026412237,0.6042262542535369,-0.4173901494584197
2024-10-10,2024-10-10 11:31:00,0.51,False,0.5614489115156358,0.6117676485424968,-0.4687984756395859
2024-10-10,2024-10-10 11:32:00,0.51,False,0.5618388207491728,0.6125876046579326,-0.4932430580054217
2024-10-10,2024-10-10 11:33:00,0.51,False,0.5705022653387747,0.6160693923470711,-0.5119484242509598
2024-10-10,2024-10-10 11:34:00,0.51,False,0.5811126137631596,0.6219483309667475,-0.5647976677931423
2024-10-10,2024-10-10 11:35:00,0.51,False,0.5777665524423404,0.6219381610543825,-0.5807545210064198
2024-10-10,2024-10-10 11:36:00,0.51,True,0.5818837856958626,0.6257805151646988,-0.6176809714723519
2024-10-10,2024-10-10 11:37:00,0.51,False,0.5709810225538741,0.620240433136489,-0.583255832142155
2024-10-10,2024-10-10 11:38:00,0.51,False,0.5644080760380906,0.6190266577430025,-0.6010475859817614
2024-10-10,2024-10-10 11:39:00,0.51,True,0.5671723654549258,0.6197471008055626,-0.6121528022778577
2024-10-10,2024-10-10 11:40:00,0.51,False,0.5711690912866851,0.620330216367794,-0.6053421437726789
2024-10-10,2024-10-10 11:41:00,0.51,False,0.5787523258869927,0.6205136779314195,-0.6052685412185548
2024-10-10,2024-10-10 11:42:00,0.51,False,0.5826564675774896,0.6187593674458829,-0.5809349455295321
2024-10-10,2024-10-10 11:43:00,0.51,False,0.5812625178106446,0.6203297922420147,-0.592774833156456
2024-10-10,2024-10-10 11:44:00,0.51,True,0.5764408036602644,0.6186126722714651,-0.6060642374024936
2024-10-10,2024-10-10 11:45:00,0.51,False,0.5755331968714912,0.6172379024697983,-0.6067700135324476
2024-10-10,2024-10-10 11:46:00,0.51,False,0.5734929020839358,0.6170784301069736,-0.6033967560389917
2024-10-10,2024-10-10 11:47:00,0.51,True,0.5763033051455277,0.6194007606270328,-0.6057939065771425
2024-10-10,2024-10-10 11:48:00,0.51,False,0.5854363568336028,0.6231341482844863,-0.634579701363746
2024-10-10,2024-10-10 11:49:00,0.51,False,0.5920438917980743,0.6246936710781599,-0.6437075478153576
2024-10-10,2024-10-10 11:50:00,0.5,True,0.5975090101280695,0.6270353360814229,-0.6460811082270348
2024-10-10,2024-10-10 11:51:00,0.5,False,0.6017881741409997,0.6279998219806029,-0.6551426022457281
2024-10-10,2024-10-10 11:52:00,0.5,True,0.6045691915026874,0.6291796307726657,-0.6666185902384607
2024-10-10,2024-10-10 11:53:00,0.5,True,0.6178979150241741,0.6354154082507881,-0.7143219647546986
2024-10-10,2024-10-10 11:54:00,0.51,True,0.6197962198984269,0.63648327883528,-0.7194795653129489
2024-10-10,2024-10-10 11:55:00,0.51,True,0.615430843436009,0.6327555748305786,-0.6833982725054684
2024-10-10,2024-10-10 11:56:00,0.51,False,0.6091909059984864,0.6312483501855954,-0.7084909170700657
2024-10-10,2024-10-10 11:57:00,0.51,False,0.6077540596943996,0.6328315975760259,-0.726916511659315
2024-10-10,2024-10-10 11:58:00,0.51,False,0.6146083231209276,0.6387035552060685,-0.7768835066945443
2024-10-10,2024-10-10 11:59:00,0.51,False,0.6156214527889139,0.6403882321234767,-0.7953247537982318
2024-10-10,2024-10-10 12:00:00,0.51,True,0.6103618183504965,0.6382299694522511,-0.7822985982700681
2024-10-10,2024-10-10 12:01:00,0.51,False,0.6066208245844635,0.6365416243170661,-0.7889461938114783
2024-10-10,2024-10-10 12:02:00,0.51,False,0.5966141286811221,0.6331543259077114,-0.789414908238304
2024-10-10,2024-10-10 12:03:00,0.51,False,0.5945872485613859,0.6293343161826664,-0.7544524763855238
2024-10-10,2024-10-10 12:04:00,0.51,False,0.6044346519546525,0.6325575988970088,-0.7581846376455745
2024-10-10,2024-10-10 12:05:00,0.51,False,0.5956224395048987,0.6277498725437156,-0.7257934424259258
2024-10-10,2024-10-10 12:06:00,0.51,False,0.5886424292456305,0.6232262516304992,-0.7148893907757488
2024-10-10,2024-10-10 12:07:00,0.51,False,0.5864690868294259,0.6207195581846467,-0.7013958661695785
2024-10-10,2024-10-10 12:08:00,0.51,True,0.597506093398038,0.62465390986611,-0.6959523009965956
2024-10-10,2024-10-10 12:09:00,0.5,True,0.605111109434459,0.6272362795339878,-0.6998429466543084
2024-10-10,2024-10-10 12:10:00,0.5,False,0.6086928079692514,0.6262959948468154,-0.6744204572321935
2024-10-10,2024-10-10 12:11:00,0.51,True,0.6039774259874443,0.6228896397008625,-0.6693909680988053
2024-10-10,2024-10-10 12:12:00,0.51,False,0.5903688547635779,0.6195573638077032,-0.6715179295660914
2024-10-10,2024-10-10 12:13:00,0.51,True,0.5878012621847892,0.6193128987445787,-0.6794252843260038
2024-10-10,2024-10-10 12:14:00,0.51,False,0.5890384142884724,0.6191782308739978,-0.6663150666757878
2024-10-10,2024-10-10 12:15:00,0.51,False,0.5942556332171214,0.6179548195793703,-0.6402509965828054
2024-10-10,2024-10-10 12:16:00,0.51,False,0.5957847381465687,0.6174378877117732,-0.6413940077588103
2024-10-10,2024-10-10 12:17:00,0.51,True,0.5844328148761206,0.6126715074778968,-0.6172452211775188
2024-10-10,2024-10-10 12:18:00,0.51,False,0.585004061632316,0.613094941127789,-0.6119828743755027
2024-10-10,2024-10-10 12:19:00,0.51,True,0.5945768856426057,0.6158378322818663,-0.6228270707860657
2024-10-10,2024-10-10 12:20:00,0.51,False,0.5927524582726981,0.6141583095029833,-0.6108423663580458
2024-10-10,2024-10-10 12:21:00,0.51,True,0.5934747972588015,0.6131907701098749,-0.6021326931028279
2024-10-10,2024-10-10 12:22:00,0.51,False,0.597952455711595,0.6131692957593098,-0.5808004590315594
2024-10-10,2024-10-10 12:23:00,0.51,False,0.6026585381281107,0.6134093998967756,-0.5780373910975989
2024-10-10,2024-10-10 12:24:00,0.51,True,0.6021375626015961,0.6131015194869921,-0.5884335819585662
2024-10-10,2024-10-10 12:25:00,0.51,False,0.5864462246428082,0.6077751125086597,-0.5617111548395262
2024-10-10,2024-10-10 12:26:00,0.51,False,0.6004457701451631,0.6117904713864317,-0.5730049400532515
2024-10-10,2024-10-10 12:27:00,0.51,False,0.6228295194652571,0.6191808157676061,-0.5986931676808898
2024-10-10,2024-10-10 12:28:00,0.51,True,0.6247760972504592,0.6195762328413559,-0.593545157526423
2024-10-10,2024-10-10 12:29:00,0.51,False,0.6294340349705808,0.6205437809462888,-0.6084567886236256
2024-10-10,2024-10-10 12:30:00,0.51,False,0.6455191585568425,0.626682111109796,-0.6303708517926374
2024-10-10,2024-10-10 12:31:00,0.51,False,0.6524523063448927,0.6290817480121988,-0.6201157831147979
2024-10-10,2024-10-10 12:32:00,0.51,False,0.6636772436701206,0.6323616493029776,-0.6305259539344577
2024-10-10,2024-10-10 12:33:00,0.51,True,0.6498819020859499,0.6292745255971495,-0.6365074708268632
2024-10-10,2024-10-10 12:34:00,0.51,False,0.6471476235043576,0.6317875557062438,-0.6605276232020498
2024-10-10,2024-10-10 12:35:00,0.51,True,0.6493577703272766,0.6322217886173465,-0.6755454229361848
2024-10-10,2024-10-10 12:36:00,0.51,False,0.6500659968659439,0.6344320693937329,-0.7143802342657561
2024-10-10,2024-10-10 12:37:00,0.51,True,0.6483202283497053,0.6346569390434977,-0.7236946468323115
2024-10-10,2024-10-10 12:38:00,0.51,False,0.6477192270858086,0.6365894574090936,-0.73341938377538
2024-10-10,2024-10-10 12:39:00,0.51,False,0.6472814635976427,0.6346228274695377,-0.7193422964316616
2024-10-10,2024-10-10 12:40:00,0.51,False,0.6411633457167488,0.6318645002525456,-0.7050280424474427
2024-10-10,2024-10-10 12:41:00,0.52,True,0.6278981075059276,0.6268970839068382,-0.684499227342888
2024-10-10,2024-10-10 12:42:00,0.52,False,0.6240209743065517,0.6280606037415841,-0.7160910719277624
2024-10-10,2024-10-10 12:43:00,0.52,False,0.6165147688513641,0.6272482125227077,-0.7292890276879427
2024-10-10,2024-10-10 12:44:00,0.52,False,0.6305489171003779,0.6332687558273293,-0.7574305483630634
2024-10-10,2024-10-10 12:45:00,0.52,False,0.6373229006718057,0.6345619822304909,-0.754213143973683
2024-10-10,2024-10-10 12:46:00,0.52,False,0.6566715336693818,0.6400715740163001,-0.7470570241237351
2024-10-10,2024-10-10 12:47:00,0.52,False,0.6611370446249221,0.645872290785476,-0.7876959499958982
2024-10-10,2024-10-10 12:48:00,0.52,False,0.6706745707572719,0.6505884438213938,-0.8147136493199951
2024-10-10,2024-10-10 12:49:00,0.52,False,0.6800791903065153,0.6537458363804864,-0.8182047669666952
2024-10-10,2024-10-10 12:50:00,0.52,False,0.6767370371894839,0.6535468248781579,-0.8294060327453789
2024-10-10,2024-10-10 12:51:00,0.52,False,0.6904397311492155,0.658818543709708,-0.8507287722080259
2024-10-10,2024-10-10 12:52:00,0.53,True,0.6990680356245317,0.6608512450652142,-0.8483743091731446
2024-10-10,2024-10-10 12:53:00,0.53,False,0.7003675513706341,0.6626962527107076,-0.8488980971674347
2024-10-10,2024-10-10 12:54:00,0.53,False,0.6961192660791742,0.6612966499126337,-0.8521209262776352
2024-10-10,2024-10-10 12:55:00,0.53,False,0.69659154176622,0.6591911118142344,-0.832811008987542
2024-10-10,2024-10-10 12:56:00,0.53,False,0.6869793031726703,0.6549359676142211,-0.8186252375699457
2024-10-10,2024-10-10 12:57:00,0.53,False,0.6810717680529408,0.6527860596304873,-0.8097725415311525
2024-10-10,2024-10-10 12:58:00,0.53,False,0.6824821689242493,0.6565961255067823,-0.8401669689816602
2024-10-10,2024-10-10 12:59:00,0.53,False,0.6782755344107165,0.6583863348896993,-0.8555871166662119
2024-10-10,2024-10-10 13:00:00,0.53,False,0.6701683999465089,0.6578259288382923,-0.8742982083250632
2024-10-10,2024-10-10 13:01:00,0.53,False,0.6677329298011366,0.6588381749052337,-0.8909316123297497
2024-10-10,2024-10-10 13:02:00,0.53,False,0.6652106712081173,0.6590974325180133,-0.903142283736259
2024-10-10,2024-10-10 13:03:00,0.53,False,0.6572797412642258,0.656145613349064,-0.9005826808399411
2024-10-10,2024-10-10 13:04:00,0.53,True,0.6421460561265209,0.6506866150296482,-0.896437030035313
2024-10-10,2024-10-10 13:05:00,0.53,False,0.6392317867607892,0.6500307469012744,-0.889295710171544
2024-10-10,2024-10-10 13:06:00,0.53,False,0.6344389655207978,0.645018385192565,-0.8608105657212124
2024-10-10,2024-10-10 13:07:00,0.53,True,0.6426614855593349,0.6488499068428575,-0.8503610841803786
2024-10-10,2024-10-10 13:08:00,0.53,False,0.6383900835048726,0.642781846302818,-0.8068344605750293
2024-10-10,2024-10-10 13:09:00,0.53,False,0.631870228682465,0.6390245685773467,-0.7864130300870329
2024-10-10,2024-10-10 13:10:00,0.52,True,0.6358827406291946,0.640133590231504,-0.7906403226410346
2024-10-10,2024-10-10 13:11:00,0.53,True,0.6316730442259451,0.6365696852873421,-0.7665620596566569
2024-10-10,2024-10-10 13:12:00,0.53,False,0.6367618097436654,0.6435342003925133,-0.8028698829161729
2024-10-10,2024-10-10 13:13:00,0.53,False,0.6249979760836062,0.6401616793763523,-0.8043534355243882
2024-10-10,2024-10-10 13:14:00,0.53,False,0.6313957307824596,0.641905716619982,-0.7986620606072703
2024-10-10,2024-10-10 13:15:00,0.53,False,0.6302876872698328,0.6402471867492987,-0.8052682447340813
2024-10-10,2024-10-10 13:16:00,0.53,False,0.623668456538655,0.6334682477460405,-0.7545583261644537
2024-10-10,2024-10-10 13:17:00,0.53,False,0.626119543276419,0.6327413661401668,-0.7469420239817861
2024-10-10,2024-10-10 13:18:00,0.53,False,0.6209188241320394,0.6321989877537317,-0.749945153240763
2024-10-10,2024-10-10 13:19:00,0.53,False,0.6160612933655736,0.6283546052149308,-0.7215655834283909
2024-10-10,2024-10-10 13:20:00,0.53,False,0.6116870676875015,0.6282759790301324,-0.7088024897330216
2024-10-10,2024-10-10 13:21:00,0.53,False,0.6162318998755534,0.6327326349328377,-0.7504719713217165
2024-10-10,2024-10-10 13:22:00,0.53,True,0.6099572791167536,0.6308516599419856,-0.7287533771149977
2024-10-10,2024-10-10 13:23:00,0.53,False,0.6012249447646756,0.6294555029944419,-0.7333546501783041
2024-10-10,2024-10-10 13:24:00,0.53,False,0.608527922147759,0.6315283169197465,-0.7313131076529658
2024-10-10,2024-10-10 13:25:00,0.53,False,0.607952844248931,0.6311750559772205,-0.7285071962238494
2024-10-10,2024-10-10 13:26:00,0.53,False,0.6104861053995979,0.6313671753732615,-0.7283327089815654
2024-10-10,2024-10-10 13:27:00,0.53,True,0.6117089523458451,0.633454042220011,-0.7282528411295719
2024-10-10,2024-10-10 13:28:00,0.53,True,0.6068836627279177,0.6330768352511651,-0.7559987407746067
2024-10-10,2024-10-10 13:29:00,0.53,False,0.6055825543895308,0.6312091341532957,-0.7397259883096983
2024-10-10,2024-10-10 13:30:00,0.53,False,0.6045271269114899,0.6302705035891336,-0.7255694428788526
2024-10-10,2024-10-10 13:31:00,0.53,True,0.6155558813549593,0.6347759229390006,-0.7522302307349833
2024-10-10,2024-10-10 13:32:00,0.53,False,0.6108442472960279,0.6315938920573819,-0.7417426095598127
2024-10-10,2024-10-10 13:33:00,0.53,False,0.6109232176672574,0.6307504624058891,-0.7484713858412839
2024-10-10,2024-10-10 13:34:00,0.53,False,0.6105072789835296,0.6309211112007592,-0.7451357095672033
2024-10-10,2024-10-10 13:35:00,0.53,False,0.6120355266296665,0.6316247838141769,-0.7428209976895701
2024-10-10,2024-10-10 13:36:00,0.53,False,0.6113234453427719,0.6317009423244411,-0.7587823998413736
2024-10-10,2024-10-10 13:37:00,0.53,False,0.6092184806473716,0.6302026431128499,-0.7566749531371137
2024-10-10,2024-10-10 13:38:00,0.53,False,0.6108963352289745,0.6291053635172199,-0.745083354349964
2024-10-10,2024-10-10 13:39:00,0.53,False,0.6159092671784885,0.6316663335912471,-0.75450684124057
2024-10-10,2024-10-10 13:40:00,0.53,True,0.620507789759356,0.6309526717615788,-0.7271930199794034
2024-10-10,2024-10-10 13:41:00,0.53,True,0.6274660512203061,0.6308066841178839,-0.718754363910632
2024-10-10,2024-10-10 13:42:00,0.52,True,0.6260284377546544,0.631866858621375,-0.734442086508694
2024-10-10,2024-10-10 13:43:00,0.525,True,0.6245892872788974,0.6304844935079699,-0.7198456843281607
2024-10-10,2024-10-10 13:44:00,0.53,True,0.6238084290908055,0.631403435313511,-0.7288156702242294
2024-10-10,2024-10-10 13:45:00,0.53,True,0.6263744341074101,0.632747167358798,-0.7332852313748621
2024-10-10,2024-10-10 13:46:00,0.53,True,0.6348714701957981,0.6348983603262914,-0.7346348152813009
2024-10-10,2024-10-10 13:47:00,0.53,True,0.641512577607487,0.6364809722047766,-0.7345016639509907
2024-10-10,2024-10-10 13:48:00,0.53,True,0.6475702235507809,0.6349618094037094,-0.7098940549366126
2024-10-10,2024-10-10 13:49:00,0.53,False,0.6459168481621154,0.6350901512787422,-0.7167478771888531
2024-10-10,2024-10-10 13:50:00,0.53,False,0.6495171781664244,0.6352713327431645,-0.7182231677131401
2024-10-10,2024-10-10 13:51:00,0.53,False,0.6543759162132411,0.6393189085900337,-0.7304485769543698
2024-10-10,2024-10-10 13:52:00,0.53,True,0.6620093592066727,0.6422975038078822,-0.7645602956128861
2024-10-10,2024-10-10 13:53:00,0.53,True,0.6612248241017364,0.6420219947743191,-0.7553472355624766
2024-10-10,2024-10-10 13:54:00,0.53,True,0.656847081203786,0.6430118671920818,-0.7768646489400803
2024-10-10,2024-10-10 13:55:00,0.52,True,0.6629850121222682,0.645891920386606,-0.7832674149093237
2024-10-10,2024-10-10 13:56:00,0.53,True,0.6501708626610248,0.6414094863175994,-0.7750363271095726
2024-10-10,2024-10-10 13:57:00,0.52,True,0.6515868547586393,0.6413981975494378,-0.7711082215523619
2024-10-10,2024-10-10 13:58:00,0.52,False,0.6410022322518928,0.6391104659561329,-0.7750093423877424
2024-10-10,2024-10-10 13:59:00,0.52,False,0.6431576644133972,0.640873735806401,-0.7898966365123417
2024-10-10,2024-10-10 14:00:00,0.53,True,0.6455300104057043,0.640477017882781,-0.7826201462660836
2024-10-10,2024-10-10 14:01:00,0.53,False,0.6417859644636454,0.6391079213906772,-0.7550199684008598
2024-10-10,2024-10-10 14:02:00,0.52,True,0.6453020873410932,0.6382053950746436,-0.7546057043718144
2024-10-10,2024-10-10 14:03:00,0.52,False,0.6516442337426163,0.6366780088315727,-0.7362166408939792
2024-10-10,2024-10-10 14:04:00,0.52,False,0.6539502982113972,0.6376567952562514,-0.7324423192071354
2024-10-10,2024-10-10 14:05:00,0.52,False,0.6579258823414807,0.6395176946505009,-0.7276949903354806
2024-10-10,2024-10-10 14:06:00,0.52,False,0.6698893816910493,0.6445918597958146,-0.7410026634471907
2024-10-10,2024-10-10 14:07:00,0.53,True,0.6468787618303509,0.6368833458819811,-0.6962178248545392
2024-10-10,2024-10-10 14:08:00,0.53,False,0.6473791894123165,0.6375002606092285,-0.700165311384729
2024-10-10,2024-10-10 14:09:00,0.52,True,0.6507223538030971,0.6391684329960567,-0.7022920488502209
2024-10-10,2024-10-10 14:10:00,0.53,True,0.6548874446747222,0.6408383758895796,-0.6940931278596283
2024-10-10,2024-10-10 14:11:00,0.53,True,0.6591156651782103,0.644285455598129,-0.7133136753726084
2024-10-10,2024-10-10 14:12:00,0.53,True,0.6584974877130321,0.6455504972179276,-0.7266815968594862
2024-10-10,2024-10-10 14:13:00,0.53,False,0.6479541852921171,0.6417585045793757,-0.7071388601754647
2024-10-10,2024-10-10 14:14:00,0.53,True,0.6453741585543915,0.6403823888499852,-0.6925967247678866
2024-10-10,2024-10-10 14:15:00,0.53,False,0.6375771801511954,0.6385641868462291,-0.6862850595163976
2024-10-10,2024-10-10 14:16:00,0.53,False,0.6413302214128105,0.6426271885130017,-0.7171345362350601
2024-10-10,2024-10-10 14:17:00,0.53,False,0.6331983607134216,0.6367412893590318,-0.6756335627324837
2024-10-10,2024-10-10 14:18:00,0.53,False,0.6303247696847246,0.6351418864180903,-0.6667470950118433
2024-10-10,2024-10-10 14:19:00,0.53,False,0.6311021198988265,0.6352775202941074,-0.6602502720148755
2024-10-10,2024-10-10 14:20:00,0.53,False,0.638061167398131,0.6393727694488014,-0.6806707499123861
2024-10-10,2024-10-10 14:21:00,0.53,True,0.6326354418636488,0.637585593920007,-0.6801599043605593
2024-10-10,2024-10-10 14:22:00,0.53,True,0.6365206375974773,0.6395657550404712,-0.6888354336492513
2024-10-10,2024-10-10 14:23:00,0.53,True,0.6336980720372165,0.6386947418595957,-0.677397580979173
2024-10-10,2024-10-10 14:24:00,0.53,False,0.633055491348789,0.6382730183163128,-0.672918697419149
2024-10-10,2024-10-10 14:25:00,0.53,False,0.6306388310977108,0.6364668447427324,-0.6623472562850234
2024-10-10,2024-10-10 14:26:00,0.53,True,0.6342201095876062,0.6377155194324339,-0.6716444655438847
2024-10-10,2024-10-10 14:27:00,0.525,True,0.6450981204017977,0.6404980137816362,-0.6777706598774396
2024-10-10,2024-10-10 14:28:00,0.53,True,0.6410840718049985,0.6378445384421139,-0.6627768580937239
2024-10-10,2024-10-10 14:29:00,0.53,True,0.6451994742203051,0.6400193657494839,-0.6640363048526079
2024-10-10,2024-10-10 14:30:00,0.53,True,0.638146915382583,0.6364322484081102,-0.6727486977062902
2024-10-10,2024-10-10 14:31:00,0.53,False,0.645539271592555,0.64386859869984,-0.7351729059828671
2024-10-10,2024-10-10 14:32:00,0.53,True,0.6523818565442647,0.6471030766072741,-0.7547464818846661
2024-10-10,2024-10-10 14:33:00,0.53,True,0.6525925974848,0.6482137891743998,-0.7703184282174014
2024-10-10,2024-10-10 14:34:00,0.53,False,0.6555643098704976,0.6491201108099481,-0.7754696427727534
2024-10-10,2024-10-10 14:35:00,0.53,False,0.6434695450011458,0.6450115977133734,-0.7775185109780625
2024-10-10,2024-10-10 14:36:00,0.53,False,0.6486592462368015,0.6457633611497668,-0.7846905264594499
2024-10-10,2024-10-10 14:37:00,0.53,True,0.6604634498359967,0.6478889922894583,-0.7746756603527576
2024-10-10,2024-10-10 14:38:00,0.53,True,0.6574776033424768,0.6456034715817628,-0.7627978886384272
2024-10-10,2024-10-10 14:39:00,0.53,False,0.654253809112776,0.6439418368963497,-0.7371974942501793
2024-10-10,2024-10-10 14:40:00,0.53,True,0.6544025880809634,0.645528863436728,-0.7466453728039348
2024-10-10,2024-10-10 14:41:00,0.52,True,0.6491273900118526,0.641761515253606,-0.7429966280196716
2024-10-10,2024-10-10 14:42:00,0.525,True,0.6485509286263199,0.6410778095457135,-0.7461343708048818
2024-10-10,2024-10-10 14:43:00,0.53,True,0.6542356781575386,0.6451703429799235,-0.7694606603714182
2024-10-10,2024-10-10 14:44:00,0.53,False,0.6472779967111482,0.641027282160427,-0.7453450801785126
2024-10-10,2024-10-10 14:45:00,0.53,False,0.6435893174330236,0.6407327877455158,-0.7550850244596059
2024-10-10,2024-10-10 14:46:00,0.53,False,0.643218165775246,0.6432624281728023,-0.7678516164288132
2024-10-10,2024-10-10 14:47:00,0.525,True,0.6445718703408858,0.6436358270151525,-0.7669791641599166
2024-10-10,2024-10-10 14:48:00,0.525,False,0.6347362360808962,0.6382047640996704,-0.7531489475682707
2024-10-10,2024-10-10 14:49:00,0.53,True,0.636816207592575,0.6402002555871655,-0.7521805579102967
2024-10-10,2024-10-10 14:50:00,0.53,False,0.6317437000430783,0.6390980602733537,-0.7393481115484464
2024-10-10,2024-10-10 14:51:00,0.53,False,0.6319717856057807,0.6400941641163829,-0.7535126823470137
2024-10-10,2024-10-10 14:52:00,0.53,True,0.6351646885332358,0.6414994841322377,-0.7655767891362348
2024-10-10,2024-10-10 14:53:00,0.53,False,0.6314653693693718,0.640746478156493,-0.7718349485342715
2024-10-10,2024-10-10 14:54:00,0.525,True,0.6298208132984136,0.6435400776764955,-0.8098510595947643
2024-10-10,2024-10-10 14:55:00,0.53,True,0.6296843706500135,0.6448889349541713,-0.8265444292960757
2024-10-10,2024-10-10 14:56:00,0.53,True,0.6301761300616247,0.6457134176929136,-0.8377966892264666
2024-10-10,2024-10-10 14:57:00,0.52,True,0.6414073830279424,0.6485506585719476,-0.8417890670316537
2024-10-10,2024-10-10 14:58:00,0.52,True,0.6435077988710198,0.6474144401418118,-0.8280061046493017
2024-10-10,2024-10-10 14:59:00,0.52,True,0.6396928252410378,0.6451560383401163,-0.7984714207531898
2024-10-10,2024-10-10 15:00:00,0.53,True,0.6446687011947563,0.646914793661201,-0.7998089305016005
2024-10-10,2024-10-10 15:01:00,0.53,True,0.6432398647788833,0.6455280230487961,-0.7921637393993834
2024-10-10,2024-10-10 15:02:00,0.53,True,0.6524080499975071,0.6489165551074952,-0.8085683577168963
2024-10-10,2024-10-10 15:03:00,0.53,True,0.6623617625856623,0.6522292596011537,-0.82112078196686
2024-10-10,2024-10-10 15:04:00,0.53,True,0.6667728798672388,0.6528772894809578,-0.826425015108873
2024-10-10,2024-10-10 15:05:00,0.53,True,0.6775025397928864,0.6564320137666757,-0.835674899712243
2024-10-10,2024-10-10 15:06:00,0.53,False,0.6748260786273723,0.655110242222634,-0.8315725979310262
2024-10-10,2024-10-10 15:07:00,0.52,True,0.6771081266357685,0.6569074661906898,-0.8259106606841624
2024-10-10,2024-10-10 15:08:00,0.53,True,0.6787299771202709,0.656245128096372,-0.8301277835981205
2024-10-10,2024-10-10 15:09:00,0.53,False,0.6661514741267173,0.6515176079782125,-0.7926836032585161
2024-10-10,2024-10-10 15:10:00,0.53,False,0.6702310418998765,0.6509277359797041,-0.7782819436322952
2024-10-10,2024-10-10 15:11:00,0.53,False,0.6618792845482373,0.6483359956111796,-0.781864572685258
2024-10-10,2024-10-10 15:12:00,0.53,False,0.6605388070963131,0.6489690127795702,-0.788845449007997
2024-10-10,2024-10-10 15:13:00,0.53,False,0.6588075093796426,0.6480277497032486,-0.7786661100523646
2024-10-10,2024-10-10 15:14:00,0.53,False,0.663776781119277,0.6501378050514721,-0.7879191752013628
2024-10-10,2024-10-10 15:15:00,0.53,False,0.670187578976967,0.6513775133693546,-0.7877840003812808
2024-10-10,2024-10-10 15:16:00,0.53,False,0.6684741142907327,0.6517553380524257,-0.7772347350022477
2024-10-10,2024-10-10 15:17:00,0.53,True,0.6697273341302844,0.6541952078792662,-0.7935060144618353
2024-10-10,2024-10-10 15:18:00,0.53,True,0.6596436481104011,0.6487025397096682,-0.77620999195626
2024-10-10,2024-10-10 15:19:00,0.53,False,0.6640877833154293,0.6501712494876961,-0.7921915983068075
2024-10-10,2024-10-10 15:20:00,0.53,True,0.6570049017810371,0.6455736168149586,-0.7526279953463884
2024-10-10,2024-10-10 15:21:00,0.53,False,0.6640342254740341,0.6479008648005268,-0.7661488878317897
2024-10-10,2024-10-10 15:22:00,0.53,False,0.6695592438448119,0.6499943973996003,-0.7759834135202612
2024-10-10,2024-10-10 15:23:00,0.53,True,0.6669541833243422,0.6488376438902044,-0.7792407071468792
2024-10-10,2024-10-10 15:24:00,0.53,True,0.6759519737685578,0.6516767008018034,-0.7859847176343171
2024-10-10,2024-10-10 15:25:00,0.53,True,0.6835706019648256,0.6546087573018237,-0.7934259564490234
2024-10-10,2024-10-10 15:26:00,0.52,True,0.6800831459366679,0.6533496516648568,-0.7904460201236234
2024-10-10,2024-10-10 15:27:00,0.53,True,0.6824220083609239,0.6533642084559657,-0.8052761548515053
2024-10-10,2024-10-10 15:28:00,0.53,False,0.6782361586750724,0.6517224899172582,-0.8057375829018012
2024-10-10,2024-10-10 15:29:00,0.53,True,0.670525315734713,0.6501862957372054,-0.8028743458850316
2024-10-10,2024-10-10 15:30:00,0.52,True,0.6658102166959242,0.6491852524727333,-0.8018723239204792
2024-10-10,2024-10-10 15:31:00,0.53,True,0.6696179623434995,0.6500795174779879,-0.8167040886350292
2024-10-10,2024-10-10 15:32:00,0.53,True,0.6669567497169617,0.6448764248616536,-0.782932529150443
2024-10-10,2024-10-10 15:33:00,0.53,True,0.6696937176447734,0.6462529743087786,-0.779852151850283
2024-10-10,2024-10-10 15:34:00,0.53,True,0.6704716834868024,0.6466635366337977,-0.7712488872722583
2024-10-10,2024-10-10 15:35:00,0.53,True,0.6784888406013122,0.6526736358232035,-0.7983848643516438
2024-10-10,2024-10-10 15:36:00,0.53,True,0.6820601490640369,0.6546791271672486,-0.8037087085191832
2024-10-10,2024-10-10 15:37:00,0.53,False,0.6835898983664314,0.6564061626605417,-0.8057329617210307
2024-10-10,2024-10-10 15:38:00,0.53,False,0.6846613660706445,0.6583805640742307,-0.8154819550194414
2024-10-10,2024-10-10 15:39:00,0.53,False,0.6907472089157751,0.662383961096899,-0.8294043055623599
2024-10-10,2024-10-10 15:40:00,0.53,True,0.6882605235154132,0.6619225894549838,-0.8215597438564679
2024-10-10,2024-10-10 15:41:00,0.53,False,0.6900706462352693,0.6595596315110293,-0.7831430691240882
2024-10-10,2024-10-10 15:42:00,0.53,False,0.6836159491688762,0.6568085961788701,-0.7719385960990637
2024-10-10,2024-10-10 15:43:00,0.53,True,0.6845981258717762,0.6583046937418727,-0.7807927990240966
2024-10-10,2024-10-10 15:44:00,0.53,True,0.6824720458876351,0.6581451882761977,-0.7813401476001447
2024-10-10,2024-10-10 15:45:00,0.53,True,0.6771457352202163,0.6581559144443412,-0.7714586542443993
2024-10-10,2024-10-10 15:46:00,0.53,False,0.677771365984546,0.6581373056274867,-0.7752915276230403
2024-10-10,2024-10-10 15:47:00,0.53,True,0.6855709712616299,0.6601937058837831,-0.7776872284731917
2024-10-10,2024-10-10 15:48:00,0.53,True,0.6715937072326454,0.6536608588744778,-0.7530120754158016
2024-10-10,2024-10-10 15:49:00,0.53,False,0.6679187245322958,0.6509414970604932,-0.758051307615788
2024-10-10,2024-10-10 15:50:00,0.53,True,0.6564722658569868,0.6451404667129429,-0.7380841574025747
2024-10-10,2024-10-10 15:51:00,0.53,True,0.6539652822830043,0.646118680744773,-0.7619653057291689
2024-10-10,2024-10-10 15:52:00,0.53,False,0.6488271532210652,0.6419236987836073,-0.7325976215643919
2024-10-10,2024-10-10 15:53:00,0.53,True,0.6522366734698763,0.6446075586058346,-0.734610670727001
2024-10-10,2024-10-10 15:54:00,0.53,True,0.6694907769619757,0.6530733785076246,-0.7983958331210299
2024-10-10,2024-10-10 15:55:00,0.53,True,0.6624366868205136,0.6485941921595987,-0.7755593616128584
2024-10-10,2024-10-10 15:56:00,0.53,True,0.652319039777346,0.6443952888731481,-0.7607937612193498
2024-10-10,2024-10-10 15:57:00,0.53,False,0.6545698619667755,0.6506416995747866,-0.8176772262075407
2024-10-10,2024-10-10 15:58:00,0.53,True,0.6493783449603361,0.6490883064395561,-0.8027396699882943
2024-10-10,2024-10-10 15:59:00,0.53,True,0.6374439177750648,0.6478558547566476,-0.7890963354415323
2024-10-10,2024-10-10 16:00:00,0.525,True,0.64729626420819,0.6560056166205652,-0.8262208726251217
2024-10-11,2024-10-11 09:31:00,0.53,True,0.79481939930493,0.7602259361048526,-0.9029475865764888
2024-10-11,2024-10-11 09:32:00,0.53,False,0.801352646830773,0.7590513813723119,-0.7773631490456827
2024-10-11,2024-10-11 09:33:00,0.53,True,0.8462533625283761,0.7865394157705319,-0.8508715303021035
2024-10-11,2024-10-11 09:34:00,0.53,True,0.9116505532390946,0.8104910273069009,-0.9877910347114428
2024-10-11,2024-10-11 09:35:00,0.525,True,0.8916242778910788,0.7915549206691317,-0.7770262008790301
2024-10-11,2024-10-11 09:36:00,0.525,False,0.8984555986008245,0.7978136875660261,-0.8254530419508495
2024-10-11,2024-10-11 09:37:00,0.525,False,0.8851972627392788,0.7961211287556496,-0.7925959599621086
2024-10-11,2024-10-11 09:38:00,0.52,True,0.8758668355878476,0.8002986693890382,-0.8745506723283154
2024-10-11,2024-10-11 09:39:00,0.53,True,0.8866656109615098,0.8101625409628457,-0.9326161201740032
2024-10-11,2024-10-11 09:40:00,0.525,True,0.8890853838149821,0.8067283110086976,-0.9421192133199332
2024-10-11,2024-10-11 09:41:00,0.53,True,0.8948162446142569,0.8045485902422438,-0.9369786658951595
2024-10-11,2024-10-11 09:42:00,0.53,True,0.8951195403719807,0.8104902158790526,-0.9687387632277684
2024-10-11,2024-10-11 09:43:00,0.53,True,0.9011358761993744,0.8103583617211169,-0.958098858824722
2024-10-11,2024-10-11 09:44:00,0.53,True,0.8904047798448143,0.8028534927160776,-0.9380189248898978
2024-10-11,2024-10-11 09:45:00,0.53,True,0.8902215757168963,0.7962048222148637,-0.9312141763328116
2024-10-11,2024-10-11 09:46:00,0.53,True,0.8769610940796957,0.7834375426094449,-0.8316373091191887
2024-10-11,2024-10-11 09:47:00,0.53,False,0.87843160159176,0.7862973962362149,-0.8103404383820747
2024-10-11,2024-10-11 09:48:00,0.53,False,0.8904645863445082,0.7852007410086184,-0.761688817512755
2024-10-11,2024-10-11 09:49:00,0.53,False,0.8775193322633751,0.7731742793688374,-0.6806589123043523
2024-10-11,2024-10-11 09:50:00,0.53,True,0.8716665548585262,0.7694202190738433,-0.6785528825648204
2024-10-11,2024-10-11 09:51:00,0.53,False,0.8671173372378727,0.7688312410302985,-0.640350079766089
2024-10-11,2024-10-11 09:52:00,0.53,False,0.8806857559174351,0.7771526733671952,-0.6535471347256023
2024-10-11,2024-10-11 09:53:00,0.525,True,0.872272003272295,0.7733261827030334,-0.6622691711159285
2024-10-11,2024-10-11 09:54:00,0.525,False,0.9119577793525304,0.782218560027516,-0.6466938026531979
2024-10-11,2024-10-11 09:55:00,0.53,True,0.9168622657106212,0.7817307217927147,-0.6011649167610142
2024-10-11,2024-10-11 09:56:00,0.53,True,0.923235376581824,0.7859687036196803,-0.6420220561445116
2024-10-11,2024-10-11 09:57:00,0.53,False,0.913224764297762,0.7825853746162779,-0.6114903640563276
2024-10-11,2024-10-11 09:58:00,0.53,False,0.920199412031152,0.7841014062692658,-0.5375843774640658
2024-10-11,2024-10-11 09:59:00,0.53,False,0.9184282329652528,0.7842882456230569,-0.5164801495854958
2024-10-11,2024-10-11 10:00:00,0.53,True,0.9363476954893732,0.7948130745034452,-0.6047342320286606
2024-10-11,2024-10-11 10:01:00,0.53,True,0.9047475807829116,0.7836945774690155,-0.5230241004429728
2024-10-11,2024-10-11 10:02:00,0.52,True,0.8768776127339177,0.777034375680874,-0.5470415559458819
2024-10-11,2024-10-11 10:03:00,0.53,True,0.862373268291728,0.7703381224344343,-0.525484693245412
2024-10-11,2024-10-11 10:04:00,0.53,True,0.8888690243238615,0.7787099809065352,-0.536920304993526
2024-10-11,2024-10-11 10:05:00,0.53,False,0.905801391358836,0.7845699396915937,-0.5729709616859857
2024-10-11,2024-10-11 10:06:00,0.53,False,0.9017207965827256,0.7802048582644976,-0.5373316077815804
2024-10-11,2024-10-11 10:07:00,0.53,False,0.9013061443744634,0.7765016267335745,-0.51147243631336
2024-10-11,2024-10-11 10:08:00,0.53,True,0.8989945229506406,0.7734592158257516,-0.5069355154634745
2024-10-11,2024-10-11 10:09:00,0.53,False,0.9078216714543343,0.7790571122044088,-0.5373449164391988
2024-10-11,2024-10-11 10:10:00,0.53,True,0.9105078250647696,0.7763521598793244,-0.5207055681055741
2024-10-11,2024-10-11 10:11:00,0.53,True,0.8988007782446037,0.7683900593885471,-0.5062624030413887
2024-10-11,2024-10-11 10:12:00,0.53,False,0.8969638941713015,0.7710334551948181,-0.5641620039132216
2024-10-11,2024-10-11 10:13:00,0.53,False,0.8923017065111406,0.7673295376160097,-0.5857061897013884
2024-10-11,2024-10-11 10:14:00,0.53,True,0.8810626315359891,0.7629908225031683,-0.5925109914301603
2024-10-11,2024-10-11 10:15:00,0.53,False,0.8852154315542753,0.7645756623581228,-0.5888757656021235
2024-10-11,2024-10-11 10:16:00,0.53,True,0.8908617703760986,0.7621622556065588,-0.5666261922183677
2024-10-11,2024-10-11 10:17:00,0.53,False,0.89105170341591,0.7579871615246083,-0.551287555424683
2024-10-11,2024-10-11 10:18:00,0.53,False,0.8980638295995352,0.76013282561515,-0.5561291469354712
2024-10-11,2024-10-11 10:19:00,0.53,True,0.9011244496245944,0.7589578930706481,-0.5395947867652702
2024-10-11,2024-10-11 10:20:00,0.53,False,0.8827513661579511,0.7498397983923646,-0.5056766808750974
2024-10-11,2024-10-11 10:21:00,0.53,False,0.8802146453440673,0.7489811588473014,-0.5279796165551576
2024-10-11,2024-10-11 10:22:00,0.53,False,0.8781591808322542,0.7472700862995678,-0.5206788408926482
2024-10-11,2024-10-11 10:23:00,0.53,False,0.8857353108732144,0.7489133227508634,-0.5094503506822305
2024-10-11,2024-10-11 10:24:00,0.53,False,0.8751784527141724,0.7427071166633867,-0.4751322493883322
2024-10-11,2024-10-11 10:25:00,0.53,False,0.8794118190261354,0.7436630906291717,-0.4763253011935854
2024-10-11,2024-10-11 10:26:00,0.53,True,0.8923077401395669,0.7502946600828961,-0.5095230225893355
2024-10-11,2024-10-11 10:27:00,0.53,False,0.8671455075020682,0.7435056094078857,-0.4681458539189013
2024-10-11,2024-10-11 10:28:00,0.53,False,0.8727573604064014,0.7459008050374907,-0.5019350195693724
2024-10-11,2024-10-11 10:29:00,0.53,False,0.8779854967863789,0.7532976507179644,-0.5450916972213424
2024-10-11,2024-10-11 10:30:00,0.53,False,0.9061633858443134,0.7656780382327295,-0.5913015358193989
2024-10-11,2024-10-11 10:31:00,0.53,True,0.9196505193894424,0.7772563969898922,-0.6429763091284324
2024-10-11,2024-10-11 10:32:00,0.53,True,0.9092010583589,0.77682624418425,-0.670434881369234
2024-10-11,2024-10-11 10:33:00,0.52,True,0.904023806217955,0.7742598904527345,-0.6645920693315721
2024-10-11,2024-10-11 10:34:00,0.52,False,0.905207349752446,0.7750922586152502,-0.6862042209621311
2024-10-11,2024-10-11 10:35:00,0.52,True,0.892578727160537,0.775003999868184,-0.706433079634351
2024-10-11,2024-10-11 10:36:00,0.53,True,0.8882198882898844,0.772686362899113,-0.6901994526529402
2024-10-11,2024-10-11 10:37:00,0.53,True,0.8890122167048806,0.7698778247941227,-0.676594308151298
2024-10-11,2024-10-11 10:38:00,0.53,True,0.8983617939628173,0.7754362857013908,-0.7258944528385511
2024-10-11,2024-10-11 10:39:00,0.53,True,0.902871394912394,0.7760160660938922,-0.7312916037704118
2024-10-11,2024-10-11 10:40:00,0.53,True,0.9008101213790172,0.7778487941928339,-0.755881018621795
2024-10-11,2024-10-11 10:41:00,0.52,True,0.9083626831001068,0.7794642184665035,-0.7615523001398241
2024-10-11,2024-10-11 10:42:00,0.52,False,0.9058069751994922,0.7769606403846883,-0.7726276958814533
2024-10-11,2024-10-11 10:43:00,0.53,True,0.9016698405108589,0.7738746176679161,-0.7911237779938516
2024-10-11,2024-10-11 10:44:00,0.53,True,0.9043579663434572,0.7767383109798944,-0.8124275635075175
2024-10-11,2024-10-11 10:45:00,0.53,False,0.922477436381188,0.7859050460643291,-0.8297733245580698
2024-10-11,2024-10-11 10:46:00,0.53,False,0.9340311828632222,0.7886189916793389,-0.820696738893741
2024-10-11,2024-10-11 10:47:00,0.53,False,0.9200782990409312,0.7795758958085336,-0.7704644899921209
2024-10-11,2024-10-11 10:48:00,0.53,False,0.9191732267304202,0.7771597553248974,-0.765729801628759
2024-10-11,2024-10-11 10:49:00,0.53,True,0.917329740989298,0.772264611048415,-0.729537340215892
2024-10-11,2024-10-11 10:50:00,0.53,False,0.9144723252869236,0.7709316928073143,-0.7393589504430704
2024-10-11,2024-10-11 10:51:00,0.53,False,0.9081839932231928,0.7652924449704213,-0.7135507231035503
2024-10-11,2024-10-11 10:52:00,0.53,True,0.920128167763086,0.7659755568461807,-0.7154536897376695
2024-10-11,2024-10-11 10:53:00,0.53,True,0.9275989379207126,0.768086507173475,-0.7333553992408486
2024-10-11,2024-10-11 10:54:00,0.53,False,0.9186859947222112,0.7679408184155938,-0.7425814696217508
2024-10-11,2024-10-11 10:55:00,0.53,False,0.9010100872820124,0.7623525819230066,-0.748699277497249
2024-10-11,2024-10-11 10:56:00,0.53,True,0.9071669174649996,0.7650163034888576,-0.7826053189458977
2024-10-11,2024-10-11 10:57:00,0.53,False,0.8993497408478559,0.7614539957945163,-0.7809657234798808
2024-10-11,2024-10-11 10:58:00,0.525,True,0.9125749544437832,0.76642574265756,-0.7942822880265099
2024-10-11,2024-10-11 10:59:00,0.525,False,0.9070580550614856,0.764244297990149,-0.750123191424962
2024-10-11,2024-10-11 11:00:00,0.525,False,0.9084255870800666,0.7656853264342109,-0.7471545422802321
2024-10-11,2024-10-11 11:01:00,0.525,False,0.9116646324377454,0.7684293240151894,-0.7794387170773192
2024-10-11,2024-10-11 11:02:00,0.525,False,0.9062089675412676,0.767435161117171,-0.7943813834856188
2024-10-11,2024-10-11 11:03:00,0.525,False,0.8925719425878235,0.7598986521678843,-0.7609248110669107
2024-10-11,2024-10-11 11:04:00,0.53,True,0.8861353919877212,0.7559489693989156,-0.730715098993868
2024-10-11,2024-10-11 11:05:00,0.53,True,0.8878717216025456,0.7550107492109988,-0.7020102066879341
2024-10-11,2024-10-11 11:06:00,0.53,False,0.8736858202882891,0.7491355146187784,-0.6844291572310297
2024-10-11,2024-10-11 11:07:00,0.53,True,0.8770163919573986,0.7524247596627605,-0.6927219151690387
2024-10-11,2024-10-11 11:08:00,0.53,True,0.8724037688842925,0.7477259403076429,-0.6503609997624589
2024-10-11,2024-10-11 11:09:00,0.53,False,0.8639411370356621,0.7426815274190508,-0.6148435013988196
2024-10-11,2024-10-11 11:10:00,0.53,False,0.8777938201946793,0.746928877469174,-0.6081483481834253
2024-10-11,2024-10-11 11:11:00,0.53,True,0.8710030118618346,0.742042825127078,-0.5674476630031271
2024-10-11,2024-10-11 11:12:00,0.53,False,0.8718399073328984,0.7391584824723312,-0.5187350013298007
2024-10-11,2024-10-11 11:13:00,0.53,False,0.8730793807481301,0.7387559812427618,-0.4833403128910118
2024-10-11,2024-10-11 11:14:00,0.53,False,0.8849670125578881,0.7441280622359201,-0.4695094861903221
2024-10-11,2024-10-11 11:15:00,0.53,False,0.8915379550398715,0.744060199093014,-0.4670437452028791
2024-10-11,2024-10-11 11:16:00,0.53,True,0.8913939403532878,0.7429208853378849,-0.4444141994012403
2024-10-11,2024-10-11 11:17:00,0.53,True,0.8907417034346747,0.7425377764257708,-0.4177475591689704
2024-10-11,2024-10-11 11:18:00,0.53,False,0.8890953676256029,0.742561577543168,-0.4293217693228554
2024-10-11,2024-10-11 11:19:00,0.53,False,0.8903507593792752,0.7418418281172936,-0.4007280288686558
2024-10-11,2024-10-11 11:20:00,0.53,False,0.9023012591373344,0.7459309207083316,-0.4282389919024448
2024-10-11,2024-10-11 11:21:00,0.53,False,0.9060421084542872,0.744062923791448,-0.4177811746719567
2024-10-11,2024-10-11 11:22:00,0.53,False,0.8951655999308151,0.7414943859350462,-0.410642823501942
2024-10-11,2024-10-11 11:23:00,0.53,False,0.8927890174770386,0.7409019782077214,-0.4081542513991713
2024-10-11,2024-10-11 11:24:00,0.53,False,0.8935516256074171,0.7406510730835821,-0.3942664851462908
2024-10-11,2024-10-11 11:25:00,0.53,True,0.8975016452691869,0.7405391330152902,-0.3898370463884715
2024-10-11,2024-10-11 11:26:00,0.53,False,0.9081646243822464,0.7471464513458361,-0.4290098377162333
2024-10-11,2024-10-11 11:27:00,0.53,False,0.8986840612338756,0.7475721933847217,-0.4819885063790339
2024-10-11,2024-10-11 11:28:00,0.53,True,0.8885549473040872,0.7460188730338313,-0.4931442789223199
2024-10-11,2024-10-11 11:29:00,0.53,False,0.8956576277578954,0.7499272383738078,-0.5182509376715336
2024-10-11,2024-10-11 11:30:00,0.53,False,0.9018056683193852,0.7537350955246623,-0.5279036809011026
2024-10-11,2024-10-11 11:31:00,0.53,True,0.8964947536391625,0.7524771393411328,-0.5250723397886099
2024-10-11,2024-10-11 11:32:00,0.53,True,0.8927749583182236,0.7565454328523363,-0.5704574717469035
2024-10-11,2024-10-11 11:33:00,0.53,False,0.8847814324177352,0.7531264797217703,-0.5918150502271655
2024-10-11,2024-10-11 11:34:00,0.52,True,0.8718282051067916,0.7483806158872024,-0.5886849493854016
2024-10-11,2024-10-11 11:35:00,0.53,True,0.8630297423743281,0.7467892733437251,-0.5959977270294521
2024-10-11,2024-10-11 11:36:00,0.53,False,0.8594503747556076,0.7443854406868031,-0.5958787261600962
2024-10-11,2024-10-11 11:37:00,0.53,False,0.8627868957838329,0.7420669174914147,-0.5710148595083837
2024-10-11,2024-10-11 11:38:00,0.53,False,0.8578703551360923,0.7395222749171111,-0.5616526640137955
2024-10-11,2024-10-11 11:39:00,0.53,True,0.8661190542106181,0.7414908996275607,-0.5681658275906254
2024-10-11,2024-10-11 11:40:00,0.53,True,0.8733684939672353,0.7435517366459956,-0.5712286291889062
2024-10-11,2024-10-11 11:41:00,0.53,False,0.8788396097760753,0.7446845843660292,-0.5956887275838549
2024-10-11,2024-10-11 11:42:00,0.53,True,0.8767758856978924,0.7426916649529895,-0.5682993941779977
2024-10-11,2024-10-11 11:43:00,0.53,True,0.8761667949610739,0.7437384473029133,-0.5802502174861452
2024-10-11,2024-10-11 11:44:00,0.53,False,0.8780893770289421,0.7440215940303828,-0.5710952463120866
2024-10-11,2024-10-11 11:45:00,0.53,False,0.870291126858066,0.7419329357630844,-0.563877254304046
2024-10-11,2024-10-11 11:46:00,0.53,False,0.8882273223733528,0.7498683176834413,-0.5724126079288012
2024-10-11,2024-10-11 11:47:00,0.53,False,0.8914347322610758,0.7512347694111672,-0.5672620460780531
2024-10-11,2024-10-11 11:48:00,0.53,True,0.8893634098097674,0.7506813191312456,-0.5654318873016817
2024-10-11,2024-10-11 11:49:00,0.53,False,0.8920188835573615,0.7510122439152774,-0.5508444430130506
2024-10-11,2024-10-11 11:50:00,0.53,False,0.8910738960909581,0.7544222461247816,-0.578841655649269
2024-10-11,2024-10-11 11:51:00,0.53,False,0.886752756314084,0.753598014855982,-0.5848866782887412
2024-10-11,2024-10-11 11:52:00,0.53,True,0.8939797397831925,0.7589389241599344,-0.6235702465882291
2024-10-11,2024-10-11 11:53:00,0.53,True,0.8883174643881722,0.7589866574234677,-0.6304283886568569
2024-10-11,2024-10-11 11:54:00,0.53,True,0.8895596447715837,0.7622579508218441,-0.6615584014055755
2024-10-11,2024-10-11 11:55:00,0.53,False,0.8811986073833942,0.7610256342045776,-0.6598807673776961
2024-10-11,2024-10-11 11:56:00,0.53,False,0.8777228975634921,0.7593805857421744,-0.6566474043770374
2024-10-11,2024-10-11 11:57:00,0.53,False,0.8619072878990169,0.7521371748441532,-0.6195234431306578
2024-10-11,2024-10-11 11:58:00,0.53,False,0.851739844000861,0.748786537677778,-0.6279400771170929
2024-10-11,2024-10-11 11:59:00,0.53,False,0.852173775581802,0.7481098354633262,-0.6330355008851429
2024-10-11,2024-10-11 12:00:00,0.53,False,0.8473651281536897,0.7451183130888628,-0.610726929538721
2024-10-11,2024-10-11 12:01:00,0.525,True,0.8422869298707963,0.7404407590670836,-0.574952689096857
2024-10-11,2024-10-11 12:02:00,0.53,True,0.8455249190615111,0.740330814752785,-0.5682696434819732
2024-10-11,2024-10-11 12:03:00,0.53,False,0.8523592309126211,0.7418673317656848,-0.5470910534058022
2024-10-11,2024-10-11 12:04:00,0.53,True,0.8562606856299688,0.7422063099460521,-0.5482924743256941
2024-10-11,2024-10-11 12:05:00,0.53,True,0.8622377462810998,0.7411184076497662,-0.5252790845087514
2024-10-11,2024-10-11 12:06:00,0.53,True,0.8512160811270582,0.7354496294334106,-0.4982456032449234
2024-10-11,2024-10-11 12:07:00,0.53,True,0.8483031996698447,0.7343676375142554,-0.4906163028530451
2024-10-11,2024-10-11 12:08:00,0.53,False,0.8340176544658691,0.732151802790154,-0.5053426561998273
2024-10-11,2024-10-11 12:09:00,0.525,True,0.8339022760281343,0.7314654859591165,-0.4988846996624664
2024-10-11,2024-10-11 12:10:00,0.525,False,0.8373176573005915,0.7334146960143251,-0.5106397860564191
2024-10-11,2024-10-11 12:11:00,0.53,True,0.8394967611701485,0.7329028608940387,-0.4935534924814516
2024-10-11,2024-10-11 12:12:00,0.53,False,0.834031003801672,0.7302390561688221,-0.492931527214674
2024-10-11,2024-10-11 12:13:00,0.53,False,0.841679316127866,0.731523801203332,-0.4977886718037395
2024-10-11,2024-10-11 12:14:00,0.53,False,0.8625965964831449,0.738890626333545,-0.5185511104195009
2024-10-11,2024-10-11 12:15:00,0.53,True,0.8640295942994775,0.7386156264394056,-0.5071075722868825
2024-10-11,2024-10-11 12:16:00,0.53,False,0.8541585508948228,0.7352540231368105,-0.4798572218321063
2024-10-11,2024-10-11 12:17:00,0.53,False,0.8567128679811136,0.7306579073787013,-0.4475543588125811
2024-10-11,2024-10-11 12:18:00,0.53,False,0.8667480789107969,0.734345844909011,-0.4621182405520285
2024-10-11,2024-10-11 12:19:00,0.53,False,0.867349988882171,0.7344819625054497,-0.4649678137694213
2024-10-11,2024-10-11 12:20:00,0.53,True,0.8755537949079688,0.7382973090596214,-0.4865095637361411
2024-10-11,2024-10-11 12:21:00,0.53,True,0.8747222223396207,0.738539024601881,-0.4924215106844081
2024-10-11,2024-10-11 12:22:00,0.53,False,0.8696273098323253,0.7372009664260633,-0.4848414686008886
2024-10-11,2024-10-11 12:23:00,0.53,False,0.8723668551939636,0.7371400750164835,-0.4610682432572636
2024-10-11,2024-10-11 12:24:00,0.53,False,0.8748970806410028,0.7367294268597777,-0.4672564649011525
2024-10-11,2024-10-11 12:25:00,0.53,True,0.8738741559110852,0.7374190799817806,-0.5018545837721053
2024-10-11,2024-10-11 12:26:00,0.53,True,0.8765163295172048,0.7380500275811817,-0.5077381677764328
2024-10-11,2024-10-11 12:27:00,0.53,True,0.874254572987036,0.7370950337341055,-0.5109043543839453
2024-10-11,2024-10-11 12:28:00,0.53,False,0.8819549472974908,0.7415007096979163,-0.5304471774064545
2024-10-11,2024-10-11 12:29:00,0.53,True,0.8790555910831381,0.7425058146116741,-0.538245086173538
2024-10-11,2024-10-11 12:30:00,0.53,True,0.8860982488045808,0.7478078012018134,-0.564035044564509
2024-10-11,2024-10-11 12:31:00,0.53,True,0.8869796602276159,0.7468740718355888,-0.5639514490557738
2024-10-11,2024-10-11 12:32:00,0.53,True,0.8950285796501274,0.7510688737926464,-0.5662316746685627
2024-10-11,2024-10-11 12:33:00,0.53,False,0.8995587030843415,0.7506519488968846,-0.5566512575072309
2024-10-11,2024-10-11 12:34:00,0.53,False,0.9051801957924768,0.7526610161914727,-0.5527050861917893
2024-10-11,2024-10-11 12:35:00,0.53,True,0.8993013762561346,0.7467235161940794,-0.5134394968678655
2024-10-11,2024-10-11 12:36:00,0.53,False,0.9040628580364204,0.7470206994737805,-0.5163161445487887
2024-10-11,2024-10-11 12:37:00,0.53,False,0.9063723432282188,0.7483088307982584,-0.5202518828678311
2024-10-11,2024-10-11 12:38:00,0.53,True,0.8998830016067463,0.7466670927046175,-0.5075256720036612
2024-10-11,2024-10-11 12:39:00,0.53,True,0.903950657647148,0.7481680847928356,-0.5209044130424023
2024-10-11,2024-10-11 12:40:00,0.53,True,0.9055460556622804,0.7498147391601333,-0.5292268144843102
2024-10-11,2024-10-11 12:41:00,0.53,True,0.9114982740548656,0.754295574580143,-0.5446327814788878
2024-10-11,2024-10-11 12:42:00,0.53,False,0.9153571220265716,0.7552887968638466,-0.5415324055607325
2024-10-11,2024-10-11 12:43:00,0.53,False,0.919643944405204,0.7578330116588614,-0.5581372104626405
2024-10-11,2024-10-11 12:44:00,0.53,True,0.919332255101356,0.7582361074425424,-0.5667601631802539
2024-10-11,2024-10-11 12:45:00,0.53,False,0.9187279187390224,0.7576950909713981,-0.5604814663808853
2024-10-11,2024-10-11 12:46:00,0.53,False,0.921400425319423,0.7572661312896114,-0.5733122095541385
2024-10-11,2024-10-11 12:47:00,0.53,True,0.9212467885617172,0.7558339999956223,-0.5759743921673961
2024-10-11,2024-10-11 12:48:00,0.53,False,0.9150458123267726,0.753981253722097,-0.5654876539585145
2024-10-11,2024-10-11 12:49:00,0.53,False,0.9169496474771252,0.754123896365714,-0.5585620853611972
2024-10-11,2024-10-11 12:50:00,0.53,False,0.910901030763064,0.7511494029971482,-0.5373757367706218
2024-10-11,2024-10-11 12:51:00,0.53,True,0.906356337294972,0.7497938923527998,-0.5235084396687295
2024-10-11,2024-10-11 12:52:00,0.53,True,0.9016815824257538,0.7490576567251014,-0.5234812325518272
2024-10-11,2024-10-11 12:53:00,0.53,True,0.8908228663041272,0.7448311102102894,-0.5195662630226348
2024-10-11,2024-10-11 12:54:00,0.53,True,0.8951586260216224,0.745736798493747,-0.5217085745342682
2024-10-11,2024-10-11 12:55:00,0.53,False,0.8975529659441874,0.7465466727946972,-0.5084233968916596
2024-10-11,2024-10-11 12:56:00,0.53,True,0.892664999774262,0.7442782573368658,-0.4926936981123466
2024-10-11,2024-10-11 12:57:00,0.53,True,0.8818088348211498,0.7426850390397288,-0.4910222145308642
2024-10-11,2024-10-11 12:58:00,0.53,True,0.8808022065355153,0.7431580488744389,-0.5048811331133316
2024-10-11,2024-10-11 12:59:00,0.53,True,0.8808374762443859,0.7457949329081931,-0.5365899154332139
2024-10-11,2024-10-11 13:00:00,0.53,False,0.8781830744277516,0.7445654747325465,-0.5388014851970018
2024-10-11,2024-10-11 13:01:00,0.53,False,0.8769938129232795,0.7436657403108586,-0.5287006470912385
2024-10-11,2024-10-11 13:02:00,0.53,True,0.8843071969937636,0.7468077696359694,-0.5368656055332723
2024-10-11,2024-10-11 13:03:00,0.53,True,0.8810249976330526,0.7446585762450808,-0.5142276387677669
2024-10-11,2024-10-11 13:04:00,0.53,True,0.8712496483136799,0.7398967018780092,-0.4715146002339371
2024-10-11,2024-10-11 13:05:00,0.53,True,0.8686865911333662,0.737928412493659,-0.4595606235473352
2024-10-11,2024-10-11 13:06:00,0.53,True,0.8643982249422076,0.7359733494329419,-0.4386845734652755
2024-10-11,2024-10-11 13:07:00,0.53,True,0.8752077625035233,0.7401030170898941,-0.4559223759554296
2024-10-11,2024-10-11 13:08:00,0.53,False,0.8768158016256586,0.7393330787173436,-0.4366489477312249
2024-10-11,2024-10-11 13:09:00,0.53,False,0.8730945902286787,0.7411493345340627,-0.4498552432183336
2024-10-11,2024-10-11 13:10:00,0.53,True,0.8664809622002787,0.7383390831740881,-0.4374763540592004
2024-10-11,2024-10-11 13:11:00,0.53,True,0.8629796527647676,0.7375839881556387,-0.4477510037208997
2024-10-11,2024-10-11 13:12:00,0.53,True,0.8683147685234456,0.7401176096531579,-0.4536604285312084
2024-10-11,2024-10-11 13:13:00,0.53,False,0.8719200039171082,0.7397768521339034,-0.4469264153576256
2024-10-11,2024-10-11 13:14:00,0.53,False,0.8779043792838925,0.7408714831079604,-0.4574510010389901
2024-10-11,2024-10-11 13:15:00,0.53,True,0.8669715946605122,0.7376951579549491,-0.4413867820341657
2024-10-11,2024-10-11 13:16:00,0.53,True,0.8636867263766729,0.7359379061090743,-0.4289404347081654
2024-10-11,2024-10-11 13:17:00,0.53,False,0.8733257203510908,0.7413700202996739,-0.468374914905606
2024-10-11,2024-10-11 13:18:00,0.53,False,0.8791937346777501,0.7449965074777474,-0.5027763429639898
2024-10-11,2024-10-11 13:19:00,0.53,True,0.884599550643041,0.7447168789441414,-0.4978204894446341
2024-10-11,2024-10-11 13:20:00,0.53,False,0.881800219271706,0.7401732310691791,-0.4580194006227646
2024-10-11,2024-10-11 13:21:00,0.53,True,0.8698208906377164,0.7372327429491329,-0.4423158693267807
2024-10-11,2024-10-11 13:22:00,0.53,True,0.869777979359646,0.7385229717300251,-0.4711466414355275
2024-10-11,2024-10-11 13:23:00,0.53,True,0.8756009664087763,0.7405905153406949,-0.4823950413404638
2024-10-11,2024-10-11 13:24:00,0.53,True,0.8732658609245963,0.740198428748905,-0.4766756573076695
2024-10-11,2024-10-11 13:25:00,0.53,False,0.8707536537723894,0.7421378519740376,-0.4962085458012666
2024-10-11,2024-10-11 13:26:00,0.53,False,0.8754351449991524,0.7461155519627571,-0.525787980107
2024-10-11,2024-10-11 13:27:00,0.53,True,0.8716831829495444,0.7451106713586229,-0.5086901979374834
2024-10-11,2024-10-11 13:28:00,0.53,True,0.8736453247014795,0.7453614773311856,-0.5117856941547028
2024-10-11,2024-10-11 13:29:00,0.53,False,0.883012404000193,0.7494127897932408,-0.5472719078303314
2024-10-11,2024-10-11 13:30:00,0.53,False,0.8841271681378173,0.7489424958898839,-0.5547806189148727
2024-10-11,2024-10-11 13:31:00,0.53,False,0.8847550941157245,0.7494122425664695,-0.5569278682273744
2024-10-11,2024-10-11 13:32:00,0.53,True,0.8853004508160166,0.7504681197459083,-0.5627037586577144
2024-10-11,2024-10-11 13:33:00,0.53,True,0.8888668876982158,0.7521552498856496,-0.5703425564056093
2024-10-11,2024-10-11 13:34:00,0.53,False,0.895481016868364,0.7551011739176259,-0.5831987988434018
2024-10-11,2024-10-11 13:35:00,0.53,True,0.9007717712458716,0.755993225673304,-0.5770315426706127
2024-10-11,2024-10-11 13:36:00,0.53,False,0.8926296819712372,0.7511899232040069,-0.5635708895418852
2024-10-11,2024-10-11 13:37:00,0.53,True,0.8940206554159094,0.751918243322065,-0.5710354479470998
2024-10-11,2024-10-11 13:38:00,0.53,True,0.8958749798548753,0.7524537896682115,-0.5735634199411987
2024-10-11,2024-10-11 13:39:00,0.52,True,0.9023697806134195,0.7546201792858425,-0.5722127651571218
2024-10-11,2024-10-11 13:40:00,0.52,False,0.906084420224335,0.7562630762406196,-0.578115555036192
2024-10-11,2024-10-11 13:41:00,0.52,False,0.9048096674926696,0.755590512333152,-0.567488559622723
2024-10-11,2024-10-11 13:42:00,0.52,False,0.9038334769737364,0.7553479296323029,-0.5653128356133621
2024-10-11,2024-10-11 13:43:00,0.53,True,0.9134126544515332,0.7578677151599698,-0.5709311194705917
2024-10-11,2024-10-11 13:44:00,0.53,True,0.9168367788333682,0.7581751450587914,-0.5645739817235009
2024-10-11,2024-10-11 13:45:00,0.53,True,0.9234753019303912,0.7601246523654669,-0.548496174034262
2024-10-11,2024-10-11 13:46:00,0.53,True,0.9236812792057142,0.7610278645385125,-0.5477062269137114
2024-10-11,2024-10-11 13:47:00,0.53,False,0.9267807634718824,0.7624360655627234,-0.5470850365977102
2024-10-11,2024-10-11 13:48:00,0.53,True,0.9241947466590678,0.7615623829822035,-0.5279805410388465
2024-10-11,2024-10-11 13:49:00,0.53,True,0.924210607779732,0.7627196732283359,-0.5283494069642041
2024-10-11,2024-10-11 13:50:00,0.53,False,0.9183216997700984,0.7630677199482843,-0.5424410632717089
2024-10-11,2024-10-11 13:51:00,0.53,True,0.9219433952886372,0.7651710571323749,-0.5605739080167909
2024-10-11,2024-10-11 13:52:00,0.53,False,0.927279883491118,0.7666493097011927,-0.5640019319914005
2024-10-11,2024-10-11 13:53:00,0.53,False,0.9260504160352212,0.7691387166609811,-0.5740317846083229
2024-10-11,2024-10-11 13:54:00,0.53,False,0.9316949453557276,0.7704850000141303,-0.5690314810230523
2024-10-11,2024-10-11 13:55:00,0.53,True,0.9347047002788996,0.7706013464899015,-0.562877327806018
2024-10-11,2024-10-11 13:56:00,0.53,True,0.9358474529876516,0.770840841825224,-0.5713942739647293
2024-10-11,2024-10-11 13:57:00,0.53,True,0.9424020917660568,0.7751811198305011,-0.6009656872700959
2024-10-11,2024-10-11 13:58:00,0.53,False,0.9430732860376214,0.7732866949074277,-0.5861276252014396
2024-10-11,2024-10-11 13:59:00,0.53,True,0.946264678055597,0.7737735585306507,-0.5888724456211738
2024-10-11,2024-10-11 14:00:00,0.53,True,0.9440271335555224,0.7726896304596845,-0.5862893071448103
2024-10-11,2024-10-11 14:01:00,0.53,True,0.9394839670497996,0.7726193424149594,-0.5779805533057072
2024-10-11,2024-10-11 14:02:00,0.53,False,0.9457659242883032,0.7757244442686169,-0.5835752042586422
2024-10-11,2024-10-11 14:03:00,0.53,True,0.9408092650565656,0.7708299164242061,-0.5636564292732937
2024-10-11,2024-10-11 14:04:00,0.53,False,0.9360643486437272,0.7673827684706059,-0.5407748798311847
2024-10-11,2024-10-11 14:05:00,0.53,True,0.93353591708628,0.7667419389601029,-0.5286687838480042
2024-10-11,2024-10-11 14:06:00,0.53,False,0.9330974272143092,0.7669350201946912,-0.54900550290785
2024-10-11,2024-10-11 14:07:00,0.52,True,0.9395877918826556,0.7704521823700208,-0.5632975945384084
2024-10-11,2024-10-11 14:08:00,0.53,True,0.9277416759763704,0.7648469452783127,-0.5431657906866187
2024-10-11,2024-10-11 14:09:00,0.53,False,0.9269156085579252,0.7654438519566855,-0.5559791363166435
2024-10-11,2024-10-11 14:10:00,0.53,True,0.9277687907061942,0.7664269051277799,-0.5728582983178776
2024-10-11,2024-10-11 14:11:00,0.53,False,0.9311842979019777,0.7697049458406187,-0.6126621900802749
2024-10-11,2024-10-11 14:12:00,0.53,False,0.9404177433831284,0.7745847442338069,-0.6191067095548428
2024-10-11,2024-10-11 14:13:00,0.53,True,0.939242735295832,0.7753802940665391,-0.6270702905910666
2024-10-11,2024-10-11 14:14:00,0.53,False,0.9442077033473114,0.7773901127407412,-0.6365580148755001
2024-10-11,2024-10-11 14:15:00,0.53,True,0.9449961923058916,0.7769689237064383,-0.6243393046199759
2024-10-11,2024-10-11 14:16:00,0.53,True,0.9499848325563682,0.7794431680015651,-0.6357372729116546
2024-10-11,2024-10-11 14:17:00,0.53,False,0.9460230933249804,0.7781750882096283,-0.6350171491089738
2024-10-11,2024-10-11 14:18:00,0.53,False,0.9414277803987824,0.7772017120648208,-0.6359051574299137
2024-10-11,2024-10-11 14:19:00,0.53,True,0.93740709067684,0.7768170729705481,-0.6319934078452925
2024-10-11,2024-10-11 14:20:00,0.53,True,0.928202107445734,0.7745303794609161,-0.6300712929810883
2024-10-11,2024-10-11 14:21:00,0.53,True,0.929037223903506,0.7754759510853497,-0.6299582906210499
2024-10-11,2024-10-11 14:22:00,0.53,False,0.9321011468368334,0.7767762288465861,-0.6439765114435405
2024-10-11,2024-10-11 14:23:00,0.53,False,0.9353988453193024,0.7785431605230198,-0.6514875327273104
2024-10-11,2024-10-11 14:24:00,0.53,False,0.9319153904166456,0.7787480912801689,-0.6768789226541099
2024-10-11,2024-10-11 14:25:00,0.53,False,0.9319043149602884,0.7780577498481287,-0.6831700880702627
2024-10-11,2024-10-11 14:26:00,0.53,True,0.9391440433329236,0.7810574513587458,-0.7144234254993282
2024-10-11,2024-10-11 14:27:00,0.52,True,0.9418255122918472,0.782393940285799,-0.7299508330177364
2024-10-11,2024-10-11 14:28:00,0.52,True,0.9417520247287569,0.7828786245926547,-0.7359299939852022
2024-10-11,2024-10-11 14:29:00,0.52,False,0.9409298482808748,0.7824022266830157,-0.7341110063946574
2024-10-11,2024-10-11 14:30:00,0.52,False,0.9404475536305552,0.7833475211742301,-0.7302113087962683
2024-10-11,2024-10-11 14:31:00,0.52,False,0.9360346270474796,0.7824371167999591,-0.7265806469670237
2024-10-11,2024-10-11 14:32:00,0.52,True,0.9401855988769464,0.7833793675136307,-0.730499765339828
2024-10-11,2024-10-11 14:33:00,0.52,True,0.9374347876014396,0.7811338265260586,-0.7074010603487759
2024-10-11,2024-10-11 14:34:00,0.52,True,0.938082371517563,0.781506623985434,-0.7071562567222187
2024-10-11,2024-10-11 14:35:00,0.52,True,0.9373725426725076,0.7829894280682261,-0.7270134591046618
2024-10-11,2024-10-11 14:36:00,0.52,True,0.9333036207314986,0.7807334011380724,-0.7171686287068038
2024-10-11,2024-10-11 14:37:00,0.52,False,0.939034258099849,0.7821783374036302,-0.7200209458859634
2024-10-11,2024-10-11 14:38:00,0.52,True,0.940619869361312,0.7826794025993173,-0.720129557242124
2024-10-11,2024-10-11 14:39:00,0.52,False,0.9435716941769596,0.7842543025883703,-0.7037983116913133
2024-10-11,2024-10-11 14:40:00,0.52,True,0.9393025359745768,0.7807980193275166,-0.6883481132778622
2024-10-11,2024-10-11 14:41:00,0.52,True,0.9327898210161156,0.780415917176594,-0.6935333527692928
2024-10-11,2024-10-11 14:42:00,0.52,False,0.9332585021730688,0.7789748448302825,-0.684921407164329
2024-10-11,2024-10-11 14:43:00,0.52,True,0.9266772520703276,0.7777725443375332,-0.6835697252780033
2024-10-11,2024-10-11 14:44:00,0.52,True,0.931510589585429,0.7790526117211347,-0.6835617710509234
2024-10-11,2024-10-11 14:45:00,0.52,False,0.9313696252648564,0.7798974250188291,-0.6856306786381314
2024-10-11,2024-10-11 14:46:00,0.52,True,0.9342856523723349,0.7828608112722135,-0.7097983748276053
2024-10-11,2024-10-11 14:48:00,0.52,True,0.9337839169903446,0.7833975071469375,-0.7250020706526359
2024-10-11,2024-10-11 14:49:00,0.52,True,0.9346045114523848,0.7841883067017321,-0.729629442247155
2024-10-11,2024-10-11 14:50:00,0.52,True,0.9336965711358252,0.7842800162381334,-0.7283840945105
2024-10-11,2024-10-11 14:51:00,0.52,False,0.9365986347962196,0.7874145346204423,-0.7489697195880325
2024-10-11,2024-10-11 14:52:00,0.52,False,0.9383893206357272,0.7880978013305255,-0.7431712503957277
2024-10-11,2024-10-11 14:53:00,0.52,True,0.9340213203542456,0.7854788654136862,-0.73456804009571
2024-10-11,2024-10-11 14:54:00,0.52,True,0.9286883415135072,0.7821214032590551,-0.7167884951420005
2024-10-11,2024-10-11 14:55:00,0.52,False,0.9241362865581312,0.7801540077448816,-0.7039701864709813
2024-10-11,2024-10-11 14:56:00,0.52,True,0.9251093202916664,0.7795122965774857,-0.7017594041770436
2024-10-11,2024-10-11 14:57:00,0.52,True,0.9288043393933956,0.7804349767929426,-0.7075259359923043
2024-10-11,2024-10-11 14:58:00,0.52,False,0.928974582019362,0.7800481996490705,-0.6958040965596586
2024-10-11,2024-10-11 14:59:00,0.52,False,0.9250024758514116,0.7788734028296467,-0.6942352064473905
2024-10-11,2024-10-11 15:00:00,0.52,False,0.9157485125403548,0.7771329667455156,-0.6954917115652326
2024-10-11,2024-10-11 15:01:00,0.52,False,0.9095416935392326,0.7746287525182693,-0.6764542922188621
2024-10-11,2024-10-11 15:02:00,0.52,True,0.9096550828539368,0.7749883786718582,-0.6845835035363586
2024-10-11,2024-10-11 15:03:00,0.52,False,0.9130757325720392,0.7735368512969516,-0.6649617520169244
2024-10-11,2024-10-11 15:04:00,0.52,False,0.908577460391804,0.7724666822229247,-0.6490461476652798
2024-10-11,2024-10-11 15:05:00,0.52,False,0.9087192794264364,0.7719485571948319,-0.6380806366687932
2024-10-11,2024-10-11 15:06:00,0.52,False,0.9096344774756498,0.7731196987837152,-0.632770642451167
2024-10-11,2024-10-11 15:07:00,0.53,True,0.906175949149422,0.7727197377401848,-0.6308202953458288
2024-10-11,2024-10-11 15:08:00,0.53,False,0.905526910894096,0.7734697830763315,-0.6369893324469931
2024-10-11,2024-10-11 15:09:00,0.53,False,0.9017235966873978,0.7731692485597155,-0.6371727038397053
2024-10-11,2024-10-11 15:10:00,0.53,True,0.8983604232376425,0.7703600870638312,-0.6165704041702114
2024-10-11,2024-10-11 15:11:00,0.53,False,0.8969723978423776,0.7677651847001778,-0.5884682437417861
2024-10-11,2024-10-11 15:12:00,0.53,True,0.898778352452901,0.7685934674406694,-0.6020100287266894
2024-10-11,2024-10-11 15:13:00,0.53,False,0.8918887097891693,0.7662006578108538,-0.606947283761021
2024-10-11,2024-10-11 15:14:00,0.53,True,0.8885963053328096,0.7665074322738409,-0.6085368952266315
2024-10-11,2024-10-11 15:15:00,0.53,False,0.8955021604210243,0.7707830342235862,-0.6328901154065023
2024-10-11,2024-10-11 15:16:00,0.53,False,0.9021505087090492,0.7742378383741093,-0.6503814912343537
2024-10-11,2024-10-11 15:17:00,0.53,False,0.9067635012280644,0.7755677936177122,-0.6461789776476348
2024-10-11,2024-10-11 15:18:00,0.53,True,0.9040302252024288,0.7744957579974165,-0.6370221725794527
2024-10-11,2024-10-11 15:19:00,0.53,False,0.8992678619481046,0.772611848356554,-0.6216322451186833
2024-10-11,2024-10-11 15:20:00,0.53,False,0.8950744561667414,0.7721051641118379,-0.6172788045253557
2024-10-11,2024-10-11 15:21:00,0.53,False,0.8999279451641058,0.773622997721859,-0.6195369921250902
2024-10-11,2024-10-11 15:22:00,0.53,True,0.899212039295755,0.7726045817788902,-0.6097941132397326
2024-10-11,2024-10-11 15:23:00,0.53,False,0.8925657541432466,0.7700857466707811,-0.6035178887567512
2024-10-11,2024-10-11 15:24:00,0.53,False,0.8917730990447098,0.7688029468886354,-0.6011567973893148
2024-10-11,2024-10-11 15:25:00,0.53,False,0.8964819937491539,0.770966008355039,-0.6042540165420835
2024-10-11,2024-10-11 15:26:00,0.53,True,0.8964236994125915,0.772533692197888,-0.6111448501913206
2024-10-11,2024-10-11 15:27:00,0.53,False,0.9011859743936436,0.7754199010917122,-0.6362649284559108
2024-10-11,2024-10-11 15:28:00,0.53,False,0.8983455366302291,0.7738087109453957,-0.6344559287421592
2024-10-11,2024-10-11 15:29:00,0.53,False,0.8945488083106474,0.7708908072699843,-0.6211261710238183
2024-10-11,2024-10-11 15:30:00,0.53,True,0.889502627071171,0.7676267732387555,-0.6096721709384603
2024-10-11,2024-10-11 15:31:00,0.53,False,0.8921732411462948,0.7674074487230638,-0.6104711877932276
2024-10-11,2024-10-11 15:32:00,0.53,True,0.8963945730763703,0.7715886198611848,-0.6431450821608717
2024-10-11,2024-10-11 15:33:00,0.53,False,0.8939228092445783,0.7694663751875421,-0.6368960717156265
2024-10-11,2024-10-11 15:34:00,0.53,True,0.89454401490766,0.7665968901036304,-0.6109037770830803
2024-10-11,2024-10-11 15:35:00,0.53,False,0.8943691304225279,0.7659150903157647,-0.6094512040222901
2024-10-11,2024-10-11 15:36:00,0.53,False,0.8896147638443601,0.7645661260830234,-0.6056757732558875
2024-10-11,2024-10-11 15:37:00,0.53,False,0.8918544346877848,0.7625299418965339,-0.5759676953676292
2024-10-11,2024-10-11 15:38:00,0.53,True,0.9031142992652712,0.7674132799128299,-0.5985488317194725
2024-10-11,2024-10-11 15:40:00,0.53,False,0.9018832100863512,0.7645255903678683,-0.5776649100518445
2024-10-11,2024-10-11 15:41:00,0.53,False,0.8939822018573613,0.7621586244533447,-0.5789648595378427
2024-10-11,2024-10-11 15:42:00,0.53,False,0.8853023447014916,0.7577524278436372,-0.5555969348461116
2024-10-11,2024-10-11 15:43:00,0.53,True,0.8862828757350308,0.7590902224585585,-0.5638340955111321
2024-10-11,2024-10-11 15:44:00,0.53,False,0.8917296709820532,0.7625527730248415,-0.6045183038616253
2024-10-11,2024-10-11 15:45:00,0.53,False,0.8910977558546541,0.7622710000490189,-0.596592469443485
2024-10-11,2024-10-11 15:46:00,0.53,False,0.8942628904429537,0.7634288737740359,-0.5899649621010421
2024-10-11,2024-10-11 15:47:00,0.53,True,0.9002497955397695,0.7703323531738713,-0.6267534469530913
2024-10-11,2024-10-11 15:48:00,0.53,True,0.9018369569208172,0.7704829116713088,-0.6415294289374396
2024-10-11,2024-10-11 15:49:00,0.53,False,0.8914826437588237,0.7642496251710611,-0.5990861666668572
2024-10-11,2024-10-11 15:50:00,0.53,False,0.8851170239814898,0.7598589664911436,-0.5722847102389688
2024-10-11,2024-10-11 15:51:00,0.53,True,0.8677641671759191,0.7550984610966494,-0.541446423606732
2024-10-11,2024-10-11 15:52:00,0.53,False,0.8623741244262186,0.7522920745652284,-0.5185758086232126
2024-10-11,2024-10-11 15:53:00,0.52,True,0.8640863184375107,0.7521596056490837,-0.5197596114502461
2024-10-11,2024-10-11 15:54:00,0.52,False,0.8653142882631131,0.7499966906546802,-0.5148090581067495
2024-10-11,2024-10-11 15:55:00,0.52,False,0.866389493985696,0.7473239578228454,-0.4954361668597005
2024-10-11,2024-10-11 15:56:00,0.52,False,0.8698648838749641,0.743031100030086,-0.4509250757812437
2024-10-11,2024-10-11 15:57:00,0.525,True,0.863650749673403,0.7409372743861444,-0.4457401213972424
2024-10-11,2024-10-11 15:58:00,0.53,True,0.8670681263302553,0.7415708534133676,-0.4505835705908209
2024-10-11,2024-10-11 15:59:00,0.53,False,0.8769101876552772,0.7458591903175277,-0.4614633988272161
2024-10-11,2024-10-11 16:00:00,0.53,False,0.863400047407025,0.7414156614324645,-0.4480472959394196
2024-10-14,2024-10-14 09:31:00,0.54,True,0.7410185746507405,0.7076884211453037,-0.353271530697094
2024-10-14,2024-10-14 09:32:00,0.54,True,0.7132878073947613,0.6958887773471614,-0.2947587529270158
2024-10-14,2024-10-14 09:33:00,0.54,False,0.7084915568856179,0.6902143173404883,-0.2065988269115758
2024-10-14,2024-10-14 09:34:00,0.54,False,0.7126484007910094,0.6833864632051082,-0.154843262243364
2024-10-14,2024-10-14 09:35:00,0.54,True,0.7154481596880653,0.6818526319517713,-0.142869070813525
2024-10-14,2024-10-14 09:36:00,0.54,False,0.7021607018955675,0.6773387051412907,-0.0511724711182404
2024-10-14,2024-10-14 09:37:00,0.54,False,0.6742506905822215,0.6690802324340426,-0.0098539312648147
2024-10-14,2024-10-14 09:38:00,0.54,False,0.6867057865560006,0.6735356343921979,0.0026484408074916
2024-10-14,2024-10-14 09:39:00,0.54,False,0.6771644144085045,0.6665004962337894,0.0087436516091145
2024-10-14,2024-10-14 09:40:00,0.54,False,0.6734842138543683,0.6644283325208257,0.0319966082082488
2024-10-14,2024-10-14 09:41:00,0.54,True,0.6632044407666318,0.6598729051472556,0.0473688735721271
2024-10-14,2024-10-14 09:42:00,0.54,False,0.6711229324549645,0.6627446857352297,0.0371004988163305
2024-10-14,2024-10-14 09:43:00,0.54,False,0.6531708775811744,0.660265564923777,0.0087546813385248
2024-10-14,2024-10-14 09:44:00,0.54,False,0.6773796532254727,0.6726531643080724,-0.0620426772457105
2024-10-14,2024-10-14 09:45:00,0.54,True,0.7015601447862145,0.6801714442714036,-0.0566783623068646
2024-10-14,2024-10-14 09:46:00,0.54,False,0.6837393144268866,0.6764306485223043,-0.0125036251298241
2024-10-14,2024-10-14 09:47:00,0.54,True,0.6714947034234848,0.6718257407351669,-0.0490862920391863
2024-10-14,2024-10-14 09:48:00,0.54,True,0.6785774070277821,0.6714213763534753,-0.038491865587136
2024-10-14,2024-10-14 09:49:00,0.54,True,0.6863004386347002,0.6759571685599276,-0.0720682241139467
2024-10-14,2024-10-14 09:50:00,0.54,True,0.6878481861575212,0.6728313462641794,-0.0546237460569247
2024-10-14,2024-10-14 09:51:00,0.54,False,0.6693267413353716,0.6645042042091596,-0.0218178686018611
2024-10-14,2024-10-14 09:52:00,0.54,True,0.6669446891242763,0.6650453879543545,-0.0442866930130002
2024-10-14,2024-10-14 09:53:00,0.54,False,0.6490079398285423,0.6557221331918295,-0.002768625754889
2024-10-14,2024-10-14 09:54:00,0.54,True,0.641421301206396,0.6500887479534982,0.0401842151686817
2024-10-14,2024-10-14 09:55:00,0.54,True,0.647329613778845,0.6542863101320432,0.0360850151060205
2024-10-14,2024-10-14 09:56:00,0.54,True,0.6595140537116587,0.6590621163959157,0.0857198154884167
2024-10-14,2024-10-14 09:57:00,0.54,True,0.6256411561923085,0.6449914821778525,0.1649711356122855
2024-10-14,2024-10-14 09:58:00,0.54,True,0.6104674383766314,0.6389773562968891,0.1981380634959543
2024-10-14,2024-10-14 09:59:00,0.54,True,0.6101065011632245,0.6402068743307459,0.1871735232478579
2024-10-14,2024-10-14 10:00:00,0.54,False,0.6015087741580909,0.6365094300599066,0.215292733907556
2024-10-14,2024-10-14 10:01:00,0.54,True,0.5952743342861331,0.6340028414541157,0.1957889655964224
2024-10-14,2024-10-14 10:02:00,0.53,True,0.6063942188364957,0.6317853637123834,0.2180614742015403
2024-10-14,2024-10-14 10:03:00,0.53,False,0.6133168925678529,0.6347946629209659,0.2070084862411413
2024-10-14,2024-10-14 10:04:00,0.53,False,0.6318458595365173,0.648397774838051,0.1461003594038017
2024-10-14,2024-10-14 10:05:00,0.53,False,0.6385144405090458,0.6506481467891364,0.1340980197899756
2024-10-14,2024-10-14 10:06:00,0.54,True,0.6378756254322351,0.6538681879159327,0.1030794323138226
2024-10-14,2024-10-14 10:07:00,0.54,False,0.645208817403103,0.6561519199388924,0.0788681116192121
2024-10-14,2024-10-14 10:08:00,0.535,True,0.6321154719434273,0.6539374389157679,0.0637315940732408
2024-10-14,2024-10-14 10:09:00,0.54,True,0.6338870052041228,0.6506636323324373,0.0959418158802688
2024-10-14,2024-10-14 10:10:00,0.54,True,0.6360587665700285,0.6530520933170718,0.0783596377879035
2024-10-14,2024-10-14 10:11:00,0.54,True,0.6604665444082528,0.6616421792626894,0.0526301561040269
2024-10-14,2024-10-14 10:12:00,0.54,True,0.6601959372660363,0.6624674825103132,0.0319053958204095
2024-10-14,2024-10-14 10:13:00,0.54,True,0.6830172215530087,0.6741650752351555,-0.0577660774977432
2024-10-14,2024-10-14 10:14:00,0.54,False,0.6864104585184585,0.6728410584851872,-0.0406404245721733
2024-10-14,2024-10-14 10:15:00,0.54,True,0.6925435828613,0.6763277346521843,-0.0453873988161381
2024-10-14,2024-10-14 10:16:00,0.54,False,0.6868143346899187,0.6705830521091192,-0.0367814351374667
2024-10-14,2024-10-14 10:17:00,0.54,False,0.6967665278204872,0.6757951177303055,-0.0443230447518021
2024-10-14,2024-10-14 10:18:00,0.54,False,0.6906936125612013,0.6692108633479721,0.0208271267714219
2024-10-14,2024-10-14 10:19:00,0.54,False,0.6710987027523346,0.662890420049782,0.048905914637918
2024-10-14,2024-10-14 10:20:00,0.54,True,0.6855332397728475,0.6681358766217655,0.0154206391934771
2024-10-14,2024-10-14 10:21:00,0.54,False,0.6944635463178636,0.6742801279764354,0.0138953423018623
2024-10-14,2024-10-14 10:22:00,0.54,False,0.6951452630004769,0.6786747758117084,-0.0179958153704016
2024-10-14,2024-10-14 10:23:00,0.54,False,0.6923547381972045,0.6727390808700126,0.0054677012597848
2024-10-14,2024-10-14 10:24:00,0.54,True,0.7074985006693381,0.677829655363346,-0.0313368746926473
2024-10-14,2024-10-14 10:25:00,0.53,True,0.7053472207959844,0.677618399849031,-0.0427082503606915
2024-10-14,2024-10-14 10:26:00,0.54,True,0.691265567914487,0.6764858674796672,-0.0726126418642413
2024-10-14,2024-10-14 10:27:00,0.54,False,0.6896227235191226,0.6721557372226471,-0.0676295696299367
2024-10-14,2024-10-14 10:28:00,0.54,False,0.6768231850613701,0.6638656168693954,-0.0459901636678373
2024-10-14,2024-10-14 10:29:00,0.54,True,0.658136704083014,0.6586792279279469,-0.0489740800290192
2024-10-14,2024-10-14 10:30:00,0.54,False,0.6676357596484634,0.6656908180321691,-0.0925059251394431
2024-10-14,2024-10-14 10:31:00,0.54,True,0.6759473160767361,0.6681404706444721,-0.0716110507721054
2024-10-14,2024-10-14 10:32:00,0.53,True,0.6793690588679067,0.6645833974457078,-0.0293694456750996
2024-10-14,2024-10-14 10:33:00,0.53,False,0.6684659967783002,0.6596599543506696,-0.0288382919084022
2024-10-14,2024-10-14 10:34:00,0.54,True,0.6608677569989878,0.6547281528307568,-0.0023775438232115
2024-10-14,2024-10-14 10:35:00,0.54,True,0.658040485185103,0.6524484647536641,0.0185664240661024
2024-10-14,2024-10-14 10:36:00,0.54,False,0.6620868942875882,0.6534471032042628,0.0207794940128819
2024-10-14,2024-10-14 10:37:00,0.54,False,0.6494312374255689,0.6502618737731829,0.0286344145976272
2024-10-14,2024-10-14 10:38:00,0.54,False,0.6431712290545861,0.6469185008683035,0.0565036209581703
2024-10-14,2024-10-14 10:39:00,0.54,True,0.6498586596283147,0.6489902239176684,0.0586014291646661
2024-10-14,2024-10-14 10:40:00,0.54,True,0.6621621119666489,0.6513335628634612,0.0501398469584993
2024-10-14,2024-10-14 10:41:00,0.53,True,0.675612403611674,0.655689191975945,0.0284919223656581
2024-10-14,2024-10-14 10:42:00,0.54,True,0.6842564844410567,0.6609419129933882,0.0112916552964218
2024-10-14,2024-10-14 10:43:00,0.54,False,0.6840701710509727,0.6614425330493661,0.0175605112726537
2024-10-14,2024-10-14 10:44:00,0.54,True,0.6855451129429102,0.6621184609614806,0.0179913504646426
2024-10-14,2024-10-14 10:45:00,0.54,True,0.6940776061979547,0.6632308587977671,0.0092946395340534
2024-10-14,2024-10-14 10:46:00,0.54,False,0.6942170126714021,0.6626530440798968,0.0093780343336555
2024-10-14,2024-10-14 10:47:00,0.54,False,0.7018760823345667,0.66517812675981,-0.0060859337663667
2024-10-14,2024-10-14 10:48:00,0.54,False,0.6866558772002844,0.6587799031576121,-0.0068807454356157
2024-10-14,2024-10-14 10:49:00,0.54,True,0.6862208822172755,0.6593162455644227,-0.0086010336236699
2024-10-14,2024-10-14 10:50:00,0.54,False,0.7029045902088773,0.6670807088180635,-0.0323007014157358
2024-10-14,2024-10-14 10:51:00,0.54,False,0.7151165719441732,0.6725891022321042,-0.0580960762781658
2024-10-14,2024-10-14 10:52:00,0.54,False,0.7244194838745294,0.6753644164071443,-0.0800062448121393
2024-10-14,2024-10-14 10:53:00,0.54,True,0.742635525071667,0.6790859648605598,-0.0917156941603131
2024-10-14,2024-10-14 10:54:00,0.54,False,0.7326148803262599,0.6800299482254671,-0.1119996079783423
2024-10-14,2024-10-14 10:55:00,0.54,True,0.737225919091703,0.6821628660909476,-0.1114642761604076
2024-10-14,2024-10-14 10:56:00,0.54,False,0.7382227615062529,0.6827408841075661,-0.101756904638437
2024-10-14,2024-10-14 10:57:00,0.54,False,0.7316305402615515,0.6799545966909668,-0.1046445776463286
2024-10-14,2024-10-14 10:58:00,0.54,False,0.7364993449379056,0.6792414197184357,-0.0841213219209669
2024-10-14,2024-10-14 10:59:00,0.54,False,0.739021302915597,0.6763570519396107,-0.0569896078191373
2024-10-14,2024-10-14 11:00:00,0.54,True,0.743331140173303,0.6769099506169857,-0.0648000649221955
2024-10-14,2024-10-14 11:01:00,0.54,True,0.7342779946395193,0.6684119437619003,-0.0252681458363195
2024-10-14,2024-10-14 11:02:00,0.54,False,0.7549896412325285,0.6716782747485972,-0.004564131143535
2024-10-14,2024-10-14 11:03:00,0.54,False,0.7648526471840895,0.6766859960208366,-0.0673161512231444
2024-10-14,2024-10-14 11:04:00,0.54,False,0.766474981589941,0.6765309274430997,-0.0643758170979187
2024-10-14,2024-10-14 11:05:00,0.54,True,0.752827951157925,0.6758516903219838,-0.0888286039409189
2024-10-14,2024-10-14 11:06:00,0.54,True,0.7409269868539219,0.6727978679295799,-0.0729916059877249
2024-10-14,2024-10-14 11:07:00,0.54,True,0.7429024224442339,0.674271452934538,-0.0827474032013667
2024-10-14,2024-10-14 11:08:00,0.54,True,0.748599965953042,0.6762085119558594,-0.0894749157158114
2024-10-14,2024-10-14 11:09:00,0.54,False,0.739858059822978,0.6723689835757125,-0.0845453266993797
2024-10-14,2024-10-14 11:10:00,0.54,True,0.7376894187552792,0.6719784162417614,-0.0983456276772239
2024-10-14,2024-10-14 11:11:00,0.54,False,0.7498098539761056,0.678517914333991,-0.1171012095303815
2024-10-14,2024-10-14 11:12:00,0.535,True,0.7527841157861692,0.6789978751150471,-0.1234662252345351
2024-10-14,2024-10-14 11:13:00,0.54,True,0.7466685894683646,0.675749111182544,-0.1009870847708228
2024-10-14,2024-10-14 11:14:00,0.54,True,0.7334926925592821,0.6733911334102348,-0.0865026676552679
2024-10-14,2024-10-14 11:15:00,0.54,False,0.7308104969034425,0.6727343872116831,-0.0987489964464278
2024-10-14,2024-10-14 11:16:00,0.54,False,0.7350736054320511,0.674366420524499,-0.1061089426635882
2024-10-14,2024-10-14 11:17:00,0.54,False,0.7405965070956825,0.6741018966676,-0.0935926391158739
2024-10-14,2024-10-14 11:18:00,0.54,False,0.7404733602863992,0.6752963907788112,-0.102249289023406
2024-10-14,2024-10-14 11:19:00,0.54,False,0.7349380966246636,0.6745691438632673,-0.0950013723732077
2024-10-14,2024-10-14 11:20:00,0.54,False,0.7358269542894698,0.6718680074858157,-0.0519542147043737
2024-10-14,2024-10-14 11:21:00,0.54,False,0.7376281241570282,0.6725003605836684,-0.0560942537399212
2024-10-14,2024-10-14 11:22:00,0.54,True,0.7337237239102367,0.6723392115152743,-0.0527901833084563
2024-10-14,2024-10-14 11:23:00,0.54,False,0.7203801593656323,0.6673184820196816,-0.0243564824373958
2024-10-14,2024-10-14 11:24:00,0.54,True,0.7102282808173868,0.6650419362230544,-0.0288471701717092
2024-10-14,2024-10-14 11:25:00,0.54,False,0.7206763449060889,0.6663516817388652,-0.0051349355385915
2024-10-14,2024-10-14 11:26:00,0.54,False,0.7328008994538235,0.6700173210870166,-0.0153327684943242
2024-10-14,2024-10-14 11:27:00,0.54,False,0.7372509763195783,0.6710971090563315,-0.019108355603332
2024-10-14,2024-10-14 11:28:00,0.54,True,0.7447372139855175,0.6737380499842897,-0.0246402243693988
2024-10-14,2024-10-14 11:29:00,0.54,False,0.7648279082788865,0.6787678235365425,-0.0252005827466492
2024-10-14,2024-10-14 11:30:00,0.54,False,0.7635012930962445,0.6796527539469218,-0.0372652798349073
2024-10-14,2024-10-14 11:31:00,0.54,True,0.7750312809334127,0.6802485582652313,-0.0291099424486556
2024-10-14,2024-10-14 11:32:00,0.54,True,0.7720342653677144,0.6788343740221654,-0.0355410616688505
2024-10-14,2024-10-14 11:33:00,0.54,True,0.7447334855901654,0.6715836244756481,-0.0449487845841092
2024-10-14,2024-10-14 11:34:00,0.54,False,0.7231965044249281,0.664086789902637,-0.0262697816262244
2024-10-14,2024-10-14 11:35:00,0.54,False,0.7204831562900817,0.6620077142775859,-0.016441853026644
2024-10-14,2024-10-14 11:36:00,0.54,True,0.7108105965481817,0.659078703258913,-0.0085737770474082
2024-10-14,2024-10-14 11:37:00,0.54,False,0.711187849476187,0.6562277997823399,0.0082722182980325
2024-10-14,2024-10-14 11:38:00,0.54,False,0.7054175827538307,0.6547903288179882,0.0084484250712229
2024-10-14,2024-10-14 11:39:00,0.54,False,0.7121189513725168,0.6547280694582418,0.0078464213869459
2024-10-14,2024-10-14 11:40:00,0.54,False,0.714002255424052,0.6544450817839084,0.0180803116917386
2024-10-14,2024-10-14 11:41:00,0.54,False,0.7168476481379362,0.6547484549213606,0.0202934997730609
2024-10-14,2024-10-14 11:42:00,0.54,False,0.7195785033682314,0.6554304225439893,0.0146002744666263
2024-10-14,2024-10-14 11:43:00,0.54,True,0.7181997461530973,0.6570037710877399,0.0180200128880379
2024-10-14,2024-10-14 11:44:00,0.54,True,0.7252447553489855,0.6581290552083539,0.0190023976482437
2024-10-14,2024-10-14 11:45:00,0.54,True,0.7261535453981492,0.6568761843299655,0.0181006767519845
2024-10-14,2024-10-14 11:46:00,0.54,False,0.7198691909203565,0.6557420416070134,0.0121512427561473
2024-10-14,2024-10-14 11:47:00,0.54,True,0.7069839889941629,0.651609625727057,0.029413530067734
2024-10-14,2024-10-14 11:48:00,0.54,True,0.7025010073362106,0.6502653482398313,0.0273880932624098
2024-10-14,2024-10-14 11:49:00,0.54,True,0.692973205030658,0.6488908813410585,0.0246999579203821
2024-10-14,2024-10-14 11:50:00,0.54,False,0.6968005635945991,0.6498035618832633,0.0445642720661569
2024-10-14,2024-10-14 11:51:00,0.54,True,0.6873780118998793,0.645823504503064,0.0764220798084299
2024-10-14,2024-10-14 11:52:00,0.54,True,0.6877160557010908,0.6482643557140224,0.074317844978595
2024-10-14,2024-10-14 11:53:00,0.54,False,0.6976645859329178,0.6505629440749015,0.0444112548392026
2024-10-14,2024-10-14 11:54:00,0.54,True,0.7079946959274814,0.6538072285307007,0.0348672504757154
2024-10-14,2024-10-14 11:55:00,0.54,False,0.7093694933397963,0.6526947710229416,0.0623774809899894
2024-10-14,2024-10-14 11:56:00,0.54,True,0.7073504154089082,0.6524825540205559,0.0864140170834862
2024-10-14,2024-10-14 11:57:00,0.53,True,0.7102023433467313,0.6546368991293158,0.0854983093053383
2024-10-14,2024-10-14 11:58:00,0.53,True,0.7057296072424435,0.6515250319317408,0.1063697833312278
2024-10-14,2024-10-14 11:59:00,0.53,False,0.7073975586860826,0.6537752522701572,0.0844347955950041
2024-10-14,2024-10-14 12:00:00,0.53,False,0.7092702271510458,0.6559937809092075,0.0731890909740792
2024-10-14,2024-10-14 12:01:00,0.53,False,0.7025307279431784,0.6551971254019155,0.076193261493517
2024-10-14,2024-10-14 12:02:00,0.53,False,0.7063306340505602,0.6570505702825835,0.0867044735287669
2024-10-14,2024-10-14 12:03:00,0.535,True,0.7033841380209409,0.6564603668771686,0.0916953477156553
2024-10-14,2024-10-14 12:04:00,0.54,True,0.6953987319452325,0.6527312576277657,0.1113619299207743
2024-10-14,2024-10-14 12:05:00,0.54,False,0.6943278807523008,0.6541646583432854,0.103062722666906
2024-10-14,2024-10-14 12:06:00,0.54,False,0.6977840478963856,0.6574960083973063,0.0893100300275704
2024-10-14,2024-10-14 12:07:00,0.54,False,0.7049298833045541,0.6600039010438963,0.066322229816724
2024-10-14,2024-10-14 12:08:00,0.54,True,0.7094859737854082,0.6622174791826245,0.0641804815693905
2024-10-14,2024-10-14 12:09:00,0.54,True,0.709606369970624,0.6607809697753497,0.0720031389972636
2024-10-14,2024-10-14 12:10:00,0.54,True,0.7018669135867166,0.6606256033021518,0.0509683909778365
2024-10-14,2024-10-14 12:11:00,0.54,True,0.6978364366752448,0.6596324336126338,0.0547107270979049
2024-10-14,2024-10-14 12:12:00,0.54,False,0.7023572083727232,0.659978105168721,0.0572556040966146
2024-10-14,2024-10-14 12:13:00,0.54,False,0.7119252945898901,0.6624782106635085,0.0573057512129578
2024-10-14,2024-10-14 12:14:00,0.54,True,0.7154724547849811,0.6637788926820095,0.049138218823182
2024-10-14,2024-10-14 12:15:00,0.54,False,0.7178764228464329,0.6658499629049879,0.0348692907690753
2024-10-14,2024-10-14 12:16:00,0.54,False,0.7155136150015304,0.6640254257665366,0.0502974090113465
2024-10-14,2024-10-14 12:17:00,0.54,False,0.7232441634864211,0.6649867624127129,0.078850601626579
2024-10-14,2024-10-14 12:18:00,0.54,False,0.7100911456724525,0.6614544344940696,0.0863341709098563
2024-10-14,2024-10-14 12:19:00,0.54,False,0.7014751716868504,0.6610608716379677,0.0709124343205985
2024-10-14,2024-10-14 12:20:00,0.54,True,0.6950723316774886,0.6581355056950979,0.0741197479458859
2024-10-14,2024-10-14 12:21:00,0.54,True,0.6945929852817294,0.6575984154584585,0.0749271268407001
2024-10-14,2024-10-14 12:22:00,0.54,True,0.6980503127475404,0.6600583219906635,0.0533471605544005
2024-10-14,2024-10-14 12:23:00,0.54,False,0.6911039137808559,0.6578633354873828,0.0548224147641443
2024-10-14,2024-10-14 12:24:00,0.54,True,0.6871263164162713,0.655533344743179,0.0710235441670973
2024-10-14,2024-10-14 12:25:00,0.54,False,0.6853998743090781,0.654503655992462,0.082722681061403
2024-10-14,2024-10-14 12:26:00,0.54,True,0.6811535675648758,0.6532417797536594,0.0929990059955321
2024-10-14,2024-10-14 12:27:00,0.535,True,0.6775008508826765,0.6516911086766694,0.1223448500182438
2024-10-14,2024-10-14 12:28:00,0.535,False,0.6804785032048895,0.653096008854772,0.1058696110590717
2024-10-14,2024-10-14 12:29:00,0.54,True,0.6789254219643398,0.6486443853594046,0.1180386241966618
2024-10-14,2024-10-14 12:30:00,0.54,True,0.6774690936824215,0.6478057580389514,0.1156151076681115
2024-10-14,2024-10-14 12:31:00,0.54,True,0.6704983404091954,0.6459942704288768,0.1150299716611019
2024-10-14,2024-10-14 12:32:00,0.54,False,0.6711799389935555,0.6466835426659021,0.1320902943622762
2024-10-14,2024-10-14 12:33:00,0.54,False,0.6737496825798002,0.6472519441068225,0.1213990348566451
2024-10-14,2024-10-14 12:34:00,0.54,False,0.6751662605686011,0.6476427327917375,0.1184424865247213
2024-10-14,2024-10-14 12:35:00,0.54,False,0.67830515179798,0.6475752609997291,0.1240334927448291
2024-10-14,2024-10-14 12:36:00,0.54,True,0.690335823513653,0.6528912886355384,0.0995131418312749
2024-10-14,2024-10-14 12:37:00,0.54,True,0.6853626797324944,0.6516522514376651,0.0971004852782178
2024-10-14,2024-10-14 12:38:00,0.54,False,0.6895067285292281,0.6531389742437173,0.0982764194770329
2024-10-14,2024-10-14 12:39:00,0.54,True,0.6925794858943001,0.6546099142169886,0.0917307912488672
2024-10-14,2024-10-14 12:40:00,0.54,False,0.6905828611826147,0.6537524397659882,0.101514509234396
2024-10-14,2024-10-14 12:41:00,0.54,False,0.689503240531256,0.6533271266171151,0.1007268980549681
2024-10-14,2024-10-14 12:42:00,0.54,False,0.6931727143044053,0.6543391054588953,0.0789285308324909
2024-10-14,2024-10-14 12:43:00,0.54,False,0.6993417294006219,0.6572823696235373,0.0599474916315597
2024-10-14,2024-10-14 12:44:00,0.54,True,0.7094490500473641,0.6595489809164672,0.0600587771241817
2024-10-14,2024-10-14 12:45:00,0.54,False,0.7003118973345119,0.6550790105504025,0.0871861530476989
2024-10-14,2024-10-14 12:46:00,0.54,True,0.6998357555026927,0.6548058545853122,0.096164331493043
2024-10-14,2024-10-14 12:47:00,0.54,False,0.6955720818117409,0.6536239256629264,0.0874984146324042
2024-10-14,2024-10-14 12:48:00,0.54,True,0.6981206999796097,0.6553036929857603,0.0712334927404939
2024-10-14,2024-10-14 12:49:00,0.54,True,0.6995994589051486,0.656188619547699,0.0538627024898801
2024-10-14,2024-10-14 12:50:00,0.54,True,0.6971586775659683,0.6541451554066788,0.0719847796661177
2024-10-14,2024-10-14 12:51:00,0.54,False,0.6976251041369453,0.6522414673637946,0.0848386384535833
2024-10-14,2024-10-14 12:52:00,0.54,False,0.6959720026630837,0.65052709441387,0.0992604510895777
2024-10-14,2024-10-14 12:53:00,0.54,True,0.688935102403962,0.6446738596527792,0.1313234267624067
2024-10-14,2024-10-14 12:54:00,0.54,False,0.692361858819158,0.6465792479267947,0.1248050787593091
2024-10-14,2024-10-14 12:55:00,0.54,False,0.6967347609243241,0.6484763671839304,0.1074784832724515
2024-10-14,2024-10-14 12:56:00,0.53,True,0.6974259274782044,0.6473711449221494,0.114813486862006
2024-10-14,2024-10-14 12:57:00,0.53,False,0.7114027768048092,0.6511083605250113,0.1125651931186124
2024-10-14,2024-10-14 12:58:00,0.54,True,0.7080216940888289,0.6493810038065241,0.1181935267415852
2024-10-14,2024-10-14 12:59:00,0.54,False,0.7029089364092476,0.6468786159920439,0.1339394968551943
2024-10-14,2024-10-14 13:00:00,0.54,True,0.701026443757424,0.6474696819480021,0.1247811481951919
2024-10-14,2024-10-14 13:01:00,0.54,False,0.6898458275530314,0.6414165140571871,0.1553603883498935
2024-10-14,2024-10-14 13:02:00,0.54,False,0.6916968121926692,0.6423036849254923,0.1509978212608104
2024-10-14,2024-10-14 13:03:00,0.54,True,0.6856086227465922,0.6402526159710911,0.1590513319813437
2024-10-14,2024-10-14 13:04:00,0.54,False,0.6810550183532749,0.6388013040343731,0.1584136134220611
2024-10-14,2024-10-14 13:05:00,0.54,True,0.6807512673226069,0.6417064280985094,0.1445550027546117
2024-10-14,2024-10-14 13:06:00,0.54,False,0.6824074930334034,0.6423770664110285,0.1510557077878928
2024-10-14,2024-10-14 13:07:00,0.54,False,0.6815627084280782,0.6427974753086719,0.1480869858169112
2024-10-14,2024-10-14 13:08:00,0.54,True,0.6840604542962706,0.6414066741600041,0.1536187559955446
2024-10-14,2024-10-14 13:09:00,0.54,False,0.6863405314774924,0.6424258255959978,0.163839394529126
2024-10-14,2024-10-14 13:10:00,0.54,False,0.6850284573400344,0.6412350852075024,0.1659700468518347
2024-10-14,2024-10-14 13:11:00,0.54,True,0.688490569935487,0.6422663125069499,0.1532134514387768
2024-10-14,2024-10-14 13:12:00,0.54,False,0.690623358644445,0.6418299226051691,0.1526326579897575
2024-10-14,2024-10-14 13:13:00,0.54,False,0.693243532943802,0.6441449106614349,0.143246611619758
2024-10-14,2024-10-14 13:14:00,0.54,False,0.6892222249273442,0.6424090950182907,0.1386917907168793
2024-10-14,2024-10-14 13:15:00,0.54,False,0.691465937042473,0.6449933331321885,0.1071496821694699
2024-10-14,2024-10-14 13:16:00,0.54,True,0.6909664893757228,0.6485056294001925,0.0512403508620381
2024-10-14,2024-10-14 13:17:00,0.54,False,0.6969351925261755,0.6494934619022138,0.0473568911124073
2024-10-14,2024-10-14 13:18:00,0.54,True,0.6994561962390913,0.6507949214672726,0.051600026169262
2024-10-14,2024-10-14 13:19:00,0.54,False,0.6982511758513146,0.6503972495472949,0.0681800956645647
2024-10-14,2024-10-14 13:20:00,0.54,False,0.699147162102951,0.6501192083738443,0.0802570766164888
2024-10-14,2024-10-14 13:21:00,0.54,False,0.690759176634494,0.646918760231433,0.0923852981417758
2024-10-14,2024-10-14 13:22:00,0.54,False,0.6917933981543407,0.6495023547090836,0.0802435685678071
2024-10-14,2024-10-14 13:23:00,0.54,True,0.6931421804265155,0.6493973645955609,0.0976470494406199
2024-10-14,2024-10-14 13:24:00,0.54,True,0.6863600628452396,0.6494847948472801,0.097968839062654
2024-10-14,2024-10-14 13:25:00,0.54,True,0.6789656870422234,0.6473650817908949,0.1124495278790078
2024-10-14,2024-10-14 13:26:00,0.54,True,0.6798843732945488,0.6465740688250459,0.112707844678442
2024-10-14,2024-10-14 13:27:00,0.54,True,0.6750280262456323,0.645537773205478,0.1163551522679979
2024-10-14,2024-10-14 13:28:00,0.54,True,0.6811646913028842,0.6478964929791557,0.1063904444814322
2024-10-14,2024-10-14 13:29:00,0.54,False,0.692958471528345,0.6526877948594493,0.0931680094646594
2024-10-14,2024-10-14 13:30:00,0.54,False,0.6973135350619839,0.6535102909879646,0.1052097719049696
2024-10-14,2024-10-14 13:31:00,0.54,False,0.6963918044290311,0.6542112899704016,0.1045276664316016
2024-10-14,2024-10-14 13:32:00,0.54,False,0.6864384896131197,0.6499490458534168,0.117063468805523
2024-10-14,2024-10-14 13:33:00,0.54,False,0.6844087296175012,0.6478811160054646,0.1267301845071526
2024-10-14,2024-10-14 13:34:00,0.54,True,0.6898382904200187,0.6492325822211963,0.1222237687470936
2024-10-14,2024-10-14 13:35:00,0.54,True,0.6903711142454352,0.6491055297115454,0.1248103524893533
2024-10-14,2024-10-14 13:36:00,0.54,False,0.6891786386838322,0.6501512734940047,0.1044444095864772
2024-10-14,2024-10-14 13:37:00,0.54,False,0.6868265140159135,0.6492780330079693,0.0935687159094875
2024-10-14,2024-10-14 13:38:00,0.54,True,0.686639253708743,0.6511373992027613,0.0738440898578348
2024-10-14,2024-10-14 13:39:00,0.54,True,0.6882813231905369,0.6525707812423773,0.0686453921006067
2024-10-14,2024-10-14 13:40:00,0.54,False,0.6906023238449606,0.6550383094043364,0.0659513552452148
2024-10-14,2024-10-14 13:41:00,0.54,False,0.6888961062200365,0.6537350657855756,0.0794258252045676
2024-10-14,2024-10-14 13:42:00,0.54,True,0.695069347391605,0.6556416001054077,0.0724326495985376
2024-10-14,2024-10-14 13:43:00,0.54,True,0.6970845987170577,0.6569376664017833,0.0590988127701975
2024-10-14,2024-10-14 13:44:00,0.54,False,0.69425067093309,0.6539529729175724,0.0762420681447468
2024-10-14,2024-10-14 13:45:00,0.54,False,0.6908587743958741,0.652749104756467,0.0834163465776938
2024-10-14,2024-10-14 13:46:00,0.54,False,0.6888306827417487,0.6519321347487973,0.0911009327130926
2024-10-14,2024-10-14 13:47:00,0.54,False,0.7009545868254896,0.654179973372261,0.0976587946612445
2024-10-14,2024-10-14 13:48:00,0.54,True,0.7017697468662559,0.6546389309281386,0.0943237692999662
2024-10-14,2024-10-14 13:49:00,0.54,True,0.6986521122430157,0.6524081472615035,0.11283155607305
2024-10-14,2024-10-14 13:50:00,0.54,True,0.6964863980577225,0.6526161894844255,0.1175142125066466
2024-10-14,2024-10-14 13:51:00,0.54,True,0.6966875919659683,0.652190598072934,0.1155199535798933
2024-10-14,2024-10-14 13:52:00,0.54,True,0.69868065758688,0.6519377535753712,0.1320587134609594
2024-10-14,2024-10-14 13:53:00,0.54,True,0.6955159261729871,0.6514727773501918,0.1348395215301542
2024-10-14,2024-10-14 13:54:00,0.54,False,0.695828741853358,0.6520161556414021,0.1281171022095046
2024-10-14,2024-10-14 13:55:00,0.54,True,0.6955552731393101,0.6525599100180758,0.1167080632220268
2024-10-14,2024-10-14 13:56:00,0.54,False,0.6970527395122814,0.6540654026525392,0.1059036413422466
2024-10-14,2024-10-14 13:57:00,0.54,False,0.6949526985462197,0.6540630166578356,0.1116089935772309
2024-10-14,2024-10-14 13:58:00,0.54,True,0.6938616517270657,0.654168656760439,0.1116017322904403
2024-10-14,2024-10-14 13:59:00,0.54,False,0.690965706964793,0.6524881490837133,0.1142042005096631
2024-10-14,2024-10-14 14:00:00,0.54,False,0.6892009373981008,0.6521161148421792,0.1095321757044147
2024-10-14,2024-10-14 14:01:00,0.54,True,0.690947538920196,0.6518043025776181,0.1139574871391245
2024-10-14,2024-10-14 14:02:00,0.54,False,0.6860125082042067,0.6490213397486011,0.1316674358705321
2024-10-14,2024-10-14 14:03:00,0.54,True,0.6819227575403113,0.6483061184225078,0.1218119922419307
2024-10-14,2024-10-14 14:04:00,0.54,True,0.6880618267028099,0.6496843418799734,0.1141393128982174
2024-10-14,2024-10-14 14:05:00,0.54,True,0.6963257491112447,0.6546891080607878,0.0894308435293553
2024-10-14,2024-10-14 14:06:00,0.535,True,0.6948567487107142,0.6544388918055543,0.0884113999403121
2024-10-14,2024-10-14 14:07:00,0.54,True,0.6898425656877724,0.65202361501368,0.1008391727430867
2024-10-14,2024-10-14 14:08:00,0.54,True,0.6861356096950677,0.6504746600674703,0.0985853877543733
2024-10-14,2024-10-14 14:09:00,0.54,True,0.6867231381139631,0.6501058504474012,0.0948538056093469
2024-10-14,2024-10-14 14:10:00,0.54,True,0.6936289280818757,0.6513250143561952,0.086707579895626
2024-10-14,2024-10-14 14:11:00,0.54,True,0.6921840699594578,0.6499795434081068,0.0867204611939352
2024-10-14,2024-10-14 14:12:00,0.54,False,0.6906832288350166,0.6490535465293418,0.0961251815985644
2024-10-14,2024-10-14 14:13:00,0.54,True,0.6958194357199525,0.6549433642527193,0.0444155667042007
2024-10-14,2024-10-14 14:14:00,0.54,True,0.6970768302538741,0.6575324965518666,0.0172009957266998
2024-10-14,2024-10-14 14:15:00,0.54,True,0.6958695745140911,0.6583322538495495,0.0039503870781085
2024-10-14,2024-10-14 14:16:00,0.54,False,0.6966013027207164,0.6593651213088996,-0.0140633712720071
2024-10-14,2024-10-14 14:17:00,0.535,True,0.6980663849185839,0.6590995594840626,-0.007594019964317
2024-10-14,2024-10-14 14:18:00,0.54,True,0.6963404503083777,0.6569165038876033,0.0229364884276871
2024-10-14,2024-10-14 14:19:00,0.54,False,0.6903694028434603,0.654522095437871,0.0430374619374198
2024-10-14,2024-10-14 14:20:00,0.54,True,0.6944519572212926,0.6562624384057376,0.0223130658333441
2024-10-14,2024-10-14 14:21:00,0.54,True,0.6982387250354516,0.6577931126123747,0.0158446285580616
2024-10-14,2024-10-14 14:22:00,0.54,True,0.6989714374654732,0.6586020309939637,0.0138464856563585
2024-10-14,2024-10-14 14:23:00,0.54,True,0.7012663323522976,0.657707692231194,0.0312212577607121
2024-10-14,2024-10-14 14:24:00,0.54,True,0.7001326644104187,0.6551847136335944,0.0492036426612632
2024-10-14,2024-10-14 14:25:00,0.54,True,0.703830447497525,0.6551459914304731,0.051916095576397
2024-10-14,2024-10-14 14:26:00,0.535,True,0.7014031305320281,0.6530028031939704,0.0589127797172488
2024-10-14,2024-10-14 14:27:00,0.54,True,0.6992200549427023,0.6523908410475592,0.048944817208937
2024-10-14,2024-10-14 14:28:00,0.54,True,0.6920332549134787,0.6506771909843673,0.0620765051149664
2024-10-14,2024-10-14 14:29:00,0.54,False,0.6769811698362106,0.6456030952823953,0.0917588824353543
2024-10-14,2024-10-14 14:30:00,0.54,True,0.6803189498138853,0.6473792801213326,0.0755778378439894
2024-10-14,2024-10-14 14:31:00,0.54,False,0.6839055989459444,0.6494967844444604,0.0563438098435601
2024-10-14,2024-10-14 14:32:00,0.54,False,0.6850713644285029,0.6496468864048375,0.0568367521007515
2024-10-14,2024-10-14 14:33:00,0.54,False,0.6878501873490256,0.6510169532881261,0.0603893837574117
2024-10-14,2024-10-14 14:34:00,0.54,True,0.6871003708796074,0.6504889467322699,0.0656849615889429
2024-10-14,2024-10-14 14:35:00,0.54,True,0.6897352572299816,0.6519062500249369,0.0628873909225019
2024-10-14,2024-10-14 14:36:00,0.54,True,0.6907620628144244,0.6517246453846446,0.056831984815668
2024-10-14,2024-10-14 14:37:00,0.54,False,0.6823122597955164,0.6476916256879346,0.0816055341530064
2024-10-14,2024-10-14 14:38:00,0.54,False,0.6785048627807819,0.6464001324692458,0.0892639748768453
2024-10-14,2024-10-14 14:39:00,0.54,True,0.6786128878350378,0.6466085993333502,0.0829892802006408
2024-10-14,2024-10-14 14:40:00,0.54,True,0.6746181527431641,0.6450783702568662,0.0842618679528253
2024-10-14,2024-10-14 14:41:00,0.54,False,0.6738085698929077,0.6468487924065387,0.0701973698414051
2024-10-14,2024-10-14 14:42:00,0.54,True,0.6659118745620294,0.6446934219618045,0.0633074765051817
2024-10-14,2024-10-14 14:43:00,0.54,True,0.6658219051066351,0.6455676869729562,0.0610518667171192
2024-10-14,2024-10-14 14:44:00,0.54,False,0.6713371835677984,0.6486484391100704,0.0509662765886246
2024-10-14,2024-10-14 14:45:00,0.54,False,0.6712420330499338,0.6486702276252416,0.0428425409225174
2024-10-14,2024-10-14 14:46:00,0.54,False,0.6759345275800344,0.6517763784247532,0.0202608222908413
2024-10-14,2024-10-14 14:47:00,0.54,False,0.6722645710598876,0.6498675461191596,0.0234568984619988
2024-10-14,2024-10-14 14:48:00,0.54,False,0.6650284742416811,0.6467232558707666,0.0343445317183205
2024-10-14,2024-10-14 14:49:00,0.54,False,0.6667741477296695,0.6479916161889363,0.020560534186061
2024-10-14,2024-10-14 14:50:00,0.54,False,0.6598860579338509,0.6438798506481495,0.0471787391940695
2024-10-14,2024-10-14 14:51:00,0.54,True,0.6570219922189213,0.6419223991048313,0.0624054932597065
2024-10-14,2024-10-14 14:52:00,0.54,True,0.6555173830088692,0.6407787491303004,0.0776463545850276
2024-10-14,2024-10-14 14:53:00,0.54,True,0.660164034118624,0.6421431335853887,0.073811217822393
2024-10-14,2024-10-14 14:54:00,0.54,False,0.6561319307545687,0.6385310471182182,0.0947085174979426
2024-10-14,2024-10-14 14:55:00,0.54,True,0.6542487888965354,0.6375623112376976,0.1084271797583806
2024-10-14,2024-10-14 14:56:00,0.54,False,0.6478288044305367,0.6352140495010379,0.107429909081589
2024-10-14,2024-10-14 14:57:00,0.54,False,0.6536529381630162,0.6381028537201241,0.0914946592469911
2024-10-14,2024-10-14 14:58:00,0.54,False,0.6552527069235948,0.638802311084375,0.0909404193231234
2024-10-14,2024-10-14 14:59:00,0.53,True,0.6571592214252366,0.6393911292136893,0.0914556042764333
2024-10-14,2024-10-14 15:00:00,0.53,False,0.6583651433631972,0.6389791926271511,0.0987775660753118
2024-10-14,2024-10-14 15:01:00,0.53,False,0.6579492774988179,0.6367225445653528,0.1092937097854901
2024-10-14,2024-10-14 15:02:00,0.54,True,0.6560802064265072,0.6353926839095232,0.115325492757645
2024-10-14,2024-10-14 15:03:00,0.54,False,0.6501199457516551,0.632429073779754,0.1168374668820512
2024-10-14,2024-10-14 15:04:00,0.54,True,0.6451198404339002,0.6282556406304055,0.1297550598326716
2024-10-14,2024-10-14 15:05:00,0.54,False,0.6480346945127343,0.6285952122802647,0.1213473355391266
2024-10-14,2024-10-14 15:06:00,0.54,False,0.6538751292795064,0.6303888641543971,0.1233366168543931
2024-10-14,2024-10-14 15:07:00,0.54,False,0.6523324179081988,0.6296402603608195,0.126411043775669
2024-10-14,2024-10-14 15:08:00,0.54,True,0.6460783937228634,0.6282911519567177,0.130073523807198
2024-10-14,2024-10-14 15:09:00,0.53,True,0.6430195017307285,0.6292038389363976,0.1260724216091524
2024-10-14,2024-10-14 15:10:00,0.53,False,0.6392699373304882,0.6257870648748529,0.1618686845037603
2024-10-14,2024-10-14 15:11:00,0.53,False,0.6362230279317319,0.6238790023161156,0.1680193444095579
2024-10-14,2024-10-14 15:12:00,0.53,False,0.640065156398361,0.6281550789183421,0.1397951930320823
2024-10-14,2024-10-14 15:13:00,0.53,False,0.6397617849669712,0.6281836996404118,0.1516042676438668
2024-10-14,2024-10-14 15:14:00,0.53,False,0.6427314621255233,0.6301454592960101,0.1411093980073846
2024-10-14,2024-10-14 15:15:00,0.53,False,0.6326560404586654,0.6279009350656535,0.146356597021705
2024-10-14,2024-10-14 15:16:00,0.54,True,0.6289274033406306,0.625450653609511,0.1559048963779236
2024-10-14,2024-10-14 15:17:00,0.54,False,0.6270239651841816,0.6251628594825962,0.1609652441300774
2024-10-14,2024-10-14 15:18:00,0.54,True,0.6226267300840518,0.6231196051578237,0.1762087596621124
2024-10-14,2024-10-14 15:19:00,0.54,True,0.6138168821716452,0.6202582233599054,0.1820053241655718
2024-10-14,2024-10-14 15:20:00,0.54,True,0.6100965275401922,0.6191490597909423,0.1867318674410098
2024-10-14,2024-10-14 15:21:00,0.54,True,0.6029082053565723,0.6167202205091642,0.1992023911697396
2024-10-14,2024-10-14 15:22:00,0.54,True,0.6009784789185963,0.6158494439006773,0.2006403214239624
2024-10-14,2024-10-14 15:23:00,0.54,False,0.6052534952127586,0.6160075832391241,0.1975048379496413
2024-10-14,2024-10-14 15:24:00,0.54,False,0.5972741194316235,0.6120646397169012,0.2176724985628282
2024-10-14,2024-10-14 15:25:00,0.54,True,0.6039852966157291,0.6144407374729646,0.197952428711206
2024-10-14,2024-10-14 15:26:00,0.54,False,0.6125376933010536,0.6178875856325845,0.2032719479165187
2024-10-14,2024-10-14 15:27:00,0.54,True,0.6165872798315328,0.6199473068629597,0.2002258203193352
2024-10-14,2024-10-14 15:28:00,0.54,False,0.6151376671282496,0.6185581742985119,0.1972085807107235
2024-10-14,2024-10-14 15:29:00,0.54,True,0.6141419337776495,0.6178271888075668,0.1866041682432862
2024-10-14,2024-10-14 15:30:00,0.54,True,0.6137910278294382,0.6192407845975376,0.1728481390552919
2024-10-14,2024-10-14 15:31:00,0.54,True,0.618613705800006,0.62034063512074,0.1630560628696083
2024-10-14,2024-10-14 15:32:00,0.54,False,0.618325595862304,0.6214938229951775,0.1496767635774333
2024-10-14,2024-10-14 15:33:00,0.54,False,0.6175573573344016,0.622261033240179,0.1492762083084646
2024-10-14,2024-10-14 15:34:00,0.54,False,0.6185693826949659,0.6228796479398617,0.1451178650043394
2024-10-14,2024-10-14 15:35:00,0.54,False,0.6208384633814241,0.6233540534054334,0.1547646525667344
2024-10-14,2024-10-14 15:36:00,0.54,True,0.6196013229788566,0.6231180733666534,0.1702883285137731
2024-10-14,2024-10-14 15:37:00,0.54,True,0.6162439316695734,0.6225242915033319,0.1600653733125499
2024-10-14,2024-10-14 15:38:00,0.54,False,0.6145558207317143,0.6216884568969787,0.1667123845121673
2024-10-14,2024-10-14 15:39:00,0.54,True,0.6204646197404257,0.6229791858447986,0.1671845489223699
2024-10-14,2024-10-14 15:40:00,0.54,False,0.6275907557449196,0.6243115728739905,0.1726902649462007
2024-10-14,2024-10-14 15:41:00,0.54,True,0.6379253221759335,0.6301015893234264,0.1612437606020574
2024-10-14,2024-10-14 15:42:00,0.54,False,0.6383899140391918,0.6292043400665707,0.1662613786094462
2024-10-14,2024-10-14 15:43:00,0.54,False,0.6396854008761333,0.6300348599036124,0.1484794242392009
2024-10-14,2024-10-14 15:44:00,0.54,False,0.6485690553095548,0.6318999080474506,0.1323799113326729
2024-10-14,2024-10-14 15:45:00,0.54,True,0.6494701211334495,0.6323572080067017,0.1282387480972115
2024-10-14,2024-10-14 15:46:00,0.54,True,0.6495376632028644,0.6324000629553447,0.1353331648681648
2024-10-14,2024-10-14 15:47:00,0.54,True,0.6408839407064052,0.6306058759326615,0.1424638755788833
2024-10-14,2024-10-14 15:48:00,0.55,True,0.639895136563325,0.6311336762897819,0.1238737019013261
2024-10-14,2024-10-14 15:49:00,0.55,True,0.6392410901198473,0.6271643710797401,0.1493317826689028
2024-10-14,2024-10-14 15:50:00,0.55,False,0.639223376433659,0.6246544989280902,0.1463841974738412
2024-10-14,2024-10-14 15:51:00,0.55,False,0.6330227224952458,0.6196027486142412,0.1759068808769507
2024-10-14,2024-10-14 15:52:00,0.55,False,0.6342903153558447,0.6170872146748272,0.2035393632715509
2024-10-14,2024-10-14 15:53:00,0.55,True,0.6432267205802917,0.6184573902093456,0.2002868776412647
2024-10-14,2024-10-14 15:54:00,0.55,True,0.6510579758959312,0.6222809538277788,0.192084216993123
2024-10-14,2024-10-14 15:55:00,0.55,True,0.6512785886077879,0.6235462238279602,0.1854278782484356
2024-10-14,2024-10-14 15:56:00,0.55,True,0.6685832810557776,0.6266463876814532,0.2001104603050084
2024-10-14,2024-10-14 15:57:00,0.55,True,0.6720197093314868,0.6278832175514357,0.1952294207315249
2024-10-14,2024-10-14 15:58:00,0.55,True,0.6735353410003497,0.6281345898829309,0.208775625733976
2024-10-14,2024-10-14 15:59:00,0.54,True,0.6748704225854976,0.6257877565906076,0.2426655808982022
2024-10-14,2024-10-14 16:00:00,0.54,False,0.6724540571789878,0.622533309601015,0.2480120219686437
2024-10-15,2024-10-15 09:31:00,0.56,True,0.1386382013702733,0.4187508246304612,2.1487229552368374
2024-10-15,2024-10-15 09:32:00,0.56,False,0.1068515973273539,0.4025887368273328,2.189163242003148
2024-10-15,2024-10-15 09:33:00,0.55,True,0.0641222314167686,0.3871550138195005,2.11868963565953
2024-10-15,2024-10-15 09:34:00,0.56,True,0.0186307762173211,0.3683612141985589,2.254003408400795
2024-10-15,2024-10-15 09:35:00,0.56,True,0.0160784198207668,0.3718551428030328,2.196823992348055
2024-10-15,2024-10-15 09:36:00,0.56,True,-0.0373379719595196,0.353344774209559,2.238648874851493
2024-10-15,2024-10-15 09:37:00,0.56,False,-0.0460846406088478,0.3471270663314416,2.2789317450945625
2024-10-15,2024-10-15 09:38:00,0.56,True,-0.0336899325833701,0.3502295639565126,2.2143965486354418
2024-10-15,2024-10-15 09:39:00,0.56,False,-0.0400629141547456,0.3491309856205317,2.163504050384165
2024-10-15,2024-10-15 09:40:00,0.56,False,-0.0627756540583603,0.338017512132905,2.2177584952052634
2024-10-15,2024-10-15 09:41:00,0.56,True,-0.0376478493020884,0.3515035855276776,2.122860715972586
2024-10-15,2024-10-15 09:42:00,0.56,False,-0.0373590031148272,0.3521133496726942,2.1527578585880285
2024-10-15,2024-10-15 09:43:00,0.56,False,-0.0207171854781454,0.3597513876428611,2.1044442335022686
2024-10-15,2024-10-15 09:44:00,0.56,False,-0.0202126955391507,0.3577092795343569,2.090062625782421
2024-10-15,2024-10-15 09:45:00,0.56,True,-0.0038692791947663,0.3651069405117312,2.0236734956426328
2024-10-15,2024-10-15 09:46:00,0.56,True,-0.0308508959100078,0.3563003293159555,2.0893290368384343
2024-10-15,2024-10-15 09:47:00,0.56,False,-0.0710620581763842,0.3415213358698812,2.181098264739299
2024-10-15,2024-10-15 09:48:00,0.555,True,-0.0705252783850904,0.3408632980627962,2.179141742893405
2024-10-15,2024-10-15 09:49:00,0.56,True,-0.0781424727684648,0.339530642585478,2.1665913192735076
2024-10-15,2024-10-15 09:50:00,0.56,False,-0.0620591323252131,0.3432260827282779,2.146929888733575
2024-10-15,2024-10-15 09:51:00,0.56,True,-0.0274871519497287,0.3517516596342822,2.0788086695649977
2024-10-15,2024-10-15 09:52:00,0.56,False,-0.0374595860924594,0.3512696013974417,2.060219550607021
2024-10-15,2024-10-15 09:53:00,0.56,False,-0.0472290301095518,0.3504918757522874,2.0372200415486814
2024-10-15,2024-10-15 09:54:00,0.56,False,-0.029880979754935,0.3529824722082583,2.0437485893579246
2024-10-15,2024-10-15 09:55:00,0.56,True,-0.0215436597457261,0.3613776193729925,2.031724492391816
2024-10-15,2024-10-15 09:56:00,0.56,False,-0.0353461148995962,0.3648907406600583,2.0105306743860436
2024-10-15,2024-10-15 09:57:00,0.56,False,-0.044488632571871,0.3583966614255981,2.058164797254888
2024-10-15,2024-10-15 09:58:00,0.56,True,-0.0196893291238527,0.3679310056582159,2.039861044991485
2024-10-15,2024-10-15 09:59:00,0.56,True,-0.0103016721583658,0.3733501050245026,2.0310007578977856
2024-10-15,2024-10-15 10:00:00,0.56,False,0.0144689178801282,0.379909967057856,2.0497887318552084
2024-10-15,2024-10-15 10:01:00,0.55,True,0.0032171621345243,0.3734637655706382,2.0907352271848865
2024-10-15,2024-10-15 10:02:00,0.55,False,-0.0103707910093363,0.3657343021228607,2.1615287775455703
2024-10-15,2024-10-15 10:03:00,0.56,True,-0.0078763547618981,0.3694329632325727,2.1498760276421542
2024-10-15,2024-10-15 10:04:00,0.56,True,-0.0205951423591224,0.3724102426647501,2.129937737983044
2024-10-15,2024-10-15 10:05:00,0.56,True,-0.0074036651200384,0.3795073364918361,2.0757575640366053
2024-10-15,2024-10-15 10:06:00,0.56,True,-0.0084547060529053,0.3781762611839291,2.0900197631829687
2024-10-15,2024-10-15 10:07:00,0.56,False,0.0040751971264064,0.3840629799951213,2.041111261193528
2024-10-15,2024-10-15 10:08:00,0.56,True,-0.003783422610424,0.378219306293696,2.0590481039274904
2024-10-15,2024-10-15 10:09:00,0.56,True,-0.0082237322440851,0.3712815332720233,2.036541554215521
2024-10-15,2024-10-15 10:10:00,0.56,True,-0.0196317441927738,0.3660640439891509,2.059644538170189
2024-10-15,2024-10-15 10:11:00,0.56,True,0.0050942275233937,0.3688656917608011,2.082839637692392
2024-10-15,2024-10-15 10:12:00,0.56,False,0.0242114239957386,0.3736757011878098,2.081792314083654
2024-10-15,2024-10-15 10:13:00,0.56,True,0.0424049393292487,0.3789554312724843,2.045333948564797
2024-10-15,2024-10-15 10:14:00,0.56,True,0.0591075752253045,0.3822595657891704,2.0460620738750315
2024-10-15,2024-10-15 10:15:00,0.56,True,0.071285090493019,0.3839765117546848,2.056573609990093
2024-10-15,2024-10-15 10:16:00,0.56,True,0.0700713473812365,0.380440873720822,2.1253631481436286
2024-10-15,2024-10-15 10:17:00,0.56,True,0.0898532007527927,0.3841463531056877,2.106048073106457
2024-10-15,2024-10-15 10:18:00,0.56,False,0.093614564839217,0.3888584683682177,2.072238597809771
2024-10-15,2024-10-15 10:19:00,0.56,False,0.0937745506120965,0.3850374307911663,2.0975330146209417
2024-10-15,2024-10-15 10:20:00,0.56,True,0.0839725754100099,0.3817082547439279,2.0885291299559103
2024-10-15,2024-10-15 10:21:00,0.55,True,0.1035691490597254,0.3863609126578572,2.0561611467882615
2024-10-15,2024-10-15 10:22:00,0.56,True,0.0854902922942362,0.3808927209050241,2.106102692386103
2024-10-15,2024-10-15 10:23:00,0.56,True,0.0593632527927427,0.372149072381381,2.1124907337572014
2024-10-15,2024-10-15 10:24:00,0.56,True,0.046285207203252,0.367091200032937,2.1234528410088487
2024-10-15,2024-10-15 10:25:00,0.555,True,0.0387018495367734,0.3654711581845087,2.158488985476272
2024-10-15,2024-10-15 10:26:00,0.56,True,0.041758872120828,0.3621132644261479,2.187144862827649
2024-10-15,2024-10-15 10:27:00,0.56,True,0.055673926306936,0.3676057774945716,2.1935289225060264
2024-10-15,2024-10-15 10:28:00,0.56,True,0.031387693668551,0.3617286518252942,2.2160010022267342
2024-10-15,2024-10-15 10:29:00,0.56,True,0.052642233134041,0.3671596092139805,2.2200396233621458
2024-10-15,2024-10-15 10:30:00,0.56,True,0.0633224892139415,0.3634443110196279,2.2921254257168364
2024-10-15,2024-10-15 10:31:00,0.56,True,0.0848762609195913,0.3709295119761594,2.2841235674897926
2024-10-15,2024-10-15 10:32:00,0.56,True,0.1273987438381631,0.3889526781081525,2.2311217333840507
2024-10-15,2024-10-15 10:33:00,0.56,True,0.1326265802354588,0.3975961392608508,2.1618402461098816
2024-10-15,2024-10-15 10:34:00,0.56,True,0.1437401187476965,0.4037064354423708,2.152007322466781
2024-10-15,2024-10-15 10:35:00,0.56,True,0.1829664386639684,0.4182696366869746,2.1161917066956897
2024-10-15,2024-10-15 10:36:00,0.56,True,0.1707941370370336,0.4154381840755932,2.1204041572310506
2024-10-15,2024-10-15 10:37:00,0.56,True,0.2038308550493204,0.41845259306574,2.1733370447700415
2024-10-15,2024-10-15 10:38:00,0.56,True,0.2293801478119688,0.4231701094104607,2.1786258164117593
2024-10-15,2024-10-15 10:39:00,0.56,True,0.2391621002381296,0.4243384884311668,2.161679630133017
2024-10-15,2024-10-15 10:40:00,0.56,True,0.2310511565146313,0.4230997962152815,2.202646960097082
2024-10-15,2024-10-15 10:41:00,0.56,False,0.2735651671188618,0.4324743153357524,2.199830971021142
2024-10-15,2024-10-15 10:42:00,0.555,True,0.2524610958582379,0.4217611923052075,2.234524827543938
2024-10-15,2024-10-15 10:43:00,0.555,False,0.2416251484485738,0.4168111625921081,2.2265240283302363
2024-10-15,2024-10-15 10:44:00,0.56,True,0.2517929025655597,0.4174391190076819,2.233947802147808
2024-10-15,2024-10-15 10:45:00,0.56,True,0.2257676597236647,0.4121035434695137,2.219501153476248
2024-10-15,2024-10-15 10:46:00,0.56,True,0.225386957727301,0.4108103566830655,2.2260377702791727
2024-10-15,2024-10-15 10:47:00,0.56,True,0.2096900411741574,0.4097099222247365,2.179322735158561
2024-10-15,2024-10-15 10:48:00,0.56,True,0.1971291386878273,0.4101922967455355,2.1801004871264764
2024-10-15,2024-10-15 10:49:00,0.55,True,0.1991454406362668,0.4059930106467245,2.2064172543637426
2024-10-15,2024-10-15 10:50:00,0.56,True,0.183634493058045,0.393963254417728,2.2659812700286643
2024-10-15,2024-10-15 10:51:00,0.56,True,0.1590206118496193,0.3865634249652026,2.287353946503705
2024-10-15,2024-10-15 10:52:00,0.56,True,0.1807093340848493,0.4009741725503016,2.1967076584304652
2024-10-15,2024-10-15 10:53:00,0.56,True,0.2151664790850442,0.4140269995980655,2.157783726500662
2024-10-15,2024-10-15 10:54:00,0.56,True,0.2088781115608341,0.4152738011848787,2.100942041450959
2024-10-15,2024-10-15 10:55:00,0.56,False,0.2079770157804558,0.4200180538915929,2.0674699612321854
2024-10-15,2024-10-15 10:56:00,0.56,False,0.1953091128088835,0.4199096606221454,2.0731197603636535
2024-10-15,2024-10-15 10:57:00,0.56,True,0.1622879583539777,0.4103234210724333,2.1317257437660384
2024-10-15,2024-10-15 10:58:00,0.56,True,0.1950856391476201,0.421729161949625,2.096582605621761
2024-10-15,2024-10-15 10:59:00,0.56,True,0.199117078372596,0.4225113778085676,2.1321187916262914
2024-10-15,2024-10-15 11:00:00,0.56,False,0.2059466244570497,0.4227283096997574,2.132946093286683
2024-10-15,2024-10-15 11:01:00,0.56,False,0.2072921551402355,0.4252119952191203,2.1100611200144157
2024-10-15,2024-10-15 11:02:00,0.56,False,0.2118421024393946,0.4237045352284091,2.118204414727166
2024-10-15,2024-10-15 11:03:00,0.56,True,0.1943122246417482,0.4241790789383327,2.056428763822376
2024-10-15,2024-10-15 11:04:00,0.56,True,0.203692384749925,0.4242971794900026,2.089893968470944
2024-10-15,2024-10-15 11:05:00,0.55,True,0.2269556798387115,0.4322662952929486,2.0901741818446604
2024-10-15,2024-10-15 11:06:00,0.56,True,0.2287144943828412,0.4334530927654653,2.1030438316682343
2024-10-15,2024-10-15 11:07:00,0.56,True,0.2377268458910777,0.4361323795706498,2.0821262520014487
2024-10-15,2024-10-15 11:08:00,0.56,False,0.2399472102197221,0.4413123203167179,2.049573110013402
2024-10-15,2024-10-15 11:09:00,0.56,True,0.2533722334950378,0.4447892405859812,2.0597132822297177
2024-10-15,2024-10-15 11:10:00,0.56,True,0.2541244527705885,0.4434022726557649,2.0825358546948
2024-10-15,2024-10-15 11:11:00,0.56,True,0.2479402853773303,0.4388344723497929,2.125409689094876
2024-10-15,2024-10-15 11:12:00,0.56,True,0.2359397506126851,0.4414759112276201,2.0713383932816947
2024-10-15,2024-10-15 11:13:00,0.56,True,0.2162193236828031,0.4341542685956087,2.089528435469441
2024-10-15,2024-10-15 11:14:00,0.55,True,0.2051170470402437,0.4303298836912103,2.1013353710729956
2024-10-15,2024-10-15 11:15:00,0.56,True,0.1953450893749828,0.4289114635352359,2.1146407186294094
2024-10-15,2024-10-15 11:16:00,0.55,True,0.1868536340869221,0.4307563732073083,2.081170316427671
2024-10-15,2024-10-15 11:17:00,0.55,True,0.1726743320247292,0.4255953783607964,2.0943214930883807
2024-10-15,2024-10-15 11:18:00,0.55,True,0.1758709637168599,0.4244737242683234,2.1059174809718417
2024-10-15,2024-10-15 11:19:00,0.55,False,0.1699347412725829,0.4207334757781224,2.107229003849263
2024-10-15,2024-10-15 11:20:00,0.55,True,0.1728647645429736,0.4201751536559272,2.136865120639272
2024-10-15,2024-10-15 11:21:00,0.55,True,0.1762436664093384,0.4193644378062906,2.1322939958842086
2024-10-15,2024-10-15 11:22:00,0.55,True,0.1872452745579469,0.4210983689667006,2.155649392904554
2024-10-15,2024-10-15 11:23:00,0.55,False,0.1893516587511463,0.4199362555782496,2.1913732570922915
2024-10-15,2024-10-15 11:24:00,0.55,False,0.1853936969393492,0.4181226620681867,2.2033435555534746
2024-10-15,2024-10-15 11:25:00,0.55,True,0.1767678195560219,0.4119978503837502,2.2374030382021353
2024-10-15,2024-10-15 11:26:00,0.55,False,0.1787638828889841,0.4110628396119239,2.2430915267093483
2024-10-15,2024-10-15 11:27:00,0.55,True,0.1747004050172017,0.4088284935101712,2.244948398381968
2024-10-15,2024-10-15 11:28:00,0.55,False,0.1705569136575686,0.4058561228701272,2.2472493945681467
2024-10-15,2024-10-15 11:29:00,0.55,True,0.1784104823048994,0.4051528368443589,2.2534709406316717
2024-10-15,2024-10-15 11:30:00,0.55,False,0.1824281900676009,0.4066166197860227,2.251980453266305
2024-10-15,2024-10-15 11:31:00,0.55,False,0.1931900054046116,0.4108458111772932,2.2442886454244917
2024-10-15,2024-10-15 11:32:00,0.55,True,0.1830119420414282,0.4100571610189274,2.227576058269422
2024-10-15,2024-10-15 11:33:00,0.545,True,0.1724349428649136,0.4082478723856173,2.2176591205048752
2024-10-15,2024-10-15 11:34:00,0.55,True,0.193225681779753,0.416761222151362,2.155916499070804
2024-10-15,2024-10-15 11:35:00,0.55,True,0.186084019637943,0.4167874617257918,2.143330559758877
2024-10-15,2024-10-15 11:36:00,0.55,True,0.1688237254657839,0.4056818690032352,2.1992368381224097
2024-10-15,2024-10-15 11:37:00,0.55,False,0.1723455789445663,0.4054244459493904,2.2176401127212015
2024-10-15,2024-10-15 11:38:00,0.55,False,0.1610319876845847,0.40106047954418,2.236746614929872
2024-10-15,2024-10-15 11:39:00,0.55,True,0.1607390149659848,0.3997200288575758,2.2644531743646095
2024-10-15,2024-10-15 11:40:00,0.55,False,0.176781537690762,0.4023689374585432,2.2729407102465493
2024-10-15,2024-10-15 11:41:00,0.55,True,0.1722859956709669,0.3999883644113418,2.287531261097206
2024-10-15,2024-10-15 11:42:00,0.55,True,0.184629224113542,0.4062190534023344,2.2497008362014816
2024-10-15,2024-10-15 11:43:00,0.55,False,0.1794316443887322,0.4049385164651856,2.2732488669013113
2024-10-15,2024-10-15 11:44:00,0.55,True,0.1714398845272423,0.4036279274397201,2.27451785145744
2024-10-15,2024-10-15 11:45:00,0.55,True,0.1747126475422984,0.401653950716667,2.305332867964252
2024-10-15,2024-10-15 11:46:00,0.55,True,0.1713970660965114,0.3995534234098094,2.3369807452885847
2024-10-15,2024-10-15 11:47:00,0.55,True,0.1633777172965266,0.3983059609869275,2.362806178666006
2024-10-15,2024-10-15 11:48:00,0.55,True,0.1501557943248114,0.3937956692355914,2.404538146895089
2024-10-15,2024-10-15 11:49:00,0.55,False,0.146182638901499,0.3937851177674228,2.422321967562545
2024-10-15,2024-10-15 11:50:00,0.55,True,0.163507689891048,0.3995519681092674,2.4250775125621735
2024-10-15,2024-10-15 11:51:00,0.55,True,0.1514049017553205,0.3973289657455995,2.420931190150136
2024-10-15,2024-10-15 11:52:00,0.55,True,0.1469631989566415,0.3937070618816043,2.4464422496896594
2024-10-15,2024-10-15 11:53:00,0.55,True,0.1505608254416147,0.3921008546504579,2.4754668787721066
2024-10-15,2024-10-15 11:54:00,0.55,True,0.1457971988569734,0.3873901117452747,2.5093849901169465
2024-10-15,2024-10-15 11:55:00,0.55,True,0.1472509178876251,0.3861705197689652,2.53130465774811
2024-10-15,2024-10-15 11:56:00,0.55,False,0.1515282449060521,0.3837904674057699,2.558577690800096
2024-10-15,2024-10-15 11:57:00,0.55,True,0.1411022526631958,0.3818745127114809,2.553465708116268
2024-10-15,2024-10-15 11:58:00,0.55,True,0.1431513828695878,0.380820157963161,2.564314516049017
2024-10-15,2024-10-15 11:59:00,0.55,True,0.1399881875525694,0.3796813136448057,2.566212989880248
2024-10-15,2024-10-15 12:00:00,0.55,True,0.1409603637854372,0.3804011217515945,2.549308098399903
2024-10-15,2024-10-15 12:01:00,0.55,True,0.1295394468131604,0.3793882272773902,2.5440663400045738
2024-10-15,2024-10-15 12:02:00,0.55,False,0.1301637843449493,0.3813592865923119,2.554081011518405
2024-10-15,2024-10-15 12:03:00,0.55,True,0.1366090652893291,0.3833181026465922,2.5481175881648896
2024-10-15,2024-10-15 12:04:00,0.55,True,0.1551008070797461,0.3893366298471523,2.52477897955288
2024-10-15,2024-10-15 12:05:00,0.55,True,0.152687173115912,0.3864374005106143,2.5451665665558463
2024-10-15,2024-10-15 12:06:00,0.55,True,0.1631169887530504,0.3896796408799595,2.5421171374983813
2024-10-15,2024-10-15 12:07:00,0.55,False,0.1590372388371058,0.3895018401807071,2.5380023528607176
2024-10-15,2024-10-15 12:08:00,0.55,True,0.1665165367381247,0.3945087376204514,2.4995802157850564
2024-10-15,2024-10-15 12:09:00,0.55,False,0.1653554154132552,0.3957765790858172,2.475049545766039
2024-10-15,2024-10-15 12:10:00,0.55,True,0.1528572522188024,0.3936844779432611,2.468078160109626
2024-10-15,2024-10-15 12:11:00,0.55,True,0.1514351458583731,0.3976511768109583,2.42459525185841
2024-10-15,2024-10-15 12:12:00,0.55,True,0.1387900821242259,0.3940315132059915,2.414730330921953
2024-10-15,2024-10-15 12:13:00,0.55,False,0.1465864562808416,0.3982865726144073,2.389634043644615
2024-10-15,2024-10-15 12:14:00,0.55,True,0.1520460743244698,0.4005510572517471,2.384068406080946
2024-10-15,2024-10-15 12:15:00,0.55,True,0.1438208198174349,0.3978386536531293,2.395018572949406
2024-10-15,2024-10-15 12:16:00,0.545,True,0.1474586148771319,0.4004219865618565,2.3991159955581134
2024-10-15,2024-10-15 12:17:00,0.55,True,0.1568508615619013,0.4037481577284229,2.392984135936233
2024-10-15,2024-10-15 12:18:00,0.55,True,0.1598160059136339,0.4051023002054029,2.370881931994998
2024-10-15,2024-10-15 12:19:00,0.55,True,0.1594142231021667,0.4059977832926529,2.350849201892387
2024-10-15,2024-10-15 12:20:00,0.55,False,0.1584757135042587,0.4043712615236932,2.370580811678143
2024-10-15,2024-10-15 12:21:00,0.55,True,0.1578349295650199,0.4052921269752765,2.3576404919151908
2024-10-15,2024-10-15 12:22:00,0.55,True,0.1765940907910154,0.4102501820678988,2.3757905665584604
2024-10-15,2024-10-15 12:23:00,0.55,True,0.1955339850162814,0.4159444592736163,2.394407572162333
2024-10-15,2024-10-15 12:24:00,0.55,True,0.1957613521129599,0.415864296323752,2.394607190566028
2024-10-15,2024-10-15 12:25:00,0.55,True,0.1912424217034429,0.4161359239812964,2.394823802783669
2024-10-15,2024-10-15 12:26:00,0.55,True,0.1868138182477425,0.4155154601169903,2.4052580897557463
2024-10-15,2024-10-15 12:27:00,0.55,True,0.1918911424365467,0.4197678532423637,2.3944486285195152
2024-10-15,2024-10-15 12:28:00,0.55,True,0.1984540671535611,0.4219572990220362,2.389075600742269
2024-10-15,2024-10-15 12:29:00,0.55,True,0.2016093308688703,0.4222766338201893,2.4098854439055546
2024-10-15,2024-10-15 12:30:00,0.55,True,0.1995340634375847,0.4209784555339482,2.4110765149793307
2024-10-15,2024-10-15 12:31:00,0.55,True,0.1947172266470631,0.4206940798364103,2.3921110831005468
2024-10-15,2024-10-15 12:32:00,0.55,False,0.1760517678887632,0.4139855764867486,2.42354254818025
2024-10-15,2024-10-15 12:33:00,0.55,True,0.1835382007919963,0.414882808319426,2.442724878093029
2024-10-15,2024-10-15 12:34:00,0.55,True,0.1841897267190838,0.4163137116808275,2.4367251044492284
2024-10-15,2024-10-15 12:35:00,0.55,True,0.1759219183106057,0.4110642919729034,2.4526198342487553
2024-10-15,2024-10-15 12:36:00,0.55,True,0.1639238216509606,0.4067426522631652,2.460630808989994
2024-10-15,2024-10-15 12:37:00,0.55,True,0.1506898132460118,0.4034214754452159,2.4614488448519514
2024-10-15,2024-10-15 12:38:00,0.55,True,0.1540124146306285,0.403012089495214,2.472082398507122
2024-10-15,2024-10-15 12:39:00,0.55,False,0.1487461208503838,0.4004824900088595,2.4705330004372756
2024-10-15,2024-10-15 12:40:00,0.55,True,0.1491841765401443,0.3994030476005334,2.4752684360667883
2024-10-15,2024-10-15 12:41:00,0.55,True,0.1443730368437031,0.398664965478782,2.465415738319096
2024-10-15,2024-10-15 12:42:00,0.55,False,0.1394731055111573,0.3957090181548039,2.511912484790068
2024-10-15,2024-10-15 12:43:00,0.55,True,0.1388126595185288,0.3970211261292763,2.499540636317342
2024-10-15,2024-10-15 12:44:00,0.55,True,0.1507738452842678,0.4000901958403728,2.504922650131099
2024-10-15,2024-10-15 12:45:00,0.55,True,0.1536425326494012,0.3996335712003507,2.497528968203527
2024-10-15,2024-10-15 12:46:00,0.545,True,0.140695946736709,0.3951997997741145,2.5254671663110737
2024-10-15,2024-10-15 12:47:00,0.55,True,0.1500019412925266,0.3975356804640281,2.5284749730984486
2024-10-15,2024-10-15 12:48:00,0.54,True,0.1520938592535012,0.3967227606688553,2.538268644373622
2024-10-15,2024-10-15 12:49:00,0.545,True,0.15181523851017,0.3972606604747189,2.534460607126968
2024-10-15,2024-10-15 12:50:00,0.545,False,0.1542236573169926,0.3988247416706791,2.522355698213962
2024-10-15,2024-10-15 12:51:00,0.54,True,0.1538261761091995,0.3983034269796302,2.5477437649676165
2024-10-15,2024-10-15 12:52:00,0.55,True,0.1584661855091506,0.4016278602177343,2.525353487038521
2024-10-15,2024-10-15 12:53:00,0.55,False,0.164431349231551,0.4035712102359863,2.5267806223430154
2024-10-15,2024-10-15 12:54:00,0.55,True,0.1622979550173726,0.4026216640021144,2.541599061335081
2024-10-15,2024-10-15 12:55:00,0.55,True,0.1608131084386925,0.4024737859847462,2.549459074819379
2024-10-15,2024-10-15 12:56:00,0.55,False,0.1538460106437056,0.4014230760936272,2.56178258401088
2024-10-15,2024-10-15 12:57:00,0.545,True,0.1597549794692021,0.4031242255433584,2.559817541241572
2024-10-15,2024-10-15 12:58:00,0.55,True,0.1620358183302119,0.400121948792864,2.5785641275261515
2024-10-15,2024-10-15 12:59:00,0.55,True,0.1472059335335672,0.3970402257185129,2.5766817622878286
2024-10-15,2024-10-15 13:00:00,0.545,True,0.1440108937892323,0.3970757787613688,2.568538380329529
2024-10-15,2024-10-15 13:01:00,0.55,True,0.1504898237639356,0.3967443365279551,2.573527744871003
2024-10-15,2024-10-15 13:02:00,0.55,True,0.1412497835227839,0.3966551398354274,2.5422007047510697
2024-10-15,2024-10-15 13:03:00,0.55,True,0.1381890070631732,0.3962408944759913,2.5419017368565644
2024-10-15,2024-10-15 13:04:00,0.55,True,0.1436836597770488,0.4015684070328072,2.49775818208699
2024-10-15,2024-10-15 13:05:00,0.55,True,0.1454012941242476,0.3997527128031697,2.5099753116392347
2024-10-15,2024-10-15 13:06:00,0.545,True,0.1435322329605478,0.3952875706958226,2.5381291002208486
2024-10-15,2024-10-15 13:07:00,0.545,False,0.1334646524369449,0.3923309367968509,2.5380450723562427
2024-10-15,2024-10-15 13:08:00,0.55,True,0.1207996431308432,0.3888725251395497,2.5644226682809306
2024-10-15,2024-10-15 13:09:00,0.55,True,0.1291170203285402,0.3899085910892028,2.5543981616649636
2024-10-15,2024-10-15 13:10:00,0.55,True,0.1319374922702827,0.3900531032458604,2.5449057988657366
2024-10-15,2024-10-15 13:11:00,0.55,True,0.1258621772289426,0.3862595989120979,2.5647222986039058
2024-10-15,2024-10-15 13:12:00,0.55,False,0.1346605346135541,0.3902097279746117,2.545880845689759
2024-10-15,2024-10-15 13:13:00,0.55,True,0.1285437323821486,0.3881760400831373,2.556791985098136
2024-10-15,2024-10-15 13:14:00,0.55,True,0.1239410299536011,0.3871016536254984,2.555864812974545
2024-10-15,2024-10-15 13:15:00,0.55,True,0.1216066002822353,0.385711048448059,2.542109244171846
2024-10-15,2024-10-15 13:16:00,0.55,False,0.121330595753674,0.38291569897717,2.529556181650211
2024-10-15,2024-10-15 13:17:00,0.54,True,0.1225628408656742,0.3818841377267655,2.550641879004226
2024-10-15,2024-10-15 13:18:00,0.55,True,0.1131779653703495,0.3770114205839311,2.5669290547381656
2024-10-15,2024-10-15 13:19:00,0.55,True,0.1194859581289704,0.3776434791077436,2.5755410602352993
2024-10-15,2024-10-15 13:20:00,0.55,True,0.1165567959279074,0.3741454935372208,2.5955123165476173
2024-10-15,2024-10-15 13:21:00,0.55,True,0.1065121202516505,0.3703115817778892,2.597828626106201
2024-10-15,2024-10-15 13:22:00,0.55,False,0.1090372653924065,0.3697379371362619,2.604727136113859
2024-10-15,2024-10-15 13:23:00,0.545,True,0.1056556961912682,0.3690042763359318,2.6042244347881462
2024-10-15,2024-10-15 13:24:00,0.55,True,0.1100369682387036,0.3723052907797014,2.5693255991305146
2024-10-15,2024-10-15 13:25:00,0.55,True,0.1166548286498563,0.3719203623101588,2.593707736006953
2024-10-15,2024-10-15 13:26:00,0.55,True,0.1124014090804022,0.3698841602653343,2.607808292845041
2024-10-15,2024-10-15 13:27:00,0.54,True,0.1093751782069454,0.3662812949234291,2.612709097603418
2024-10-15,2024-10-15 13:28:00,0.55,True,0.1086249247920682,0.3656576651608835,2.617376043433861
2024-10-15,2024-10-15 13:29:00,0.54,True,0.122531386854797,0.368968846678377,2.612730836821936
2024-10-15,2024-10-15 13:30:00,0.54,False,0.1239066494812469,0.3712465384129774,2.61371992525006
2024-10-15,2024-10-15 13:31:00,0.55,True,0.1299078650725045,0.3715379985615267,2.6185456732014316
2024-10-15,2024-10-15 13:32:00,0.55,True,0.1143020737687006,0.3674747230166008,2.6344574690598455
2024-10-15,2024-10-15 13:33:00,0.55,True,0.1048718119947469,0.3652755541908226,2.640796273481134
2024-10-15,2024-10-15 13:34:00,0.56,True,0.1102450567025525,0.3667241499861173,2.614257701965592
2024-10-15,2024-10-15 13:35:00,0.56,True,0.1157337692942004,0.3684125047446248,2.606724823554439
2024-10-15,2024-10-15 13:36:00,0.56,True,0.1171488154224797,0.3683175692192932,2.6005824588351376
2024-10-15,2024-10-15 13:37:00,0.56,False,0.1270007337175174,0.3733027973712934,2.5852857686496415
2024-10-15,2024-10-15 13:38:00,0.56,True,0.1291502813930915,0.3718808742066685,2.597208632624864
2024-10-15,2024-10-15 13:39:00,0.56,False,0.1247587404384155,0.3707658411457267,2.5967893634454247
2024-10-15,2024-10-15 13:40:00,0.555,True,0.1121163421341664,0.3668608567304695,2.6080403647330908
2024-10-15,2024-10-15 13:41:00,0.555,False,0.1100324652642686,0.3650837678351301,2.6069098738581937
2024-10-15,2024-10-15 13:42:00,0.56,True,0.1104378240682797,0.3651289543156416,2.6148340241513406
2024-10-15,2024-10-15 13:43:00,0.56,False,0.0996816206486881,0.3607453245954676,2.63510807647098
2024-10-15,2024-10-15 13:44:00,0.56,False,0.0937662831238856,0.358590274472248,2.61009579612402
2024-10-15,2024-10-15 13:45:00,0.56,True,0.0854963495046967,0.356390136110456,2.609838729501501
2024-10-15,2024-10-15 13:46:00,0.56,False,0.0893341367692722,0.3601600540505002,2.595519430913019
2024-10-15,2024-10-15 13:47:00,0.56,True,0.0927449661688068,0.3643127368660747,2.563315354502406
2024-10-15,2024-10-15 13:48:00,0.56,True,0.096568043080278,0.3635244054199762,2.5924797260458723
2024-10-15,2024-10-15 13:49:00,0.56,True,0.092573497805751,0.359796953131229,2.6050433079473674
2024-10-15,2024-10-15 13:50:00,0.56,True,0.0932816681042404,0.3605150683041678,2.60677099097731
2024-10-15,2024-10-15 13:51:00,0.56,True,0.0901202707971868,0.3603156137684727,2.606254534640374
2024-10-15,2024-10-15 13:52:00,0.56,True,0.0940315841838741,0.361489573077885,2.599294448899161
2024-10-15,2024-10-15 13:53:00,0.56,False,0.1025814874238984,0.3654166787063401,2.584421035908769
2024-10-15,2024-10-15 13:54:00,0.56,False,0.1060790617067312,0.3689446733758271,2.5509787017077334
2024-10-15,2024-10-15 13:55:00,0.56,False,0.0929533722992027,0.365362010086838,2.535146248091853
2024-10-15,2024-10-15 13:56:00,0.56,True,0.0835287475143445,0.3639226796195272,2.5243830085267627
2024-10-15,2024-10-15 13:57:00,0.56,False,0.0868231978084236,0.3657317026576024,2.4892943328172956
2024-10-15,2024-10-15 13:58:00,0.56,True,0.100748271510538,0.3710468447245203,2.4615410106230367
2024-10-15,2024-10-15 13:59:00,0.56,False,0.0924319336762819,0.3665234410025954,2.484316666275833
2024-10-15,2024-10-15 14:00:00,0.56,False,0.0865546460389372,0.3645164559396827,2.5045621954370128
2024-10-15,2024-10-15 14:01:00,0.56,False,0.0982134587388597,0.3682664012980907,2.487957350190603
2024-10-15,2024-10-15 14:02:00,0.56,True,0.0874436308589804,0.3681790003849861,2.4862893374428894
2024-10-15,2024-10-15 14:03:00,0.56,False,0.0826479759968155,0.3685989179713389,2.4991292750763687
2024-10-15,2024-10-15 14:04:00,0.56,True,0.0758807161268957,0.3684367954223744,2.4852262616478966
2024-10-15,2024-10-15 14:05:00,0.56,True,0.0696362837819528,0.3664106849240124,2.4836684541691834
2024-10-15,2024-10-15 14:06:00,0.56,True,0.0679989603063856,0.3663810960779,2.496623472662636
2024-10-15,2024-10-15 14:07:00,0.56,True,0.0753575119480083,0.3675392739693487,2.50826779444809
2024-10-15,2024-10-15 14:08:00,0.56,False,0.0906674309633664,0.3709632372754718,2.5256408645221433
2024-10-15,2024-10-15 14:09:00,0.56,True,0.0846060409946545,0.3711115064562624,2.514836039688801
2024-10-15,2024-10-15 14:10:00,0.56,True,0.082853807420709,0.3697369119325379,2.515287643121401
2024-10-15,2024-10-15 14:11:00,0.56,True,0.0860008641815502,0.3702064461141717,2.5167747512678407
2024-10-15,2024-10-15 14:12:00,0.56,True,0.0945851462891393,0.3736199728667319,2.5078514685772286
2024-10-15,2024-10-15 14:13:00,0.56,True,0.1013952588465778,0.377069297647856,2.5035772496707804
2024-10-15,2024-10-15 14:14:00,0.56,True,0.0977185116870926,0.3768531668327709,2.4955062069354685
2024-10-15,2024-10-15 14:15:00,0.56,True,0.089893770629708,0.3736832498453766,2.4923725567412123
2024-10-15,2024-10-15 14:16:00,0.56,True,0.0793838854467588,0.3687268268867335,2.520916713810779
2024-10-15,2024-10-15 14:17:00,0.56,True,0.0757400482371061,0.3694476179297758,2.5014205466408796
2024-10-15,2024-10-15 14:18:00,0.56,True,0.0728962420432298,0.3715008204232431,2.4799977779086326
2024-10-15,2024-10-15 14:19:00,0.56,True,0.0842329319220312,0.377466494778872,2.440786687113437
2024-10-15,2024-10-15 14:20:00,0.56,True,0.088072456139626,0.3781109438449045,2.4364936365627226
2024-10-15,2024-10-15 14:21:00,0.56,True,0.091696108299016,0.3819630677756618,2.402072434518152
2024-10-15,2024-10-15 14:22:00,0.56,True,0.0816354235260881,0.3828829728388765,2.3747937117366624
2024-10-15,2024-10-15 14:23:00,0.56,True,0.0867595022007939,0.386492605298694,2.352396665862329
2024-10-15,2024-10-15 14:24:00,0.56,True,0.0884579423937155,0.3866075265099218,2.352543979367564
2024-10-15,2024-10-15 14:25:00,0.55,True,0.0784996923800669,0.3847622785734345,2.3506926630353404
2024-10-15,2024-10-15 14:26:00,0.55,False,0.0703660865553518,0.3831820161303284,2.366463778962287
2024-10-15,2024-10-15 14:27:00,0.55,True,0.0735520826250213,0.3844026249505499,2.349148577225068
2024-10-15,2024-10-15 14:28:00,0.55,False,0.0730726082435143,0.3837409847499787,2.3596708197174827
2024-10-15,2024-10-15 14:29:00,0.55,False,0.066653039257173,0.379079682546834,2.3878190328496367
2024-10-15,2024-10-15 14:30:00,0.55,False,0.0742347207099935,0.3811493375976733,2.3806681459692114
2024-10-15,2024-10-15 14:31:00,0.56,True,0.0711043892519609,0.3827405587931675,2.364316923783056
2024-10-15,2024-10-15 14:32:00,0.56,True,0.0746519743017356,0.3815147444916691,2.369158190151444
2024-10-15,2024-10-15 14:33:00,0.56,True,0.0785197986518682,0.3827215276761599,2.363226588958846
2024-10-15,2024-10-15 14:34:00,0.56,False,0.0838633167882518,0.3840805399742436,2.3638289661449834
2024-10-15,2024-10-15 14:35:00,0.56,True,0.0926061540650324,0.3889508880476275,2.3341178969989493
2024-10-15,2024-10-15 14:36:00,0.56,False,0.0854852314454244,0.3831267525043597,2.35692829183429
2024-10-15,2024-10-15 14:37:00,0.56,True,0.0829583815740343,0.3811742908726186,2.3606550710303544
2024-10-15,2024-10-15 14:38:00,0.56,True,0.0799242554251571,0.3797233987827273,2.370110481579676
2024-10-15,2024-10-15 14:39:00,0.56,False,0.0811278191933284,0.3801151348777734,2.375403704357964
2024-10-15,2024-10-15 14:40:00,0.56,True,0.084053293465367,0.3811142957360511,2.3811757504274524
2024-10-15,2024-10-15 14:41:00,0.55,True,0.0798173510149595,0.3775436646149679,2.3944835114816136
2024-10-15,2024-10-15 14:42:00,0.55,False,0.0881351905465585,0.381074265452443,2.3811228979254637
2024-10-15,2024-10-15 14:43:00,0.55,False,0.092861341903776,0.3844465653574215,2.37071713859622
2024-10-15,2024-10-15 14:44:00,0.55,False,0.0867615731364323,0.3849233961114783,2.367999870222614
2024-10-15,2024-10-15 14:45:00,0.56,True,0.0800508974421543,0.3827301212840787,2.3878513765380394
2024-10-15,2024-10-15 14:46:00,0.56,False,0.077182250167759,0.3810373528239487,2.3919415152338104
2024-10-15,2024-10-15 14:47:00,0.56,True,0.0892865881577033,0.384222181574164,2.390398217496507
2024-10-15,2024-10-15 14:48:00,0.57,True,0.0850589228587055,0.3819671079310937,2.4054186672521003
2024-10-15,2024-10-15 14:49:00,0.57,True,0.080698450161286,0.380909500182038,2.4214837505759386
2024-10-15,2024-10-15 14:50:00,0.57,True,0.0813336500121274,0.3806775409815363,2.417292138380218
2024-10-15,2024-10-15 14:51:00,0.57,False,0.0840220420782146,0.3821687362732595,2.415482519541566
2024-10-15,2024-10-15 14:52:00,0.57,True,0.0738261314118414,0.3779136299127483,2.4458341126104988
2024-10-15,2024-10-15 14:53:00,0.57,False,0.0719850232382803,0.3771268809449667,2.459477721502594
2024-10-15,2024-10-15 14:54:00,0.57,False,0.0743372386299686,0.379013742700425,2.4334163302106955
2024-10-15,2024-10-15 14:55:00,0.565,True,0.0790325729171274,0.3809729007217883,2.4187693250703908
2024-10-15,2024-10-15 14:56:00,0.57,True,0.0804161567472334,0.3797549525819921,2.44090327034271
2024-10-15,2024-10-15 14:57:00,0.57,False,0.0761085771364447,0.3772668491404921,2.4652931978212407
2024-10-15,2024-10-15 14:58:00,0.57,True,0.0762081034840233,0.3760788800624621,2.4856167464843995
2024-10-15,2024-10-15 14:59:00,0.57,True,0.071563075807313,0.37320520182136,2.4898025305236984
2024-10-15,2024-10-15 15:00:00,0.57,True,0.0809047813421303,0.3761149338744018,2.481313826894147
2024-10-15,2024-10-15 15:01:00,0.57,False,0.0952124593284385,0.3785815308752849,2.480092560165793
2024-10-15,2024-10-15 15:02:00,0.57,False,0.110780004862696,0.3850935096552242,2.43600849541735
2024-10-15,2024-10-15 15:03:00,0.57,True,0.1043364811069719,0.3817082169862816,2.4377318796581995
2024-10-15,2024-10-15 15:04:00,0.56,True,0.0953485002443606,0.3778872099841726,2.444597295432619
2024-10-15,2024-10-15 15:05:00,0.57,True,0.105477122326263,0.3802584038724371,2.4520789469139253
2024-10-15,2024-10-15 15:06:00,0.57,False,0.1179025850528857,0.3821326411108816,2.4679984587192965
2024-10-15,2024-10-15 15:07:00,0.57,True,0.125034406298221,0.3844717727732374,2.4537885915667625
2024-10-15,2024-10-15 15:08:00,0.57,True,0.1372584399356137,0.389323713466592,2.426378660442888
2024-10-15,2024-10-15 15:09:00,0.57,False,0.1385914618074983,0.3916776607451151,2.3990173416550387
2024-10-15,2024-10-15 15:10:00,0.57,True,0.1334720358689858,0.3944617722630094,2.38376715619307
2024-10-15,2024-10-15 15:11:00,0.57,True,0.127133369256101,0.3944790523270299,2.3713988181532293
2024-10-15,2024-10-15 15:12:00,0.57,True,0.1334839348926214,0.3971791474441437,2.3753184158466256
2024-10-15,2024-10-15 15:13:00,0.57,True,0.1421255480009499,0.3965355303936233,2.4007416099256087
2024-10-15,2024-10-15 15:14:00,0.57,True,0.1387948216637861,0.3927305600933714,2.4340630773619836
2024-10-15,2024-10-15 15:15:00,0.57,True,0.1304877924804607,0.3906985597976521,2.4378646087675477
2024-10-15,2024-10-15 15:16:00,0.57,True,0.1296310713666051,0.3925889121996433,2.415400416643338
2024-10-15,2024-10-15 15:17:00,0.57,False,0.1205992767309871,0.3886455976135672,2.4348412076622465
2024-10-15,2024-10-15 15:18:00,0.57,True,0.113863852716009,0.3892130382291016,2.407566864050877
2024-10-15,2024-10-15 15:19:00,0.57,True,0.1202681966824185,0.391497122929964,2.391406397683546
2024-10-15,2024-10-15 15:20:00,0.57,True,0.1219024944599762,0.3941895730780252,2.37474693547747
2024-10-15,2024-10-15 15:21:00,0.57,True,0.1149845683762241,0.3920512104929491,2.391747928312445
2024-10-15,2024-10-15 15:22:00,0.57,False,0.1050451899527924,0.389127243793618,2.3940534463962937
2024-10-15,2024-10-15 15:23:00,0.56,True,0.1021953648092999,0.3889196140372318,2.387325200025173
2024-10-15,2024-10-15 15:24:00,0.57,True,0.1042853132841721,0.3888334882315656,2.3858595408523144
2024-10-15,2024-10-15 15:25:00,0.57,True,0.1178022439550138,0.3933980801875231,2.347952036084581
2024-10-15,2024-10-15 15:26:00,0.56,True,0.1180841227897091,0.3959477610552952,2.311909806152145
2024-10-15,2024-10-15 15:27:00,0.56,False,0.120497359692231,0.3975421819657861,2.3021181274674243
2024-10-15,2024-10-15 15:28:00,0.56,False,0.1217688044377298,0.3982201911818636,2.3001474166299123
2024-10-15,2024-10-15 15:29:00,0.56,True,0.121362366072215,0.3978374414202641,2.298307834493809
2024-10-15,2024-10-15 15:30:00,0.56,False,0.1149966951322034,0.3942135255308078,2.314537789682094
2024-10-15,2024-10-15 15:31:00,0.56,False,0.1140648685881892,0.3944448345983878,2.3049684628035543
2024-10-15,2024-10-15 15:32:00,0.56,True,0.1081649205061657,0.3913871853143887,2.3357388642060957
2024-10-15,2024-10-15 15:33:00,0.56,True,0.1128709334683547,0.3892930510597508,2.343138491146059
2024-10-15,2024-10-15 15:34:00,0.56,True,0.1187618637993617,0.391008667475325,2.343816054600558
2024-10-15,2024-10-15 15:35:00,0.56,False,0.1130485909342061,0.3876783645338301,2.391513024534077
2024-10-15,2024-10-15 15:36:00,0.56,False,0.1014139439166079,0.3767354990159581,2.4757540450621978
2024-10-15,2024-10-15 15:37:00,0.56,False,0.1001855405931583,0.3736343272395173,2.4959655265253167
2024-10-15,2024-10-15 15:38:00,0.56,True,0.087374530259526,0.3699699704958885,2.5083872925988007
2024-10-15,2024-10-15 15:39:00,0.56,False,0.0893703970018889,0.3705427071753441,2.498770283462937
2024-10-15,2024-10-15 15:40:00,0.56,True,0.0829082594030812,0.3662262133764629,2.5159064343754007
2024-10-15,2024-10-15 15:41:00,0.56,True,0.0754604467713355,0.3629960880029974,2.5230676041536975
2024-10-15,2024-10-15 15:42:00,0.56,True,0.0755571376925855,0.3652405602822396,2.4911345416897035
2024-10-15,2024-10-15 15:43:00,0.56,True,0.0690045654420657,0.3609056577798506,2.5144484334646156
2024-10-15,2024-10-15 15:44:00,0.56,True,0.0695632078672262,0.3636628416273941,2.4911888272499567
2024-10-15,2024-10-15 15:45:00,0.56,False,0.0806648503350314,0.3674565953689792,2.4811106542473067
2024-10-15,2024-10-15 15:46:00,0.56,True,0.0580872785258458,0.3606035268734574,2.5126494873758287
2024-10-15,2024-10-15 15:47:00,0.56,False,0.0416194542388685,0.3568408321384606,2.5385644589045087
2024-10-15,2024-10-15 15:48:00,0.56,False,0.0457520433902531,0.3582063021242269,2.5284361411785423
2024-10-15,2024-10-15 15:49:00,0.56,True,0.0428740036984902,0.3581483390636245,2.516471403876029
2024-10-15,2024-10-15 15:50:00,0.56,True,0.0394366483707608,0.3569113013501495,2.53230806504169
2024-10-15,2024-10-15 15:51:00,0.56,False,0.0297111574691042,0.354833347907071,2.5415783525919347
2024-10-15,2024-10-15 15:52:00,0.56,False,0.0280115575810265,0.3571611845455035,2.5450216146811777
2024-10-15,2024-10-15 15:53:00,0.56,True,0.0347914297165866,0.3596349145985769,2.5118361871579804
2024-10-15,2024-10-15 15:54:00,0.55,True,0.0304681302198547,0.3604560282200792,2.4683243752853268
2024-10-15,2024-10-15 15:55:00,0.55,False,0.0151514891803584,0.356413673934618,2.4999804262140497
2024-10-15,2024-10-15 15:56:00,0.56,True,0.0114518963460018,0.3493231938461908,2.5438654302293715
2024-10-15,2024-10-15 15:57:00,0.56,False,0.0140688450313667,0.3492716620153674,2.5527199199375574
2024-10-15,2024-10-15 15:58:00,0.56,True,0.01841801453544,0.3565843049594632,2.4739613076801032
2024-10-15,2024-10-15 15:59:00,0.56,False,0.0217451909357104,0.3581900980614713,2.479643285307631
2024-10-15,2024-10-15 16:00:00,0.56,False,0.0106090311402045,0.3556969703950595,2.493541807400149
2024-10-16,2024-10-16 09:31:00,0.57,True,0.1204468063710413,0.356247157068384,2.52828631585747
2024-10-16,2024-10-16 09:32:00,0.57,True,0.1459844432381027,0.3732147396601804,2.371027675669351
2024-10-16,2024-10-16 09:33:00,0.565,True,0.1330135191318703,0.3655687073877279,2.443815148114724
2024-10-16,2024-10-16 09:34:00,0.565,False,0.1073900106608708,0.35732268145232,2.523191611473576
2024-10-16,2024-10-16 09:35:00,0.565,False,0.1020926546653133,0.3563120671335694,2.59181951676599
2024-10-16,2024-10-16 09:36:00,0.57,True,0.107211824479985,0.3586359358043067,2.646443881946088
2024-10-16,2024-10-16 09:37:00,0.57,False,0.0953154749490926,0.3492518359652045,2.7029824243786447
2024-10-16,2024-10-16 09:38:00,0.57,True,0.0830203958436247,0.3501832562718358,2.7021499583280373
2024-10-16,2024-10-16 09:39:00,0.57,True,0.1033968359271347,0.3549500875554536,2.7547046587233863
2024-10-16,2024-10-16 09:40:00,0.57,True,0.1161006007816445,0.3561266524186287,2.712607460454597
2024-10-16,2024-10-16 09:41:00,0.57,True,0.0823981567354796,0.3458539897842931,2.7296385541928356
2024-10-16,2024-10-16 09:42:00,0.57,False,0.0658501694412989,0.3410122118086107,2.781574572522676
2024-10-16,2024-10-16 09:43:00,0.57,True,0.0986517732451945,0.3455338702222837,2.7980016924811424
2024-10-16,2024-10-16 09:44:00,0.57,False,0.0813132968696014,0.3379955397035946,2.8500835570746443
2024-10-16,2024-10-16 09:45:00,0.57,True,0.1251927357989259,0.3477019700235887,2.8554474516303845
2024-10-16,2024-10-16 09:46:00,0.57,True,0.1279326837933802,0.3452955949366323,2.8861836294878573
2024-10-16,2024-10-16 09:47:00,0.57,True,0.147314670194107,0.3515902125986748,2.840772788173871
2024-10-16,2024-10-16 09:48:00,0.57,True,0.1487578475596879,0.3525432660661032,2.757801610148
2024-10-16,2024-10-16 09:49:00,0.57,True,0.1496455487956492,0.3540727363014141,2.725090923599274
2024-10-16,2024-10-16 09:50:00,0.57,False,0.1464113590679631,0.3513831929093284,2.71972651091909
2024-10-16,2024-10-16 09:51:00,0.57,False,0.1311458365041971,0.3407297685259755,2.7554697530045473
2024-10-16,2024-10-16 09:52:00,0.57,False,0.1609070699117594,0.3535474795866262,2.684505248356994
2024-10-16,2024-10-16 09:53:00,0.57,False,0.1521865965268956,0.346957971520637,2.752323098631944
2024-10-16,2024-10-16 09:54:00,0.57,False,0.1692319048326185,0.3509604261051766,2.785395414876616
2024-10-16,2024-10-16 09:55:00,0.565,True,0.1682184601556758,0.351303972887206,2.809472469146547
2024-10-16,2024-10-16 09:56:00,0.57,True,0.1812685562727396,0.3564645686120928,2.768031205007843
2024-10-16,2024-10-16 09:57:00,0.57,True,0.1920887366601472,0.3569253732470586,2.7861602784283246
2024-10-16,2024-10-16 09:58:00,0.57,False,0.2066914836605836,0.3555352968866891,2.817524650778729
2024-10-16,2024-10-16 09:59:00,0.57,True,0.1968040546529593,0.3521125672367806,2.810051622740062
2024-10-16,2024-10-16 10:00:00,0.57,False,0.1895799970565979,0.345064746153495,2.8197590913090913
2024-10-16,2024-10-16 10:01:00,0.57,True,0.1904195566151016,0.3451627541281711,2.7996121720170586
2024-10-16,2024-10-16 10:02:00,0.57,True,0.2028056967006191,0.3502438358782469,2.7557917583768408
2024-10-16,2024-10-16 10:03:00,0.57,False,0.1793201406831887,0.3411163410068508,2.791981788860971
2024-10-16,2024-10-16 10:04:00,0.57,True,0.1850101399819679,0.3440033723536638,2.7878659160199764
2024-10-16,2024-10-16 10:05:00,0.57,False,0.174497306331371,0.3435297644764515,2.7529304931791323
2024-10-16,2024-10-16 10:06:00,0.57,False,0.1744647966503202,0.3416076706264201,2.76945098888337
2024-10-16,2024-10-16 10:07:00,0.57,False,0.1703404789226736,0.3377442256385858,2.7793985335627993
2024-10-16,2024-10-16 10:08:00,0.57,True,0.1654113412985066,0.3325213225887488,2.7767583200747845
2024-10-16,2024-10-16 10:09:00,0.57,True,0.1730338269468277,0.3357566448192026,2.761446751741529
2024-10-16,2024-10-16 10:10:00,0.57,False,0.1875382932109752,0.3433123067416908,2.7176301930475537
2024-10-16,2024-10-16 10:11:00,0.57,False,0.1779461385046153,0.3381287131992674,2.7325438024754303
2024-10-16,2024-10-16 10:12:00,0.57,False,0.1610487498870658,0.3328894036791968,2.7385175554153984
2024-10-16,2024-10-16 10:13:00,0.57,False,0.1454736223963902,0.3252914704278348,2.725839411605637
2024-10-16,2024-10-16 10:14:00,0.57,False,0.1148416387963957,0.3149851057038028,2.705337518946129
2024-10-16,2024-10-16 10:15:00,0.57,True,0.1239655895093767,0.3199155170360865,2.642587415722141
2024-10-16,2024-10-16 10:16:00,0.57,False,0.1299987426642632,0.3240465377674806,2.6321316484370634
2024-10-16,2024-10-16 10:17:00,0.57,True,0.1448091791681937,0.3274343830032437,2.607785862078532
2024-10-16,2024-10-16 10:18:00,0.57,False,0.1623582420520198,0.3338281882876385,2.604431460029903
2024-10-16,2024-10-16 10:19:00,0.57,True,0.1801329861383373,0.3406011988603052,2.5999881456259604
2024-10-16,2024-10-16 10:20:00,0.57,False,0.1792424944445113,0.3432644737933956,2.607576841285676
2024-10-16,2024-10-16 10:21:00,0.57,False,0.1607478477743047,0.341458587744088,2.6340125912517673
2024-10-16,2024-10-16 10:22:00,0.565,True,0.1486797393254909,0.3381247286287518,2.657929306193684
2024-10-16,2024-10-16 10:23:00,0.57,True,0.145723039586323,0.3404967081001249,2.664272518444626
2024-10-16,2024-10-16 10:24:00,0.57,False,0.1238398852362483,0.3308974728946682,2.7206483976576012
2024-10-16,2024-10-16 10:25:00,0.57,True,0.1217358624694078,0.3315752617906313,2.720932571786414
2024-10-16,2024-10-16 10:26:00,0.57,False,0.1139473839725171,0.3345572065541948,2.6980002674243413
2024-10-16,2024-10-16 10:27:00,0.57,True,0.114352064515994,0.3342870507868393,2.6917666922555843
2024-10-16,2024-10-16 10:28:00,0.57,False,0.1358088474815706,0.3378932720644004,2.6615338910167528
2024-10-16,2024-10-16 10:29:00,0.57,True,0.1422592415072514,0.3374210079644157,2.675175255124652
2024-10-16,2024-10-16 10:30:00,0.57,True,0.1297827807366455,0.3325568703334259,2.728398790204475
2024-10-16,2024-10-16 10:31:00,0.57,True,0.1378458484960292,0.3390652862009004,2.70820455237278
2024-10-16,2024-10-16 10:32:00,0.57,True,0.1551994998389186,0.344137721631108,2.7116733745108004
2024-10-16,2024-10-16 10:33:00,0.57,True,0.1601896639579522,0.3465060581873499,2.7028566733496744
2024-10-16,2024-10-16 10:34:00,0.57,True,0.1608053991023957,0.3477713311491897,2.7098162616312735
2024-10-16,2024-10-16 10:35:00,0.57,True,0.1637629648292293,0.3474999943678952,2.7100112375950864
2024-10-16,2024-10-16 10:36:00,0.57,True,0.1606806854904631,0.3449274707311854,2.703856526084174
2024-10-16,2024-10-16 10:37:00,0.57,False,0.1667054803405067,0.3419436204336943,2.7431964821651196
2024-10-16,2024-10-16 10:38:00,0.57,False,0.1638630993772935,0.3355662418184815,2.8319215811863514
2024-10-16,2024-10-16 10:39:00,0.57,True,0.1626298960942665,0.336586208729588,2.814730914789775
2024-10-16,2024-10-16 10:40:00,0.57,True,0.1641240909720356,0.334729568544342,2.8149826507301343
2024-10-16,2024-10-16 10:41:00,0.57,False,0.1638056187661214,0.333634262319959,2.8313631105297605
2024-10-16,2024-10-16 10:42:00,0.57,False,0.1575233813616515,0.3305477271636093,2.8497377003045012
2024-10-16,2024-10-16 10:43:00,0.56,True,0.1690213008605767,0.3320621038334752,2.8691373443177803
2024-10-16,2024-10-16 10:44:00,0.57,True,0.178354122675385,0.334560079578672,2.8716431191901046
2024-10-16,2024-10-16 10:45:00,0.57,True,0.1788124824049121,0.3366196535487167,2.858855113916499
2024-10-16,2024-10-16 10:46:00,0.57,True,0.1733980989619448,0.3379618152968687,2.7967160979723285
2024-10-16,2024-10-16 10:47:00,0.57,True,0.1823768182173313,0.3403026952493129,2.798836121880526
2024-10-16,2024-10-16 10:48:00,0.57,True,0.1937916562543293,0.3484408270870078,2.7665101052332814
2024-10-16,2024-10-16 10:49:00,0.57,False,0.1992925905718834,0.3523496902893036,2.756826392042304
2024-10-16,2024-10-16 10:50:00,0.57,True,0.204365219168116,0.3566822708883728,2.7434634120315526
2024-10-16,2024-10-16 10:51:00,0.57,True,0.1960364498899434,0.352041715272666,2.7443518867118732
2024-10-16,2024-10-16 10:52:00,0.57,False,0.1760788034041594,0.3465566318675471,2.738850039526005
2024-10-16,2024-10-16 10:53:00,0.57,True,0.1717974797135069,0.3456329196224531,2.7361336166249735
2024-10-16,2024-10-16 10:54:00,0.57,True,0.1839672986280117,0.3454604563138021,2.7532002802304496
2024-10-16,2024-10-16 10:55:00,0.57,False,0.180483996059056,0.3434787593020799,2.7741762324402717
2024-10-16,2024-10-16 10:56:00,0.57,False,0.181577584048485,0.3439086959991173,2.779300796752504
2024-10-16,2024-10-16 10:57:00,0.57,True,0.1848485000529219,0.340883355375127,2.8242716870863753
2024-10-16,2024-10-16 10:58:00,0.57,True,0.1749793679149678,0.3378272467065642,2.8149034090820093
2024-10-16,2024-10-16 10:59:00,0.57,False,0.1823415669383413,0.3401864537792786,2.802450227825612
2024-10-16,2024-10-16 11:00:00,0.57,False,0.1875033849944514,0.3418135439133,2.8187102962025996
2024-10-16,2024-10-16 11:01:00,0.56,True,0.1695084930887891,0.3337151339536047,2.8612512507055374
2024-10-16,2024-10-16 11:02:00,0.57,True,0.1595734398953616,0.3329514811302526,2.8561202311073637
2024-10-16,2024-10-16 11:03:00,0.57,False,0.1471774702237506,0.3274284843670732,2.8899807629138747
2024-10-16,2024-10-16 11:04:00,0.57,True,0.1564011073805953,0.332405204808612,2.8584379507169912
2024-10-16,2024-10-16 11:05:00,0.57,True,0.1758296457483847,0.3443686211587255,2.7792053302820148
2024-10-16,2024-10-16 11:06:00,0.57,True,0.1638177971501607,0.339203074907602,2.7860761355196213
2024-10-16,2024-10-16 11:07:00,0.57,False,0.1631522671959653,0.3404918895569195,2.759874584942072
2024-10-16,2024-10-16 11:08:00,0.565,True,0.1580117623260389,0.3370695141467917,2.756186882280221
2024-10-16,2024-10-16 11:09:00,0.565,False,0.1450581536468254,0.3305976545522912,2.7877937235769803
2024-10-16,2024-10-16 11:10:00,0.565,False,0.1470199029412555,0.3290100783598533,2.8174645103747085
2024-10-16,2024-10-16 11:11:00,0.565,False,0.1369595009283564,0.327935988580998,2.822347741221762
2024-10-16,2024-10-16 11:12:00,0.565,False,0.1446968079609268,0.3310015749530454,2.811203301475015
2024-10-16,2024-10-16 11:13:00,0.57,True,0.1294255619235519,0.3255822856329303,2.81076179937541
2024-10-16,2024-10-16 11:14:00,0.57,True,0.1204724022752088,0.3228596364565023,2.806093436893707
2024-10-16,2024-10-16 11:15:00,0.57,True,0.1134819471425561,0.3193287912328471,2.8183210359921365
2024-10-16,2024-10-16 11:16:00,0.57,False,0.1073845132001738,0.3178657169376651,2.820329058154159
2024-10-16,2024-10-16 11:17:00,0.57,True,0.1031736618918726,0.318791887138944,2.813430923341385
2024-10-16,2024-10-16 11:18:00,0.57,True,0.1027262880609091,0.3174687490527525,2.8240357523881356
2024-10-16,2024-10-16 11:19:00,0.57,True,0.0983896851408981,0.3127336394767421,2.8631338723838304
2024-10-16,2024-10-16 11:20:00,0.57,True,0.0949266522841256,0.3098442626763732,2.899156531323088
2024-10-16,2024-10-16 11:21:00,0.57,True,0.0751867529096662,0.3008320436407851,2.95963519611703
2024-10-16,2024-10-16 11:22:00,0.57,False,0.0733511446277941,0.2995697618973051,2.93234436486138
2024-10-16,2024-10-16 11:23:00,0.57,False,0.0853888825700043,0.307351039808945,2.8937545955468855
2024-10-16,2024-10-16 11:24:00,0.57,True,0.1084898514229888,0.3158688871658479,2.8664575685934524
2024-10-16,2024-10-16 11:25:00,0.57,False,0.12033240424226,0.3174956168511694,2.84809632489059
2024-10-16,2024-10-16 11:26:00,0.57,False,0.1149268492256349,0.3160372054515201,2.839468371148432
2024-10-16,2024-10-16 11:27:00,0.57,False,0.1094149637848734,0.3136849920105625,2.8507562030111684
2024-10-16,2024-10-16 11:28:00,0.57,False,0.1073424115792258,0.312619023843543,2.870904452033875
2024-10-16,2024-10-16 11:29:00,0.57,False,0.1137259368817228,0.3139741555808081,2.8589247703352645
2024-10-16,2024-10-16 11:30:00,0.57,False,0.115002535868548,0.3160979557022195,2.8546726396272772
2024-10-16,2024-10-16 11:31:00,0.57,False,0.114214310101617,0.3171366822962917,2.8739769717579065
2024-10-16,2024-10-16 11:32:00,0.57,True,0.1184782969057937,0.3179992163064356,2.898299504272845
2024-10-16,2024-10-16 11:33:00,0.57,False,0.1120179764098732,0.3164546496358085,2.908609038130745
2024-10-16,2024-10-16 11:34:00,0.56,True,0.095514733490192,0.3089965831033958,2.9358945018743707
2024-10-16,2024-10-16 11:35:00,0.565,True,0.09281962309381,0.3078301872056974,2.9264353436335817
2024-10-16,2024-10-16 11:36:00,0.57,True,0.083798446359243,0.3049385184822579,2.947517088448328
2024-10-16,2024-10-16 11:37:00,0.57,True,0.0897124447913867,0.3065857924369228,2.9486672891058916
2024-10-16,2024-10-16 11:38:00,0.57,False,0.0787496777662961,0.3037239271304732,2.9476289231419996
2024-10-16,2024-10-16 11:39:00,0.57,True,0.0828191730367717,0.3059265783127307,2.9365362661490484
2024-10-16,2024-10-16 11:40:00,0.57,False,0.095903160004074,0.3089928018498754,2.9351748144871044
2024-10-16,2024-10-16 11:41:00,0.57,True,0.0936079150967251,0.3062624524384367,2.920651549903754
2024-10-16,2024-10-16 11:42:00,0.57,False,0.0941389050124463,0.3057170896697999,2.92154776648091
2024-10-16,2024-10-16 11:43:00,0.57,False,0.0966180281853125,0.305799446386643,2.9170065500910174
2024-10-16,2024-10-16 11:44:00,0.57,False,0.1168448839162603,0.3114495143371747,2.90936832641729
2024-10-16,2024-10-16 11:45:00,0.57,False,0.1151160707991968,0.31047716822956,2.913139499410283
2024-10-16,2024-10-16 11:46:00,0.57,False,0.1257533376754252,0.3139188686273413,2.904825158269037
2024-10-16,2024-10-16 11:47:00,0.57,False,0.1378206310265649,0.3183915892241643,2.8875237144477737
2024-10-16,2024-10-16 11:48:00,0.57,False,0.1334127973863539,0.3173701454956127,2.888452969853639
2024-10-16,2024-10-16 11:49:00,0.57,True,0.1320428485409641,0.3158105891646755,2.906400012589424
2024-10-16,2024-10-16 11:50:00,0.57,False,0.1365349056497615,0.3206139103077815,2.871473239259548
2024-10-16,2024-10-16 11:51:00,0.57,True,0.1449004742297097,0.3245895647137473,2.8684523828661836
2024-10-16,2024-10-16 11:52:00,0.57,False,0.1555103524718125,0.3281257647923408,2.871223546712855
2024-10-16,2024-10-16 11:53:00,0.565,True,0.1585094640991217,0.3280309066901081,2.8643188570730507
2024-10-16,2024-10-16 11:54:00,0.57,True,0.155387675207077,0.3275025207539901,2.83990941954626
2024-10-16,2024-10-16 11:55:00,0.57,True,0.1602504136212696,0.3311522104883753,2.8156092436069993
2024-10-16,2024-10-16 11:56:00,0.57,True,0.1580975996930614,0.3273599020745751,2.86225776644887
2024-10-16,2024-10-16 11:57:00,0.57,True,0.1640285186196537,0.3273843859951709,2.8779390771021487
2024-10-16,2024-10-16 11:58:00,0.57,False,0.1697712075440811,0.3293846905087799,2.873398494937976
2024-10-16,2024-10-16 11:59:00,0.57,True,0.1681600876555376,0.329250265664373,2.8797116788711836
2024-10-16,2024-10-16 12:00:00,0.57,False,0.170263859679132,0.3302809099820599,2.8769743956542344
2024-10-16,2024-10-16 12:01:00,0.57,False,0.1741691024968106,0.3313157720042755,2.87696189199723
2024-10-16,2024-10-16 12:02:00,0.57,True,0.1802852757490934,0.3342871298666571,2.8598345440458384
2024-10-16,2024-10-16 12:03:00,0.56,True,0.1789436996417237,0.3345802925687579,2.8391625463066448
2024-10-16,2024-10-16 12:04:00,0.57,True,0.1809364314423557,0.3340948704824933,2.834888067606792
2024-10-16,2024-10-16 12:05:00,0.57,False,0.1743239762119175,0.3317193873986676,2.841104857635024
2024-10-16,2024-10-16 12:06:00,0.57,True,0.1847602057473091,0.3350088262074921,2.8355595170399814
2024-10-16,2024-10-16 12:07:00,0.57,False,0.1866140648888496,0.3365908990837926,2.844708875699875
2024-10-16,2024-10-16 12:08:00,0.57,True,0.1837454577650452,0.3325701773144602,2.8604474708075003
2024-10-16,2024-10-16 12:09:00,0.57,True,0.1768393442474334,0.3317336756691549,2.8418222546713148
2024-10-16,2024-10-16 12:10:00,0.57,True,0.1626374590386986,0.325618540241311,2.87096838392005
2024-10-16,2024-10-16 12:11:00,0.57,False,0.1549548617150948,0.3224487166434807,2.8919150583094777
2024-10-16,2024-10-16 12:12:00,0.57,True,0.1460371676317332,0.3181480308945369,2.9202992283232643
2024-10-16,2024-10-16 12:13:00,0.57,True,0.1415599391207521,0.3137364680500752,2.985894803563477
2024-10-16,2024-10-16 12:14:00,0.57,True,0.1365547432117107,0.3113059475078111,2.9913618282355956
2024-10-16,2024-10-16 12:15:00,0.57,True,0.1475078630028464,0.3107696206486031,3.029607294370998
2024-10-16,2024-10-16 12:16:00,0.57,False,0.1455352817969054,0.3098153406185241,3.0358531581691075
2024-10-16,2024-10-16 12:17:00,0.57,False,0.1567170232840312,0.3140514049879272,3.007450035672701
2024-10-16,2024-10-16 12:18:00,0.57,True,0.1536714187502401,0.3157925397236782,2.977091641794772
2024-10-16,2024-10-16 12:19:00,0.57,True,0.1589349326950203,0.3176204983647168,2.9792426250361745
2024-10-16,2024-10-16 12:20:00,0.57,False,0.1574880781512212,0.3197691508756324,2.956656622599627
2024-10-16,2024-10-16 12:21:00,0.57,True,0.161402657936257,0.3189209667159527,2.966890927092832
2024-10-16,2024-10-16 12:22:00,0.57,True,0.1604963411202501,0.3174777865304428,2.98552781015928
2024-10-16,2024-10-16 12:23:00,0.57,True,0.1606642188169888,0.3198567824945448,2.944411265172355
2024-10-16,2024-10-16 12:24:00,0.57,False,0.1478428130715092,0.3162616098691077,2.9518401671031143
2024-10-16,2024-10-16 12:25:00,0.57,False,0.142289952468591,0.3155261598347941,2.950019212344684
2024-10-16,2024-10-16 12:26:00,0.57,True,0.1356182125281101,0.314009298140713,2.959256407578783
2024-10-16,2024-10-16 12:27:00,0.57,False,0.1264472206928573,0.3120412695561698,2.953221735569327
2024-10-16,2024-10-16 12:28:00,0.57,True,0.121007474112776,0.3106524511143748,2.9283152112112054
2024-10-16,2024-10-16 12:29:00,0.57,True,0.129135770416537,0.3143893539782111,2.904984154085806
2024-10-16,2024-10-16 12:30:00,0.57,True,0.1297811600064238,0.3138085976710169,2.912653068454978
2024-10-16,2024-10-16 12:31:00,0.57,True,0.1230980301147404,0.3094861891472587,2.9393154957020027
2024-10-16,2024-10-16 12:32:00,0.57,True,0.1214165273902462,0.3117710652340796,2.9352019947616625
2024-10-16,2024-10-16 12:33:00,0.57,True,0.1244595232700668,0.3118873965761077,2.9490332095102416
2024-10-16,2024-10-16 12:34:00,0.57,False,0.1260945618971971,0.3111631530888803,2.975169218289602
2024-10-16,2024-10-16 12:35:00,0.57,True,0.1351704176278274,0.3134017795802396,2.9751606709937097
2024-10-16,2024-10-16 12:36:00,0.57,True,0.1431164619060937,0.3134249015924396,2.9762767247334607
2024-10-16,2024-10-16 12:37:00,0.57,False,0.1370275874522259,0.310670888071665,2.986882601362517
2024-10-16,2024-10-16 12:38:00,0.57,False,0.1406595235673158,0.3113564857005851,2.9857422153740183
2024-10-16,2024-10-16 12:39:00,0.57,True,0.14237863839627,0.3104701637505337,2.9849224692094256
2024-10-16,2024-10-16 12:40:00,0.57,True,0.1317537729126672,0.3071860410097873,3.0003010453203265
2024-10-16,2024-10-16 12:41:00,0.57,True,0.1243590174822029,0.3068401364594156,2.980194701189588
2024-10-16,2024-10-16 12:42:00,0.57,True,0.1234715944678209,0.3065918612529502,2.9658158164067956
2024-10-16,2024-10-16 12:43:00,0.565,True,0.1347489017481644,0.308258679179533,2.9727499399444404
2024-10-16,2024-10-16 12:44:00,0.57,True,0.1263465973274238,0.3049255922590472,3.0034494981456272
2024-10-16,2024-10-16 12:45:00,0.57,True,0.1191611538816123,0.301765030894361,3.0163650779444975
2024-10-16,2024-10-16 12:46:00,0.57,True,0.1163546517585103,0.2994505597941403,3.0375720729877407
2024-10-16,2024-10-16 12:47:00,0.57,True,0.1189054253211467,0.301198290126521,3.0287777935315208
2024-10-16,2024-10-16 12:48:00,0.57,True,0.1300848683474585,0.3035939672025785,3.0299885016324084
2024-10-16,2024-10-16 12:49:00,0.57,True,0.1312808640864853,0.3040973358179067,3.030974520032645
2024-10-16,2024-10-16 12:50:00,0.57,True,0.1246117262769386,0.3004132734167495,3.051948123595732
2024-10-16,2024-10-16 12:51:00,0.57,True,0.1210054200108429,0.2999425291555657,3.060325086869413
2024-10-16,2024-10-16 12:52:00,0.57,True,0.1152624343357884,0.2995637991082311,3.051565293175887
2024-10-16,2024-10-16 12:53:00,0.57,True,0.1166918308038472,0.3004730393652806,3.0428341048696277
2024-10-16,2024-10-16 12:54:00,0.57,True,0.1155360797267935,0.3001635794173176,3.044694789866841
2024-10-16,2024-10-16 12:55:00,0.57,True,0.1125899048705243,0.3008545514899174,3.0384501229262404
2024-10-16,2024-10-16 12:56:00,0.57,False,0.1131634843841047,0.3007410737122419,3.0405976576845033
2024-10-16,2024-10-16 12:57:00,0.57,False,0.1086659603425662,0.2994206759654159,3.0458863743556965
2024-10-16,2024-10-16 12:58:00,0.57,True,0.108110943188781,0.3001076289265579,3.029447221180196
2024-10-16,2024-10-16 12:59:00,0.57,True,0.1092554393711734,0.3003416092767897,3.0276913654762865
2024-10-16,2024-10-16 13:00:00,0.57,True,0.105646390067473,0.2994866707854656,3.030886878607878
2024-10-16,2024-10-16 13:01:00,0.57,True,0.11092208423082,0.3024499675341476,3.015042796336413
2024-10-16,2024-10-16 13:02:00,0.57,True,0.1111699277721307,0.3005052915440231,3.0247900582996343
2024-10-16,2024-10-16 13:03:00,0.57,False,0.1120887595925786,0.3003827069206616,3.0399178879380027
2024-10-16,2024-10-16 13:04:00,0.56,True,0.1049006337451784,0.2988328576211485,3.048918585796151
2024-10-16,2024-10-16 13:06:00,0.56,True,0.1057910883038028,0.2962509018585614,3.055889664709662
2024-10-16,2024-10-16 13:07:00,0.56,True,0.1096801528192024,0.2974564569853763,3.0592555066386296
2024-10-16,2024-10-16 13:08:00,0.56,True,0.1161517164009633,0.3002314983041029,3.0496088399949977
2024-10-16,2024-10-16 13:09:00,0.56,False,0.1294099331663629,0.3030474532596771,3.0438454927626393
2024-10-16,2024-10-16 13:10:00,0.56,False,0.1288137924440625,0.3028705120791843,3.04747789972272
2024-10-16,2024-10-16 13:11:00,0.56,True,0.1216930647881493,0.3007451671629011,3.035624200176935
2024-10-16,2024-10-16 13:12:00,0.56,False,0.126053680102644,0.3026190977252716,3.0266181617273027
2024-10-16,2024-10-16 13:13:00,0.56,False,0.1279699305057229,0.3034489713459137,3.023349918786034
2024-10-16,2024-10-16 13:14:00,0.56,False,0.1287835562463675,0.3038583591310358,3.02509046018258
2024-10-16,2024-10-16 13:15:00,0.56,True,0.1216070063207583,0.302324646342094,3.0254552482609745
2024-10-16,2024-10-16 13:16:00,0.56,True,0.1184624224149176,0.3019003973559594,3.024786115556313
2024-10-16,2024-10-16 13:17:00,0.56,True,0.1143768835443753,0.3003124714607531,3.0256803545139435
2024-10-16,2024-10-16 13:18:00,0.56,True,0.1212529660333572,0.3016799897435396,3.016475910911853
2024-10-16,2024-10-16 13:19:00,0.56,True,0.1220281938245256,0.299968158041566,3.0324107830607443
2024-10-16,2024-10-16 13:20:00,0.56,True,0.1216667517741737,0.3012963635861322,3.014758416395221
2024-10-16,2024-10-16 13:21:00,0.56,True,0.1166309918668878,0.2965465085679435,3.049440988319479
2024-10-16,2024-10-16 13:22:00,0.56,True,0.1128104169453259,0.2954226976953069,3.0484361162671303
2024-10-16,2024-10-16 13:23:00,0.56,True,0.1064680859163266,0.2950394046355635,3.049518632735014
2024-10-16,2024-10-16 13:24:00,0.56,False,0.1010717758147571,0.2917422033758003,3.0822939584371323
2024-10-16,2024-10-16 13:25:00,0.56,True,0.1004101771720668,0.2916404730629343,3.097279803500587
2024-10-16,2024-10-16 13:26:00,0.56,True,0.1050562181758381,0.2943276893385393,3.0843752575435572
2024-10-16,2024-10-16 13:27:00,0.56,True,0.0995427018208722,0.29249885682421,3.097964242989751
2024-10-16,2024-10-16 13:28:00,0.56,True,0.0959668355131213,0.2911323414229072,3.120152718651205
2024-10-16,2024-10-16 13:29:00,0.56,True,0.096992335321453,0.29165975973349,3.110464984312406
2024-10-16,2024-10-16 13:30:00,0.56,True,0.1001478412873231,0.2921572811155333,3.1236607770577915
2024-10-16,2024-10-16 13:31:00,0.56,False,0.099331504254258,0.2933365591744883,3.113432283659099
2024-10-16,2024-10-16 13:32:00,0.56,False,0.1002542835359143,0.2942331509881233,3.1074095680104947
2024-10-16,2024-10-16 13:33:00,0.56,False,0.1057997590303127,0.2967960168038308,3.1031525991743973
2024-10-16,2024-10-16 13:34:00,0.56,True,0.0969306534655843,0.2929101626014222,3.1079627065076343
2024-10-16,2024-10-16 13:35:00,0.56,True,0.0943562280897527,0.2933686231987085,3.092719041835271
2024-10-16,2024-10-16 13:36:00,0.56,True,0.0899895409814487,0.2923319861424073,3.1040827744257364
2024-10-16,2024-10-16 13:37:00,0.56,True,0.0850001125999547,0.2903713404508029,3.110886622679888
2024-10-16,2024-10-16 13:38:00,0.56,True,0.09361960085227,0.2929344577007925,3.1000998686957506
2024-10-16,2024-10-16 13:39:00,0.56,True,0.0952727330082651,0.2917735328905605,3.1282504468030847
2024-10-16,2024-10-16 13:40:00,0.56,False,0.0970165681578916,0.2900023384408671,3.1569658129383127
2024-10-16,2024-10-16 13:41:00,0.56,True,0.1051729000605759,0.2923023878575436,3.150651328695821
2024-10-16,2024-10-16 13:42:00,0.56,False,0.1040249967409636,0.2924032794071866,3.14879263731241
2024-10-16,2024-10-16 13:43:00,0.56,False,0.1078863267309153,0.2921079473456715,3.1444889175731667
2024-10-16,2024-10-16 13:44:00,0.56,False,0.0912079529900033,0.2860301141401909,3.17135411511985
2024-10-16,2024-10-16 13:45:00,0.56,False,0.0833712422848338,0.2831859776617003,3.183190244960832
2024-10-16,2024-10-16 13:46:00,0.56,True,0.0793960111569553,0.2809138608432809,3.1960930212716105
2024-10-16,2024-10-16 13:47:00,0.56,True,0.0763931551600233,0.2786050731542542,3.2110153127535384
2024-10-16,2024-10-16 13:48:00,0.56,True,0.0742596838785855,0.2764206913779266,3.211520356815714
2024-10-16,2024-10-16 13:49:00,0.56,True,0.0697624665034732,0.2762696463507367,3.206242152799531
2024-10-16,2024-10-16 13:50:00,0.56,False,0.077771020426265,0.2815584249956753,3.1742028090558634
2024-10-16,2024-10-16 13:51:00,0.56,True,0.0727976416880901,0.280247078671512,3.17380089230811
2024-10-16,2024-10-16 13:52:00,0.56,True,0.0772233631387757,0.2827943861202719,3.154725271331584
2024-10-16,2024-10-16 13:54:00,0.56,False,0.0835260162301225,0.2818384130848536,3.148757654504982
2024-10-16,2024-10-16 13:56:00,0.56,True,0.0826250361811408,0.278088941508576,3.18746517363716
2024-10-16,2024-10-16 13:57:00,0.56,True,0.0824297097691945,0.277779657219682,3.197919580047782
2024-10-16,2024-10-16 13:58:00,0.56,True,0.0813344670933142,0.2772983292312828,3.1985469017359787
2024-10-16,2024-10-16 13:59:00,0.56,True,0.0717223457530906,0.272069819372174,3.2189994337670904
2024-10-16,2024-10-16 14:00:00,0.56,True,0.0745702678620273,0.2725340987403484,3.2171165111575992
2024-10-16,2024-10-16 14:01:00,0.56,True,0.0770296378203794,0.2739319713159687,3.2140476008954657
2024-10-16,2024-10-16 14:02:00,0.56,True,0.078512450547534,0.277040884788877,3.1951984815799195
2024-10-16,2024-10-16 14:03:00,0.56,True,0.0810601170740767,0.2769692647065465,3.199948515371455
2024-10-16,2024-10-16 14:04:00,0.56,False,0.0761984207324447,0.2752619852417607,3.200472558870406
2024-10-16,2024-10-16 14:05:00,0.56,True,0.0773821108662772,0.2773044903257924,3.18308441311276
2024-10-16,2024-10-16 14:06:00,0.56,True,0.0789408680740633,0.27965099814754,3.1595908740942003
2024-10-16,2024-10-16 14:07:00,0.56,True,0.0880980609523316,0.2827766006123406,3.146490974337528
2024-10-16,2024-10-16 14:08:00,0.56,True,0.0980417313504329,0.2844682533619971,3.151724966876888
2024-10-16,2024-10-16 14:09:00,0.55,True,0.1103966964191251,0.2888071024894095,3.1419128566082133
2024-10-16,2024-10-16 14:10:00,0.56,True,0.104797452351241,0.2867436065764626,3.1427793771087775
2024-10-16,2024-10-16 14:11:00,0.55,True,0.0962594821616744,0.2839675477252177,3.148919131552937
2024-10-16,2024-10-16 14:12:00,0.56,True,0.0918398827048811,0.2806002782630609,3.1629655872892664
2024-10-16,2024-10-16 14:13:00,0.56,True,0.085961134551208,0.2790064914903029,3.1652933317649765
2024-10-16,2024-10-16 14:14:00,0.56,True,0.0824661520032923,0.2766761571024755,3.1865969546331314
2024-10-16,2024-10-16 14:15:00,0.56,True,0.0820518635656118,0.2756606714158759,3.195529004068902
2024-10-16,2024-10-16 14:16:00,0.56,True,0.0825956621554564,0.275049320594951,3.2046364996841867
2024-10-16,2024-10-16 14:17:00,0.56,True,0.0772839777283837,0.2738692188037767,3.207815859700391
2024-10-16,2024-10-16 14:18:00,0.56,True,0.0716244254631667,0.2729051929555683,3.190089734801282
2024-10-16,2024-10-16 14:19:00,0.56,True,0.0734718192504213,0.2761685560823894,3.172987845055123
2024-10-16,2024-10-16 14:20:00,0.56,False,0.0772064788589307,0.2777916641271175,3.1734098373296256
2024-10-16,2024-10-16 14:21:00,0.56,True,0.080387732339914,0.2796470172138268,3.1625750793282905
2024-10-16,2024-10-16 14:22:00,0.56,True,0.0758031104078059,0.2775632538791691,3.1699834712135715
2024-10-16,2024-10-16 14:23:00,0.56,True,0.0775631579595355,0.2782778429204461,3.175701520049387
2024-10-16,2024-10-16 14:24:00,0.56,True,0.0676836846765249,0.2756323687708827,3.1743410151289524
2024-10-16,2024-10-16 14:25:00,0.56,True,0.0570104784886797,0.2728766952705811,3.1765101698101748
2024-10-16,2024-10-16 14:26:00,0.56,True,0.0602035775504072,0.2729735329116793,3.1701572719251474
2024-10-16,2024-10-16 14:27:00,0.56,False,0.0706331494784929,0.2762760250413725,3.1771456924511585
2024-10-16,2024-10-16 14:28:00,0.56,True,0.0663946413995139,0.274537178497655,3.1805221685128005
2024-10-16,2024-10-16 14:29:00,0.56,True,0.0672762034284243,0.2761584405242334,3.177156015224388
2024-10-16,2024-10-16 14:30:00,0.56,False,0.0706191012255417,0.2767263921892798,3.1888393560521875
2024-10-16,2024-10-16 14:31:00,0.555,True,0.0788509898964673,0.2803865770271875,3.1722503334685563
2024-10-16,2024-10-16 14:32:00,0.56,True,0.0746054163125875,0.2784741003932682,3.1871539007290934
2024-10-16,2024-10-16 14:33:00,0.56,True,0.0779558465412544,0.2764089165821777,3.217502021440238
2024-10-16,2024-10-16 14:34:00,0.56,False,0.0714498654005616,0.2715440067164932,3.255993957203352
2024-10-16,2024-10-16 14:35:00,0.56,False,0.070597041733296,0.2712450968521716,3.2422517549304932
2024-10-16,2024-10-16 14:36:00,0.56,True,0.07313507413434,0.2708769445696112,3.2396155977519716
2024-10-16,2024-10-16 14:37:00,0.56,False,0.074394353012536,0.2696471049387212,3.2403351180568394
2024-10-16,2024-10-16 14:38:00,0.56,True,0.0579549910706964,0.2640409568116261,3.267449880098295
2024-10-16,2024-10-16 14:39:00,0.56,True,0.0697670835850629,0.2684001169778789,3.2577617493156534
2024-10-16,2024-10-16 14:40:00,0.56,False,0.0759850804945279,0.2712791020563266,3.243995693492601
2024-10-16,2024-10-16 14:41:00,0.56,False,0.0719491205297376,0.2713664889561222,3.240181693475246
2024-10-16,2024-10-16 14:42:00,0.56,False,0.0684844066533589,0.2711546967886986,3.228762298389751
2024-10-16,2024-10-16 14:43:00,0.56,True,0.0738054290637613,0.2749953793042845,3.1960032990757528
2024-10-16,2024-10-16 14:44:00,0.56,True,0.0735314276097697,0.275185686028116,3.1986413520836967
2024-10-16,2024-10-16 14:45:00,0.56,True,0.0740317479856735,0.2752524415787947,3.187867907038152
2024-10-16,2024-10-16 14:46:00,0.56,True,0.0688678662962256,0.2739835133421001,3.1772875646392875
2024-10-16,2024-10-16 14:47:00,0.56,True,0.0725781094457158,0.2761451297163876,3.164830196886888
2024-10-16,2024-10-16 14:48:00,0.555,True,0.078527223127875,0.2787831472165395,3.1603564147725582
2024-10-16,2024-10-16 14:49:00,0.56,True,0.0845816765136043,0.2811780723968938,3.1462618679031653
2024-10-16,2024-10-16 14:50:00,0.56,True,0.0894445585715381,0.2824185082102713,3.1334650830472563
2024-10-16,2024-10-16 14:51:00,0.56,False,0.087062713898764,0.280490337540667,3.139562284197839
2024-10-16,2024-10-16 14:52:00,0.56,True,0.0857479863007933,0.2796068768896322,3.1368194723052487
2024-10-16,2024-10-16 14:53:00,0.56,True,0.0900566563746915,0.2808572034858922,3.118532134662909
2024-10-16,2024-10-16 14:54:00,0.56,True,0.0862907506373794,0.2813312914607973,3.1138178419084444
2024-10-16,2024-10-16 14:55:00,0.555,True,0.0771639154605803,0.2771912917749471,3.131114202140909
2024-10-16,2024-10-16 14:56:00,0.555,False,0.0779315366643141,0.2761347173558294,3.1530340828107413
2024-10-16,2024-10-16 14:57:00,0.56,True,0.0726765694797448,0.2734357596736242,3.1784764805750907
2024-10-16,2024-10-16 14:58:00,0.56,False,0.0689126027100353,0.2703993269586284,3.1825312495062037
2024-10-16,2024-10-16 14:59:00,0.55,True,0.0697846828159379,0.2698152124847601,3.1942721898186397
2024-10-16,2024-10-16 15:00:00,0.55,True,0.0763568880426238,0.2717096237916071,3.1897134622859524
2024-10-16,2024-10-16 15:01:00,0.55,True,0.0710113055766518,0.2682818276430823,3.217829003091556
2024-10-16,2024-10-16 15:02:00,0.55,False,0.0580576851828128,0.2618398957318603,3.2382681322980287
2024-10-16,2024-10-16 15:03:00,0.55,True,0.0554097600683799,0.2638527467470265,3.225129848508332
2024-10-16,2024-10-16 15:04:00,0.55,False,0.0447094702398358,0.2586913523096773,3.2463963271002503
2024-10-16,2024-10-16 15:05:00,0.56,True,0.0481230851578171,0.2595814007470111,3.2671582623996125
2024-10-16,2024-10-16 15:06:00,0.56,True,0.0487959291204626,0.2611594237044166,3.2691311692544622
2024-10-16,2024-10-16 15:07:00,0.56,True,0.0577339475928125,0.2641491530762967,3.2623007410458915
2024-10-16,2024-10-16 15:08:00,0.56,True,0.0553258458054586,0.2621286719557265,3.2699346393978312
2024-10-16,2024-10-16 15:09:00,0.56,True,0.0569971871241824,0.2618535004257272,3.2637119144492224
2024-10-16,2024-10-16 15:10:00,0.56,True,0.0549957210303782,0.2601474129675502,3.2730539352855166
2024-10-16,2024-10-16 15:11:00,0.56,True,0.0584810547174056,0.2612677376877989,3.278196610837801
2024-10-16,2024-10-16 15:12:00,0.56,True,0.0530636360971031,0.2573027709287911,3.301497171439036
2024-10-16,2024-10-16 15:13:00,0.56,True,0.0638507160436113,0.2613321221964337,3.3009178702324773
2024-10-16,2024-10-16 15:14:00,0.56,True,0.0617313461079589,0.2606398444894312,3.3094598026646285
2024-10-16,2024-10-16 15:15:00,0.56,False,0.065513957483849,0.2620359316132561,3.2987120660785134
2024-10-16,2024-10-16 15:16:00,0.56,False,0.0613511456405347,0.2600711969881877,3.307858835220368
2024-10-16,2024-10-16 15:17:00,0.56,True,0.0592727122115525,0.260252514239184,3.291035013577477
2024-10-16,2024-10-16 15:18:00,0.56,False,0.0540486412264271,0.258152565291765,3.295950330831234
2024-10-16,2024-10-16 15:19:00,0.56,True,0.0611131807944136,0.2595705595021808,3.2889605177270225
2024-10-16,2024-10-16 15:20:00,0.56,False,0.0644139469473261,0.2610300904830663,3.2801796793812934
2024-10-16,2024-10-16 15:21:00,0.555,True,0.0651032518126338,0.2610744837600316,3.268581202822716
2024-10-16,2024-10-16 15:22:00,0.555,True,0.0695287176798801,0.2652288554656257,3.247818153921975
2024-10-16,2024-10-16 15:23:00,0.56,True,0.0697891253084619,0.2657306378491882,3.2483005959961693
2024-10-16,2024-10-16 15:24:00,0.56,True,0.0701449606181976,0.2651546939254732,3.2494929774568253
2024-10-16,2024-10-16 15:25:00,0.56,True,0.0831406705619726,0.2694546086516498,3.228585603683322
2024-10-16,2024-10-16 15:26:00,0.56,True,0.0824429950998502,0.2695966651671082,3.219338167796265
2024-10-16,2024-10-16 15:27:00,0.56,False,0.0881172585243736,0.2706642945423552,3.206846764150146
2024-10-16,2024-10-16 15:28:00,0.56,False,0.0928065532187823,0.2727729860100613,3.1914778353687945
2024-10-16,2024-10-16 15:29:00,0.56,False,0.091007787981457,0.2722372388842704,3.1767148227520123
2024-10-16,2024-10-16 15:30:00,0.56,True,0.0968427950906529,0.2748985498412968,3.1639014195145
2024-10-16,2024-10-16 15:31:00,0.56,False,0.0929481532603023,0.2726222421628511,3.1851930686551087
2024-10-16,2024-10-16 15:32:00,0.55,True,0.1018016122394961,0.2753459794514878,3.1824915427481058
2024-10-16,2024-10-16 15:33:00,0.55,False,0.0975659702719564,0.2756148025688115,3.1730110478966225
2024-10-16,2024-10-16 15:34:00,0.55,False,0.0949116122965459,0.274699755628554,3.1822864737926846
2024-10-16,2024-10-16 15:35:00,0.55,False,0.096745485127274,0.2748748828502439,3.17550234818091
2024-10-16,2024-10-16 15:36:00,0.55,False,0.1002249035250278,0.2751251451540396,3.1778385504620985
2024-10-16,2024-10-16 15:37:00,0.55,False,0.0963885297343094,0.272835658525717,3.187621388483671
2024-10-16,2024-10-16 15:38:00,0.55,False,0.0924456742434805,0.2714648108215313,3.1935929250561643
2024-10-16,2024-10-16 15:39:00,0.55,False,0.0991798447624514,0.271164293234608,3.2008756005032533
2024-10-16,2024-10-16 15:40:00,0.55,True,0.0946086840625962,0.2683356085189022,3.221798562825698
2024-10-16,2024-10-16 15:41:00,0.55,False,0.0956889094932513,0.2672437812656253,3.233414236618154
2024-10-16,2024-10-16 15:42:00,0.56,True,0.0895991054600591,0.2657924932621147,3.2202630411258166
2024-10-16,2024-10-16 15:43:00,0.56,False,0.0750810217867196,0.2612938276957205,3.2544521216530646
2024-10-16,2024-10-16 15:44:00,0.56,True,0.0820828443526731,0.2634578996908691,3.252358469256905
2024-10-16,2024-10-16 15:45:00,0.56,False,0.0873341852359745,0.2656955552381193,3.248781383918579
2024-10-16,2024-10-16 15:46:00,0.56,True,0.0843048569170407,0.2635001792904684,3.261709209189412
2024-10-16,2024-10-16 15:47:00,0.56,True,0.0759161883090918,0.259675718129583,3.273800825778353
2024-10-16,2024-10-16 15:48:00,0.56,True,0.0749264034952685,0.2584025459721776,3.274634050845002
2024-10-16,2024-10-16 15:49:00,0.56,True,0.0676980148099175,0.2556957485063084,3.2963880314519645
2024-10-16,2024-10-16 15:50:00,0.56,True,0.0618444074788325,0.2557464830566529,3.2871653383263504
2024-10-16,2024-10-16 15:51:00,0.56,True,0.0638028108128692,0.2540542915802884,3.2974328642874737
2024-10-16,2024-10-16 15:52:00,0.56,True,0.0536881522773459,0.2471288418564282,3.335296533286304
2024-10-16,2024-10-16 15:53:00,0.56,False,0.0557455696118875,0.2429754497723663,3.388481954163177
2024-10-16,2024-10-16 15:54:00,0.56,False,0.0486824315695142,0.2394904281282711,3.412329948960797
2024-10-16,2024-10-16 15:55:00,0.56,True,0.0536168433876387,0.2454038826604626,3.3695004820092413
2024-10-16,2024-10-16 15:56:00,0.56,True,0.0396155374426837,0.2390294915194555,3.4200030108698236
2024-10-16,2024-10-16 15:57:00,0.56,False,0.0516899819800418,0.2444730058655759,3.3883003104685208
2024-10-16,2024-10-16 15:58:00,0.56,False,0.0507740277980912,0.2490985367374562,3.3555475289991152
2024-10-16,2024-10-16 15:59:00,0.56,False,0.0475186328113638,0.248095706189635,3.3591728214887
2024-10-16,2024-10-16 16:00:00,0.56,True,0.0424307352134304,0.2459479949651597,3.374099591686716
2024-10-17,2024-10-17 09:31:00,0.565,True,-0.0851397407110247,0.1993198778669232,3.9637510102527966
2024-10-17,2024-10-17 09:32:00,0.57,True,-0.0487137837494342,0.2211252984806475,3.903542795783138
2024-10-17,2024-10-17 09:33:00,0.57,False,0.0133760382415776,0.250647964557074,3.683957922535575
2024-10-17,2024-10-17 09:34:00,0.57,True,-0.0085408808385515,0.2392997074234932,3.645481595992684
2024-10-17,2024-10-17 09:35:00,0.57,True,0.0345422145758828,0.2513016996672017,3.618559034819401
2024-10-17,2024-10-17 09:36:00,0.57,True,0.0984105493249578,0.2708297338543717,3.5606568468788415
2024-10-17,2024-10-17 09:37:00,0.57,False,0.1362063299397231,0.2852276617267965,3.5249973122996585
2024-10-17,2024-10-17 09:38:00,0.57,True,0.158367138115021,0.2943797546777222,3.4413801489885203
2024-10-17,2024-10-17 09:39:00,0.56,True,0.1722305157644448,0.3070490277646662,3.34243751260536
2024-10-17,2024-10-17 09:40:00,0.56,False,0.1977629145604778,0.3203793086167548,3.245600219085371
2024-10-17,2024-10-17 09:41:00,0.56,False,0.1973412692416485,0.3194200470292453,3.274861070091033
2024-10-17,2024-10-17 09:42:00,0.56,False,0.1971085423257331,0.3230757584303266,3.2603864917478185
2024-10-17,2024-10-17 09:43:00,0.56,False,0.1926924567447019,0.3230694711491696,3.254426400140939
2024-10-17,2024-10-17 09:44:00,0.56,True,0.2077743350337186,0.3218825476142682,3.335058486635774
2024-10-17,2024-10-17 09:45:00,0.57,True,0.2206488993293866,0.3200329883135107,3.356462795426873
2024-10-17,2024-10-17 09:46:00,0.56,True,0.2251422169930574,0.3268476405057844,3.29540091980485
2024-10-17,2024-10-17 09:47:00,0.56,False,0.2356557706360989,0.3305751166714508,3.30361704186487
2024-10-17,2024-10-17 09:48:00,0.57,True,0.2221615054744772,0.3275956992351869,3.3044282005828003
2024-10-17,2024-10-17 09:49:00,0.57,True,0.2090390290059838,0.3274045720634762,3.2941517046964917
2024-10-17,2024-10-17 09:50:00,0.57,True,0.2185161578668492,0.3325647459245703,3.2419906001906673
2024-10-17,2024-10-17 09:51:00,0.57,True,0.1996075310224113,0.3230627925340119,3.2659415221894883
2024-10-17,2024-10-17 09:52:00,0.57,True,0.2042077418204022,0.3183838647807504,3.293328864150592
2024-10-17,2024-10-17 09:53:00,0.57,True,0.190919932973506,0.3143857733213941,3.2741073335218416
2024-10-17,2024-10-17 09:54:00,0.57,False,0.1930117310627544,0.3152515254886241,3.2327533975880955
2024-10-17,2024-10-17 09:55:00,0.57,True,0.2017036941603716,0.316432800699565,3.2431668541009913
2024-10-17,2024-10-17 09:56:00,0.57,False,0.1902348485471188,0.3055196320832086,3.34444941092449
2024-10-17,2024-10-17 09:57:00,0.58,True,0.1980875239181012,0.294934959588479,3.481711750630072
2024-10-17,2024-10-17 09:58:00,0.58,True,0.2049731108953744,0.3013703094575338,3.4681527270597
2024-10-17,2024-10-17 09:59:00,0.58,True,0.2168552541390756,0.3105894508759965,3.4358419224649137
2024-10-17,2024-10-17 10:00:00,0.58,True,0.2129737379665573,0.304405140230166,3.4764236367993666
2024-10-17,2024-10-17 10:01:00,0.58,False,0.206874148841185,0.3009896851598135,3.460137919820734
2024-10-17,2024-10-17 10:02:00,0.58,True,0.2200898478050903,0.2995400066805536,3.4770491420218153
2024-10-17,2024-10-17 10:03:00,0.58,False,0.2609388283756056,0.3115754442694946,3.4580727618644356
2024-10-17,2024-10-17 10:04:00,0.58,False,0.2720541599385885,0.3199429967598015,3.3798730568171296
2024-10-17,2024-10-17 10:05:00,0.58,True,0.2621825469843803,0.3213295995263705,3.337459490106268
2024-10-17,2024-10-17 10:06:00,0.575,True,0.2611716322219982,0.3191591096867637,3.3580913202553897
2024-10-17,2024-10-17 10:07:00,0.58,True,0.2558423042842102,0.3156489662808232,3.3871066948971533
2024-10-17,2024-10-17 10:08:00,0.575,True,0.2522217018428395,0.3169004082464741,3.405262108248264
2024-10-17,2024-10-17 10:09:00,0.58,True,0.2505888412814244,0.3123002061489285,3.4693976198683156
2024-10-17,2024-10-17 10:10:00,0.58,True,0.2779221545249055,0.3180391842746953,3.4636393705038913
2024-10-17,2024-10-17 10:11:00,0.58,False,0.2997339293015111,0.3280615109301724,3.437296163391007
2024-10-17,2024-10-17 10:12:00,0.58,True,0.2857012539716593,0.32359698117059,3.474966075459045
2024-10-17,2024-10-17 10:13:00,0.58,True,0.278499089839376,0.3229945984890161,3.480707297913487
2024-10-17,2024-10-17 10:14:00,0.58,True,0.2590396427567624,0.3127574930736954,3.5201461784532952
2024-10-17,2024-10-17 10:15:00,0.58,True,0.2208135686632457,0.3000771815792997,3.5716457206826053
2024-10-17,2024-10-17 10:16:00,0.575,True,0.2307681142873504,0.3036811440483622,3.5781451405115656
2024-10-17,2024-10-17 10:17:00,0.58,True,0.2337768545294826,0.3030437372716569,3.5887858277434344
2024-10-17,2024-10-17 10:18:00,0.58,False,0.2298055452451106,0.3035975948388764,3.5626481243884656
2024-10-17,2024-10-17 10:19:00,0.58,True,0.2277469795178884,0.3018923329079256,3.553335236455469
2024-10-17,2024-10-17 10:20:00,0.58,True,0.2123142074551101,0.2956499948261817,3.577281067773483
2024-10-17,2024-10-17 10:21:00,0.57,True,0.1930591001555739,0.2917612239747986,3.572270059410302
2024-10-17,2024-10-17 10:22:00,0.57,False,0.1969136623597783,0.2984746444291564,3.5152238777222062
2024-10-17,2024-10-17 10:23:00,0.57,True,0.2085877880450426,0.3083394045770729,3.419229649805623
2024-10-17,2024-10-17 10:24:00,0.57,False,0.2194675315506562,0.309277280534767,3.4234851714343595
2024-10-17,2024-10-17 10:25:00,0.57,True,0.2283874333918168,0.3147223642112045,3.372930125294942
2024-10-17,2024-10-17 10:26:00,0.57,True,0.2219968620535909,0.3083936292514621,3.40891282066283
2024-10-17,2024-10-17 10:27:00,0.56,True,0.1956458749714559,0.2963534742699634,3.4694353122082435
2024-10-17,2024-10-17 10:28:00,0.57,True,0.1904466277654277,0.293799121905234,3.483153696849796
2024-10-17,2024-10-17 10:29:00,0.57,True,0.2006102933054375,0.2964246990847828,3.513898777435938
2024-10-17,2024-10-17 10:30:00,0.57,True,0.1954881469046208,0.2968539110578047,3.485431773298388
2024-10-17,2024-10-17 10:31:00,0.57,True,0.188554695004266,0.2926033024807381,3.496098193164988
2024-10-17,2024-10-17 10:32:00,0.57,True,0.1907085159249126,0.2916835881197366,3.5244209633030037
2024-10-17,2024-10-17 10:33:00,0.57,True,0.2020353720448103,0.2976172523034655,3.505477254215925
2024-10-17,2024-10-17 10:34:00,0.57,True,0.2082712196534367,0.2978707592689179,3.5169460529556247
2024-10-17,2024-10-17 10:35:00,0.57,True,0.2127919983147217,0.3002825159390958,3.495117518653676
2024-10-17,2024-10-17 10:36:00,0.57,True,0.2119186803625831,0.2978339709712465,3.4877222327487796
2024-10-17,2024-10-17 10:37:00,0.57,True,0.2224018774974502,0.3009707480339642,3.4922080935198365
2024-10-17,2024-10-17 10:38:00,0.57,True,0.2344021853179968,0.3047918426438617,3.5043116804322514
2024-10-17,2024-10-17 10:39:00,0.57,False,0.2275326617560073,0.3034928974309541,3.5396510950276237
2024-10-17,2024-10-17 10:40:00,0.57,True,0.224276753572662,0.300243861475327,3.5540793417503607
2024-10-17,2024-10-17 10:41:00,0.57,True,0.2070837965332125,0.2949068949763548,3.53887622990602
2024-10-17,2024-10-17 10:42:00,0.57,True,0.1996272835689897,0.2942695976082237,3.5122643768755824
2024-10-17,2024-10-17 10:43:00,0.57,True,0.207793244626861,0.2936243070630513,3.5469400020552
2024-10-17,2024-10-17 10:44:00,0.57,True,0.2301311453171488,0.2983742368245355,3.5727240810390155
2024-10-17,2024-10-17 10:45:00,0.57,True,0.2407289171531185,0.3012756759219116,3.5640273342657216
2024-10-17,2024-10-17 10:46:00,0.57,False,0.2305165422366823,0.2983586341178199,3.5610002198331028
2024-10-17,2024-10-17 10:47:00,0.57,True,0.2365785228961988,0.2983548387136658,3.5492923767006626
2024-10-17,2024-10-17 10:48:00,0.565,True,0.2392989711720912,0.298700984828368,3.5670064990824835
2024-10-17,2024-10-17 10:49:00,0.58,True,0.2337604538947774,0.2954761811824744,3.569582183050517
2024-10-17,2024-10-17 10:50:00,0.57,True,0.2247863654705668,0.2924824290793651,3.5912422921319735
2024-10-17,2024-10-17 10:51:00,0.57,True,0.2220553330922282,0.2911263492511547,3.600085442865641
2024-10-17,2024-10-17 10:52:00,0.58,True,0.2242462844527852,0.2886796749353014,3.624571467446059
2024-10-17,2024-10-17 10:53:00,0.58,False,0.2060697777512218,0.280311935351592,3.678245952755687
2024-10-17,2024-10-17 10:54:00,0.57,True,0.1826874121283393,0.2718374530353278,3.703436012304051
2024-10-17,2024-10-17 10:55:00,0.57,False,0.1582136728187231,0.2648943938225871,3.6989310969486624
2024-10-17,2024-10-17 10:56:00,0.56,True,0.1515963532113857,0.2637950262598341,3.7046645218086542
2024-10-17,2024-10-17 10:57:00,0.57,True,0.1471324028486762,0.2624116341199611,3.6999011267764166
2024-10-17,2024-10-17 10:58:00,0.57,True,0.1300171232029087,0.2573270029167016,3.7102231660352953
2024-10-17,2024-10-17 10:59:00,0.57,True,0.1350471328961539,0.2610511184632021,3.695338732840864
2024-10-17,2024-10-17 11:00:00,0.57,False,0.1401333579998501,0.2627157423408011,3.6747918027159936
2024-10-17,2024-10-17 11:01:00,0.57,False,0.1448007690407529,0.2643084142044957,3.6651519924037834
2024-10-17,2024-10-17 11:02:00,0.57,True,0.1566642485320226,0.2735898625959534,3.5961606453039225
2024-10-17,2024-10-17 11:03:00,0.57,True,0.1632038178116894,0.2781709451751139,3.5631531520549555
2024-10-17,2024-10-17 11:04:00,0.57,True,0.15494716281064,0.2714789946006977,3.604623339112647
2024-10-17,2024-10-17 11:05:00,0.57,True,0.1608463767822404,0.2751010646097435,3.584728106261173
2024-10-17,2024-10-17 11:06:00,0.57,True,0.179897654536645,0.2842717557525416,3.543654996518973
2024-10-17,2024-10-17 11:07:00,0.57,True,0.1850368744570191,0.2901336043264205,3.5152894974077475
2024-10-17,2024-10-17 11:08:00,0.57,False,0.1769164642234987,0.2900919388578546,3.490195583075125
2024-10-17,2024-10-17 11:09:00,0.57,True,0.1587313861247941,0.2848775292576989,3.511472222118755
2024-10-17,2024-10-17 11:10:00,0.57,False,0.1456925228458262,0.2805406509701705,3.5158146504947054
2024-10-17,2024-10-17 11:11:00,0.57,True,0.135847660296265,0.2773374087933127,3.5230853135723668
2024-10-17,2024-10-17 11:12:00,0.57,True,0.1089537079918733,0.2667359516583648,3.588590901796619
2024-10-17,2024-10-17 11:13:00,0.57,False,0.0949444573585007,0.2630418283427907,3.597392431827736
2024-10-17,2024-10-17 11:14:00,0.57,False,0.0950342331035687,0.2645671739741301,3.607692273093352
2024-10-17,2024-10-17 11:15:00,0.57,True,0.0956719762193145,0.265902329484703,3.5931981374870077
2024-10-17,2024-10-17 11:16:00,0.57,False,0.1039489395771607,0.2679375172284244,3.590388062719274
2024-10-17,2024-10-17 11:17:00,0.57,True,0.121652233794028,0.274422055218696,3.5630337429765784
2024-10-17,2024-10-17 11:18:00,0.57,False,0.1272492791275886,0.2761170355943976,3.5788728081821892
2024-10-17,2024-10-17 11:19:00,0.57,True,0.12984021514451,0.275514820998078,3.5933571858623856
2024-10-17,2024-10-17 11:20:00,0.57,True,0.1217157971669459,0.273233678451644,3.6006563709068287
2024-10-17,2024-10-17 11:21:00,0.57,True,0.1217850648022881,0.2735042886287064,3.617472612057622
2024-10-17,2024-10-17 11:22:00,0.57,True,0.1143150959409602,0.2716820825900961,3.6188976337782486
2024-10-17,2024-10-17 11:23:00,0.57,True,0.1100715461614789,0.2703651113683697,3.609347514165522
2024-10-17,2024-10-17 11:24:00,0.57,True,0.1086015634984303,0.2687369486507301,3.6151176438827055
2024-10-17,2024-10-17 11:25:00,0.57,False,0.1182220041465384,0.2758640930737643,3.580361830698869
2024-10-17,2024-10-17 11:26:00,0.57,True,0.1287346526522702,0.280846674500992,3.5475440644836835
2024-10-17,2024-10-17 11:27:00,0.57,False,0.1130360881892116,0.2721558770057208,3.602922030913187
2024-10-17,2024-10-17 11:28:00,0.57,True,0.1082437077843292,0.2715368223345862,3.591528134155465
2024-10-17,2024-10-17 11:29:00,0.57,True,0.1176240094363443,0.2757158547268877,3.564856703657997
2024-10-17,2024-10-17 11:30:00,0.57,True,0.1167897827209246,0.2760436648562496,3.5494308472949965
2024-10-17,2024-10-17 11:31:00,0.57,False,0.119033407547891,0.2799668059698703,3.5246108246881453
2024-10-17,2024-10-17 11:32:00,0.56,True,0.1234643629991605,0.2824493695049002,3.50818058462093
2024-10-17,2024-10-17 11:33:00,0.565,True,0.1268014744736206,0.282528600848611,3.522559665836061
2024-10-17,2024-10-17 11:34:00,0.57,True,0.1277022651875066,0.2800702539228679,3.5712586601126883
2024-10-17,2024-10-17 11:35:00,0.57,True,0.121238690317487,0.2802942737151975,3.570504896370513
2024-10-17,2024-10-17 11:36:00,0.57,True,0.1117069824501502,0.2789404350638528,3.560028468143592
2024-10-17,2024-10-17 11:37:00,0.565,True,0.1208734368144883,0.2795721095230875,3.562871944361085
2024-10-17,2024-10-17 11:38:00,0.57,True,0.1311154459793302,0.2854992324228091,3.512212236021109
2024-10-17,2024-10-17 11:39:00,0.57,True,0.1297870412588411,0.2854127251098917,3.4700424033849715
2024-10-17,2024-10-17 11:40:00,0.57,True,0.1288305780319446,0.284467295255143,3.4891740931820348
2024-10-17,2024-10-17 11:41:00,0.57,True,0.1295483159788706,0.2858705999710333,3.4872251414242
2024-10-17,2024-10-17 11:42:00,0.57,True,0.1384481185321702,0.2893215195303716,3.478375256027439
2024-10-17,2024-10-17 11:43:00,0.57,False,0.1324643693917742,0.2872437685722822,3.4823440778949757
2024-10-17,2024-10-17 11:44:00,0.57,True,0.1232237346495301,0.2847964786181008,3.490113061041584
2024-10-17,2024-10-17 11:45:00,0.57,False,0.1251689064150398,0.2860564735296291,3.4769623411411934
2024-10-17,2024-10-17 11:46:00,0.57,True,0.1202855551594186,0.2836546863515349,3.4683186794727083
2024-10-17,2024-10-17 11:47:00,0.57,True,0.1284982008580057,0.2886467515421445,3.4386351940449815
2024-10-17,2024-10-17 11:48:00,0.56,True,0.1340394544432908,0.2906765875591381,3.4230304591456964
2024-10-17,2024-10-17 11:49:00,0.57,True,0.1302989959654925,0.2865222164663852,3.455542513339033
2024-10-17,2024-10-17 11:50:00,0.57,True,0.1252044916043811,0.2833325101071718,3.474812509207174
2024-10-17,2024-10-17 11:51:00,0.57,True,0.1180632388958908,0.2811708592313572,3.4880001064470783
2024-10-17,2024-10-17 11:52:00,0.57,True,0.1195937286939682,0.2824330762946517,3.4802687653561595
2024-10-17,2024-10-17 11:53:00,0.57,True,0.1199755417986507,0.2822686307642206,3.477035299207364
2024-10-17,2024-10-17 11:54:00,0.57,True,0.1146212565439088,0.2803232497490647,3.4840490421548926
2024-10-17,2024-10-17 11:55:00,0.57,True,0.1218077237905563,0.2825101364046812,3.485666432950264
2024-10-17,2024-10-17 11:56:00,0.57,True,0.132328873310437,0.287476681537821,3.4584964326878223
2024-10-17,2024-10-17 11:57:00,0.57,True,0.1290199199051833,0.2860033647398886,3.444059538562217
2024-10-17,2024-10-17 11:58:00,0.57,True,0.1197666130599363,0.2827635840755869,3.452645592268906
2024-10-17,2024-10-17 11:59:00,0.57,True,0.111789457361598,0.2821918819153111,3.4356454328984243
2024-10-17,2024-10-17 12:00:00,0.57,True,0.1040127942110667,0.2811191348560808,3.430761991867642
2024-10-17,2024-10-17 12:01:00,0.57,True,0.1004931909385348,0.2794085179634032,3.4217043640142224
2024-10-17,2024-10-17 12:02:00,0.57,True,0.1051616216169997,0.2788489220259176,3.4270061740573436
2024-10-17,2024-10-17 12:03:00,0.57,True,0.0984286076767159,0.277292111363323,3.4150222758477624
2024-10-17,2024-10-17 12:04:00,0.57,True,0.0977873878123889,0.2755541071667958,3.426040997033456
2024-10-17,2024-10-17 12:05:00,0.57,False,0.1053389990316743,0.2751529527205439,3.453647496909506
2024-10-17,2024-10-17 12:06:00,0.57,True,0.1022626082374394,0.2710981363106804,3.4925121922147575
2024-10-17,2024-10-17 12:07:00,0.57,False,0.0976988689083647,0.2694782225042192,3.504536092015074
2024-10-17,2024-10-17 12:08:00,0.57,True,0.0929727579325583,0.2657719195416803,3.538043876839959
2024-10-17,2024-10-17 12:09:00,0.56,True,0.0908850836005308,0.2638869599425477,3.5583644919008535
2024-10-17,2024-10-17 12:10:00,0.57,True,0.0967598604554353,0.2665554685719514,3.555780353051108
2024-10-17,2024-10-17 12:11:00,0.57,True,0.1021148949347331,0.2716502405537095,3.520811296963497
2024-10-17,2024-10-17 12:12:00,0.57,False,0.1074710430430627,0.2728414098984454,3.51519766170178
2024-10-17,2024-10-17 12:13:00,0.57,False,0.1169094529352938,0.2767966457281735,3.5026328677143637
2024-10-17,2024-10-17 12:14:00,0.57,True,0.1182831885411115,0.2772141909848691,3.5222892837457778
2024-10-17,2024-10-17 12:15:00,0.57,True,0.1127603032306944,0.2765380110395428,3.534170608178833
2024-10-17,2024-10-17 12:16:00,0.57,True,0.1161994813906607,0.2771776677289418,3.5558270283904143
2024-10-17,2024-10-17 12:17:00,0.57,True,0.1161543113287184,0.278124142640695,3.5386467944714144
2024-10-17,2024-10-17 12:18:00,0.56,True,0.1075193113313508,0.2761069456362005,3.5307997878275086
2024-10-17,2024-10-17 12:19:00,0.56,True,0.1131891632510804,0.2774721277910315,3.529762049581652
2024-10-17,2024-10-17 12:20:00,0.56,True,0.1123329880040592,0.2778064680777554,3.5142892146842453
2024-10-17,2024-10-17 12:21:00,0.56,True,0.1118226942954182,0.2774498468667814,3.52197145806407
2024-10-17,2024-10-17 12:22:00,0.56,False,0.1074195694665839,0.2766172952046307,3.534338588761729
2024-10-17,2024-10-17 12:23:00,0.56,True,0.1113480780628191,0.2765826704291949,3.5315860988417125
2024-10-17,2024-10-17 12:24:00,0.56,False,0.1137591754952931,0.2764446388034897,3.543266067632963
2024-10-17,2024-10-17 12:25:00,0.55,True,0.1079003676761204,0.2748054423866679,3.551961711774687
2024-10-17,2024-10-17 12:26:00,0.56,True,0.1105459387456024,0.2743584046377004,3.5655471830349357
2024-10-17,2024-10-17 12:27:00,0.56,True,0.1181317833788929,0.2749259467398878,3.5700091562065186
2024-10-17,2024-10-17 12:28:00,0.56,True,0.1197614624433752,0.2749022339082879,3.57683513335802
2024-10-17,2024-10-17 12:29:00,0.56,True,0.1226897676740368,0.2763159832488134,3.565954840090413
2024-10-17,2024-10-17 12:30:00,0.56,True,0.1145612187373404,0.272934403748773,3.5705536131726148
2024-10-17,2024-10-17 12:31:00,0.555,True,0.1095421211203635,0.269534412353843,3.5788371310305935
2024-10-17,2024-10-17 12:32:00,0.56,True,0.1079945644080204,0.2683469362428987,3.579626059415785
2024-10-17,2024-10-17 12:33:00,0.56,True,0.101628679768813,0.2658106616843315,3.5924970762502437
2024-10-17,2024-10-17 12:34:00,0.555,True,0.0917892953941089,0.258352659773539,3.644910184047825
2024-10-17,2024-10-17 12:35:00,0.56,True,0.1033336663359354,0.2609793314516083,3.644052553932376
2024-10-17,2024-10-17 12:36:00,0.56,True,0.0973149321047804,0.2594072224462871,3.660033232323405
2024-10-17,2024-10-17 12:37:00,0.56,True,0.0956200499808359,0.2578297087734835,3.659808561934758
2024-10-17,2024-10-17 12:38:00,0.56,True,0.0990574679494447,0.2602674204197717,3.6455064803836272
2024-10-17,2024-10-17 12:39:00,0.56,True,0.0981812551764737,0.2613517953429001,3.6436904084167185
2024-10-17,2024-10-17 12:40:00,0.56,True,0.0999918288298138,0.2639796419173464,3.619967356416558
2024-10-17,2024-10-17 12:41:00,0.56,True,0.0981773489768563,0.2650566042625575,3.61215950195415
2024-10-17,2024-10-17 12:42:00,0.56,True,0.0881473081693651,0.2591600328205591,3.629537789859995
2024-10-17,2024-10-17 12:43:00,0.56,True,0.0839496333491811,0.2577698750698499,3.6271940292385567
2024-10-17,2024-10-17 12:44:00,0.56,True,0.0756303553860233,0.254441344886027,3.643475272982835
2024-10-17,2024-10-17 12:45:00,0.56,True,0.0764325137976439,0.2548960264742889,3.633843602725071
2024-10-17,2024-10-17 12:46:00,0.56,True,0.0763097840064359,0.2551141656699581,3.6348449825122886
2024-10-17,2024-10-17 12:47:00,0.56,True,0.0888845904367384,0.2585404543440224,3.644861146805456
2024-10-17,2024-10-17 12:48:00,0.56,False,0.0901486980754968,0.2598386632970232,3.64299994757503
2024-10-17,2024-10-17 12:49:00,0.56,False,0.0903465935400628,0.2601596248617671,3.6423680825226823
2024-10-17,2024-10-17 12:50:00,0.56,True,0.0901595089790577,0.2580139570785598,3.6639758779703793
2024-10-17,2024-10-17 12:51:00,0.56,True,0.0906495729548109,0.2552001579994577,3.683099879696871
2024-10-17,2024-10-17 12:52:00,0.56,True,0.0937626521135305,0.2569304679811264,3.6706567953324214
2024-10-17,2024-10-17 12:53:00,0.56,True,0.1017593537265624,0.2622448890525845,3.653689400366142
2024-10-17,2024-10-17 12:54:00,0.56,False,0.1018777976425036,0.2620190958285743,3.6515752540121458
2024-10-17,2024-10-17 12:55:00,0.56,True,0.1049707815356161,0.2684213595371856,3.5991286447602926
2024-10-17,2024-10-17 12:56:00,0.57,True,0.1114323041383067,0.2730920138932946,3.574649482406219
2024-10-17,2024-10-17 12:57:00,0.56,True,0.1122169814537779,0.2765569558060259,3.545871718551146
2024-10-17,2024-10-17 12:58:00,0.57,True,0.1199670980049883,0.2807464850689422,3.5146833750002187
2024-10-17,2024-10-17 12:59:00,0.57,False,0.1301647538309456,0.2867496654120173,3.4885270184914248
2024-10-17,2024-10-17 13:00:00,0.57,True,0.1352154482867464,0.2885585848063179,3.4862076135361235
2024-10-17,2024-10-17 13:01:00,0.56,True,0.1285101704588002,0.2883718686558483,3.4710687499422463
2024-10-17,2024-10-17 13:02:00,0.56,True,0.1419247360976727,0.2945388272484126,3.442396442490543
2024-10-17,2024-10-17 13:03:00,0.56,True,0.1442114045720878,0.2980452521998178,3.4157049337597187
2024-10-17,2024-10-17 13:04:00,0.56,True,0.1284723600470127,0.2941030678009679,3.4139285046272416
2024-10-17,2024-10-17 13:05:00,0.56,True,0.1234524003894294,0.291738211426671,3.4224549212134945
2024-10-17,2024-10-17 13:06:00,0.56,True,0.1296056694933779,0.2949299636200808,3.398156620779273
2024-10-17,2024-10-17 13:07:00,0.56,True,0.0971034386222429,0.2884384362832779,3.390921343987402
2024-10-17,2024-10-17 13:08:00,0.56,True,0.0970247973458551,0.2883032359566542,3.3685924167702184
2024-10-17,2024-10-17 13:09:00,0.56,True,0.1287636909047121,0.2949655605693195,3.333588387931814
2024-10-17,2024-10-17 13:10:00,0.56,True,0.1417224516239471,0.2984230044960182,3.340981895216084
2024-10-17,2024-10-17 13:11:00,0.56,True,0.1505314551454608,0.3002252999023449,3.3280628153920966
2024-10-17,2024-10-17 13:12:00,0.56,True,0.174353004034184,0.3107858943651584,3.276747881820044
2024-10-17,2024-10-17 13:13:00,0.555,True,0.1777852629027775,0.3118719155127801,3.2757579316964387
2024-10-17,2024-10-17 13:14:00,0.56,True,0.1730616417489202,0.3132337402321052,3.2485228951214777
2024-10-17,2024-10-17 13:15:00,0.56,True,0.1636531010073805,0.3126720149599319,3.249188543519016
2024-10-17,2024-10-17 13:16:00,0.56,True,0.160476274732096,0.3117080636328836,3.2524127085159353
2024-10-17,2024-10-17 13:17:00,0.555,True,0.1614941449866151,0.3105547929641005,3.2498689852834164
2024-10-17,2024-10-17 13:18:00,0.56,True,0.1620880749636171,0.3083970260675901,3.2508331612217765
2024-10-17,2024-10-17 13:19:00,0.56,True,0.16358458242343,0.3082943719631702,3.255287982696854
2024-10-17,2024-10-17 13:20:00,0.56,True,0.1731808172536547,0.3105027262272999,3.2573722889584813
2024-10-17,2024-10-17 13:21:00,0.56,True,0.1667997583277748,0.3078592347861925,3.2573199835766684
2024-10-17,2024-10-17 13:22:00,0.56,True,0.1608450050995089,0.307466210729733,3.244592869303668
2024-10-17,2024-10-17 13:23:00,0.56,True,0.1634530629437741,0.310352095413557,3.2314961827592272
2024-10-17,2024-10-17 13:24:00,0.56,True,0.1672224864338424,0.3133214512501924,3.208105769071272
2024-10-17,2024-10-17 13:25:00,0.56,True,0.1653394293711579,0.315097751939333,3.185792806197525
2024-10-17,2024-10-17 13:26:00,0.56,True,0.1606071052319235,0.3147344895617,3.1719901507121895
2024-10-17,2024-10-17 13:27:00,0.56,True,0.1559859754008586,0.3141588598906532,3.17892500543293
2024-10-17,2024-10-17 13:28:00,0.56,True,0.1566669332235646,0.3128758560551649,3.1882198237724797
2024-10-17,2024-10-17 13:29:00,0.56,True,0.1597283121860799,0.3144973911828395,3.189796114154508
2024-10-17,2024-10-17 13:30:00,0.56,True,0.1676252917052414,0.315951734508532,3.1823383401601717
2024-10-17,2024-10-17 13:31:00,0.56,True,0.1729495295395427,0.3187735602421276,3.15415729438873
2024-10-17,2024-10-17 13:32:00,0.56,True,0.1665145763590599,0.3192924727417386,3.1274886053961253
2024-10-17,2024-10-17 13:33:00,0.56,True,0.1641127010500117,0.3201389031905036,3.1116161342145445
2024-10-17,2024-10-17 13:34:00,0.56,True,0.1626048926099023,0.320403274723921,3.105400153823747
2024-10-17,2024-10-17 13:35:00,0.56,True,0.1705382165764081,0.3272536560596423,3.064242053472947
2024-10-17,2024-10-17 13:36:00,0.56,False,0.1672117273607608,0.3243183311702803,3.0846434545036323
2024-10-17,2024-10-17 13:37:00,0.56,True,0.1601681384335727,0.320823261062184,3.1214193533523797
2024-10-17,2024-10-17 13:38:00,0.56,True,0.1541682768263363,0.3183861044031715,3.1140445355330857
2024-10-17,2024-10-17 13:39:00,0.56,False,0.1605084405966403,0.3181831930570602,3.118914687558678
2024-10-17,2024-10-17 13:40:00,0.56,True,0.1632745010855616,0.3182581960727734,3.115395998881876
2024-10-17,2024-10-17 13:41:00,0.56,True,0.1670906689513048,0.3192706603813343,3.1215770858542164
2024-10-17,2024-10-17 13:42:00,0.56,True,0.1713361058849664,0.320378033267535,3.1300878459559245
2024-10-17,2024-10-17 13:43:00,0.56,True,0.1656384797526403,0.3185633154617413,3.1412209380859477
2024-10-17,2024-10-17 13:44:00,0.56,False,0.1594232456701412,0.3132545704018588,3.1747521655713475
2024-10-17,2024-10-17 13:45:00,0.56,True,0.1562058787684504,0.3123636513779544,3.168699052846018
2024-10-17,2024-10-17 13:46:00,0.56,True,0.152949165054795,0.3121335552333321,3.160218345776707
2024-10-17,2024-10-17 13:47:00,0.56,True,0.1597985483517797,0.3144462115135886,3.151728481166479
2024-10-17,2024-10-17 13:48:00,0.56,True,0.1582488056781062,0.3146955112649193,3.1447163281798822
2024-10-17,2024-10-17 13:49:00,0.56,True,0.1529523393699767,0.3133378219451518,3.1328436205585386
2024-10-17,2024-10-17 13:50:00,0.56,True,0.1502391164390135,0.3126627321867958,3.1261757507612855
2024-10-17,2024-10-17 13:51:00,0.56,True,0.1465982366542267,0.312294702235395,3.1362156938053576
2024-10-17,2024-10-17 13:52:00,0.56,True,0.1508744913266078,0.3113134132678591,3.1497595065474733
2024-10-17,2024-10-17 13:53:00,0.56,True,0.1587326142538484,0.312562040204654,3.160562252911903
2024-10-17,2024-10-17 13:54:00,0.56,True,0.1570423600926261,0.3116623191023123,3.1764552085997426
2024-10-17,2024-10-17 13:55:00,0.56,True,0.16191028375171,0.3129976724431469,3.1571841326596046
2024-10-17,2024-10-17 13:56:00,0.56,True,0.1657070183499009,0.3128089381294772,3.159767582149298
2024-10-17,2024-10-17 13:57:00,0.56,True,0.1680246310220968,0.312125467024437,3.167137947734408
2024-10-17,2024-10-17 13:58:00,0.56,True,0.1706920406409971,0.3141778386791336,3.1475623293600408
2024-10-17,2024-10-17 13:59:00,0.56,True,0.1705230789500439,0.3149107423166032,3.1246906132246273
2024-10-17,2024-10-17 14:00:00,0.56,True,0.1685837624335798,0.3164003891763622,3.097277196441698
2024-10-17,2024-10-17 14:01:00,0.56,False,0.1709899487555344,0.3168181775347536,3.081673848603028
2024-10-17,2024-10-17 14:02:00,0.56,True,0.1679505218136164,0.316313679503999,3.0671094016826164
2024-10-17,2024-10-17 14:03:00,0.56,True,0.1775550597237112,0.3199326993084009,3.0632599418828
2024-10-17,2024-10-17 14:04:00,0.56,False,0.1768462020007946,0.3216815519379417,3.054524239484811
2024-10-17,2024-10-17 14:05:00,0.56,True,0.1761400861168065,0.3203592642008967,3.056095781780945
2024-10-17,2024-10-17 14:06:00,0.56,True,0.1804284962371666,0.3192840009083928,3.070946476157408
2024-10-17,2024-10-17 14:07:00,0.56,True,0.1756610456459247,0.316780069915659,3.088233177581884
2024-10-17,2024-10-17 14:08:00,0.56,True,0.1741953800819226,0.3145468397683145,3.097284705867533
2024-10-17,2024-10-17 14:09:00,0.56,True,0.1748982201845543,0.3136402886535543,3.110776313056838
2024-10-17,2024-10-17 14:10:00,0.56,False,0.1786919192537439,0.3123130280959403,3.147911572494184
2024-10-17,2024-10-17 14:11:00,0.56,False,0.1811070459992946,0.3130553580587838,3.1468018432466933
2024-10-17,2024-10-17 14:12:00,0.56,False,0.175970712047459,0.3124792893352215,3.1543921635041277
2024-10-17,2024-10-17 14:13:00,0.56,True,0.181260518834134,0.3172566591517545,3.152423603167949
2024-10-17,2024-10-17 14:14:00,0.56,False,0.1860865364043779,0.3218279922260252,3.137670845863579
2024-10-17,2024-10-17 14:15:00,0.56,True,0.1885756890441645,0.3234100521608462,3.1284083687618596
2024-10-17,2024-10-17 14:16:00,0.56,False,0.1975206126829997,0.3255449162930564,3.1156704318354653
2024-10-17,2024-10-17 14:17:00,0.56,True,0.1964204703744701,0.3261743605813899,3.1229655120315973
2024-10-17,2024-10-17 14:18:00,0.55,True,0.2098270412425986,0.3328986290031085,3.1036599743422695
2024-10-17,2024-10-17 14:19:00,0.56,True,0.2156763119700055,0.3349804738093275,3.1053840251532066
2024-10-17,2024-10-17 14:20:00,0.56,False,0.2157014740571077,0.3335156020344084,3.124267643735159
2024-10-17,2024-10-17 14:21:00,0.56,True,0.2180294720688095,0.3319076727057813,3.1272410049757924
2024-10-17,2024-10-17 14:22:00,0.56,True,0.2181689050504555,0.3319682607781087,3.142942656510923
2024-10-17,2024-10-17 14:23:00,0.56,True,0.2192395770943906,0.331254844076172,3.1875580742933023
2024-10-17,2024-10-17 14:24:00,0.56,True,0.2207648018224676,0.3296203695338091,3.2190282390785367
2024-10-17,2024-10-17 14:25:00,0.56,False,0.2183376311373775,0.3288778548219103,3.2312139091861587
2024-10-17,2024-10-17 14:26:00,0.56,False,0.2120237072430709,0.3290095746504222,3.236375812918235
2024-10-17,2024-10-17 14:27:00,0.56,True,0.2073142383779752,0.3282845024454964,3.223273056471647
2024-10-17,2024-10-17 14:28:00,0.56,True,0.2097420510427761,0.3298318663800125,3.2165567364048604
2024-10-17,2024-10-17 14:29:00,0.56,True,0.2097985437635752,0.3299539537569998,3.224790321890239
2024-10-17,2024-10-17 14:30:00,0.56,True,0.2081368523962017,0.3274151904488214,3.2350158539356757
2024-10-17,2024-10-17 14:31:00,0.56,True,0.2075397099484181,0.3288365695396426,3.225213555345981
2024-10-17,2024-10-17 14:32:00,0.56,False,0.2064315255013369,0.3290196495021869,3.2098649163209023
2024-10-17,2024-10-17 14:33:00,0.56,True,0.2085283970122237,0.3290996308830902,3.2236843106691353
2024-10-17,2024-10-17 14:34:00,0.56,True,0.207139533739241,0.327648748619874,3.2314740608071277
2024-10-17,2024-10-17 14:35:00,0.56,True,0.2154921983575026,0.3290231702894003,3.2384171950572487
2024-10-17,2024-10-17 14:36:00,0.56,True,0.2192645441292671,0.3310948024005629,3.235976580434784
2024-10-17,2024-10-17 14:37:00,0.56,True,0.2298401306281452,0.3322212781524341,3.2464659085959573
2024-10-17,2024-10-17 14:38:00,0.56,False,0.2168567926763348,0.3290825227425158,3.240259885959237
2024-10-17,2024-10-17 14:39:00,0.56,False,0.2089650304888012,0.3255080553540795,3.251819435686939
2024-10-17,2024-10-17 14:40:00,0.56,True,0.2094376876155648,0.327579717795689,3.2329358277141207
2024-10-17,2024-10-17 14:41:00,0.56,True,0.2099643029689005,0.3278603302646797,3.228676929508103
2024-10-17,2024-10-17 14:42:00,0.56,True,0.2132170007986026,0.3285707387520938,3.236819192782783
2024-10-17,2024-10-17 14:43:00,0.56,False,0.2159778856326833,0.3313722014016227,3.225270068067177
2024-10-17,2024-10-17 14:44:00,0.56,False,0.2146798869357481,0.3315477497855722,3.2164778608512763
2024-10-17,2024-10-17 14:46:00,0.56,True,0.2117424539960646,0.3318900032873775,3.221964064431744
2024-10-17,2024-10-17 14:47:00,0.56,True,0.2126670653242985,0.3330162657187371,3.1991838447236156
2024-10-17,2024-10-17 14:48:00,0.56,False,0.2051139756517734,0.3324502517235379,3.1912435548081537
2024-10-17,2024-10-17 14:49:00,0.56,True,0.2018787570614261,0.3322693585927069,3.1966650148135782
2024-10-17,2024-10-17 14:50:00,0.56,True,0.1996528641910181,0.3319612501381168,3.1965288435963277
2024-10-17,2024-10-17 14:51:00,0.56,True,0.1964202699867557,0.3331401634481908,3.1979725923744753
2024-10-17,2024-10-17 14:52:00,0.56,True,0.1980059205559309,0.3349895162810038,3.196327577226371
2024-10-17,2024-10-17 14:53:00,0.555,True,0.1927923643988526,0.3336678302308523,3.1859006696013994
2024-10-17,2024-10-17 14:54:00,0.555,False,0.189619202178959,0.3314887103158976,3.208214975848994
2024-10-17,2024-10-17 14:55:00,0.56,True,0.1870037109826458,0.3304107404521409,3.2048130205205174
2024-10-17,2024-10-17 14:56:00,0.56,True,0.1920947932624775,0.3311881324488259,3.2067063166249965
2024-10-17,2024-10-17 14:57:00,0.56,True,0.2008723056307023,0.3390891176332881,3.1512115249606643
2024-10-17,2024-10-17 14:58:00,0.56,False,0.19976506664233,0.3397326236705656,3.1454570399240365
2024-10-17,2024-10-17 14:59:00,0.56,False,0.1981544946896194,0.3401172038938388,3.117242354400392
2024-10-17,2024-10-17 15:00:00,0.56,True,0.1983759181428585,0.3394695070869865,3.129996541679534
2024-10-17,2024-10-17 15:01:00,0.56,True,0.2012961568408816,0.3397946556256542,3.135009653180005
2024-10-17,2024-10-17 15:02:00,0.56,True,0.2063598801809454,0.341807442144881,3.116762660907088
2024-10-17,2024-10-17 15:03:00,0.56,False,0.2153066374698454,0.3459589414374049,3.090896977320633
2024-10-17,2024-10-17 15:04:00,0.56,True,0.2255667420628374,0.3503362524293553,3.0592480434108893
2024-10-17,2024-10-17 15:05:00,0.56,True,0.2335175415950985,0.3512171811769253,3.068988353595411
2024-10-17,2024-10-17 15:06:00,0.56,True,0.226275439048148,0.3454588920978402,3.0996175270755786
2024-10-17,2024-10-17 15:07:00,0.56,False,0.2152755424529757,0.3417587847587897,3.0981909844986357
2024-10-17,2024-10-17 15:08:00,0.56,True,0.2168190356083439,0.3453464367466233,3.073350420133311
2024-10-17,2024-10-17 15:09:00,0.56,True,0.2150624334004456,0.3431367117572877,3.08513998110286
2024-10-17,2024-10-17 15:10:00,0.56,True,0.2069628298072405,0.3377858237255581,3.1284035765655704
2024-10-17,2024-10-17 15:11:00,0.56,True,0.2021337692352866,0.3342237564815838,3.146429176956871
2024-10-17,2024-10-17 15:12:00,0.56,True,0.1998845905446744,0.3338550068641338,3.1576069567543836
2024-10-17,2024-10-17 15:13:00,0.56,True,0.1938214576339207,0.3289063926174982,3.1955398304777396
2024-10-17,2024-10-17 15:14:00,0.55,True,0.1956689730880067,0.3276973002578979,3.2233340046513277
2024-10-17,2024-10-17 15:15:00,0.55,False,0.1981218648257476,0.3283464775689607,3.2212462341226127
2024-10-17,2024-10-17 15:16:00,0.55,True,0.1949924433688068,0.32939859061718,3.2041936332700356
2024-10-17,2024-10-17 15:17:00,0.55,False,0.1951554360066331,0.3271165909048558,3.2370948214498947
2024-10-17,2024-10-17 15:18:00,0.56,True,0.2002957410238744,0.3279734072990951,3.2435364783429237
2024-10-17,2024-10-17 15:19:00,0.55,True,0.1951269173499442,0.3243382464655372,3.262476530094826
2024-10-17,2024-10-17 15:20:00,0.56,True,0.1971788482354806,0.322484836261471,3.276433039757065
2024-10-17,2024-10-17 15:21:00,0.56,True,0.1945462938621567,0.3216985983789565,3.2764841002400336
2024-10-17,2024-10-17 15:22:00,0.56,False,0.2030051516069418,0.3244536933520145,3.2680534895033713
2024-10-17,2024-10-17 15:23:00,0.56,False,0.2081691539424879,0.3265149861062204,3.2597572284611713
2024-10-17,2024-10-17 15:24:00,0.56,True,0.2056414618741877,0.3273919410155733,3.245885378625271
2024-10-17,2024-10-17 15:25:00,0.56,True,0.2073212918584278,0.3271045575954028,3.2446592467521267
2024-10-17,2024-10-17 15:26:00,0.56,True,0.2055617315786692,0.3262715461138594,3.2432472567100405
2024-10-17,2024-10-17 15:27:00,0.56,True,0.2100691500380178,0.3278995896519218,3.2353263344178584
2024-10-17,2024-10-17 15:28:00,0.56,True,0.2121804477305183,0.3284542107560625,3.243527716648169
2024-10-17,2024-10-17 15:29:00,0.56,True,0.2188281495821909,0.3302675638796128,3.26232541169101
2024-10-17,2024-10-17 15:30:00,0.56,True,0.2257829592861667,0.3313977516044587,3.273133225529566
2024-10-17,2024-10-17 15:31:00,0.56,True,0.2246002874513646,0.3288677155561541,3.296670692271367
2024-10-17,2024-10-17 15:32:00,0.56,True,0.2237862403644503,0.32987527683338,3.280803230058024
2024-10-17,2024-10-17 15:33:00,0.56,True,0.2236719548545526,0.331113935309005,3.277537954277826
2024-10-17,2024-10-17 15:34:00,0.56,True,0.2275436183695048,0.3350125884611608,3.2553158211378967
2024-10-17,2024-10-17 15:35:00,0.56,True,0.2200603507336326,0.3310897297628279,3.2774907558654065
2024-10-17,2024-10-17 15:36:00,0.56,True,0.2183691409093335,0.3362464762711276,3.248396833433977
2024-10-17,2024-10-17 15:37:00,0.56,False,0.2190990301890387,0.3366396266864958,3.2334772069983617
2024-10-17,2024-10-17 15:38:00,0.56,True,0.2279381635270567,0.3409770136523576,3.2194779071690753
2024-10-17,2024-10-17 15:39:00,0.57,True,0.2488905928789979,0.3460783434965745,3.21213997668413
2024-10-17,2024-10-17 15:40:00,0.57,True,0.2590287418699717,0.3469066360268384,3.2185984634725804
2024-10-17,2024-10-17 15:41:00,0.57,True,0.2450478691011338,0.3432335791989556,3.2064270116019356
2024-10-17,2024-10-17 15:42:00,0.57,False,0.2477706392765301,0.3462206106229009,3.18507940600936
2024-10-17,2024-10-17 15:43:00,0.57,False,0.2506844635643212,0.3480723063523909,3.168568412342597
2024-10-17,2024-10-17 15:44:00,0.57,True,0.2444204291618429,0.3471354820271761,3.165079107100812
2024-10-17,2024-10-17 15:45:00,0.57,True,0.2324092518308683,0.3421882199209922,3.182184893277848
2024-10-17,2024-10-17 15:46:00,0.57,True,0.2288815538120613,0.3408617619963549,3.1753041027810975
2024-10-17,2024-10-17 15:47:00,0.57,True,0.2359391097103602,0.3434166772576019,3.168759394034639
2024-10-17,2024-10-17 15:48:00,0.57,True,0.2389632767325452,0.3440367656679949,3.1633280407419004
2024-10-17,2024-10-17 15:49:00,0.57,True,0.2301274331081235,0.3418505771396172,3.1434088876708115
2024-10-17,2024-10-17 15:50:00,0.56,True,0.2264786267275453,0.3405725694763877,3.156867734470329
2024-10-17,2024-10-17 15:51:00,0.57,True,0.2307172650918629,0.3401625545364532,3.182245737076372
2024-10-17,2024-10-17 15:52:00,0.57,True,0.2284814416192747,0.3394342133479667,3.1820975659043262
2024-10-17,2024-10-17 15:53:00,0.57,True,0.2363446217063312,0.3459571075915633,3.153707108560117
2024-10-17,2024-10-17 15:54:00,0.57,True,0.2406231648246063,0.3483973120680824,3.166457316166277
2024-10-17,2024-10-17 15:55:00,0.57,True,0.231860551879617,0.3468115901537826,3.1562595725555025
2024-10-17,2024-10-17 15:56:00,0.57,False,0.235526946226991,0.3486885859704732,3.143108896978753
2024-10-17,2024-10-17 15:57:00,0.57,True,0.2271954441794269,0.3437147826926039,3.1680804573189816
2024-10-17,2024-10-17 15:58:00,0.57,True,0.2301183867160527,0.3451351890646834,3.165530631130948
2024-10-17,2024-10-17 15:59:00,0.57,True,0.2405942451317587,0.3475597978317906,3.1616593855081327
2024-10-17,2024-10-17 16:00:00,0.57,True,0.237076126792647,0.3455263971736124,3.165125758600916
2024-10-18,2024-10-18 09:31:00,0.58,True,0.1253116528710677,0.3248224680897628,3.1757313190756142
2024-10-18,2024-10-18 09:32:00,0.58,True,0.1175910634311933,0.3376903085951307,3.0283811702012797
2024-10-18,2024-10-18 09:33:00,0.575,True,0.0802985406605581,0.3269021853273074,3.0820086904777124
2024-10-18,2024-10-18 09:34:00,0.575,False,0.0425427578514459,0.3146580403119637,3.1122862000048923
2024-10-18,2024-10-18 09:35:00,0.575,False,0.0379085694965823,0.3115403788008729,3.17609064440122
2024-10-18,2024-10-18 09:36:00,0.575,False,0.0160571326791078,0.292459680734238,3.283996909939254
2024-10-18,2024-10-18 09:37:00,0.58,True,0.0377710938981525,0.3001627007653236,3.275334646737414
2024-10-18,2024-10-18 09:38:00,0.58,True,0.0448523363871133,0.2995050355785039,3.277445325605321
2024-10-18,2024-10-18 09:39:00,0.58,False,0.0608075206956629,0.3063171127395872,3.2403257713429783
2024-10-18,2024-10-18 09:40:00,0.58,True,0.0633783598173542,0.3089412803958992,3.238615415133922
2024-10-18,2024-10-18 09:41:00,0.58,False,0.0690759010463136,0.3128030971770704,3.214080266237068
2024-10-18,2024-10-18 09:42:00,0.58,True,-0.0006109716589225,0.2888031257902235,3.265472556629249
2024-10-18,2024-10-18 09:43:00,0.58,True,0.0016475905763712,0.2939633635424197,3.208387243330802
2024-10-18,2024-10-18 09:44:00,0.58,False,-0.0023494738242901,0.2898306793231109,3.2716728882997934
2024-10-18,2024-10-18 09:45:00,0.58,True,0.0016520236355943,0.2915946526261066,3.2585069063345813
2024-10-18,2024-10-18 09:46:00,0.58,True,-0.0078519697889059,0.2916652059795572,3.204377233662533
2024-10-18,2024-10-18 09:47:00,0.58,True,0.0022658934833856,0.2966872543470428,3.20620618589843
2024-10-18,2024-10-18 09:48:00,0.58,True,0.0186011460481985,0.3010785403102224,3.234639823295979
2024-10-18,2024-10-18 09:49:00,0.58,False,0.0410875874839579,0.3064813063892934,3.2425159861860267
2024-10-18,2024-10-18 09:50:00,0.58,True,0.0340719698256353,0.2982550901387913,3.3043764156523703
2024-10-18,2024-10-18 09:51:00,0.58,False,0.0276992337265177,0.3006765243373799,3.274830002820297
2024-10-18,2024-10-18 09:52:00,0.58,True,0.014111512488965,0.2992096905011163,3.257890731816501
2024-10-18,2024-10-18 09:53:00,0.58,False,0.0193561087348803,0.3011629334506689,3.2290928097166023
2024-10-18,2024-10-18 09:54:00,0.58,False,0.0105415040364914,0.2971295164414675,3.256919486681437
2024-10-18,2024-10-18 09:55:00,0.58,False,-0.006161655236097,0.2918146161541177,3.276606191252224
2024-10-18,2024-10-18 09:56:00,0.575,True,0.0009462958285965,0.2972533495520947,3.192350997515834
2024-10-18,2024-10-18 09:57:00,0.58,True,-0.0174444774212537,0.2853615173817359,3.222894361454822
2024-10-18,2024-10-18 09:58:00,0.58,True,-0.0074725357477751,0.2858992831488465,3.220373299166214
2024-10-18,2024-10-18 09:59:00,0.57,True,-0.0050553970640592,0.2897465901716222,3.2170841308123177
2024-10-18,2024-10-18 10:00:00,0.57,True,-0.0097687483138352,0.286367524012476,3.2388322475168407
2024-10-18,2024-10-18 10:01:00,0.58,True,-0.0099780787627571,0.2829264951336934,3.271642757971475
2024-10-18,2024-10-18 10:02:00,0.58,False,-0.0218207978115548,0.2822663222415804,3.246980652770349
2024-10-18,2024-10-18 10:03:00,0.58,False,-0.0228680823748702,0.2817533450540198,3.2953334309021773
2024-10-18,2024-10-18 10:04:00,0.58,True,-0.0198559134583197,0.2840428245275063,3.3145333539700506
2024-10-18,2024-10-18 10:05:00,0.58,True,-0.0295784235486334,0.2846146435301705,3.267677655003999
2024-10-18,2024-10-18 10:06:00,0.58,False,-0.0265630865194259,0.2819167579975123,3.279651746483691
2024-10-18,2024-10-18 10:07:00,0.58,True,-0.0292055823187663,0.2807272042734563,3.2830780414423395
2024-10-18,2024-10-18 10:08:00,0.58,True,-0.0153443328249875,0.2885807317290245,3.2444873505587957
2024-10-18,2024-10-18 10:09:00,0.58,True,-0.0200437259011578,0.2876418444186017,3.236855813487137
2024-10-18,2024-10-18 10:10:00,0.58,True,-0.0320661998874009,0.2863774176562167,3.263058022976039
2024-10-18,2024-10-18 10:11:00,0.58,False,-0.0388686809034047,0.2864787451640912,3.2817037422556554
2024-10-18,2024-10-18 10:12:00,0.58,False,-0.0905093102725757,0.2642768851002496,3.391593921251601
2024-10-18,2024-10-18 10:13:00,0.58,True,-0.0952588551690857,0.2607198569169986,3.3936840869031504
2024-10-18,2024-10-18 10:14:00,0.58,True,-0.0863480141431726,0.2626320071878753,3.382153576251306
2024-10-18,2024-10-18 10:15:00,0.58,True,-0.0659657813239965,0.2699262849972659,3.3589652008307618
2024-10-18,2024-10-18 10:16:00,0.58,False,-0.0622149916319871,0.2731141125119071,3.3323279145045293
2024-10-18,2024-10-18 10:17:00,0.58,True,-0.0314681251818468,0.2855808450009739,3.2691781311308272
2024-10-18,2024-10-18 10:18:00,0.58,True,-0.0343675351370492,0.2825889030237353,3.3195229754559836
2024-10-18,2024-10-18 10:19:00,0.58,True,-0.0363223113875844,0.280204217898398,3.366561646422868
2024-10-18,2024-10-18 10:20:00,0.58,True,-0.0421695805504145,0.2794524939725518,3.3648747076688017
2024-10-18,2024-10-18 10:21:00,0.58,True,-0.0505489991138414,0.2753849954197427,3.3690743743688145
2024-10-18,2024-10-18 10:22:00,0.58,False,-0.0463753878509136,0.2742177723389223,3.3763102258611952
2024-10-18,2024-10-18 10:23:00,0.58,True,-0.0603633164881502,0.2679144585478752,3.4111516544144975
2024-10-18,2024-10-18 10:24:00,0.58,False,-0.0536260324180163,0.2706010352949483,3.39491016512382
2024-10-18,2024-10-18 10:25:00,0.58,True,-0.068339402427515,0.2688863125040186,3.3806936107719
2024-10-18,2024-10-18 10:26:00,0.57,True,-0.0648143792838929,0.2680335393853115,3.4019400857438953
2024-10-18,2024-10-18 10:27:00,0.58,True,-0.0494910071441449,0.2741349198794101,3.365555569566387
2024-10-18,2024-10-18 10:28:00,0.58,False,-0.0430015785829573,0.2785285944872422,3.354302832668615
2024-10-18,2024-10-18 10:29:00,0.58,True,-0.029837692520873,0.2841302423743421,3.315096662642637
2024-10-18,2024-10-18 10:30:00,0.58,True,-0.0379915981995539,0.2833061345368722,3.2978956920856395
2024-10-18,2024-10-18 10:31:00,0.57,True,-0.0477369148069363,0.2792549233828778,3.303634289748251
2024-10-18,2024-10-18 10:32:00,0.57,True,-0.0562870209823173,0.2719553494621128,3.354847823252918
2024-10-18,2024-10-18 10:33:00,0.57,False,-0.0509219043051017,0.2738084917194577,3.336884373607096
2024-10-18,2024-10-18 10:34:00,0.57,False,-0.053778355455877,0.2727436603644988,3.334219126681512
2024-10-18,2024-10-18 10:35:00,0.58,True,-0.0433174895519969,0.2795856832540869,3.296184593368793
2024-10-18,2024-10-18 10:36:00,0.58,True,-0.0282768060075889,0.2874674636178227,3.24708275499765
2024-10-18,2024-10-18 10:37:00,0.58,True,-0.014578127658713,0.2915972934818414,3.2439454695174903
2024-10-18,2024-10-18 10:38:00,0.58,True,-0.0300327085589872,0.2840890101688411,3.2780291020613603
2024-10-18,2024-10-18 10:39:00,0.58,True,-0.0438964774302543,0.2747686736514778,3.3235115181751813
2024-10-18,2024-10-18 10:40:00,0.58,True,-0.0392842194942565,0.2775693847033039,3.286389945433286
2024-10-18,2024-10-18 10:41:00,0.575,True,-0.0490918042313501,0.271079170916816,3.3248462028352654
2024-10-18,2024-10-18 10:42:00,0.58,True,-0.0505719018098446,0.2682212627231956,3.3438598553732177
2024-10-18,2024-10-18 10:43:00,0.58,True,-0.0504127133358544,0.2707401612763938,3.3178999926845227
2024-10-18,2024-10-18 10:44:00,0.58,True,-0.0432581627847468,0.2729730379924378,3.320103484463845
2024-10-18,2024-10-18 10:45:00,0.58,False,-0.0388728210287196,0.2754750039250778,3.3050843125478275
2024-10-18,2024-10-18 10:46:00,0.58,False,-0.0380399073753143,0.2755896209527585,3.278424258196802
2024-10-18,2024-10-18 10:47:00,0.58,False,-0.0336789260590985,0.2778406971662446,3.2649930525029545
2024-10-18,2024-10-18 10:48:00,0.58,True,-0.0382250912387067,0.2779178908029425,3.253598050657532
2024-10-18,2024-10-18 10:49:00,0.58,False,-0.0385450603659936,0.2777534197668503,3.256851397375523
2024-10-18,2024-10-18 10:50:00,0.58,True,-0.037744945688004,0.278560795198545,3.253743331349012
2024-10-18,2024-10-18 10:51:00,0.58,True,-0.0365663108182685,0.2801851077999268,3.2687503221143315
2024-10-18,2024-10-18 10:52:00,0.58,True,-0.0333890227752413,0.2770083740977181,3.31185187097539
2024-10-18,2024-10-18 10:53:00,0.58,False,-0.0265595879668509,0.275230126851645,3.3314326988877805
2024-10-18,2024-10-18 10:54:00,0.58,False,-0.0481541675379734,0.2681842858071084,3.3528900764693157
2024-10-18,2024-10-18 10:55:00,0.58,True,-0.0610361872873112,0.2618358249303714,3.3882232643516104
2024-10-18,2024-10-18 10:56:00,0.58,False,-0.056854884862931,0.2617098123529039,3.399628833425739
2024-10-18,2024-10-18 10:57:00,0.58,True,-0.0535195243809806,0.261802982061356,3.3944131103231054
2024-10-18,2024-10-18 10:58:00,0.58,True,-0.0559915175187732,0.2623243060438477,3.3832813922750593
2024-10-18,2024-10-18 10:59:00,0.58,True,-0.0601613469695745,0.2596092624027789,3.37964143425809
2024-10-18,2024-10-18 11:00:00,0.58,False,-0.0571587110332923,0.2608934087949549,3.36299924951168
2024-10-18,2024-10-18 11:01:00,0.58,True,-0.0728859716114607,0.2549029660815652,3.3849017463779463
2024-10-18,2024-10-18 11:02:00,0.58,True,-0.0871191895188779,0.2502807989994786,3.416027291754571
2024-10-18,2024-10-18 11:03:00,0.58,True,-0.0960414713329126,0.2491018230149267,3.4104848244914985
2024-10-18,2024-10-18 11:04:00,0.58,True,-0.104520431179398,0.2450804089228651,3.447953191227349
2024-10-18,2024-10-18 11:05:00,0.58,True,-0.1138369303478054,0.240675057680152,3.474739289948534
2024-10-18,2024-10-18 11:06:00,0.58,False,-0.1102146117143247,0.2376489835595949,3.5312569958422904
2024-10-18,2024-10-18 11:07:00,0.58,True,-0.1206988719194518,0.2360673625144706,3.546055926887416
2024-10-18,2024-10-18 11:08:00,0.58,True,-0.1142607764690903,0.2383693846247243,3.5491137089725315
2024-10-18,2024-10-18 11:09:00,0.58,True,-0.1076541995741283,0.2380099887873755,3.563311710423293
2024-10-18,2024-10-18 11:10:00,0.58,True,-0.1097477524298821,0.2366731513093392,3.5746368227679923
2024-10-18,2024-10-18 11:11:00,0.58,True,-0.1060765903592885,0.2357060970841715,3.5710623769063488
2024-10-18,2024-10-18 11:12:00,0.58,True,-0.1128502127373889,0.2335527545707157,3.578749346781213
2024-10-18,2024-10-18 11:13:00,0.58,True,-0.1076026251179545,0.2347051473293704,3.5771283248179
2024-10-18,2024-10-18 11:14:00,0.58,False,-0.1027758756441666,0.2366390529760508,3.570668266529306
2024-10-18,2024-10-18 11:15:00,0.58,True,-0.1129272431947868,0.2301571618768711,3.608807331791501
2024-10-18,2024-10-18 11:16:00,0.58,True,-0.1143088794699876,0.2315123019242857,3.583827457753792
2024-10-18,2024-10-18 11:17:00,0.58,False,-0.1043629287126028,0.2377846006464306,3.54950513716932
2024-10-18,2024-10-18 11:18:00,0.57,True,-0.0947138065272791,0.2413116503933455,3.5365407229686956
2024-10-18,2024-10-18 11:19:00,0.57,False,-0.0940601037050865,0.2428351925819973,3.522053975735243
2024-10-18,2024-10-18 11:20:00,0.57,False,-0.0915445403112483,0.2430522320939802,3.5350621256139054
2024-10-18,2024-10-18 11:21:00,0.57,True,-0.0896986323802188,0.2421722845921624,3.541936049277342
2024-10-18,2024-10-18 11:22:00,0.575,True,-0.0911324272018508,0.2422272039330353,3.5509758707853036
2024-10-18,2024-10-18 11:23:00,0.58,True,-0.1020778100025678,0.2369214948963414,3.5721349435164704
2024-10-18,2024-10-18 11:24:00,0.58,False,-0.1014148964227635,0.2324451504475586,3.6079312852908103
2024-10-18,2024-10-18 11:25:00,0.58,False,-0.1114397663981028,0.2267871132340051,3.6273646007772
2024-10-18,2024-10-18 11:26:00,0.58,False,-0.1150260055000101,0.2255516971165742,3.6442924147693985
2024-10-18,2024-10-18 11:27:00,0.575,True,-0.1181960387716591,0.2257478192258913,3.640800870948085
2024-10-18,2024-10-18 11:28:00,0.58,True,-0.1160982714670172,0.2252447378161594,3.6628673788924697
2024-10-18,2024-10-18 11:29:00,0.58,True,-0.1162596050332157,0.2264299874014854,3.6525712638087886
2024-10-18,2024-10-18 11:30:00,0.58,False,-0.1194117570104725,0.2246996422625579,3.667540368059403
2024-10-18,2024-10-18 11:31:00,0.58,True,-0.1094625546220367,0.2296194575147233,3.631695485647657
2024-10-18,2024-10-18 11:32:00,0.58,True,-0.1142518685538308,0.2293143735027263,3.61665246025982
2024-10-18,2024-10-18 11:33:00,0.58,True,-0.1121630192062256,0.2305556082050083,3.6171130230822137
2024-10-18,2024-10-18 11:34:00,0.58,False,-0.1064806885372213,0.2329988749171642,3.622506588086096
2024-10-18,2024-10-18 11:35:00,0.57,True,-0.1049046399239457,0.2321946457083543,3.656117662713087
2024-10-18,2024-10-18 11:36:00,0.58,True,-0.1155644704435113,0.2235552787071167,3.7149856598674726
2024-10-18,2024-10-18 11:37:00,0.58,True,-0.1095684190531169,0.2233676911474223,3.71314778850916
2024-10-18,2024-10-18 11:38:00,0.58,False,-0.099676653804851,0.224672960915848,3.708989255636713
2024-10-18,2024-10-18 11:39:00,0.58,False,-0.0869510419151677,0.2286771089356081,3.700409981406632
2024-10-18,2024-10-18 11:40:00,0.58,False,-0.0800101410514191,0.2327144593635355,3.682723887159819
2024-10-18,2024-10-18 11:41:00,0.58,True,-0.0853968663398769,0.2300703099928443,3.687606674021904
2024-10-18,2024-10-18 11:42:00,0.58,False,-0.0706675875705531,0.2345838167992548,3.6680044969598815
2024-10-18,2024-10-18 11:43:00,0.58,False,-0.0660260324761199,0.2348655238670356,3.682993006651716
2024-10-18,2024-10-18 11:44:00,0.58,False,-0.0660833670933023,0.2341651526798566,3.683010488763848
2024-10-18,2024-10-18 11:45:00,0.58,True,-0.0780056229305597,0.2305165981273005,3.703745371263457
2024-10-18,2024-10-18 11:46:00,0.58,True,-0.0734027006243061,0.233211785180347,3.677724049392563
2024-10-18,2024-10-18 11:47:00,0.58,False,-0.0739167457701284,0.2339135469696048,3.6633935131467266
2024-10-18,2024-10-18 11:48:00,0.58,True,-0.0603849414833259,0.2383142025314121,3.6423855915919585
2024-10-18,2024-10-18 11:49:00,0.58,False,-0.0440823974524255,0.244007112468508,3.6158926391225066
2024-10-18,2024-10-18 11:50:00,0.57,True,-0.0423782891007296,0.2442205107828553,3.612876719585898
2024-10-18,2024-10-18 11:51:00,0.575,True,-0.0463831173931723,0.2437093515762515,3.623602422172511
2024-10-18,2024-10-18 11:52:00,0.575,False,-0.0501500314582125,0.2430211561617109,3.623445569412976
2024-10-18,2024-10-18 11:53:00,0.57,True,-0.0543665323696319,0.2406446806882683,3.6426234659839025
2024-10-18,2024-10-18 11:54:00,0.57,True,-0.0548230194240719,0.2418220682960416,3.6364184079461297
2024-10-18,2024-10-18 11:55:00,0.57,True,-0.0537672580526679,0.2404276615093779,3.6391723944790098
2024-10-18,2024-10-18 11:56:00,0.58,True,-0.056113861080068,0.2373543451849307,3.648551770032333
2024-10-18,2024-10-18 11:57:00,0.58,True,-0.0508234544207876,0.2367235877432807,3.6546974479191583
2024-10-18,2024-10-18 11:58:00,0.58,True,-0.0464246465524773,0.2374597517550505,3.6496020886618816
2024-10-18,2024-10-18 11:59:00,0.58,True,-0.0443078707988122,0.2381699036334878,3.64052968236062
2024-10-18,2024-10-18 12:00:00,0.575,True,-0.0446648485256251,0.2374110442067779,3.636464528864947
2024-10-18,2024-10-18 12:01:00,0.58,True,-0.0368431570004847,0.2394700128418742,3.620331580761489
2024-10-18,2024-10-18 12:02:00,0.58,False,-0.0391437289999592,0.2389038461106394,3.623094180887731
2024-10-18,2024-10-18 12:03:00,0.58,False,-0.0235860949293804,0.243600272457812,3.6119862962158007
2024-10-18,2024-10-18 12:04:00,0.58,False,-0.0171462864812337,0.2456637818936151,3.6108480833655663
2024-10-18,2024-10-18 12:05:00,0.58,True,-0.006297410022272,0.2510733899833163,3.5751395671546264
2024-10-18,2024-10-18 12:06:00,0.58,True,-0.0041117316716367,0.2514552642351146,3.5780305776619845
2024-10-18,2024-10-18 12:07:00,0.575,True,-0.0120108055774371,0.2470179647006267,3.5892713741290794
2024-10-18,2024-10-18 12:08:00,0.575,True,-0.0102571678554306,0.2469390016868656,3.5830491206852617
2024-10-18,2024-10-18 12:09:00,0.57,True,-0.0040323470665359,0.2486385945419009,3.5792833239059396
2024-10-18,2024-10-18 12:10:00,0.57,True,-0.0006310141889437,0.2496899090039349,3.590794508382402
2024-10-18,2024-10-18 12:11:00,0.58,True,0.0007138456781795,0.2506297833735888,3.5882298811878113
2024-10-18,2024-10-18 12:12:00,0.58,False,0.007044756589923,0.251881560887529,3.6030567886434817
2024-10-18,2024-10-18 12:13:00,0.58,True,0.0085663776340537,0.2523103319617717,3.594784523105026
2024-10-18,2024-10-18 12:14:00,0.58,True,0.0248971803959038,0.2564103986455426,3.586980465456687
2024-10-18,2024-10-18 12:15:00,0.58,True,0.0347236806292301,0.2599483963804925,3.5801678364263427
2024-10-18,2024-10-18 12:16:00,0.58,True,0.037940247311041,0.261190208553412,3.576899546101512
2024-10-18,2024-10-18 12:17:00,0.58,True,0.0367311227702591,0.2587070638486343,3.594960000603404
2024-10-18,2024-10-18 12:18:00,0.57,True,0.0248228123045611,0.2557691323601908,3.597871315576033
2024-10-18,2024-10-18 12:19:00,0.58,True,0.026295010361863,0.2552838319450692,3.6168404319415526
2024-10-18,2024-10-18 12:21:00,0.58,True,0.0277755058506578,0.2553882273563358,3.6119064946180144
2024-10-18,2024-10-18 12:23:00,0.58,True,0.0201847645755327,0.2541820224947245,3.606675904699931
2024-10-18,2024-10-18 12:24:00,0.58,True,0.0278094646760804,0.2588363499497547,3.5891202239841755
2024-10-18,2024-10-18 12:25:00,0.575,True,0.0382878648837018,0.2631948172053572,3.55901718613009
2024-10-18,2024-10-18 12:26:00,0.58,True,0.0473661053532662,0.2685861712341146,3.515988250108786
2024-10-18,2024-10-18 12:27:00,0.58,False,0.0519740269636291,0.2695172254745165,3.5147974771503403
2024-10-18,2024-10-18 12:28:00,0.58,True,0.0503631135573654,0.2680549861095704,3.5095179884991263
2024-10-18,2024-10-18 12:29:00,0.57,True,0.0404822125066783,0.265104647534108,3.516450765061093
2024-10-18,2024-10-18 12:30:00,0.58,True,0.0404704490675802,0.2648412213992827,3.5165155074588865
2024-10-18,2024-10-18 12:31:00,0.58,True,0.027707248823587,0.2616752307896921,3.524663415481328
2024-10-18,2024-10-18 12:32:00,0.57,True,0.0153324270825508,0.2564764202148537,3.5578118011640285
2024-10-18,2024-10-18 12:33:00,0.58,True,0.0111795105485578,0.2537224727467282,3.564599391928629
2024-10-18,2024-10-18 12:34:00,0.575,True,0.0012848695267731,0.250326441227662,3.5700982745976173
2024-10-18,2024-10-18 12:35:00,0.58,True,0.0036660166929577,0.2516958789278167,3.554489315386799
2024-10-18,2024-10-18 12:36:00,0.575,True,-0.0013964063468752,0.2492649016457951,3.559026899804888
2024-10-18,2024-10-18 12:37:00,0.58,True,-0.0013504762047357,0.2500733273371067,3.5424255312016633
2024-10-18,2024-10-18 12:38:00,0.58,False,0.0039983784802582,0.2501227144302049,3.5497798457059635
2024-10-18,2024-10-18 12:39:00,0.575,True,0.0047198364175758,0.2503673328325392,3.547979584095677
2024-10-18,2024-10-18 12:40:00,0.58,True,0.0001127269967253,0.2487793301042541,3.5582983317989476
2024-10-18,2024-10-18 12:41:00,0.58,True,-0.0068044521872876,0.2455974080422828,3.585876464955613
2024-10-18,2024-10-18 12:42:00,0.57,True,-0.0085625404966759,0.2459768697462843,3.585301236586694
2024-10-18,2024-10-18 12:43:00,0.58,True,-0.0131472833980856,0.2435066538058461,3.5919446166597138
2024-10-18,2024-10-18 12:44:00,0.58,True,-0.021451929111649,0.2391764787611754,3.6042323445010207
2024-10-18,2024-10-18 12:45:00,0.58,True,-0.0168750108920958,0.2430280397173568,3.570781618719187
2024-10-18,2024-10-18 12:46:00,0.58,False,-0.0243598409951008,0.2389802008532321,3.5776343292142445
2024-10-18,2024-10-18 12:47:00,0.58,True,-0.0299593747718674,0.2381263871414711,3.596660680628254
2024-10-18,2024-10-18 12:48:00,0.58,True,-0.0337720295158535,0.2369226686978424,3.595685912555437
2024-10-18,2024-10-18 12:49:00,0.58,True,-0.0388941332644974,0.2350105304992379,3.590117132708542
2024-10-18,2024-10-18 12:50:00,0.58,True,-0.0359359731561061,0.2373370011546023,3.558912251675978
2024-10-18,2024-10-18 12:51:00,0.58,False,-0.0418289758513897,0.2358848038505299,3.559364544014204
2024-10-18,2024-10-18 12:52:00,0.58,True,-0.0410794535912531,0.2369097319951761,3.5525188184774668
2024-10-18,2024-10-18 12:53:00,0.58,False,-0.0356682329045398,0.2383646882314742,3.543626537911835
2024-10-18,2024-10-18 12:54:00,0.58,False,-0.0402566189753172,0.2361943773038309,3.5564213714679616
2024-10-18,2024-10-18 12:55:00,0.58,True,-0.0392189095364902,0.2337960064514152,3.573019058713426
2024-10-18,2024-10-18 12:56:00,0.58,True,-0.0411434989818278,0.2335966594974393,3.5733372179598657
2024-10-18,2024-10-18 12:57:00,0.58,False,-0.0516198533993499,0.2300809084066049,3.586149126784862
2024-10-18,2024-10-18 12:58:00,0.58,True,-0.055749864617335,0.2271457664984666,3.5896862909522027
2024-10-18,2024-10-18 12:59:00,0.58,True,-0.0546414468012226,0.2271670014153028,3.5926941515988213
2024-10-18,2024-10-18 13:00:00,0.58,False,-0.0433435990708956,0.2310859572056086,3.579173635790973
2024-10-18,2024-10-18 13:01:00,0.58,True,-0.0469735632605118,0.2288186463576834,3.585166069905485
2024-10-18,2024-10-18 13:02:00,0.58,True,-0.037604973033781,0.2326909145201898,3.5862281164984755
2024-10-18,2024-10-18 13:03:00,0.58,True,-0.0453137121730751,0.2286597593211394,3.6108511577884777
2024-10-18,2024-10-18 13:04:00,0.58,True,-0.048375103795193,0.2257805480274283,3.6113013326728858
2024-10-18,2024-10-18 13:05:00,0.58,True,-0.0484072865367214,0.2259934412364818,3.5939615263478744
2024-10-18,2024-10-18 13:06:00,0.58,False,-0.0510228904460904,0.2260758273134204,3.6010657265724837
2024-10-18,2024-10-18 13:08:00,0.58,True,-0.057207580251474,0.2252531571019178,3.616958984722656
2024-10-18,2024-10-18 13:09:00,0.58,False,-0.0683695055386036,0.2226245817697782,3.6212739138427263
2024-10-18,2024-10-18 13:10:00,0.575,True,-0.0563945712580458,0.2254236384446476,3.610754519237359
2024-10-18,2024-10-18 13:11:00,0.58,True,-0.0590638893676651,0.2236576048242549,3.620363081234242
2024-10-18,2024-10-18 13:12:00,0.58,True,-0.0581205718933487,0.2236649425097882,3.6195199345849383
2024-10-18,2024-10-18 13:13:00,0.58,True,-0.0577144200393178,0.2238560103116931,3.612213970107798
2024-10-18,2024-10-18 13:14:00,0.57,True,-0.0574083679270037,0.224340674245122,3.616916903134336
2024-10-18,2024-10-18 13:15:00,0.58,True,-0.0583226055648786,0.2224542545976126,3.6228634991702777
2024-10-18,2024-10-18 13:16:00,0.58,True,-0.0496695529398281,0.2256223178757867,3.593188819133659
2024-10-18,2024-10-18 13:17:00,0.57,True,-0.0414164006093408,0.229352044573795,3.5752527854179106
2024-10-18,2024-10-18 13:18:00,0.58,True,-0.0416329069274266,0.2307020126624718,3.569382620613786
2024-10-18,2024-10-18 13:19:00,0.58,True,-0.0433862427077774,0.2327202471570982,3.5612412061922254
2024-10-18,2024-10-18 13:20:00,0.58,True,-0.0358716909273827,0.2376031798653836,3.5209009119523413
2024-10-18,2024-10-18 13:21:00,0.58,True,-0.0335498478996009,0.239183634200669,3.511590839683448
2024-10-18,2024-10-18 13:23:00,0.58,True,-0.0223333624683538,0.2420729107391802,3.497251691548753
2024-10-18,2024-10-18 13:24:00,0.58,True,-0.0107716982501731,0.2467685598286812,3.4759913166940044
2024-10-18,2024-10-18 13:25:00,0.58,True,-0.0121752227800463,0.2463143486084561,3.477010198530164
2024-10-18,2024-10-18 13:26:00,0.58,True,-0.0180801918690703,0.2448059946897847,3.4903246068369325
2024-10-18,2024-10-18 13:27:00,0.58,False,-0.0189463733105576,0.2456253377321423,3.465930544981998
2024-10-18,2024-10-18 13:28:00,0.58,True,-0.0109810431676442,0.2474601821202928,3.4591657561569
2024-10-18,2024-10-18 13:29:00,0.58,True,-0.0114976487140398,0.249838301335668,3.4373538365797653
2024-10-18,2024-10-18 13:30:00,0.58,True,-0.0086928457671909,0.2489855189421579,3.443930354156821
2024-10-18,2024-10-18 13:31:00,0.58,True,0.0019489931094339,0.254164200350007,3.4304155931843012
2024-10-18,2024-10-18 13:32:00,0.58,False,0.0048203944602018,0.2570950818139276,3.418748348155099
2024-10-18,2024-10-18 13:33:00,0.58,False,0.0109305082310846,0.2600883532297765,3.390698933567793
2024-10-18,2024-10-18 13:34:00,0.575,True,0.0094094405265615,0.259896865960397,3.3792867723715294
2024-10-18,2024-10-18 13:35:00,0.58,True,0.0082217965638869,0.2595864619519819,3.3878950919454502
2024-10-18,2024-10-18 13:36:00,0.57,True,0.0072952711011174,0.2586099623196985,3.3943906719129813
2024-10-18,2024-10-18 13:37:00,0.57,False,0.0082289023749245,0.2595187953844657,3.387127011551662
2024-10-18,2024-10-18 13:38:00,0.57,True,0.0082553305660078,0.2607628810786224,3.3754603078870575
2024-10-18,2024-10-18 13:39:00,0.57,False,0.0136061065494604,0.2627091705883227,3.361976835911741
2024-10-18,2024-10-18 13:40:00,0.58,True,0.0156421310542907,0.2644648242937567,3.347792071078224
2024-10-18,2024-10-18 13:42:00,0.58,True,0.0173563767882932,0.2646652543105157,3.3289873220426314
2024-10-18,2024-10-18 13:43:00,0.575,True,0.0157849725448398,0.2624114463382695,3.3377525408452517
2024-10-18,2024-10-18 13:44:00,0.58,True,0.0204915088898671,0.2643762023443558,3.323169314756663
2024-10-18,2024-10-18 13:45:00,0.57,True,0.0207920366784447,0.2651756875580614,3.3091772315852745
2024-10-18,2024-10-18 13:46:00,0.58,True,0.029988206533955,0.2708305175658047,3.2813591792822576
2024-10-18,2024-10-18 13:47:00,0.56,True,0.0200168030799227,0.267661840182034,3.2895730044302933
2024-10-18,2024-10-18 13:48:00,0.56,False,0.0181317174686304,0.2677044299303528,3.294107335728941
2024-10-18,2024-10-18 13:49:00,0.57,True,0.0234380988370258,0.2707005948577261,3.280596812229938
2024-10-18,2024-10-18 13:50:00,0.565,True,0.017954493257113,0.2687315066754874,3.2960071013098933
2024-10-18,2024-10-18 13:51:00,0.57,True,0.0240631821485972,0.2693992520332018,3.2952152274821125
2024-10-18,2024-10-18 13:52:00,0.57,False,0.0217921127723091,0.2674236140016067,3.306212035143854
2024-10-18,2024-10-18 13:54:00,0.57,False,0.0180644829914038,0.2656821031858474,3.3138615241083524
2024-10-18,2024-10-18 13:55:00,0.57,True,0.0258589906583712,0.268739466887768,3.3050673778686095
2024-10-18,2024-10-18 13:56:00,0.57,True,0.0303359459807388,0.2711130459146295,3.2967246941023434
2024-10-18,2024-10-18 13:57:00,0.57,False,0.0294057589732971,0.2722169530443509,3.2876177542200726
2024-10-18,2024-10-18 13:58:00,0.57,False,0.0255695052353637,0.2718755590033189,3.293595391336156
2024-10-18,2024-10-18 13:59:00,0.57,True,0.0285773101193557,0.2729137248931234,3.2925610512268646
2024-10-18,2024-10-18 14:01:00,0.57,True,0.0248284621087779,0.2697158841981885,3.3098446312913663
2024-10-18,2024-10-18 14:02:00,0.56,True,0.0264932860300132,0.2685627849892741,3.3065502807313356
2024-10-18,2024-10-18 14:03:00,0.57,True,0.0299360992241035,0.2700969733552125,3.297276355356913
2024-10-18,2024-10-18 14:04:00,0.57,True,0.033128533887802,0.2728797289418265,3.2829440052004957
2024-10-18,2024-10-18 14:05:00,0.57,True,0.0315777562970701,0.2715302767470031,3.2964899444814457
2024-10-18,2024-10-18 14:06:00,0.57,True,0.023252620653251,0.267579864981053,3.309271673003211
2024-10-18,2024-10-18 14:07:00,0.57,True,0.0165494534103889,0.262386652695333,3.343140009466462
2024-10-18,2024-10-18 14:08:00,0.57,True,0.0203625574588763,0.2629752784294589,3.332951640396809
2024-10-18,2024-10-18 14:09:00,0.57,True,0.0236032073527391,0.2644516955038585,3.314845603906513
2024-10-18,2024-10-18 14:10:00,0.57,True,0.0197087174917016,0.2631370826634379,3.3191290390832675
2024-10-18,2024-10-18 14:11:00,0.57,True,0.0196249978989505,0.2624574218321475,3.3258406893679138
2024-10-18,2024-10-18 14:12:00,0.57,True,0.0145238668673507,0.2611141103737012,3.337164188036439
2024-10-18,2024-10-18 14:13:00,0.57,True,0.0226224244181378,0.2627521749167351,3.3196584860016696
2024-10-18,2024-10-18 14:14:00,0.57,False,0.0244996027799401,0.2629709705685381,3.3081277269332676
2024-10-18,2024-10-18 14:15:00,0.57,False,0.0358917640626045,0.2683139822479518,3.269577949671614
2024-10-18,2024-10-18 14:16:00,0.57,True,0.0400285855372641,0.2689236417357978,3.2654413151927124
2024-10-18,2024-10-18 14:17:00,0.57,True,0.0390347944647295,0.267481483796555,3.2763975357343114
2024-10-18,2024-10-18 14:18:00,0.57,False,0.0329845426129761,0.2648574969111501,3.287905873457664
2024-10-18,2024-10-18 14:19:00,0.57,True,0.0416629739701567,0.2682301721306227,3.2710526412507415
2024-10-18,2024-10-18 14:20:00,0.56,True,0.0396064370185591,0.2665612376125447,3.288407231077929
2024-10-18,2024-10-18 14:21:00,0.57,True,0.0330446255848411,0.2646676159489788,3.293681350265287
2024-10-18,2024-10-18 14:22:00,0.57,False,0.0319895091383899,0.2617421417459717,3.305275621645863
2024-10-18,2024-10-18 14:23:00,0.565,True,0.0278413761582174,0.260375025163496,3.302841840939609
2024-10-18,2024-10-18 14:24:00,0.57,True,0.0268086871573161,0.257250488581323,3.329407680079319
2024-10-18,2024-10-18 14:25:00,0.57,True,0.0263675064888729,0.257319748591404,3.329988182567804
2024-10-18,2024-10-18 14:26:00,0.57,True,0.0236397912640181,0.255689404865203,3.3396307705763912
2024-10-18,2024-10-18 14:27:00,0.57,False,0.0169362849518903,0.2537753310558644,3.347146126152456
2024-10-18,2024-10-18 14:28:00,0.57,True,0.017282653383378,0.2537809070347878,3.3475104571104186
2024-10-18,2024-10-18 14:29:00,0.57,True,0.0221646156194428,0.2562662317922609,3.334763131452106
2024-10-18,2024-10-18 14:30:00,0.565,True,0.0113861099325534,0.2524697465620447,3.3366378307168887
2024-10-18,2024-10-18 14:31:00,0.565,True,0.0104587184844486,0.252495442639337,3.3313515405862826
2024-10-18,2024-10-18 14:32:00,0.57,True,0.0123578470073469,0.251707931123279,3.350279053388012
2024-10-18,2024-10-18 14:33:00,0.57,True,0.0079431677703162,0.253616810424714,3.3244895650712967
2024-10-18,2024-10-18 14:34:00,0.57,True,0.0045561448539958,0.2540945872182314,3.303512160553175
2024-10-18,2024-10-18 14:35:00,0.57,False,4.119759442372528e-05,0.2525625592673374,3.3095684625543123
2024-10-18,2024-10-18 14:36:00,0.57,True,0.0042427844280737,0.2523962506521331,3.3294697763681618
2024-10-18,2024-10-18 14:37:00,0.57,True,0.002424816681292,0.2534147748941433,3.3089101541583807
2024-10-18,2024-10-18 14:38:00,0.57,False,0.004834220948202,0.2528919609349119,3.3102907626678917
2024-10-18,2024-10-18 14:39:00,0.57,True,0.0043356276778998,0.2521370523609229,3.315373117505759
2024-10-18,2024-10-18 14:40:00,0.57,False,0.0064486295316489,0.2542241807024469,3.302897999002505
2024-10-18,2024-10-18 14:41:00,0.57,True,0.0097251882655074,0.2562403634433764,3.2895448313071554
2024-10-18,2024-10-18 14:43:00,0.57,True,0.0142392972853996,0.2578942091442394,3.282807944788745
2024-10-18,2024-10-18 14:44:00,0.57,True,0.014351048416746,0.2594903620879642,3.270321043790045
2024-10-18,2024-10-18 14:45:00,0.56,True,0.0142938922083681,0.2590310268682456,3.2828166142808097
2024-10-18,2024-10-18 14:46:00,0.57,True,0.0174466871836102,0.2601260061566935,3.28950506827416
2024-10-18,2024-10-18 14:47:00,0.57,True,0.0221509179460871,0.2635032745483362,3.2689665676194233
2024-10-18,2024-10-18 14:48:00,0.57,True,0.0254541136452021,0.2650616001476091,3.2570625619470612
2024-10-18,2024-10-18 14:49:00,0.57,True,0.0272770909287041,0.2651735982284561,3.241558126947125
2024-10-18,2024-10-18 14:50:00,0.57,True,0.0265781264604598,0.2613616030751493,3.255323751123319
2024-10-18,2024-10-18 14:51:00,0.57,False,0.0257120222490775,0.2608840420514485,3.267243600911759
2024-10-18,2024-10-18 14:52:00,0.57,True,0.0239610405355298,0.2585954831655813,3.2737313001504056
2024-10-18,2024-10-18 14:53:00,0.57,True,0.0233834205402246,0.2593811414967695,3.2690715224456883
2024-10-18,2024-10-18 14:54:00,0.57,True,0.0259250155793003,0.2612825225910088,3.262620586906693
2024-10-18,2024-10-18 14:55:00,0.57,True,0.0281662976269719,0.2644557604124546,3.252527787358223
2024-10-18,2024-10-18 14:56:00,0.565,True,0.0247324196428203,0.263512983313258,3.26132744401165
2024-10-18,2024-10-18 14:57:00,0.57,True,0.0167137075423537,0.2605284723519893,3.292804039239761
2024-10-18,2024-10-18 14:58:00,0.57,True,0.02533577171054,0.2646218882050922,3.2815370795816374
2024-10-18,2024-10-18 14:59:00,0.57,False,0.0295168253141321,0.2658589239704684,3.2658630654563403
2024-10-18,2024-10-18 15:00:00,0.57,True,0.0348722683559871,0.2687828131592044,3.2523253035805912
2024-10-18,2024-10-18 15:01:00,0.57,True,0.0359582006784252,0.2695944703649091,3.262001042913386
2024-10-18,2024-10-18 15:02:00,0.57,True,0.0365930332887106,0.2716687074038439,3.25042263487189
2024-10-18,2024-10-18 15:03:00,0.57,True,0.0341945122055517,0.2684870066116291,3.25836806333813
2024-10-18,2024-10-18 15:04:00,0.57,False,0.0392215076253243,0.2676791604071548,3.262609291809071
2024-10-18,2024-10-18 15:05:00,0.57,False,0.0402719252781988,0.2675578756421242,3.2535072610951197
2024-10-18,2024-10-18 15:06:00,0.57,False,0.0353987090576069,0.2664221981205171,3.247651674706545
2024-10-18,2024-10-18 15:07:00,0.57,True,0.044578249085293,0.2717398839700954,3.2210113967742644
2024-10-18,2024-10-18 15:08:00,0.57,True,0.0569395364865291,0.2765326252589525,3.1995664375714727
2024-10-18,2024-10-18 15:09:00,0.57,False,0.0539994019758799,0.2745756427970784,3.2178904165168163
2024-10-18,2024-10-18 15:10:00,0.57,True,0.0573434151654931,0.2762364563327852,3.210709131721943
2024-10-18,2024-10-18 15:11:00,0.57,True,0.0529912190033519,0.2739101421730653,3.2254510203468545
2024-10-18,2024-10-18 15:12:00,0.57,True,0.0449563573310953,0.268763332281309,3.2656955681505107
2024-10-18,2024-10-18 15:13:00,0.57,True,0.042982094577145,0.2696655733533416,3.2532163998074104
2024-10-18,2024-10-18 15:14:00,0.57,True,0.0382645521349163,0.2678001501815505,3.2663191274660663
2024-10-18,2024-10-18 15:15:00,0.57,True,0.0416872113854827,0.2709004176401152,3.2471880880835813
2024-10-18,2024-10-18 15:16:00,0.57,False,0.0393781787089986,0.2692287588695445,3.260282167439295
2024-10-18,2024-10-18 15:17:00,0.57,False,0.0376244599210905,0.2669130939866849,3.284888973886253
2024-10-18,2024-10-18 15:18:00,0.57,True,0.0440863950914158,0.2693408590876822,3.2711921409092497
2024-10-18,2024-10-18 15:19:00,0.57,True,0.040466526153898,0.2693006352372744,3.268286095423109
2024-10-18,2024-10-18 15:20:00,0.57,True,0.0355212529792114,0.2694748242704106,3.2541204548572544
2024-10-18,2024-10-18 15:21:00,0.57,True,0.0376758504857163,0.2718434710115008,3.23222771863169
2024-10-18,2024-10-18 15:22:00,0.56,True,0.0417025828896958,0.2729272048446262,3.2190533707754363
2024-10-18,2024-10-18 15:23:00,0.56,True,0.0375810950102049,0.2728473958143635,3.209677815103633
2024-10-18,2024-10-18 15:24:00,0.565,True,0.0326273128254606,0.272040629437675,3.2061264201266737
2024-10-18,2024-10-18 15:25:00,0.57,True,0.0394490784361741,0.2735665693151242,3.2147087651589685
2024-10-18,2024-10-18 15:26:00,0.57,False,0.0420935970938894,0.2739773207686298,3.227619353774746
2024-10-18,2024-10-18 15:27:00,0.57,False,0.045851725996093,0.2751034958633647,3.2146605992144988
2024-10-18,2024-10-18 15:28:00,0.57,True,0.0358130244816074,0.2716135353841352,3.219279698807254
2024-10-18,2024-10-18 15:29:00,0.57,True,0.0283378537021194,0.2693292993755437,3.232941780948797
2024-10-18,2024-10-18 15:30:00,0.56,True,0.0320933169446005,0.2701726872680951,3.2440911635143377
2024-10-18,2024-10-18 15:31:00,0.57,True,0.0378206696270743,0.2706107461268919,3.2447338329341697
2024-10-18,2024-10-18 15:32:00,0.57,False,0.0434000572073752,0.2705765038516044,3.2622953390491527
2024-10-18,2024-10-18 15:33:00,0.57,True,0.0431288732474959,0.2720355232315625,3.259539183635229
2024-10-18,2024-10-18 15:34:00,0.57,False,0.0473786445219414,0.2748035884767583,3.2525441255155356
2024-10-18,2024-10-18 15:35:00,0.57,True,0.0458015289569774,0.2709105141979721,3.282908126269777
2024-10-18,2024-10-18 15:36:00,0.565,True,0.0472101413825512,0.2705200652498445,3.2913186743670937
2024-10-18,2024-10-18 15:37:00,0.57,True,0.0502528286004976,0.2726626169684847,3.265985198785297
2024-10-18,2024-10-18 15:38:00,0.57,True,0.0480809396871929,0.2725505717210792,3.2373940427412844
2024-10-18,2024-10-18 15:39:00,0.57,True,0.0405896799978044,0.2708835445394149,3.2685103532950843
2024-10-18,2024-10-18 15:40:00,0.57,True,0.0414128104828191,0.2684180654875807,3.303950433425095
2024-10-18,2024-10-18 15:41:00,0.57,True,0.037136308616247,0.2668648192071229,3.3033906542022415
2024-10-18,2024-10-18 15:42:00,0.57,True,0.0392316333155631,0.2718517200588066,3.272708523989498
2024-10-18,2024-10-18 15:43:00,0.57,True,0.0357512784824847,0.2711483682237384,3.2646424529819984
2024-10-18,2024-10-18 15:44:00,0.57,True,0.032998173618367,0.2706763841011969,3.265362316653636
2024-10-18,2024-10-18 15:45:00,0.57,True,0.0268263857626272,0.2684706103811352,3.281580769369659
2024-10-18,2024-10-18 15:46:00,0.57,True,0.0248435335164317,0.2680676154542625,3.287371658908221
2024-10-18,2024-10-18 15:47:00,0.57,True,0.0332576429246673,0.270334960639699,3.291083311164758
2024-10-18,2024-10-18 15:48:00,0.57,True,0.0379010085310703,0.2716979947300113,3.2980580597683464
2024-10-18,2024-10-18 15:49:00,0.57,True,0.0392161158983445,0.2723346500916669,3.3035662468895075
2024-10-18,2024-10-18 15:50:00,0.57,True,0.048888432108211,0.2770511158437044,3.2834054707506715
2024-10-18,2024-10-18 15:51:00,0.57,True,0.0531242478524827,0.2777558910587969,3.281819925784065
2024-10-18,2024-10-18 15:52:00,0.57,False,0.0445966150893279,0.2731185231703099,3.311334854774156
2024-10-18,2024-10-18 15:53:00,0.57,True,0.0510481023483992,0.2716618257085167,3.347523114792743
2024-10-18,2024-10-18 15:54:00,0.57,False,0.0456575957728026,0.2684786301776909,3.3576752142569566
2024-10-18,2024-10-18 15:55:00,0.57,True,0.0398886732292276,0.268092463142731,3.3397420501127626
2024-10-18,2024-10-18 15:56:00,0.57,False,0.0344545484215601,0.2645164588369335,3.3562344137208893
2024-10-18,2024-10-18 15:57:00,0.57,True,0.023320946560537,0.2603436650294247,3.3823795252232647
2024-10-18,2024-10-18 15:58:00,0.57,True,0.0230199670240174,0.2629151920383014,3.3657313224510896
2024-10-18,2024-10-18 15:59:00,0.57,True,0.0238002800571358,0.2622622771934445,3.3842997477485786
2024-10-18,2024-10-18 16:00:00,0.57,True,0.0216850931629654,0.2629874730930246,3.3500897210854355
2024-10-21,2024-10-21 09:31:00,0.58,True,0.1264323811690982,0.2810236532783262,3.450433929985338
2024-10-21,2024-10-21 09:32:00,0.575,True,0.1174504333410824,0.2839185064052139,3.4721181912569956
2024-10-21,2024-10-21 09:33:00,0.575,False,0.1683255981036087,0.3056228403620368,3.3497743321563926
2024-10-21,2024-10-21 09:34:00,0.58,True,0.2019732237781946,0.3162823196545578,3.3212763080757433
2024-10-21,2024-10-21 09:35:00,0.58,True,0.180865711009221,0.3071334542869121,3.3972767490053086
2024-10-21,2024-10-21 09:36:00,0.58,False,0.1359710451382206,0.2856889395989242,3.5351442023381723
2024-10-21,2024-10-21 09:37:00,0.58,True,0.0868386596439538,0.2697412256801418,3.54873581245998
2024-10-21,2024-10-21 09:38:00,0.58,True,0.0532993146855382,0.2564335088745592,3.622682826853924
2024-10-21,2024-10-21 09:39:00,0.58,True,0.0418934639216237,0.2494097405729038,3.683175533538132
2024-10-21,2024-10-21 09:40:00,0.58,True,0.0351178256639373,0.2458200045711066,3.725817776184073
2024-10-21,2024-10-21 09:41:00,0.58,False,0.0251696016916479,0.2401407092587693,3.77661695138564
2024-10-21,2024-10-21 09:42:00,0.58,True,0.0350047774448774,0.2400392306023925,3.799141630361348
2024-10-21,2024-10-21 09:43:00,0.58,False,0.0212377224395725,0.2319265739653421,3.811485717034349
2024-10-21,2024-10-21 09:44:00,0.58,True,0.0323039388567646,0.232022773691641,3.8096886599660302
2024-10-21,2024-10-21 09:45:00,0.58,True,0.0422723436799954,0.2356424098667164,3.76002934773094
2024-10-21,2024-10-21 09:46:00,0.58,True,0.0493507925565028,0.2368932273036053,3.737901894708735
2024-10-21,2024-10-21 09:47:00,0.58,True,0.057785515751465,0.2334712524575793,3.7651161952310503
2024-10-21,2024-10-21 09:48:00,0.58,False,0.0436759501977301,0.2253113748393175,3.7812117464928576
2024-10-21,2024-10-21 09:49:00,0.58,True,0.0217826495008682,0.214727237343209,3.820688809631079
2024-10-21,2024-10-21 09:50:00,0.58,True,0.0179867035481934,0.2126032544236311,3.840119286545108
2024-10-21,2024-10-21 09:51:00,0.58,True,0.0213743446119392,0.2167954863560517,3.828586238284432
2024-10-21,2024-10-21 09:52:00,0.58,True,0.0511124044843105,0.2288658568209083,3.7792159714495215
2024-10-21,2024-10-21 09:53:00,0.58,True,0.0607505579203083,0.2325603828069426,3.7322743400213567
2024-10-21,2024-10-21 09:54:00,0.58,True,0.0353838574517422,0.2313026613584278,3.705772375064694
2024-10-21,2024-10-21 09:55:00,0.58,True,0.0368026118830429,0.2375462186502993,3.657660311501353
2024-10-21,2024-10-21 09:56:00,0.58,False,0.0320818577524289,0.2362575348822146,3.679584672298053
2024-10-21,2024-10-21 09:57:00,0.58,True,0.0145260305609442,0.2348734799273846,3.6841283288433138
2024-10-21,2024-10-21 09:58:00,0.58,False,0.0209883714268675,0.2373503537997396,3.6836217098454647
2024-10-21,2024-10-21 09:59:00,0.58,False,-0.0049692648887681,0.2299417341633274,3.7091315343354423
2024-10-21,2024-10-21 10:00:00,0.575,True,-0.0012627186042366,0.2311102218156669,3.704460745802357
2024-10-21,2024-10-21 10:01:00,0.58,True,0.0105250184936068,0.2397894789986016,3.6595165672537737
2024-10-21,2024-10-21 10:02:00,0.57,True,0.0074151613795699,0.2334133552816065,3.729074858029664
2024-10-21,2024-10-21 10:03:00,0.58,True,-0.0166683658783083,0.2230429016643637,3.794371711882256
2024-10-21,2024-10-21 10:04:00,0.58,True,-0.001457844908099,0.2280787541968228,3.7542172648478696
2024-10-21,2024-10-21 10:05:00,0.58,True,-0.0146596800737269,0.217931319111589,3.7915618102999367
2024-10-21,2024-10-21 10:06:00,0.58,False,-0.0100731793975426,0.219263572363446,3.807463201109608
2024-10-21,2024-10-21 10:07:00,0.58,True,-0.0285776375101576,0.2181952185780119,3.772355057137169
2024-10-21,2024-10-21 10:08:00,0.58,False,-0.0383704544718644,0.2144360638936727,3.795131245679739
2024-10-21,2024-10-21 10:09:00,0.58,False,-0.0388718156012576,0.2146200192034377,3.767384982987205
2024-10-21,2024-10-21 10:10:00,0.58,False,-0.0367882232287739,0.2134831475508257,3.772404140324856
2024-10-21,2024-10-21 10:11:00,0.58,True,-0.0323119149708823,0.2172151353426259,3.748504753588518
2024-10-21,2024-10-21 10:12:00,0.58,True,-0.0223176130792757,0.2219199650176837,3.7271314179332657
2024-10-21,2024-10-21 10:13:00,0.58,True,-0.0242253641147454,0.2142970332802658,3.7665267429737073
2024-10-21,2024-10-21 10:14:00,0.58,True,-0.0036475551370414,0.2195102927970122,3.747514988455581
2024-10-21,2024-10-21 10:15:00,0.58,True,-0.0023660071037736,0.2200667894666729,3.720237658826956
2024-10-21,2024-10-21 10:16:00,0.58,False,-0.0066166758478078,0.2212884529663867,3.6691582937733713
2024-10-21,2024-10-21 10:17:00,0.58,True,-0.0148722406479028,0.2186148174965686,3.681930095553097
2024-10-21,2024-10-21 10:18:00,0.58,False,-0.0189990653210031,0.220186016422111,3.655430802670729
2024-10-21,2024-10-21 10:19:00,0.58,False,-0.0057083557894649,0.2269226102309134,3.620579349806999
2024-10-21,2024-10-21 10:20:00,0.58,True,-0.0345795589179053,0.2199106685214563,3.6415831163441954
2024-10-21,2024-10-21 10:21:00,0.575,True,-0.0312537273836289,0.2203384372656093,3.6469552712562456
2024-10-21,2024-10-21 10:22:00,0.58,True,-0.0245536939712003,0.2207505209433154,3.677232817416933
2024-10-21,2024-10-21 10:23:00,0.58,True,-0.0286219235622037,0.2189888261650599,3.692240393725028
2024-10-21,2024-10-21 10:24:00,0.58,True,-0.0154928389533613,0.2219292782306552,3.681543626737517
2024-10-21,2024-10-21 10:25:00,0.58,False,-0.0089761615379039,0.2218809302190051,3.678767315308865
2024-10-21,2024-10-21 10:26:00,0.58,True,-0.0171424397032625,0.2204015835174476,3.673012887745364
2024-10-21,2024-10-21 10:27:00,0.58,True,-0.0105744357134316,0.2240230025809673,3.654475198806857
2024-10-21,2024-10-21 10:28:00,0.58,True,-0.0147683644002001,0.2237035306060817,3.666568744530973
2024-10-21,2024-10-21 10:29:00,0.58,True,-0.0151563158131738,0.22623333895565,3.632219560639349
2024-10-21,2024-10-21 10:30:00,0.575,True,-0.0102382961993194,0.2271148693524182,3.646237773377349
2024-10-21,2024-10-21 10:31:00,0.575,False,-0.0054675724848444,0.2310077570194529,3.620226241714096
2024-10-21,2024-10-21 10:32:00,0.58,True,0.0099751819784539,0.2349147064490058,3.621507793623505
2024-10-21,2024-10-21 10:33:00,0.58,True,0.014262300052635,0.2351117354085744,3.623314978223788
2024-10-21,2024-10-21 10:34:00,0.58,True,0.0218498286096776,0.2369089086779381,3.6220333424247193
2024-10-21,2024-10-21 10:35:00,0.575,True,0.0168702441937703,0.235375940329852,3.6149508032953697
2024-10-21,2024-10-21 10:36:00,0.57,True,0.018616989297034,0.2332318800827476,3.6180928591295327
2024-10-21,2024-10-21 10:37:00,0.58,True,0.0055294701870228,0.2252085244366545,3.668653730071452
2024-10-21,2024-10-21 10:38:00,0.58,False,0.0380929387794097,0.2350345306378244,3.6479531749078102
2024-10-21,2024-10-21 10:39:00,0.58,True,0.0541700423740278,0.2392469064045459,3.6550015285482873
2024-10-21,2024-10-21 10:40:00,0.58,True,0.073743000862609,0.2420734452059887,3.682150173547811
2024-10-21,2024-10-21 10:41:00,0.58,True,0.0851476003422743,0.2436452638051234,3.7031590054900505
2024-10-21,2024-10-21 10:42:00,0.58,True,0.0800277872757616,0.2469537026003168,3.6472212402749977
2024-10-21,2024-10-21 10:43:00,0.58,False,0.0792564623778037,0.2475496791480729,3.640693803557135
2024-10-21,2024-10-21 10:44:00,0.58,True,0.1018225294789883,0.2563989004485449,3.614202811517787
2024-10-21,2024-10-21 10:45:00,0.58,True,0.1151730841581825,0.2557342156660912,3.665169673024693
2024-10-21,2024-10-21 10:46:00,0.58,True,0.1326362282042374,0.2630817688398451,3.678080503336781
2024-10-21,2024-10-21 10:47:00,0.58,False,0.1364539837522902,0.2679463241976498,3.679326497848471
2024-10-21,2024-10-21 10:48:00,0.58,True,0.1270681053951994,0.2683153774198962,3.668248500034538
2024-10-21,2024-10-21 10:49:00,0.58,False,0.1154750605749312,0.2635281359110371,3.683576527693565
2024-10-21,2024-10-21 10:50:00,0.58,True,0.1209327288835319,0.270280173202318,3.625388269704591
2024-10-21,2024-10-21 10:51:00,0.58,True,0.1154700103991743,0.2667821717087041,3.642551439806434
2024-10-21,2024-10-21 10:52:00,0.58,True,0.1085449890990513,0.2598163831217573,3.6907849053925377
2024-10-21,2024-10-21 10:53:00,0.58,False,0.1076759421304555,0.261072379173256,3.662482555966799
2024-10-21,2024-10-21 10:54:00,0.58,True,0.1070532408214066,0.265705586211064,3.623733235349884
2024-10-21,2024-10-21 10:55:00,0.58,True,0.131829167585222,0.2743266297908241,3.5729290867372563
2024-10-21,2024-10-21 10:56:00,0.58,True,0.132136327191606,0.2734681438754364,3.564374493373853
2024-10-21,2024-10-21 10:57:00,0.58,False,0.1273259047813409,0.271648134304932,3.5727347676159273
2024-10-21,2024-10-21 10:58:00,0.58,True,0.1429634391154763,0.2749382123700817,3.5769892138706525
2024-10-21,2024-10-21 10:59:00,0.58,True,0.1345841471556442,0.2738033513467981,3.578522929329088
2024-10-21,2024-10-21 11:00:00,0.58,True,0.1384582914011593,0.2717636792737261,3.606574510423205
2024-10-21,2024-10-21 11:01:00,0.58,False,0.1235072678446853,0.2663729520439875,3.6236781830799063
2024-10-21,2024-10-21 11:02:00,0.58,True,0.1345781855586674,0.269836346612636,3.6052084299895824
2024-10-21,2024-10-21 11:03:00,0.58,True,0.1422911441176515,0.2733730866576629,3.602806603426596
2024-10-21,2024-10-21 11:04:00,0.57,True,0.1403763632701104,0.2705499617204032,3.605041598738172
2024-10-21,2024-10-21 11:05:00,0.575,True,0.134019414929203,0.2678066747234247,3.605577832852507
2024-10-21,2024-10-21 11:06:00,0.575,False,0.140378814187813,0.2737023620750651,3.5479547580463064
2024-10-21,2024-10-21 11:07:00,0.58,True,0.1351553744232554,0.2729635537177631,3.546845100140214
2024-10-21,2024-10-21 11:08:00,0.58,False,0.140454617777222,0.2725509565799315,3.5375193465101304
2024-10-21,2024-10-21 11:09:00,0.58,True,0.1481828398546671,0.2747994046823495,3.528448799876447
2024-10-21,2024-10-21 11:10:00,0.575,True,0.1537857847634935,0.2775960861395435,3.537247076363348
2024-10-21,2024-10-21 11:11:00,0.575,True,0.1536183783628937,0.2766945898426678,3.5475745541626154
2024-10-21,2024-10-21 11:12:00,0.575,True,0.1488176654359847,0.2737582380903355,3.5480096202284184
2024-10-21,2024-10-21 11:13:00,0.57,True,0.1463472547820637,0.2727973197453697,3.553165752310227
2024-10-21,2024-10-21 11:14:00,0.58,True,0.1425375289158355,0.270798299418339,3.5637562415436426
2024-10-21,2024-10-21 11:15:00,0.58,False,0.1287478197045156,0.26549215335083,3.576724757276105
2024-10-21,2024-10-21 11:16:00,0.57,True,0.1215981205195254,0.2628016050487745,3.5892375900793914
2024-10-21,2024-10-21 11:17:00,0.57,True,0.1161764046450523,0.2611884702056235,3.585495407181063
2024-10-21,2024-10-21 11:18:00,0.58,True,0.1284629902195685,0.2665083608256423,3.576494633295473
2024-10-21,2024-10-21 11:19:00,0.58,True,0.1356058851956624,0.2695576734069416,3.5832708206236803
2024-10-21,2024-10-21 11:20:00,0.58,True,0.1321073311935636,0.2678692546202627,3.607871809798516
2024-10-21,2024-10-21 11:21:00,0.58,True,0.1240088756921597,0.2652446235403231,3.62660457555433
2024-10-21,2024-10-21 11:22:00,0.57,True,0.1084542418558437,0.2601583208810705,3.638456409627334
2024-10-21,2024-10-21 11:23:00,0.57,True,0.0968384606469713,0.2553511598999214,3.657313439037248
2024-10-21,2024-10-21 11:24:00,0.58,True,0.1083803146491902,0.2598503338452346,3.6388550712507666
2024-10-21,2024-10-21 11:25:00,0.58,True,0.111347772169963,0.2594336675699943,3.6595915515236888
2024-10-21,2024-10-21 11:26:00,0.58,False,0.1092407384890167,0.2613078756988898,3.644838474279906
2024-10-21,2024-10-21 11:27:00,0.58,False,0.1261102312267218,0.2669685508784847,3.6179725521764734
2024-10-21,2024-10-21 11:28:00,0.58,True,0.1188122119087186,0.2628779263570556,3.642458553526043
2024-10-21,2024-10-21 11:29:00,0.58,True,0.1108837734409652,0.2659577498343559,3.6077945120116497
2024-10-21,2024-10-21 11:30:00,0.58,False,0.1081553558885676,0.263641384721057,3.615820787817374
2024-10-21,2024-10-21 11:31:00,0.58,True,0.1116040920443439,0.2633515519197685,3.636266804614442
2024-10-21,2024-10-21 11:32:00,0.58,True,0.108506445052293,0.2639542690739956,3.61950643755688
2024-10-21,2024-10-21 11:33:00,0.58,True,0.0958830349383954,0.2610006684079027,3.6151806399046182
2024-10-21,2024-10-21 11:34:00,0.58,True,0.0996458434190622,0.2658826998217239,3.576938779541081
2024-10-21,2024-10-21 11:35:00,0.58,True,0.0924966890632728,0.2652659602603496,3.572542665270447
2024-10-21,2024-10-21 11:36:00,0.58,True,0.0870450025531169,0.2636427353110622,3.5857240870462057
2024-10-21,2024-10-21 11:37:00,0.58,True,0.0799966387484068,0.2600939069635684,3.6135581746626015
2024-10-21,2024-10-21 11:38:00,0.575,True,0.0711339744176994,0.2575486542461396,3.644981547120681
2024-10-21,2024-10-21 11:39:00,0.58,True,0.0750587888521634,0.2575278714391533,3.639834822973497
2024-10-21,2024-10-21 11:40:00,0.58,True,0.0654456716078908,0.2564136761666853,3.605673569288616
2024-10-21,2024-10-21 11:41:00,0.58,False,0.052345127612001,0.2547567919033319,3.588467413289109
2024-10-21,2024-10-21 11:42:00,0.58,True,0.0573682416957098,0.2546571045236952,3.5946727048218237
2024-10-21,2024-10-21 11:43:00,0.58,True,0.0527804651907461,0.2485694907003972,3.642596751043555
2024-10-21,2024-10-21 11:44:00,0.58,True,0.0540190445993066,0.2508979759238648,3.621102347257071
2024-10-21,2024-10-21 11:45:00,0.58,True,0.0504497813227434,0.2470644975162001,3.681538218758353
2024-10-21,2024-10-21 11:46:00,0.58,True,0.0627793476632646,0.2508871916146792,3.64995586014365
2024-10-21,2024-10-21 11:47:00,0.58,True,0.0633922965112047,0.2502846297222649,3.664132656194039
2024-10-21,2024-10-21 11:48:00,0.58,False,0.0553727662523036,0.2443773238053629,3.703545431373014
2024-10-21,2024-10-21 11:49:00,0.58,True,0.045326991729098,0.2417693592797986,3.70114553182042
2024-10-21,2024-10-21 11:50:00,0.58,False,0.0487212369269355,0.2444324043035171,3.6829446155278296
2024-10-21,2024-10-21 11:51:00,0.58,True,0.0456477309365823,0.2426069240732434,3.6852837167960937
2024-10-21,2024-10-21 11:52:00,0.58,True,0.0462908225263421,0.2463441423393401,3.656596365676194
2024-10-21,2024-10-21 11:53:00,0.58,True,0.0551337197117765,0.2514652370090994,3.627006432324901
2024-10-21,2024-10-21 11:54:00,0.58,True,0.0536360136721017,0.2516318205881483,3.6147457346492127
2024-10-21,2024-10-21 11:55:00,0.58,True,0.0494949417615334,0.2487253629004844,3.643585326753543
2024-10-21,2024-10-21 11:56:00,0.58,True,0.0537691385530331,0.2488280640347115,3.6586822140864528
2024-10-21,2024-10-21 11:57:00,0.58,True,0.0426807439319158,0.2451797987545164,3.675860622831246
2024-10-21,2024-10-21 11:58:00,0.58,False,0.0320522455755796,0.2401610079224733,3.6980406278146334
2024-10-21,2024-10-21 11:59:00,0.58,False,0.0301146247185604,0.2359525729752707,3.717562561937055
2024-10-21,2024-10-21 12:00:00,0.58,True,0.0344461838237386,0.2392110771122301,3.6860477775317384
2024-10-21,2024-10-21 12:01:00,0.58,True,0.0267403552703344,0.2368658944827334,3.7043188039402657
2024-10-21,2024-10-21 12:02:00,0.58,True,0.0294481592436925,0.238001162804977,3.696394483224722
2024-10-21,2024-10-21 12:03:00,0.58,True,0.0290219517188529,0.2402203123378606,3.66141591364176
2024-10-21,2024-10-21 12:04:00,0.58,True,0.030202758183374,0.2452077129179146,3.627692034495088
2024-10-21,2024-10-21 12:05:00,0.575,True,0.0288796211676449,0.2452598589844137,3.630210777056441
2024-10-21,2024-10-21 12:06:00,0.57,True,0.0258973146536558,0.2427846734820938,3.658680882383546
2024-10-21,2024-10-21 12:07:00,0.575,True,0.0253136701190645,0.2418546033494626,3.678004705527381
2024-10-21,2024-10-21 12:08:00,0.58,True,0.0301717783394178,0.244360761030192,3.6594856618635454
2024-10-21,2024-10-21 12:09:00,0.58,True,0.0246714219770221,0.2426035675137932,3.661971123924322
2024-10-21,2024-10-21 12:10:00,0.57,True,0.0231474477276668,0.2404705839322823,3.672895574975348
2024-10-21,2024-10-21 12:11:00,0.58,True,0.0309487729420974,0.2450715675604358,3.637316630281433
2024-10-21,2024-10-21 12:12:00,0.575,True,0.0294482236952751,0.2453704166516599,3.634750130628245
2024-10-21,2024-10-21 12:13:00,0.575,False,0.0218666506812786,0.2422378490278652,3.654885143037961
2024-10-21,2024-10-21 12:14:00,0.58,True,0.0244063215614743,0.2418145003829035,3.6619138722046634
2024-10-21,2024-10-21 12:15:00,0.58,True,0.0326612429284934,0.2464229008954161,3.637970180302552
2024-10-21,2024-10-21 12:16:00,0.58,False,0.0310383101340421,0.248276336304768,3.619957851475083
2024-10-21,2024-10-21 12:17:00,0.58,False,0.0286493062503045,0.2489700859367151,3.5956172173777823
2024-10-21,2024-10-21 12:18:00,0.57,True,0.0304384682933825,0.2496733585598976,3.5902478352629785
2024-10-21,2024-10-21 12:19:00,0.57,False,0.0280837796550283,0.2469080389144126,3.620372072934416
2024-10-21,2024-10-21 12:20:00,0.58,True,0.0232966690496271,0.245157141117158,3.620008842132569
2024-10-21,2024-10-21 12:21:00,0.58,False,0.0179762075486544,0.2442388912846968,3.6015636675844283
2024-10-21,2024-10-21 12:22:00,0.58,True,0.0221967138599963,0.248187944673395,3.587887638545444
2024-10-21,2024-10-21 12:23:00,0.58,False,0.0147008775973035,0.2448451528029175,3.6097892487961807
2024-10-21,2024-10-21 12:24:00,0.58,True,0.0151368516664712,0.2442606341832714,3.612724221295519
2024-10-21,2024-10-21 12:25:00,0.58,True,0.015690619596664,0.244852571011386,3.6013027380201
2024-10-21,2024-10-21 12:26:00,0.58,False,0.0189852493073526,0.2425152558408814,3.61984502278782
2024-10-21,2024-10-21 12:27:00,0.58,True,0.0231621976500961,0.2448899557918339,3.610236973758404
2024-10-21,2024-10-21 12:28:00,0.58,True,0.0262862192009535,0.2457784755454082,3.611066589347636
2024-10-21,2024-10-21 12:29:00,0.58,True,0.0255252339840097,0.243474345479921,3.647853054355571
2024-10-21,2024-10-21 12:30:00,0.58,True,0.0214912029581506,0.2410051868245677,3.6645600351095777
2024-10-21,2024-10-21 12:31:00,0.58,True,0.0173513197459836,0.2399775701123847,3.663840819858255
2024-10-21,2024-10-21 12:32:00,0.58,True,0.0150909181083668,0.2394818720827156,3.646505340533586
2024-10-21,2024-10-21 12:33:00,0.58,True,0.0188637705498009,0.2385008790929226,3.658191470558665
2024-10-21,2024-10-21 12:34:00,0.58,False,0.0279707241356831,0.2391732978237402,3.662871640413075
2024-10-21,2024-10-21 12:35:00,0.58,True,0.0290153968808853,0.2395480291894386,3.6529612463759897
2024-10-21,2024-10-21 12:36:00,0.58,True,0.0256674178018836,0.239540718715818,3.640738199141852
2024-10-21,2024-10-21 12:37:00,0.58,True,0.0320307858010324,0.2408730807808165,3.650154589890412
2024-10-21,2024-10-21 12:38:00,0.58,True,0.0360011075658952,0.2427494611208852,3.6288628041420137
2024-10-21,2024-10-21 12:39:00,0.58,False,0.0373837163450558,0.242718662101903,3.645072258326679
2024-10-21,2024-10-21 12:40:00,0.58,True,0.0411528860862414,0.2461516068824439,3.6296761774685944
2024-10-21,2024-10-21 12:41:00,0.58,True,0.0422893072864876,0.2473109663563231,3.623997175683223
2024-10-21,2024-10-21 12:42:00,0.58,True,0.039320898332651,0.2468538668328471,3.6194649587402217
2024-10-21,2024-10-21 12:43:00,0.57,True,0.0476883529774879,0.2510547393591948,3.601801450015488
2024-10-21,2024-10-21 12:44:00,0.58,True,0.0465699013695001,0.2516065805907477,3.592797565808087
2024-10-21,2024-10-21 12:45:00,0.58,True,0.0466801699105355,0.2525600701447419,3.586424552674237
2024-10-21,2024-10-21 12:46:00,0.58,True,0.0432551633169198,0.2493950110132943,3.6074588690466927
2024-10-21,2024-10-21 12:47:00,0.58,True,0.0411503255331475,0.2478571513154734,3.6240289426476417
2024-10-21,2024-10-21 12:48:00,0.58,True,0.046373114420017,0.2516961370230076,3.6149005026279553
2024-10-21,2024-10-21 12:49:00,0.57,True,0.0411320554935279,0.2497193038925232,3.618339903547122
2024-10-21,2024-10-21 12:50:00,0.57,True,0.0516020120157326,0.2524147016400849,3.6109395373510056
2024-10-21,2024-10-21 12:51:00,0.58,True,0.0570519851584158,0.2522236645099219,3.61419145188092
2024-10-21,2024-10-21 12:52:00,0.57,True,0.056477854352437,0.2531411656879299,3.619659536232675
2024-10-21,2024-10-21 12:53:00,0.57,True,0.0616644532370134,0.2558721365122762,3.609005219699718
2024-10-21,2024-10-21 12:54:00,0.57,True,0.0553131563422601,0.2539992542038057,3.6147343253934303
2024-10-21,2024-10-21 12:55:00,0.57,True,0.0529509623362957,0.2539621546157915,3.598713020343942
2024-10-21,2024-10-21 12:56:00,0.57,True,0.0520473452858796,0.2561421748235832,3.5700054170750395
2024-10-21,2024-10-21 12:57:00,0.57,False,0.0514796642908154,0.2566625287136537,3.5697438465719737
2024-10-21,2024-10-21 12:58:00,0.58,True,0.0471072827728341,0.2544032912297654,3.5903745677002306
2024-10-21,2024-10-21 12:59:00,0.58,True,0.0526183583522231,0.2562640667980187,3.581590328018027
2024-10-21,2024-10-21 13:00:00,0.57,True,0.0487848626491878,0.2556338408571603,3.5944103189878525
2024-10-21,2024-10-21 13:01:00,0.58,True,0.0356486543403404,0.2516918821029011,3.5944983603092755
2024-10-21,2024-10-21 13:02:00,0.575,True,0.033852432958798,0.2515220083360063,3.5937698866712777
2024-10-21,2024-10-21 13:03:00,0.58,True,0.0441617181254823,0.25436003920141,3.5989821019064987
2024-10-21,2024-10-21 13:04:00,0.58,True,0.0403205102592161,0.251818071689739,3.610668725858995
2024-10-21,2024-10-21 13:05:00,0.57,True,0.0401811427930052,0.2539278826209355,3.601792685696377
2024-10-21,2024-10-21 13:06:00,0.58,True,0.0403652961877235,0.2540091118160353,3.6001511384117055
2024-10-21,2024-10-21 13:07:00,0.58,True,0.0453744588734204,0.2539822677858121,3.613250344777429
2024-10-21,2024-10-21 13:08:00,0.58,True,0.0446361422798615,0.2520388457755474,3.629169679187642
2024-10-21,2024-10-21 13:09:00,0.57,True,0.0416217777285765,0.2513942909783898,3.6391125073549135
2024-10-21,2024-10-21 13:10:00,0.58,True,0.0462107568655534,0.2522530530814182,3.6293187915287857
2024-10-21,2024-10-21 13:11:00,0.58,False,0.0422854216433347,0.2503271448538985,3.637653184507659
2024-10-21,2024-10-21 13:12:00,0.58,True,0.047258538400455,0.2549709455046985,3.622284149962275
2024-10-21,2024-10-21 13:13:00,0.58,True,0.0452739278890197,0.2547095927650623,3.624579304584547
2024-10-21,2024-10-21 13:14:00,0.58,True,0.0466865384637823,0.2560792752771455,3.6080826749807735
2024-10-21,2024-10-21 13:15:00,0.58,True,0.0422343609957086,0.2540652616914762,3.616266068480386
2024-10-21,2024-10-21 13:16:00,0.58,True,0.0397904067051744,0.2541088271400089,3.6127774731597926
2024-10-21,2024-10-21 13:17:00,0.58,True,0.0423097015486878,0.2560447446720226,3.6035323914572617
2024-10-21,2024-10-21 13:18:00,0.58,False,0.0483305020845531,0.2585496069172717,3.5881183548088913
2024-10-21,2024-10-21 13:19:00,0.58,True,0.0598670655454281,0.2585377735043454,3.6169216997978566
2024-10-21,2024-10-21 13:20:00,0.58,True,0.0571049474696397,0.2560838227360799,3.632877707198993
2024-10-21,2024-10-21 13:21:00,0.58,False,0.0578519240846424,0.2545464624781512,3.643612325595565
2024-10-21,2024-10-21 13:22:00,0.58,True,0.0560563072432467,0.2528048913897873,3.650973350267334
2024-10-21,2024-10-21 13:23:00,0.58,True,0.0588061958725713,0.254384097334289,3.646190984170153
2024-10-21,2024-10-21 13:24:00,0.58,True,0.0558823188377647,0.2538385591246817,3.6378324056804807
2024-10-21,2024-10-21 13:25:00,0.58,True,0.0563884191070948,0.2528296286255311,3.6481797199236023
2024-10-21,2024-10-21 13:26:00,0.58,True,0.0547535338835676,0.2511810089447744,3.6607154466512353
2024-10-21,2024-10-21 13:27:00,0.58,True,0.0585760725962834,0.2531960744213364,3.657362143076067
2024-10-21,2024-10-21 13:28:00,0.58,True,0.0505119986334164,0.2495624643185826,3.674777408880903
2024-10-21,2024-10-21 13:29:00,0.58,True,0.0481714775199491,0.2495995955576792,3.669971267476893
2024-10-21,2024-10-21 13:30:00,0.58,True,0.0488845547095226,0.2511426396002763,3.658844271342787
2024-10-21,2024-10-21 13:31:00,0.58,True,0.0522616267113582,0.2547890056190453,3.6379673913613626
2024-10-21,2024-10-21 13:32:00,0.58,False,0.054653775754601,0.2566531819666926,3.622511273081939
2024-10-21,2024-10-21 13:33:00,0.58,True,0.0538492461631205,0.2573982905714579,3.627170248077514
2024-10-21,2024-10-21 13:34:00,0.58,False,0.05588796799659,0.2600227372839885,3.60601003425674
2024-10-21,2024-10-21 13:35:00,0.575,True,0.0557841013757887,0.2603482105310148,3.6010562134331536
2024-10-21,2024-10-21 13:36:00,0.57,True,0.0645479100802066,0.2634901124185178,3.5850331169061587
2024-10-21,2024-10-21 13:37:00,0.57,True,0.0622384549548989,0.2611859074163207,3.59796658191406
2024-10-21,2024-10-21 13:38:00,0.57,True,0.0571403629472251,0.2598987033054679,3.605508272416642
2024-10-21,2024-10-21 13:39:00,0.57,True,0.0516470472538019,0.2581463656998652,3.5989038503780755
2024-10-21,2024-10-21 13:40:00,0.57,True,0.0577789718823369,0.261249630413537,3.577735208164005
2024-10-21,2024-10-21 13:41:00,0.57,True,0.0620883133746013,0.2616635547616631,3.5772827747093476
2024-10-21,2024-10-21 13:42:00,0.58,True,0.0627821925795634,0.2630712481547215,3.569603971819262
2024-10-21,2024-10-21 13:43:00,0.58,True,0.0599275488302982,0.2608421604730463,3.5867657116556426
2024-10-21,2024-10-21 13:44:00,0.58,True,0.0613107041937097,0.2609035927263027,3.5964036267393222
2024-10-21,2024-10-21 13:45:00,0.58,True,0.0620940743979915,0.260921441375803,3.5972565261698097
2024-10-21,2024-10-21 13:46:00,0.58,True,0.0571654609448879,0.2604915046489865,3.5897268020278608
2024-10-21,2024-10-21 13:47:00,0.58,True,0.0446295686706851,0.2571999437691717,3.6040945316772506
2024-10-21,2024-10-21 13:48:00,0.57,True,0.0414033572235235,0.2580081688699632,3.57801588462567
2024-10-21,2024-10-21 13:49:00,0.58,True,0.0481885295122014,0.2592400795349108,3.5509979211857625
2024-10-21,2024-10-21 13:50:00,0.58,True,0.0478844440131882,0.2591363555985279,3.545489284645209
2024-10-21,2024-10-21 13:51:00,0.58,True,0.0446258182002069,0.2579692316392747,3.5572743658650303
2024-10-21,2024-10-21 13:52:00,0.58,False,0.0501559762000771,0.2606012475202667,3.5435516588658
2024-10-21,2024-10-21 13:53:00,0.58,True,0.0472961275669505,0.2603907789288449,3.5333339055413084
2024-10-21,2024-10-21 13:54:00,0.58,False,0.0473308518733974,0.2600578206088637,3.524663299756813
2024-10-21,2024-10-21 13:55:00,0.58,False,0.0418597814490175,0.2572277059461003,3.5423463576885914
2024-10-21,2024-10-21 13:56:00,0.58,True,0.0455855019820608,0.2591262996367476,3.5328482919211472
2024-10-21,2024-10-21 13:57:00,0.58,True,0.0540205222098827,0.2632850643329194,3.509101227495032
2024-10-21,2024-10-21 13:58:00,0.58,False,0.0547881150423925,0.2644007839052732,3.4913218417798424
2024-10-21,2024-10-21 14:00:00,0.58,True,0.0513672538445785,0.2591674521220286,3.529883050061332
2024-10-21,2024-10-21 14:01:00,0.57,True,0.0401780364438985,0.2524309678960529,3.560963600824311
2024-10-21,2024-10-21 14:02:00,0.57,True,0.0473004600003917,0.2539593731791386,3.559819924116517
2024-10-21,2024-10-21 14:03:00,0.58,True,0.0452192946947226,0.2517293057477069,3.55964014075393
2024-10-21,2024-10-21 14:04:00,0.58,True,0.0412194785540518,0.2500543026587192,3.5665993766429644
2024-10-21,2024-10-21 14:05:00,0.58,True,0.0275120929846423,0.2432318034698817,3.5975759297050875
2024-10-21,2024-10-21 14:06:00,0.58,True,0.0282427565662948,0.2442772493976875,3.5973387660138862
2024-10-21,2024-10-21 14:07:00,0.58,True,0.0349564362394208,0.2463473168239928,3.577937098030113
2024-10-21,2024-10-21 14:08:00,0.58,False,0.0387012203416337,0.2463301986432954,3.5925073520380706
2024-10-21,2024-10-21 14:09:00,0.58,False,0.0378860702297716,0.2457147901448063,3.616662047306846
2024-10-21,2024-10-21 14:10:00,0.57,True,0.0313600972470139,0.2415951837821576,3.64758194786094
2024-10-21,2024-10-21 14:11:00,0.58,True,0.0329901140664762,0.2417778025089,3.652687230883464
2024-10-21,2024-10-21 14:12:00,0.58,False,0.0312196455548906,0.2416630678466737,3.6652517249922503
2024-10-21,2024-10-21 14:13:00,0.58,True,0.0236773263710564,0.2411985727731397,3.658454121110574
2024-10-21,2024-10-21 14:14:00,0.57,True,0.0158205077179256,0.2391314145599973,3.6664447929886177
2024-10-21,2024-10-21 14:15:00,0.57,True,0.0204964716833779,0.2419073656546347,3.655624313351952
2024-10-21,2024-10-21 14:16:00,0.57,True,0.0218652643013386,0.2411109615454996,3.652543586012259
2024-10-21,2024-10-21 14:17:00,0.57,True,0.024626901994605,0.2408726158745218,3.671443659207035
2024-10-21,2024-10-21 14:19:00,0.57,True,0.0298517528432728,0.2433636652869741,3.65314787752933
2024-10-21,2024-10-21 14:20:00,0.57,True,0.0272585298082072,0.2432293540528255,3.646162689922089
2024-10-21,2024-10-21 14:21:00,0.57,True,0.0311236901422483,0.2423405325523465,3.652582758833414
2024-10-21,2024-10-21 14:22:00,0.57,True,0.0340695030200361,0.243862084914178,3.6462578058347415
2024-10-21,2024-10-21 14:23:00,0.57,False,0.0411024544859495,0.2474458606382716,3.628491691119233
2024-10-21,2024-10-21 14:24:00,0.57,True,0.0432599361533816,0.247611780459054,3.639266554647221
2024-10-21,2024-10-21 14:25:00,0.57,True,0.0442537896090706,0.2493288958939863,3.6316022517264273
2024-10-21,2024-10-21 14:26:00,0.57,True,0.0451553767172222,0.2493982331500618,3.636463732902403
2024-10-21,2024-10-21 14:27:00,0.57,True,0.0422704979874258,0.2486856852441622,3.641480063347735
2024-10-21,2024-10-21 14:28:00,0.57,True,0.040027058826869,0.246225449918361,3.663659276620128
2024-10-21,2024-10-21 14:29:00,0.57,True,0.0457320332779947,0.2481609520545438,3.661511496461681
2024-10-21,2024-10-21 14:30:00,0.57,True,0.0489488802705863,0.2488417760824127,3.664586228471847
2024-10-21,2024-10-21 14:31:00,0.57,True,0.0406750614784356,0.2445417114851119,3.7037272316988696
2024-10-21,2024-10-21 14:32:00,0.57,False,0.0416978995777605,0.2453772799143687,3.70466046748565
2024-10-21,2024-10-21 14:33:00,0.57,True,0.0485617441712217,0.2485157689098671,3.694607261614071
2024-10-21,2024-10-21 14:34:00,0.57,True,0.0486999971456199,0.2484814261705245,3.6922430946700433
2024-10-21,2024-10-21 14:35:00,0.57,True,0.0452292355753436,0.2473170269496843,3.6964304690326193
2024-10-21,2024-10-21 14:36:00,0.57,True,0.048893757755429,0.2478136107578803,3.696378341196964
2024-10-21,2024-10-21 14:37:00,0.57,True,0.0470000554205182,0.2446743534706757,3.72440997490688
2024-10-21,2024-10-21 14:38:00,0.57,False,0.0515113008412256,0.2446486701769736,3.7383174651715017
2024-10-21,2024-10-21 14:39:00,0.57,True,0.0566726542962759,0.2460934067405953,3.734604037575111
2024-10-21,2024-10-21 14:40:00,0.57,True,0.0587293838104464,0.2473733591893718,3.7256518456485352
2024-10-21,2024-10-21 14:41:00,0.57,True,0.0606848659879514,0.2475663296130927,3.725041745707453
2024-10-21,2024-10-21 14:42:00,0.57,True,0.0584367307560096,0.2463189927242046,3.743305060965294
2024-10-21,2024-10-21 14:43:00,0.57,True,0.0582720771056711,0.2450500731829216,3.756777343077372
2024-10-21,2024-10-21 14:44:00,0.57,True,0.0633030538038922,0.2470427494574002,3.754269247249899
2024-10-21,2024-10-21 14:45:00,0.57,True,0.06656427978417,0.2499517253412422,3.7361174985534737
2024-10-21,2024-10-21 14:46:00,0.57,True,0.070114281511212,0.2520068428098934,3.722043255203073
2024-10-21,2024-10-21 14:47:00,0.56,True,0.0705871723136034,0.2523178621823799,3.710456135914623
2024-10-21,2024-10-21 14:48:00,0.56,False,0.0691565850899754,0.2524092010758642,3.7038532705544376
2024-10-21,2024-10-21 14:49:00,0.57,True,0.066572852359819,0.2499468605097747,3.7079076030294393
2024-10-21,2024-10-21 14:50:00,0.57,False,0.0685074966020692,0.251402409820931,3.694068217887956
2024-10-21,2024-10-21 14:51:00,0.57,True,0.0661261144150763,0.2501340517353118,3.698135259719584
2024-10-21,2024-10-21 14:52:00,0.565,True,0.0631756551334997,0.2490284237391502,3.7043370353036833
2024-10-21,2024-10-21 14:53:00,0.57,True,0.0564527738243637,0.2462415332470104,3.7193512223544896
2024-10-21,2024-10-21 14:54:00,0.57,True,0.0553098220039514,0.2459318718335893,3.717591363606573
2024-10-21,2024-10-21 14:55:00,0.57,True,0.0610561064200669,0.2476129637130611,3.7097067726391777
2024-10-21,2024-10-21 14:57:00,0.57,False,0.0620265080041592,0.2515878099165723,3.662743542289428
2024-10-21,2024-10-21 14:58:00,0.57,True,0.0633479206368426,0.2535678360501782,3.641938652054631
2024-10-21,2024-10-21 14:59:00,0.57,True,0.0580053627842826,0.2500027049472897,3.66254995698184
2024-10-21,2024-10-21 15:00:00,0.57,True,0.0587280779653638,0.2485760694814052,3.67816891584296
2024-10-21,2024-10-21 15:01:00,0.57,True,0.0508579092632496,0.2458368700749972,3.688438747445392
2024-10-21,2024-10-21 15:02:00,0.565,True,0.0447135691691853,0.2434708098317741,3.684984580444073
2024-10-21,2024-10-21 15:03:00,0.565,False,0.0487532815632364,0.2438694433368094,3.673077075028369
2024-10-21,2024-10-21 15:04:00,0.57,True,0.0471160519798223,0.2429841375260123,3.6751233053959056
2024-10-21,2024-10-21 15:05:00,0.57,True,0.051643687491437,0.245754617622421,3.656215819060164
2024-10-21,2024-10-21 15:06:00,0.57,True,0.0570666064877605,0.2486903652158903,3.645831804822392
2024-10-21,2024-10-21 15:07:00,0.57,True,0.0542560134427788,0.2485095688610326,3.647558454957601
2024-10-21,2024-10-21 15:08:00,0.57,True,0.0604123709827715,0.2493261002872375,3.649989057692259
2024-10-21,2024-10-21 15:09:00,0.57,True,0.0562843652858645,0.2479463127923841,3.658579340846474
2024-10-21,2024-10-21 15:10:00,0.57,True,0.0532006153498868,0.2468920454756464,3.6541304745991874
2024-10-21,2024-10-21 15:11:00,0.57,True,0.0475673899804387,0.2454223308531131,3.664866070890923
2024-10-21,2024-10-21 15:12:00,0.57,True,0.0454920696244817,0.2435995866648748,3.667130757292794
2024-10-21,2024-10-21 15:13:00,0.57,True,0.0498835744334016,0.2443561284493219,3.6551419667558647
2024-10-21,2024-10-21 15:14:00,0.57,False,0.0494642134593496,0.2448870797780852,3.653979092135039
2024-10-21,2024-10-21 15:15:00,0.57,True,0.0547025448179804,0.2445728425838472,3.667041411413121
2024-10-21,2024-10-21 15:16:00,0.57,True,0.0466601706057971,0.2397079585163419,3.69548584275739
2024-10-21,2024-10-21 15:17:00,0.57,True,0.043539727536803,0.2384828598987503,3.7082962622793345
2024-10-21,2024-10-21 15:18:00,0.57,False,0.0374179498333088,0.2356405687621698,3.730165171752213
2024-10-21,2024-10-21 15:19:00,0.57,True,0.0346965497728372,0.2321773110026921,3.749344434630726
2024-10-21,2024-10-21 15:20:00,0.57,False,0.0307958488544884,0.2298641460594939,3.773301874427504
2024-10-21,2024-10-21 15:21:00,0.565,True,0.0334068536483124,0.2300291129463655,3.776356234805749
2024-10-21,2024-10-21 15:22:00,0.57,True,0.0334794442092921,0.229498229955731,3.789786773642641
2024-10-21,2024-10-21 15:23:00,0.57,False,0.0328288974511189,0.2305939954415509,3.782420267841386
2024-10-21,2024-10-21 15:24:00,0.57,True,0.0349956353175688,0.2314651224353389,3.778452294352805
2024-10-21,2024-10-21 15:25:00,0.57,False,0.0388096045349768,0.2316531313305518,3.7908777735663777
2024-10-21,2024-10-21 15:26:00,0.57,True,0.0445890968283422,0.2344339049054507,3.7888961387988296
2024-10-21,2024-10-21 15:27:00,0.57,True,0.0433717647392898,0.2343515283023176,3.7986639977000545
2024-10-21,2024-10-21 15:28:00,0.57,True,0.0432279723689925,0.2335806774634632,3.8078985359242776
2024-10-21,2024-10-21 15:29:00,0.57,True,0.0493620412060106,0.2354023579857695,3.784854251862799
2024-10-21,2024-10-21 15:31:00,0.57,True,0.0317586706051872,0.2279196353170653,3.83817677732421
2024-10-21,2024-10-21 15:32:00,0.57,True,0.0178888153475614,0.223253689825447,3.863310827628201
2024-10-21,2024-10-21 15:33:00,0.57,False,0.0119429071625628,0.2223349609444721,3.868761133098752
2024-10-21,2024-10-21 15:34:00,0.57,True,0.0101047325752205,0.2215481938229991,3.8734757006331746
2024-10-21,2024-10-21 15:35:00,0.57,False,0.0150420190133327,0.2231238692721134,3.8739074709741232
2024-10-21,2024-10-21 15:36:00,0.565,True,0.0191871220731797,0.2262096095082048,3.8455143690998903
2024-10-21,2024-10-21 15:37:00,0.57,True,0.0182038952080719,0.2250888594387033,3.852813049492264
2024-10-21,2024-10-21 15:38:00,0.57,True,0.021901752358003,0.2297375608700205,3.81651725268326
2024-10-21,2024-10-21 15:39:00,0.57,True,0.0218246647728161,0.2323210752583647,3.7980236758724
2024-10-21,2024-10-21 15:40:00,0.57,True,0.0190605276241365,0.2309441264106606,3.798183759822355
2024-10-21,2024-10-21 15:41:00,0.57,True,0.0182297109040921,0.2302237740159758,3.801789249757463
2024-10-21,2024-10-21 15:42:00,0.57,True,0.0127488408188181,0.2277298971697363,3.805840871964979
2024-10-21,2024-10-21 15:43:00,0.57,False,-0.0021699061311802,0.2220330669806948,3.827363957559921
2024-10-21,2024-10-21 15:44:00,0.57,True,-0.009164382387617,0.2177083808224094,3.852718413936338
2024-10-21,2024-10-21 15:45:00,0.57,False,-0.0062418482203204,0.2175948462080709,3.857158519208393
2024-10-21,2024-10-21 15:46:00,0.57,True,-0.0046827760114085,0.2198676973002711,3.830423346172035
2024-10-21,2024-10-21 15:47:00,0.57,True,-0.0056565618836336,0.2205039060384079,3.821442600890956
2024-10-21,2024-10-21 15:48:00,0.57,False,-0.0129788910205311,0.2183561955463603,3.830429480314939
2024-10-21,2024-10-21 15:49:00,0.57,True,-0.0186928994388369,0.2144557416914115,3.8533168951184953
2024-10-21,2024-10-21 15:50:00,0.57,True,-0.021610712328062,0.2144705401827622,3.850117175564281
2024-10-21,2024-10-21 15:51:00,0.57,True,-0.0208953896369539,0.2150145233663119,3.8203466198326295
2024-10-21,2024-10-21 15:52:00,0.57,True,-0.0237767092410806,0.2090973522571648,3.8499232657739015
2024-10-21,2024-10-21 15:53:00,0.57,True,-0.025991094911203,0.2077378433971837,3.8630043064542474
2024-10-21,2024-10-21 15:54:00,0.58,True,-0.0327255566804601,0.2056180297980432,3.8668325608247143
2024-10-21,2024-10-21 15:55:00,0.58,False,-0.0492405524788305,0.2014483138746256,3.862874118260998
2024-10-21,2024-10-21 15:56:00,0.58,True,-0.0420389472530736,0.206948740578529,3.81651863003509
2024-10-21,2024-10-21 15:57:00,0.58,True,-0.043313333322089,0.2018130900214468,3.876992587594587
2024-10-21,2024-10-21 15:58:00,0.575,True,-0.0589586723854844,0.1962397033663345,3.920361458513715
2024-10-21,2024-10-21 15:59:00,0.575,True,-0.0664271098645152,0.1958117479564473,3.92833350908606
2024-10-21,2024-10-21 16:00:00,0.58,True,-0.0610454371274246,0.1975663588013652,3.914046784086218
2024-10-22,2024-10-22 09:31:00,0.6,True,0.067026115023253,0.2634733574118316,3.8380898228198994
2024-10-22,2024-10-22 09:32:00,0.6,True,0.109835387416973,0.27563348658428,3.8210342832113833
2024-10-22,2024-10-22 09:33:00,0.6,True,0.1522398096321771,0.30119333073646,3.749172334854392
2024-10-22,2024-10-22 09:34:00,0.6,True,0.1194463647156502,0.2928823878806617,3.780464155451622
2024-10-22,2024-10-22 09:35:00,0.6,True,0.1096820020198025,0.293391411797083,3.7174267921714024
2024-10-22,2024-10-22 09:36:00,0.6,True,0.1037734595237327,0.2912008701701267,3.7049384428298566
2024-10-22,2024-10-22 09:37:00,0.6,False,0.0828699019563906,0.2920871174550404,3.642488843993749
2024-10-22,2024-10-22 09:38:00,0.6,True,0.0926498806904964,0.3070510418390386,3.5547981452550332
2024-10-22,2024-10-22 09:39:00,0.6,False,0.098775801386609,0.3155260819763305,3.510896833403831
2024-10-22,2024-10-22 09:40:00,0.6,True,0.0849954724132334,0.3216817674966675,3.471722830939191
2024-10-22,2024-10-22 09:41:00,0.6,True,0.0856697419565697,0.322073474830655,3.470509843885536
2024-10-22,2024-10-22 09:42:00,0.6,False,0.0634627454052886,0.3138895493415233,3.465695806497048
2024-10-22,2024-10-22 09:43:00,0.6,True,0.0568291505943038,0.3208661742975791,3.414723632125471
2024-10-22,2024-10-22 09:44:00,0.6,True,0.0716296815298066,0.3250470464475404,3.4179183353851323
2024-10-22,2024-10-22 09:45:00,0.6,True,0.0777280576075659,0.3316961372313845,3.3702843151122828
2024-10-22,2024-10-22 09:46:00,0.595,True,0.0669407204426608,0.330596642451854,3.3041937910855044
2024-10-22,2024-10-22 09:47:00,0.6,True,0.0286492992865373,0.3184518187883027,3.2896279454692947
2024-10-22,2024-10-22 09:48:00,0.59,True,0.036258217792396,0.3170988133756471,3.2966564708629353
2024-10-22,2024-10-22 09:49:00,0.59,False,0.0435029946823364,0.3162718597942578,3.3293245908414533
2024-10-22,2024-10-22 09:50:00,0.6,True,0.0519563082998031,0.3110194463574699,3.3922066386371728
2024-10-22,2024-10-22 09:51:00,0.6,False,0.0767331205511657,0.3227019401036136,3.366163763671548
2024-10-22,2024-10-22 09:52:00,0.6,True,0.0798185142251824,0.3206452304119784,3.4192324747785356
2024-10-22,2024-10-22 09:53:00,0.6,True,0.0929858842359335,0.3284863785675466,3.384383821376167
2024-10-22,2024-10-22 09:54:00,0.6,True,0.0853484126613638,0.3244319024008947,3.4065000349995502
2024-10-22,2024-10-22 09:55:00,0.6,True,0.0734000599797922,0.3233823043078763,3.370595253412042
2024-10-22,2024-10-22 09:56:00,0.6,False,0.1246484592099075,0.3382105351183848,3.294692333279761
2024-10-22,2024-10-22 09:57:00,0.59,True,0.10124793476733,0.3293540200394054,3.354281995060203
2024-10-22,2024-10-22 09:58:00,0.59,True,0.0730078511673824,0.3165458403237005,3.436251836856909
2024-10-22,2024-10-22 09:59:00,0.59,True,0.0714526810720099,0.3150932935636993,3.4448096281351344
2024-10-22,2024-10-22 10:00:00,0.58,True,0.0732559161196156,0.3178488958783569,3.4447453953576717
2024-10-22,2024-10-22 10:01:00,0.58,False,0.0591599019990539,0.3177091801931537,3.3746205347781
2024-10-22,2024-10-22 10:02:00,0.58,False,0.0466330658433793,0.318058927234908,3.3730664991058097
2024-10-22,2024-10-22 10:03:00,0.59,True,0.0397309735656909,0.3234496010610515,3.303603853121533
2024-10-22,2024-10-22 10:04:00,0.59,True,0.0638567360167751,0.3341359529468801,3.266184694551796
2024-10-22,2024-10-22 10:05:00,0.59,False,0.0561926975558049,0.3298945257467958,3.2737203650867697
2024-10-22,2024-10-22 10:06:00,0.59,True,0.028151777393209,0.3222601753569262,3.2667298621830634
2024-10-22,2024-10-22 10:07:00,0.59,True,0.0118462126011059,0.3228022195058254,3.204981421726337
2024-10-22,2024-10-22 10:08:00,0.59,False,0.0049780377857178,0.3152435978062265,3.2485428002496164
2024-10-22,2024-10-22 10:09:00,0.59,False,0.003583047201459,0.3166012120004028,3.2272698901249184
2024-10-22,2024-10-22 10:10:00,0.59,True,0.015789543433857,0.3240007118244928,3.1636771502105088
2024-10-22,2024-10-22 10:11:00,0.59,True,0.0121841317419948,0.3218960467333041,3.1987015904002414
2024-10-22,2024-10-22 10:12:00,0.59,True,0.0178819315698876,0.3195114627491358,3.228703844622712
2024-10-22,2024-10-22 10:13:00,0.59,True,0.0308868103579321,0.3274578220654158,3.149692120612609
2024-10-22,2024-10-22 10:14:00,0.59,True,0.0305487465138204,0.3334847605774705,3.1373796858427667
2024-10-22,2024-10-22 10:15:00,0.59,True,0.0084006018115243,0.3255746027753322,3.151115445513859
2024-10-22,2024-10-22 10:16:00,0.59,True,-0.0074119613218522,0.3192547999815162,3.16126538312999
2024-10-22,2024-10-22 10:17:00,0.59,True,0.000144677003615,0.3203783636877296,3.1545525401628276
2024-10-22,2024-10-22 10:18:00,0.59,True,-0.0098826111177158,0.3154096009112683,3.1831428290423185
2024-10-22,2024-10-22 10:19:00,0.59,True,-0.0057846693974887,0.326048845037057,3.069319575081769
2024-10-22,2024-10-22 10:20:00,0.59,True,-0.0008664171329453,0.3284678243844253,3.0536709044524244
2024-10-22,2024-10-22 10:21:00,0.59,True,0.000421264064714,0.328535584758893,3.0869943521590035
2024-10-22,2024-10-22 10:22:00,0.59,True,-0.0094921591999011,0.3298019088523418,3.0785521940846374
2024-10-22,2024-10-22 10:23:00,0.59,False,0.001140399382968,0.3295492964851464,3.0903924329792507
2024-10-22,2024-10-22 10:24:00,0.59,True,0.0023453479692934,0.3340510911442186,3.054112842502426
2024-10-22,2024-10-22 10:25:00,0.59,True,-0.0062723819810288,0.3335078434893152,3.045544957391158
2024-10-22,2024-10-22 10:26:00,0.59,True,-0.0290434789011547,0.3282544702751182,3.051289684725194
2024-10-22,2024-10-22 10:27:00,0.59,False,-0.0391152766810593,0.3267945976535236,3.079612297199732
2024-10-22,2024-10-22 10:28:00,0.59,True,-0.0371071696046296,0.3302274782126033,3.0456116898340544
2024-10-22,2024-10-22 10:29:00,0.59,True,-0.0330476896695948,0.3331630580162211,3.0420094769490533
2024-10-22,2024-10-22 10:30:00,0.59,True,-0.0168110135409066,0.3366096708617913,3.0537833171707023
2024-10-22,2024-10-22 10:31:00,0.59,True,-0.019615740479367,0.3370959395155634,3.0487552003688863
2024-10-22,2024-10-22 10:32:00,0.59,True,-0.0244953129377439,0.3321542630706158,3.066986126655697
2024-10-22,2024-10-22 10:33:00,0.59,False,-0.0308470602798012,0.3320924128559195,3.0707874057066493
2024-10-22,2024-10-22 10:34:00,0.59,True,-0.0261359619886442,0.3336023074750157,3.0639779711810093
2024-10-22,2024-10-22 10:35:00,0.59,True,-0.0170138629514011,0.3380331429074666,3.03776941337516
2024-10-22,2024-10-22 10:36:00,0.59,False,-0.0222321312150595,0.3373829199031484,3.054689451094987
2024-10-22,2024-10-22 10:37:00,0.59,False,-0.018747858952849,0.3362118151266812,3.09280483900834
2024-10-22,2024-10-22 10:38:00,0.59,True,-0.0041214028417524,0.3402965673924605,3.0944345321726248
2024-10-22,2024-10-22 10:39:00,0.59,False,-0.0015761785832458,0.3394369478316494,3.108019928058229
2024-10-22,2024-10-22 10:40:00,0.59,False,0.0025183509799145,0.3434523919360835,3.0777761281910396
2024-10-22,2024-10-22 10:41:00,0.59,False,0.0162023922956395,0.3487017406826749,3.0468652350740624
2024-10-22,2024-10-22 10:42:00,0.59,False,0.0172357343441791,0.3500864605282756,3.0453018222077293
2024-10-22,2024-10-22 10:43:00,0.585,True,0.0335246956662591,0.3509456039438773,3.045131927913705
2024-10-22,2024-10-22 10:44:00,0.59,True,0.0507216064119401,0.3562895216029533,3.0523352770649517
2024-10-22,2024-10-22 10:45:00,0.59,True,0.0524447882825368,0.355594950981063,3.07274141386407
2024-10-22,2024-10-22 10:46:00,0.59,True,0.0549232387639089,0.3488593953430011,3.135423303953536
2024-10-22,2024-10-22 10:47:00,0.585,True,0.0583961272864304,0.3499897694405698,3.123038998242037
2024-10-22,2024-10-22 10:48:00,0.58,True,0.084334575395946,0.3566491809961792,3.1075881161168657
2024-10-22,2024-10-22 10:49:00,0.59,True,0.0920485549981052,0.3581482733943439,3.0834499058351867
2024-10-22,2024-10-22 10:50:00,0.59,True,0.0878131752553696,0.3544899712978814,3.1103672031407386
2024-10-22,2024-10-22 10:51:00,0.59,False,0.0867380060186593,0.355698275752317,3.0892881204338383
2024-10-22,2024-10-22 10:52:00,0.59,True,0.0873940506130987,0.3569489068410807,3.095563963996712
2024-10-22,2024-10-22 10:53:00,0.59,False,0.0915373331293812,0.3583346919125766,3.0836942145213575
2024-10-22,2024-10-22 10:54:00,0.59,True,0.0843941606684297,0.3565000202316448,3.059967637047021
2024-10-22,2024-10-22 10:55:00,0.59,False,0.0870859979266684,0.3565535149387848,3.045490762938297
2024-10-22,2024-10-22 10:56:00,0.59,False,0.0845549778192643,0.353969505637114,3.0634939478887997
2024-10-22,2024-10-22 10:57:00,0.59,True,0.0908220327243817,0.3559184043278324,3.0508533623310257
2024-10-22,2024-10-22 10:58:00,0.59,True,0.0871890808904429,0.3526771194088131,3.0665240587563836
2024-10-22,2024-10-22 10:59:00,0.59,True,0.0821866985957601,0.3501572069095657,3.084570902550739
2024-10-22,2024-10-22 11:00:00,0.59,True,0.0805192581918813,0.3480571964847,3.0986932222494468
2024-10-22,2024-10-22 11:01:00,0.59,True,0.0747241993433369,0.3450211100277797,3.1235358717330155
2024-10-22,2024-10-22 11:02:00,0.59,True,0.0703744260290181,0.3403755660846153,3.1713678573676987
2024-10-22,2024-10-22 11:03:00,0.59,True,0.0688573002124071,0.3412332268943583,3.158314076098426
2024-10-22,2024-10-22 11:04:00,0.59,True,0.0694538722287796,0.3392110259477167,3.1551658736169856
2024-10-22,2024-10-22 11:05:00,0.59,True,0.0668348232166779,0.3354455168477238,3.1832315334763384
2024-10-22,2024-10-22 11:06:00,0.59,True,0.0783384490640383,0.3393394797445368,3.1607896697010984
2024-10-22,2024-10-22 11:07:00,0.59,True,0.0620070109322302,0.3325220471976302,3.1781459307896007
2024-10-22,2024-10-22 11:08:00,0.59,False,0.0508614179622445,0.3292241755160136,3.209967703975689
2024-10-22,2024-10-22 11:09:00,0.59,True,0.0534937622679734,0.3259532966890153,3.253730632683064
2024-10-22,2024-10-22 11:10:00,0.59,True,0.0630734999505042,0.3253402354916205,3.2730916579542995
2024-10-22,2024-10-22 11:11:00,0.59,True,0.0774268358619591,0.3299677118709104,3.3064504595455673
2024-10-22,2024-10-22 11:12:00,0.59,True,0.0888394641408343,0.3339009382206924,3.306013585414546
2024-10-22,2024-10-22 11:13:00,0.59,True,0.1157871303359602,0.3441767973251475,3.2710907526568733
2024-10-22,2024-10-22 11:14:00,0.59,True,0.1215706051862817,0.3461409505429965,3.2567458336317197
2024-10-22,2024-10-22 11:15:00,0.59,True,0.1233441175005894,0.3449698414224327,3.2709225950307244
2024-10-22,2024-10-22 11:16:00,0.59,True,0.1225379681090023,0.3427652959528795,3.27984459901397
2024-10-22,2024-10-22 11:17:00,0.59,True,0.1248830241604525,0.3412746634913748,3.3061278750301337
2024-10-22,2024-10-22 11:18:00,0.59,True,0.1099486357294047,0.3374877518105914,3.3327495528643247
2024-10-22,2024-10-22 11:19:00,0.6,True,0.1063292586406385,0.3356419517496926,3.352254227178926
2024-10-22,2024-10-22 11:20:00,0.6,True,0.1086298977998211,0.3349423657772233,3.377396894325467
2024-10-22,2024-10-22 11:21:00,0.6,False,0.1090290720943987,0.3364679691704456,3.362520040317493
2024-10-22,2024-10-22 11:22:00,0.6,True,0.1145690269168928,0.3405956525629789,3.357465572821687
2024-10-22,2024-10-22 11:23:00,0.6,True,0.1249501288452048,0.3444475292628217,3.352877947982585
2024-10-22,2024-10-22 11:24:00,0.6,True,0.1169494266882467,0.3382808570664123,3.361476585661723
2024-10-22,2024-10-22 11:25:00,0.595,True,0.1201365198324633,0.3403185000207053,3.334687088634644
2024-10-22,2024-10-22 11:26:00,0.6,True,0.1227499646452889,0.3401773636700159,3.324614729963402
2024-10-22,2024-10-22 11:27:00,0.595,True,0.1178261524517039,0.3361471782902835,3.28924416229668
2024-10-22,2024-10-22 11:28:00,0.6,True,0.1273421364812655,0.3406776545695509,3.2801510318654503
2024-10-22,2024-10-22 11:29:00,0.6,True,0.117370746545609,0.3366977295206892,3.306064616097962
2024-10-22,2024-10-22 11:30:00,0.6,True,0.107689913132031,0.3317741506608362,3.3145086981969594
2024-10-22,2024-10-22 11:31:00,0.6,True,0.1208402035590249,0.3371897143124548,3.336451897723423
2024-10-22,2024-10-22 11:32:00,0.59,True,0.1044562744334568,0.3312679600471129,3.3449096724976344
2024-10-22,2024-10-22 11:33:00,0.6,True,0.1040255194808714,0.3335445073213127,3.344841396264465
2024-10-22,2024-10-22 11:34:00,0.6,True,0.105380440879775,0.3337780364271584,3.3430904742896717
2024-10-22,2024-10-22 11:36:00,0.6,True,0.1014805251455689,0.3296092433842587,3.3813079186088295
2024-10-22,2024-10-22 11:37:00,0.6,False,0.0963452006754123,0.3263776250249922,3.392987462523831
2024-10-22,2024-10-22 11:38:00,0.6,True,0.0964725697953647,0.3262055513336117,3.402787828785948
2024-10-22,2024-10-22 11:39:00,0.595,True,0.0848635262664707,0.3241239527783632,3.379307917296866
2024-10-22,2024-10-22 11:40:00,0.6,True,0.0896890341176471,0.3224505110129749,3.413267278521714
2024-10-22,2024-10-22 11:41:00,0.6,True,0.0817808231255525,0.3222976344880391,3.4028815574936355
2024-10-22,2024-10-22 11:42:00,0.6,False,0.0854200935506877,0.3280111285284752,3.3848521509837735
2024-10-22,2024-10-22 11:43:00,0.6,True,0.0921311567881845,0.3324197990501408,3.354076197812786
2024-10-22,2024-10-22 11:44:00,0.6,True,0.1013647016996499,0.3346330050978289,3.3536816409582695
2024-10-22,2024-10-22 11:45:00,0.59,True,0.1101139502283131,0.3366152226655048,3.345774373441406
2024-10-22,2024-10-22 11:46:00,0.6,True,0.1151399005187076,0.3378463948532245,3.325091376288833
2024-10-22,2024-10-22 11:47:00,0.6,False,0.1232255287267121,0.3400190133800389,3.319677601785193
2024-10-22,2024-10-22 11:48:00,0.6,True,0.123761464103392,0.3411917839613021,3.3244632753829877
2024-10-22,2024-10-22 11:49:00,0.6,True,0.1217039977632574,0.3405073587686701,3.328734081424344
2024-10-22,2024-10-22 11:50:00,0.6,True,0.1098779463311238,0.3361859633030584,3.3410557327607475
2024-10-22,2024-10-22 11:51:00,0.6,True,0.1177656630167342,0.3380052010540778,3.3322795891767503
2024-10-22,2024-10-22 11:52:00,0.6,True,0.1237209994292212,0.3389502608478693,3.3511237623300856
2024-10-22,2024-10-22 11:53:00,0.6,True,0.1245367995194848,0.339571711186625,3.3512256190841225
2024-10-22,2024-10-22 11:54:00,0.6,False,0.120292851715051,0.3377880910145672,3.3673441213600808
2024-10-22,2024-10-22 11:55:00,0.6,False,0.116811943601431,0.3365606983945895,3.3494833494300607
2024-10-22,2024-10-22 11:56:00,0.6,True,0.1050339225596111,0.3354934052240131,3.3438752475640134
2024-10-22,2024-10-22 11:57:00,0.6,True,0.1076172285978076,0.3359183290257511,3.335182223199044
2024-10-22,2024-10-22 11:58:00,0.6,False,0.1151018048100666,0.3393778251888932,3.320853402060187
2024-10-22,2024-10-22 11:59:00,0.6,True,0.1152878239220976,0.3376807461767623,3.326569640674584
2024-10-22,2024-10-22 12:00:00,0.6,True,0.1131973819916874,0.3368950211056193,3.3198147521873325
2024-10-22,2024-10-22 12:01:00,0.6,True,0.1173564422953905,0.3345780798436054,3.3337044895712142
2024-10-22,2024-10-22 12:02:00,0.595,True,0.1258007740638365,0.3369459476340429,3.322323648584226
2024-10-22,2024-10-22 12:03:00,0.6,True,0.1295117992905746,0.3378524598768413,3.314095900665228
2024-10-22,2024-10-22 12:04:00,0.6,False,0.1323241913396936,0.3391552899062734,3.2987034785419542
2024-10-22,2024-10-22 12:05:00,0.6,False,0.1355237976994366,0.3414282315552103,3.284030962911136
2024-10-22,2024-10-22 12:06:00,0.6,False,0.1395441335064171,0.3430107265292532,3.274430590519859
2024-10-22,2024-10-22 12:07:00,0.6,True,0.1373706592747309,0.3427040152806705,3.2755489318935607
2024-10-22,2024-10-22 12:08:00,0.6,True,0.1409520923564156,0.3430470743582893,3.276894321047597
2024-10-22,2024-10-22 12:09:00,0.595,True,0.1424431592757437,0.3426172358181948,3.2850045742768184
2024-10-22,2024-10-22 12:10:00,0.595,False,0.1435483003190534,0.3431078099300355,3.2960603380704305
2024-10-22,2024-10-22 12:11:00,0.595,False,0.1336533943466844,0.3361895136383831,3.342729985842974
2024-10-22,2024-10-22 12:12:00,0.59,True,0.1266051036557794,0.3340733144091524,3.357814501790295
2024-10-22,2024-10-22 12:13:00,0.6,True,0.1255119517589835,0.3310582657898637,3.3821043051892685
2024-10-22,2024-10-22 12:14:00,0.6,True,0.1262353811431303,0.330134195236793,3.3835737744559697
2024-10-22,2024-10-22 12:15:00,0.6,False,0.1274644629066635,0.3311803144063884,3.385289625097628
2024-10-22,2024-10-22 12:16:00,0.6,True,0.1230053208092307,0.3297869839440344,3.374479782400068
2024-10-22,2024-10-22 12:17:00,0.6,True,0.1189733631796121,0.3276269592287055,3.3722290385587756
2024-10-22,2024-10-22 12:18:00,0.6,True,0.1268345882196552,0.3320365358076244,3.3320002795567953
2024-10-22,2024-10-22 12:19:00,0.6,True,0.1308444771347303,0.3327723764630601,3.325355062137712
2024-10-22,2024-10-22 12:20:00,0.6,True,0.1257457299716678,0.3276252432812169,3.3607067855320643
2024-10-22,2024-10-22 12:22:00,0.59,True,0.1295434552671964,0.3299960633324245,3.3606400575903432
2024-10-22,2024-10-22 12:23:00,0.59,True,0.1308855363012319,0.3297518505350973,3.369519688029901
2024-10-22,2024-10-22 12:24:00,0.595,True,0.1294233569419021,0.3302140518925374,3.368298539604829
2024-10-22,2024-10-22 12:25:00,0.6,True,0.1342785947431894,0.3319636456511149,3.3644916923455956
2024-10-22,2024-10-22 12:26:00,0.6,True,0.1521535162417608,0.3365637314979535,3.339682600465587
2024-10-22,2024-10-22 12:27:00,0.6,False,0.1627003736381429,0.3380295720846311,3.350738054083923
2024-10-22,2024-10-22 12:28:00,0.6,True,0.1497273994985171,0.3337967938462925,3.369215631788218
2024-10-22,2024-10-22 12:29:00,0.595,True,0.1507346696178446,0.3339944679552594,3.376980805582672
2024-10-22,2024-10-22 12:30:00,0.6,True,0.1557835407192901,0.3354037196309938,3.4043218547235714
2024-10-22,2024-10-22 12:31:00,0.6,True,0.1549721823689195,0.3351312008867899,3.412215276858672
2024-10-22,2024-10-22 12:32:00,0.6,True,0.1502345117985543,0.3338170135569706,3.437111261934948
2024-10-22,2024-10-22 12:33:00,0.6,True,0.1463699755022333,0.3331508481908772,3.414347448586335
2024-10-22,2024-10-22 12:34:00,0.6,False,0.1499603703773079,0.3356967582778196,3.4046444483273737
2024-10-22,2024-10-22 12:35:00,0.6,True,0.1516503846633168,0.3370609580273661,3.4108044477702952
2024-10-22,2024-10-22 12:36:00,0.6,True,0.1508041696535414,0.3360390895594019,3.432030679160267
2024-10-22,2024-10-22 12:37:00,0.6,True,0.1469177644241122,0.3324778664377472,3.460764356544733
2024-10-22,2024-10-22 12:38:00,0.6,False,0.1599083103200568,0.3365286906578734,3.4761442039183685
2024-10-22,2024-10-22 12:39:00,0.6,True,0.1645353886617297,0.3405361369795334,3.442166268188962
2024-10-22,2024-10-22 12:40:00,0.6,False,0.166991948931252,0.3413822168543823,3.445803336803918
2024-10-22,2024-10-22 12:41:00,0.6,True,0.1612841875714516,0.3406189700862291,3.450122718090166
2024-10-22,2024-10-22 12:42:00,0.6,True,0.1642574267479732,0.3422719946371658,3.4537880272988093
2024-10-22,2024-10-22 12:43:00,0.6,True,0.1650917876078415,0.3415744980372323,3.474328604376975
2024-10-22,2024-10-22 12:44:00,0.6,True,0.1624658913705171,0.3400404746752372,3.472557476382855
2024-10-22,2024-10-22 12:45:00,0.6,True,0.1576553279614615,0.3388960654458059,3.4627835700846656
2024-10-22,2024-10-22 12:46:00,0.6,True,0.1555505850448094,0.3392628792830763,3.451030817825427
2024-10-22,2024-10-22 12:47:00,0.6,True,0.1528674814446687,0.3378138440962818,3.4542402482875985
2024-10-22,2024-10-22 12:48:00,0.6,True,0.1472297688235617,0.3388159341068632,3.438970985036259
2024-10-22,2024-10-22 12:49:00,0.6,True,0.1483923746181771,0.3402780836233943,3.4192565963821187
2024-10-22,2024-10-22 12:50:00,0.595,True,0.1528785817733038,0.3428930494904085,3.413357517258909
2024-10-22,2024-10-22 12:51:00,0.595,True,0.1454029666631018,0.3398667459958999,3.4309160920007935
2024-10-22,2024-10-22 12:52:00,0.6,True,0.1356376527515351,0.3373150467776,3.4416837757626593
2024-10-22,2024-10-22 12:53:00,0.6,False,0.1313800930095413,0.3350592919882689,3.435667458963777
2024-10-22,2024-10-22 12:54:00,0.6,False,0.1253460829525349,0.3328947143163849,3.437441117395499
2024-10-22,2024-10-22 12:55:00,0.6,True,0.1165850623865592,0.3309694575700774,3.433369819382613
2024-10-22,2024-10-22 12:56:00,0.6,True,0.1041724973824917,0.3258424611234699,3.4611535385918
2024-10-22,2024-10-22 12:57:00,0.6,False,0.0936501070788612,0.3214553445829541,3.4818494124566315
2024-10-22,2024-10-22 12:58:00,0.59,True,0.0884231851998897,0.3194170106431163,3.4644017025925
2024-10-22,2024-10-22 12:59:00,0.59,False,0.078515868578935,0.3176166085115257,3.4712638282768484
2024-10-22,2024-10-22 13:00:00,0.6,True,0.0840619132609042,0.3189225771197366,3.4749458489487113
2024-10-22,2024-10-22 13:01:00,0.6,False,0.0857270291769559,0.319122775931729,3.4720985949601095
2024-10-22,2024-10-22 13:02:00,0.6,True,0.0840942562857676,0.3170310274766874,3.487611958912569
2024-10-22,2024-10-22 13:03:00,0.6,False,0.0929911980043724,0.320514746474849,3.470923323781501
2024-10-22,2024-10-22 13:05:00,0.6,True,0.0927886573182372,0.3191777372160807,3.4806181257415822
2024-10-22,2024-10-22 13:06:00,0.6,True,0.093305836509464,0.3215299630471455,3.4594761632130444
2024-10-22,2024-10-22 13:07:00,0.6,True,0.0910597101985478,0.3206129947096171,3.4498487248909444
2024-10-22,2024-10-22 13:08:00,0.6,True,0.0968203559420355,0.323196800385266,3.4341569231464097
2024-10-22,2024-10-22 13:09:00,0.605,True,0.1003022802836634,0.3230724076582112,3.446677129169358
2024-10-22,2024-10-22 13:10:00,0.6,True,0.0921163294860482,0.321496680219777,3.4465388387183085
2024-10-22,2024-10-22 13:11:00,0.6,True,0.0910676842407113,0.3226201093023115,3.434506395031932
2024-10-22,2024-10-22 13:12:00,0.6,False,0.0905692266831325,0.3223647904222949,3.4378046670540168
2024-10-22,2024-10-22 13:13:00,0.6,True,0.0972629902161671,0.3236035673491253,3.4354634170913827
2024-10-22,2024-10-22 13:14:00,0.6,True,0.0977678593014222,0.326255141099428,3.4070871376058625
2024-10-22,2024-10-22 13:15:00,0.6,False,0.0922288353163739,0.3260076423308541,3.393653881398246
2024-10-22,2024-10-22 13:16:00,0.6,True,0.0937298982731543,0.3276582862554947,3.3741935803574044
2024-10-22,2024-10-22 13:17:00,0.6,True,0.0875264104000205,0.3246995219412125,3.3965421022205287
2024-10-22,2024-10-22 13:18:00,0.6,True,0.0842400393706979,0.3236491791788779,3.3946393867426163
2024-10-22,2024-10-22 13:19:00,0.6,True,0.0740795989479984,0.3196342299198305,3.412713951306844
2024-10-22,2024-10-22 13:20:00,0.6,False,0.0785370429519244,0.3234348731091578,3.3798472860473496
2024-10-22,2024-10-22 13:21:00,0.6,True,0.0835767628138615,0.3251930312578304,3.3697869819238413
2024-10-22,2024-10-22 13:22:00,0.6,True,0.0781867469618001,0.3225376760275167,3.365459986568209
2024-10-22,2024-10-22 13:23:00,0.6,False,0.0771524981522948,0.3228533245726393,3.369081749593326
2024-10-22,2024-10-22 13:24:00,0.6,True,0.0786701545489544,0.322826503013274,3.3571019922306755
2024-10-22,2024-10-22 13:25:00,0.6,False,0.0773716343287236,0.3204978252021412,3.369809155096159
2024-10-22,2024-10-22 13:26:00,0.6,False,0.0817410000017443,0.3222203263015459,3.3442784195433104
2024-10-22,2024-10-22 13:27:00,0.6,True,0.0800726933961094,0.3215388282084208,3.339001862500491
2024-10-22,2024-10-22 13:28:00,0.59,True,0.080380404208755,0.3199943163205992,3.3553661722988446
2024-10-22,2024-10-22 13:29:00,0.6,True,0.0852363918634523,0.3206103396677536,3.3574844850090915
2024-10-22,2024-10-22 13:30:00,0.6,True,0.0825875238080412,0.319428458822382,3.3603914806105752
2024-10-22,2024-10-22 13:31:00,0.6,True,0.0817459194024352,0.3202662599613107,3.361939796101117
2024-10-22,2024-10-22 13:32:00,0.6,True,0.0924811522510939,0.3248905980577336,3.3377114812951043
2024-10-22,2024-10-22 13:33:00,0.6,True,0.0918461676504261,0.3273898990475293,3.3216584152151323
2024-10-22,2024-10-22 13:35:00,0.6,True,0.0813618083011676,0.3255321736605156,3.3115568424961452
2024-10-22,2024-10-22 13:36:00,0.6,True,0.0772103616352907,0.3236166048434678,3.311602408425737
2024-10-22,2024-10-22 13:37:00,0.6,True,0.078355921016391,0.3259600567231406,3.282049554886776
2024-10-22,2024-10-22 13:38:00,0.595,True,0.0670766163710809,0.3220087873607808,3.3042015600342993
2024-10-22,2024-10-22 13:39:00,0.6,True,0.0639962269704219,0.3205860832725938,3.3094457942498288
2024-10-22,2024-10-22 13:40:00,0.595,True,0.0612673833266832,0.3192982486152275,3.309796841356609
2024-10-22,2024-10-22 13:41:00,0.595,False,0.0489893340158559,0.31871959782354,3.3149930588788155
2024-10-22,2024-10-22 13:42:00,0.59,True,0.0481334939582727,0.3175005605510508,3.3138988723342013
2024-10-22,2024-10-22 13:43:00,0.6,True,0.0587510669083952,0.320960115092877,3.312908381283821
2024-10-22,2024-10-22 13:44:00,0.6,True,0.0651091892181027,0.3219188370415338,3.322245403161516
2024-10-22,2024-10-22 13:45:00,0.6,True,0.0613357438495438,0.3187412396471906,3.321355679472995
2024-10-22,2024-10-22 13:46:00,0.6,True,0.0625298811747692,0.3173741012235667,3.343562792878732
2024-10-22,2024-10-22 13:47:00,0.6,True,0.0528044608500683,0.313132161650537,3.3703807239669468
2024-10-22,2024-10-22 13:48:00,0.6,False,0.0600200688216531,0.3152103279430875,3.3542104822697603
2024-10-22,2024-10-22 13:49:00,0.6,True,0.0591424307104965,0.3134864207665658,3.3655347834283624
2024-10-22,2024-10-22 13:50:00,0.6,True,0.053197352902723,0.3124076605967009,3.3531981580668777
2024-10-22,2024-10-22 13:51:00,0.6,True,0.0490957329421209,0.3119324237594058,3.353600644105111
2024-10-22,2024-10-22 13:52:00,0.6,True,0.0457127079204397,0.3132839441249241,3.33900894050151
2024-10-22,2024-10-22 13:53:00,0.6,True,0.0477608476269481,0.3137761452210415,3.330744940530681
2024-10-22,2024-10-22 13:54:00,0.6,True,0.0501795106352848,0.3137348124418494,3.343069613664357
2024-10-22,2024-10-22 13:55:00,0.6,True,0.0407457501815449,0.3104984074021206,3.360484180402056
2024-10-22,2024-10-22 13:56:00,0.595,True,0.0302564729858098,0.3054217350335417,3.3810611843922875
2024-10-22,2024-10-22 13:57:00,0.6,True,0.0346338168350172,0.3079313074904902,3.379916257476193
2024-10-22,2024-10-22 13:58:00,0.6,True,0.0360115603744005,0.3090577400652051,3.3754934329388777
2024-10-22,2024-10-22 13:59:00,0.595,True,0.0376158172970623,0.31199246511203,3.3482790081959157
2024-10-22,2024-10-22 14:00:00,0.6,True,0.0395131113312956,0.3115283289285303,3.3639356681667185
2024-10-22,2024-10-22 14:01:00,0.6,True,0.042838160114636,0.3110876723504636,3.3750319274507423
2024-10-22,2024-10-22 14:02:00,0.6,True,0.0391480709625988,0.3080744609737406,3.395739566203752
2024-10-22,2024-10-22 14:03:00,0.6,True,0.0273196821577071,0.3036604003087291,3.4164056580059383
2024-10-22,2024-10-22 14:04:00,0.6,True,0.0201532712885326,0.3000592856020426,3.4232508397183565
2024-10-22,2024-10-22 14:05:00,0.6,True,0.0156605386666671,0.2988634641282294,3.4084473577338312
2024-10-22,2024-10-22 14:06:00,0.6,True,0.0102159154474294,0.2980038663186709,3.4118987446470186
2024-10-22,2024-10-22 14:07:00,0.6,True,0.0159610023014457,0.2995890730435752,3.4053770543204904
2024-10-22,2024-10-22 14:08:00,0.6,False,0.0198522515379352,0.301819836425632,3.4004826475181433
2024-10-22,2024-10-22 14:09:00,0.59,True,0.0204926241693185,0.3031930819922343,3.3930131340316585
2024-10-22,2024-10-22 14:10:00,0.6,True,0.0220982055240495,0.300943584542214,3.4385537053534927
2024-10-22,2024-10-22 14:11:00,0.6,True,0.0218084533099601,0.2974988466801743,3.463727654120415
2024-10-22,2024-10-22 14:12:00,0.6,False,0.0228547995931182,0.2984569638521764,3.4683986703867578
2024-10-22,2024-10-22 14:13:00,0.6,False,0.0183057353006125,0.2992401257635169,3.462506556219012
2024-10-22,2024-10-22 14:14:00,0.6,True,0.0204993941550368,0.2985841337106117,3.468498209721117
2024-10-22,2024-10-22 14:15:00,0.6,True,0.023961809030877,0.2973644523692773,3.482107125241989
2024-10-22,2024-10-22 14:16:00,0.6,False,0.0217444787273923,0.2974779855214483,3.476707163356455
2024-10-22,2024-10-22 14:17:00,0.6,True,0.0216611944244647,0.2984727595227939,3.4684031419106445
2024-10-22,2024-10-22 14:18:00,0.6,True,0.0076902340817473,0.2945099290073376,3.490598960982104
2024-10-22,2024-10-22 14:19:00,0.6,False,0.0092552829470485,0.2957510756902151,3.5166387691091416
2024-10-22,2024-10-22 14:20:00,0.6,True,0.0164032592818588,0.2974562255361594,3.512273528472784
2024-10-22,2024-10-22 14:21:00,0.6,True,0.0205605131817175,0.300537118823212,3.494621083615036
2024-10-22,2024-10-22 14:22:00,0.6,True,0.0286879757202752,0.3000670895352145,3.511965649879491
2024-10-22,2024-10-22 14:23:00,0.6,True,0.0270336404919656,0.3005472239359551,3.4962632638283435
2024-10-22,2024-10-22 14:24:00,0.6,True,0.0260115534860427,0.3002426100277738,3.493331118894432
2024-10-22,2024-10-22 14:25:00,0.6,True,0.0186588778858667,0.2987894689539232,3.488108895670128
2024-10-22,2024-10-22 14:26:00,0.6,True,0.0150936687830275,0.2981674520742354,3.4923133932537436
2024-10-22,2024-10-22 14:27:00,0.6,True,0.0161424749508101,0.29968823100621,3.4732282067458056
2024-10-22,2024-10-22 14:28:00,0.6,True,0.0266434952572696,0.3044526533190053,3.448134878144529
2024-10-22,2024-10-22 14:29:00,0.6,True,0.0257929505675174,0.3041150028729668,3.455706886833326
2024-10-22,2024-10-22 14:30:00,0.6,True,0.0199256148437041,0.3031629941728984,3.463685407072078
2024-10-22,2024-10-22 14:31:00,0.6,True,0.0178526509617387,0.3035731188420758,3.4683402921297817
2024-10-22,2024-10-22 14:32:00,0.6,True,0.0267272637841573,0.3055316061511861,3.465912932560645
2024-10-22,2024-10-22 14:33:00,0.6,True,0.0411651076691843,0.3125176271943014,3.4279454900535655
2024-10-22,2024-10-22 14:34:00,0.6,True,0.038259797811495,0.3100721201254466,3.434610478373799
2024-10-22,2024-10-22 14:35:00,0.6,True,0.0385475194736665,0.3098598117903925,3.4375510570916896
2024-10-22,2024-10-22 14:36:00,0.6,True,0.0364079008676755,0.3109962433720115,3.4231824818746177
2024-10-22,2024-10-22 14:37:00,0.6,True,0.0286123271745379,0.3079932550024671,3.4399668907785967
2024-10-22,2024-10-22 14:38:00,0.6,True,0.032070208704857,0.3101887874817953,3.435507908646387
2024-10-22,2024-10-22 14:39:00,0.6,True,0.0323393403291631,0.3113956941114565,3.4337376302645186
2024-10-22,2024-10-22 14:40:00,0.6,True,0.0307780056569375,0.3120358171930428,3.441129061092881
2024-10-22,2024-10-22 14:41:00,0.6,True,0.0278758692210333,0.311083959795607,3.4422721621282957
2024-10-22,2024-10-22 14:42:00,0.6,True,0.0362986796136248,0.3141460900596822,3.4328447951525236
2024-10-22,2024-10-22 14:43:00,0.59,True,0.0308664311791438,0.3109570221451179,3.4570116068256227
2024-10-22,2024-10-22 14:44:00,0.6,True,0.036485521790604,0.3122218373295758,3.4507260044865244
2024-10-22,2024-10-22 14:45:00,0.6,True,0.035621398365022,0.3127098264615675,3.445828381037626
2024-10-22,2024-10-22 14:46:00,0.595,True,0.0358718566810764,0.312498315620999,3.4217974524707135
2024-10-22,2024-10-22 14:47:00,0.6,True,0.0348145716423231,0.3129524989496577,3.4389594024690786
2024-10-22,2024-10-22 14:49:00,0.6,True,0.0410562692477847,0.3142877682638218,3.4343393390927615
2024-10-22,2024-10-22 14:50:00,0.6,True,0.0441961289944502,0.3161736523368762,3.4294346629202495
2024-10-22,2024-10-22 14:51:00,0.6,True,0.0421818417139303,0.314042641315206,3.445475835474688
2024-10-22,2024-10-22 14:52:00,0.59,True,0.0403158444341867,0.3134241290751265,3.438584248416388
2024-10-22,2024-10-22 14:53:00,0.6,True,0.0358158506353233,0.3129665554373414,3.4336109175120963
2024-10-22,2024-10-22 14:54:00,0.6,True,0.0416049853151369,0.3141915517289176,3.441549581899617
2024-10-22,2024-10-22 14:55:00,0.61,True,0.0454744487692113,0.3158718681960096,3.4369786756801557
2024-10-22,2024-10-22 14:56:00,0.61,False,0.048258967504321,0.3165200465176433,3.4300394679514064
2024-10-22,2024-10-22 14:57:00,0.61,True,0.0444961228506375,0.3158505023261957,3.4153892486831894
2024-10-22,2024-10-22 14:58:00,0.61,True,0.0454252891133983,0.3178562946762528,3.405248862858774
2024-10-22,2024-10-22 14:59:00,0.61,False,0.0447131483783632,0.3172618731048277,3.404749288011327
2024-10-22,2024-10-22 15:00:00,0.61,True,0.0428937199340881,0.3154178151197678,3.4238295416625624
2024-10-22,2024-10-22 15:01:00,0.61,True,0.0397141309767463,0.3167863620394683,3.405868768972963
2024-10-22,2024-10-22 15:02:00,0.61,True,0.0379308318517356,0.3179522928185736,3.3875982452514823
2024-10-22,2024-10-22 15:03:00,0.61,True,0.0335812026809585,0.3170295491061672,3.3846423314979983
2024-10-22,2024-10-22 15:04:00,0.61,True,0.0354358650226617,0.3182739762503493,3.37406421967436
2024-10-22,2024-10-22 15:05:00,0.61,True,0.0373868213235946,0.319598465184493,3.3550004245073666
2024-10-22,2024-10-22 15:06:00,0.61,True,0.036823621386015,0.3192116052697635,3.3578146197719856
2024-10-22,2024-10-22 15:07:00,0.605,True,0.0377788706632911,0.3196393976905518,3.365369107780681
2024-10-22,2024-10-22 15:08:00,0.61,True,0.0432958951307534,0.3217542018568228,3.3678247701916697
2024-10-22,2024-10-22 15:09:00,0.605,True,0.045915123041122,0.3197284555025516,3.385584656805308
2024-10-22,2024-10-22 15:10:00,0.61,True,0.0407777021532881,0.3175498296922253,3.3993004315100315
2024-10-22,2024-10-22 15:11:00,0.61,True,0.042112996362472,0.3194361782209124,3.399741926133929
2024-10-22,2024-10-22 15:12:00,0.61,True,0.0379591723990127,0.3157371477326632,3.4243379824575477
2024-10-22,2024-10-22 15:13:00,0.6,True,0.0262771419295525,0.3081420513312555,3.462551132887432
2024-10-22,2024-10-22 15:15:00,0.61,True,0.0199136854479907,0.3032382860090231,3.483258722761127
2024-10-22,2024-10-22 15:16:00,0.61,True,0.0202154455892863,0.3038958183924374,3.5030103193710804
2024-10-22,2024-10-22 15:17:00,0.61,True,0.021850637394466,0.3029667501087099,3.506072939754071
2024-10-22,2024-10-22 15:18:00,0.61,True,0.0242327972223577,0.3046796486917679,3.4899082262853516
2024-10-22,2024-10-22 15:19:00,0.605,True,0.017687238286613,0.3023957149197092,3.4878137780056155
2024-10-22,2024-10-22 15:20:00,0.61,True,0.0222093582305637,0.3043469192264272,3.4582002596974553
2024-10-22,2024-10-22 15:21:00,0.61,False,0.0247095592000478,0.3048731122209234,3.4662884638369635
2024-10-22,2024-10-22 15:22:00,0.61,False,0.0226664084498868,0.3058104268205143,3.471247926001291
2024-10-22,2024-10-22 15:23:00,0.61,True,0.0192880611068309,0.303477625717017,3.4754177957477292
2024-10-22,2024-10-22 15:24:00,0.61,True,0.0169629874977211,0.3018149985178638,3.4830385920106717
2024-10-22,2024-10-22 15:25:00,0.61,False,0.0178540840826637,0.3035327449137749,3.477275986147715
2024-10-22,2024-10-22 15:26:00,0.61,True,0.0247058852247974,0.3067171552954094,3.466864317853036
2024-10-22,2024-10-22 15:27:00,0.6,True,0.0328509231867591,0.3093353777912815,3.45727045787856
2024-10-22,2024-10-22 15:28:00,0.61,True,0.0336734491586585,0.3107905289735783,3.461907720588393
2024-10-22,2024-10-22 15:29:00,0.61,True,0.030189851755219,0.310880686682626,3.456177968201533
2024-10-22,2024-10-22 15:30:00,0.61,True,0.024847223449176,0.3097429133497429,3.4714124121804137
2024-10-22,2024-10-22 15:31:00,0.61,True,0.0252211354644714,0.3097189206893774,3.4802121595692768
2024-10-22,2024-10-22 15:32:00,0.61,True,0.0266080023289629,0.3110766536398989,3.4574577141623624
2024-10-22,2024-10-22 15:33:00,0.61,False,0.0247324294802414,0.3141820817113357,3.4310568238764096
2024-10-22,2024-10-22 15:34:00,0.61,True,0.0161802520292345,0.3139889188605744,3.4189461817135625
2024-10-22,2024-10-22 15:35:00,0.61,True,0.0190287715345218,0.3118835933074597,3.430971356726505
2024-10-22,2024-10-22 15:36:00,0.61,False,0.0194491112927933,0.3119254056873564,3.4239582503654424
2024-10-22,2024-10-22 15:37:00,0.61,True,0.0227925976196272,0.3137438799097019,3.42188046999188
2024-10-22,2024-10-22 15:38:00,0.61,True,0.0227679166556212,0.3129181428236147,3.441502878533678
2024-10-22,2024-10-22 15:39:00,0.6,True,0.0231353616375007,0.3126089750483169,3.4505024277253153
2024-10-22,2024-10-22 15:40:00,0.61,True,0.0156172822646767,0.3088176622000488,3.482173958689767
2024-10-22,2024-10-22 15:41:00,0.61,True,0.0124445381728183,0.3099165198372346,3.482452279952236
2024-10-22,2024-10-22 15:42:00,0.61,False,0.0142663910327,0.3119589142818633,3.455833880189996
2024-10-22,2024-10-22 15:43:00,0.61,True,0.0092854714881642,0.3100545284051379,3.4696458502526677
2024-10-22,2024-10-22 15:44:00,0.6,True,0.0038558012560775,0.3083678932805768,3.465155195292458
2024-10-22,2024-10-22 15:45:00,0.61,True,-0.0053356349865805,0.3051491509168975,3.4786764891175297
2024-10-22,2024-10-22 15:46:00,0.61,True,-0.0038783402292689,0.3042395929525546,3.4771798771691103
2024-10-22,2024-10-22 15:47:00,0.6,True,0.0029565676231799,0.3067207884910627,3.4680356988520673
2024-10-22,2024-10-22 15:48:00,0.6,False,0.0086743333530144,0.3074031818097497,3.464974428521996
2024-10-22,2024-10-22 15:49:00,0.61,True,0.0079838554241799,0.3067276311818911,3.4703833856010773
2024-10-22,2024-10-22 15:50:00,0.61,True,0.0146098653688152,0.3099475437557788,3.447170518094573
2024-10-22,2024-10-22 15:51:00,0.61,True,0.031515875194074,0.3163130638995983,3.462670622350648
2024-10-22,2024-10-22 15:52:00,0.61,True,0.0411017219464813,0.3199938313129602,3.443957934007272
2024-10-22,2024-10-22 15:53:00,0.61,True,0.0428281000618493,0.3171804463273987,3.448069999357954
2024-10-22,2024-10-22 15:54:00,0.61,True,0.0404717305394397,0.3179067079815159,3.4272065586300564
2024-10-22,2024-10-22 15:55:00,0.61,True,0.0352712534094435,0.3168777114862225,3.4340591631277926
2024-10-22,2024-10-22 15:56:00,0.61,True,0.0339639847985601,0.3169640883686992,3.445913186784936
2024-10-22,2024-10-22 15:57:00,0.61,True,0.0423984245512372,0.3213268669485917,3.415250094868476
2024-10-22,2024-10-22 15:58:00,0.61,True,0.0541470304889962,0.3246848955611849,3.402732364759327
2024-10-22,2024-10-22 15:59:00,0.61,True,0.0551107586548277,0.3239539277128639,3.4161625156360538
2024-10-22,2024-10-22 16:00:00,0.61,True,0.0543327735415293,0.3263780330781004,3.413916260218893
2024-10-23,2024-10-23 09:31:00,0.61,True,0.0768466493555455,0.3254731038846624,3.6820987361038786
2024-10-23,2024-10-23 09:32:00,0.61,True,0.1060687587762416,0.323546553475774,3.764955386708808
2024-10-23,2024-10-23 09:33:00,0.61,False,0.0885598054477886,0.3348262320214424,3.658402795968208
2024-10-23,2024-10-23 09:34:00,0.61,False,0.0828279344046248,0.3139280683899451,3.899702105679226
2024-10-23,2024-10-23 09:35:00,0.61,True,0.0648854652751307,0.293263702308789,3.9897308032159553
2024-10-23,2024-10-23 09:36:00,0.61,True,0.0561415390715188,0.2881292588924729,3.9918760194245184
2024-10-23,2024-10-23 09:37:00,0.61,True,0.0370664194107464,0.282779963543098,4.003689882127398
2024-10-23,2024-10-23 09:38:00,0.61,True,-0.000242091340049,0.275426378248392,4.031768928098551
2024-10-23,2024-10-23 09:39:00,0.61,True,-0.0268439861249607,0.2673519500606788,4.102862391681792
2024-10-23,2024-10-23 09:40:00,0.61,True,-0.0927346612939046,0.2476203807168709,4.156293458114426
2024-10-23,2024-10-23 09:41:00,0.61,False,-0.0906510908558901,0.2465016068340149,4.099673552043721
2024-10-23,2024-10-23 09:42:00,0.61,True,-0.0431828340563452,0.2703535240724505,3.9493853514757777
2024-10-23,2024-10-23 09:43:00,0.61,True,-0.0404640645508511,0.2801251372557723,3.8703050083857
2024-10-23,2024-10-23 09:44:00,0.61,True,-0.0495554089084362,0.2627885731077614,3.989381737613588
2024-10-23,2024-10-23 09:45:00,0.61,True,-0.0168528603780174,0.2667707657770587,4.00026512149964
2024-10-23,2024-10-23 09:46:00,0.61,True,-0.0238644140939797,0.2578137201114378,4.095508637211138
2024-10-23,2024-10-23 09:47:00,0.605,True,-0.0232609391396288,0.254804206724682,4.10131254169632
2024-10-23,2024-10-23 09:48:00,0.61,True,-0.045947021058346,0.248211376021618,4.111030382758063
2024-10-23,2024-10-23 09:49:00,0.61,True,-0.0647204580276265,0.2431928835398511,4.107547086688672
2024-10-23,2024-10-23 09:50:00,0.61,True,-0.0399526193613193,0.2525589024260039,4.106614709799155
2024-10-23,2024-10-23 09:51:00,0.61,True,-0.0373632387252956,0.2517001908089242,4.076822652480368
2024-10-23,2024-10-23 09:52:00,0.61,True,-0.0104794113881084,0.2582171533080083,4.053361961487564
2024-10-23,2024-10-23 09:53:00,0.61,True,-0.0229538778735091,0.2580011911287515,4.035271170318074
2024-10-23,2024-10-23 09:54:00,0.61,True,-0.0240075917508031,0.2652407216555508,3.99184753222559
2024-10-23,2024-10-23 09:55:00,0.61,True,-0.0476265436149581,0.2612436321963618,3.9892441189434935
2024-10-23,2024-10-23 09:56:00,0.61,True,-0.0281534040703951,0.271081923557397,3.9529226015909975
2024-10-23,2024-10-23 09:57:00,0.61,True,-0.0407395424509308,0.2698549762985301,3.958192369448603
2024-10-23,2024-10-23 09:58:00,0.61,True,-0.0586114534100943,0.260154869553458,4.033018868552512
2024-10-23,2024-10-23 09:59:00,0.61,True,-0.0679855189167996,0.256925181644092,4.083243422556278
2024-10-23,2024-10-23 10:00:00,0.61,True,-0.0620895817383218,0.2537131565986232,4.114283582009698
2024-10-23,2024-10-23 10:01:00,0.6,True,-0.0203107781959637,0.2741548727052051,4.057886690826575
2024-10-23,2024-10-23 10:02:00,0.61,True,-0.0190022417429779,0.2808502715915711,4.060242285192889
2024-10-23,2024-10-23 10:03:00,0.61,True,-0.0016789108977093,0.2859033250948755,4.075347972112502
2024-10-23,2024-10-23 10:04:00,0.605,True,0.0038640682261653,0.2863552330708773,4.062956868493188
2024-10-23,2024-10-23 10:05:00,0.61,True,0.0036559924750891,0.282696012560805,4.124820461959131
2024-10-23,2024-10-23 10:06:00,0.61,True,-0.0097309689148545,0.2859488101508863,4.115914129539071
2024-10-23,2024-10-23 10:07:00,0.61,False,-0.0118249979984781,0.2840104901062638,4.13974791118262
2024-10-23,2024-10-23 10:08:00,0.61,True,0.0145084418227187,0.2893312469276374,4.1579900888014905
2024-10-23,2024-10-23 10:09:00,0.61,True,0.0115899572215057,0.2871638415668897,4.167595967472841
2024-10-23,2024-10-23 10:10:00,0.61,True,0.0084849137900314,0.2872434027448226,4.15125291604774
2024-10-23,2024-10-23 10:11:00,0.61,True,0.0108624002633504,0.2943547327162063,4.098754664179334
2024-10-23,2024-10-23 10:12:00,0.61,False,-0.0096372968461228,0.2910947906970192,4.10413205454428
2024-10-23,2024-10-23 10:13:00,0.61,True,-0.0056176063144791,0.2857909661471471,4.17585665312268
2024-10-23,2024-10-23 10:14:00,0.61,True,-0.0080133324983753,0.2844871612443034,4.186836745319342
2024-10-23,2024-10-23 10:15:00,0.61,True,-0.023530475593513,0.2834632954210032,4.1659118719094765
2024-10-23,2024-10-23 10:16:00,0.61,True,-0.0168510284208389,0.2892829095040469,4.145388542986345
2024-10-23,2024-10-23 10:17:00,0.61,True,0.0070573160371629,0.2931197095510624,4.143244906888427
2024-10-23,2024-10-23 10:18:00,0.61,True,0.0106630963516201,0.2955096279704727,4.129486410396352
2024-10-23,2024-10-23 10:19:00,0.61,True,-0.0020855663013195,0.2895736619792385,4.173836414870598
2024-10-23,2024-10-23 10:20:00,0.61,True,0.00104843707004,0.2922492904068247,4.138617512149051
2024-10-23,2024-10-23 10:21:00,0.61,False,0.0023159921836373,0.295199273880429,4.1219420322677465
2024-10-23,2024-10-23 10:22:00,0.61,False,-0.0262293044642554,0.2901571714486923,4.091477271718075
2024-10-23,2024-10-23 10:23:00,0.61,True,-0.0092848925888058,0.2931837946040982,4.102725949903669
2024-10-23,2024-10-23 10:24:00,0.61,True,-0.0088789546291919,0.2895246397818334,4.147553980195509
2024-10-23,2024-10-23 10:25:00,0.61,True,-0.0073102672446632,0.2861545215939698,4.172609248037778
2024-10-23,2024-10-23 10:26:00,0.61,True,-0.0020213034816249,0.2866402954898248,4.171891336992975
2024-10-23,2024-10-23 10:27:00,0.605,True,-0.0004120855603073,0.2846850990664242,4.210466365387239
2024-10-23,2024-10-23 10:28:00,0.61,True,-0.0198645351973535,0.2793851348229205,4.236946901437979
2024-10-23,2024-10-23 10:29:00,0.61,True,-0.025974241210921,0.2784424547350231,4.237491869955141
2024-10-23,2024-10-23 10:30:00,0.61,True,-0.035338266467428,0.2744271887635112,4.239532431841506
2024-10-23,2024-10-23 10:31:00,0.61,True,-0.0758364528314083,0.2653039704407526,4.24933014273975
2024-10-23,2024-10-23 10:32:00,0.61,True,-0.0676598816194785,0.267584857156054,4.276467520296455
2024-10-23,2024-10-23 10:33:00,0.61,False,-0.0920302966819422,0.2608383925030093,4.320963140734314
2024-10-23,2024-10-23 10:34:00,0.61,True,-0.0983241726109383,0.2579452866940483,4.342060293580866
2024-10-23,2024-10-23 10:35:00,0.61,True,-0.0989637364668636,0.2585959604374047,4.3456839476471645
2024-10-23,2024-10-23 10:36:00,0.61,True,-0.0972489304916355,0.2622024246210265,4.319508160267211
2024-10-23,2024-10-23 10:37:00,0.61,True,-0.0908688672413041,0.266298022561955,4.301384094343455
2024-10-23,2024-10-23 10:38:00,0.61,True,-0.0899977132033112,0.2671431774518668,4.320538314528482
2024-10-23,2024-10-23 10:39:00,0.61,True,-0.1013678018154297,0.2614905847849682,4.325989116698088
2024-10-23,2024-10-23 10:40:00,0.61,True,-0.0937649654673676,0.263563104551858,4.323340017526291
2024-10-23,2024-10-23 10:41:00,0.61,True,-0.0788425269979332,0.2699917967816232,4.28596158417085
2024-10-23,2024-10-23 10:42:00,0.61,True,-0.0888610852837839,0.2685977394327608,4.289926554202809
2024-10-23,2024-10-23 10:43:00,0.61,False,-0.1100731282094903,0.2597154673385197,4.315188340558682
2024-10-23,2024-10-23 10:44:00,0.61,True,-0.1089580158985367,0.2596053825127207,4.297746400700917
2024-10-23,2024-10-23 10:45:00,0.61,False,-0.1076696668888493,0.2623407653110626,4.279192704576833
2024-10-23,2024-10-23 10:46:00,0.61,True,-0.1280041696737823,0.2550960151058671,4.307609155298069
2024-10-23,2024-10-23 10:47:00,0.61,True,-0.1283343534853193,0.2532093730524742,4.2952082454556
2024-10-23,2024-10-23 10:48:00,0.61,True,-0.1373144896518616,0.252633085237967,4.275995628232583
2024-10-23,2024-10-23 10:49:00,0.61,True,-0.1405760718840469,0.248445039827607,4.2924206923745505
2024-10-23,2024-10-23 10:50:00,0.61,True,-0.1484689200380475,0.2450141071140956,4.313194353482016
2024-10-23,2024-10-23 10:51:00,0.61,True,-0.138024155841606,0.2489327900148593,4.294294979859424
2024-10-23,2024-10-23 10:52:00,0.61,True,-0.1564562528441722,0.2392597305008345,4.342283429536937
2024-10-23,2024-10-23 10:53:00,0.6,True,-0.1671603912982768,0.2316148670061125,4.372976194251086
2024-10-23,2024-10-23 10:54:00,0.61,True,-0.1546865984421375,0.233501124341786,4.363306103916074
2024-10-23,2024-10-23 10:55:00,0.61,True,-0.160143479782941,0.2308014347032642,4.403279702526607
2024-10-23,2024-10-23 10:56:00,0.61,True,-0.1612023141657881,0.230162217324087,4.3928166549125445
2024-10-23,2024-10-23 10:57:00,0.61,True,-0.1471828343358968,0.2334879031744842,4.379641699787215
2024-10-23,2024-10-23 10:58:00,0.61,True,-0.1412461957545761,0.2370016747377993,4.358580801635465
2024-10-23,2024-10-23 10:59:00,0.61,False,-0.1466690990424971,0.231978492126404,4.409911217771284
2024-10-23,2024-10-23 11:00:00,0.61,True,-0.1499053102217684,0.2288123051522276,4.462781283555586
2024-10-23,2024-10-23 11:01:00,0.61,True,-0.166743708180933,0.2205345204847126,4.508452539145306
2024-10-23,2024-10-23 11:02:00,0.61,True,-0.1709946913086804,0.2173683930803248,4.525087000026517
2024-10-23,2024-10-23 11:03:00,0.605,True,-0.1740547291545163,0.2159012087784446,4.51174834280068
2024-10-23,2024-10-23 11:04:00,0.61,True,-0.1784636849465843,0.2163454656900672,4.497384240551237
2024-10-23,2024-10-23 11:05:00,0.61,False,-0.1870311220473958,0.2096960254575951,4.50758716232537
2024-10-23,2024-10-23 11:06:00,0.61,True,-0.1871506258559808,0.2064362448538178,4.5259480759905175
2024-10-23,2024-10-23 11:07:00,0.61,True,-0.183136289921463,0.2080267160133249,4.542040282490617
2024-10-23,2024-10-23 11:08:00,0.61,True,-0.1765911346288857,0.2093617664234781,4.555546368862763
2024-10-23,2024-10-23 11:09:00,0.61,True,-0.1819478126840401,0.2078476698393787,4.58042420907142
2024-10-23,2024-10-23 11:10:00,0.61,True,-0.1757844556099743,0.2089509293804136,4.563858484789593
2024-10-23,2024-10-23 11:11:00,0.61,True,-0.1657532448863566,0.2119179008169771,4.551278861738376
2024-10-23,2024-10-23 11:12:00,0.61,True,-0.1655728667680405,0.2173684118148495,4.532928593198139
2024-10-23,2024-10-23 11:13:00,0.61,True,-0.1529298232481418,0.225977471077123,4.4728896777595955
2024-10-23,2024-10-23 11:14:00,0.61,True,-0.1518050628548846,0.2290541594746126,4.469616389673026
2024-10-23,2024-10-23 11:15:00,0.605,True,-0.1462920419152232,0.2258842541622699,4.519139820921498
2024-10-23,2024-10-23 11:16:00,0.61,True,-0.1465726747063139,0.2262856745621155,4.501892458801917
2024-10-23,2024-10-23 11:17:00,0.61,True,-0.1546741986247513,0.2254590137623483,4.517596136519868
2024-10-23,2024-10-23 11:18:00,0.61,True,-0.1520062546504885,0.2262319424194978,4.523993870039365
2024-10-23,2024-10-23 11:19:00,0.61,True,-0.1464384808824735,0.2240493212444855,4.557292615746788
2024-10-23,2024-10-23 11:20:00,0.61,False,-0.1418824138307666,0.2271318098629485,4.5364295959977605
2024-10-23,2024-10-23 11:21:00,0.61,True,-0.1383690430962674,0.2311299186573895,4.485724169789954
2024-10-23,2024-10-23 11:22:00,0.61,True,-0.1396029048260057,0.2329474436219448,4.47519016226865
2024-10-23,2024-10-23 11:23:00,0.61,True,-0.1369719991868809,0.2357221274609938,4.4583376166277064
2024-10-23,2024-10-23 11:24:00,0.605,True,-0.1376993682651737,0.2335792401398743,4.473589331833408
2024-10-23,2024-10-23 11:25:00,0.61,True,-0.126838581136321,0.2389678468336543,4.427846199044801
2024-10-23,2024-10-23 11:26:00,0.61,True,-0.1206978577768115,0.2392782696191474,4.428626068294422
2024-10-23,2024-10-23 11:27:00,0.61,True,-0.1152567518576223,0.2399946057995235,4.436382600081868
2024-10-23,2024-10-23 11:28:00,0.61,True,-0.1100084940648195,0.2383866428005084,4.4677138644923575
2024-10-23,2024-10-23 11:29:00,0.61,True,-0.0953675588268302,0.2408478377812842,4.465113483249588
2024-10-23,2024-10-23 11:30:00,0.61,True,-0.0928136088611604,0.2468802899403645,4.416190890283611
2024-10-23,2024-10-23 11:31:00,0.61,True,-0.073655886338409,0.2544806535966498,4.377989010183722
2024-10-23,2024-10-23 11:32:00,0.61,True,-0.0636371794503933,0.257536996580762,4.3538493638860185
2024-10-23,2024-10-23 11:33:00,0.61,True,-0.0698140003922861,0.2544648872212857,4.365435668469834
2024-10-23,2024-10-23 11:34:00,0.61,True,-0.0666746751279328,0.2568155352148249,4.357324170368661
2024-10-23,2024-10-23 11:35:00,0.61,True,-0.0678950854954626,0.2562150517308562,4.3622604952547555
2024-10-23,2024-10-23 11:36:00,0.61,True,-0.0759978465883027,0.2553140442063964,4.367424307935376
2024-10-23,2024-10-23 11:37:00,0.61,True,-0.0796040231733496,0.2530143301631813,4.388268843949122
2024-10-23,2024-10-23 11:38:00,0.61,True,-0.0718696451982551,0.2550127032139369,4.398167552822589
2024-10-23,2024-10-23 11:39:00,0.61,False,-0.0714356804635475,0.2537291639672019,4.4153605354124945
2024-10-23,2024-10-23 11:40:00,0.61,True,-0.0712010099806559,0.2537930980884528,4.414150074675402
2024-10-23,2024-10-23 11:41:00,0.61,True,-0.0739709753723096,0.2495077092355467,4.436162330059229
2024-10-23,2024-10-23 11:42:00,0.61,True,-0.0827806240021465,0.2474623542931975,4.441283261557658
2024-10-23,2024-10-23 11:43:00,0.61,True,-0.0798057199468332,0.2482483409965101,4.439408902456933
2024-10-23,2024-10-23 11:44:00,0.61,False,-0.0810003942348553,0.246386876280146,4.449135571136941
2024-10-23,2024-10-23 11:45:00,0.61,True,-0.0817775400507472,0.2480138643735373,4.433423635966641
2024-10-23,2024-10-23 11:46:00,0.61,True,-0.0917402896922703,0.2462702673828328,4.4399896314564655
2024-10-23,2024-10-23 11:47:00,0.61,True,-0.0896884972619625,0.2482815122284145,4.422712092654388
2024-10-23,2024-10-23 11:48:00,0.61,True,-0.0867307438505241,0.2495464152063701,4.422027362254358
2024-10-23,2024-10-23 11:49:00,0.61,True,-0.0879974879916274,0.252154455431108,4.397360901072613
2024-10-23,2024-10-23 11:50:00,0.61,True,-0.0778908124773791,0.2565206336837536,4.375852756510862
2024-10-23,2024-10-23 11:51:00,0.61,False,-0.080069284670896,0.2595259399933699,4.3591960888091466
2024-10-23,2024-10-23 11:52:00,0.61,True,-0.08020033921687,0.2598822213495521,4.364036646381963
2024-10-23,2024-10-23 11:53:00,0.6,True,-0.0956804323797272,0.2494906771882061,4.425014357143504
2024-10-23,2024-10-23 11:54:00,0.6,True,-0.0967622930299565,0.2526211402954721,4.401187813535772
2024-10-23,2024-10-23 11:55:00,0.61,True,-0.0696841283971727,0.2576393194977672,4.427030131934027
2024-10-23,2024-10-23 11:56:00,0.61,True,-0.0723525622592481,0.2586918126824344,4.416152169494932
2024-10-23,2024-10-23 11:57:00,0.61,True,-0.0867921437510393,0.2536467905347758,4.448664142224635
2024-10-23,2024-10-23 11:58:00,0.61,True,-0.0973729615083578,0.2497536393826631,4.44940686486244
2024-10-23,2024-10-23 11:59:00,0.61,False,-0.095627766480877,0.2491403113981388,4.454222216413753
2024-10-23,2024-10-23 12:00:00,0.61,True,-0.1004490709147132,0.248159116698363,4.44002372565996
2024-10-23,2024-10-23 12:01:00,0.605,True,-0.0983646698305159,0.24732891070251,4.449066170325281
2024-10-23,2024-10-23 12:02:00,0.61,True,-0.0861532298328447,0.2500141756588766,4.454789845180961
2024-10-23,2024-10-23 12:03:00,0.61,True,-0.0825380877027388,0.247941995098391,4.488101433916093
2024-10-23,2024-10-23 12:04:00,0.605,True,-0.0689028732761781,0.2506684191787455,4.488679452804463
2024-10-23,2024-10-23 12:05:00,0.61,True,-0.0617180600601278,0.2516196992274654,4.496337967927461
2024-10-23,2024-10-23 12:06:00,0.61,True,-0.0617134754613639,0.2535830557058133,4.483770264252488
2024-10-23,2024-10-23 12:07:00,0.61,True,-0.0636890108414936,0.2531602211148945,4.490997544600802
2024-10-23,2024-10-23 12:08:00,0.61,False,-0.0576780161984926,0.2543602274878038,4.484622210248262
2024-10-23,2024-10-23 12:09:00,0.61,False,-0.0486048462663762,0.2589179713478552,4.455186161842186
2024-10-23,2024-10-23 12:10:00,0.61,True,-0.0458679743938117,0.2660140709108306,4.397831072603976
2024-10-23,2024-10-23 12:11:00,0.61,True,-0.0507531769673804,0.2649605140555972,4.381506314329037
2024-10-23,2024-10-23 12:12:00,0.61,True,-0.0604303568692665,0.2585500654757359,4.382215760758083
2024-10-23,2024-10-23 12:13:00,0.61,True,-0.0628434973201483,0.2582261115599493,4.393760103023851
2024-10-23,2024-10-23 12:14:00,0.61,True,-0.0653252155809943,0.2590707511464473,4.400937592261988
2024-10-23,2024-10-23 12:15:00,0.61,False,-0.0658565831588268,0.2613879617355448,4.3856908485614365
2024-10-23,2024-10-23 12:16:00,0.605,True,-0.0518943856285229,0.2656683714740119,4.383852054250124
2024-10-23,2024-10-23 12:17:00,0.61,True,-0.0446045123969872,0.2679932018501529,4.386224978720757
2024-10-23,2024-10-23 12:18:00,0.61,True,-0.0455647241179381,0.2707261343935489,4.368098862964712
2024-10-23,2024-10-23 12:19:00,0.61,True,-0.0476460588493021,0.2698894712168325,4.375807075432502
2024-10-23,2024-10-23 12:20:00,0.61,True,-0.0434337297386453,0.2676988720089762,4.400556379175077
2024-10-23,2024-10-23 12:21:00,0.61,True,-0.0394516140862797,0.268938770218827,4.404538806595135
2024-10-23,2024-10-23 12:22:00,0.61,False,-0.0333482577294546,0.2725200397384077,4.37491050693744
2024-10-23,2024-10-23 12:23:00,0.61,True,-0.0432186280140135,0.2704520706264401,4.368320424421484
2024-10-23,2024-10-23 12:24:00,0.61,True,-0.0382135753594933,0.2739962444539153,4.356287385400636
2024-10-23,2024-10-23 12:25:00,0.61,True,-0.0310080681352591,0.2756949387462007,4.364195893433592
2024-10-23,2024-10-23 12:26:00,0.61,False,-0.0428647359699545,0.2716937169042165,4.3768635073069175
2024-10-23,2024-10-23 12:27:00,0.61,True,-0.051286148630864,0.2684339357347196,4.4018007465059155
2024-10-23,2024-10-23 12:28:00,0.61,True,-0.0483434821396154,0.267523014682212,4.4136834711213995
2024-10-23,2024-10-23 12:29:00,0.61,True,-0.0450109802949194,0.2666742747862561,4.4270549111743955
2024-10-23,2024-10-23 12:30:00,0.61,True,-0.0369543120763264,0.2701555439914565,4.400080926381584
2024-10-23,2024-10-23 12:31:00,0.61,True,-0.0329358673167394,0.2718776694000791,4.395351089861926
2024-10-23,2024-10-23 12:32:00,0.61,False,-0.0266559258167357,0.2713640608610658,4.405762265317243
2024-10-23,2024-10-23 12:33:00,0.61,True,-0.0248906715747837,0.2716307142443822,4.429245652907643
2024-10-23,2024-10-23 12:34:00,0.61,True,-0.0228455057711542,0.2727940769428655,4.402991281670539
2024-10-23,2024-10-23 12:35:00,0.61,True,-0.019000894846664,0.2735479009040169,4.384945848593572
2024-10-23,2024-10-23 12:36:00,0.61,True,-0.0225321169534005,0.2698604130004497,4.4166726502156255
2024-10-23,2024-10-23 12:37:00,0.61,True,-0.0170635875937828,0.2701194665093045,4.416778301369057
2024-10-23,2024-10-23 12:38:00,0.61,True,-0.0157695503781006,0.2702573484405343,4.424445628438928
2024-10-23,2024-10-23 12:39:00,0.61,True,-0.0221329143733575,0.267328471090608,4.442928621795549
2024-10-23,2024-10-23 12:40:00,0.61,True,-0.0313653995603878,0.2627985842398478,4.444817356883774
2024-10-23,2024-10-23 12:41:00,0.61,True,-0.0357191640375313,0.2602728997370086,4.454627165431943
2024-10-23,2024-10-23 12:42:00,0.61,True,-0.0381346169441094,0.2599522213562975,4.471160286020912
2024-10-23,2024-10-23 12:43:00,0.61,True,-0.0438230085411036,0.2591193004747825,4.468735843117024
2024-10-23,2024-10-23 12:44:00,0.61,True,-0.0540173732274442,0.2561588535387251,4.477012285582758
2024-10-23,2024-10-23 12:45:00,0.61,False,-0.0660533872110389,0.2509126200374617,4.507079312791637
2024-10-23,2024-10-23 12:46:00,0.61,True,-0.0664281577883685,0.2494970631794395,4.517406489051343
2024-10-23,2024-10-23 12:47:00,0.61,True,-0.0632187825035292,0.2495410275894762,4.521943413525593
2024-10-23,2024-10-23 12:48:00,0.61,True,-0.0652433107893961,0.2455580095987329,4.557022714603157
2024-10-23,2024-10-23 12:49:00,0.61,True,-0.0711577800548609,0.2422606935069791,4.589916617663456
2024-10-23,2024-10-23 12:50:00,0.61,True,-0.0712054137750834,0.2434332466875341,4.581896954635076
2024-10-23,2024-10-23 12:51:00,0.61,True,-0.0658546451883615,0.2439574880013763,4.579595837350389
2024-10-23,2024-10-23 12:52:00,0.605,True,-0.0505503924208389,0.2460256254423206,4.5893057076689585
2024-10-23,2024-10-23 12:53:00,0.61,True,-0.0451779750344755,0.2465091782047996,4.605798915872376
2024-10-23,2024-10-23 12:54:00,0.61,False,-0.0479534354817245,0.2437249972041069,4.619236609387307
2024-10-23,2024-10-23 12:55:00,0.61,True,-0.050806645360773,0.2404412925816047,4.65667533935024
2024-10-23,2024-10-23 12:56:00,0.61,True,-0.0586736347090154,0.2383639541664446,4.669165622370241
2024-10-23,2024-10-23 12:57:00,0.6,True,-0.0635617213671417,0.2367241434833601,4.679229099702712
2024-10-23,2024-10-23 12:58:00,0.6,True,-0.0748490726931478,0.2298751220470658,4.711718874687651
2024-10-23,2024-10-23 12:59:00,0.6,True,-0.0734760560818557,0.2299349080778603,4.71857973489523
2024-10-23,2024-10-23 13:00:00,0.6,True,-0.0688494094051887,0.2332059768989993,4.700008165479422
2024-10-23,2024-10-23 13:01:00,0.6,True,-0.0658570705321331,0.2339644814333905,4.68583429882495
2024-10-23,2024-10-23 13:02:00,0.6,True,-0.0603525581885025,0.2332056800692868,4.721414542851767
2024-10-23,2024-10-23 13:03:00,0.6,True,-0.0590247553844815,0.2316350577545809,4.731039750996018
2024-10-23,2024-10-23 13:04:00,0.6,True,-0.0574251314700267,0.2327088574990618,4.720351525127861
2024-10-23,2024-10-23 13:05:00,0.6,True,-0.0505832582576942,0.2334094491869752,4.726593864110402
2024-10-23,2024-10-23 13:06:00,0.6,True,-0.0478307162785704,0.2367246287541618,4.6976574054494495
2024-10-23,2024-10-23 13:07:00,0.6,True,-0.0502598860107447,0.2388744473159503,4.6681291166271714
2024-10-23,2024-10-23 13:08:00,0.6,True,-0.0530277204021558,0.2353366325322116,4.678774217256597
2024-10-23,2024-10-23 13:09:00,0.6,True,-0.0456844553946128,0.2386130010979003,4.656914196389459
2024-10-23,2024-10-23 13:10:00,0.6,True,-0.0378670394735434,0.2406896703644022,4.650418404709185
2024-10-23,2024-10-23 13:11:00,0.6,True,-0.04091412484256,0.2379673514622067,4.673694767867995
2024-10-23,2024-10-23 13:12:00,0.595,True,-0.0489397650935404,0.236864088527385,4.682495154345698
2024-10-23,2024-10-23 13:13:00,0.595,False,-0.0420777110909088,0.2417285631448268,4.6595559152258925
2024-10-23,2024-10-23 13:14:00,0.6,True,-0.0325039077226553,0.2458176855150646,4.652618379948878
2024-10-23,2024-10-23 13:15:00,0.6,True,-0.019175701076153,0.245105030673505,4.681593007314312
2024-10-23,2024-10-23 13:16:00,0.6,True,-0.0117987402644689,0.2472230629098807,4.680198465194258
2024-10-23,2024-10-23 13:17:00,0.6,True,-0.0155288702580105,0.2466090520782949,4.672753773371294
2024-10-23,2024-10-23 13:18:00,0.595,True,-0.0213281215315861,0.2449735057947422,4.658825648034929
2024-10-23,2024-10-23 13:19:00,0.6,True,-0.0191986649338862,0.2452819334161257,4.663450953750559
2024-10-23,2024-10-23 13:20:00,0.6,False,-0.018872404024423,0.2463586881919208,4.659319151011191
2024-10-23,2024-10-23 13:21:00,0.6,True,-0.0091480312882678,0.2514359826811181,4.6311784193046295
2024-10-23,2024-10-23 13:22:00,0.6,True,-0.0073330308555267,0.2506183635457333,4.639370344446962
2024-10-23,2024-10-23 13:23:00,0.6,False,-0.0087570263343608,0.2486084893728564,4.638136125456007
2024-10-23,2024-10-23 13:24:00,0.6,True,-0.0090387896230101,0.2498792421892901,4.622899534203094
2024-10-23,2024-10-23 13:25:00,0.6,True,-0.0091665687910492,0.251390926315055,4.5943315962081295
2024-10-23,2024-10-23 13:26:00,0.6,True,-0.0085752474509972,0.251980331112495,4.582336806944021
2024-10-23,2024-10-23 13:27:00,0.6,False,-0.0112388842437143,0.2542977921137753,4.555279470192518
2024-10-23,2024-10-23 13:28:00,0.6,True,-0.0067858988926157,0.2570110143306228,4.529860729660696
2024-10-23,2024-10-23 13:29:00,0.6,True,-0.0080593862047885,0.2580245661506178,4.512100933334024
2024-10-23,2024-10-23 13:30:00,0.6,False,-0.008689931323091,0.2581000815719087,4.499109206620561
2024-10-23,2024-10-23 13:31:00,0.6,True,-0.0079740005448041,0.2562208836765159,4.5151510339492225
2024-10-23,2024-10-23 13:32:00,0.595,True,-0.0112472068370354,0.25503796210406,4.522909033310779
2024-10-23,2024-10-23 13:33:00,0.6,True,-0.0122749981202631,0.2560013036538093,4.508924433933338
2024-10-23,2024-10-23 13:34:00,0.6,True,-0.0114563588422096,0.2559778154938816,4.510892398819348
2024-10-23,2024-10-23 13:35:00,0.6,True,-0.0106793173827228,0.257378398924842,4.508929697720554
2024-10-23,2024-10-23 13:36:00,0.6,False,-0.0091932454023322,0.2571942188632229,4.5092520868881865
2024-10-23,2024-10-23 13:37:00,0.6,True,-0.0007496294367337,0.2583204209801313,4.515266056668648
2024-10-23,2024-10-23 13:38:00,0.6,True,-0.0024229247339805,0.2600981843986181,4.490291058271631
2024-10-23,2024-10-23 13:39:00,0.6,False,0.0017307298848564,0.2622410312278275,4.484367372882681
2024-10-23,2024-10-23 13:40:00,0.6,False,0.0110544782502613,0.2617344630862697,4.513684448618629
2024-10-23,2024-10-23 13:41:00,0.6,True,0.0126426718708448,0.2616064277967198,4.5201007612397355
2024-10-23,2024-10-23 13:42:00,0.6,True,0.0155938854241589,0.2617314055037281,4.534716768137856
2024-10-23,2024-10-23 13:43:00,0.6,True,0.0111159051481854,0.2601409964936502,4.531942075983282
2024-10-23,2024-10-23 13:44:00,0.6,True,0.0039656842759279,0.2569388057669967,4.533139233026749
2024-10-23,2024-10-23 13:45:00,0.6,True,0.010931968214169,0.2591317323381319,4.532671428580614
2024-10-23,2024-10-23 13:46:00,0.6,True,0.0129505633986673,0.2595488057191525,4.535303091426472
2024-10-23,2024-10-23 13:47:00,0.6,False,0.0182117627504407,0.2639927164134539,4.51056290952363
2024-10-23,2024-10-23 13:48:00,0.59,True,0.0125685480404255,0.2613074955273812,4.521034866622963
2024-10-23,2024-10-23 13:49:00,0.595,True,0.0092076700860952,0.2621459557856267,4.5070248604890235
2024-10-23,2024-10-23 13:50:00,0.6,True,0.0128882701147611,0.2633919947438932,4.493428672803547
2024-10-23,2024-10-23 13:51:00,0.59,True,0.0203994515823731,0.2642341273358525,4.491873178604827
2024-10-23,2024-10-23 13:52:00,0.59,True,0.0285857712674907,0.2637185785434318,4.530064273004414
2024-10-23,2024-10-23 13:53:00,0.58,True,0.0334312018415702,0.2656891009498072,4.524431746669026
2024-10-23,2024-10-23 13:54:00,0.57,True,0.0315523429078188,0.2642761012085775,4.524944807783796
2024-10-23,2024-10-23 13:55:00,0.58,True,0.0241137373817379,0.2648065207292758,4.507279281495141
2024-10-23,2024-10-23 13:56:00,0.58,True,0.0246967955688435,0.2644525360289281,4.500820799124799
2024-10-23,2024-10-23 13:57:00,0.59,True,0.0237550694672108,0.2625547552960638,4.499992873159058
2024-10-23,2024-10-23 13:58:00,0.59,True,0.0250923915173913,0.2637054790778678,4.485037251106145
2024-10-23,2024-10-23 13:59:00,0.59,True,0.0300751624833155,0.2639609294243115,4.492057930645945
2024-10-23,2024-10-23 14:00:00,0.59,True,0.0309809913653351,0.2646213538117953,4.486946509361593
2024-10-23,2024-10-23 14:01:00,0.59,True,0.0257090769646267,0.2641156669155329,4.488808022056238
2024-10-23,2024-10-23 14:02:00,0.59,True,0.0352868705693598,0.2639896858428491,4.517839022138616
2024-10-23,2024-10-23 14:03:00,0.59,True,0.034965001219232,0.2627842054474283,4.522101162788517
2024-10-23,2024-10-23 14:04:00,0.585,True,0.0240514143945553,0.2602971240263387,4.510388009596771
2024-10-23,2024-10-23 14:05:00,0.59,True,0.0206906832932419,0.260242818862875,4.533787040981293
2024-10-23,2024-10-23 14:06:00,0.59,True,0.0246477881565178,0.2612293267300807,4.521501142269909
2024-10-23,2024-10-23 14:07:00,0.59,True,0.0336527836816787,0.2620946067066111,4.525324251133956
2024-10-23,2024-10-23 14:08:00,0.58,True,0.0344333536989994,0.2611530575075925,4.541900716413179
2024-10-23,2024-10-23 14:09:00,0.585,True,0.0336069084142903,0.2592939034371386,4.557550566661487
2024-10-23,2024-10-23 14:10:00,0.59,True,0.021380506898262,0.2582879611429123,4.5417142412591645
2024-10-23,2024-10-23 14:11:00,0.59,True,0.0128341200125216,0.2561419212132888,4.52494033925607
2024-10-23,2024-10-23 14:12:00,0.59,True,0.0029168514657277,0.2522964570356434,4.559928413206363
2024-10-23,2024-10-23 14:13:00,0.59,True,0.0074396414306318,0.251109857785778,4.573715543611317
2024-10-23,2024-10-23 14:14:00,0.59,True,0.0087254786091499,0.2545006964777759,4.5457306827786175
2024-10-23,2024-10-23 14:15:00,0.59,True,0.0082207916496955,0.2539225695872443,4.5544136465631695
2024-10-23,2024-10-23 14:16:00,0.59,True,0.0117547585470221,0.2535570778242446,4.55798545585237
2024-10-23,2024-10-23 14:17:00,0.59,True,0.0055635000633977,0.2519841165664803,4.550078980464612
2024-10-23,2024-10-23 14:18:00,0.59,True,0.0084039520809726,0.2526139014251561,4.5631208086788595
2024-10-23,2024-10-23 14:19:00,0.58,True,0.011931571074069,0.2533095067579437,4.567837217354831
2024-10-23,2024-10-23 14:20:00,0.59,True,0.0052389699730975,0.2544049364706611,4.555752882913892
2024-10-23,2024-10-23 14:21:00,0.59,True,0.0050076309044587,0.2559513904023748,4.531472069208818
2024-10-23,2024-10-23 14:22:00,0.59,True,0.0078498623307118,0.2590060256307296,4.507220115288821
2024-10-23,2024-10-23 14:23:00,0.59,True,0.0071153363008246,0.2574123266921481,4.5059537317300515
2024-10-23,2024-10-23 14:24:00,0.59,True,0.0092554235796332,0.2577425216702518,4.500518469419754
2024-10-23,2024-10-23 14:25:00,0.58,True,0.0134626841876979,0.2573840142478637,4.521716068276914
2024-10-23,2024-10-23 14:26:00,0.59,True,0.009594221822071,0.2556264979147384,4.531607401793515
2024-10-23,2024-10-23 14:27:00,0.59,True,0.010572773761399,0.255127413356716,4.516346388831527
2024-10-23,2024-10-23 14:28:00,0.59,True,0.0050637289515532,0.2547176987870706,4.520472541872891
2024-10-23,2024-10-23 14:29:00,0.59,True,0.0108859289625397,0.2577607994900815,4.513079922387964
2024-10-23,2024-10-23 14:30:00,0.58,True,0.0103284890573961,0.2564770246255561,4.529713666718512
2024-10-23,2024-10-23 14:31:00,0.59,True,0.0084240881877734,0.2565814221921224,4.535331713648752
2024-10-23,2024-10-23 14:32:00,0.59,True,0.0109297496025552,0.2563884395721385,4.538061194875135
2024-10-23,2024-10-23 14:33:00,0.59,True,0.0058080731749573,0.2551097377593465,4.544224533344017
2024-10-23,2024-10-23 14:34:00,0.59,True,0.0078577307744667,0.2558614451464209,4.534583633394149
2024-10-23,2024-10-23 14:35:00,0.58,True,0.0080750824064655,0.2563895629370573,4.542414737999936
2024-10-23,2024-10-23 14:36:00,0.59,True,0.0046990990347013,0.2565089115349347,4.537426898656328
2024-10-23,2024-10-23 14:37:00,0.59,True,0.0067119348135036,0.2571691042317764,4.5388849202544765
2024-10-23,2024-10-23 14:38:00,0.59,False,0.0108553327768344,0.2616364742106488,4.514654470070748
2024-10-23,2024-10-23 14:39:00,0.59,True,0.0084721369585649,0.2597480717905744,4.5319483320229
2024-10-23,2024-10-23 14:40:00,0.59,True,0.0108337316637874,0.2603796674692449,4.527190365621382
2024-10-23,2024-10-23 14:41:00,0.59,True,0.016291759078738,0.2622414799241505,4.513298812703876
2024-10-23,2024-10-23 14:42:00,0.59,True,0.0183068177861927,0.2649156527432268,4.486946318189859
2024-10-23,2024-10-23 14:43:00,0.59,True,0.0158604814742742,0.2646734235326528,4.497722177781707
2024-10-23,2024-10-23 14:44:00,0.59,True,0.015597228041162,0.2643502948943067,4.505822943181427
2024-10-23,2024-10-23 14:45:00,0.59,True,0.0155083994514875,0.2637622407154217,4.502775795957911
2024-10-23,2024-10-23 14:46:00,0.585,True,0.0153715687439215,0.2657468782778419,4.494756064711464
2024-10-23,2024-10-23 14:47:00,0.59,True,0.0123024679923874,0.2644966324506923,4.48551913585162
2024-10-23,2024-10-23 14:48:00,0.59,True,0.0138040330039219,0.2642429601919054,4.476242725700497
2024-10-23,2024-10-23 14:49:00,0.59,True,0.0116953956468799,0.2651358456764011,4.460535821901808
2024-10-23,2024-10-23 14:50:00,0.59,True,0.0058155340970371,0.2641119271165537,4.435429780086264
2024-10-23,2024-10-23 14:51:00,0.59,True,0.0078713716098202,0.2624569732311542,4.454338693695648
2024-10-23,2024-10-23 14:52:00,0.59,True,0.0096871520285126,0.2631877746579993,4.444827462739733
2024-10-23,2024-10-23 14:53:00,0.59,True,0.008259649233185,0.2613902278210589,4.452283831585541
2024-10-23,2024-10-23 14:54:00,0.58,True,0.0131445752379611,0.2592835515081767,4.477654479411001
2024-10-23,2024-10-23 14:55:00,0.59,True,0.017013371973982,0.2573801645252489,4.496131157901426
2024-10-23,2024-10-23 14:56:00,0.59,True,0.0208634824874928,0.2579758849044825,4.4991276519883225
2024-10-23,2024-10-23 14:57:00,0.59,True,0.0212190074883547,0.255010736376164,4.529902583646976
2024-10-23,2024-10-23 14:58:00,0.59,True,0.031960648211937,0.2575885080630719,4.542193251338272
2024-10-23,2024-10-23 14:59:00,0.59,True,0.0302160786935566,0.258313215588293,4.536572716090685
2024-10-23,2024-10-23 15:00:00,0.59,True,0.0234666611444371,0.2574447749140034,4.513639204592646
2024-10-23,2024-10-23 15:01:00,0.59,True,0.0194772284126597,0.2557734300179597,4.512803418179016
2024-10-23,2024-10-23 15:02:00,0.59,True,0.0123237142810704,0.2535153604686589,4.519925796086988
2024-10-23,2024-10-23 15:03:00,0.59,True,0.0229350266368381,0.2539577296551101,4.548854199618895
2024-10-23,2024-10-23 15:04:00,0.59,True,0.0226427246560496,0.2551990813177349,4.528514572957052
2024-10-23,2024-10-23 15:05:00,0.59,False,0.0173292620947305,0.2543630506577596,4.5304449367013735
2024-10-23,2024-10-23 15:06:00,0.59,False,0.0249724546048841,0.2570716323126276,4.510986906296642
2024-10-23,2024-10-23 15:07:00,0.59,True,0.0234725640413759,0.2561557183243038,4.528259288029635
2024-10-23,2024-10-23 15:08:00,0.59,True,0.0301521332597785,0.2603770623337736,4.499196574876465
2024-10-23,2024-10-23 15:09:00,0.58,True,0.0387905028922976,0.2618514216755023,4.498918192061392
2024-10-23,2024-10-23 15:10:00,0.59,True,0.0330039805865217,0.2603972920191553,4.4965429628147895
2024-10-23,2024-10-23 15:11:00,0.585,True,0.0313080365010073,0.2611370372853783,4.49769833023064
2024-10-23,2024-10-23 15:12:00,0.59,True,0.0334545836019156,0.2611679539718848,4.5004167360529905
2024-10-23,2024-10-23 15:13:00,0.59,False,0.0391547476261529,0.2600816842330177,4.528955213768397
2024-10-23,2024-10-23 15:14:00,0.59,True,0.0333605555420263,0.2591938493987674,4.53630694659376
2024-10-23,2024-10-23 15:15:00,0.59,True,0.024240554570401,0.257736003766665,4.538842787277801
2024-10-23,2024-10-23 15:16:00,0.59,True,0.0163986367506841,0.2556198138193958,4.544577963163441
2024-10-23,2024-10-23 15:17:00,0.59,False,0.0100161394861845,0.2547486493334754,4.538846400342252
2024-10-23,2024-10-23 15:18:00,0.59,True,0.0063976595831927,0.2528641154649747,4.554187590200671
2024-10-23,2024-10-23 15:19:00,0.59,True,0.0089444410319219,0.2537659354949438,4.558953823563881
2024-10-23,2024-10-23 15:20:00,0.585,True,0.0154610911109348,0.2568270728021148,4.545434197886653
2024-10-23,2024-10-23 15:21:00,0.59,True,0.0123200116939477,0.2524028330323717,4.56349173322114
2024-10-23,2024-10-23 15:22:00,0.59,True,0.0091711284794901,0.2504720057077263,4.569494551438744
2024-10-23,2024-10-23 15:23:00,0.59,True,0.0085718952905476,0.2506259417836377,4.555597902778107
2024-10-23,2024-10-23 15:24:00,0.59,True,0.0011619042121839,0.2476373341218883,4.564298407654882
2024-10-23,2024-10-23 15:25:00,0.59,True,-0.0042729924874719,0.2477825375435652,4.5486897353174935
2024-10-23,2024-10-23 15:26:00,0.59,True,0.0007973332995943,0.2506508638424425,4.523310210622568
2024-10-23,2024-10-23 15:27:00,0.59,True,-0.008237968219263,0.2471883471506824,4.540956863216468
2024-10-23,2024-10-23 15:28:00,0.59,True,-0.0111942841060724,0.2453562906627377,4.554834215625331
2024-10-23,2024-10-23 15:29:00,0.59,True,-0.0104700577055778,0.2465339851456659,4.552335144897635
2024-10-23,2024-10-23 15:30:00,0.59,True,-0.0098072103538297,0.2436319590716428,4.583703492042884
2024-10-23,2024-10-23 15:31:00,0.59,True,-0.0062314152842277,0.2452125459799803,4.578658203738051
2024-10-23,2024-10-23 15:32:00,0.58,True,0.0010681130814799,0.2447340779591048,4.600241953766325
2024-10-23,2024-10-23 15:33:00,0.59,True,0.0152099193459426,0.2498816411910532,4.591843392024321
2024-10-23,2024-10-23 15:34:00,0.59,True,0.0168561781410132,0.2486614294973454,4.6139011648560375
2024-10-23,2024-10-23 15:35:00,0.59,True,0.0084117763737782,0.2486549581133157,4.595727567812974
2024-10-23,2024-10-23 15:36:00,0.59,True,0.0043622721310976,0.2499009538944531,4.574452778933849
2024-10-23,2024-10-23 15:37:00,0.59,True,-0.0002889989502717,0.2482832876748833,4.572884137124428
2024-10-23,2024-10-23 15:38:00,0.59,True,-0.0016214392110566,0.2460216222773222,4.569011297972727
2024-10-23,2024-10-23 15:39:00,0.59,True,-0.0049661342597238,0.2446414455657516,4.5604176830991845
2024-10-23,2024-10-23 15:40:00,0.59,True,-0.0085976166676544,0.2458527348415625,4.555164838512714
2024-10-23,2024-10-23 15:41:00,0.59,True,-0.0057203107564209,0.2488716554266893,4.5185813714417815
2024-10-23,2024-10-23 15:42:00,0.59,True,0.0022000715689867,0.2498081076509182,4.508171510722988
2024-10-23,2024-10-23 15:43:00,0.59,True,-0.0005215767121116,0.2462347069794052,4.539862685598301
2024-10-23,2024-10-23 15:44:00,0.59,True,-0.005730009264138,0.245263460793589,4.547545118767166
2024-10-23,2024-10-23 15:45:00,0.59,True,-0.0092441360180001,0.2422755406924445,4.544895355127962
2024-10-23,2024-10-23 15:46:00,0.59,True,-0.0078728233543496,0.244258121136082,4.521634684490116
2024-10-23,2024-10-23 15:47:00,0.59,True,-0.0002120591885843,0.2474390133680816,4.507601658657977
2024-10-23,2024-10-23 15:48:00,0.59,True,0.0062075261634947,0.2487518709083518,4.520913054708119
2024-10-23,2024-10-23 15:49:00,0.59,True,0.0143042238345043,0.2522651163880455,4.499178586388082
2024-10-23,2024-10-23 15:50:00,0.59,True,0.0138828527431139,0.2525099672784583,4.497237160577606
2024-10-23,2024-10-23 15:51:00,0.59,False,-0.0007949332876176,0.2492099462171788,4.459202529058069
2024-10-23,2024-10-23 15:52:00,0.59,True,0.002997635662871,0.2495678594117062,4.4548247967613595
2024-10-23,2024-10-23 15:53:00,0.59,True,0.0137989763522251,0.2532223917992561,4.4402657175029026
2024-10-23,2024-10-23 15:54:00,0.59,True,0.0098709529282571,0.2511815161129564,4.436781814422216
2024-10-23,2024-10-23 15:55:00,0.59,True,0.0249430991903804,0.2541580690366899,4.423154677847362
2024-10-23,2024-10-23 15:56:00,0.59,True,0.031309551424677,0.2517995648069873,4.450634318319699
2024-10-23,2024-10-23 15:57:00,0.59,True,0.0171931131799262,0.245898308377372,4.504122163138959
2024-10-23,2024-10-23 15:58:00,0.59,True,0.0166695137730957,0.2482175260436314,4.463136454363383
2024-10-23,2024-10-23 15:59:00,0.59,True,0.0262871537958541,0.2515428991889602,4.441329088781772
2024-10-23,2024-10-23 16:00:00,0.59,False,0.0209620657382923,0.2492554273803848,4.450806015819815
2024-10-24,2024-10-24 09:31:00,0.59,True,-0.0344455647174782,0.2405428287554061,3.730840470578391
2024-10-24,2024-10-24 09:32:00,0.59,True,0.0173360379540789,0.2666330819464781,3.5842503085384294
2024-10-24,2024-10-24 09:33:00,0.59,False,0.019778453101221,0.2619823783176023,3.632113191285826
2024-10-24,2024-10-24 09:34:00,0.59,True,0.0065275517068839,0.2564975862612149,3.602249909505529
2024-10-24,2024-10-24 09:35:00,0.59,True,0.0279489390913038,0.2694087855394851,3.4408032146672616
2024-10-24,2024-10-24 09:36:00,0.59,True,-0.0168456107721168,0.2446681265960615,3.531436207633538
2024-10-24,2024-10-24 09:37:00,0.59,True,-0.0392388856106363,0.2289514976818674,3.6137214925395695
2024-10-24,2024-10-24 09:38:00,0.59,True,-0.0313039408891527,0.2322027588524591,3.5451507102396262
2024-10-24,2024-10-24 09:39:00,0.59,True,-0.0179002160667746,0.2427342442477199,3.468518735798129
2024-10-24,2024-10-24 09:40:00,0.59,True,-0.0139589231111593,0.2466648282408717,3.406973591112931
2024-10-24,2024-10-24 09:41:00,0.59,True,-0.0090129743610981,0.2521500921371412,3.391691295076097
2024-10-24,2024-10-24 09:42:00,0.59,True,0.0216416713755931,0.2605023438981801,3.3594879307325924
2024-10-24,2024-10-24 09:43:00,0.59,True,0.0091814197326324,0.2567420777063972,3.3472586350269404
2024-10-24,2024-10-24 09:44:00,0.59,True,0.0052004537412206,0.2594910796506333,3.2975531575994124
2024-10-24,2024-10-24 09:45:00,0.59,True,-0.0102564499412027,0.2545812670153965,3.280250372397332
2024-10-24,2024-10-24 09:46:00,0.59,True,-0.0132236040352962,0.2577059241673395,3.240512768216088
2024-10-24,2024-10-24 09:47:00,0.59,True,-0.0033230923915077,0.2608716889802496,3.273322071090878
2024-10-24,2024-10-24 09:48:00,0.59,True,-0.0171479204476347,0.242783398418559,3.4294843131239956
2024-10-24,2024-10-24 09:49:00,0.59,True,-0.0287156174995836,0.2350947386665072,3.5045779435379925
2024-10-24,2024-10-24 09:50:00,0.59,True,-0.0277044447535456,0.2335116326943769,3.5155613103016954
2024-10-24,2024-10-24 09:51:00,0.59,True,-0.0552978908052232,0.2256960384188714,3.50558587578667
2024-10-24,2024-10-24 09:52:00,0.59,True,-0.0623464919297647,0.2331186505639368,3.424983879747208
2024-10-24,2024-10-24 09:53:00,0.59,True,-0.055050873908476,0.2397113428135626,3.3613265085181907
2024-10-24,2024-10-24 09:54:00,0.59,True,-0.0284296587842215,0.2520761470216467,3.2674031304256532
2024-10-24,2024-10-24 09:55:00,0.59,True,-0.0211077057609591,0.2525472839430442,3.27391956041355
2024-10-24,2024-10-24 09:56:00,0.59,True,-0.0351446842402981,0.2417606652685409,3.3662219507280953
2024-10-24,2024-10-24 09:57:00,0.59,True,-0.0400045989779531,0.2382221424205008,3.388519694630492
2024-10-24,2024-10-24 09:58:00,0.59,True,-0.0341536067031676,0.2398635484477929,3.389022369387673
2024-10-24,2024-10-24 09:59:00,0.59,True,-0.0397594876688905,0.2373761130220238,3.4171956417763143
2024-10-24,2024-10-24 10:00:00,0.59,True,-0.0565882025510451,0.2287997828355257,3.4661867727912363
2024-10-24,2024-10-24 10:01:00,0.59,True,-0.0617909285188196,0.2287234654207876,3.471490785115683
2024-10-24,2024-10-24 10:02:00,0.59,True,-0.0784275254896846,0.227111778773332,3.4386431391716643
2024-10-24,2024-10-24 10:03:00,0.59,True,-0.0935948776619257,0.2218831769986098,3.417345279779729
2024-10-24,2024-10-24 10:04:00,0.59,True,-0.0888826411508927,0.2230353341239844,3.443344793432428
2024-10-24,2024-10-24 10:05:00,0.59,False,-0.0862706615873339,0.2183667004828164,3.4676587324975983
2024-10-24,2024-10-24 10:06:00,0.59,True,-0.0850435506151421,0.2206526453137864,3.4290923839841794
2024-10-24,2024-10-24 10:07:00,0.59,True,-0.0774899542536214,0.2223927681744046,3.4197159028247963
2024-10-24,2024-10-24 10:08:00,0.59,True,-0.0721753869630877,0.2229013663837081,3.439160580564135
2024-10-24,2024-10-24 10:09:00,0.59,True,-0.078579852760704,0.2211813739051678,3.461020022596102
2024-10-24,2024-10-24 10:10:00,0.59,True,-0.075269786354624,0.2236857497008009,3.454802965611781
2024-10-24,2024-10-24 10:11:00,0.59,True,-0.0836937330748372,0.2250047754572443,3.443123395389122
2024-10-24,2024-10-24 10:12:00,0.59,True,-0.0912449680185653,0.2245272124554077,3.414819249135556
2024-10-24,2024-10-24 10:13:00,0.59,True,-0.1214852143381269,0.2149011538775733,3.4322736307666526
2024-10-24,2024-10-24 10:14:00,0.59,True,-0.1231021673988819,0.2166945851232479,3.4195957219589332
2024-10-24,2024-10-24 10:15:00,0.59,True,-0.1161625927694684,0.2215971849390193,3.378706505274695
2024-10-24,2024-10-24 10:16:00,0.59,True,-0.1241023189136223,0.2169290208728955,3.364409259960679
2024-10-24,2024-10-24 10:17:00,0.59,True,-0.1281690103738859,0.214987537080677,3.3426278261846836
2024-10-24,2024-10-24 10:18:00,0.59,True,-0.1208091131075069,0.2203045694302741,3.319410250099069
2024-10-24,2024-10-24 10:19:00,0.59,False,-0.1104138470756058,0.2212500777021542,3.326868529939724
2024-10-24,2024-10-24 10:20:00,0.59,True,-0.1101695389771956,0.2226875895087582,3.3586570989296285
2024-10-24,2024-10-24 10:21:00,0.59,True,-0.1108803577152459,0.218861162390631,3.3733537974991283
2024-10-24,2024-10-24 10:22:00,0.585,True,-0.1192395681324006,0.2183204148123123,3.3746915459144624
2024-10-24,2024-10-24 10:23:00,0.59,True,-0.1239618629817456,0.214616647671665,3.4065491477483505
2024-10-24,2024-10-24 10:24:00,0.59,True,-0.1218984635668489,0.2157469764708868,3.394602798370895
2024-10-24,2024-10-24 10:25:00,0.59,True,-0.1173421054908659,0.2167152569139792,3.3887059752626674
2024-10-24,2024-10-24 10:26:00,0.59,True,-0.1237864934411811,0.2159997349557811,3.3638510258554306
2024-10-24,2024-10-24 10:27:00,0.59,True,-0.0989278169191787,0.2228680231940062,3.376381916165242
2024-10-24,2024-10-24 10:28:00,0.59,True,-0.0877802558441068,0.2226531075929275,3.4237807618185156
2024-10-24,2024-10-24 10:29:00,0.59,True,-0.0884244126230414,0.2227474319244204,3.434091624899612
2024-10-24,2024-10-24 10:30:00,0.59,True,-0.0905507821328474,0.2197034441417254,3.4451934366132333
2024-10-24,2024-10-24 10:31:00,0.59,True,-0.1183929108549496,0.2109444047462503,3.458165453981751
2024-10-24,2024-10-24 10:32:00,0.59,False,-0.1111061906141004,0.2141494335176902,3.4454510364798137
2024-10-24,2024-10-24 10:33:00,0.58,True,-0.108120946386409,0.2164722723821739,3.452578644297746
2024-10-24,2024-10-24 10:34:00,0.59,True,-0.1137301850298683,0.2157214288728812,3.4557020930814315
2024-10-24,2024-10-24 10:35:00,0.59,True,-0.1336258678161322,0.2106810009012498,3.465698429575517
2024-10-24,2024-10-24 10:36:00,0.59,False,-0.1236706901846209,0.2133060275366468,3.447928175368866
2024-10-24,2024-10-24 10:37:00,0.59,True,-0.127825561594668,0.2157678534502563,3.433827805909219
2024-10-24,2024-10-24 10:38:00,0.59,True,-0.1246430051345755,0.2186334866283159,3.4253809122902923
2024-10-24,2024-10-24 10:39:00,0.59,True,-0.1206839713927896,0.2234897356778292,3.412570912364749
2024-10-24,2024-10-24 10:40:00,0.59,True,-0.1125662739622102,0.227519985096436,3.3976546334817437
2024-10-24,2024-10-24 10:41:00,0.59,True,-0.1129134561335462,0.2254747514760083,3.41379378054117
2024-10-24,2024-10-24 10:42:00,0.59,True,-0.1225629240601879,0.2232741112632189,3.412855061132895
2024-10-24,2024-10-24 10:43:00,0.59,True,-0.1328867776270474,0.2171256917213885,3.4416836533283335
2024-10-24,2024-10-24 10:44:00,0.59,True,-0.1444669129114351,0.2155063370301899,3.44377806665381
2024-10-24,2024-10-24 10:45:00,0.59,True,-0.1544754820088251,0.2141286084948768,3.474610965807101
2024-10-24,2024-10-24 10:46:00,0.59,True,-0.1446765385991585,0.2166317997538598,3.4474149193008614
2024-10-24,2024-10-24 10:47:00,0.59,True,-0.1668878144699503,0.2105557641223738,3.4521493573204456
2024-10-24,2024-10-24 10:48:00,0.59,True,-0.148155038372833,0.2158391561933183,3.4356229344833293
2024-10-24,2024-10-24 10:49:00,0.59,True,-0.1396127723926242,0.2160023497025127,3.47405416979537
2024-10-24,2024-10-24 10:50:00,0.59,False,-0.1379360212561359,0.2146072584173274,3.4820872409936543
2024-10-24,2024-10-24 10:51:00,0.59,False,-0.1356127684927957,0.2136059907268279,3.509758699337269
2024-10-24,2024-10-24 10:52:00,0.59,True,-0.1346557111648043,0.2126628567105036,3.522978334511669
2024-10-24,2024-10-24 10:53:00,0.59,True,-0.1421600746438342,0.2120226597953951,3.5182099531415805
2024-10-24,2024-10-24 10:54:00,0.59,True,-0.1426627541981621,0.2149003290218812,3.5096456239055
2024-10-24,2024-10-24 10:55:00,0.59,True,-0.1230820214486411,0.2166817771469011,3.530787945024028
2024-10-24,2024-10-24 10:56:00,0.59,True,-0.1186571108867415,0.2186512680144672,3.517610237531302
2024-10-24,2024-10-24 10:57:00,0.59,True,-0.1093155930483685,0.2242407914827033,3.4917360293958013
2024-10-24,2024-10-24 10:58:00,0.59,True,-0.1016278221776359,0.2275497157288823,3.479103952216535
2024-10-24,2024-10-24 10:59:00,0.59,True,-0.0948277806262531,0.2279559986020366,3.469784041716553
2024-10-24,2024-10-24 11:00:00,0.59,True,-0.0879940526272849,0.2306334627204506,3.4497100743341624
2024-10-24,2024-10-24 11:01:00,0.59,True,-0.0927004995038165,0.2304035767617174,3.454016868500361
2024-10-24,2024-10-24 11:02:00,0.59,True,-0.1094256037322484,0.2268845685016025,3.440708001256734
2024-10-24,2024-10-24 11:03:00,0.59,True,-0.1183677634916659,0.2283927668441103,3.418107125186609
2024-10-24,2024-10-24 11:04:00,0.59,True,-0.1146293207128787,0.2343611248974625,3.3888048801370556
2024-10-24,2024-10-24 11:05:00,0.59,True,-0.1257657833753014,0.2309548766342831,3.3942747200126315
2024-10-24,2024-10-24 11:06:00,0.59,True,-0.1146773957295335,0.2310575196634912,3.4027178769031745
2024-10-24,2024-10-24 11:07:00,0.58,True,-0.1064057046489005,0.2362213262140069,3.361863089073186
2024-10-24,2024-10-24 11:08:00,0.59,True,-0.1232093266535421,0.2322978469220973,3.3573521988138024
2024-10-24,2024-10-24 11:09:00,0.59,True,-0.1174172761407081,0.2356262802469296,3.3445352391597196
2024-10-24,2024-10-24 11:10:00,0.59,True,-0.1260636291791829,0.2335699533390974,3.354092697527713
2024-10-24,2024-10-24 11:11:00,0.59,True,-0.121475573467934,0.2353600858455806,3.3487754351107033
2024-10-24,2024-10-24 11:12:00,0.59,True,-0.1164764336610387,0.2383399096867211,3.3213452176778717
2024-10-24,2024-10-24 11:13:00,0.59,True,-0.1031776756992646,0.2413157057871868,3.3245453705544423
2024-10-24,2024-10-24 11:14:00,0.59,True,-0.1040615204134883,0.2414046068532517,3.3373009108727234
2024-10-24,2024-10-24 11:15:00,0.59,True,-0.1190272388870104,0.2364629593236919,3.344765903996913
2024-10-24,2024-10-24 11:16:00,0.59,True,-0.1103177267373258,0.2394382416805069,3.3241884608460786
2024-10-24,2024-10-24 11:17:00,0.59,True,-0.1117694434764081,0.2389268411096856,3.3105201498325667
2024-10-24,2024-10-24 11:18:00,0.59,True,-0.1136747369714022,0.2391422990728356,3.3234669235075933
2024-10-24,2024-10-24 11:19:00,0.59,True,-0.1091836091606766,0.2402537964677132,3.3252754860358045
2024-10-24,2024-10-24 11:20:00,0.59,True,-0.1146281064691577,0.2374098819028424,3.336360496910459
2024-10-24,2024-10-24 11:21:00,0.59,True,-0.1168745886609142,0.2348309671700121,3.350344247475098
2024-10-24,2024-10-24 11:22:00,0.59,True,-0.1067502623876846,0.2370646019382483,3.3570575401549623
2024-10-24,2024-10-24 11:23:00,0.59,True,-0.0904673000099645,0.2474258054573376,3.270672759645264
2024-10-24,2024-10-24 11:24:00,0.59,True,-0.0892256297106023,0.2492999051383653,3.2583584323349783
2024-10-24,2024-10-24 11:25:00,0.59,True,-0.090831932655564,0.2486523831409473,3.293327877311637
2024-10-24,2024-10-24 11:26:00,0.59,True,-0.1012385765023611,0.2432295593509892,3.317598231345077
2024-10-24,2024-10-24 11:27:00,0.59,True,-0.0981050031342153,0.2432496478175707,3.3104106701101896
2024-10-24,2024-10-24 11:28:00,0.585,True,-0.1037277941156682,0.2420857033377856,3.3069352860693777
2024-10-24,2024-10-24 11:29:00,0.585,False,-0.0976127525105843,0.2432698363176335,3.3090282552179096
2024-10-24,2024-10-24 11:30:00,0.59,True,-0.0966259560470392,0.2432423185121853,3.3165383469947214
2024-10-24,2024-10-24 11:31:00,0.59,True,-0.0942147016319243,0.2454908666973847,3.2866397893726953
2024-10-24,2024-10-24 11:32:00,0.59,False,-0.0940324966370442,0.2457052053441552,3.268565732869166
2024-10-24,2024-10-24 11:33:00,0.59,True,-0.0912437904811833,0.2480740832790889,3.2402575597985517
2024-10-24,2024-10-24 11:34:00,0.59,True,-0.0891194832761023,0.2491113262447902,3.249433308235898
2024-10-24,2024-10-24 11:35:00,0.59,True,-0.0895292436977573,0.2490250864651488,3.2486321936485822
2024-10-24,2024-10-24 11:36:00,0.59,True,-0.0900918596845433,0.247967002164272,3.23997629582242
2024-10-24,2024-10-24 11:37:00,0.59,True,-0.0690392620314389,0.2548510879670093,3.246855056987275
2024-10-24,2024-10-24 11:38:00,0.59,True,-0.0762704672459246,0.2509171590361239,3.2718215141684137
2024-10-24,2024-10-24 11:39:00,0.59,True,-0.084507834994111,0.2501768017921703,3.2630398971244823
2024-10-24,2024-10-24 11:40:00,0.59,False,-0.0840757892869634,0.2505863401653776,3.278876643850319
2024-10-24,2024-10-24 11:41:00,0.59,False,-0.0755917534146257,0.2525703940409814,3.2783832868272236
2024-10-24,2024-10-24 11:42:00,0.59,True,-0.0747863852238353,0.2545633099847431,3.270288617687312
2024-10-24,2024-10-24 11:43:00,0.59,True,-0.0759946864630451,0.2550968972730488,3.2540377965234293
2024-10-24,2024-10-24 11:44:00,0.59,True,-0.0811285203998009,0.2511035026550775,3.2831255945864646
2024-10-24,2024-10-24 11:45:00,0.59,True,-0.0885652874324179,0.2475945829583399,3.309659601137495
2024-10-24,2024-10-24 11:46:00,0.59,True,-0.0814322473398906,0.2488246373572124,3.310273323373839
2024-10-24,2024-10-24 11:47:00,0.59,False,-0.0698377726449985,0.2531003474602685,3.2840801062855385
2024-10-24,2024-10-24 11:48:00,0.59,True,-0.0640956138933018,0.2564454462245366,3.2858609103226506
2024-10-24,2024-10-24 11:49:00,0.59,False,-0.0547667500051722,0.257559208904814,3.2934429982755993
2024-10-24,2024-10-24 11:50:00,0.59,True,-0.0408238338275658,0.2616573126183612,3.2806699638523895
2024-10-24,2024-10-24 11:51:00,0.59,True,-0.0430314101715759,0.2600813028052628,3.261263789073474
2024-10-24,2024-10-24 11:52:00,0.59,True,-0.0502203839552399,0.2587039715306527,3.2581697182610956
2024-10-24,2024-10-24 11:53:00,0.59,True,-0.0596538718452697,0.2572505937253216,3.250533480263202
2024-10-24,2024-10-24 11:54:00,0.59,True,-0.068623613661817,0.2540838301976393,3.2584453847448733
2024-10-24,2024-10-24 11:55:00,0.59,True,-0.0678722666319572,0.2558936733269092,3.2347622611195694
2024-10-24,2024-10-24 11:56:00,0.59,True,-0.064387499262249,0.2581752281575348,3.2052188818909384
2024-10-24,2024-10-24 11:57:00,0.59,True,-0.0657690380108302,0.2591966096523235,3.2095609911125424
2024-10-24,2024-10-24 11:58:00,0.59,False,-0.0788593281705214,0.2537689055587687,3.227726952462727
2024-10-24,2024-10-24 11:59:00,0.59,True,-0.097664563239566,0.2514265762188494,3.1993789479617187
2024-10-24,2024-10-24 12:00:00,0.59,True,-0.0903150018964076,0.2573495722781261,3.1586353403514194
2024-10-24,2024-10-24 12:01:00,0.59,False,-0.0963341208938312,0.2606621835123877,3.16174898932886
2024-10-24,2024-10-24 12:02:00,0.59,True,-0.0987201490222317,0.2591643478230736,3.164027430372738
2024-10-24,2024-10-24 12:03:00,0.59,False,-0.1033521527285666,0.2546152429213752,3.1933433220624097
2024-10-24,2024-10-24 12:04:00,0.59,True,-0.0945665570790552,0.259020789078794,3.1873983836504487
2024-10-24,2024-10-24 12:05:00,0.59,False,-0.1037717810001589,0.2548984231490849,3.2100967465572303
2024-10-24,2024-10-24 12:06:00,0.59,True,-0.0898094207486121,0.2579099220049279,3.2151091413874937
2024-10-24,2024-10-24 12:07:00,0.59,True,-0.0821735922334711,0.2592054599129308,3.2096664369667844
2024-10-24,2024-10-24 12:08:00,0.59,True,-0.086827542775429,0.2555171081079864,3.2263792707418357
2024-10-24,2024-10-24 12:09:00,0.59,True,-0.1007402301218402,0.2498167152824962,3.248426559963173
2024-10-24,2024-10-24 12:10:00,0.59,True,-0.1120671700981544,0.2473017624606457,3.2498160350524965
2024-10-24,2024-10-24 12:11:00,0.59,True,-0.1101087456598905,0.246919532203325,3.2765616236559447
2024-10-24,2024-10-24 12:12:00,0.59,True,-0.1085045779970872,0.2460280303909387,3.2747174685972076
2024-10-24,2024-10-24 12:13:00,0.59,True,-0.1023905362188663,0.2477407970599778,3.2784795404653453
2024-10-24,2024-10-24 12:14:00,0.59,True,-0.1002636045563815,0.2466163893089676,3.293959788329488
2024-10-24,2024-10-24 12:15:00,0.59,True,-0.1059849375009007,0.2440218657679241,3.3138979008499305
2024-10-24,2024-10-24 12:16:00,0.59,True,-0.1049453033208556,0.2449260665494911,3.3017540254823996
2024-10-24,2024-10-24 12:17:00,0.59,True,-0.1005239944584124,0.2479492239380966,3.277815385529323
2024-10-24,2024-10-24 12:18:00,0.59,True,-0.1006685842826747,0.2469703851092077,3.286536553296579
2024-10-24,2024-10-24 12:19:00,0.59,True,-0.1005621652593422,0.2465355639590757,3.285252012472214
2024-10-24,2024-10-24 12:20:00,0.59,True,-0.1008123059413448,0.2452444108828773,3.293046505581617
2024-10-24,2024-10-24 12:21:00,0.59,True,-0.1096563818952043,0.2411107053445869,3.315650809206393
2024-10-24,2024-10-24 12:22:00,0.59,True,-0.1097182042606015,0.2415243180092035,3.2985580553262865
2024-10-24,2024-10-24 12:23:00,0.59,True,-0.118987960060029,0.2401090375940576,3.2940346016556847
2024-10-24,2024-10-24 12:24:00,0.59,True,-0.1229909141587661,0.2373402921246388,3.3040525284874955
2024-10-24,2024-10-24 12:25:00,0.59,True,-0.116037666188208,0.2420418452664663,3.2899807461575414
2024-10-24,2024-10-24 12:26:00,0.59,True,-0.113273111516794,0.2447940675498668,3.2826175191021796
2024-10-24,2024-10-24 12:27:00,0.6,True,-0.1130951730162287,0.2453290459891158,3.2701862998903684
2024-10-24,2024-10-24 12:28:00,0.6,True,-0.114115295876257,0.2460252175508801,3.2427617075796915
2024-10-24,2024-10-24 12:29:00,0.595,True,-0.1171631448726858,0.2453436394837539,3.24025323536814
2024-10-24,2024-10-24 12:30:00,0.6,True,-0.120695811041424,0.2441460611896543,3.240247453342245
2024-10-24,2024-10-24 12:31:00,0.6,True,-0.1247893935748965,0.2437156982345236,3.247052723402207
2024-10-24,2024-10-24 12:32:00,0.6,True,-0.1306282276651841,0.2390712705827117,3.285836831828183
2024-10-24,2024-10-24 12:33:00,0.6,True,-0.1376901355575935,0.2365566729862802,3.3059240612467766
2024-10-24,2024-10-24 12:34:00,0.595,True,-0.1346068771065064,0.2399429559445786,3.283833128923068
2024-10-24,2024-10-24 12:35:00,0.6,True,-0.1285681073579372,0.2435770758865355,3.2620414839978142
2024-10-24,2024-10-24 12:36:00,0.6,True,-0.1285129935822209,0.2434588087776182,3.2709803498096064
2024-10-24,2024-10-24 12:37:00,0.6,True,-0.1317512134334265,0.2402556360915828,3.291700959566621
2024-10-24,2024-10-24 12:38:00,0.6,True,-0.1169918208343174,0.2451301916076003,3.272824414210186
2024-10-24,2024-10-24 12:39:00,0.6,True,-0.1278039370465606,0.242625938527627,3.269388106896351
2024-10-24,2024-10-24 12:40:00,0.6,True,-0.1300969134839363,0.2408891108416855,3.2811360879092004
2024-10-24,2024-10-24 12:41:00,0.6,True,-0.1326810187370737,0.2397907458752897,3.2982221205119884
2024-10-24,2024-10-24 12:42:00,0.595,True,-0.1254913533309005,0.2438392327921942,3.2798091490752435
2024-10-24,2024-10-24 12:43:00,0.6,True,-0.1295555279301828,0.2408742357254202,3.287410816807311
2024-10-24,2024-10-24 12:44:00,0.6,True,-0.1365954540673862,0.2381581837360603,3.3175572619257903
2024-10-24,2024-10-24 12:45:00,0.6,True,-0.1418562478367194,0.2373316752113256,3.322521331004119
2024-10-24,2024-10-24 12:46:00,0.6,True,-0.1356201433517904,0.2389536865228997,3.335835054069101
2024-10-24,2024-10-24 12:47:00,0.6,True,-0.1347471862946395,0.2408581469377375,3.3206803355296337
2024-10-24,2024-10-24 12:48:00,0.6,True,-0.1347847525869599,0.2441023647696249,3.2925984059071807
2024-10-24,2024-10-24 12:49:00,0.6,True,-0.1385589455266484,0.2425446119305032,3.301919796743119
2024-10-24,2024-10-24 12:50:00,0.6,True,-0.1401641114376929,0.2404924650928241,3.3100390630331513
2024-10-24,2024-10-24 12:51:00,0.6,True,-0.1409678930608823,0.2402975241773411,3.3002334199429155
2024-10-24,2024-10-24 12:52:00,0.6,True,-0.1351255086389987,0.2429109097723828,3.294764293988217
2024-10-24,2024-10-24 12:53:00,0.6,True,-0.1215204995604304,0.2467207067647669,3.2853350269422026
2024-10-24,2024-10-24 12:54:00,0.6,True,-0.1250631859459967,0.2447611493992237,3.29043893031532
2024-10-24,2024-10-24 12:55:00,0.6,False,-0.1250169848388646,0.2446826259280029,3.285897238138875
2024-10-24,2024-10-24 12:56:00,0.6,True,-0.1292486663523406,0.2438148310691686,3.292776702172964
2024-10-24,2024-10-24 12:57:00,0.6,True,-0.1327312791714596,0.2437718133807165,3.2885574754121913
2024-10-24,2024-10-24 12:58:00,0.6,True,-0.1386995180018057,0.2419137112199379,3.3052858663349114
2024-10-24,2024-10-24 12:59:00,0.6,True,-0.1372158697831967,0.2432516832862159,3.3011132902070273
2024-10-24,2024-10-24 13:00:00,0.6,True,-0.1339214680123533,0.2467199707019164,3.294290952341382
2024-10-24,2024-10-24 13:01:00,0.6,True,-0.1339857868705226,0.247717686426373,3.292690859898833
2024-10-24,2024-10-24 13:02:00,0.6,True,-0.1329567993554751,0.2486377749041813,3.2818966101471583
2024-10-24,2024-10-24 13:03:00,0.6,True,-0.1283937316263975,0.2500845345779276,3.2772501674050103
2024-10-24,2024-10-24 13:04:00,0.6,True,-0.1378504048635089,0.2467499234789557,3.2944306946801714
2024-10-24,2024-10-24 13:05:00,0.6,True,-0.1401330587678592,0.2473533171019109,3.299466231399504
2024-10-24,2024-10-24 13:06:00,0.6,True,-0.1449419200363228,0.2480613702410715,3.2858753542196446
2024-10-24,2024-10-24 13:07:00,0.6,True,-0.1453541402040936,0.2475833307895533,3.3020991180680443
2024-10-24,2024-10-24 13:08:00,0.6,True,-0.1551517574452708,0.2442096749924681,3.313751803856498
2024-10-24,2024-10-24 13:09:00,0.6,True,-0.1604049178541491,0.2401387464636194,3.3438015500672735
2024-10-24,2024-10-24 13:10:00,0.6,True,-0.1597343833095449,0.2394989486964532,3.36799541990725
2024-10-24,2024-10-24 13:11:00,0.6,True,-0.1565729476969763,0.2407789393529832,3.3693967300913887
2024-10-24,2024-10-24 13:12:00,0.6,True,-0.1532094421961073,0.2417492343257292,3.366210346882144
2024-10-24,2024-10-24 13:13:00,0.59,True,-0.1555277594451666,0.2402550527362414,3.3624101743057184
2024-10-24,2024-10-24 13:14:00,0.595,True,-0.1617862442456927,0.238305177204629,3.366970070036115
2024-10-24,2024-10-24 13:15:00,0.6,True,-0.1610037562124081,0.2373458547030703,3.374315567748951
2024-10-24,2024-10-24 13:16:00,0.6,True,-0.1643026817399107,0.2358371657991002,3.3823410733770984
2024-10-24,2024-10-24 13:17:00,0.6,True,-0.1603915304643969,0.236714609598839,3.391940762327267
2024-10-24,2024-10-24 13:18:00,0.6,True,-0.1556536492461229,0.2355316572421643,3.417657485820847
2024-10-24,2024-10-24 13:19:00,0.6,True,-0.156393294395174,0.2356185850805779,3.416793043277815
2024-10-24,2024-10-24 13:20:00,0.6,False,-0.1563335902015576,0.2378478472455577,3.3951379794087786
2024-10-24,2024-10-24 13:21:00,0.6,True,-0.1573889629292785,0.2381368396235018,3.4079986183903253
2024-10-24,2024-10-24 13:22:00,0.6,True,-0.1532226580906527,0.239962750763378,3.41135944023608
2024-10-24,2024-10-24 13:23:00,0.6,True,-0.1492793798141994,0.2409700502869991,3.4104824100605753
2024-10-24,2024-10-24 13:24:00,0.59,True,-0.1431561166314525,0.2431146037380611,3.399441022977539
2024-10-24,2024-10-24 13:25:00,0.6,True,-0.1375620095900935,0.2461268955440579,3.396275254497286
2024-10-24,2024-10-24 13:26:00,0.6,True,-0.1394897778760643,0.2444035152521347,3.4144144493642794
2024-10-24,2024-10-24 13:27:00,0.6,True,-0.136574765504183,0.2448057853321876,3.418325802997725
2024-10-24,2024-10-24 13:28:00,0.6,False,-0.1322237440049888,0.2462490490439399,3.406361701641331
2024-10-24,2024-10-24 13:29:00,0.6,True,-0.128653820864289,0.2489225088563283,3.399601148144478
2024-10-24,2024-10-24 13:30:00,0.6,True,-0.13390884950262,0.249059214994119,3.389825197421849
2024-10-24,2024-10-24 13:31:00,0.6,True,-0.1341251774744398,0.2498663011951587,3.380331245736172
2024-10-24,2024-10-24 13:32:00,0.6,True,-0.1267258747330693,0.2563189493114391,3.3403279552365337
2024-10-24,2024-10-24 13:33:00,0.6,True,-0.1265452000081251,0.2576490761557044,3.329935952173313
2024-10-24,2024-10-24 13:34:00,0.6,True,-0.1258240964535018,0.2567802989033131,3.338303553377928
2024-10-24,2024-10-24 13:35:00,0.6,True,-0.1317672581085781,0.2541704982335958,3.3548619873463568
2024-10-24,2024-10-24 13:36:00,0.6,True,-0.1359653273118697,0.2515934595305172,3.3794210460785123
2024-10-24,2024-10-24 13:37:00,0.6,True,-0.1375682072846032,0.2513903580109712,3.3791223602860736
2024-10-24,2024-10-24 13:38:00,0.6,True,-0.138030155375913,0.2509883491800608,3.384519758360584
2024-10-24,2024-10-24 13:39:00,0.6,True,-0.1384478937095519,0.2517059503522568,3.381080098817813
2024-10-24,2024-10-24 13:40:00,0.6,True,-0.1412929143212224,0.2512850442365791,3.3635201123305287
2024-10-24,2024-10-24 13:41:00,0.595,True,-0.1439863179697948,0.2490618101030944,3.382083749466222
2024-10-24,2024-10-24 13:42:00,0.6,True,-0.1360909217170229,0.2514206074504065,3.3689189681346163
2024-10-24,2024-10-24 13:43:00,0.6,True,-0.139026339302361,0.2517519466397865,3.3500194059464885
2024-10-24,2024-10-24 13:44:00,0.6,True,-0.1401583963266648,0.2521422465096118,3.353209875154291
2024-10-24,2024-10-24 13:45:00,0.6,True,-0.1450774839165545,0.2512666126826189,3.3496351900238737
2024-10-24,2024-10-24 13:46:00,0.6,True,-0.1493817779872895,0.2505354197214634,3.345668265212842
2024-10-24,2024-10-24 13:47:00,0.6,True,-0.1488828919062564,0.2505024717605403,3.337476255466069
2024-10-24,2024-10-24 13:48:00,0.6,True,-0.1554597240749904,0.2464605632010812,3.3513815422201505
2024-10-24,2024-10-24 13:49:00,0.6,True,-0.1470216629713023,0.2501527030787897,3.3297491501496337
2024-10-24,2024-10-24 13:50:00,0.6,True,-0.1422640410420344,0.2500652602299968,3.3125193831709594
2024-10-24,2024-10-24 13:51:00,0.6,True,-0.143137391976925,0.2489328813462133,3.309622844506112
2024-10-24,2024-10-24 13:52:00,0.6,True,-0.1402337846512184,0.2501788816523785,3.290813860802049
2024-10-24,2024-10-24 13:53:00,0.6,True,-0.1389394684060331,0.2518207285535215,3.279173549689415
2024-10-24,2024-10-24 13:54:00,0.6,True,-0.1485820756590309,0.2467214720040867,3.3051860751558553
2024-10-24,2024-10-24 13:55:00,0.6,True,-0.1553101394013692,0.2454443895943819,3.3033880929660904
2024-10-24,2024-10-24 13:56:00,0.6,True,-0.1579165158474079,0.2460968239960228,3.2859616398819687
2024-10-24,2024-10-24 13:57:00,0.6,True,-0.1564891865452993,0.2465575175856654,3.289316619240235
2024-10-24,2024-10-24 13:58:00,0.6,True,-0.1515726075431525,0.2490985864847238,3.3094176808820026
2024-10-24,2024-10-24 13:59:00,0.6,True,-0.1469616875890237,0.2514712996521855,3.311281072044957
2024-10-24,2024-10-24 14:00:00,0.6,True,-0.1408346713963174,0.2524790681000644,3.311886609230768
2024-10-24,2024-10-24 14:01:00,0.6,True,-0.1397241102197611,0.2515348415797044,3.288994656655869
2024-10-24,2024-10-24 14:02:00,0.6,True,-0.1381226427331319,0.253571155360445,3.2600452080642235
2024-10-24,2024-10-24 14:03:00,0.6,True,-0.1360246748589826,0.2546259633433579,3.2674510172864246
2024-10-24,2024-10-24 14:04:00,0.6,True,-0.1338787308216117,0.2560197602366155,3.269565317939877
2024-10-24,2024-10-24 14:05:00,0.6,True,-0.1404088055597445,0.2537345804244905,3.2731271212594053
2024-10-24,2024-10-24 14:06:00,0.6,True,-0.1377500734751646,0.2545018823636269,3.2608421759302715
2024-10-24,2024-10-24 14:07:00,0.6,True,-0.1407309236625032,0.2552779866221359,3.255951333793643
2024-10-24,2024-10-24 14:08:00,0.6,True,-0.1388404918554809,0.2571330851782049,3.2524618668679555
2024-10-24,2024-10-24 14:09:00,0.6,True,-0.1392546020091726,0.2551203999600961,3.270252214444481
2024-10-24,2024-10-24 14:10:00,0.6,True,-0.1342662986420776,0.2576371212435563,3.2665964694704943
2024-10-24,2024-10-24 14:11:00,0.6,True,-0.1339575627426369,0.2565177698212335,3.284549997897348
2024-10-24,2024-10-24 14:12:00,0.6,True,-0.1364186091519746,0.2563034198045265,3.271326679819886
2024-10-24,2024-10-24 14:13:00,0.6,True,-0.1346009181873181,0.2569027062475566,3.28231877708792
2024-10-24,2024-10-24 14:14:00,0.6,True,-0.1421234227067778,0.2560936789930781,3.2850555812895306
2024-10-24,2024-10-24 14:15:00,0.6,True,-0.1432793819702074,0.2560111261334533,3.2879150432628443
2024-10-24,2024-10-24 14:16:00,0.6,True,-0.1431389804221234,0.2556710883573742,3.286364454862648
2024-10-24,2024-10-24 14:17:00,0.6,True,-0.1362501103444167,0.2580436301373213,3.282693448109661
2024-10-24,2024-10-24 14:18:00,0.595,True,-0.1296232771920941,0.261191388240457,3.264320710441303
2024-10-24,2024-10-24 14:19:00,0.6,True,-0.1307752614945337,0.2615855485702099,3.2622104483780205
2024-10-24,2024-10-24 14:20:00,0.6,False,-0.1325561782976871,0.2627546840083278,3.2552967785825606
2024-10-24,2024-10-24 14:21:00,0.6,True,-0.1328788303881526,0.2627864965049644,3.2756709436023037
2024-10-24,2024-10-24 14:22:00,0.6,True,-0.1357605437168953,0.2620917626595185,3.2797509886842486
2024-10-24,2024-10-24 14:23:00,0.6,True,-0.1340557537476037,0.2628467921359255,3.282398202712667
2024-10-24,2024-10-24 14:24:00,0.6,True,-0.1406716614482058,0.26245356966291,3.2886543221185875
2024-10-24,2024-10-24 14:25:00,0.6,True,-0.1430406459263339,0.2630186826557222,3.2844521654252343
2024-10-24,2024-10-24 14:26:00,0.6,True,-0.1375276507325385,0.2659513500980301,3.2608223083433105
2024-10-24,2024-10-24 14:27:00,0.6,True,-0.1238062114032588,0.269780514663867,3.277912460591761
2024-10-24,2024-10-24 14:28:00,0.6,True,-0.1230558767135552,0.271812221909154,3.257111436262444
2024-10-24,2024-10-24 14:29:00,0.6,False,-0.1158774957216354,0.2742344775697093,3.2529281378621517
2024-10-24,2024-10-24 14:30:00,0.6,True,-0.1203907316248614,0.2729701243856812,3.2511387311764364
2024-10-24,2024-10-24 14:31:00,0.6,True,-0.1146659623174929,0.2737939083007392,3.241585495391954
2024-10-24,2024-10-24 14:32:00,0.6,True,-0.1186891148561521,0.2720859229868711,3.255356545225096
2024-10-24,2024-10-24 14:33:00,0.6,True,-0.1053459086951406,0.2783903053027207,3.225299846671452
2024-10-24,2024-10-24 14:34:00,0.6,True,-0.0986701558493213,0.2807416336108465,3.21278047111578
2024-10-24,2024-10-24 14:35:00,0.6,True,-0.0994814212615062,0.2816328374591268,3.204776899521202
2024-10-24,2024-10-24 14:36:00,0.595,True,-0.0981133828278901,0.2827095375443131,3.2060734356570184
2024-10-24,2024-10-24 14:37:00,0.6,True,-0.0986001746787449,0.2803196032653073,3.2302932196226957
2024-10-24,2024-10-24 14:38:00,0.6,True,-0.0985685666717503,0.281428623980608,3.215411011460475
2024-10-24,2024-10-24 14:39:00,0.6,False,-0.0964101461148178,0.2828118233937031,3.2164030045215877
2024-10-24,2024-10-24 14:40:00,0.6,True,-0.0853225676617124,0.2853357051055644,3.214444954918824
2024-10-24,2024-10-24 14:41:00,0.6,True,-0.0956389907096685,0.281751395604465,3.222969988520579
2024-10-24,2024-10-24 14:42:00,0.6,True,-0.0900168335391587,0.2855476834075368,3.208136352134624
2024-10-24,2024-10-24 14:43:00,0.6,True,-0.0932147792783207,0.2842029888681252,3.215068781705477
2024-10-24,2024-10-24 14:44:00,0.6,True,-0.0976516472860805,0.2823789903640568,3.2188632275369047
2024-10-24,2024-10-24 14:45:00,0.6,True,-0.1024913959273662,0.2804475125631934,3.2186436342853133
2024-10-24,2024-10-24 14:46:00,0.6,True,-0.1031930882966653,0.2804833915131531,3.221621229683618
2024-10-24,2024-10-24 14:47:00,0.6,True,-0.1062048503789985,0.2803935989556027,3.219872852745929
2024-10-24,2024-10-24 14:48:00,0.595,True,-0.1064251773737348,0.2811795221830315,3.215497252790985
2024-10-24,2024-10-24 14:49:00,0.6,True,-0.11645982446622,0.2807022143548328,3.2060172119085624
2024-10-24,2024-10-24 14:50:00,0.6,True,-0.1180753795584533,0.2820346576801055,3.1825216905951397
2024-10-24,2024-10-24 14:51:00,0.6,True,-0.1244125673118867,0.276783115957787,3.215970056981745
2024-10-24,2024-10-24 14:52:00,0.6,True,-0.1273932357706839,0.2725743807923075,3.2433652021312898
2024-10-24,2024-10-24 14:53:00,0.6,True,-0.1217333949055375,0.2747663626592877,3.2307007810114956
2024-10-24,2024-10-24 14:54:00,0.6,True,-0.1255330942867532,0.2723339142129283,3.253988140733453
2024-10-24,2024-10-24 14:55:00,0.6,True,-0.123539820963924,0.2720695435342088,3.253535060618141
2024-10-24,2024-10-24 14:56:00,0.6,True,-0.1248911333407439,0.2694298181639285,3.26710761696187
2024-10-24,2024-10-24 14:57:00,0.6,True,-0.1193399163032607,0.2730994603772819,3.2371520873023436
2024-10-24,2024-10-24 14:58:00,0.6,True,-0.1180817678577049,0.2711506727855736,3.243629479320086
2024-10-24,2024-10-24 14:59:00,0.59,True,-0.1187675129246374,0.2687660764017771,3.252787996958248
2024-10-24,2024-10-24 15:00:00,0.6,True,-0.1105598438541686,0.2730873397509983,3.2265310466084864
2024-10-24,2024-10-24 15:01:00,0.6,True,-0.1025117861503836,0.276130820119737,3.2220796959077656
2024-10-24,2024-10-24 15:02:00,0.6,True,-0.1010199754207811,0.276619760237775,3.212766134641555
2024-10-24,2024-10-24 15:03:00,0.6,True,-0.0925032212432013,0.2803020669146007,3.191467614062252
2024-10-24,2024-10-24 15:04:00,0.6,True,-0.0908275775741042,0.2821708427322269,3.171743039353447
2024-10-24,2024-10-24 15:05:00,0.6,True,-0.0898921196714655,0.283047648622698,3.161873321791876
2024-10-24,2024-10-24 15:06:00,0.6,True,-0.0895917277816841,0.2859151178717897,3.144563485076839
2024-10-24,2024-10-24 15:07:00,0.6,True,-0.0954287003878546,0.2871986245863234,3.1361478792938664
2024-10-24,2024-10-24 15:08:00,0.6,True,-0.104129609563277,0.282402745920361,3.1603885592531444
2024-10-24,2024-10-24 15:09:00,0.6,False,-0.1036536241822592,0.2820538315129345,3.1651318952844645
2024-10-24,2024-10-24 15:10:00,0.6,True,-0.1021935201826175,0.2811072118529476,3.1774981565929563
2024-10-24,2024-10-24 15:11:00,0.6,True,-0.096021345162398,0.2834357619258492,3.167749522693877
2024-10-24,2024-10-24 15:12:00,0.6,True,-0.0963609614808203,0.281275756583648,3.191829040250843
2024-10-24,2024-10-24 15:13:00,0.6,True,-0.0935718487315234,0.2815876943930607,3.1989458749761206
2024-10-24,2024-10-24 15:14:00,0.6,True,-0.0969816607351986,0.2800973759446686,3.208778588977459
2024-10-24,2024-10-24 15:15:00,0.6,True,-0.1045740264198057,0.2774371374892539,3.2192972898218626
2024-10-24,2024-10-24 15:16:00,0.6,True,-0.1137215555280098,0.275093748468904,3.223670585338262
2024-10-24,2024-10-24 15:17:00,0.6,True,-0.1109864696883199,0.2754398170155833,3.2389790724397387
2024-10-24,2024-10-24 15:18:00,0.6,True,-0.1147321443551913,0.2736433633513625,3.2678803291233933
2024-10-24,2024-10-24 15:19:00,0.6,True,-0.1176891629024749,0.2691433081983146,3.3067666431389093
2024-10-24,2024-10-24 15:20:00,0.6,True,-0.121666964217948,0.2696779152021389,3.284274327010433
2024-10-24,2024-10-24 15:21:00,0.6,True,-0.1200950499464463,0.2721972833020326,3.273674546941677
2024-10-24,2024-10-24 15:22:00,0.6,False,-0.1294692214781421,0.267359580466215,3.299734466941964
2024-10-24,2024-10-24 15:23:00,0.6,False,-0.131138157577608,0.2673895335670146,3.3101535706385063
2024-10-24,2024-10-24 15:24:00,0.6,True,-0.1250897348842269,0.2693126453176624,3.308396176767422
2024-10-24,2024-10-24 15:25:00,0.6,True,-0.1210992444614283,0.2710759708352968,3.2914630109879757
2024-10-24,2024-10-24 15:26:00,0.6,True,-0.1144214384885063,0.2742319133015723,3.271910099092268
2024-10-24,2024-10-24 15:27:00,0.6,True,-0.1096780914556965,0.2750832618065366,3.27493403193489
2024-10-24,2024-10-24 15:28:00,0.59,True,-0.1067747907124351,0.2753432482226948,3.2822368211679462
2024-10-24,2024-10-24 15:29:00,0.6,True,-0.1034781300323773,0.2764989476327523,3.28080266570165
2024-10-24,2024-10-24 15:30:00,0.6,True,-0.1024807851928721,0.2761045599002719,3.276474958408436
2024-10-24,2024-10-24 15:31:00,0.6,True,-0.1062181616363482,0.2766661137272893,3.249041508036067
2024-10-24,2024-10-24 15:32:00,0.6,True,-0.1167054121639496,0.2741683765918601,3.251408565481969
2024-10-24,2024-10-24 15:33:00,0.6,True,-0.1205958601998287,0.2718370764813508,3.2626016608272583
2024-10-24,2024-10-24 15:34:00,0.6,True,-0.1139907882142608,0.2749438382397658,3.2398697710844577
2024-10-24,2024-10-24 15:35:00,0.6,True,-0.110363686176407,0.2779869885692294,3.210986881578883
2024-10-24,2024-10-24 15:36:00,0.6,True,-0.1047243180513045,0.2788590513556442,3.215824603968901
2024-10-24,2024-10-24 15:37:00,0.6,True,-0.1019490320456188,0.2797058334491511,3.2081569108694494
2024-10-24,2024-10-24 15:38:00,0.6,True,-0.1117223040938499,0.2772036832043969,3.213450797947254
2024-10-24,2024-10-24 15:39:00,0.6,True,-0.1172248371224743,0.2744262501131724,3.227208269852211
2024-10-24,2024-10-24 15:40:00,0.6,True,-0.1125528221194728,0.2758807645012512,3.226786014685375
2024-10-24,2024-10-24 15:41:00,0.6,True,-0.096365651701217,0.281567613681148,3.206558062130649
2024-10-24,2024-10-24 15:42:00,0.6,True,-0.0959170100077096,0.2799962788566916,3.2200789723314345
2024-10-24,2024-10-24 15:43:00,0.6,True,-0.0991789389080428,0.2787906036775862,3.2310269756887884
2024-10-24,2024-10-24 15:44:00,0.6,True,-0.1038297551279145,0.2759249455586385,3.2494228934462512
2024-10-24,2024-10-24 15:45:00,0.6,True,-0.1040078605242452,0.2768962029884475,3.2454533871951816
2024-10-24,2024-10-24 15:46:00,0.6,True,-0.101192136806188,0.2792061468771969,3.236934912551057
2024-10-24,2024-10-24 15:47:00,0.595,True,-0.098383269327491,0.2772237570871315,3.260400320787628
2024-10-24,2024-10-24 15:48:00,0.6,True,-0.1123861003548193,0.2710598630035984,3.2944847462339366
2024-10-24,2024-10-24 15:49:00,0.6,True,-0.1116760875275542,0.2720841618331225,3.294527744397395
2024-10-24,2024-10-24 15:50:00,0.6,True,-0.1053028321132382,0.2740023893737083,3.2937035438756914
2024-10-24,2024-10-24 15:51:00,0.6,True,-0.1100160183702217,0.2717875883159746,3.3133020843475403
2024-10-24,2024-10-24 15:52:00,0.6,True,-0.1139247534011129,0.2682291474137795,3.341021542148874
2024-10-24,2024-10-24 15:53:00,0.6,True,-0.1273814278959408,0.2600814638369933,3.3890196763256113
2024-10-24,2024-10-24 15:54:00,0.6,True,-0.1213061742138427,0.2623489425383998,3.3944042533008365
2024-10-24,2024-10-24 15:55:00,0.6,True,-0.1240964531654305,0.2587385222422655,3.422922645587698
2024-10-24,2024-10-24 15:56:00,0.6,True,-0.1184018675308006,0.2607295530199797,3.431599252489045
2024-10-24,2024-10-24 15:57:00,0.6,True,-0.1226096576882684,0.2574149749790254,3.4732117764715085
2024-10-24,2024-10-24 15:58:00,0.6,True,-0.1240143336431284,0.258544126693857,3.4878282599333548
2024-10-24,2024-10-24 15:59:00,0.6,True,-0.1289037222247176,0.2566217083406558,3.4914324587653627
2024-10-24,2024-10-24 16:00:00,0.6,True,-0.1270774222083788,0.2580175975557733,3.496577958469401
2024-10-25,2024-10-25 09:31:00,0.62,True,-0.1290411531383857,0.2951352278949192,3.2488896103683915
2024-10-25,2024-10-25 09:32:00,0.62,True,-0.0943356055466586,0.3242966683992442,3.0461619063124536
2024-10-25,2024-10-25 09:33:00,0.62,True,-0.127094484992835,0.3144149712783455,3.0207222099372775
2024-10-25,2024-10-25 09:34:00,0.62,True,-0.1373637427568722,0.3199778342195467,2.983643999790457
2024-10-25,2024-10-25 09:36:00,0.62,True,-0.2114953982100956,0.298047470030169,2.8768308478449423
2024-10-25,2024-10-25 09:37:00,0.61,True,-0.2257961044442901,0.2984805628699322,2.8129329616841567
2024-10-25,2024-10-25 09:38:00,0.62,True,-0.2086174741330982,0.2989839512458661,2.8289356185887136
2024-10-25,2024-10-25 09:39:00,0.62,False,-0.2071122906657801,0.2962881491450789,2.8143982657735687
2024-10-25,2024-10-25 09:40:00,0.615,True,-0.2121454011396942,0.2915594931878684,2.804450638498935
2024-10-25,2024-10-25 09:41:00,0.62,True,-0.2106675629387395,0.2924027180314351,2.782848915157361
2024-10-25,2024-10-25 09:42:00,0.62,True,-0.211777028609871,0.2878564289655635,2.778436786235545
2024-10-25,2024-10-25 09:43:00,0.62,True,-0.2278214624342499,0.2871348942110265,2.782974666410172
2024-10-25,2024-10-25 09:44:00,0.62,True,-0.2459371863406151,0.2815425509831233,2.7890452890030017
2024-10-25,2024-10-25 09:45:00,0.62,True,-0.2565765650865075,0.2824455426188168,2.7737583880279986
2024-10-25,2024-10-25 09:46:00,0.62,True,-0.26266550016814,0.2814261481621536,2.783810122625088
2024-10-25,2024-10-25 09:47:00,0.62,True,-0.2548769256927141,0.2881967273331761,2.780172548267274
2024-10-25,2024-10-25 09:48:00,0.62,True,-0.2840708276179894,0.2767849468003642,2.799973780859433
2024-10-25,2024-10-25 09:49:00,0.62,True,-0.2917048917794293,0.2739774929659159,2.8094523818534465
2024-10-25,2024-10-25 09:50:00,0.62,True,-0.2778811997394302,0.2810310041686448,2.799434220621672
2024-10-25,2024-10-25 09:51:00,0.62,True,-0.2672765913737381,0.2846357526374427,2.7725778233383394
2024-10-25,2024-10-25 09:52:00,0.62,True,-0.2333191635070388,0.2933608004304072,2.758247479132607
2024-10-25,2024-10-25 09:53:00,0.62,True,-0.2584953969459658,0.2847372904973433,2.802357226044585
2024-10-25,2024-10-25 09:54:00,0.62,True,-0.2590641413857059,0.2845439954298377,2.80829640152363
2024-10-25,2024-10-25 09:55:00,0.62,True,-0.2901177190297438,0.2686346929140985,2.908365496087183
2024-10-25,2024-10-25 09:56:00,0.62,True,-0.2885203467007975,0.2667249031111527,2.917763921299326
2024-10-25,2024-10-25 09:57:00,0.62,True,-0.3090963995840264,0.2564224113660086,2.989387610247549
2024-10-25,2024-10-25 09:58:00,0.62,True,-0.3223566715498582,0.2532888046564215,2.995859376394367
2024-10-25,2024-10-25 09:59:00,0.62,True,-0.3212442945558203,0.252905851458277,3.005201338153036
2024-10-25,2024-10-25 10:00:00,0.62,True,-0.3147850658280616,0.2566588430515871,2.982060325473228
2024-10-25,2024-10-25 10:01:00,0.62,True,-0.3177276173404897,0.2512657451619112,3.0031604963686296
2024-10-25,2024-10-25 10:02:00,0.62,True,-0.3442285906837841,0.2510063274160568,2.931183174499602
2024-10-25,2024-10-25 10:03:00,0.62,True,-0.3315996394063626,0.256758889950387,2.920762934837386
2024-10-25,2024-10-25 10:04:00,0.62,True,-0.3149799338421937,0.2628296363315114,2.9045933648172193
2024-10-25,2024-10-25 10:05:00,0.615,True,-0.304842315379708,0.259648276633434,2.94128075759379
2024-10-25,2024-10-25 10:06:00,0.62,True,-0.289251406845014,0.2590491470424227,2.9544159714732623
2024-10-25,2024-10-25 10:07:00,0.62,True,-0.2797795935711341,0.2633475173433227,2.909019199118389
2024-10-25,2024-10-25 10:08:00,0.62,True,-0.2856424152887116,0.2617071010891248,2.9265915845486177
2024-10-25,2024-10-25 10:09:00,0.62,True,-0.2800693484417515,0.2614701576393836,2.9675519500881977
2024-10-25,2024-10-25 10:10:00,0.62,False,-0.2718137124012413,0.2643008242199856,2.958986990949139
2024-10-25,2024-10-25 10:11:00,0.62,True,-0.2786619142979092,0.2670447474931652,2.867117495131407
2024-10-25,2024-10-25 10:12:00,0.62,True,-0.2990932543469901,0.2609151053053435,2.9017071737084925
2024-10-25,2024-10-25 10:13:00,0.62,True,-0.2995090384531865,0.2575615984019285,2.9763970340059105
2024-10-25,2024-10-25 10:14:00,0.62,True,-0.308808674472101,0.2544762546407355,2.9891885112522525
2024-10-25,2024-10-25 10:15:00,0.62,True,-0.3019356447177578,0.2563960188004969,3.0117542168185505
2024-10-25,2024-10-25 10:16:00,0.615,True,-0.2934317327246715,0.2619534240748079,2.981616142784738
2024-10-25,2024-10-25 10:17:00,0.62,True,-0.2856766039165077,0.2649020920951934,2.9886561943564005
2024-10-25,2024-10-25 10:18:00,0.62,True,-0.2697044918232474,0.2685390359876024,2.9772719786286825
2024-10-25,2024-10-25 10:19:00,0.62,True,-0.2607260305253112,0.2700166908652106,2.979259459122535
2024-10-25,2024-10-25 10:20:00,0.62,True,-0.260288770433638,0.2726621729245641,2.9384735318307076
2024-10-25,2024-10-25 10:21:00,0.62,True,-0.2835428765619108,0.2648976156968203,2.9542275186156552
2024-10-25,2024-10-25 10:22:00,0.62,True,-0.2915740254155418,0.2643338214951828,2.9163945315844773
2024-10-25,2024-10-25 10:23:00,0.62,True,-0.2925855039307763,0.2663674411025574,2.8637914138238076
2024-10-25,2024-10-25 10:24:00,0.62,True,-0.2938921783779866,0.2669460365267661,2.849268635558051
2024-10-25,2024-10-25 10:25:00,0.62,True,-0.2895821783693695,0.2664352660780256,2.8659230954597943
2024-10-25,2024-10-25 10:26:00,0.62,True,-0.3039652470739066,0.2611942927663103,2.900207540558489
2024-10-25,2024-10-25 10:27:00,0.62,True,-0.2963212458403512,0.2623179936539968,2.928183273182477
2024-10-25,2024-10-25 10:28:00,0.62,True,-0.3130865817563997,0.2539432548437556,2.9626533507288544
2024-10-25,2024-10-25 10:29:00,0.62,True,-0.3322113330844315,0.2524849382262274,2.920733690921408
2024-10-25,2024-10-25 10:30:00,0.62,True,-0.3219193251073215,0.2572894360955345,2.8904549817953433
2024-10-25,2024-10-25 10:31:00,0.62,True,-0.3182026382115957,0.2609627052306006,2.8833386669048027
2024-10-25,2024-10-25 10:32:00,0.62,True,-0.3040568080269315,0.2660067925016153,2.879513699565658
2024-10-25,2024-10-25 10:33:00,0.62,True,-0.3029256626809888,0.2679863891966464,2.8579746020904215
2024-10-25,2024-10-25 10:34:00,0.62,True,-0.2909692607987557,0.2718952356655609,2.870204731164705
2024-10-25,2024-10-25 10:35:00,0.62,True,-0.2940893792671851,0.2717226296096591,2.8727132899768075
2024-10-25,2024-10-25 10:36:00,0.62,True,-0.288253802071878,0.2752763252495397,2.860909868531137
2024-10-25,2024-10-25 10:37:00,0.62,True,-0.2790543941733642,0.2781047627253278,2.861382617575997
2024-10-25,2024-10-25 10:38:00,0.62,True,-0.275084716963042,0.2796758086788131,2.868380368352226
2024-10-25,2024-10-25 10:39:00,0.62,False,-0.2688871313229214,0.2895262415447228,2.817750025749551
2024-10-25,2024-10-25 10:40:00,0.62,True,-0.2549412150691685,0.2910859936728027,2.8320693129235748
2024-10-25,2024-10-25 10:41:00,0.62,True,-0.2755880653923451,0.284428172279266,2.8343763436844407
2024-10-25,2024-10-25 10:42:00,0.62,True,-0.2739716077251633,0.2834978164082213,2.8585983892344857
2024-10-25,2024-10-25 10:43:00,0.62,True,-0.2706206362276415,0.2809389459408908,2.8808240851626077
2024-10-25,2024-10-25 10:44:00,0.62,True,-0.2707141082475764,0.279303139047914,2.894304145256753
2024-10-25,2024-10-25 10:45:00,0.62,True,-0.2685606847195115,0.2791559741314014,2.904076931432731
2024-10-25,2024-10-25 10:46:00,0.62,True,-0.2694965619771669,0.28343318166533,2.8821144727938792
2024-10-25,2024-10-25 10:47:00,0.62,True,-0.2668023902729549,0.2791776772267695,2.9115567842545
2024-10-25,2024-10-25 10:48:00,0.62,True,-0.2710399016619549,0.2786324910291154,2.907455549438109
2024-10-25,2024-10-25 10:49:00,0.62,True,-0.2622200262297974,0.2790540026324973,2.9044954059707577
2024-10-25,2024-10-25 10:50:00,0.62,True,-0.247067555373659,0.2856726508866825,2.897274593507393
2024-10-25,2024-10-25 10:51:00,0.62,True,-0.2624436450872661,0.2801554905382362,2.884164955568255
2024-10-25,2024-10-25 10:52:00,0.62,True,-0.25482028810056,0.2832110016303808,2.8612936200509704
2024-10-25,2024-10-25 10:53:00,0.62,True,-0.2692311695273122,0.2777661487659785,2.862070316015631
2024-10-25,2024-10-25 10:54:00,0.62,True,-0.2753295936489839,0.2750880781790289,2.8793552490314287
2024-10-25,2024-10-25 10:55:00,0.62,False,-0.2818171356170557,0.2724953154374537,2.8859086777264253
2024-10-25,2024-10-25 10:56:00,0.62,True,-0.2897110118475605,0.2700486905698799,2.894343174062807
2024-10-25,2024-10-25 10:57:00,0.62,True,-0.2862552262857559,0.2703720199547418,2.884441841228222
2024-10-25,2024-10-25 10:58:00,0.62,True,-0.2879466019362955,0.2665275199262997,2.90149757262855
2024-10-25,2024-10-25 10:59:00,0.62,True,-0.2962770740313615,0.2637475382750164,2.9029518339606852
2024-10-25,2024-10-25 11:00:00,0.62,True,-0.3050223578110188,0.2637978234593437,2.8658020428254707
2024-10-25,2024-10-25 11:01:00,0.62,True,-0.3065051758467198,0.2638946987250974,2.851015006675461
2024-10-25,2024-10-25 11:02:00,0.62,True,-0.3117622956476544,0.2598469958721365,2.875289187415882
2024-10-25,2024-10-25 11:03:00,0.62,True,-0.3042789316099927,0.2619632087553682,2.869360576000985
2024-10-25,2024-10-25 11:04:00,0.62,True,-0.2911973764087542,0.2659025620511254,2.839260936590682
2024-10-25,2024-10-25 11:05:00,0.62,False,-0.3000973542800763,0.2663326499973151,2.8010896734327075
2024-10-25,2024-10-25 11:06:00,0.62,True,-0.3118822314922432,0.2611338629729907,2.79494702575131
2024-10-25,2024-10-25 11:07:00,0.62,True,-0.3121502298837805,0.2607166733343727,2.7734819871025715
2024-10-25,2024-10-25 11:08:00,0.62,True,-0.3105515034169488,0.2603780419678285,2.773728956596602
2024-10-25,2024-10-25 11:09:00,0.61,True,-0.3046075662833689,0.26013502309133,2.7920018975202465
2024-10-25,2024-10-25 11:10:00,0.615,True,-0.2996621935111718,0.2611435719183533,2.792700547973751
2024-10-25,2024-10-25 11:11:00,0.62,True,-0.2949214651405257,0.2629806400734572,2.8038679839292433
2024-10-25,2024-10-25 11:12:00,0.62,True,-0.3099141696011184,0.2574342824330287,2.823256361768532
2024-10-25,2024-10-25 11:13:00,0.62,True,-0.3047240283475371,0.2593962003889838,2.828158820809286
2024-10-25,2024-10-25 11:14:00,0.62,True,-0.3333685353361221,0.2499875639721263,2.8442944330661057
2024-10-25,2024-10-25 11:15:00,0.62,True,-0.3469638120642335,0.244822096306215,2.8579004879556704
2024-10-25,2024-10-25 11:16:00,0.62,True,-0.3527349160002276,0.2454964606096781,2.8415456260133687
2024-10-25,2024-10-25 11:17:00,0.62,True,-0.3445097243028487,0.2507821822857409,2.807957306218796
2024-10-25,2024-10-25 11:18:00,0.62,True,-0.3424295756626273,0.2515054678662676,2.798951942544117
2024-10-25,2024-10-25 11:19:00,0.615,True,-0.3473206982369951,0.2504702229822315,2.7934764749623833
2024-10-25,2024-10-25 11:20:00,0.62,True,-0.3490966609419038,0.2505191681696592,2.782331880156968
2024-10-25,2024-10-25 11:21:00,0.61,True,-0.3480427763219528,0.2533334587966823,2.751973862335227
2024-10-25,2024-10-25 11:22:00,0.62,True,-0.3467030476611062,0.2550040141082756,2.743733906621778
2024-10-25,2024-10-25 11:23:00,0.62,True,-0.3357173235420832,0.255750664534262,2.7477602286996654
2024-10-25,2024-10-25 11:24:00,0.62,True,-0.3263055193605162,0.2583938343487976,2.7385965275719975
2024-10-25,2024-10-25 11:25:00,0.62,True,-0.3362071502136419,0.2540127906121098,2.7469556102053048
2024-10-25,2024-10-25 11:26:00,0.62,True,-0.3409970990991667,0.2531896545592773,2.7289512006049943
2024-10-25,2024-10-25 11:27:00,0.62,True,-0.3285729102052253,0.2599574499341994,2.710516489914556
2024-10-25,2024-10-25 11:28:00,0.62,True,-0.3246447696633831,0.2592196916185127,2.7329119303499803
2024-10-25,2024-10-25 11:29:00,0.62,True,-0.3039526385885949,0.2657614239302577,2.7110908309358273
2024-10-25,2024-10-25 11:30:00,0.62,True,-0.2819230774717837,0.2726741299139353,2.7089345288046336
2024-10-25,2024-10-25 11:31:00,0.62,True,-0.2926202454820392,0.2725455685433572,2.687471662703633
2024-10-25,2024-10-25 11:32:00,0.62,True,-0.3014417268442266,0.2697788670537908,2.691584976324328
2024-10-25,2024-10-25 11:33:00,0.62,True,-0.3266984208747975,0.260064496783874,2.7221021656197353
2024-10-25,2024-10-25 11:34:00,0.62,True,-0.3204855912266852,0.2604847270582838,2.719937601388575
2024-10-25,2024-10-25 11:35:00,0.62,True,-0.3224084612027295,0.2604901206292103,2.711090321426984
2024-10-25,2024-10-25 11:36:00,0.62,True,-0.3204501333448669,0.2620798002347115,2.701083876243125
2024-10-25,2024-10-25 11:37:00,0.62,False,-0.3176617931184612,0.2646278038261919,2.693980493680768
2024-10-25,2024-10-25 11:38:00,0.62,True,-0.3089150821478796,0.2743303290047727,2.6188128211529977
2024-10-25,2024-10-25 11:39:00,0.62,True,-0.3063299445067793,0.2735688877915775,2.643150477199318
2024-10-25,2024-10-25 11:40:00,0.615,True,-0.3015296433342281,0.2748099753392554,2.651903523204203
2024-10-25,2024-10-25 11:41:00,0.62,True,-0.3151298462600894,0.2703162028306333,2.6374820246351036
2024-10-25,2024-10-25 11:42:00,0.62,True,-0.3142847658841,0.2701216783011088,2.6328896604372827
2024-10-25,2024-10-25 11:43:00,0.62,True,-0.3100223088498119,0.2733863330453227,2.5931050621220706
2024-10-25,2024-10-25 11:44:00,0.62,True,-0.3069901196766546,0.2747012105437361,2.5942340530165096
2024-10-25,2024-10-25 11:45:00,0.62,True,-0.3067215222926329,0.2722743441660312,2.6216204830104615
2024-10-25,2024-10-25 11:46:00,0.62,True,-0.3159808019564435,0.2642183822430711,2.6597316221719542
2024-10-25,2024-10-25 11:47:00,0.62,True,-0.3117085330961247,0.2682662375687687,2.641212742244096
2024-10-25,2024-10-25 11:48:00,0.62,True,-0.3221198716161557,0.2651951234012577,2.652885476181172
2024-10-25,2024-10-25 11:49:00,0.62,True,-0.3261469276681328,0.2652099169011626,2.651367007245304
2024-10-25,2024-10-25 11:50:00,0.62,True,-0.3304866329012259,0.2608638859223269,2.6830917801201575
2024-10-25,2024-10-25 11:51:00,0.62,True,-0.3277883617328693,0.2614878064516248,2.658257920476063
2024-10-25,2024-10-25 11:52:00,0.62,True,-0.3216944334086427,0.2622898577601247,2.663106358761103
2024-10-25,2024-10-25 11:53:00,0.62,True,-0.3221165767441753,0.2614900719760479,2.684737211040818
2024-10-25,2024-10-25 11:54:00,0.62,True,-0.3186116187314905,0.2635360067956546,2.6814375257741103
2024-10-25,2024-10-25 11:55:00,0.62,False,-0.3198721675199021,0.2635370945561182,2.679987381022416
2024-10-25,2024-10-25 11:56:00,0.62,True,-0.3216431812229824,0.2622738906670626,2.6849231545709737
2024-10-25,2024-10-25 11:57:00,0.62,True,-0.316420560297476,0.261562645692752,2.703848770797949
2024-10-25,2024-10-25 11:58:00,0.62,True,-0.3255868411558444,0.2585755242052397,2.7063626177249036
2024-10-25,2024-10-25 11:59:00,0.62,True,-0.318092989856559,0.2625595200456793,2.7047939843735453
2024-10-25,2024-10-25 12:00:00,0.62,True,-0.3299249531936778,0.260512941658837,2.7184810469852185
2024-10-25,2024-10-25 12:01:00,0.62,True,-0.3383420934393897,0.2574344585213802,2.7222342897426084
2024-10-25,2024-10-25 12:02:00,0.615,True,-0.3542812168783436,0.252352441591865,2.724764636750597
2024-10-25,2024-10-25 12:03:00,0.62,True,-0.3609305869973591,0.2495278395831259,2.7329298674568245
2024-10-25,2024-10-25 12:04:00,0.62,True,-0.3552483789690238,0.2518450812004827,2.6953618626207336
2024-10-25,2024-10-25 12:05:00,0.61,True,-0.34937960784901,0.2572517542980553,2.655122038267614
2024-10-25,2024-10-25 12:06:00,0.62,True,-0.3495880850481236,0.2580838884801704,2.6564359135376403
2024-10-25,2024-10-25 12:07:00,0.62,True,-0.3475644942674974,0.2583379786381342,2.656131876411855
2024-10-25,2024-10-25 12:08:00,0.61,True,-0.3578545748354642,0.2551980349347534,2.684089464306798
2024-10-25,2024-10-25 12:09:00,0.61,True,-0.354785885037917,0.2590209450320055,2.6594446348537684
2024-10-25,2024-10-25 12:10:00,0.62,True,-0.3514828631767023,0.2621091297795695,2.629800753631787
2024-10-25,2024-10-25 12:11:00,0.615,True,-0.3535651652055567,0.2628898939924844,2.642953428910267
2024-10-25,2024-10-25 12:12:00,0.62,True,-0.3711113479976409,0.2538957879661183,2.680248123826543
2024-10-25,2024-10-25 12:13:00,0.62,True,-0.367239966347712,0.2532393859789764,2.7074145948505275
2024-10-25,2024-10-25 12:14:00,0.62,True,-0.3880440478862053,0.2458302008716066,2.7403341306670663
2024-10-25,2024-10-25 12:15:00,0.62,True,-0.3896613021630339,0.2458002223618331,2.7409214930292785
2024-10-25,2024-10-25 12:16:00,0.62,True,-0.3905590955984756,0.2464685355593558,2.751415338079319
2024-10-25,2024-10-25 12:17:00,0.62,True,-0.3890827919114555,0.247067415289245,2.745151980136885
2024-10-25,2024-10-25 12:18:00,0.62,False,-0.3856894268206561,0.2465150490425756,2.7557020836868227
2024-10-25,2024-10-25 12:19:00,0.62,True,-0.3862007069509386,0.2461412912569402,2.739599935929099
2024-10-25,2024-10-25 12:20:00,0.62,False,-0.3675518671184009,0.2556462291505252,2.7162583591295983
2024-10-25,2024-10-25 12:21:00,0.62,True,-0.3618128872164666,0.2594418788563484,2.6837584551924474
2024-10-25,2024-10-25 12:22:00,0.62,True,-0.3765213785907296,0.25568276145133,2.691374041827104
2024-10-25,2024-10-25 12:23:00,0.62,True,-0.3785149531521006,0.2577884509472302,2.654065769663616
2024-10-25,2024-10-25 12:24:00,0.62,True,-0.3733741223786543,0.2572462291714728,2.657405545153691
2024-10-25,2024-10-25 12:25:00,0.62,True,-0.3807319749902634,0.2537555183941441,2.6698930993841814
2024-10-25,2024-10-25 12:26:00,0.62,True,-0.3779197606890858,0.2545435242995045,2.6671314003976296
2024-10-25,2024-10-25 12:27:00,0.62,True,-0.3751508044847731,0.257308278842993,2.6574750119710093
2024-10-25,2024-10-25 12:28:00,0.62,True,-0.3796227191727014,0.2554435753561669,2.659317994018955
2024-10-25,2024-10-25 12:29:00,0.62,True,-0.3769702821388755,0.2547334294296448,2.66356345547891
2024-10-25,2024-10-25 12:30:00,0.62,True,-0.3660939811553661,0.2578922229556878,2.649577653521068
2024-10-25,2024-10-25 12:31:00,0.62,True,-0.3705971421656751,0.2552723334234513,2.6700604052080483
2024-10-25,2024-10-25 12:32:00,0.62,True,-0.3664116805214198,0.255246699403939,2.692521196150735
2024-10-25,2024-10-25 12:33:00,0.61,True,-0.361133650814873,0.2574248887554797,2.6845825407710637
2024-10-25,2024-10-25 12:34:00,0.61,True,-0.35856425344242,0.2578658365402726,2.691127414881559
2024-10-25,2024-10-25 12:35:00,0.62,True,-0.3504558757940304,0.2608231211777112,2.6651318218693545
2024-10-25,2024-10-25 12:36:00,0.62,True,-0.3513156176463172,0.2614279319701992,2.6721386975445656
2024-10-25,2024-10-25 12:37:00,0.62,True,-0.3641108255651515,0.255098475101001,2.710838758863502
2024-10-25,2024-10-25 12:38:00,0.62,True,-0.3700203419164262,0.2540669773047703,2.7047052143118657
2024-10-25,2024-10-25 12:39:00,0.62,True,-0.3781927023581288,0.2510050478179194,2.721590192396141
2024-10-25,2024-10-25 12:40:00,0.62,True,-0.3826131665656621,0.250854948919307,2.71079572636106
2024-10-25,2024-10-25 12:41:00,0.62,True,-0.3706969653744045,0.2535698336664037,2.704748617249122
2024-10-25,2024-10-25 12:43:00,0.62,True,-0.3701051966691187,0.2484813568084311,2.751265086210222
2024-10-25,2024-10-25 12:44:00,0.62,True,-0.3713265333717387,0.2486435022172004,2.7432423130435795
2024-10-25,2024-10-25 12:45:00,0.61,True,-0.3845058200059919,0.2434406271650096,2.772390397059161
2024-10-25,2024-10-25 12:46:00,0.615,True,-0.3839368489556494,0.2435016394175418,2.77553364807459
2024-10-25,2024-10-25 12:47:00,0.62,True,-0.3779265194954745,0.2460281257694268,2.7780631839425376
2024-10-25,2024-10-25 12:48:00,0.615,True,-0.381119232210897,0.2448306880446922,2.7859064919169994
2024-10-25,2024-10-25 12:49:00,0.62,True,-0.3816720150762139,0.2443212615686256,2.7958100751621813
2024-10-25,2024-10-25 12:50:00,0.62,False,-0.3775622363144327,0.246693627802771,2.78292196277121
2024-10-25,2024-10-25 12:51:00,0.62,True,-0.3694354019672205,0.2499227443088724,2.773056560981773
2024-10-25,2024-10-25 12:52:00,0.62,True,-0.3821768085100368,0.2459143669635503,2.8043931386747207
2024-10-25,2024-10-25 12:53:00,0.62,True,-0.3791658238631963,0.2502137795965203,2.781134674512068
2024-10-25,2024-10-25 12:54:00,0.62,True,-0.3737156612873022,0.2521953832790148,2.780464528274046
2024-10-25,2024-10-25 12:55:00,0.62,True,-0.3679491331406291,0.2559758222062531,2.743600937610129
2024-10-25,2024-10-25 12:56:00,0.62,True,-0.3699470401378482,0.2550151268647057,2.7584456990638775
2024-10-25,2024-10-25 12:57:00,0.62,True,-0.3605613718047863,0.2585742038633538,2.736009239266091
2024-10-25,2024-10-25 12:58:00,0.62,True,-0.3635587087218496,0.2583220801295477,2.746895742751327
2024-10-25,2024-10-25 12:59:00,0.62,True,-0.3636606232512615,0.2575581185180018,2.743122929407469
2024-10-25,2024-10-25 13:00:00,0.62,True,-0.3578296217506901,0.260846890660142,2.731943929866416
2024-10-25,2024-10-25 13:01:00,0.62,True,-0.3617636595323258,0.2597630388011924,2.723143324403498
2024-10-25,2024-10-25 13:02:00,0.62,True,-0.36791982069334,0.2595555095728662,2.719757385106868
2024-10-25,2024-10-25 13:03:00,0.62,True,-0.3649865802324221,0.2627641239218592,2.7083710365072204
2024-10-25,2024-10-25 13:04:00,0.62,True,-0.3582661089994766,0.2659679330873657,2.687426756625368
2024-10-25,2024-10-25 13:05:00,0.62,False,-0.3618316246589996,0.2653089249853839,2.688563599902687
2024-10-25,2024-10-25 13:06:00,0.61,True,-0.3713920008640535,0.2628975884105493,2.668957554651351
2024-10-25,2024-10-25 13:07:00,0.62,True,-0.3652472910968664,0.2670697605183639,2.633435724913505
2024-10-25,2024-10-25 13:08:00,0.62,True,-0.3641736728485008,0.2708125138261412,2.6116929485543396
2024-10-25,2024-10-25 13:09:00,0.62,True,-0.3633150807961711,0.2708427927789966,2.6173733870514453
2024-10-25,2024-10-25 13:10:00,0.62,True,-0.3624552553567078,0.2709452592559437,2.6247308914384995
2024-10-25,2024-10-25 13:11:00,0.61,True,-0.3609817495298923,0.272216546295967,2.6126236925689676
2024-10-25,2024-10-25 13:12:00,0.62,True,-0.3710221608113439,0.2665420280365101,2.646684420498938
2024-10-25,2024-10-25 13:13:00,0.62,True,-0.3772728755843186,0.2663673195906632,2.6495907306071285
2024-10-25,2024-10-25 13:14:00,0.615,True,-0.3773546959971646,0.2657580324104115,2.653767138035921
2024-10-25,2024-10-25 13:15:00,0.62,True,-0.3750520807094706,0.2689069607731176,2.639862776395436
2024-10-25,2024-10-25 13:16:00,0.62,False,-0.3743761886111497,0.2675713109269393,2.647472919777222
2024-10-25,2024-10-25 13:17:00,0.62,True,-0.372480871499586,0.2667735717494319,2.658777186249914
2024-10-25,2024-10-25 13:18:00,0.62,True,-0.3712629952798679,0.2663562385608656,2.6493793829525605
2024-10-25,2024-10-25 13:19:00,0.62,True,-0.3709260742018206,0.2653510947188158,2.6702090832810743
2024-10-25,2024-10-25 13:20:00,0.62,False,-0.3763851427303324,0.2617936577610471,2.6896520730502944
2024-10-25,2024-10-25 13:21:00,0.62,True,-0.3610292504078828,0.2651721853512334,2.678839160509222
2024-10-25,2024-10-25 13:22:00,0.62,True,-0.3486451936622658,0.2661064799881906,2.6954195308215403
2024-10-25,2024-10-25 13:23:00,0.62,True,-0.3552907127508506,0.2624658938477531,2.7123226321762925
2024-10-25,2024-10-25 13:24:00,0.62,True,-0.3501350056674516,0.2677294953954741,2.688860932858318
2024-10-25,2024-10-25 13:25:00,0.61,True,-0.355350921381875,0.2664015725631682,2.7014337367699213
2024-10-25,2024-10-25 13:26:00,0.62,True,-0.3484440098822852,0.2689624941003068,2.6879431738357153
2024-10-25,2024-10-25 13:27:00,0.62,True,-0.3425372673119884,0.2698238709616254,2.6790373492241293
2024-10-25,2024-10-25 13:28:00,0.615,True,-0.3478364070408736,0.2672930896724217,2.6941248136985156
2024-10-25,2024-10-25 13:29:00,0.62,True,-0.3562278586939801,0.2624607890088998,2.7253920887415837
2024-10-25,2024-10-25 13:30:00,0.62,True,-0.3572834164835322,0.2622909810077808,2.728581111340664
2024-10-25,2024-10-25 13:31:00,0.62,True,-0.3529719510148557,0.262062693107536,2.737901333888406
2024-10-25,2024-10-25 13:32:00,0.62,True,-0.3551911064248853,0.2638410199427959,2.7178272102126195
2024-10-25,2024-10-25 13:33:00,0.62,True,-0.3541390711083501,0.2643272973766252,2.7277450949719824
2024-10-25,2024-10-25 13:34:00,0.62,True,-0.3452397587333657,0.2682245240946054,2.708155888849402
2024-10-25,2024-10-25 13:35:00,0.62,True,-0.3397078120040086,0.2665808834168536,2.7515507135451127
2024-10-25,2024-10-25 13:36:00,0.62,True,-0.3432949202097603,0.2644450828357503,2.7531458026672495
2024-10-25,2024-10-25 13:37:00,0.62,True,-0.3435880174817493,0.2675921612761209,2.7111503543237476
2024-10-25,2024-10-25 13:38:00,0.62,True,-0.3398068476088352,0.2670232971115351,2.731335071356558
2024-10-25,2024-10-25 13:39:00,0.62,False,-0.3366681383023325,0.2680663128281942,2.7461791977958945
2024-10-25,2024-10-25 13:40:00,0.62,True,-0.3408142480511398,0.2682699338468323,2.718521396301919
2024-10-25,2024-10-25 13:41:00,0.62,True,-0.336972594465435,0.266986482411308,2.7321184594735652
2024-10-25,2024-10-25 13:42:00,0.62,True,-0.3305714020698673,0.2710902134291411,2.7134136523946855
2024-10-25,2024-10-25 13:43:00,0.62,True,-0.339553697328989,0.2675282402633512,2.7178215261937324
2024-10-25,2024-10-25 13:44:00,0.62,True,-0.3369516669028831,0.2676003371457069,2.717889842941692
2024-10-25,2024-10-25 13:45:00,0.62,True,-0.3232021800782566,0.2699477062396504,2.720858655933323
2024-10-25,2024-10-25 13:46:00,0.615,True,-0.3185811943639273,0.2733823430946983,2.71987646003955
2024-10-25,2024-10-25 13:47:00,0.62,True,-0.3170998736664072,0.2760476361062814,2.70285274023015
2024-10-25,2024-10-25 13:48:00,0.62,True,-0.3242026676056936,0.2740351271246682,2.7016795534705715
2024-10-25,2024-10-25 13:49:00,0.62,True,-0.3258833116238768,0.2711057888489395,2.697421352931024
2024-10-25,2024-10-25 13:50:00,0.62,False,-0.3355219369609302,0.2699419810632912,2.7020279295174077
2024-10-25,2024-10-25 13:51:00,0.62,True,-0.3392057740092376,0.2673160566698763,2.7072850796513777
2024-10-25,2024-10-25 13:52:00,0.61,True,-0.3339420482843779,0.2703579304319478,2.689897169300363
2024-10-25,2024-10-25 13:53:00,0.615,True,-0.3428445490743688,0.2666305908827179,2.7046463191041292
2024-10-25,2024-10-25 13:54:00,0.62,True,-0.3447582539454447,0.2643430047213136,2.728175187976433
2024-10-25,2024-10-25 13:55:00,0.62,True,-0.3461800977839784,0.2602983884965397,2.747323756672091
2024-10-25,2024-10-25 13:56:00,0.62,True,-0.3318099834620835,0.2637107326909915,2.758293121836995
2024-10-25,2024-10-25 13:57:00,0.62,True,-0.326942435693313,0.2663433216069351,2.7359845696965532
2024-10-25,2024-10-25 13:58:00,0.62,False,-0.3269848425246867,0.2687333847535604,2.707831641027185
2024-10-25,2024-10-25 13:59:00,0.62,True,-0.3092910551398778,0.2751242534105255,2.684604792901662
2024-10-25,2024-10-25 14:00:00,0.62,False,-0.3081022967236753,0.2754171896729138,2.6916117718489727
2024-10-25,2024-10-25 14:01:00,0.62,True,-0.3066777594409206,0.2757277377869357,2.7003120577369017
2024-10-25,2024-10-25 14:02:00,0.62,True,-0.3185172367025516,0.2699208522655071,2.7266438022234945
2024-10-25,2024-10-25 14:03:00,0.62,True,-0.3146438134612153,0.2703768722167578,2.7336390106416526
2024-10-25,2024-10-25 14:04:00,0.615,True,-0.3156563880447685,0.2685447084076794,2.77037877255414
2024-10-25,2024-10-25 14:05:00,0.615,False,-0.3206693500204251,0.2707533069042022,2.732935257443631
2024-10-25,2024-10-25 14:06:00,0.62,True,-0.3136343626833383,0.2731540238410405,2.7387011095212057
2024-10-25,2024-10-25 14:07:00,0.62,True,-0.3026246149848129,0.2763130201582058,2.7314957656919847
2024-10-25,2024-10-25 14:08:00,0.62,True,-0.3040580242141588,0.2772974541541724,2.720254187641052
2024-10-25,2024-10-25 14:09:00,0.62,True,-0.2994811151734636,0.2773705554015336,2.743745356904808
2024-10-25,2024-10-25 14:10:00,0.62,True,-0.2916343877170617,0.2806498931015196,2.743905958371464
2024-10-25,2024-10-25 14:11:00,0.62,True,-0.2921010800983979,0.2819901422585372,2.734357988732038
2024-10-25,2024-10-25 14:12:00,0.62,True,-0.2965238655005953,0.2820275767241111,2.7233615185702766
2024-10-25,2024-10-25 14:13:00,0.62,True,-0.2969801862140418,0.2830875208727157,2.7153075405502607
2024-10-25,2024-10-25 14:14:00,0.62,True,-0.3045777729930927,0.2810800365652089,2.725464378691237
2024-10-25,2024-10-25 14:15:00,0.62,True,-0.3072609031012853,0.2793891673614385,2.731733472223541
2024-10-25,2024-10-25 14:16:00,0.62,True,-0.3017582641656403,0.281374165161223,2.7195723723511804
2024-10-25,2024-10-25 14:17:00,0.62,True,-0.301423542740291,0.2828853171443264,2.726234820640794
2024-10-25,2024-10-25 14:18:00,0.62,False,-0.290184842667594,0.2862849485448017,2.7115842679623494
2024-10-25,2024-10-25 14:19:00,0.62,True,-0.280323882924219,0.2908421180109312,2.679504035662126
2024-10-25,2024-10-25 14:20:00,0.62,True,-0.2871017491543534,0.2905596410617143,2.6875908353178173
2024-10-25,2024-10-25 14:21:00,0.62,True,-0.2974621719056644,0.2860118782479816,2.7199042736649877
2024-10-25,2024-10-25 14:22:00,0.62,True,-0.2950447126524837,0.286302365275139,2.719938921687824
2024-10-25,2024-10-25 14:23:00,0.62,True,-0.2909725611451358,0.2869074541449523,2.7199851580382277
2024-10-25,2024-10-25 14:24:00,0.615,True,-0.2922863976508024,0.2861428216295379,2.7227244712163454
2024-10-25,2024-10-25 14:25:00,0.61,True,-0.2826062036975267,0.2889041323133094,2.707215836703149
2024-10-25,2024-10-25 14:26:00,0.62,True,-0.2764678103677234,0.2901194888237576,2.7066042254255183
2024-10-25,2024-10-25 14:27:00,0.62,True,-0.2788021395448093,0.2901009491383636,2.698066894470499
2024-10-25,2024-10-25 14:28:00,0.62,True,-0.273863023618793,0.2942898130848891,2.6714698098381944
2024-10-25,2024-10-25 14:29:00,0.62,True,-0.2798886371851268,0.2917887170501121,2.6788929605894376
2024-10-25,2024-10-25 14:30:00,0.62,True,-0.2875648553493112,0.2899868329593565,2.6698359281697996
2024-10-25,2024-10-25 14:31:00,0.62,True,-0.2842959497278928,0.2886616235428103,2.6887095861940566
2024-10-25,2024-10-25 14:32:00,0.62,True,-0.2802813407554118,0.2918258065234259,2.6675815137389423
2024-10-25,2024-10-25 14:33:00,0.62,True,-0.2765587210606091,0.293918179591527,2.6533433365562886
2024-10-25,2024-10-25 14:34:00,0.62,True,-0.2727278098001962,0.2942436991845372,2.6611470040128653
2024-10-25,2024-10-25 14:35:00,0.62,True,-0.2774425985086525,0.2925083915218206,2.6570698000206687
2024-10-25,2024-10-25 14:36:00,0.62,True,-0.2773408237211845,0.2928182109739186,2.657453436730218
2024-10-25,2024-10-25 14:37:00,0.62,True,-0.2652642900362547,0.296850078521034,2.660974730292338
2024-10-25,2024-10-25 14:38:00,0.62,True,-0.2701099610718129,0.2957964080258677,2.678001330372623
2024-10-25,2024-10-25 14:39:00,0.62,True,-0.2712002425650308,0.2949195291477994,2.659296267522972
2024-10-25,2024-10-25 14:40:00,0.62,True,-0.2731847593519648,0.2944827047127252,2.6637073347098688
2024-10-25,2024-10-25 14:41:00,0.62,True,-0.2698013081752038,0.2943846454513713,2.664271325806273
2024-10-25,2024-10-25 14:42:00,0.62,True,-0.2613165198937009,0.2977850731291061,2.658259106852846
2024-10-25,2024-10-25 14:43:00,0.62,True,-0.2626027245595172,0.2985583791175016,2.6578140830976715
2024-10-25,2024-10-25 14:44:00,0.61,True,-0.2626230027200296,0.2976457621642652,2.6602686783910903
2024-10-25,2024-10-25 14:45:00,0.62,True,-0.262446543560029,0.2966514631993137,2.664761616609096
2024-10-25,2024-10-25 14:46:00,0.62,True,-0.2578371665567369,0.3014779898556651,2.6380720025487103
2024-10-25,2024-10-25 14:47:00,0.62,True,-0.2670331160076107,0.2988926604966327,2.6539749069664405
2024-10-25,2024-10-25 14:48:00,0.62,False,-0.2755877003794479,0.2962423154159476,2.671401607917204
2024-10-25,2024-10-25 14:49:00,0.61,True,-0.2845429057314523,0.2949187644464539,2.676123780875957
2024-10-25,2024-10-25 14:50:00,0.61,True,-0.2854548268124422,0.2957285863632161,2.6680716746927726
2024-10-25,2024-10-25 14:51:00,0.61,True,-0.2885572214916751,0.2958456446556944,2.6645602672507196
2024-10-25,2024-10-25 14:52:00,0.62,True,-0.2885421656250796,0.2953643386886709,2.681143722522088
2024-10-25,2024-10-25 14:53:00,0.62,True,-0.2844532967960289,0.2978427414684422,2.6588257029607365
2024-10-25,2024-10-25 14:54:00,0.62,True,-0.2807196237903221,0.2996141616015129,2.6493344669817858
2024-10-25,2024-10-25 14:55:00,0.62,True,-0.2797096993942712,0.3005009332131076,2.642808761200757
2024-10-25,2024-10-25 14:56:00,0.62,True,-0.2835541912669719,0.2988544475899811,2.641179842868694
2024-10-25,2024-10-25 14:57:00,0.62,True,-0.2791019591547378,0.2989892535442654,2.652389203938514
2024-10-25,2024-10-25 14:58:00,0.62,True,-0.280224251486121,0.2982727443728775,2.6536184562959404
2024-10-25,2024-10-25 14:59:00,0.62,True,-0.281643566258234,0.296659840906894,2.672781799664145
2024-10-25,2024-10-25 15:00:00,0.62,True,-0.2827837615668482,0.2958688207319607,2.6680597500877203
2024-10-25,2024-10-25 15:01:00,0.62,True,-0.2773946406423735,0.2985908352635543,2.6632887877250004
2024-10-25,2024-10-25 15:02:00,0.62,True,-0.2685145889805404,0.3032730417373528,2.6493914090871664
2024-10-25,2024-10-25 15:03:00,0.62,True,-0.2655311884861628,0.3032114163909842,2.6492713153868475
2024-10-25,2024-10-25 15:04:00,0.62,True,-0.2620837240618756,0.3045312903865493,2.6401600406222827
2024-10-25,2024-10-25 15:05:00,0.62,True,-0.2500406919560305,0.3099522461664545,2.619158449579829
2024-10-25,2024-10-25 15:06:00,0.62,True,-0.2449509391204132,0.3123040916966319,2.6099201077985574
2024-10-25,2024-10-25 15:07:00,0.62,True,-0.2427548814359568,0.3137559424950712,2.5908605454885083
2024-10-25,2024-10-25 15:08:00,0.62,True,-0.249210317741772,0.3119622046614223,2.57986531857108
2024-10-25,2024-10-25 15:09:00,0.62,True,-0.2492230700950794,0.3128871686385549,2.5673147039556565
2024-10-25,2024-10-25 15:10:00,0.62,True,-0.2514307975360523,0.3127547640460905,2.5691078464582566
2024-10-25,2024-10-25 15:11:00,0.615,True,-0.2483382477255548,0.3136591294282685,2.567501534914162
2024-10-25,2024-10-25 15:12:00,0.62,True,-0.2533540510617053,0.3127244274866487,2.578953342797998
2024-10-25,2024-10-25 15:13:00,0.62,True,-0.2604833336053619,0.3094773169621011,2.5998518651699407
2024-10-25,2024-10-25 15:14:00,0.62,True,-0.2518005969250717,0.3126929310922386,2.576521227532478
2024-10-25,2024-10-25 15:15:00,0.62,True,-0.250481217418997,0.3123593374957427,2.572945822154858
2024-10-25,2024-10-25 15:16:00,0.62,True,-0.2556129194317795,0.3080529022532124,2.6226173032074342
2024-10-25,2024-10-25 15:17:00,0.62,True,-0.2527529951916312,0.3092692569032497,2.6082166718008537
2024-10-25,2024-10-25 15:18:00,0.62,True,-0.2427401857880177,0.3137147840660029,2.5783997352232473
2024-10-25,2024-10-25 15:19:00,0.62,True,-0.2404998548194516,0.314486915205624,2.5556488522310388
2024-10-25,2024-10-25 15:20:00,0.62,True,-0.2362237496416233,0.3159357038414316,2.5530209816525824
2024-10-25,2024-10-25 15:21:00,0.62,True,-0.2308076039933619,0.3158265298338478,2.5668109065263875
2024-10-25,2024-10-25 15:22:00,0.62,True,-0.224676830152924,0.317243293459153,2.564625441482339
2024-10-25,2024-10-25 15:23:00,0.62,True,-0.230110008418733,0.3141427282952994,2.5757596353404733
2024-10-25,2024-10-25 15:24:00,0.62,True,-0.2266202496346039,0.3149252819883351,2.5800274591051053
2024-10-25,2024-10-25 15:25:00,0.62,True,-0.2192240068977946,0.3200082980517206,2.5439543393650266
2024-10-25,2024-10-25 15:26:00,0.62,True,-0.2277027344943776,0.3159996774776299,2.5700628339356797
2024-10-25,2024-10-25 15:27:00,0.62,True,-0.2256027756040838,0.3177661448743485,2.554204933993359
2024-10-25,2024-10-25 15:28:00,0.62,True,-0.2216391657477135,0.3193362249641494,2.5587629542512182
2024-10-25,2024-10-25 15:29:00,0.62,True,-0.2228363532753361,0.3195591686850153,2.54534016997341
2024-10-25,2024-10-25 15:30:00,0.62,False,-0.2265349334180217,0.3187832069033331,2.541591393516683
2024-10-25,2024-10-25 15:31:00,0.62,True,-0.2375126626557706,0.3152662085128357,2.577002830485098
2024-10-25,2024-10-25 15:32:00,0.62,True,-0.2613447511396418,0.3059060068460939,2.608710219704552
2024-10-25,2024-10-25 15:33:00,0.62,True,-0.2730947863290382,0.3038012762880324,2.6138901908273895
2024-10-25,2024-10-25 15:34:00,0.62,True,-0.2753627065575625,0.3027519485930211,2.6104210459387938
2024-10-25,2024-10-25 15:35:00,0.61,True,-0.277748779876743,0.3013520917649649,2.616745001496322
2024-10-25,2024-10-25 15:36:00,0.62,True,-0.2733126116372714,0.3013657188311343,2.6270750497191453
2024-10-25,2024-10-25 15:37:00,0.62,True,-0.2704610832034483,0.3019860884878703,2.626639451160279
2024-10-25,2024-10-25 15:38:00,0.62,True,-0.2641826894071713,0.3063951736586831,2.600139657529376
2024-10-25,2024-10-25 15:39:00,0.62,True,-0.2516347017876828,0.3097517135246123,2.5830916464278806
2024-10-25,2024-10-25 15:40:00,0.62,True,-0.2525682440342026,0.308099015319288,2.58772909487956
2024-10-25,2024-10-25 15:41:00,0.62,True,-0.2511116241429333,0.3074944347981537,2.583313191730236
2024-10-25,2024-10-25 15:42:00,0.62,True,-0.2440237705700428,0.3108754150322224,2.5673886831409596
2024-10-25,2024-10-25 15:43:00,0.62,True,-0.2433874077213202,0.3118311881286845,2.5556371252392696
2024-10-25,2024-10-25 15:44:00,0.62,True,-0.2367873436269523,0.3151176551097507,2.5216248736320397
2024-10-25,2024-10-25 15:45:00,0.62,True,-0.2313759836417814,0.316986077072149,2.5151593190431547
2024-10-25,2024-10-25 15:46:00,0.63,True,-0.2273398605464732,0.3183079560110393,2.5102736864379636
2024-10-25,2024-10-25 15:47:00,0.62,True,-0.2257411617063289,0.3177390738170361,2.5243019985627764
2024-10-25,2024-10-25 15:48:00,0.62,True,-0.2312625358011416,0.3141265026063142,2.538128183291972
2024-10-25,2024-10-25 15:49:00,0.62,True,-0.2331004191200645,0.312138708473494,2.549374133134292
2024-10-25,2024-10-25 15:50:00,0.625,True,-0.2342392617689074,0.3106661377156931,2.5650925085194984
2024-10-25,2024-10-25 15:51:00,0.63,True,-0.2285156444253565,0.3120663096529383,2.5549605178073675
2024-10-25,2024-10-25 15:52:00,0.62,True,-0.2280396312293151,0.3087066734668259,2.5554148540962243
2024-10-25,2024-10-25 15:53:00,0.63,True,-0.2294808449007152,0.3082892771461547,2.5607152053687416
2024-10-25,2024-10-25 15:54:00,0.63,True,-0.2201785677525327,0.3134312100483861,2.545234842714803
2024-10-25,2024-10-25 15:55:00,0.63,True,-0.2240976438823622,0.3106332587126892,2.5590813005286708
2024-10-25,2024-10-25 15:56:00,0.63,True,-0.226138797680753,0.3083232980998834,2.5884442346813263
2024-10-25,2024-10-25 15:57:00,0.63,True,-0.2237907479407596,0.3096308274065414,2.598160440190367
2024-10-25,2024-10-25 15:58:00,0.63,True,-0.2248039742816369,0.3123224723325719,2.594439879313928
2024-10-25,2024-10-25 15:59:00,0.63,True,-0.2232980970200275,0.3110909459205829,2.6192102698936317
2024-10-25,2024-10-25 16:00:00,0.63,True,-0.2184278663423732,0.3139802498457508,2.5711750113663734
2024-10-28,2024-10-28 09:31:00,0.63,False,-0.6954716184406318,0.1420705539872839,3.4870785392569794
2024-10-28,2024-10-28 09:32:00,0.63,False,-0.7242260752496081,0.1147803668173735,3.671721784560972
2024-10-28,2024-10-28 09:33:00,0.63,False,-0.6090407345765299,0.1574465816611886,3.4101592333369064
2024-10-28,2024-10-28 09:34:00,0.63,False,-0.6160011093681923,0.1520887168987623,3.4274540245599066
2024-10-28,2024-10-28 09:35:00,0.63,False,-0.6012258769864025,0.1568586940710535,3.3922007318794174
2024-10-28,2024-10-28 09:36:00,0.63,False,-0.5993109652932975,0.1567415479946649,3.386319704479033
2024-10-28,2024-10-28 09:37:00,0.63,False,-0.5725371135646891,0.1574213537481305,3.3923641087669596
2024-10-28,2024-10-28 09:38:00,0.63,False,-0.610758206040452,0.1445516883982681,3.3971598104823912
2024-10-28,2024-10-28 09:39:00,0.63,True,-0.615913181147377,0.1452548964012324,3.3709984425610746
2024-10-28,2024-10-28 09:40:00,0.63,True,-0.6321488395314832,0.1470335999577398,3.3542614414635437
2024-10-28,2024-10-28 09:41:00,0.63,True,-0.6243289992539816,0.1529918651129317,3.35319865015797
2024-10-28,2024-10-28 09:42:00,0.63,True,-0.618697551847649,0.1506682792622063,3.4279793378986714
2024-10-28,2024-10-28 09:43:00,0.63,True,-0.6108035518822315,0.1423905747168246,3.530551919330439
2024-10-28,2024-10-28 09:44:00,0.63,True,-0.6268905886882439,0.1387479511170881,3.525468644281551
2024-10-28,2024-10-28 09:45:00,0.63,True,-0.626983391343044,0.1307546746921729,3.567921561667891
2024-10-28,2024-10-28 09:46:00,0.63,True,-0.6491518595064956,0.1187147049776128,3.5913784751352233
2024-10-28,2024-10-28 09:47:00,0.63,True,-0.6544665201438689,0.1192239570289321,3.5853375043964033
2024-10-28,2024-10-28 09:48:00,0.63,True,-0.6107162269023207,0.1316912665169433,3.546482105489639
2024-10-28,2024-10-28 09:49:00,0.63,True,-0.5890410354694529,0.1381784285788537,3.504469905619452
2024-10-28,2024-10-28 09:50:00,0.63,True,-0.5874747178844186,0.1347115933078992,3.5323372153636305
2024-10-28,2024-10-28 09:51:00,0.63,True,-0.5755004490353335,0.1399676427399023,3.5183086790127396
2024-10-28,2024-10-28 09:52:00,0.63,True,-0.5681196072925159,0.1428627720089149,3.5139227087570344
2024-10-28,2024-10-28 09:53:00,0.63,True,-0.5702387941655405,0.1372546501211437,3.56836147686603
2024-10-28,2024-10-28 09:54:00,0.63,True,-0.5926049154226802,0.1245752364102246,3.6214694246920502
2024-10-28,2024-10-28 09:55:00,0.63,True,-0.5882490539585639,0.1274619992193453,3.631001573638755
2024-10-28,2024-10-28 09:56:00,0.625,True,-0.5958984033295591,0.1249136899947671,3.662224670418799
2024-10-28,2024-10-28 09:57:00,0.63,True,-0.5931425838918927,0.1277236600617348,3.661147565160136
2024-10-28,2024-10-28 09:58:00,0.63,True,-0.6053748330237629,0.1238059298052797,3.69215013431546
2024-10-28,2024-10-28 09:59:00,0.63,True,-0.612736268526872,0.1185836533808252,3.713299063578028
2024-10-28,2024-10-28 10:00:00,0.63,True,-0.59924469295767,0.1272545268173877,3.668146023740805
2024-10-28,2024-10-28 10:01:00,0.63,True,-0.5854082599259942,0.1314269150575648,3.5962927006733896
2024-10-28,2024-10-28 10:02:00,0.63,True,-0.5812521286591688,0.1375020406567969,3.5529981515393203
2024-10-28,2024-10-28 10:03:00,0.63,True,-0.5883473649502147,0.1310610553861159,3.576209368490621
2024-10-28,2024-10-28 10:04:00,0.63,True,-0.582733602243888,0.1321240777145553,3.5634846181080815
2024-10-28,2024-10-28 10:05:00,0.63,True,-0.5860115066408329,0.1307051516235553,3.5638924125681735
2024-10-28,2024-10-28 10:06:00,0.63,True,-0.5681194545968,0.1379714854904064,3.542188463949249
2024-10-28,2024-10-28 10:07:00,0.63,True,-0.5392978581111652,0.1486085995238048,3.51543365467587
2024-10-28,2024-10-28 10:08:00,0.63,True,-0.5385573359141143,0.1536736400703446,3.4709693588564696
2024-10-28,2024-10-28 10:09:00,0.63,True,-0.5395907417915682,0.156028127108789,3.4460656741143354
2024-10-28,2024-10-28 10:10:00,0.63,True,-0.5544275232835498,0.1499165448366516,3.4680624517749523
2024-10-28,2024-10-28 10:11:00,0.63,True,-0.5313643463055508,0.1559605642644881,3.457104098995145
2024-10-28,2024-10-28 10:12:00,0.63,True,-0.5288358884097257,0.1502558401891733,3.5013570158859673
2024-10-28,2024-10-28 10:13:00,0.63,True,-0.5375904275155319,0.144545341829849,3.52391215619897
2024-10-28,2024-10-28 10:14:00,0.63,True,-0.5704366616505785,0.1347925792975097,3.5401589602860253
2024-10-28,2024-10-28 10:15:00,0.63,True,-0.580587999152997,0.1302702901626294,3.573331167475893
2024-10-28,2024-10-28 10:16:00,0.63,True,-0.5677172158312511,0.1368436839533681,3.573510542801395
2024-10-28,2024-10-28 10:17:00,0.63,True,-0.5685821790380774,0.137309734663606,3.556535002238327
2024-10-28,2024-10-28 10:18:00,0.63,True,-0.5724291253653262,0.1333091621828198,3.5577585793989495
2024-10-28,2024-10-28 10:19:00,0.63,True,-0.5516233952368057,0.144124814187016,3.523113524217247
2024-10-28,2024-10-28 10:20:00,0.63,True,-0.5526595407646986,0.1447880921501518,3.5249039840439775
2024-10-28,2024-10-28 10:21:00,0.63,True,-0.5510345878448837,0.1459135144909817,3.4947023305925593
2024-10-28,2024-10-28 10:22:00,0.63,True,-0.5585113213164461,0.1454999968367765,3.4851179497644615
2024-10-28,2024-10-28 10:23:00,0.63,True,-0.5506722353833937,0.1524964162235396,3.4345837089226854
2024-10-28,2024-10-28 10:24:00,0.63,True,-0.5440316364981215,0.1532420469369295,3.4500339998336993
2024-10-28,2024-10-28 10:25:00,0.63,True,-0.5341625663736693,0.15730236981495,3.465747018231057
2024-10-28,2024-10-28 10:26:00,0.63,True,-0.540462288666911,0.1525377302148032,3.470379300504442
2024-10-28,2024-10-28 10:27:00,0.63,True,-0.5524633533897678,0.1460034108244713,3.479504419010889
2024-10-28,2024-10-28 10:28:00,0.63,True,-0.5584843663826646,0.1431254277380152,3.47869159459881
2024-10-28,2024-10-28 10:29:00,0.63,True,-0.5569508023531775,0.1416216137599523,3.497254847109601
2024-10-28,2024-10-28 10:30:00,0.63,True,-0.5574880906647159,0.143777435776322,3.499352729016588
2024-10-28,2024-10-28 10:31:00,0.63,True,-0.5662224718407312,0.1407878800773124,3.494301585222338
2024-10-28,2024-10-28 10:32:00,0.63,True,-0.5491409385441377,0.1500168163701992,3.4657787218120597
2024-10-28,2024-10-28 10:33:00,0.63,True,-0.5413715197757092,0.1494395542330285,3.4657708005947363
2024-10-28,2024-10-28 10:34:00,0.63,True,-0.5252629611538366,0.1533069777028389,3.458646404810316
2024-10-28,2024-10-28 10:35:00,0.63,True,-0.5153942276052397,0.15303145356067,3.4598965148598455
2024-10-28,2024-10-28 10:36:00,0.63,True,-0.5334771195193628,0.1436000890113122,3.524317656540348
2024-10-28,2024-10-28 10:37:00,0.63,True,-0.5523215115644249,0.1388928115554686,3.521403532664785
2024-10-28,2024-10-28 10:38:00,0.63,True,-0.5648169569597696,0.1353049637659369,3.5519304181220437
2024-10-28,2024-10-28 10:39:00,0.63,True,-0.5771396105087783,0.1339946714569899,3.53358778839008
2024-10-28,2024-10-28 10:40:00,0.63,True,-0.574563064381663,0.1393535357938393,3.4717874518400738
2024-10-28,2024-10-28 10:41:00,0.63,True,-0.5732816551442275,0.140235851065736,3.4565304870352653
2024-10-28,2024-10-28 10:42:00,0.63,True,-0.5703650791952477,0.1449292366373512,3.421064273200382
2024-10-28,2024-10-28 10:43:00,0.63,True,-0.5675758340966843,0.1476945164982462,3.420006695374985
2024-10-28,2024-10-28 10:44:00,0.63,True,-0.5483955739080437,0.1516246423817703,3.4440413574744295
2024-10-28,2024-10-28 10:45:00,0.63,True,-0.5491158381027719,0.1484987352830467,3.480914643324074
2024-10-28,2024-10-28 10:46:00,0.63,True,-0.562134238935448,0.1433436366553004,3.50662844424399
2024-10-28,2024-10-28 10:47:00,0.63,True,-0.5480204159049034,0.1463663207849476,3.5282407512681533
2024-10-28,2024-10-28 10:48:00,0.63,True,-0.5376831199955034,0.1498136525196966,3.5277240940092818
2024-10-28,2024-10-28 10:49:00,0.63,True,-0.5426398758393685,0.1459839905927773,3.562091984564952
2024-10-28,2024-10-28 10:50:00,0.63,True,-0.5363925535403449,0.1494198407904403,3.562906713971037
2024-10-28,2024-10-28 10:51:00,0.63,False,-0.5387035821095769,0.1460638933237469,3.611475941641
2024-10-28,2024-10-28 10:52:00,0.63,True,-0.5310007098939975,0.1472408099798811,3.6271862928282665
2024-10-28,2024-10-28 10:53:00,0.63,True,-0.5183498641255908,0.1531344721589496,3.593575219234283
2024-10-28,2024-10-28 10:54:00,0.63,True,-0.5226232024003294,0.1509802220654821,3.5869377857290003
2024-10-28,2024-10-28 10:55:00,0.63,True,-0.5318169803877808,0.1492724545468335,3.566653181831087
2024-10-28,2024-10-28 10:56:00,0.63,True,-0.5367381996464842,0.1452286686744494,3.6012557534232976
2024-10-28,2024-10-28 10:57:00,0.63,True,-0.5306298257129571,0.1455940135481422,3.630936793839453
2024-10-28,2024-10-28 10:58:00,0.63,True,-0.5302550985494066,0.145436637146205,3.6241325233339383
2024-10-28,2024-10-28 10:59:00,0.63,True,-0.5170864137232272,0.1515108571325751,3.5936034010503985
2024-10-28,2024-10-28 11:00:00,0.63,True,-0.5049258716398375,0.1572598871011793,3.580672715133132
2024-10-28,2024-10-28 11:01:00,0.63,True,-0.5021879586732934,0.1538787554198369,3.5979023890942687
2024-10-28,2024-10-28 11:02:00,0.63,True,-0.4958376581687276,0.1496471479810236,3.6103759595562543
2024-10-28,2024-10-28 11:03:00,0.625,True,-0.4733053818309393,0.1565382543770574,3.541626418965531
2024-10-28,2024-10-28 11:04:00,0.63,True,-0.4660998850069621,0.1558674458905166,3.54278510379028
2024-10-28,2024-10-28 11:05:00,0.63,True,-0.4745299578091118,0.1570677041654875,3.5324749550336803
2024-10-28,2024-10-28 11:06:00,0.63,True,-0.478283329615151,0.1558451169704614,3.541891093731016
2024-10-28,2024-10-28 11:07:00,0.63,True,-0.4701314322931003,0.1561426108371829,3.549380346181639
2024-10-28,2024-10-28 11:08:00,0.63,True,-0.4671923511668165,0.1567182196458701,3.535860247384654
2024-10-28,2024-10-28 11:09:00,0.625,True,-0.4585585946322417,0.1560878275101796,3.568578473715666
2024-10-28,2024-10-28 11:10:00,0.63,True,-0.4718062377061365,0.1491227942258697,3.6244785018294743
2024-10-28,2024-10-28 11:11:00,0.63,True,-0.4744390315360337,0.1473180768411354,3.6765384878778606
2024-10-28,2024-10-28 11:12:00,0.63,True,-0.4890890227327296,0.1433114664811382,3.7068314872599073
2024-10-28,2024-10-28 11:13:00,0.63,True,-0.4889332500983621,0.146159428928618,3.6954341327079687
2024-10-28,2024-10-28 11:14:00,0.63,True,-0.4970242009221564,0.1434108461160521,3.70659082807253
2024-10-28,2024-10-28 11:15:00,0.63,True,-0.5063178661729699,0.1393223049218893,3.747218472268101
2024-10-28,2024-10-28 11:16:00,0.63,True,-0.5080038735221819,0.1415558150363454,3.743069226197403
2024-10-28,2024-10-28 11:17:00,0.63,True,-0.5123084709539976,0.1389467154989243,3.7896330404656338
2024-10-28,2024-10-28 11:18:00,0.63,True,-0.5080105474949403,0.1394196290235562,3.7908731917063
2024-10-28,2024-10-28 11:19:00,0.63,True,-0.5272109391538735,0.1308015520584963,3.830860949603259
2024-10-28,2024-10-28 11:20:00,0.63,True,-0.5357206797209189,0.1258763808346142,3.8508409337169702
2024-10-28,2024-10-28 11:21:00,0.63,True,-0.5281873024357517,0.1290671285421816,3.832603930643744
2024-10-28,2024-10-28 11:22:00,0.63,True,-0.5278259807457448,0.1326204201801918,3.818023833813572
2024-10-28,2024-10-28 11:23:00,0.63,True,-0.5281228921855847,0.1307880845342802,3.820596628336125
2024-10-28,2024-10-28 11:24:00,0.63,True,-0.5249153356877969,0.1322124529471952,3.8331974157693063
2024-10-28,2024-10-28 11:25:00,0.63,True,-0.5385382561109155,0.1294605703745177,3.856988031422098
2024-10-28,2024-10-28 11:26:00,0.63,True,-0.5330634693954406,0.1319182401219772,3.8485705286606304
2024-10-28,2024-10-28 11:27:00,0.63,True,-0.5284799846202479,0.1343565330090252,3.828501051118397
2024-10-28,2024-10-28 11:28:00,0.63,True,-0.5375964590977307,0.131770931936967,3.8277510133306047
2024-10-28,2024-10-28 11:29:00,0.63,True,-0.5304825618830242,0.1367430686555593,3.811211204237456
2024-10-28,2024-10-28 11:30:00,0.63,True,-0.5313637202072423,0.136372311900159,3.8272076654676415
2024-10-28,2024-10-28 11:31:00,0.63,True,-0.526924561029612,0.1410380826105385,3.8047162359018687
2024-10-28,2024-10-28 11:32:00,0.63,True,-0.5162862912025987,0.1450086086667777,3.7960466419616914
2024-10-28,2024-10-28 11:33:00,0.63,True,-0.5163333709521047,0.1437739896734027,3.83395312172818
2024-10-28,2024-10-28 11:34:00,0.63,True,-0.5160895849103064,0.1453178602193124,3.8241733320941815
2024-10-28,2024-10-28 11:35:00,0.63,True,-0.5176210524198543,0.1441918481219493,3.8106726891278218
2024-10-28,2024-10-28 11:36:00,0.63,True,-0.5086450516976804,0.1469978736441193,3.785963833284907
2024-10-28,2024-10-28 11:37:00,0.63,True,-0.4958513677782444,0.1529624447660544,3.7592473916956095
2024-10-28,2024-10-28 11:38:00,0.63,True,-0.498819801123107,0.156801349804712,3.725761441210499
2024-10-28,2024-10-28 11:39:00,0.63,True,-0.4833777272196328,0.1600792947803358,3.709617380933937
2024-10-28,2024-10-28 11:40:00,0.63,True,-0.4913500109066043,0.1564728350325168,3.7034023186118215
2024-10-28,2024-10-28 11:41:00,0.63,True,-0.4883935047718251,0.1587982699671937,3.686216159653894
2024-10-28,2024-10-28 11:42:00,0.63,True,-0.4799254122454715,0.1615134972446145,3.6962792605552006
2024-10-28,2024-10-28 11:43:00,0.63,True,-0.4871090767842022,0.1580354792213247,3.7177958705343017
2024-10-28,2024-10-28 11:44:00,0.63,True,-0.4997867417239378,0.1501136962763572,3.7542042807051414
2024-10-28,2024-10-28 11:45:00,0.63,True,-0.4970331219158105,0.1491140197501627,3.772240109422512
2024-10-28,2024-10-28 11:46:00,0.63,True,-0.5014124411569134,0.1487886682966565,3.771215637073458
2024-10-28,2024-10-28 11:47:00,0.63,True,-0.5080914687649851,0.1457434157657069,3.7780433291530535
2024-10-28,2024-10-28 11:48:00,0.63,True,-0.509319523598502,0.146915077696681,3.7721640196279926
2024-10-28,2024-10-28 11:49:00,0.63,True,-0.503574866881344,0.1493756327433021,3.7599129495039856
2024-10-28,2024-10-28 11:50:00,0.63,True,-0.5018309649223518,0.1519628446899439,3.737566004159835
2024-10-28,2024-10-28 11:51:00,0.63,True,-0.5011144103406779,0.1540404027104372,3.723287877637007
2024-10-28,2024-10-28 11:52:00,0.63,True,-0.5104949390792293,0.1496639088613385,3.743806426307381
2024-10-28,2024-10-28 11:53:00,0.63,True,-0.4929735414492043,0.1543820650907595,3.743303693049696
2024-10-28,2024-10-28 11:54:00,0.63,True,-0.4840187405560478,0.1576472562333671,3.750479758347443
2024-10-28,2024-10-28 11:55:00,0.63,True,-0.4900724517180859,0.1552134164042565,3.759534407377701
2024-10-28,2024-10-28 11:56:00,0.63,True,-0.4996631050679115,0.1531106474848983,3.764068590058458
2024-10-28,2024-10-28 11:57:00,0.63,True,-0.4976473629943074,0.1528233211851364,3.761495794460475
2024-10-28,2024-10-28 11:58:00,0.63,True,-0.4852480065017939,0.1551257904404004,3.761951411898424
2024-10-28,2024-10-28 11:59:00,0.63,True,-0.4881396401661851,0.1512176239324058,3.8014202954329734
2024-10-28,2024-10-28 12:00:00,0.63,True,-0.4993112828836507,0.1485310207237806,3.806907374134488
2024-10-28,2024-10-28 12:01:00,0.63,True,-0.4945342039249323,0.151893274920833,3.804244552833435
2024-10-28,2024-10-28 12:02:00,0.63,True,-0.4912277853465156,0.152615713003841,3.804185909645293
2024-10-28,2024-10-28 12:03:00,0.63,True,-0.4999242822131236,0.1469701351900002,3.836815743838916
2024-10-28,2024-10-28 12:04:00,0.63,True,-0.5080580187007868,0.1453587199504205,3.831213226739147
2024-10-28,2024-10-28 12:05:00,0.63,True,-0.5163248394264675,0.1432198650806657,3.8226924458462737
2024-10-28,2024-10-28 12:06:00,0.63,True,-0.5103587164196204,0.142852816840952,3.8284781307187847
2024-10-28,2024-10-28 12:07:00,0.63,True,-0.5147152905900925,0.1411145227082977,3.840784005996721
2024-10-28,2024-10-28 12:08:00,0.63,True,-0.5099481252616538,0.1427601721426232,3.8459105373953166
2024-10-28,2024-10-28 12:09:00,0.63,True,-0.5055809047459894,0.1449793679242824,3.856139264443204
2024-10-28,2024-10-28 12:10:00,0.63,True,-0.4997574866001378,0.1484225269360096,3.8472348329545794
2024-10-28,2024-10-28 12:11:00,0.63,True,-0.4867523038286872,0.1535647785691322,3.8233866081298618
2024-10-28,2024-10-28 12:12:00,0.63,True,-0.4920677757384824,0.1499934710269295,3.835867017340581
2024-10-28,2024-10-28 12:13:00,0.63,True,-0.4868768987728727,0.1483030921822165,3.8646695207873902
2024-10-28,2024-10-28 12:14:00,0.63,True,-0.4834293643172122,0.1494525233372158,3.861511992971602
2024-10-28,2024-10-28 12:15:00,0.63,True,-0.4826175512812989,0.1530142077841076,3.8360399205709816
2024-10-28,2024-10-28 12:16:00,0.63,True,-0.4792305788795001,0.1585527523686437,3.783562849440441
2024-10-28,2024-10-28 12:17:00,0.63,True,-0.4674063822238591,0.1635725667575099,3.738926906826151
2024-10-28,2024-10-28 12:18:00,0.63,True,-0.471953586618732,0.1614169125716938,3.756861866090039
2024-10-28,2024-10-28 12:19:00,0.63,True,-0.4614628928423445,0.1674498984795547,3.730215292550501
2024-10-28,2024-10-28 12:20:00,0.63,True,-0.4635596276413122,0.166541683266252,3.722610082031856
2024-10-28,2024-10-28 12:21:00,0.63,True,-0.4696790788999019,0.1649230225786366,3.728453334243564
2024-10-28,2024-10-28 12:22:00,0.63,True,-0.4719357806886303,0.1656079526297788,3.732195406263779
2024-10-28,2024-10-28 12:23:00,0.63,True,-0.4702953204370892,0.1650039630488837,3.734335973868688
2024-10-28,2024-10-28 12:24:00,0.63,True,-0.469373255987511,0.1664153128970017,3.727369490120432
2024-10-28,2024-10-28 12:25:00,0.63,True,-0.466665387026386,0.1657838841793085,3.7306123132294218
2024-10-28,2024-10-28 12:26:00,0.63,True,-0.4580037591635207,0.1666904289954054,3.748033500853132
2024-10-28,2024-10-28 12:27:00,0.63,True,-0.4543542289078651,0.1692588171765049,3.738834409114437
2024-10-28,2024-10-28 12:28:00,0.63,True,-0.4639502023956893,0.1652637950113777,3.762313587207521
2024-10-28,2024-10-28 12:29:00,0.63,True,-0.4596944506532035,0.1666781793838629,3.76873561798219
2024-10-28,2024-10-28 12:30:00,0.63,True,-0.4594664145491537,0.1661278985524865,3.7758876462126216
2024-10-28,2024-10-28 12:31:00,0.63,True,-0.4454427301052614,0.1711362409461054,3.753064560521737
2024-10-28,2024-10-28 12:32:00,0.63,True,-0.4297321278391194,0.1759450692941049,3.737110377754689
2024-10-28,2024-10-28 12:33:00,0.63,True,-0.4297511050961325,0.1766042575555874,3.7218789918359865
2024-10-28,2024-10-28 12:34:00,0.63,True,-0.4354134646472484,0.1743952529806765,3.7298861179425873
2024-10-28,2024-10-28 12:35:00,0.63,True,-0.4344784308329938,0.1738114828318037,3.7327246939471785
2024-10-28,2024-10-28 12:36:00,0.63,True,-0.4293426273282956,0.1772816371272956,3.729453614231664
2024-10-28,2024-10-28 12:37:00,0.63,True,-0.4282793491417507,0.1773670750151328,3.725591861515262
2024-10-28,2024-10-28 12:38:00,0.63,True,-0.4232792806287026,0.1806264139453903,3.712613216382157
2024-10-28,2024-10-28 12:39:00,0.63,True,-0.4175844619291892,0.1802452390957447,3.720384823407164
2024-10-28,2024-10-28 12:40:00,0.63,True,-0.4121811340842179,0.1820619337476253,3.7291538030654072
2024-10-28,2024-10-28 12:41:00,0.63,True,-0.4148589255839781,0.1806109088200772,3.7473578622274104
2024-10-28,2024-10-28 12:42:00,0.63,True,-0.4214745103310947,0.1786208004517536,3.748991331413371
2024-10-28,2024-10-28 12:43:00,0.63,True,-0.4251824977793172,0.1789363482081427,3.732479981535033
2024-10-28,2024-10-28 12:44:00,0.63,True,-0.4218512427604646,0.1803182285167754,3.7365681821492633
2024-10-28,2024-10-28 12:45:00,0.63,True,-0.420047661050721,0.1807834976848275,3.7287880210859647
2024-10-28,2024-10-28 12:46:00,0.63,True,-0.4158629871108565,0.1841841757743917,3.7141579804028826
2024-10-28,2024-10-28 12:47:00,0.63,True,-0.4204827343482679,0.1815310545752282,3.730377032873922
2024-10-28,2024-10-28 12:48:00,0.63,True,-0.4121808654293508,0.1839502041254979,3.733450725293104
2024-10-28,2024-10-28 12:49:00,0.63,True,-0.4054151846336514,0.1876106421435832,3.714476119100627
2024-10-28,2024-10-28 12:50:00,0.63,True,-0.404305391096125,0.1883578208963676,3.712726645375307
2024-10-28,2024-10-28 12:51:00,0.63,True,-0.4103080164318592,0.1874020684180345,3.713157431521739
2024-10-28,2024-10-28 12:52:00,0.63,True,-0.4174114097026666,0.183605093973776,3.741793969365179
2024-10-28,2024-10-28 12:53:00,0.63,True,-0.4212004076502719,0.1838073181369435,3.7354071469605734
2024-10-28,2024-10-28 12:54:00,0.63,True,-0.435210407136388,0.1752684330363753,3.772784238552395
2024-10-28,2024-10-28 12:55:00,0.63,True,-0.4361966123243256,0.1742027849297249,3.7700454623222672
2024-10-28,2024-10-28 12:56:00,0.63,True,-0.4404659404297197,0.1732548573942054,3.778798811900794
2024-10-28,2024-10-28 12:57:00,0.63,True,-0.4468726723622069,0.171233540879803,3.7967970094032943
2024-10-28,2024-10-28 12:58:00,0.63,True,-0.449323171688121,0.1692954099406723,3.829176479898531
2024-10-28,2024-10-28 12:59:00,0.63,True,-0.4511036673869319,0.1680714330936076,3.840252492554834
2024-10-28,2024-10-28 13:00:00,0.63,True,-0.4504370103484017,0.1679845858579341,3.8341981719667344
2024-10-28,2024-10-28 13:01:00,0.63,True,-0.4502360909021872,0.1695279816858239,3.824666112693915
2024-10-28,2024-10-28 13:02:00,0.625,True,-0.4539082592395151,0.1645831480554864,3.821414860083387
2024-10-28,2024-10-28 13:03:00,0.62,True,-0.4446758165033004,0.1680488743999211,3.801831352136254
2024-10-28,2024-10-28 13:04:00,0.63,True,-0.4490406045702188,0.1673330848061032,3.810418439084081
2024-10-28,2024-10-28 13:05:00,0.63,True,-0.4435773323450383,0.168247390603956,3.804277042268888
2024-10-28,2024-10-28 13:06:00,0.63,True,-0.4432659130513746,0.1675296148959773,3.8051951746127823
2024-10-28,2024-10-28 13:07:00,0.63,True,-0.4375077633217033,0.1703784913770736,3.788584093770445
2024-10-28,2024-10-28 13:08:00,0.63,True,-0.4391804139960816,0.1717309344396466,3.7728660150945816
2024-10-28,2024-10-28 13:09:00,0.63,True,-0.4355218873147956,0.1734024791089315,3.750255261919345
2024-10-28,2024-10-28 13:10:00,0.63,True,-0.4316325145630855,0.1757408985465145,3.7368835116417425
2024-10-28,2024-10-28 13:11:00,0.63,True,-0.4285398758378716,0.1767404300231769,3.737630272437847
2024-10-28,2024-10-28 13:12:00,0.63,True,-0.4306149924451931,0.175718276141503,3.7394197013395662
2024-10-28,2024-10-28 13:13:00,0.63,True,-0.4260632927731427,0.1755341939160661,3.760904740512852
2024-10-28,2024-10-28 13:14:00,0.63,True,-0.4280603576995745,0.173606924048105,3.7700200652417206
2024-10-28,2024-10-28 13:15:00,0.63,True,-0.4220496659912258,0.1747073799585969,3.763220571734915
2024-10-28,2024-10-28 13:16:00,0.63,True,-0.4261910640389052,0.1747357968995922,3.7519103383841466
2024-10-28,2024-10-28 13:17:00,0.63,True,-0.4335644405822282,0.1727872362730356,3.7503524692300534
2024-10-28,2024-10-28 13:18:00,0.63,True,-0.4368968092956812,0.172002305384521,3.756856552569479
2024-10-28,2024-10-28 13:19:00,0.63,True,-0.4387358327717554,0.1705213526068836,3.755051413676119
2024-10-28,2024-10-28 13:20:00,0.63,True,-0.4349457483903056,0.172308082040314,3.742705816310183
2024-10-28,2024-10-28 13:21:00,0.63,True,-0.4358552100219849,0.1725703494309298,3.734317111611688
2024-10-28,2024-10-28 13:22:00,0.63,True,-0.4395944067943221,0.1723211267517287,3.7477881616068625
2024-10-28,2024-10-28 13:23:00,0.63,True,-0.4396121692755596,0.1719445163003821,3.775632026196962
2024-10-28,2024-10-28 13:24:00,0.63,True,-0.4330550606210669,0.1716947001007755,3.788033820479058
2024-10-28,2024-10-28 13:25:00,0.63,True,-0.4292150990266706,0.1724708310822557,3.7818900213598927
2024-10-28,2024-10-28 13:26:00,0.63,True,-0.4348131252760058,0.1693345088570687,3.800415709061721
2024-10-28,2024-10-28 13:27:00,0.63,True,-0.4342298513964482,0.1674450471521961,3.8148740737239986
2024-10-28,2024-10-28 13:28:00,0.63,True,-0.4322266698488012,0.1682879727194755,3.8058544895245303
2024-10-28,2024-10-28 13:29:00,0.63,True,-0.4298762424567968,0.1683337169085469,3.8188644888530945
2024-10-28,2024-10-28 13:30:00,0.63,True,-0.4277067985785275,0.1686805023435735,3.8269555974437903
2024-10-28,2024-10-28 13:31:00,0.63,True,-0.4348596035103391,0.1658220016899375,3.847508181431992
2024-10-28,2024-10-28 13:32:00,0.63,True,-0.4258922985715873,0.1702749574199196,3.804162867395083
2024-10-28,2024-10-28 13:33:00,0.63,True,-0.4282839947906028,0.1690200470042709,3.806457015150417
2024-10-28,2024-10-28 13:34:00,0.63,True,-0.4276988154244245,0.1692582030177831,3.812835689053004
2024-10-28,2024-10-28 13:35:00,0.63,True,-0.4307904242982677,0.1688592573711689,3.823339377642917
2024-10-28,2024-10-28 13:36:00,0.63,True,-0.4260680298643308,0.1716519572857111,3.814585459937621
2024-10-28,2024-10-28 13:37:00,0.63,True,-0.4215159959393362,0.1710371456407944,3.843854219980946
2024-10-28,2024-10-28 13:38:00,0.625,True,-0.4124586010868951,0.1747151137919773,3.831276295421463
2024-10-28,2024-10-28 13:39:00,0.63,True,-0.4077682154233307,0.1756471723590661,3.8290626306607978
2024-10-28,2024-10-28 13:40:00,0.63,True,-0.414446118909805,0.1752759022536052,3.8188199632182114
2024-10-28,2024-10-28 13:41:00,0.63,True,-0.4234353347505484,0.1736941647418074,3.8155008473263896
2024-10-28,2024-10-28 13:42:00,0.63,True,-0.4254305692561665,0.173614754104439,3.802257649430139
2024-10-28,2024-10-28 13:43:00,0.63,True,-0.4269132068334382,0.1706083086179279,3.8173463462357353
2024-10-28,2024-10-28 13:44:00,0.63,True,-0.421611319267451,0.1726346880849595,3.817077867007049
2024-10-28,2024-10-28 13:45:00,0.63,True,-0.4199116272865132,0.1739631738085359,3.8252215422331703
2024-10-28,2024-10-28 13:46:00,0.63,True,-0.4274120913055788,0.1738271293004195,3.8282518443943503
2024-10-28,2024-10-28 13:47:00,0.63,True,-0.4239213228888549,0.1755132813122369,3.811711239169464
2024-10-28,2024-10-28 13:48:00,0.63,True,-0.4226558266200542,0.1746973386412639,3.8312851785250097
2024-10-28,2024-10-28 13:49:00,0.63,True,-0.421819231061513,0.1742914742439864,3.837638508502907
2024-10-28,2024-10-28 13:50:00,0.63,True,-0.4205716305591979,0.1758352214015319,3.816630054658092
2024-10-28,2024-10-28 13:51:00,0.63,True,-0.4232462260895623,0.1751774808214724,3.806917246153196
2024-10-28,2024-10-28 13:52:00,0.63,True,-0.438760879201059,0.1703664045515958,3.8376254029308816
2024-10-28,2024-10-28 13:53:00,0.63,True,-0.4435577265961168,0.1690063290190137,3.83958894137142
2024-10-28,2024-10-28 13:54:00,0.63,True,-0.4455140171651302,0.1697924351666044,3.8309125880646073
2024-10-28,2024-10-28 13:55:00,0.63,True,-0.4476215282118452,0.170167424292528,3.833306293820975
2024-10-28,2024-10-28 13:56:00,0.63,True,-0.439232247903031,0.1740195429614464,3.8079895881008743
2024-10-28,2024-10-28 13:57:00,0.63,True,-0.4345393823100755,0.1752690380294836,3.803103393471563
2024-10-28,2024-10-28 13:58:00,0.63,True,-0.4390922351546405,0.1738323728652374,3.8105024163597574
2024-10-28,2024-10-28 14:00:00,0.63,True,-0.4345158866732285,0.1765410150800241,3.7892200302114887
2024-10-28,2024-10-28 14:01:00,0.63,True,-0.4363112818853622,0.1735947062884966,3.824965090405868
2024-10-28,2024-10-28 14:02:00,0.63,True,-0.4260587606449097,0.1755777887957278,3.822334191881448
2024-10-28,2024-10-28 14:03:00,0.63,True,-0.4249004126081676,0.1756344123211164,3.8216836119421744
2024-10-28,2024-10-28 14:04:00,0.63,True,-0.4317066864233282,0.1730505755854582,3.83547193243058
2024-10-28,2024-10-28 14:05:00,0.63,True,-0.4258256297015398,0.1752872387092497,3.8242747542848567
2024-10-28,2024-10-28 14:06:00,0.63,False,-0.4287142314398887,0.1746775520356466,3.840688183629508
2024-10-28,2024-10-28 14:07:00,0.63,True,-0.4274539984988143,0.1762982954864981,3.840321936313398
2024-10-28,2024-10-28 14:08:00,0.63,True,-0.4328964231867386,0.1754836077082022,3.8285977941768072
2024-10-28,2024-10-28 14:09:00,0.63,True,-0.4376262067791848,0.175786208949059,3.8244400208556697
2024-10-28,2024-10-28 14:10:00,0.625,True,-0.4416930237371009,0.1756203227949939,3.814214287888523
2024-10-28,2024-10-28 14:11:00,0.63,True,-0.4380009328587245,0.1792312691394648,3.788920923120466
2024-10-28,2024-10-28 14:12:00,0.63,True,-0.4346829377607346,0.1807959087312098,3.794078012767005
2024-10-28,2024-10-28 14:13:00,0.62,True,-0.4435609004940702,0.1774613864080954,3.814126210163195
2024-10-28,2024-10-28 14:14:00,0.62,True,-0.4397329657495131,0.1767890578148533,3.833350250409361
2024-10-28,2024-10-28 14:15:00,0.63,True,-0.4358650464367917,0.1787593366708295,3.8230364452276646
2024-10-28,2024-10-28 14:16:00,0.63,True,-0.4290277190394172,0.1799796415868949,3.81846507830188
2024-10-28,2024-10-28 14:17:00,0.63,True,-0.4162613774668617,0.1864837103478422,3.7971429833265256
2024-10-28,2024-10-28 14:18:00,0.63,True,-0.409232815168664,0.1883195255760106,3.802071160678928
2024-10-28,2024-10-28 14:19:00,0.63,True,-0.4089842204120736,0.1892214287370533,3.8014321747851114
2024-10-28,2024-10-28 14:20:00,0.63,True,-0.4092101618662182,0.188100430448995,3.8044461271449337
2024-10-28,2024-10-28 14:21:00,0.63,True,-0.4074075443544525,0.1887574375567226,3.811921220938872
2024-10-28,2024-10-28 14:22:00,0.63,True,-0.4152041652841376,0.1846345182201017,3.8317283880004407
2024-10-28,2024-10-28 14:23:00,0.63,True,-0.4192979744563772,0.1827177776510229,3.8287000620282186
2024-10-28,2024-10-28 14:24:00,0.63,True,-0.4228464561445084,0.1818612385072746,3.8390729642492185
2024-10-28,2024-10-28 14:25:00,0.63,True,-0.4222334496461737,0.1810214961051245,3.8443831938763946
2024-10-28,2024-10-28 14:26:00,0.63,True,-0.4193644866580238,0.1828379760473367,3.8375392017525742
2024-10-28,2024-10-28 14:27:00,0.63,True,-0.4239464058691216,0.1825361753973926,3.821344574045535
2024-10-28,2024-10-28 14:28:00,0.63,True,-0.4258892054582475,0.1814009677871567,3.826798670415917
2024-10-28,2024-10-28 14:29:00,0.63,True,-0.4303402323198205,0.1789955238871943,3.8480335780394097
2024-10-28,2024-10-28 14:30:00,0.63,True,-0.4313362975451216,0.1797358521163696,3.8429087451216537
2024-10-28,2024-10-28 14:31:00,0.63,True,-0.4274273382442338,0.1826787322530405,3.835963836299415
2024-10-28,2024-10-28 14:32:00,0.63,True,-0.4253915386461266,0.1834841262362713,3.830588899135769
2024-10-28,2024-10-28 14:33:00,0.63,True,-0.4206957073527412,0.1863416416595493,3.802766786805008
2024-10-28,2024-10-28 14:34:00,0.63,True,-0.4203601616617661,0.1870476964703415,3.80561519703044
2024-10-28,2024-10-28 14:35:00,0.63,True,-0.418438692932171,0.1889364110936546,3.7982009115135984
2024-10-28,2024-10-28 14:36:00,0.63,True,-0.4189839323694538,0.1881468772313957,3.808759347479962
2024-10-28,2024-10-28 14:37:00,0.63,True,-0.4188457388007574,0.1887383914305979,3.7990468399835424
2024-10-28,2024-10-28 14:38:00,0.63,True,-0.4103858437206587,0.1920603792612742,3.791923248449612
2024-10-28,2024-10-28 14:39:00,0.63,True,-0.4085966886119839,0.1942027659236369,3.778957325397735
2024-10-28,2024-10-28 14:40:00,0.63,True,-0.4166718427536213,0.1894453854400229,3.790350451964912
2024-10-28,2024-10-28 14:41:00,0.63,True,-0.4145819423763603,0.1896163866819713,3.788096554696538
2024-10-28,2024-10-28 14:42:00,0.63,True,-0.4101713130174014,0.1915629308458692,3.7808428339581504
2024-10-28,2024-10-28 14:43:00,0.63,True,-0.4051492768036899,0.1937964926627658,3.777514628975177
2024-10-28,2024-10-28 14:44:00,0.63,True,-0.4052830977148237,0.1935489284010199,3.7723449287563064
2024-10-28,2024-10-28 14:45:00,0.63,True,-0.4080192408769478,0.1926290691247175,3.7762377650035415
2024-10-28,2024-10-28 14:46:00,0.63,True,-0.4034526784867171,0.1956272239888956,3.769031747923776
2024-10-28,2024-10-28 14:47:00,0.62,True,-0.3999904894540719,0.1958576161416153,3.7932125130846326
2024-10-28,2024-10-28 14:48:00,0.63,True,-0.3953361070963094,0.19857762121274,3.782670638737761
2024-10-28,2024-10-28 14:49:00,0.63,True,-0.3991188311584148,0.1988947451403655,3.775427581428195
2024-10-28,2024-10-28 14:50:00,0.63,True,-0.3903685106695457,0.201998651025072,3.755338789010286
2024-10-28,2024-10-28 14:51:00,0.63,True,-0.38669404892901,0.2026964794609441,3.761003873612518
2024-10-28,2024-10-28 14:52:00,0.63,True,-0.3971701746771999,0.1976800165645585,3.782728451443053
2024-10-28,2024-10-28 14:53:00,0.63,True,-0.4061221247696491,0.1949733083765846,3.8041647719948446
2024-10-28,2024-10-28 14:54:00,0.63,True,-0.4084646096450801,0.1938573780645462,3.8001794620676552
2024-10-28,2024-10-28 14:55:00,0.63,True,-0.4060413222035953,0.1962060156432434,3.787715092372935
2024-10-28,2024-10-28 14:56:00,0.63,True,-0.4043046194416804,0.1980924771528524,3.768381220947288
2024-10-28,2024-10-28 14:57:00,0.63,True,-0.3980324490652596,0.2014303917855834,3.757065110626235
2024-10-28,2024-10-28 14:58:00,0.63,True,-0.3955361305789098,0.2027572970297022,3.747073682194342
2024-10-28,2024-10-28 14:59:00,0.63,True,-0.3965694187869775,0.2029921748830077,3.7460021852588983
2024-10-28,2024-10-28 15:00:00,0.62,True,-0.400105730525426,0.2013440823643938,3.747413652905433
2024-10-28,2024-10-28 15:01:00,0.63,True,-0.3965665547214673,0.2047716929512755,3.728203658660552
2024-10-28,2024-10-28 15:02:00,0.63,True,-0.4048123923599597,0.1993979265344339,3.774497295003041
2024-10-28,2024-10-28 15:03:00,0.63,True,-0.3985062876766833,0.1994992723607936,3.792053318981498
2024-10-28,2024-10-28 15:04:00,0.63,True,-0.3974262705517811,0.1992301560632018,3.816002569639741
2024-10-28,2024-10-28 15:05:00,0.63,True,-0.4025596796610505,0.1966146238780653,3.8282029716104575
2024-10-28,2024-10-28 15:06:00,0.63,True,-0.3928291651343874,0.2005001211216119,3.8176018805701
2024-10-28,2024-10-28 15:07:00,0.63,True,-0.3895834800704668,0.2015954137207835,3.823187955817407
2024-10-28,2024-10-28 15:08:00,0.63,True,-0.393841912322341,0.2006453037019243,3.8277363819075263
2024-10-28,2024-10-28 15:09:00,0.63,True,-0.3902120284306784,0.2032299807382444,3.8179169973295335
2024-10-28,2024-10-28 15:10:00,0.63,True,-0.3888873726115507,0.2029683202749304,3.814530547065296
2024-10-28,2024-10-28 15:11:00,0.63,True,-0.3929948742524523,0.2026991914490321,3.800790054668675
2024-10-28,2024-10-28 15:12:00,0.63,True,-0.3922124492473394,0.2044067174876269,3.788878281043327
2024-10-28,2024-10-28 15:13:00,0.625,True,-0.4017747122806538,0.2009411288939081,3.8120361230881894
2024-10-28,2024-10-28 15:14:00,0.63,True,-0.3985877509316892,0.2010723256775134,3.81856728525686
2024-10-28,2024-10-28 15:15:00,0.63,True,-0.402849135175066,0.1991183739672415,3.8225637069234
2024-10-28,2024-10-28 15:16:00,0.63,True,-0.4102319914108597,0.1948896458339397,3.839812446921607
2024-10-28,2024-10-28 15:17:00,0.63,True,-0.4095408264609488,0.1951572882315395,3.836879289312447
2024-10-28,2024-10-28 15:18:00,0.63,True,-0.402553316058049,0.1975085067098999,3.8285758709946975
2024-10-28,2024-10-28 15:19:00,0.63,True,-0.3928355873618775,0.1984339238557474,3.8227813651512697
2024-10-28,2024-10-28 15:20:00,0.63,True,-0.3904271788191615,0.1977243121993983,3.831238149745875
2024-10-28,2024-10-28 15:21:00,0.63,True,-0.4003477423186122,0.1917153250318596,3.8592372038568383
2024-10-28,2024-10-28 15:22:00,0.63,True,-0.4148328890539905,0.1852290655403276,3.8901562822296696
2024-10-28,2024-10-28 15:23:00,0.63,True,-0.417075161030816,0.181775604290136,3.909818163436044
2024-10-28,2024-10-28 15:24:00,0.63,True,-0.4003579303333408,0.1860233681775102,3.901075743733525
2024-10-28,2024-10-28 15:25:00,0.63,True,-0.3971201155620888,0.187115885368168,3.89799016291196
2024-10-28,2024-10-28 15:26:00,0.63,True,-0.3957485698627419,0.1866038083878234,3.9078500280796824
2024-10-28,2024-10-28 15:27:00,0.63,True,-0.3938032912318899,0.1880536672165007,3.9020820402718894
2024-10-28,2024-10-28 15:28:00,0.63,True,-0.4022753897009394,0.1835972986527657,3.914123062591868
2024-10-28,2024-10-28 15:29:00,0.63,True,-0.4052914619309259,0.1831002224935198,3.91009860493518
2024-10-28,2024-10-28 15:30:00,0.63,True,-0.4006894192019879,0.1855955669637371,3.8910155177122223
2024-10-28,2024-10-28 15:31:00,0.63,True,-0.3985358963292075,0.1860916719764629,3.8950757839417744
2024-10-28,2024-10-28 15:32:00,0.63,True,-0.398243545274377,0.1877688937035169,3.876625675381234
2024-10-28,2024-10-28 15:33:00,0.63,True,-0.3953707915338365,0.1891587625898529,3.8746270006526617
2024-10-28,2024-10-28 15:34:00,0.63,True,-0.4007114010904993,0.1863154402848426,3.8689899385963886
2024-10-28,2024-10-28 15:35:00,0.63,True,-0.4031887157825627,0.1851152936183663,3.878193676896316
2024-10-28,2024-10-28 15:36:00,0.625,True,-0.4025727599866729,0.1840520955595724,3.880633302087788
2024-10-28,2024-10-28 15:37:00,0.63,True,-0.3997266451645356,0.1849554972671835,3.884608378872202
2024-10-28,2024-10-28 15:38:00,0.63,True,-0.4017583129906433,0.1843911628792794,3.8750160678648338
2024-10-28,2024-10-28 15:39:00,0.63,True,-0.400526927251724,0.1824883300013526,3.887419876966492
2024-10-28,2024-10-28 15:40:00,0.63,True,-0.3944930801809661,0.1848425963277973,3.883376419990877
2024-10-28,2024-10-28 15:41:00,0.63,True,-0.3950811128833053,0.1851882033742666,3.8857359186699703
2024-10-28,2024-10-28 15:42:00,0.63,True,-0.3920709273195216,0.1872588997712166,3.89262590927715
2024-10-28,2024-10-28 15:43:00,0.63,True,-0.390095321160968,0.1882085709352931,3.910721524853728
2024-10-28,2024-10-28 15:44:00,0.625,True,-0.3884295075635973,0.1881904122029743,3.9092412099457783
2024-10-28,2024-10-28 15:45:00,0.63,True,-0.384101535508047,0.190765169884702,3.8875675931530207
2024-10-28,2024-10-28 15:46:00,0.63,True,-0.3796607979870535,0.191629609729879,3.89546786174982
2024-10-28,2024-10-28 15:47:00,0.63,True,-0.3946460894509617,0.1862904963319624,3.921105965933666
2024-10-28,2024-10-28 15:48:00,0.63,True,-0.3952013927528658,0.1868390030801956,3.911916638452435
2024-10-28,2024-10-28 15:49:00,0.63,True,-0.3809104549005245,0.1920536685161263,3.888840292794863
2024-10-28,2024-10-28 15:50:00,0.63,True,-0.3834349507868415,0.1917457802094042,3.884377314775928
2024-10-28,2024-10-28 15:51:00,0.63,True,-0.3767705122732287,0.1955458967443487,3.8575858017048064
2024-10-28,2024-10-28 15:52:00,0.63,True,-0.3760363631296406,0.19722083643107,3.845488964561485
2024-10-28,2024-10-28 15:53:00,0.63,True,-0.3737727557282532,0.1991303990655243,3.837581621617189
2024-10-28,2024-10-28 15:54:00,0.63,True,-0.3709548815223911,0.2013973493171572,3.824314035746081
2024-10-28,2024-10-28 15:55:00,0.63,True,-0.3749184240002092,0.2036512360280242,3.7954545909464703
2024-10-28,2024-10-28 15:56:00,0.63,True,-0.363565728446675,0.203515930224515,3.808995836469872
2024-10-28,2024-10-28 15:57:00,0.63,True,-0.3500739179549753,0.2078715460182027,3.81437010382911
2024-10-28,2024-10-28 15:58:00,0.63,True,-0.3391855128371793,0.2136738732163488,3.7816615647500265
2024-10-28,2024-10-28 15:59:00,0.63,True,-0.3260512310884558,0.2186532160833936,3.764171082591752
2024-10-28,2024-10-28 16:00:00,0.63,True,-0.3274853203094321,0.2216008435602644,3.7639093333120863
2024-10-29,2024-10-29 09:31:00,0.635,True,-0.1944035123128009,0.3772970417229146,2.858612433571517
2024-10-29,2024-10-29 09:32:00,0.64,True,-0.1676650312715549,0.3871709683021082,2.7818930174730414
2024-10-29,2024-10-29 09:33:00,0.64,True,-0.1684342879145684,0.3806770220103214,2.7658309005108475
2024-10-29,2024-10-29 09:34:00,0.64,True,-0.1491857810626187,0.3760447816974723,2.8526636464341784
2024-10-29,2024-10-29 09:35:00,0.64,True,-0.149449098764677,0.375495699881625,2.7702186425578317
2024-10-29,2024-10-29 09:36:00,0.64,True,-0.139007126355948,0.3826704152401859,2.6735726291941133
2024-10-29,2024-10-29 09:37:00,0.64,True,-0.1101939351686541,0.39048849823652,2.641440185645914
2024-10-29,2024-10-29 09:38:00,0.64,True,-0.0968136286316139,0.3996170270370609,2.6441344305894883
2024-10-29,2024-10-29 09:39:00,0.64,True,-0.128660911085006,0.3932236872942128,2.6405274513973054
2024-10-29,2024-10-29 09:40:00,0.64,True,-0.1285124870102266,0.3970351891335208,2.568896064325147
2024-10-29,2024-10-29 09:41:00,0.64,True,-0.1137614592409974,0.4006625345363277,2.5982977454269207
2024-10-29,2024-10-29 09:42:00,0.64,True,-0.1230734955535924,0.3940751730391042,2.664480005361806
2024-10-29,2024-10-29 09:43:00,0.64,True,-0.1655963182020889,0.3865361367910459,2.686811682036356
2024-10-29,2024-10-29 09:44:00,0.64,True,-0.1907460137412428,0.3862329508670233,2.6936637857055947
2024-10-29,2024-10-29 09:45:00,0.64,True,-0.2227985154648455,0.3673834900462125,2.7897058524785083
2024-10-29,2024-10-29 09:46:00,0.64,True,-0.2351007152477151,0.3653655743512798,2.802515078335757
2024-10-29,2024-10-29 09:47:00,0.64,True,-0.2059807542123182,0.3794745703574124,2.703243605557797
2024-10-29,2024-10-29 09:48:00,0.64,True,-0.2114890653343439,0.3742760954808042,2.7536636679835422
2024-10-29,2024-10-29 09:49:00,0.64,True,-0.2113856857366,0.3739234954073272,2.797312135969865
2024-10-29,2024-10-29 09:50:00,0.64,True,-0.1905009268313168,0.380740541702452,2.7381270000126214
2024-10-29,2024-10-29 09:51:00,0.63,True,-0.1893503792132928,0.3840166121910353,2.713313489696606
2024-10-29,2024-10-29 09:52:00,0.64,True,-0.1920521104467981,0.3788983331287524,2.7732149433879134
2024-10-29,2024-10-29 09:53:00,0.64,True,-0.200002641217468,0.3766202162464802,2.791828814866616
2024-10-29,2024-10-29 09:54:00,0.64,True,-0.1977951650161696,0.3779901714987089,2.7932500067955632
2024-10-29,2024-10-29 09:55:00,0.64,True,-0.179994893335195,0.3826773784053635,2.8145739091879767
2024-10-29,2024-10-29 09:56:00,0.64,True,-0.1829844610664369,0.3778388859135081,2.8659083207087583
2024-10-29,2024-10-29 09:57:00,0.64,True,-0.1882630052258216,0.3777339705003604,2.8142473987437264
2024-10-29,2024-10-29 09:58:00,0.64,True,-0.1955249434834888,0.3846244168841545,2.7492368284309907
2024-10-29,2024-10-29 09:59:00,0.64,True,-0.1954505026210621,0.391828967280958,2.670607535694018
2024-10-29,2024-10-29 10:00:00,0.635,True,-0.1944603086596564,0.395414539260865,2.6229154462551283
2024-10-29,2024-10-29 10:01:00,0.64,True,-0.1747972119896243,0.4097090727348063,2.50868722418589
2024-10-29,2024-10-29 10:02:00,0.64,True,-0.1533729340222808,0.4163019954433949,2.4941813897989524
2024-10-29,2024-10-29 10:03:00,0.64,True,-0.1528100030483628,0.4148338652883854,2.487314483670774
2024-10-29,2024-10-29 10:04:00,0.64,True,-0.1579481620773881,0.4115968619257999,2.498491266387053
2024-10-29,2024-10-29 10:05:00,0.64,True,-0.1645043765632388,0.4035649378550855,2.5868135020268848
2024-10-29,2024-10-29 10:06:00,0.64,True,-0.1618966487996093,0.4106949229256255,2.5704311081868596
2024-10-29,2024-10-29 10:07:00,0.64,True,-0.183314179523083,0.3998227437388508,2.635290469174378
2024-10-29,2024-10-29 10:08:00,0.64,True,-0.180320831564513,0.3930026482277692,2.693375092695944
2024-10-29,2024-10-29 10:09:00,0.64,True,-0.1940274436977865,0.3906602598108656,2.687402337893717
2024-10-29,2024-10-29 10:10:00,0.64,True,-0.180675758823723,0.3949124122597648,2.6736716757033494
2024-10-29,2024-10-29 10:11:00,0.64,True,-0.1695376488733838,0.4014929870588173,2.6438195018564454
2024-10-29,2024-10-29 10:12:00,0.64,True,-0.1745220490651405,0.4007923449165027,2.610369778930396
2024-10-29,2024-10-29 10:13:00,0.64,True,-0.1736181333157501,0.3981316134388368,2.623166975115447
2024-10-29,2024-10-29 10:14:00,0.64,True,-0.1771397247061966,0.4035682168993337,2.5887136707589695
2024-10-29,2024-10-29 10:15:00,0.64,True,-0.1806045247993195,0.4013351932559377,2.6070944854138403
2024-10-29,2024-10-29 10:16:00,0.64,True,-0.1676655380715569,0.4109994768372283,2.5465527186183996
2024-10-29,2024-10-29 10:17:00,0.64,True,-0.1721560798298376,0.4130473538396054,2.5218437215128304
2024-10-29,2024-10-29 10:18:00,0.64,True,-0.1657551553655673,0.4150899079195946,2.5025378774080425
2024-10-29,2024-10-29 10:19:00,0.64,True,-0.1670112831577671,0.4115087855978515,2.536864683198049
2024-10-29,2024-10-29 10:20:00,0.64,True,-0.1833810310189771,0.4031948432957341,2.5860106303387536
2024-10-29,2024-10-29 10:21:00,0.64,True,-0.1880197760095699,0.4012335575399308,2.5751619923129483
2024-10-29,2024-10-29 10:22:00,0.64,True,-0.1934534289443832,0.403997047627228,2.5273669692439227
2024-10-29,2024-10-29 10:23:00,0.64,True,-0.1873356460643263,0.4115424327150394,2.46062534546795
2024-10-29,2024-10-29 10:24:00,0.64,True,-0.1938865584141474,0.4027743014510162,2.53427846475784
2024-10-29,2024-10-29 10:25:00,0.64,True,-0.2108241143479453,0.3953950677674497,2.564898810560681
2024-10-29,2024-10-29 10:26:00,0.64,True,-0.2298005848834339,0.3930026700248656,2.568159585239944
2024-10-29,2024-10-29 10:27:00,0.64,True,-0.2370226947433618,0.3867426505486193,2.6013659670431553
2024-10-29,2024-10-29 10:28:00,0.64,True,-0.2209037726821717,0.3886258987018009,2.629212283577812
2024-10-29,2024-10-29 10:29:00,0.64,True,-0.2084482352622493,0.3912620768416965,2.6418497475968152
2024-10-29,2024-10-29 10:30:00,0.64,True,-0.2156874544589054,0.3880742051842641,2.6422284635821645
2024-10-29,2024-10-29 10:31:00,0.64,True,-0.2316075702578893,0.3832716912610973,2.651260390381649
2024-10-29,2024-10-29 10:32:00,0.64,True,-0.250265950456315,0.3777915704830754,2.665011001202563
2024-10-29,2024-10-29 10:33:00,0.64,True,-0.2683676575919488,0.3736841023084473,2.6537462752861916
2024-10-29,2024-10-29 10:34:00,0.64,True,-0.2728491141833983,0.3666068298220272,2.6724709516774188
2024-10-29,2024-10-29 10:35:00,0.63,True,-0.2799087116463178,0.3661598046740555,2.6620881246807477
2024-10-29,2024-10-29 10:36:00,0.64,True,-0.2796502558537356,0.3660105043203905,2.664279556351409
2024-10-29,2024-10-29 10:37:00,0.64,True,-0.2756783420405251,0.3703637926333967,2.625227520556254
2024-10-29,2024-10-29 10:38:00,0.64,True,-0.2773752902871471,0.3715888253707769,2.63297489990015
2024-10-29,2024-10-29 10:39:00,0.64,True,-0.2599671927636826,0.3761975194012136,2.6230324811395285
2024-10-29,2024-10-29 10:40:00,0.64,True,-0.2585432440267466,0.3782980332101514,2.62172165017457
2024-10-29,2024-10-29 10:41:00,0.64,True,-0.2423455976357935,0.3810577248472417,2.619566273504078
2024-10-29,2024-10-29 10:42:00,0.64,True,-0.2413236704009483,0.3819996585506638,2.6197485696016543
2024-10-29,2024-10-29 10:43:00,0.64,True,-0.248605720205213,0.3820119005813804,2.613203885745819
2024-10-29,2024-10-29 10:44:00,0.64,True,-0.2501064443778332,0.3855471853667344,2.5761365675618055
2024-10-29,2024-10-29 10:45:00,0.64,True,-0.2546531106334247,0.3810812418938034,2.6076007524573614
2024-10-29,2024-10-29 10:46:00,0.64,True,-0.2679452424004261,0.3752280195852815,2.629492349486159
2024-10-29,2024-10-29 10:47:00,0.63,True,-0.2834447894689809,0.3723867582661628,2.6326976807905873
2024-10-29,2024-10-29 10:48:00,0.64,True,-0.2915445359945742,0.3722553504011906,2.643042674087395
2024-10-29,2024-10-29 10:49:00,0.64,True,-0.287243376359442,0.3742149028597697,2.657988555555811
2024-10-29,2024-10-29 10:50:00,0.64,True,-0.2934317884617721,0.3725663512454165,2.6755168108111467
2024-10-29,2024-10-29 10:51:00,0.64,True,-0.2973664353919013,0.3739694712921015,2.6788737307646406
2024-10-29,2024-10-29 10:52:00,0.64,True,-0.2914407724023447,0.3760804301393564,2.658597924187862
2024-10-29,2024-10-29 10:53:00,0.64,True,-0.3022254410644289,0.3703147789986999,2.697268063287386
2024-10-29,2024-10-29 10:54:00,0.64,True,-0.308966257870657,0.3662476037222908,2.758162029384923
2024-10-29,2024-10-29 10:55:00,0.64,True,-0.2943885361183425,0.3714199514456485,2.758667521020436
2024-10-29,2024-10-29 10:56:00,0.64,True,-0.2867348345875248,0.3804447114545569,2.692986760983197
2024-10-29,2024-10-29 10:57:00,0.64,True,-0.2972875213203804,0.3777203163206821,2.7241959483876776
2024-10-29,2024-10-29 10:58:00,0.635,True,-0.3042745350065759,0.3713863714880492,2.7647563389709147
2024-10-29,2024-10-29 10:59:00,0.64,True,-0.3099788657837286,0.3687424042540947,2.7724203296525194
2024-10-29,2024-10-29 11:00:00,0.64,True,-0.3116890767181819,0.3676323872092354,2.777592470256959
2024-10-29,2024-10-29 11:01:00,0.64,True,-0.3083091144184058,0.3675208262602675,2.7980130797984057
2024-10-29,2024-10-29 11:02:00,0.64,True,-0.3091645959001135,0.3660279382452274,2.7987811140963683
2024-10-29,2024-10-29 11:03:00,0.64,True,-0.320480623817424,0.3624412690600551,2.8103769399362784
2024-10-29,2024-10-29 11:04:00,0.64,True,-0.3199191502216842,0.3624260817160815,2.8140457855034984
2024-10-29,2024-10-29 11:05:00,0.635,True,-0.3149840000318891,0.3634792471600516,2.8163201256591703
2024-10-29,2024-10-29 11:06:00,0.64,True,-0.3204134033703337,0.3595399365642741,2.8250102073848233
2024-10-29,2024-10-29 11:07:00,0.64,True,-0.332215772269207,0.3532595303270536,2.8633601072554877
2024-10-29,2024-10-29 11:08:00,0.64,True,-0.3444312934085594,0.3471896615983059,2.916779594933154
2024-10-29,2024-10-29 11:09:00,0.64,True,-0.3794301143455776,0.3319232380301686,2.9818096657161557
2024-10-29,2024-10-29 11:10:00,0.64,True,-0.3899730240762526,0.3277923924601201,2.984375651855905
2024-10-29,2024-10-29 11:11:00,0.64,True,-0.3811787340223433,0.3361427107109832,2.9556894880776747
2024-10-29,2024-10-29 11:12:00,0.64,True,-0.3704949083629487,0.3429125009037855,2.9278293217763984
2024-10-29,2024-10-29 11:13:00,0.64,True,-0.3591987952467845,0.3474267658579304,2.891214939897928
2024-10-29,2024-10-29 11:14:00,0.64,True,-0.3605312747992616,0.3449014593245783,2.913294581196021
2024-10-29,2024-10-29 11:15:00,0.64,True,-0.3596251688326317,0.3463028636960032,2.8918457738540844
2024-10-29,2024-10-29 11:16:00,0.64,True,-0.3544956683430543,0.3494728939158744,2.8958098319888648
2024-10-29,2024-10-29 11:17:00,0.64,True,-0.354608067132923,0.3516483318057574,2.875696884553951
2024-10-29,2024-10-29 11:18:00,0.64,True,-0.357038271632869,0.3541336525809235,2.8470828653693476
2024-10-29,2024-10-29 11:19:00,0.64,True,-0.3691612743514827,0.3482865691820709,2.9058806986627683
2024-10-29,2024-10-29 11:20:00,0.64,True,-0.3822380531236987,0.3429841068956985,2.9352974515676062
2024-10-29,2024-10-29 11:21:00,0.64,True,-0.3880036484388722,0.3428645925078222,2.929792570084208
2024-10-29,2024-10-29 11:22:00,0.64,True,-0.3902662238018784,0.3371228870572323,2.9773994928082703
2024-10-29,2024-10-29 11:23:00,0.635,True,-0.3985265686671352,0.3315983041519273,2.9817800032118735
2024-10-29,2024-10-29 11:24:00,0.64,True,-0.3979018992199747,0.3360334069309598,2.93096794007276
2024-10-29,2024-10-29 11:25:00,0.64,True,-0.3898759162470916,0.3394996487364682,2.919212003495907
2024-10-29,2024-10-29 11:26:00,0.64,True,-0.409829547906733,0.3302206344306546,2.961632328896844
2024-10-29,2024-10-29 11:27:00,0.64,True,-0.402314541134126,0.3349119299017974,2.9188276319445885
2024-10-29,2024-10-29 11:28:00,0.64,True,-0.4077917057526753,0.3323086115378917,2.914240705345001
2024-10-29,2024-10-29 11:29:00,0.64,True,-0.4086873198127125,0.3323335087336009,2.9096970222380567
2024-10-29,2024-10-29 11:30:00,0.64,True,-0.4149827426279486,0.3288180183358519,2.9391643583253884
2024-10-29,2024-10-29 11:31:00,0.64,True,-0.4166628851537863,0.3262354135606287,2.9530830545344027
2024-10-29,2024-10-29 11:32:00,0.64,True,-0.4209195874950941,0.3287560026013149,2.8980561366344126
2024-10-29,2024-10-29 11:33:00,0.64,True,-0.4222241547997848,0.3306636975970206,2.884792012979408
2024-10-29,2024-10-29 11:34:00,0.64,True,-0.4261106742177488,0.3306258088245322,2.8878595059858543
2024-10-29,2024-10-29 11:35:00,0.64,True,-0.4259312821545469,0.3292814453672599,2.899736109023732
2024-10-29,2024-10-29 11:36:00,0.64,False,-0.4123933413513581,0.3323359331408695,2.895060329451906
2024-10-29,2024-10-29 11:37:00,0.64,True,-0.3943927350856172,0.3399422914738642,2.8771140190836055
2024-10-29,2024-10-29 11:38:00,0.64,True,-0.3945603480262848,0.3379848500637578,2.884268433407322
2024-10-29,2024-10-29 11:39:00,0.64,True,-0.3989390750481749,0.3363670863944571,2.8896680309302645
2024-10-29,2024-10-29 11:40:00,0.64,True,-0.3979371786638223,0.3356278816344814,2.918636313394633
2024-10-29,2024-10-29 11:41:00,0.64,True,-0.3967583928304795,0.3372280254392955,2.9133193637784993
2024-10-29,2024-10-29 11:42:00,0.64,True,-0.3914944714058685,0.3427885102592274,2.876994152328782
2024-10-29,2024-10-29 11:43:00,0.64,True,-0.3863449212383088,0.3462357118645526,2.864289171098858
2024-10-29,2024-10-29 11:44:00,0.64,True,-0.3865422036071856,0.3443882011662895,2.8827938517673224
2024-10-29,2024-10-29 11:45:00,0.64,True,-0.3865818019619114,0.3431990434990399,2.8913259188085876
2024-10-29,2024-10-29 11:46:00,0.64,True,-0.3955149478503288,0.337568549082035,2.914278416939641
2024-10-29,2024-10-29 11:47:00,0.64,True,-0.3855854729270112,0.3422890984279933,2.876144837454922
2024-10-29,2024-10-29 11:48:00,0.64,True,-0.3714199377148943,0.346692555094422,2.8487617338233004
2024-10-29,2024-10-29 11:49:00,0.64,True,-0.3689141379334716,0.3490966882862955,2.8332529490221585
2024-10-29,2024-10-29 11:50:00,0.64,True,-0.3765325689636539,0.3462368784862321,2.8392889962550547
2024-10-29,2024-10-29 11:51:00,0.64,True,-0.380752985756608,0.3488558056047376,2.816873752029947
2024-10-29,2024-10-29 11:52:00,0.64,True,-0.3850995862813606,0.3485252641892536,2.820453754601356
2024-10-29,2024-10-29 11:53:00,0.64,True,-0.3832408329109988,0.3480522538838758,2.8237926171776713
2024-10-29,2024-10-29 11:54:00,0.64,True,-0.3783726599876029,0.3523938429293395,2.785797372619267
2024-10-29,2024-10-29 11:55:00,0.64,True,-0.3697538262539373,0.3562401919000159,2.7811302206519475
2024-10-29,2024-10-29 11:56:00,0.64,True,-0.3779397722210153,0.3518671764348946,2.7995477727689773
2024-10-29,2024-10-29 11:57:00,0.64,True,-0.3884615605883953,0.3487731312984596,2.817527640638818
2024-10-29,2024-10-29 11:58:00,0.64,True,-0.391846613186994,0.3491589605226761,2.815978869816065
2024-10-29,2024-10-29 11:59:00,0.64,True,-0.3913359334934522,0.3492110776430355,2.7968555871231215
2024-10-29,2024-10-29 12:00:00,0.64,True,-0.3890123040801548,0.3508845513059153,2.7885232974312615
2024-10-29,2024-10-29 12:01:00,0.64,True,-0.4031552461368874,0.3459455815217077,2.823984896263698
2024-10-29,2024-10-29 12:02:00,0.64,True,-0.404126261245892,0.3443872712000524,2.8160225036237234
2024-10-29,2024-10-29 12:03:00,0.64,True,-0.3993794188736652,0.3459635603666168,2.818694864691177
2024-10-29,2024-10-29 12:04:00,0.64,True,-0.4012847935276576,0.3455013933647672,2.8296891109549795
2024-10-29,2024-10-29 12:05:00,0.64,True,-0.3987392798932522,0.3410070154227304,2.871438935627581
2024-10-29,2024-10-29 12:06:00,0.64,True,-0.3996310350319191,0.3380576845909527,2.9032994315356873
2024-10-29,2024-10-29 12:07:00,0.64,True,-0.3971440261164152,0.3376619307939744,2.905463831485392
2024-10-29,2024-10-29 12:08:00,0.64,True,-0.4074863130178318,0.3318203296980544,2.936375868106196
2024-10-29,2024-10-29 12:09:00,0.64,True,-0.4047374892505448,0.3323312903984126,2.9350523129340647
2024-10-29,2024-10-29 12:10:00,0.64,True,-0.4126551884901112,0.3276207119814601,2.9537209302946983
2024-10-29,2024-10-29 12:11:00,0.64,True,-0.4108128540385771,0.3287096933145891,2.9489811793454783
2024-10-29,2024-10-29 12:12:00,0.64,True,-0.4025183325432442,0.3317479143627628,2.9199108893975203
2024-10-29,2024-10-29 12:13:00,0.64,True,-0.3970772239146357,0.332314698075881,2.913948075682719
2024-10-29,2024-10-29 12:14:00,0.64,True,-0.4005002069877709,0.332456465046172,2.914153914490712
2024-10-29,2024-10-29 12:15:00,0.64,True,-0.4023496999976038,0.3325823832782352,2.917751952510952
2024-10-29,2024-10-29 12:16:00,0.64,True,-0.417062479665349,0.3288005369820481,2.9318003209789825
2024-10-29,2024-10-29 12:17:00,0.64,True,-0.4377478691465391,0.3219899262717071,2.9540102226648934
2024-10-29,2024-10-29 12:18:00,0.64,True,-0.449843621735351,0.3167209623033133,2.971009087008494
2024-10-29,2024-10-29 12:19:00,0.64,True,-0.4448294133688089,0.3221778236301574,2.9216760729893667
2024-10-29,2024-10-29 12:20:00,0.64,True,-0.4408145772444785,0.3220903914651299,2.937954724965792
2024-10-29,2024-10-29 12:21:00,0.64,True,-0.4374845937035413,0.322377507002711,2.9412506603266277
2024-10-29,2024-10-29 12:22:00,0.64,True,-0.4354674981222616,0.3231757351053667,2.949651397486286
2024-10-29,2024-10-29 12:23:00,0.64,True,-0.4317773436828803,0.3250577242781817,2.9689716523722285
2024-10-29,2024-10-29 12:24:00,0.64,True,-0.4354884242083361,0.3232893323679821,2.9733552381903383
2024-10-29,2024-10-29 12:25:00,0.64,True,-0.4376368645936631,0.3219026500186285,2.9952654544759487
2024-10-29,2024-10-29 12:26:00,0.64,True,-0.4371525275265825,0.3180952717672338,3.02684819169221
2024-10-29,2024-10-29 12:27:00,0.64,True,-0.438239793241343,0.3156125083897987,3.057998319461021
2024-10-29,2024-10-29 12:28:00,0.64,True,-0.4405566668663797,0.3133865961280531,3.0816202077333803
2024-10-29,2024-10-29 12:29:00,0.64,True,-0.4450269666849849,0.3107877340663686,3.0926381277307113
2024-10-29,2024-10-29 12:30:00,0.64,True,-0.448178123730477,0.3107797673296726,3.0956448812443527
2024-10-29,2024-10-29 12:31:00,0.64,True,-0.463966615985704,0.3055018057913988,3.128837999407628
2024-10-29,2024-10-29 12:32:00,0.64,True,-0.4575206682429888,0.3066714814061109,3.1319092165809144
2024-10-29,2024-10-29 12:33:00,0.64,True,-0.4594589398006066,0.3033315418299279,3.157617442257903
2024-10-29,2024-10-29 12:34:00,0.64,True,-0.4542255618945244,0.3050828148174241,3.1386452461027936
2024-10-29,2024-10-29 12:35:00,0.64,True,-0.4429131774040619,0.3076872609840527,3.157459923007526
2024-10-29,2024-10-29 12:36:00,0.64,True,-0.4429730047716968,0.308896623114148,3.1700069090758483
2024-10-29,2024-10-29 12:37:00,0.64,True,-0.4427564373910673,0.3071218829136913,3.180233435909259
2024-10-29,2024-10-29 12:38:00,0.64,True,-0.4510768270520914,0.3036235893107906,3.200270634046183
2024-10-29,2024-10-29 12:39:00,0.64,True,-0.4585025925973692,0.3013648672536301,3.2020831966266625
2024-10-29,2024-10-29 12:40:00,0.64,True,-0.4711136802273886,0.2966439612494431,3.206408387677808
2024-10-29,2024-10-29 12:41:00,0.64,True,-0.474702690779643,0.2939750062182472,3.213697792042898
2024-10-29,2024-10-29 12:42:00,0.64,True,-0.483524693008533,0.2919214151438845,3.227409484290903
2024-10-29,2024-10-29 12:43:00,0.64,True,-0.4938867437527893,0.2933223854958591,3.1936443489601616
2024-10-29,2024-10-29 12:44:00,0.64,True,-0.5046685801500923,0.2926222321715074,3.1820088196033467
2024-10-29,2024-10-29 12:45:00,0.64,True,-0.5011364662486608,0.2928411156535461,3.18064828833821
2024-10-29,2024-10-29 12:46:00,0.64,True,-0.4964789479834632,0.2951063277057299,3.1624117140511583
2024-10-29,2024-10-29 12:47:00,0.64,True,-0.5063908646323938,0.2909676857090535,3.169728351719783
2024-10-29,2024-10-29 12:48:00,0.64,True,-0.5094518810192747,0.2911912260456537,3.159207507436243
2024-10-29,2024-10-29 12:49:00,0.64,True,-0.507637107513867,0.2913000767359808,3.155564979595817
2024-10-29,2024-10-29 12:50:00,0.64,True,-0.513464466817735,0.2880378493300135,3.1702332639015447
2024-10-29,2024-10-29 12:51:00,0.64,True,-0.5088624632000764,0.2883461570118656,3.1731975621037485
2024-10-29,2024-10-29 12:52:00,0.635,True,-0.5133150139038389,0.2894401918354287,3.163799449450188
2024-10-29,2024-10-29 12:53:00,0.64,True,-0.5110581406740209,0.2889085457080119,3.166562349792467
2024-10-29,2024-10-29 12:54:00,0.64,True,-0.5050527645821181,0.2894799109345053,3.1827898984865226
2024-10-29,2024-10-29 12:55:00,0.64,True,-0.5007090417422633,0.2907063510280509,3.186953564034557
2024-10-29,2024-10-29 12:56:00,0.64,True,-0.5020986716255975,0.28919326024148,3.1931779020997793
2024-10-29,2024-10-29 12:57:00,0.64,True,-0.4977847990170291,0.2907110686552138,3.188080323314858
2024-10-29,2024-10-29 12:58:00,0.64,True,-0.494739278112228,0.2908210332673381,3.2008119425052297
2024-10-29,2024-10-29 12:59:00,0.64,True,-0.4964786971201042,0.2905284498318042,3.2077140987863686
2024-10-29,2024-10-29 13:00:00,0.64,True,-0.4911905289540048,0.2888728669763105,3.2342179620116127
2024-10-29,2024-10-29 13:01:00,0.64,True,-0.4913796921187869,0.2901701589128219,3.237919107342489
2024-10-29,2024-10-29 13:02:00,0.64,True,-0.4998943211083289,0.2873075157452495,3.237962149920077
2024-10-29,2024-10-29 13:03:00,0.64,True,-0.5099052766915431,0.282432289278477,3.2400352272239403
2024-10-29,2024-10-29 13:04:00,0.64,True,-0.5229730570631062,0.2779902701567636,3.2535961215498075
2024-10-29,2024-10-29 13:05:00,0.64,True,-0.5236872390204166,0.2768459561872305,3.24545607605614
2024-10-29,2024-10-29 13:06:00,0.64,True,-0.5162781776277301,0.2803702666308652,3.224693582766659
2024-10-29,2024-10-29 13:07:00,0.64,True,-0.5181404287465439,0.280736325281336,3.203899404576362
2024-10-29,2024-10-29 13:08:00,0.64,True,-0.5196165496480325,0.2797851470686038,3.2038302625045496
2024-10-29,2024-10-29 13:09:00,0.64,True,-0.5198140888971423,0.2801149601296786,3.19092653698585
2024-10-29,2024-10-29 13:10:00,0.65,True,-0.5181100934492013,0.2823378086005831,3.172501197094597
2024-10-29,2024-10-29 13:11:00,0.65,True,-0.5179405398165406,0.2832885940383748,3.150483150249978
2024-10-29,2024-10-29 13:12:00,0.65,True,-0.5265229974134624,0.2802343336569925,3.157058436934208
2024-10-29,2024-10-29 13:13:00,0.65,True,-0.5225960219757304,0.2814053564281388,3.149909294136327
2024-10-29,2024-10-29 13:14:00,0.64,True,-0.5168200559557297,0.2820055039252817,3.154564257123959
2024-10-29,2024-10-29 13:15:00,0.645,True,-0.5092636092087104,0.2842576247287736,3.1422231010589745
2024-10-29,2024-10-29 13:16:00,0.645,True,-0.5197496706466165,0.2802980129801095,3.17809245281007
2024-10-29,2024-10-29 13:17:00,0.645,True,-0.5275051364501959,0.2789680703770912,3.183540389059471
2024-10-29,2024-10-29 13:18:00,0.65,True,-0.5283565948820839,0.2785481462945711,3.189080003937101
2024-10-29,2024-10-29 13:19:00,0.65,True,-0.5313806220076578,0.2764757377609037,3.1998285733962484
2024-10-29,2024-10-29 13:20:00,0.645,True,-0.5302036758613473,0.2767715722328747,3.200463378655845
2024-10-29,2024-10-29 13:21:00,0.65,True,-0.5366135710297892,0.2757132950778275,3.1912808949918734
2024-10-29,2024-10-29 13:22:00,0.65,True,-0.5338612686218647,0.2785823584959536,3.170113048794677
2024-10-29,2024-10-29 13:23:00,0.65,True,-0.537771033603518,0.2775829243747882,3.1869339378094677
2024-10-29,2024-10-29 13:24:00,0.65,True,-0.539986179121595,0.2748482403511061,3.1986582094718345
2024-10-29,2024-10-29 13:25:00,0.65,True,-0.5433965385299218,0.2727712492433038,3.2168600706029356
2024-10-29,2024-10-29 13:26:00,0.65,True,-0.5384790481674671,0.2738326299356311,3.230919066532838
2024-10-29,2024-10-29 13:27:00,0.65,True,-0.5315941682051435,0.274825700209057,3.218816822570623
2024-10-29,2024-10-29 13:28:00,0.65,True,-0.5325471004732403,0.2741080581056189,3.22637583801701
2024-10-29,2024-10-29 13:29:00,0.65,True,-0.5320147661038526,0.2739773530894156,3.2139299285689384
2024-10-29,2024-10-29 13:30:00,0.65,True,-0.532268536935081,0.2760120655557972,3.197367296828204
2024-10-29,2024-10-29 13:31:00,0.65,True,-0.5333417602729986,0.2763743443814947,3.1807563839094697
2024-10-29,2024-10-29 13:32:00,0.65,True,-0.540940567949064,0.2797007570848823,3.140507782172159
2024-10-29,2024-10-29 13:33:00,0.65,True,-0.5423382121354785,0.2817048179473531,3.118895733304395
2024-10-29,2024-10-29 13:34:00,0.65,True,-0.5423377977256685,0.2823261987265976,3.1145680989986753
2024-10-29,2024-10-29 13:35:00,0.65,True,-0.5502907322476678,0.2813374198030975,3.100242280746078
2024-10-29,2024-10-29 13:36:00,0.65,True,-0.5471225280774099,0.2814718543910282,3.094962819996398
2024-10-29,2024-10-29 13:37:00,0.65,True,-0.5504505688079229,0.2824266789978511,3.085317625249418
2024-10-29,2024-10-29 13:38:00,0.65,True,-0.5540386172770886,0.2818964708705406,3.0911355330938033
2024-10-29,2024-10-29 13:39:00,0.65,True,-0.5541138395037424,0.2811939722656404,3.0764473625608297
2024-10-29,2024-10-29 13:40:00,0.65,True,-0.557088113240074,0.2807941674742122,3.081171162940656
2024-10-29,2024-10-29 13:41:00,0.65,True,-0.5533290012926688,0.2839518434992565,3.0691211297178276
2024-10-29,2024-10-29 13:42:00,0.65,True,-0.5467111110605773,0.2858346168321881,3.0627289085772498
2024-10-29,2024-10-29 13:43:00,0.65,True,-0.553797379150925,0.2808090745445416,3.0806557306777176
2024-10-29,2024-10-29 13:44:00,0.65,True,-0.5448181807335357,0.2845569009946642,3.0716723215521884
2024-10-29,2024-10-29 13:45:00,0.65,True,-0.5377645223577641,0.2871913047924247,3.083579706127081
2024-10-29,2024-10-29 13:46:00,0.65,True,-0.5354482927833912,0.2882054005886474,3.0870739691124895
2024-10-29,2024-10-29 13:47:00,0.65,True,-0.5312015557628247,0.2897887557370129,3.0805577902852734
2024-10-29,2024-10-29 13:48:00,0.65,True,-0.5277892509733682,0.2919772479877224,3.0709105006924515
2024-10-29,2024-10-29 13:49:00,0.65,True,-0.5287021555078915,0.2965199857031537,3.0355052242565237
2024-10-29,2024-10-29 13:50:00,0.65,True,-0.528650981032357,0.2978044295066426,3.020474797957361
2024-10-29,2024-10-29 13:51:00,0.65,True,-0.5256690371949901,0.296228543014976,3.0330338616696144
2024-10-29,2024-10-29 13:52:00,0.65,True,-0.5341502029162948,0.2923532790213985,3.0509780083219407
2024-10-29,2024-10-29 13:53:00,0.65,True,-0.539645517493655,0.2904688016616343,3.0620244191554216
2024-10-29,2024-10-29 13:54:00,0.65,True,-0.532827605895259,0.2942186456243087,3.0383218575267454
2024-10-29,2024-10-29 13:55:00,0.645,True,-0.5278946107981308,0.2962876807358539,3.030359868671801
2024-10-29,2024-10-29 13:56:00,0.65,True,-0.5191983237478262,0.2976559510035012,3.0352143764931707
2024-10-29,2024-10-29 13:57:00,0.65,True,-0.5106362459259863,0.3024943142625635,3.004339815613738
2024-10-29,2024-10-29 13:58:00,0.65,True,-0.5105173027994028,0.3012373795687514,3.0189235678011888
2024-10-29,2024-10-29 13:59:00,0.65,True,-0.5033900494509933,0.3049798841794389,2.9939958594772933
2024-10-29,2024-10-29 14:00:00,0.65,True,-0.5039871987165332,0.305375995449426,2.994068636020867
2024-10-29,2024-10-29 14:01:00,0.65,True,-0.5094803840771704,0.3055017603763037,2.9947674131793134
2024-10-29,2024-10-29 14:02:00,0.65,True,-0.5081105181086765,0.3071213763200244,2.97344373071985
2024-10-29,2024-10-29 14:03:00,0.65,True,-0.5088628429138413,0.3053049831295492,2.9925043964993505
2024-10-29,2024-10-29 14:04:00,0.65,True,-0.503221757428518,0.307017809383021,2.982710136718472
2024-10-29,2024-10-29 14:05:00,0.64,True,-0.5016511594729474,0.307436253765728,2.9886161484960603
2024-10-29,2024-10-29 14:06:00,0.65,True,-0.5051681221688082,0.3064737864496146,2.98557527630652
2024-10-29,2024-10-29 14:07:00,0.65,True,-0.505240884685942,0.3060755672352975,3.0017129168054217
2024-10-29,2024-10-29 14:08:00,0.65,True,-0.5095558646902318,0.3060327000690288,2.9933815794699536
2024-10-29,2024-10-29 14:09:00,0.66,True,-0.514400071547509,0.3062176339992308,2.9899275854285614
2024-10-29,2024-10-29 14:10:00,0.65,True,-0.5125021800497787,0.3081039551018661,2.980526533019414
2024-10-29,2024-10-29 14:11:00,0.66,True,-0.5130808500557262,0.3097039753114282,2.969701676451056
2024-10-29,2024-10-29 14:12:00,0.65,True,-0.5054350542431183,0.3106843645453631,2.975110265437811
2024-10-29,2024-10-29 14:13:00,0.66,True,-0.5007548878882104,0.3133527508868611,2.9600230793489497
2024-10-29,2024-10-29 14:14:00,0.655,True,-0.4988490051175607,0.3154471870639561,2.945956921276706
2024-10-29,2024-10-29 14:15:00,0.66,True,-0.5019863740592174,0.3142771162508474,2.954889373868844
2024-10-29,2024-10-29 14:16:00,0.66,True,-0.4975683105747019,0.3151602193829391,2.9483853879227184
2024-10-29,2024-10-29 14:17:00,0.66,True,-0.4968811519332588,0.3144012721256818,2.954937024063329
2024-10-29,2024-10-29 14:18:00,0.66,True,-0.510754000169886,0.3093559982293502,2.964748799713947
2024-10-29,2024-10-29 14:19:00,0.66,True,-0.5190656285951021,0.3042785917106109,2.988899397601238
2024-10-29,2024-10-29 14:20:00,0.66,True,-0.5201768817565964,0.3046512342616244,2.980694811441991
2024-10-29,2024-10-29 14:21:00,0.66,True,-0.5140469834120505,0.3063439327402774,2.9796546249059
2024-10-29,2024-10-29 14:22:00,0.66,True,-0.5165324185533462,0.3058146335455252,2.995861120450233
2024-10-29,2024-10-29 14:23:00,0.65,True,-0.5216856128649152,0.3049538083619487,2.997427665462127
2024-10-29,2024-10-29 14:24:00,0.66,True,-0.5277173707905813,0.3005764792352315,3.010748270154207
2024-10-29,2024-10-29 14:25:00,0.66,True,-0.526865484760463,0.3010110848032612,2.984488263965466
2024-10-29,2024-10-29 14:26:00,0.66,True,-0.5153144412618036,0.3041108652544713,2.962208252964822
2024-10-29,2024-10-29 14:27:00,0.66,True,-0.5088263056071081,0.3062044810572933,2.950331979663554
2024-10-29,2024-10-29 14:28:00,0.66,True,-0.508947212357254,0.3068068432672178,2.938001204355542
2024-10-29,2024-10-29 14:29:00,0.655,True,-0.5141260282406552,0.3061962751267073,2.9319012892958116
2024-10-29,2024-10-29 14:30:00,0.66,True,-0.5071121427036887,0.3091677183818903,2.913908914313017
2024-10-29,2024-10-29 14:31:00,0.66,True,-0.5040919354110442,0.3097456461263191,2.925295785089053
2024-10-29,2024-10-29 14:32:00,0.66,True,-0.5052340765837895,0.3083784698247138,2.940184910978119
2024-10-29,2024-10-29 14:33:00,0.655,True,-0.5070066689379196,0.3092185131914798,2.9367068694376384
2024-10-29,2024-10-29 14:34:00,0.66,True,-0.5034985254053201,0.3083388391732085,2.94678660206142
2024-10-29,2024-10-29 14:35:00,0.66,True,-0.511568217263908,0.3069000100589774,2.9451089371617387
2024-10-29,2024-10-29 14:36:00,0.66,True,-0.5162726547920324,0.3044959916894433,2.9568900088252645
2024-10-29,2024-10-29 14:37:00,0.66,True,-0.5174634043214061,0.3029861616507268,2.9671482717487963
2024-10-29,2024-10-29 14:38:00,0.66,True,-0.5191367746816957,0.3017212282344182,2.969621759435116
2024-10-29,2024-10-29 14:39:00,0.66,True,-0.5202570896105849,0.3009149094787911,2.9622298972399337
2024-10-29,2024-10-29 14:40:00,0.66,True,-0.5263737987464991,0.2979417853170725,2.967746339588568
2024-10-29,2024-10-29 14:41:00,0.66,True,-0.520964208124816,0.2992051875418231,2.961868264951571
2024-10-29,2024-10-29 14:42:00,0.66,True,-0.5220991463354503,0.2954351278697621,2.9966407689753756
2024-10-29,2024-10-29 14:43:00,0.66,True,-0.526770821793034,0.2931015622337125,3.0051329723487186
2024-10-29,2024-10-29 14:44:00,0.66,True,-0.5305671465710604,0.2931085007997254,2.996647267702051
2024-10-29,2024-10-29 14:45:00,0.66,True,-0.5227908036729163,0.2971988257862372,2.9891931601696147
2024-10-29,2024-10-29 14:46:00,0.66,True,-0.5281659339195839,0.2947737346081406,2.9999766234808996
2024-10-29,2024-10-29 14:47:00,0.66,True,-0.5276008063774789,0.2951374179813661,3.0089058615102275
2024-10-29,2024-10-29 14:48:00,0.66,True,-0.5296899220076037,0.2927571641776482,3.0264610222488995
2024-10-29,2024-10-29 14:49:00,0.66,True,-0.5289561500544386,0.2924272744542686,3.0274901750891243
2024-10-29,2024-10-29 14:50:00,0.66,True,-0.5335105194895498,0.2910531208232392,3.0127578296693427
2024-10-29,2024-10-29 14:51:00,0.66,True,-0.5416311037859596,0.2867968126846912,3.018306960914258
2024-10-29,2024-10-29 14:52:00,0.66,True,-0.5423287384371311,0.2866885421156114,3.0144770686075772
2024-10-29,2024-10-29 14:53:00,0.66,True,-0.5441627505840456,0.288007532154388,3.0134586826115477
2024-10-29,2024-10-29 14:54:00,0.66,True,-0.5514005753302273,0.2842454222471763,3.017095674760922
2024-10-29,2024-10-29 14:55:00,0.66,True,-0.5495890305927973,0.2857113759599226,2.991811409545624
2024-10-29,2024-10-29 14:56:00,0.66,True,-0.5436202396605041,0.2884385353001369,2.986164827080361
2024-10-29,2024-10-29 14:57:00,0.66,True,-0.5436368919323114,0.2892360459223504,2.987634816075192
2024-10-29,2024-10-29 14:58:00,0.66,True,-0.5405914319910092,0.2918752405877052,2.9909811627472833
2024-10-29,2024-10-29 14:59:00,0.66,True,-0.5401739317275944,0.2923415019175998,2.9844632080813533
2024-10-29,2024-10-29 15:00:00,0.66,True,-0.5374341813648746,0.2928734522468907,2.993383035871613
2024-10-29,2024-10-29 15:01:00,0.66,True,-0.5366992253146425,0.2930539466724251,2.991859292274224
2024-10-29,2024-10-29 15:02:00,0.66,True,-0.5407406637635961,0.291069656678491,2.996088872830891
2024-10-29,2024-10-29 15:03:00,0.66,True,-0.5362839318941388,0.2897050832511303,3.006378827299333
2024-10-29,2024-10-29 15:04:00,0.655,True,-0.5389418666826904,0.2894161037794432,2.998377154275087
2024-10-29,2024-10-29 15:05:00,0.66,True,-0.5361534061744455,0.2877670729961267,3.022474161224269
2024-10-29,2024-10-29 15:06:00,0.66,True,-0.5361905873362198,0.2864962492997102,3.025024510242828
2024-10-29,2024-10-29 15:07:00,0.66,True,-0.5430204026427419,0.2829953598333808,3.0284627177353283
2024-10-29,2024-10-29 15:08:00,0.66,True,-0.55549993328682,0.2807143142397743,3.022849989048595
2024-10-29,2024-10-29 15:09:00,0.66,True,-0.5541911744204633,0.2807945149287003,3.0173205850489166
2024-10-29,2024-10-29 15:10:00,0.66,True,-0.5591084501877965,0.2797391377591972,3.0129797114152956
2024-10-29,2024-10-29 15:11:00,0.66,True,-0.5496442187807602,0.2822051075262146,3.0316721338908255
2024-10-29,2024-10-29 15:12:00,0.66,True,-0.5585124579674019,0.2789397212695059,3.053622273282482
2024-10-29,2024-10-29 15:13:00,0.66,True,-0.560648353628223,0.2808400561134169,3.0184222173936557
2024-10-29,2024-10-29 15:14:00,0.66,True,-0.5587622711321711,0.2830402820042463,3.005961532133729
2024-10-29,2024-10-29 15:15:00,0.66,True,-0.5634850010068155,0.2789055941126278,3.032257466189338
2024-10-29,2024-10-29 15:16:00,0.66,True,-0.5670133569225049,0.2791310722444079,3.02862155954342
2024-10-29,2024-10-29 15:17:00,0.65,True,-0.55884550703284,0.2841740129634026,2.998296770050951
2024-10-29,2024-10-29 15:18:00,0.65,True,-0.5594851564040166,0.2888418727008709,2.9674883644650674
2024-10-29,2024-10-29 15:19:00,0.65,True,-0.5533736472111206,0.2935102808698162,2.956565884408076
2024-10-29,2024-10-29 15:20:00,0.65,True,-0.548607143734247,0.2966933773516534,2.937568467632681
2024-10-29,2024-10-29 15:21:00,0.65,True,-0.5528063571716735,0.2951215132239438,2.9341046574362055
2024-10-29,2024-10-29 15:22:00,0.65,True,-0.5513504922905339,0.2945911124228111,2.936030767224326
2024-10-29,2024-10-29 15:23:00,0.65,True,-0.5598403695664893,0.2928985274501757,2.92543376200786
2024-10-29,2024-10-29 15:24:00,0.65,True,-0.5628070965865533,0.2933060005160198,2.913975051398659
2024-10-29,2024-10-29 15:25:00,0.65,True,-0.5704785988413108,0.2912966191320123,2.911485872400497
2024-10-29,2024-10-29 15:26:00,0.65,True,-0.5594608829441836,0.2939387448755989,2.9154940800172655
2024-10-29,2024-10-29 15:27:00,0.65,True,-0.5621653558474442,0.2929486386236057,2.910509390430992
2024-10-29,2024-10-29 15:28:00,0.65,True,-0.5690338048533712,0.2905045887416067,2.910471543866939
2024-10-29,2024-10-29 15:29:00,0.65,True,-0.5727568833029466,0.2894766608726017,2.9187421937044222
2024-10-29,2024-10-29 15:30:00,0.65,True,-0.5666619966129758,0.2901008628671585,2.925094015582066
2024-10-29,2024-10-29 15:31:00,0.64,True,-0.5700091218612278,0.2876039515279454,2.938334497923621
2024-10-29,2024-10-29 15:32:00,0.65,True,-0.5705263993627321,0.2874990984711485,2.9366606623833893
2024-10-29,2024-10-29 15:33:00,0.65,True,-0.5693795774247028,0.2881859370074811,2.9334151762857257
2024-10-29,2024-10-29 15:35:00,0.65,True,-0.5700066317965069,0.2920109241358802,2.9082904250851302
2024-10-29,2024-10-29 15:36:00,0.65,True,-0.5582285088614718,0.2969247595731687,2.8744236880381515
2024-10-29,2024-10-29 15:37:00,0.65,True,-0.5554476180442802,0.2975514241889554,2.8658405196988364
2024-10-29,2024-10-29 15:38:00,0.65,True,-0.5504439854096619,0.3012687115898066,2.8418018227332915
2024-10-29,2024-10-29 15:39:00,0.65,True,-0.5426419845478443,0.3025880291424938,2.847874144940171
2024-10-29,2024-10-29 15:40:00,0.65,True,-0.5447015355227434,0.2993610202788463,2.8747943815443597
2024-10-29,2024-10-29 15:41:00,0.65,True,-0.5477717651052256,0.2980053542812879,2.8844446667019
2024-10-29,2024-10-29 15:42:00,0.65,True,-0.5491499365295351,0.2980858580609474,2.900910818745871
2024-10-29,2024-10-29 15:43:00,0.65,True,-0.5620007550986565,0.2922268655556553,2.9438107689817627
2024-10-29,2024-10-29 15:44:00,0.65,True,-0.5636300975006578,0.2927325053008369,2.9397410586406885
2024-10-29,2024-10-29 15:45:00,0.65,True,-0.567658917770244,0.292435944993822,2.9198791508591144
2024-10-29,2024-10-29 15:46:00,0.65,True,-0.5660675487923814,0.2963348558474481,2.885998910540068
2024-10-29,2024-10-29 15:47:00,0.65,True,-0.5585285772219677,0.3005616144204519,2.8462406932861044
2024-10-29,2024-10-29 15:48:00,0.65,True,-0.5574873767463002,0.3017013801767545,2.8338410464703547
2024-10-29,2024-10-29 15:49:00,0.65,True,-0.5629819122990629,0.3025120817457541,2.825893305635643
2024-10-29,2024-10-29 15:50:00,0.65,True,-0.5639787989434641,0.3022225415474447,2.824646408395896
2024-10-29,2024-10-29 15:51:00,0.65,True,-0.5522371266645962,0.3026175447605147,2.823126822765969
2024-10-29,2024-10-29 15:52:00,0.65,True,-0.5499092779510768,0.3053935948471159,2.8075772854501535
2024-10-29,2024-10-29 15:53:00,0.65,True,-0.5548205702247218,0.3094475748561127,2.769221293467687
2024-10-29,2024-10-29 15:54:00,0.65,True,-0.5577914552603984,0.3073127740342402,2.7837838251697935
2024-10-29,2024-10-29 15:55:00,0.65,True,-0.5509262159627435,0.3081866066545059,2.7935831384590273
2024-10-29,2024-10-29 15:56:00,0.65,True,-0.5367468129478714,0.3100526992463769,2.820776703045814
2024-10-29,2024-10-29 15:57:00,0.65,True,-0.5291419669417328,0.3101120611175196,2.847033861649463
2024-10-29,2024-10-29 15:58:00,0.65,True,-0.5179169266108168,0.3151328123648174,2.8315181718052345
2024-10-29,2024-10-29 15:59:00,0.65,True,-0.5187524282294702,0.3158805795113695,2.824852136878051
2024-10-29,2024-10-29 16:00:00,0.65,True,-0.5216664324893721,0.3138374443324342,2.803874030326659
2024-10-30,2024-10-30 09:31:00,0.625,True,-0.7298415292742473,0.2583203985255777,4.141975627844255
2024-10-30,2024-10-30 09:32:00,0.63,True,-0.730050140692055,0.2597189742451954,4.0796040783235314
2024-10-30,2024-10-30 09:33:00,0.63,True,-0.7422070609807276,0.2502759102300226,4.19984679505405
2024-10-30,2024-10-30 09:34:00,0.63,True,-0.7033961457210114,0.2586626860080356,4.131629355430386
2024-10-30,2024-10-30 09:35:00,0.63,True,-0.675809926119195,0.2650772400296065,4.0996206811430795
2024-10-30,2024-10-30 09:36:00,0.63,True,-0.683807501358825,0.272605461866016,4.118470685310267
2024-10-30,2024-10-30 09:37:00,0.63,True,-0.6881970013557719,0.2818865438108086,4.058856343928572
2024-10-30,2024-10-30 09:38:00,0.63,True,-0.6603384765230689,0.3058607862757713,3.96308170420795
2024-10-30,2024-10-30 09:39:00,0.63,True,-0.6689890258347932,0.3084479898641006,3.997255389313058
2024-10-30,2024-10-30 09:40:00,0.63,True,-0.674501804452093,0.2985623150629704,4.095534954988058
2024-10-30,2024-10-30 09:41:00,0.63,True,-0.6841363433945831,0.2816926747463905,4.287838497772359
2024-10-30,2024-10-30 09:42:00,0.63,True,-0.6863983817586445,0.2723567311824399,4.421316239336439
2024-10-30,2024-10-30 09:43:00,0.63,True,-0.6248851587964106,0.2946203088764196,4.331386331108567
2024-10-30,2024-10-30 09:44:00,0.63,True,-0.6485928328421573,0.2883028325410681,4.381263819958866
2024-10-30,2024-10-30 09:45:00,0.63,True,-0.6395057077321475,0.2960275596173615,4.325225148116568
2024-10-30,2024-10-30 09:46:00,0.63,True,-0.6403457252933551,0.3032070229872066,4.220645894139212
2024-10-30,2024-10-30 09:47:00,0.63,True,-0.6316503560749902,0.3136745045520007,4.122051778184636
2024-10-30,2024-10-30 09:48:00,0.63,True,-0.6110078762853826,0.3209380089499871,4.063064489678209
2024-10-30,2024-10-30 09:49:00,0.63,True,-0.5970294600591857,0.318711839312565,4.01485904932818
2024-10-30,2024-10-30 09:50:00,0.63,True,-0.6026715810100638,0.3158064119251406,4.082085136150622
2024-10-30,2024-10-30 09:51:00,0.63,True,-0.6276156061113936,0.3083637833656653,4.171891809343673
2024-10-30,2024-10-30 09:52:00,0.63,True,-0.6380308781670012,0.3134798697719624,4.142668318003998
2024-10-30,2024-10-30 09:53:00,0.63,True,-0.6300157579708403,0.3112605741701876,4.139524687264061
2024-10-30,2024-10-30 09:54:00,0.63,True,-0.589969634283189,0.3270576163624423,4.0658432117828776
2024-10-30,2024-10-30 09:55:00,0.63,True,-0.5952984311705374,0.3315931496811121,3.9805817320753247
2024-10-30,2024-10-30 09:56:00,0.63,True,-0.610904103690455,0.3303246229388642,3.951205578269837
2024-10-30,2024-10-30 09:57:00,0.63,True,-0.6228939665455253,0.3207621634450667,3.9583780411149094
2024-10-30,2024-10-30 09:58:00,0.63,True,-0.6207967883591547,0.3212066508500879,3.9895938183545088
2024-10-30,2024-10-30 09:59:00,0.63,True,-0.6349371348406052,0.3154725262347481,4.031753304912395
2024-10-30,2024-10-30 10:00:00,0.63,True,-0.6230349009912768,0.3186221276755802,4.0309663096496315
2024-10-30,2024-10-30 10:01:00,0.63,True,-0.6506725949394321,0.3193645404904143,3.9987826141705622
2024-10-30,2024-10-30 10:02:00,0.63,True,-0.6418093101135856,0.3228279291067893,4.014978297497769
2024-10-30,2024-10-30 10:03:00,0.63,True,-0.6241635957720615,0.3333683250432331,3.9431785850096657
2024-10-30,2024-10-30 10:04:00,0.63,True,-0.6278097156191589,0.3367205456806275,3.863477260889887
2024-10-30,2024-10-30 10:05:00,0.63,True,-0.6336520380062995,0.3372903600149429,3.8628744832906423
2024-10-30,2024-10-30 10:06:00,0.63,True,-0.6401294821180561,0.3315147819570319,3.913397444862639
2024-10-30,2024-10-30 10:07:00,0.63,True,-0.6514264854112606,0.3313132100498047,3.93679680191142
2024-10-30,2024-10-30 10:08:00,0.63,True,-0.6230906810000323,0.3428248710737497,3.86395143495734
2024-10-30,2024-10-30 10:09:00,0.63,True,-0.6089181085950641,0.3545944142628479,3.772801779436985
2024-10-30,2024-10-30 10:10:00,0.63,True,-0.6167454410849247,0.3502161480869855,3.769310035561048
2024-10-30,2024-10-30 10:11:00,0.63,True,-0.6263196079428601,0.3444425259653361,3.799851341221272
2024-10-30,2024-10-30 10:12:00,0.63,True,-0.6247666700546939,0.3464892849291192,3.840924726790947
2024-10-30,2024-10-30 10:13:00,0.63,True,-0.6211807716893576,0.3480007237076246,3.8040595879343937
2024-10-30,2024-10-30 10:14:00,0.63,True,-0.6099593098555933,0.3529925213437651,3.759318360560708
2024-10-30,2024-10-30 10:15:00,0.63,True,-0.6013842535341016,0.3546532397193994,3.742978046608062
2024-10-30,2024-10-30 10:16:00,0.63,True,-0.6029336691124174,0.3527228032162359,3.756357305960917
2024-10-30,2024-10-30 10:17:00,0.63,True,-0.6090210172243529,0.3490101710422276,3.727707390627659
2024-10-30,2024-10-30 10:18:00,0.63,True,-0.6196100905462503,0.3510015504022247,3.7058267200174058
2024-10-30,2024-10-30 10:19:00,0.63,True,-0.6105120255527572,0.3556695207831924,3.660610660443055
2024-10-30,2024-10-30 10:20:00,0.63,True,-0.5996924023376566,0.3583701196460138,3.613828322871852
2024-10-30,2024-10-30 10:21:00,0.63,True,-0.6005661184068609,0.3615186145983295,3.58173043973008
2024-10-30,2024-10-30 10:22:00,0.63,True,-0.6092946517743509,0.3620269328996526,3.582284938965523
2024-10-30,2024-10-30 10:23:00,0.63,True,-0.6020650785055586,0.368726217477374,3.5457911879017927
2024-10-30,2024-10-30 10:24:00,0.63,True,-0.6103939635183673,0.36804796807834,3.529832860904388
2024-10-30,2024-10-30 10:25:00,0.63,True,-0.6351143672071657,0.3569362732579446,3.602743719034021
2024-10-30,2024-10-30 10:26:00,0.63,True,-0.6223199799040255,0.3567691580716141,3.618522568981038
2024-10-30,2024-10-30 10:27:00,0.63,True,-0.6305004881126979,0.3528538207298684,3.6155180993368705
2024-10-30,2024-10-30 10:28:00,0.63,True,-0.6376595377647838,0.3545606311965105,3.5739039168169113
2024-10-30,2024-10-30 10:29:00,0.63,True,-0.6300270627271753,0.3584377976301182,3.502909942661205
2024-10-30,2024-10-30 10:30:00,0.63,True,-0.6281148271938914,0.3578231956859177,3.481505754647201
2024-10-30,2024-10-30 10:31:00,0.63,True,-0.5997939429874806,0.3692790685732798,3.3772984841163813
2024-10-30,2024-10-30 10:32:00,0.63,True,-0.5933470303882367,0.3713229806959144,3.3227785085708197
2024-10-30,2024-10-30 10:33:00,0.63,True,-0.611623710447998,0.3643987880953174,3.383782596200464
2024-10-30,2024-10-30 10:34:00,0.63,True,-0.594142177368215,0.3729385708631595,3.317801373314364
2024-10-30,2024-10-30 10:35:00,0.63,True,-0.5876872363929755,0.3697984946100134,3.3412978719803705
2024-10-30,2024-10-30 10:36:00,0.63,True,-0.5874103152900565,0.3707808201393742,3.3553246166896176
2024-10-30,2024-10-30 10:37:00,0.63,True,-0.5803239223759531,0.3750989339124926,3.3269575854706903
2024-10-30,2024-10-30 10:38:00,0.63,True,-0.5745023259018645,0.3754133202291135,3.348466758052838
2024-10-30,2024-10-30 10:39:00,0.63,True,-0.5732066603418853,0.3735848478601325,3.3574310622238097
2024-10-30,2024-10-30 10:40:00,0.63,True,-0.5867069306187014,0.3691165686979974,3.3672312788546463
2024-10-30,2024-10-30 10:41:00,0.63,True,-0.5905362974213468,0.3711060243646712,3.3383973700570286
2024-10-30,2024-10-30 10:42:00,0.63,True,-0.5903300083402561,0.3695760256428434,3.3769144149305648
2024-10-30,2024-10-30 10:43:00,0.63,True,-0.5941638113576337,0.3743835867491351,3.3069900965629033
2024-10-30,2024-10-30 10:44:00,0.63,True,-0.5775881421439943,0.3844734756279803,3.210458490604364
2024-10-30,2024-10-30 10:45:00,0.63,True,-0.5768625005545462,0.3827439293653409,3.196962363538431
2024-10-30,2024-10-30 10:46:00,0.63,True,-0.5766962814593763,0.3816505454408646,3.157969258835598
2024-10-30,2024-10-30 10:47:00,0.63,True,-0.560264997768303,0.3854300170414473,3.1213721499626423
2024-10-30,2024-10-30 10:48:00,0.63,True,-0.5396919577870531,0.3878154192059009,3.1246773995464983
2024-10-30,2024-10-30 10:49:00,0.63,True,-0.5234010759710999,0.392443549589862,3.090262120069508
2024-10-30,2024-10-30 10:50:00,0.63,True,-0.5140534829435508,0.3947893376546277,3.0671424372159537
2024-10-30,2024-10-30 10:51:00,0.63,True,-0.5162027074376465,0.3937294829961908,3.0867458288985934
2024-10-30,2024-10-30 10:52:00,0.63,True,-0.5174742889305699,0.3944006827876582,3.104626553275542
2024-10-30,2024-10-30 10:53:00,0.63,True,-0.5136140301778274,0.393865891415881,3.1242027008462623
2024-10-30,2024-10-30 10:54:00,0.63,True,-0.5225894201150321,0.3867800783704363,3.16637571419407
2024-10-30,2024-10-30 10:55:00,0.63,True,-0.512878207503306,0.3873230907446381,3.1686195614717083
2024-10-30,2024-10-30 10:56:00,0.63,True,-0.5085906621654697,0.3887674847688666,3.164879353199277
2024-10-30,2024-10-30 10:57:00,0.63,True,-0.5252167308008819,0.3813310756942133,3.1847077027402935
2024-10-30,2024-10-30 10:58:00,0.63,True,-0.5389425174762623,0.3770559230233536,3.215732150598874
2024-10-30,2024-10-30 10:59:00,0.63,True,-0.5190787004318023,0.3830824680082791,3.1612910234918012
2024-10-30,2024-10-30 11:00:00,0.63,True,-0.5001800926119906,0.3912818400827745,3.094847780557738
2024-10-30,2024-10-30 11:01:00,0.63,True,-0.4904135804289809,0.3949260490607855,3.086969987650088
2024-10-30,2024-10-30 11:02:00,0.63,True,-0.4794125281444271,0.3946351988323445,3.094709632665899
2024-10-30,2024-10-30 11:03:00,0.63,True,-0.4791028478599674,0.3950413352662277,3.097850734334306
2024-10-30,2024-10-30 11:04:00,0.63,True,-0.4974702551620643,0.3869094354662848,3.1447807117076496
2024-10-30,2024-10-30 11:05:00,0.63,True,-0.4884175351365692,0.3885509773006249,3.14490775572853
2024-10-30,2024-10-30 11:06:00,0.63,True,-0.485524701146452,0.389572023514487,3.1199527184181246
2024-10-30,2024-10-30 11:07:00,0.63,True,-0.4780611449069322,0.3920024368151795,3.062191437675315
2024-10-30,2024-10-30 11:08:00,0.63,True,-0.4772916689287502,0.391500163409169,3.0500888099757586
2024-10-30,2024-10-30 11:09:00,0.63,True,-0.4881439643486011,0.3857553722051118,3.1048538417542835
2024-10-30,2024-10-30 11:10:00,0.63,True,-0.4842096254889602,0.3848160155383429,3.177625344385983
2024-10-30,2024-10-30 11:11:00,0.63,True,-0.4678228648350678,0.3875039609471096,3.186566363470556
2024-10-30,2024-10-30 11:12:00,0.63,True,-0.4502500400588281,0.3918735940369896,3.1731096638588223
2024-10-30,2024-10-30 11:13:00,0.63,True,-0.4286225321635306,0.4005296466761233,3.0926230343009022
2024-10-30,2024-10-30 11:14:00,0.63,True,-0.4085879025527698,0.4093622432101755,3.078389313135451
2024-10-30,2024-10-30 11:15:00,0.63,True,-0.4069058937700627,0.4111400762750913,3.076930088997978
2024-10-30,2024-10-30 11:16:00,0.63,True,-0.4050463443439786,0.4123927780600905,3.0785498643001428
2024-10-30,2024-10-30 11:17:00,0.63,True,-0.404231126479888,0.4120777902750829,3.0607280234732737
2024-10-30,2024-10-30 11:18:00,0.63,True,-0.4046189625204399,0.41139069374655,3.0576193582867326
2024-10-30,2024-10-30 11:19:00,0.63,True,-0.4152143975253574,0.4093537943162638,3.072620923234218
2024-10-30,2024-10-30 11:20:00,0.63,True,-0.408502241265733,0.4130950770133084,3.0684606410624324
2024-10-30,2024-10-30 11:21:00,0.63,True,-0.4310725115564233,0.405099110048692,3.1145517475378033
2024-10-30,2024-10-30 11:22:00,0.63,True,-0.4399841487713256,0.4020863779287031,3.1301246081550493
2024-10-30,2024-10-30 11:23:00,0.63,True,-0.4457789881257332,0.4003427791185715,3.137297715977089
2024-10-30,2024-10-30 11:24:00,0.63,True,-0.4569499533066871,0.3943412038163497,3.173233878702612
2024-10-30,2024-10-30 11:25:00,0.63,True,-0.4613973010462246,0.3926155351044607,3.169736946906295
2024-10-30,2024-10-30 11:26:00,0.63,True,-0.4725160628027666,0.3884277727557445,3.2147466193295866
2024-10-30,2024-10-30 11:27:00,0.63,True,-0.4761728947876397,0.3901438030930476,3.222066309257611
2024-10-30,2024-10-30 11:28:00,0.63,True,-0.4716425797290317,0.3960148147894114,3.1504964034624408
2024-10-30,2024-10-30 11:29:00,0.63,True,-0.4697403209111694,0.3976758738429777,3.129042359509178
2024-10-30,2024-10-30 11:30:00,0.63,True,-0.4705127232671743,0.4000338569828691,3.079266739865751
2024-10-30,2024-10-30 11:31:00,0.63,True,-0.4699196905827807,0.3983494370574288,3.1292829178280255
2024-10-30,2024-10-30 11:32:00,0.63,True,-0.4783253995607079,0.3927014073105684,3.1832714733703966
2024-10-30,2024-10-30 11:33:00,0.63,True,-0.476708628301864,0.3927284149570295,3.1932263235483767
2024-10-30,2024-10-30 11:34:00,0.63,True,-0.4737942709668728,0.3940886598339232,3.2201161937013905
2024-10-30,2024-10-30 11:35:00,0.63,True,-0.4578678363462098,0.3982224912050562,3.180262649050287
2024-10-30,2024-10-30 11:36:00,0.63,True,-0.4401544946268573,0.4035597779367131,3.1368234571196263
2024-10-30,2024-10-30 11:37:00,0.63,True,-0.4297614995817505,0.4036654496326738,3.119893212978484
2024-10-30,2024-10-30 11:38:00,0.63,True,-0.430139652253116,0.4027942034477664,3.1116641223638304
2024-10-30,2024-10-30 11:39:00,0.63,True,-0.4581746651182222,0.3956621846610813,3.155570991399578
2024-10-30,2024-10-30 11:40:00,0.63,False,-0.4701998058858489,0.3909989448576128,3.217852852596016
2024-10-30,2024-10-30 11:41:00,0.63,True,-0.4580283132610643,0.39554314717027,3.1930735347590167
2024-10-30,2024-10-30 11:42:00,0.63,True,-0.4522885850522054,0.3978314288100655,3.1785198821389837
2024-10-30,2024-10-30 11:43:00,0.63,True,-0.4523799772133546,0.39674211829536,3.1816262783141376
2024-10-30,2024-10-30 11:44:00,0.63,True,-0.4582994919836451,0.3962311256999387,3.1614115607510267
2024-10-30,2024-10-30 11:45:00,0.63,True,-0.4677384959353508,0.3948654625703678,3.1465522170003664
2024-10-30,2024-10-30 11:46:00,0.63,True,-0.4745424750886318,0.3926380716306133,3.15672055057737
2024-10-30,2024-10-30 11:47:00,0.64,True,-0.4645651779156713,0.3961764221424465,3.137248129218374
2024-10-30,2024-10-30 11:48:00,0.64,True,-0.4656574218608808,0.3954730502959434,3.1336233701399556
2024-10-30,2024-10-30 11:49:00,0.64,True,-0.4619826759527655,0.3993038604493142,3.114083735116769
2024-10-30,2024-10-30 11:50:00,0.64,True,-0.4694446465857633,0.399486312677581,3.111609789413578
2024-10-30,2024-10-30 11:51:00,0.64,True,-0.4704194179914007,0.3966933011544795,3.1074269292634655
2024-10-30,2024-10-30 11:52:00,0.64,True,-0.4823990882664503,0.3914428992210614,3.1310358384054653
2024-10-30,2024-10-30 11:53:00,0.64,True,-0.473896593636233,0.3950634802423582,3.116125115142528
2024-10-30,2024-10-30 11:54:00,0.64,True,-0.4679187170298718,0.3960455158586042,3.1040890941317807
2024-10-30,2024-10-30 11:55:00,0.64,True,-0.4651752435748973,0.3964923292497839,3.103993720271425
2024-10-30,2024-10-30 11:56:00,0.64,True,-0.4686091572382022,0.3940735363089186,3.111368067313475
2024-10-30,2024-10-30 11:57:00,0.635,True,-0.4633687089650918,0.393542968223908,3.107192937110591
2024-10-30,2024-10-30 11:58:00,0.64,True,-0.475930270370806,0.3897083252897024,3.098180045070039
2024-10-30,2024-10-30 11:59:00,0.64,True,-0.4788238646464134,0.3886028406284394,3.0951420222755774
2024-10-30,2024-10-30 12:00:00,0.64,True,-0.4822038616026352,0.3879861299682429,3.0890021734034545
2024-10-30,2024-10-30 12:01:00,0.64,True,-0.4843960609274948,0.3857962274906095,3.1203256746089356
2024-10-30,2024-10-30 12:02:00,0.64,True,-0.48833667332264,0.3838099740596341,3.1311729868185547
2024-10-30,2024-10-30 12:03:00,0.63,True,-0.4921389199256618,0.3826251018449764,3.1319341218606582
2024-10-30,2024-10-30 12:04:00,0.63,True,-0.4931177176800338,0.3833909599344345,3.139262031495077
2024-10-30,2024-10-30 12:05:00,0.63,True,-0.4986713938678762,0.3820621860217035,3.145742057012632
2024-10-30,2024-10-30 12:06:00,0.63,True,-0.5090192407082639,0.3793405987914893,3.159315395769258
2024-10-30,2024-10-30 12:07:00,0.63,True,-0.5182357612069506,0.3796167154658688,3.1468538106165895
2024-10-30,2024-10-30 12:08:00,0.63,True,-0.519277218607245,0.3793284756254088,3.1726645224648915
2024-10-30,2024-10-30 12:09:00,0.63,True,-0.5190295876921001,0.3803410673122981,3.1902485473560875
2024-10-30,2024-10-30 12:10:00,0.63,True,-0.5132220318690892,0.3808705198430449,3.2031086986478003
2024-10-30,2024-10-30 12:11:00,0.63,True,-0.5105877421863128,0.3788423304544071,3.2332597018344345
2024-10-30,2024-10-30 12:12:00,0.63,True,-0.5148624718433321,0.378052746561448,3.2576866125635395
2024-10-30,2024-10-30 12:13:00,0.63,True,-0.519834311173988,0.3772065981423839,3.276624052245638
2024-10-30,2024-10-30 12:14:00,0.63,True,-0.5291334451379972,0.373033531766068,3.2955762643184516
2024-10-30,2024-10-30 12:15:00,0.63,True,-0.5261642904093822,0.3716410729381811,3.2991285068795717
2024-10-30,2024-10-30 12:16:00,0.63,True,-0.5296981276331696,0.372098709252819,3.292012804362755
2024-10-30,2024-10-30 12:17:00,0.63,True,-0.5333019749451788,0.372256352946066,3.28376820696847
2024-10-30,2024-10-30 12:18:00,0.63,True,-0.5318148930185398,0.3724633362120361,3.2747429577933183
2024-10-30,2024-10-30 12:19:00,0.63,True,-0.5323728506997574,0.3687364640007854,3.3112152885727255
2024-10-30,2024-10-30 12:20:00,0.63,True,-0.5299702816868606,0.3682959014028378,3.2951364348423775
2024-10-30,2024-10-30 12:21:00,0.63,True,-0.5273405043752042,0.371020260476389,3.2838754497099716
2024-10-30,2024-10-30 12:22:00,0.63,True,-0.5285600923238725,0.3718764731682125,3.276992463928671
2024-10-30,2024-10-30 12:23:00,0.63,True,-0.5365589012291645,0.3690190241665996,3.293158408992682
2024-10-30,2024-10-30 12:24:00,0.63,True,-0.54450688201234,0.3643558544902712,3.3376795012918374
2024-10-30,2024-10-30 12:25:00,0.63,True,-0.5476693423425005,0.3622212808258184,3.347945605245615
2024-10-30,2024-10-30 12:26:00,0.63,True,-0.5569563265334432,0.3599210605051346,3.3558982339361227
2024-10-30,2024-10-30 12:27:00,0.63,True,-0.5573237840813852,0.3608471753178411,3.371050676891261
2024-10-30,2024-10-30 12:28:00,0.63,True,-0.5533126439325131,0.3639937890305336,3.3498942471354933
2024-10-30,2024-10-30 12:29:00,0.63,True,-0.5488514418191821,0.3666684835380824,3.3196772075218677
2024-10-30,2024-10-30 12:30:00,0.63,True,-0.5464227228666352,0.3650904933852256,3.3382687159597757
2024-10-30,2024-10-30 12:31:00,0.63,True,-0.5558545126155781,0.3618866756568434,3.3313006602337745
2024-10-30,2024-10-30 12:32:00,0.63,True,-0.5637002389460095,0.3589521907230971,3.335700347634113
2024-10-30,2024-10-30 12:33:00,0.63,True,-0.5622200562322532,0.358066458772991,3.3494125086896336
2024-10-30,2024-10-30 12:34:00,0.63,True,-0.5691776336861936,0.3569055112589243,3.3365680044750228
2024-10-30,2024-10-30 12:35:00,0.63,True,-0.5689474464675213,0.3580958836777783,3.3194731473810193
2024-10-30,2024-10-30 12:36:00,0.63,True,-0.5702503547857574,0.3561653708836343,3.3373762544254784
2024-10-30,2024-10-30 12:37:00,0.63,True,-0.5707794134244295,0.3549705043961802,3.329361608826101
2024-10-30,2024-10-30 12:38:00,0.63,True,-0.5537988656888313,0.3561947577605642,3.337513326373707
2024-10-30,2024-10-30 12:39:00,0.63,True,-0.5674810691389756,0.3494304662153684,3.381380701535782
2024-10-30,2024-10-30 12:40:00,0.63,True,-0.5800492680849774,0.3506930588180938,3.3575302215802303
2024-10-30,2024-10-30 12:41:00,0.63,True,-0.5791970772354218,0.35182702330592,3.3508057350139255
2024-10-30,2024-10-30 12:42:00,0.63,True,-0.5674503846220782,0.3563254650089987,3.333988164338654
2024-10-30,2024-10-30 12:43:00,0.63,True,-0.5644912804712012,0.3568609279276081,3.3284269637422206
2024-10-30,2024-10-30 12:44:00,0.63,True,-0.5601142399215384,0.3608111275994906,3.3144986531397405
2024-10-30,2024-10-30 12:45:00,0.63,True,-0.5568786838464297,0.3626590313967604,3.307845915819026
2024-10-30,2024-10-30 12:46:00,0.63,True,-0.5584404133425158,0.3613329592925615,3.3043371260791212
2024-10-30,2024-10-30 12:47:00,0.63,True,-0.5659667065237783,0.3576521142847972,3.3238949696320432
2024-10-30,2024-10-30 12:48:00,0.63,True,-0.5667081031048964,0.3577179023667578,3.3319488889126396
2024-10-30,2024-10-30 12:49:00,0.63,True,-0.5774181856667073,0.3538817993582022,3.3500812615718285
2024-10-30,2024-10-30 12:50:00,0.63,True,-0.5876251940586423,0.3514978646583732,3.3464683727432765
2024-10-30,2024-10-30 12:51:00,0.63,True,-0.5872421749378347,0.3529634446278619,3.32870484042111
2024-10-30,2024-10-30 12:52:00,0.63,True,-0.5814519541505045,0.3548975996794599,3.309292305516384
2024-10-30,2024-10-30 12:53:00,0.63,True,-0.5812500672863361,0.3533601538457533,3.3189040863883483
2024-10-30,2024-10-30 12:54:00,0.63,True,-0.5852870273827095,0.3528716476595023,3.317924888635477
2024-10-30,2024-10-30 12:55:00,0.63,True,-0.5792506003691333,0.3534871826860321,3.301061813559193
2024-10-30,2024-10-30 12:56:00,0.63,True,-0.57608877279581,0.3533048704741769,3.290459980387554
2024-10-30,2024-10-30 12:57:00,0.63,True,-0.5879795509332213,0.3471764730056366,3.3316732110268665
2024-10-30,2024-10-30 12:58:00,0.63,True,-0.5874946908041563,0.3491002866023456,3.337047795122522
2024-10-30,2024-10-30 12:59:00,0.63,True,-0.5935460711606197,0.3482023292141967,3.335103283175597
2024-10-30,2024-10-30 13:00:00,0.63,True,-0.6000291670736908,0.3462763336205003,3.341421503020539
2024-10-30,2024-10-30 13:01:00,0.63,True,-0.5947881918415996,0.3490355808324905,3.3211275439061496
2024-10-30,2024-10-30 13:02:00,0.63,True,-0.5747357797132073,0.3577914579554487,3.270259727086725
2024-10-30,2024-10-30 13:03:00,0.63,True,-0.5645980008340081,0.3624173371771281,3.2452866135451215
2024-10-30,2024-10-30 13:04:00,0.63,True,-0.5677758508346913,0.3604932319673262,3.2433452784703896
2024-10-30,2024-10-30 13:05:00,0.63,True,-0.5641909900973385,0.3626564199961526,3.228618957828777
2024-10-30,2024-10-30 13:06:00,0.63,True,-0.5611221394567629,0.3629288445545848,3.2162786328557846
2024-10-30,2024-10-30 13:07:00,0.63,True,-0.5587692975073519,0.3632933811867206,3.2196216358401384
2024-10-30,2024-10-30 13:08:00,0.63,True,-0.5643649921181175,0.358545254356945,3.2631479646246047
2024-10-30,2024-10-30 13:09:00,0.63,True,-0.5670685058620686,0.3578299956327423,3.2584557100625453
2024-10-30,2024-10-30 13:10:00,0.63,True,-0.5700006356928715,0.3584112072863488,3.2400692990325517
2024-10-30,2024-10-30 13:11:00,0.63,True,-0.5743065307901878,0.3563359288685583,3.2428867459167434
2024-10-30,2024-10-30 13:12:00,0.63,True,-0.5704923799575576,0.3573322834620916,3.238323564320436
2024-10-30,2024-10-30 13:13:00,0.63,True,-0.5667792508483915,0.3575208534726081,3.241939654537008
2024-10-30,2024-10-30 13:14:00,0.63,True,-0.5668806449851753,0.3562181422998948,3.2378443813918474
2024-10-30,2024-10-30 13:15:00,0.63,True,-0.5660611374689788,0.3565354814998576,3.2338862598210323
2024-10-30,2024-10-30 13:16:00,0.63,True,-0.5670891737055901,0.3587042065980363,3.2252431391896472
2024-10-30,2024-10-30 13:17:00,0.63,True,-0.5545687399743102,0.3608635328994843,3.214951195951517
2024-10-30,2024-10-30 13:18:00,0.63,True,-0.5465483230784305,0.3609447804313642,3.2151364853626414
2024-10-30,2024-10-30 13:19:00,0.63,True,-0.5472439310463069,0.3596317718854253,3.2314821561139544
2024-10-30,2024-10-30 13:20:00,0.63,True,-0.544414275006188,0.3608332263307959,3.22702174087763
2024-10-30,2024-10-30 13:21:00,0.63,True,-0.543152818494256,0.362196951008856,3.2159943609845456
2024-10-30,2024-10-30 13:22:00,0.63,True,-0.5396623717226658,0.3643577600589525,3.1982372681841067
2024-10-30,2024-10-30 13:23:00,0.63,True,-0.5409069405687097,0.3625481019359866,3.2191179838104564
2024-10-30,2024-10-30 13:24:00,0.63,True,-0.5521180651209163,0.3573148787054113,3.27858373665283
2024-10-30,2024-10-30 13:25:00,0.63,True,-0.5561396249383377,0.356817098492113,3.281404975799426
2024-10-30,2024-10-30 13:26:00,0.63,True,-0.5535578674245809,0.3590369548409524,3.2814287561581663
2024-10-30,2024-10-30 13:27:00,0.625,True,-0.5486471288321793,0.3592203380754377,3.285792292489649
2024-10-30,2024-10-30 13:28:00,0.63,True,-0.5484784375020302,0.3576151556854235,3.2889448702377853
2024-10-30,2024-10-30 13:29:00,0.625,True,-0.5482034218092446,0.3603846558117325,3.258952007000507
2024-10-30,2024-10-30 13:30:00,0.63,True,-0.555819992537196,0.3558118331708332,3.27993201824595
2024-10-30,2024-10-30 13:31:00,0.63,True,-0.5620329294568502,0.3519390256127224,3.300201342730802
2024-10-30,2024-10-30 13:32:00,0.63,True,-0.5545088948509327,0.3567918423257672,3.273269448303908
2024-10-30,2024-10-30 13:33:00,0.63,True,-0.5640178010669437,0.3549425668190068,3.2803656445889455
2024-10-30,2024-10-30 13:34:00,0.63,True,-0.564703608319767,0.3531145482042077,3.3154499018099592
2024-10-30,2024-10-30 13:35:00,0.63,True,-0.5646040127312548,0.3499063397601641,3.34226933879886
2024-10-30,2024-10-30 13:36:00,0.63,True,-0.5635139162941558,0.346308795044149,3.3662897187629333
2024-10-30,2024-10-30 13:37:00,0.63,True,-0.5549190752070225,0.3484532649291511,3.3701071907963165
2024-10-30,2024-10-30 13:38:00,0.63,True,-0.5517072504461724,0.3514922639756138,3.344653817823156
2024-10-30,2024-10-30 13:39:00,0.63,True,-0.5455646103227114,0.350258159406299,3.344288765785327
2024-10-30,2024-10-30 13:40:00,0.63,True,-0.5296040151304287,0.3546040436044343,3.353424965693019
2024-10-30,2024-10-30 13:41:00,0.63,True,-0.5308017342766316,0.3537125070384104,3.3723805085732557
2024-10-30,2024-10-30 13:42:00,0.63,True,-0.533090403756943,0.3536207215810582,3.3887619639711732
2024-10-30,2024-10-30 13:43:00,0.63,True,-0.5272914813438518,0.3577951128067475,3.328413308742588
2024-10-30,2024-10-30 13:44:00,0.63,True,-0.5331361661340921,0.3554719220967696,3.332661548559502
2024-10-30,2024-10-30 13:45:00,0.63,True,-0.537649550090308,0.3543049126640976,3.3384256135915553
2024-10-30,2024-10-30 13:46:00,0.63,True,-0.5427968072025182,0.3541715224896961,3.337201812401634
2024-10-30,2024-10-30 13:47:00,0.63,True,-0.5381349546835572,0.3570283977926976,3.3133308176555696
2024-10-30,2024-10-30 13:48:00,0.63,True,-0.5371694470343968,0.3568014630336851,3.308683925987307
2024-10-30,2024-10-30 13:49:00,0.63,True,-0.5399847323632134,0.3546837041188158,3.3082580217818123
2024-10-30,2024-10-30 13:50:00,0.63,True,-0.5428603949713313,0.3523337146014084,3.3078644556030254
2024-10-30,2024-10-30 13:51:00,0.63,True,-0.5449874137924586,0.3504547571585141,3.29772277168057
2024-10-30,2024-10-30 13:52:00,0.63,True,-0.5393398063189294,0.3514639650528807,3.284321711456781
2024-10-30,2024-10-30 13:53:00,0.63,True,-0.5267591265365414,0.355940746729871,3.285315960922189
2024-10-30,2024-10-30 13:54:00,0.63,True,-0.5228207525818116,0.3590894692378621,3.2448066502586985
2024-10-30,2024-10-30 13:55:00,0.63,True,-0.5270052177335081,0.3551585937260638,3.3190755268691645
2024-10-30,2024-10-30 13:56:00,0.63,True,-0.5216028977938307,0.3556540961066589,3.315531871760781
2024-10-30,2024-10-30 13:57:00,0.63,True,-0.5143800993991421,0.3587235750327831,3.277025949922001
2024-10-30,2024-10-30 13:58:00,0.63,True,-0.5071908936037044,0.3600584621289368,3.263145437152355
2024-10-30,2024-10-30 13:59:00,0.63,True,-0.506440392542828,0.3579459480519824,3.275316481506516
2024-10-30,2024-10-30 14:00:00,0.63,True,-0.5076744009413694,0.3581909122863033,3.274639101572022
2024-10-30,2024-10-30 14:01:00,0.63,True,-0.5064038105468243,0.3600388188063422,3.280338482836538
2024-10-30,2024-10-30 14:02:00,0.63,True,-0.4965095904051954,0.3653132435786028,3.247830982890437
2024-10-30,2024-10-30 14:03:00,0.63,True,-0.4939811222575666,0.3681495842626957,3.2352214948766203
2024-10-30,2024-10-30 14:04:00,0.63,True,-0.4995909048500285,0.367176106053916,3.220450505629237
2024-10-30,2024-10-30 14:05:00,0.63,True,-0.4977030820704577,0.3678100359248488,3.21053201178408
2024-10-30,2024-10-30 14:06:00,0.63,True,-0.4983872449371853,0.3662702404376311,3.217724425741767
2024-10-30,2024-10-30 14:07:00,0.63,True,-0.4976623807287912,0.3669560878796769,3.2203643029895543
2024-10-30,2024-10-30 14:08:00,0.63,True,-0.4943579365915182,0.3664836166243645,3.196992052352084
2024-10-30,2024-10-30 14:09:00,0.63,True,-0.4994418935796771,0.3628938884634745,3.2245434496292327
2024-10-30,2024-10-30 14:10:00,0.63,True,-0.499807786588233,0.3636377868615854,3.2140695758075477
2024-10-30,2024-10-30 14:11:00,0.63,True,-0.4983012329506437,0.365176868141627,3.1836115569195877
2024-10-30,2024-10-30 14:12:00,0.63,True,-0.4922755773576768,0.365640503919725,3.179320359572073
2024-10-30,2024-10-30 14:13:00,0.63,True,-0.4865038558618632,0.368960400709134,3.1502458970791585
2024-10-30,2024-10-30 14:14:00,0.63,True,-0.4816904853093379,0.3715199851377948,3.1308064384626886
2024-10-30,2024-10-30 14:15:00,0.63,True,-0.4821078880802822,0.3716364761989154,3.1244830570873163
2024-10-30,2024-10-30 14:16:00,0.63,True,-0.4803189009931045,0.3729755143929048,3.128064724241731
2024-10-30,2024-10-30 14:17:00,0.63,True,-0.4880261103314913,0.3696256597736661,3.1760084948590745
2024-10-30,2024-10-30 14:18:00,0.63,True,-0.4863464018176236,0.3718928616295962,3.1845552599134894
2024-10-30,2024-10-30 14:19:00,0.63,True,-0.4833309386176865,0.3723441422301273,3.183439452834317
2024-10-30,2024-10-30 14:20:00,0.62,True,-0.4737110003360374,0.3763112892812594,3.1544059717760446
2024-10-30,2024-10-30 14:21:00,0.63,True,-0.4728350869042623,0.376761554261325,3.156987297716937
2024-10-30,2024-10-30 14:22:00,0.63,True,-0.4879124277405411,0.3704164026364835,3.1916667868909827
2024-10-30,2024-10-30 14:23:00,0.63,True,-0.496503498477132,0.3671902611891074,3.2014832085289275
2024-10-30,2024-10-30 14:24:00,0.63,True,-0.4983423336269355,0.3655714959293237,3.207096952323195
2024-10-30,2024-10-30 14:25:00,0.63,True,-0.4970102837090309,0.3664612830015665,3.1909624159973253
2024-10-30,2024-10-30 14:26:00,0.63,True,-0.4863290110794212,0.3684334016642628,3.1913961468429832
2024-10-30,2024-10-30 14:27:00,0.63,True,-0.4866317144214878,0.368269420434444,3.1940401507433833
2024-10-30,2024-10-30 14:28:00,0.63,True,-0.491724806552248,0.369841210316063,3.1774759014190583
2024-10-30,2024-10-30 14:29:00,0.63,True,-0.4947269014689202,0.3692413129975823,3.1832460096563846
2024-10-30,2024-10-30 14:30:00,0.63,True,-0.4936042208287385,0.3679211692656129,3.179255497194256
2024-10-30,2024-10-30 14:31:00,0.63,True,-0.4969426105300694,0.3674885808770816,3.17505461841251
2024-10-30,2024-10-30 14:32:00,0.63,True,-0.4960514214769995,0.3668139145994493,3.166731068242107
2024-10-30,2024-10-30 14:33:00,0.63,True,-0.4957048428483566,0.3657394548536464,3.156422537450118
2024-10-30,2024-10-30 14:34:00,0.63,True,-0.4882675169965518,0.3691906456749314,3.1321457839330695
2024-10-30,2024-10-30 14:35:00,0.63,True,-0.4952893086980227,0.3688640732348168,3.125197231770661
2024-10-30,2024-10-30 14:36:00,0.63,True,-0.4991547809321804,0.3667229100297646,3.133752846919074
2024-10-30,2024-10-30 14:37:00,0.63,True,-0.4992057758431831,0.3663413471694048,3.1356491698493367
2024-10-30,2024-10-30 14:38:00,0.63,True,-0.5023985871253844,0.3655682751257158,3.1504526544840834
2024-10-30,2024-10-30 14:39:00,0.63,True,-0.5077330176746557,0.3659709369351506,3.1408514790406645
2024-10-30,2024-10-30 14:40:00,0.63,True,-0.5110119133573758,0.3644501750353486,3.155843292906654
2024-10-30,2024-10-30 14:41:00,0.63,True,-0.5056749780480252,0.3661885240174083,3.134658424105681
2024-10-30,2024-10-30 14:42:00,0.63,True,-0.5141477662167799,0.3625938228935362,3.1637851114318747
2024-10-30,2024-10-30 14:43:00,0.63,True,-0.525490082295546,0.358976643426627,3.1798625771985685
2024-10-30,2024-10-30 14:44:00,0.63,True,-0.5309096267056237,0.3585466319897604,3.17424835098161
2024-10-30,2024-10-30 14:45:00,0.63,True,-0.5337555206897644,0.3566379105455129,3.1798479051129456
2024-10-30,2024-10-30 14:46:00,0.63,True,-0.5346129676686624,0.3575859683087746,3.1632799965776375
2024-10-30,2024-10-30 14:47:00,0.63,True,-0.5315569615504168,0.3576674124798651,3.166912652585333
2024-10-30,2024-10-30 14:48:00,0.62,True,-0.5351223864372425,0.3552442166652957,3.1761523540464416
2024-10-30,2024-10-30 14:49:00,0.63,True,-0.5341208552396233,0.3556016044100542,3.175026410426734
2024-10-30,2024-10-30 14:50:00,0.63,True,-0.528781777007804,0.3586421727380437,3.1548727441019535
2024-10-30,2024-10-30 14:51:00,0.63,True,-0.5337563778717946,0.3538175191542311,3.183035502673797
2024-10-30,2024-10-30 14:52:00,0.63,True,-0.5354758378018176,0.3532334715666456,3.1729035638032186
2024-10-30,2024-10-30 14:53:00,0.63,True,-0.539243573862993,0.3502696463968301,3.194850641795326
2024-10-30,2024-10-30 14:54:00,0.63,True,-0.5330868640499093,0.352260729216402,3.1795441747685604
2024-10-30,2024-10-30 14:55:00,0.63,True,-0.5226307873675025,0.3546640373076997,3.1677820641702517
2024-10-30,2024-10-30 14:56:00,0.63,True,-0.5184025262531802,0.3560733610203349,3.153507149152331
2024-10-30,2024-10-30 14:57:00,0.63,True,-0.5130281425918306,0.3577452702901239,3.1669379674796363
2024-10-30,2024-10-30 14:58:00,0.63,True,-0.5047120778890002,0.3600107104146114,3.1590761834583474
2024-10-30,2024-10-30 14:59:00,0.63,True,-0.505734743165251,0.3600468250888093,3.146824457576832
2024-10-30,2024-10-30 15:00:00,0.62,True,-0.5005850480454508,0.3622407442675204,3.131592848318595
2024-10-30,2024-10-30 15:01:00,0.63,True,-0.5021857840685688,0.3580270693483188,3.1565565407721716
2024-10-30,2024-10-30 15:02:00,0.63,True,-0.4945915880619072,0.3577725826506302,3.169883629962574
2024-10-30,2024-10-30 15:03:00,0.63,True,-0.4889628818862638,0.3583471565200354,3.1641054413789065
2024-10-30,2024-10-30 15:04:00,0.63,True,-0.4928183821167041,0.3561424813004528,3.178485333292049
2024-10-30,2024-10-30 15:05:00,0.63,True,-0.4949201699601227,0.3545886791579039,3.2050835867584864
2024-10-30,2024-10-30 15:06:00,0.63,True,-0.5008412160175564,0.3522864325092159,3.20343926655703
2024-10-30,2024-10-30 15:07:00,0.63,True,-0.495550688642017,0.3529385398821795,3.1941895232417257
2024-10-30,2024-10-30 15:08:00,0.63,True,-0.4950313527479154,0.3521052117112244,3.188442904741157
2024-10-30,2024-10-30 15:09:00,0.63,True,-0.503212627731296,0.3511210426477003,3.217574264063543
2024-10-30,2024-10-30 15:10:00,0.625,True,-0.502993931816162,0.3511993853090041,3.2168903729148384
2024-10-30,2024-10-30 15:11:00,0.63,True,-0.5033043661385621,0.352138041374235,3.213985913889614
2024-10-30,2024-10-30 15:12:00,0.63,True,-0.4986915409168588,0.3560092370158632,3.1924795997039443
2024-10-30,2024-10-30 15:13:00,0.63,True,-0.4973966892063649,0.356266264638815,3.1872017617984456
2024-10-30,2024-10-30 15:14:00,0.63,True,-0.4984467625515604,0.3553462862883828,3.1908065823618044
2024-10-30,2024-10-30 15:15:00,0.63,True,-0.5016653494989816,0.3552296546066215,3.204028634595378
2024-10-30,2024-10-30 15:16:00,0.63,True,-0.4990462071688885,0.355539064999427,3.217183843076511
2024-10-30,2024-10-30 15:17:00,0.63,True,-0.5058313658592153,0.3514998380576086,3.247267433804832
2024-10-30,2024-10-30 15:18:00,0.63,True,-0.500316353727011,0.3522272112217133,3.273376015715693
2024-10-30,2024-10-30 15:19:00,0.63,True,-0.5000026691169277,0.3512921634033476,3.2780802929424784
2024-10-30,2024-10-30 15:20:00,0.63,True,-0.494622525304857,0.353173658196391,3.2761140750025053
2024-10-30,2024-10-30 15:21:00,0.63,True,-0.5060214919230621,0.3457895720810879,3.3273131558824547
2024-10-30,2024-10-30 15:22:00,0.63,True,-0.5066134689794957,0.3446806455868106,3.3330443739677733
2024-10-30,2024-10-30 15:23:00,0.63,True,-0.5004418832110227,0.3476802309273704,3.317747372034745
2024-10-30,2024-10-30 15:24:00,0.63,True,-0.4936948103192565,0.3505687896892536,3.313618484618641
2024-10-30,2024-10-30 15:25:00,0.63,True,-0.4900360689444117,0.3535046866955835,3.3087832922454123
2024-10-30,2024-10-30 15:26:00,0.63,True,-0.4761093249765087,0.3586591283023205,3.28497709936822
2024-10-30,2024-10-30 15:27:00,0.63,True,-0.4763359741483365,0.3583968342370804,3.2857301054697747
2024-10-30,2024-10-30 15:28:00,0.63,True,-0.4805170310441453,0.3562806402528086,3.284285471120723
2024-10-30,2024-10-30 15:29:00,0.63,True,-0.4821283289865603,0.3572407255180745,3.2782070918028356
2024-10-30,2024-10-30 15:31:00,0.63,True,-0.4639354460273565,0.3658989274099879,3.222607514371561
2024-10-30,2024-10-30 15:32:00,0.63,True,-0.4648967217078339,0.3652165504765433,3.2132165063516895
2024-10-30,2024-10-30 15:33:00,0.62,True,-0.46797201936472,0.3629613926243833,3.232368758755885
2024-10-30,2024-10-30 15:34:00,0.62,True,-0.462965590723492,0.3643530616725451,3.229277650794668
2024-10-30,2024-10-30 15:35:00,0.62,True,-0.4557887398194298,0.367015082154098,3.235658944779024
2024-10-30,2024-10-30 15:36:00,0.62,True,-0.4537008005679298,0.3639092354824764,3.255656984659335
2024-10-30,2024-10-30 15:37:00,0.62,True,-0.4592807285583375,0.3601379451785605,3.281178892743745
2024-10-30,2024-10-30 15:38:00,0.62,True,-0.4605539446841329,0.3639967534840452,3.2390397721434754
2024-10-30,2024-10-30 15:39:00,0.62,True,-0.4545504733835606,0.3676550187717013,3.1873035776151935
2024-10-30,2024-10-30 15:40:00,0.62,True,-0.45158982701787,0.3683630592563361,3.1847906059744275
2024-10-30,2024-10-30 15:41:00,0.62,True,-0.4568135124602282,0.3662755555909491,3.1904602329449085
2024-10-30,2024-10-30 15:42:00,0.62,True,-0.4625680232255134,0.3643577846768195,3.167201134558494
2024-10-30,2024-10-30 15:43:00,0.62,True,-0.4568988528450887,0.3671416257934032,3.1515720780258825
2024-10-30,2024-10-30 15:44:00,0.62,True,-0.4538848512562281,0.364633523708147,3.1700550856580376
2024-10-30,2024-10-30 15:45:00,0.62,True,-0.4611219137193555,0.3621780150434526,3.172116097980346
2024-10-30,2024-10-30 15:46:00,0.62,True,-0.4615779445538101,0.3618566385399169,3.140638900332275
2024-10-30,2024-10-30 15:47:00,0.62,True,-0.4613059511338629,0.3594526743968015,3.142890331482538
2024-10-30,2024-10-30 15:48:00,0.61,True,-0.46083570901872,0.358355732694703,3.152932812133729
2024-10-30,2024-10-30 15:49:00,0.62,True,-0.4594976413199471,0.3560034914026415,3.155158268495512
2024-10-30,2024-10-30 15:50:00,0.62,True,-0.4654423231781067,0.3539661844970101,3.1597082944426353
2024-10-30,2024-10-30 15:51:00,0.62,True,-0.4620722120461201,0.3540793005637092,3.147194630509783
2024-10-30,2024-10-30 15:52:00,0.62,True,-0.4689843209696668,0.3538942987452589,3.148310248949515
2024-10-30,2024-10-30 15:53:00,0.62,True,-0.4720807494338633,0.3547917346613312,3.134740038600204
2024-10-30,2024-10-30 15:54:00,0.62,True,-0.4662106818405598,0.3550256591144628,3.162277126900933
2024-10-30,2024-10-30 15:55:00,0.62,True,-0.4417130705470066,0.365252688957821,3.1645449220974355
2024-10-30,2024-10-30 15:56:00,0.62,True,-0.4309879913378856,0.3665896340926408,3.158416287155857
2024-10-30,2024-10-30 15:57:00,0.62,True,-0.4320808030862571,0.370056231006541,3.1029022214056297
2024-10-30,2024-10-30 15:58:00,0.62,True,-0.4199121461025271,0.3758885003289643,3.0689377639007933
2024-10-30,2024-10-30 15:59:00,0.62,True,-0.4018528056278158,0.3835934336631604,3.040130355335718
2024-10-30,2024-10-30 16:00:00,0.62,True,-0.4072714655870561,0.383953125800593,3.0345751628786006
2024-10-31,2024-10-31 09:31:00,0.61,True,-0.1830365792736649,0.4165755372110231,3.4013429033210856
2024-10-31,2024-10-31 09:32:00,0.61,True,-0.2004861594450835,0.3997424806767232,3.5904425513287292
2024-10-31,2024-10-31 09:33:00,0.61,True,-0.1997025974975018,0.4090738136523602,3.6222455436574257
2024-10-31,2024-10-31 09:34:00,0.61,True,-0.055478903075777,0.4666071670864429,3.291131183610311
2024-10-31,2024-10-31 09:35:00,0.61,True,-0.088839432747672,0.4590865030376446,3.2802482025361352
2024-10-31,2024-10-31 09:36:00,0.61,True,-0.1271972238648083,0.4478284673260579,3.3323260814742577
2024-10-31,2024-10-31 09:37:00,0.61,True,-0.1473334526928985,0.452792878709262,3.241821340837145
2024-10-31,2024-10-31 09:38:00,0.61,True,-0.1567644382184187,0.4567159109564284,3.2588221072847343
2024-10-31,2024-10-31 09:39:00,0.61,True,-0.1967766736090575,0.4313811655154313,3.4155303883643944
2024-10-31,2024-10-31 09:40:00,0.61,True,-0.1295101864287555,0.4442798741577684,3.3971347366044133
2024-10-31,2024-10-31 09:41:00,0.61,True,-0.1123200953387659,0.439404688734536,3.425847387154551
2024-10-31,2024-10-31 09:42:00,0.61,True,-0.1222170483206573,0.4347830677114237,3.4488521929914384
2024-10-31,2024-10-31 09:43:00,0.61,True,-0.1214193002587892,0.4379971641198584,3.366137695580313
2024-10-31,2024-10-31 09:44:00,0.61,True,-0.1564983855954291,0.4227159688736924,3.4041185285900726
2024-10-31,2024-10-31 09:45:00,0.61,True,-0.1602121651012134,0.4180113896627133,3.462955350124657
2024-10-31,2024-10-31 09:46:00,0.61,True,-0.1422362085790425,0.4182099769010724,3.529526082455257
2024-10-31,2024-10-31 09:47:00,0.61,True,-0.1511952022736793,0.4123607914351822,3.592231865783064
2024-10-31,2024-10-31 09:48:00,0.61,True,-0.141668218506926,0.4239467527057606,3.572926057383752
2024-10-31,2024-10-31 09:49:00,0.61,True,-0.1325087696249339,0.4247591476428448,3.548317815598362
2024-10-31,2024-10-31 09:50:00,0.61,True,-0.0914862738930834,0.4397074257259628,3.437127653522408
2024-10-31,2024-10-31 09:51:00,0.61,True,-0.0856293558799053,0.4312272069015318,3.54119235526449
2024-10-31,2024-10-31 09:52:00,0.61,True,-0.0500341509193076,0.4398118375866361,3.527363455515041
2024-10-31,2024-10-31 09:53:00,0.61,True,-0.0343584699402177,0.4384706068233897,3.5295532433611747
2024-10-31,2024-10-31 09:54:00,0.61,True,-0.0179240372446506,0.4436080707480522,3.4718041891897378
2024-10-31,2024-10-31 09:55:00,0.61,True,-0.0296078492510271,0.4432236170205169,3.501699699768472
2024-10-31,2024-10-31 09:56:00,0.61,True,-0.0386207825477502,0.440503119771634,3.512004962963887
2024-10-31,2024-10-31 09:57:00,0.61,True,-0.0473268586810899,0.4375008703888671,3.5858539030063277
2024-10-31,2024-10-31 09:58:00,0.6,True,-0.0387923376551773,0.4432300024755323,3.5703408520728233
2024-10-31,2024-10-31 09:59:00,0.6,True,-0.0140630254143983,0.452987194679975,3.542052114942417
2024-10-31,2024-10-31 10:00:00,0.6,True,-0.0433162032793625,0.435651657376779,3.6538589680721256
2024-10-31,2024-10-31 10:01:00,0.6,True,-0.0332029679151902,0.4347051286015107,3.6918091770225794
2024-10-31,2024-10-31 10:02:00,0.6,True,-0.0196133721561371,0.4354354863230363,3.7262907245772454
2024-10-31,2024-10-31 10:03:00,0.6,True,-0.0084035697000596,0.4325941564235411,3.7727426202736094
2024-10-31,2024-10-31 10:04:00,0.6,True,-0.0211553918510853,0.4319870008355544,3.7464616761857057
2024-10-31,2024-10-31 10:05:00,0.61,True,-0.0465741780415018,0.4328575763955054,3.738392379821927
2024-10-31,2024-10-31 10:06:00,0.6,True,-0.0855869229197547,0.4250627312127239,3.740874538066509
2024-10-31,2024-10-31 10:07:00,0.6,True,-0.0845344687375904,0.4281093816835724,3.702207149702133
2024-10-31,2024-10-31 10:08:00,0.6,True,-0.116667151805995,0.4154482978204887,3.764638593665228
2024-10-31,2024-10-31 10:09:00,0.6,True,-0.1111386675056888,0.419203253337976,3.7495362830013224
2024-10-31,2024-10-31 10:10:00,0.6,True,-0.0968946489605332,0.4233049978703253,3.7147545025897672
2024-10-31,2024-10-31 10:11:00,0.6,True,-0.0756735484176943,0.4345015371216544,3.692559722434606
2024-10-31,2024-10-31 10:12:00,0.6,True,-0.0682836366065949,0.431809155371052,3.7053170672912614
2024-10-31,2024-10-31 10:13:00,0.61,True,-0.0746451379673838,0.4168866041376534,3.788997913539536
2024-10-31,2024-10-31 10:14:00,0.61,True,-0.106899669872245,0.4002665142458573,3.850772586229585
2024-10-31,2024-10-31 10:15:00,0.61,True,-0.1131108494489405,0.4015631477514487,3.7998735205967185
2024-10-31,2024-10-31 10:16:00,0.61,True,-0.1118684642187501,0.3971637701729715,3.841183164426875
2024-10-31,2024-10-31 10:17:00,0.61,True,-0.0965687824673595,0.403776391759475,3.816260216249779
2024-10-31,2024-10-31 10:18:00,0.61,True,-0.0992156844105578,0.4157547113142628,3.7014105054663218
2024-10-31,2024-10-31 10:19:00,0.61,True,-0.0947011036628368,0.419188929007213,3.6795841014063817
2024-10-31,2024-10-31 10:20:00,0.61,True,-0.1158680114910722,0.4110595234775907,3.758980790549289
2024-10-31,2024-10-31 10:21:00,0.61,True,-0.1052822190627042,0.4120252662227514,3.723779480127816
2024-10-31,2024-10-31 10:22:00,0.61,True,-0.111633016908687,0.407794968733487,3.6857932322576255
2024-10-31,2024-10-31 10:23:00,0.61,True,-0.1266804223556034,0.4067764340636167,3.6811059296838056
2024-10-31,2024-10-31 10:24:00,0.61,True,-0.1219894433443103,0.4055262425884363,3.7020807275411665
2024-10-31,2024-10-31 10:25:00,0.61,True,-0.1254171969777771,0.4045537791496955,3.7016193303816753
2024-10-31,2024-10-31 10:26:00,0.61,True,-0.1141253567629621,0.4081546652134452,3.7037454564231393
2024-10-31,2024-10-31 10:27:00,0.61,True,-0.1057917482794736,0.4066393191248876,3.725489671832524
2024-10-31,2024-10-31 10:28:00,0.61,True,-0.1040366265613699,0.4101144491155754,3.6557930674425783
2024-10-31,2024-10-31 10:29:00,0.61,True,-0.1188145168124121,0.4029236470545662,3.637323164414054
2024-10-31,2024-10-31 10:30:00,0.61,True,-0.1098601179533235,0.4044106810844483,3.661941348902361
2024-10-31,2024-10-31 10:31:00,0.61,True,-0.1209989898313174,0.392271500728982,3.7450445287066416
2024-10-31,2024-10-31 10:32:00,0.6,True,-0.1363151497045326,0.3817000933266832,3.7885816569076303
2024-10-31,2024-10-31 10:33:00,0.61,True,-0.1393165115021908,0.3781883557056513,3.777308728921524
2024-10-31,2024-10-31 10:34:00,0.61,True,-0.1258385108100472,0.3792337223461459,3.791827877236438
2024-10-31,2024-10-31 10:35:00,0.61,True,-0.1185011215830703,0.3822489995962209,3.787154182555182
2024-10-31,2024-10-31 10:36:00,0.61,True,-0.1154996623412799,0.3880651983516403,3.7659879575340978
2024-10-31,2024-10-31 10:37:00,0.61,True,-0.1280003215803625,0.3837285579456274,3.7975710260334097
2024-10-31,2024-10-31 10:38:00,0.61,True,-0.1329646969296834,0.3811846553927955,3.809037095057695
2024-10-31,2024-10-31 10:39:00,0.61,True,-0.1442505523361087,0.3773583023058518,3.833753198595036
2024-10-31,2024-10-31 10:40:00,0.61,True,-0.1387528235613377,0.3814040871024368,3.8118257814582632
2024-10-31,2024-10-31 10:41:00,0.61,True,-0.1769179499841092,0.3704223933880535,3.8570716269211154
2024-10-31,2024-10-31 10:42:00,0.61,True,-0.1837950468069767,0.3671487822325416,3.882850542796543
2024-10-31,2024-10-31 10:43:00,0.61,True,-0.1699756429935575,0.3740645726022155,3.8732043125419495
2024-10-31,2024-10-31 10:44:00,0.61,True,-0.1624869590737794,0.3772368863952874,3.850995228852227
2024-10-31,2024-10-31 10:45:00,0.61,True,-0.1530354782092681,0.3831120010501365,3.837774396879284
2024-10-31,2024-10-31 10:46:00,0.61,True,-0.1723179346843737,0.375077869906671,3.843937369745464
2024-10-31,2024-10-31 10:47:00,0.61,True,-0.168420118661205,0.3730738776950301,3.8808394079050736
2024-10-31,2024-10-31 10:48:00,0.61,True,-0.1434202979810697,0.3814991231518918,3.803247182389303
2024-10-31,2024-10-31 10:49:00,0.61,True,-0.1260327020269144,0.3849949933153586,3.778169185724411
2024-10-31,2024-10-31 10:50:00,0.6,True,-0.134093489470809,0.3785485037366797,3.817351736281719
2024-10-31,2024-10-31 10:51:00,0.6,True,-0.111798985467496,0.3850594914227596,3.755825406523088
2024-10-31,2024-10-31 10:52:00,0.6,True,-0.0908794171710544,0.3973643349228319,3.6671838261457745
2024-10-31,2024-10-31 10:53:00,0.6,True,-0.0956378570910362,0.3974792363869343,3.667571776472294
2024-10-31,2024-10-31 10:54:00,0.6,True,-0.1003348833120825,0.4049054744080879,3.5643671681694875
2024-10-31,2024-10-31 10:55:00,0.6,True,-0.0990653397467954,0.399601487269982,3.576763478529021
2024-10-31,2024-10-31 10:56:00,0.6,True,-0.1141121488095113,0.3940148763329691,3.6327852799228686
2024-10-31,2024-10-31 10:57:00,0.6,True,-0.1114470290752918,0.395453047177163,3.642183378499132
2024-10-31,2024-10-31 10:58:00,0.6,True,-0.1107898926997827,0.3944919777710529,3.652314054424853
2024-10-31,2024-10-31 10:59:00,0.6,True,-0.1070311328193555,0.3965404027628152,3.662864685232165
2024-10-31,2024-10-31 11:00:00,0.6,True,-0.1057410568857227,0.3955903027026632,3.6646375395462942
2024-10-31,2024-10-31 11:01:00,0.6,True,-0.0979370586145535,0.3945147691303802,3.692387718527096
2024-10-31,2024-10-31 11:02:00,0.6,True,-0.1073358073792611,0.390270200424006,3.69234513261423
2024-10-31,2024-10-31 11:03:00,0.6,True,-0.0876077140477012,0.4023672734994571,3.6426694253139225
2024-10-31,2024-10-31 11:04:00,0.6,True,-0.0952775850390986,0.4028153408765463,3.6185636228300737
2024-10-31,2024-10-31 11:05:00,0.6,True,-0.0847895184022217,0.4091586469202973,3.5592963724354845
2024-10-31,2024-10-31 11:06:00,0.6,True,-0.0813973033802992,0.4083994528285211,3.6011134592142
2024-10-31,2024-10-31 11:07:00,0.6,True,-0.0822842233005048,0.4062492626113421,3.628590662282983
2024-10-31,2024-10-31 11:08:00,0.6,True,-0.1080003771811583,0.3993600655035307,3.65492749477153
2024-10-31,2024-10-31 11:09:00,0.6,True,-0.1264099501506793,0.395058039260354,3.6526788931376024
2024-10-31,2024-10-31 11:10:00,0.6,True,-0.1259192610307561,0.3945641333930869,3.6573895471383504
2024-10-31,2024-10-31 11:11:00,0.6,True,-0.1179711755892611,0.3974999421110971,3.656153599858341
2024-10-31,2024-10-31 11:12:00,0.6,True,-0.105058308363971,0.4032403131263264,3.6507635707252217
2024-10-31,2024-10-31 11:13:00,0.6,True,-0.109052196059045,0.3978192164222778,3.71246988277271
2024-10-31,2024-10-31 11:14:00,0.6,True,-0.1149658456686277,0.3956307552480901,3.721482847430595
2024-10-31,2024-10-31 11:15:00,0.6,True,-0.1035460239381384,0.3958111331491178,3.722549929887644
2024-10-31,2024-10-31 11:16:00,0.6,True,-0.095845869733453,0.3989037290956711,3.707634664807989
2024-10-31,2024-10-31 11:17:00,0.6,True,-0.0865517129184106,0.4018643499680591,3.686642640834105
2024-10-31,2024-10-31 11:18:00,0.6,True,-0.087485819466519,0.4050426425966025,3.654045754956723
2024-10-31,2024-10-31 11:19:00,0.6,True,-0.1078282666456239,0.3994997373871498,3.675712317631408
2024-10-31,2024-10-31 11:20:00,0.6,True,-0.1076923375666554,0.4004251690154502,3.677029323848088
2024-10-31,2024-10-31 11:21:00,0.6,True,-0.1090527835634091,0.3989105037392242,3.71138015599517
2024-10-31,2024-10-31 11:22:00,0.6,True,-0.1216826826681563,0.3974859219619311,3.716165188877834
2024-10-31,2024-10-31 11:23:00,0.6,True,-0.1212586108126899,0.3991913735892858,3.6911643473912146
2024-10-31,2024-10-31 11:24:00,0.6,True,-0.118114621952802,0.4008692212587927,3.6516380866824742
2024-10-31,2024-10-31 11:25:00,0.6,True,-0.1190299713540831,0.4004040550331613,3.66469796139013
2024-10-31,2024-10-31 11:26:00,0.6,True,-0.1209579363365075,0.3968999450149746,3.704141200120481
2024-10-31,2024-10-31 11:27:00,0.6,True,-0.1228666782963245,0.3992787178010322,3.661216121844413
2024-10-31,2024-10-31 11:28:00,0.6,True,-0.1216684109673048,0.401944404223497,3.618965633629649
2024-10-31,2024-10-31 11:29:00,0.6,True,-0.1204958055490183,0.4063686885317355,3.5752176985636166
2024-10-31,2024-10-31 11:30:00,0.6,True,-0.1126034149533756,0.407394566896663,3.553490959718866
2024-10-31,2024-10-31 11:31:00,0.6,True,-0.1195536003675445,0.3964409621264256,3.64028975193419
2024-10-31,2024-10-31 11:32:00,0.6,True,-0.1232094540516998,0.3928626237065362,3.657057316912232
2024-10-31,2024-10-31 11:33:00,0.6,True,-0.1122163877279493,0.3971019943035389,3.638609598639721
2024-10-31,2024-10-31 11:34:00,0.6,True,-0.111736109577183,0.3964701018708507,3.6363945797966024
2024-10-31,2024-10-31 11:35:00,0.6,True,-0.1027149838846482,0.3984702099012792,3.647959733972246
2024-10-31,2024-10-31 11:36:00,0.6,True,-0.1086738370130132,0.3940669696751567,3.667590038233795
2024-10-31,2024-10-31 11:37:00,0.6,True,-0.1259034296088273,0.3895168036188208,3.6610482481854256
2024-10-31,2024-10-31 11:38:00,0.6,True,-0.1259762295704361,0.384749965540118,3.686439422109093
2024-10-31,2024-10-31 11:39:00,0.6,True,-0.1281889412456198,0.3803052256903954,3.717210911489644
2024-10-31,2024-10-31 11:40:00,0.6,True,-0.1125745509975398,0.3819534003936069,3.719509089245785
2024-10-31,2024-10-31 11:41:00,0.6,True,-0.1126656948890978,0.3835628582481367,3.693351574789664
2024-10-31,2024-10-31 11:42:00,0.6,True,-0.1036918321696139,0.3838551714285003,3.6982696586576793
2024-10-31,2024-10-31 11:43:00,0.6,True,-0.0931791937121493,0.3837342997993483,3.726937588169949
2024-10-31,2024-10-31 11:44:00,0.6,True,-0.1014940644870522,0.3814700090007383,3.760097185146674
2024-10-31,2024-10-31 11:45:00,0.6,True,-0.1020677886153078,0.3856382982118495,3.749658962449785
2024-10-31,2024-10-31 11:46:00,0.6,True,-0.0935934017089714,0.3886615245327279,3.7430349654719257
2024-10-31,2024-10-31 11:47:00,0.6,True,-0.0847781498462948,0.3927152869252562,3.747489347054104
2024-10-31,2024-10-31 11:48:00,0.6,True,-0.0750004004509556,0.3936862267225846,3.7487504789805777
2024-10-31,2024-10-31 11:49:00,0.6,True,-0.0744570053733346,0.3909230952020104,3.775983850130303
2024-10-31,2024-10-31 11:50:00,0.6,True,-0.0723804198937442,0.3881087038115199,3.78490193953992
2024-10-31,2024-10-31 11:51:00,0.6,True,-0.0640690214541782,0.3919061154370894,3.759843499172463
2024-10-31,2024-10-31 11:52:00,0.6,True,-0.0731545894589084,0.3876993525240595,3.771018402260649
2024-10-31,2024-10-31 11:53:00,0.6,True,-0.0876021578677692,0.3802358773031063,3.806509301920507
2024-10-31,2024-10-31 11:54:00,0.6,True,-0.0973100160996303,0.3803627395350053,3.8107097077197816
2024-10-31,2024-10-31 11:55:00,0.6,True,-0.1074126617832155,0.3768674474112182,3.816632245347381
2024-10-31,2024-10-31 11:56:00,0.6,True,-0.1062323043271742,0.3765505399138544,3.825370900514919
2024-10-31,2024-10-31 11:57:00,0.6,True,-0.1079161584584154,0.3777405370419719,3.81546465785338
2024-10-31,2024-10-31 11:58:00,0.6,True,-0.1098070155583537,0.3800528775528397,3.762205855167608
2024-10-31,2024-10-31 11:59:00,0.6,True,-0.1227772567908979,0.3779567710762693,3.7628003856000154
2024-10-31,2024-10-31 12:00:00,0.61,True,-0.1200808902571847,0.3789711114756783,3.772153846932105
2024-10-31,2024-10-31 12:01:00,0.61,True,-0.1189210541902623,0.3791370080641864,3.7367527719361657
2024-10-31,2024-10-31 12:02:00,0.61,True,-0.1272881349541152,0.3740506296195243,3.796500729140042
2024-10-31,2024-10-31 12:03:00,0.61,True,-0.1307334677322205,0.3702540821129249,3.826636650980167
2024-10-31,2024-10-31 12:04:00,0.61,True,-0.1408485982906338,0.3650204952798616,3.8509917707975863
2024-10-31,2024-10-31 12:05:00,0.61,True,-0.140272552068667,0.3642996955274508,3.8706427513954873
2024-10-31,2024-10-31 12:06:00,0.61,True,-0.1401428658698753,0.3673801148762348,3.847962452639993
2024-10-31,2024-10-31 12:07:00,0.61,True,-0.1297374662808822,0.3683466989493929,3.860548067527685
2024-10-31,2024-10-31 12:08:00,0.61,True,-0.1341571275051571,0.3706401742174992,3.8331415486850258
2024-10-31,2024-10-31 12:09:00,0.61,True,-0.1436695365687619,0.3661092262932399,3.855164491082726
2024-10-31,2024-10-31 12:10:00,0.61,True,-0.1301208970068019,0.3732723813420565,3.814423017142745
2024-10-31,2024-10-31 12:11:00,0.61,True,-0.1264451211236104,0.368229507795383,3.85498689106088
2024-10-31,2024-10-31 12:12:00,0.61,True,-0.1069330483628098,0.3724186071753329,3.868150987587198
2024-10-31,2024-10-31 12:13:00,0.61,True,-0.1001151846672931,0.3759504686115668,3.863300420276069
2024-10-31,2024-10-31 12:14:00,0.61,True,-0.1057515161190346,0.3764612648760994,3.8386920957674615
2024-10-31,2024-10-31 12:15:00,0.61,True,-0.1141542938036397,0.3762460900980919,3.8300716752800734
2024-10-31,2024-10-31 12:16:00,0.61,True,-0.1034553425004916,0.3783405691672722,3.830178006146992
2024-10-31,2024-10-31 12:17:00,0.61,True,-0.1181314277341422,0.3757512031184794,3.8521393591171695
2024-10-31,2024-10-31 12:18:00,0.61,True,-0.1274397737912975,0.3743765685973479,3.858281775862902
2024-10-31,2024-10-31 12:19:00,0.61,True,-0.1244111189499387,0.3749642313218713,3.8266391960655097
2024-10-31,2024-10-31 12:20:00,0.61,True,-0.1125335288919649,0.377372984975362,3.790592232442295
2024-10-31,2024-10-31 12:21:00,0.61,True,-0.1182611240094455,0.3747995033385168,3.7937611399843623
2024-10-31,2024-10-31 12:22:00,0.61,True,-0.1186119302376271,0.3735875599432343,3.7830808646991905
2024-10-31,2024-10-31 12:23:00,0.61,True,-0.1291763632851346,0.3675426001687528,3.817935307192083
2024-10-31,2024-10-31 12:24:00,0.61,True,-0.1271682023295581,0.3651227017761483,3.843221690696825
2024-10-31,2024-10-31 12:25:00,0.61,True,-0.1175549162455236,0.3662125492787295,3.844363020622608
2024-10-31,2024-10-31 12:26:00,0.61,True,-0.1166800696199394,0.3660577855166332,3.8348739886393695
2024-10-31,2024-10-31 12:27:00,0.61,True,-0.1075459576609932,0.3625672756080377,3.857633653405314
2024-10-31,2024-10-31 12:28:00,0.6,True,-0.125094430595584,0.3581665439806173,3.874173258729851
2024-10-31,2024-10-31 12:29:00,0.6,True,-0.1121563795235854,0.3602254746274873,3.8506633271133297
2024-10-31,2024-10-31 12:30:00,0.6,True,-0.1205924781833764,0.3604703288078049,3.837438485872938
2024-10-31,2024-10-31 12:31:00,0.6,True,-0.1318571697122201,0.3544682677056284,3.8689567107286504
2024-10-31,2024-10-31 12:32:00,0.6,True,-0.1184632161102642,0.3600874604202888,3.82303387437544
2024-10-31,2024-10-31 12:33:00,0.6,True,-0.1105456136256737,0.3655548048653556,3.781030036245344
2024-10-31,2024-10-31 12:34:00,0.6,True,-0.0938183775995117,0.371458442282177,3.729720121958601
2024-10-31,2024-10-31 12:35:00,0.6,True,-0.0880807056890034,0.3738758229569395,3.7298345123745222
2024-10-31,2024-10-31 12:36:00,0.6,True,-0.0943909425245062,0.3717240838413876,3.736428072899659
2024-10-31,2024-10-31 12:37:00,0.6,True,-0.1076477776565109,0.3680235799064484,3.7789172241961286
2024-10-31,2024-10-31 12:38:00,0.6,True,-0.1191597692918706,0.3621048798194939,3.821888892804088
2024-10-31,2024-10-31 12:39:00,0.6,True,-0.1210590985525223,0.3643016258207157,3.829023965396108
2024-10-31,2024-10-31 12:40:00,0.6,True,-0.1167144057995987,0.3651772396124974,3.841598816485373
2024-10-31,2024-10-31 12:41:00,0.6,True,-0.1197185259189309,0.3655926826750027,3.854771807347897
2024-10-31,2024-10-31 12:42:00,0.6,True,-0.1189169751004667,0.3649650173513733,3.855748276108121
2024-10-31,2024-10-31 12:43:00,0.6,True,-0.1077895618518965,0.3696076195913539,3.832762041953071
2024-10-31,2024-10-31 12:44:00,0.6,True,-0.1199853211354801,0.3664636586774004,3.8315429997506087
2024-10-31,2024-10-31 12:45:00,0.6,True,-0.1396446997393075,0.3604968638420405,3.867066375622601
2024-10-31,2024-10-31 12:46:00,0.6,True,-0.1391661472610192,0.3588505845218458,3.8860972020093985
2024-10-31,2024-10-31 12:47:00,0.6,True,-0.1336034933883724,0.3611669979074922,3.893067867830538
2024-10-31,2024-10-31 12:48:00,0.6,True,-0.1366194974860698,0.3594746214435769,3.898927453852544
2024-10-31,2024-10-31 12:49:00,0.6,True,-0.1419422431428534,0.3576051161301607,3.921725934525942
2024-10-31,2024-10-31 12:50:00,0.6,True,-0.1504410942841718,0.3548190537532006,3.9299952063131567
2024-10-31,2024-10-31 12:51:00,0.6,True,-0.1660389947478543,0.3494679952881903,3.966496938014622
2024-10-31,2024-10-31 12:52:00,0.6,True,-0.1751723083263356,0.3423457958081802,4.004461571198731
2024-10-31,2024-10-31 12:53:00,0.6,True,-0.1777383100923672,0.3413326196774727,4.017854826764375
2024-10-31,2024-10-31 12:54:00,0.6,True,-0.1794135094829216,0.3409417397537915,4.025544698154577
2024-10-31,2024-10-31 12:55:00,0.6,True,-0.1817832162031284,0.3436594415851676,3.9839910492981825
2024-10-31,2024-10-31 12:56:00,0.6,True,-0.1799506034696369,0.3460514670689516,3.931205420706703
2024-10-31,2024-10-31 12:57:00,0.6,True,-0.1721683134536356,0.3484781183534635,3.931054410550447
2024-10-31,2024-10-31 12:58:00,0.6,True,-0.1722161469208923,0.3475217292712566,3.9370745965816503
2024-10-31,2024-10-31 12:59:00,0.6,True,-0.1730272963061563,0.348184457772131,3.944542693614988
2024-10-31,2024-10-31 13:00:00,0.6,True,-0.1684712983105421,0.3496087774555325,3.947297865020072
2024-10-31,2024-10-31 13:01:00,0.6,True,-0.1561396529181306,0.3529732582696211,3.9385570063945976
2024-10-31,2024-10-31 13:02:00,0.6,True,-0.1693506141203221,0.349728875410546,3.943846712957789
2024-10-31,2024-10-31 13:03:00,0.6,True,-0.180149856962674,0.343936191006304,3.959175569317652
2024-10-31,2024-10-31 13:04:00,0.6,True,-0.1799033273303175,0.3458187295948806,3.94430332315042
2024-10-31,2024-10-31 13:05:00,0.6,True,-0.1739075877687547,0.3506707532875415,3.9168041947313026
2024-10-31,2024-10-31 13:06:00,0.6,True,-0.1771049435983799,0.3474191828389896,3.930743931616846
2024-10-31,2024-10-31 13:07:00,0.6,True,-0.1757743590917421,0.3521739558321941,3.896477346426612
2024-10-31,2024-10-31 13:08:00,0.6,True,-0.1655752648429538,0.3542531028177227,3.894694644215313
2024-10-31,2024-10-31 13:09:00,0.6,True,-0.1710572334371975,0.3529373343214467,3.90965579055807
2024-10-31,2024-10-31 13:10:00,0.6,True,-0.1635906149740874,0.3558216824828387,3.893204093183764
2024-10-31,2024-10-31 13:11:00,0.6,True,-0.1567427760357031,0.3571043807166189,3.8736551103257217
2024-10-31,2024-10-31 13:12:00,0.6,True,-0.1618656094235478,0.352792325707682,3.88479921298193
2024-10-31,2024-10-31 13:13:00,0.6,True,-0.1659095310863904,0.3472244936258275,3.937759524161444
2024-10-31,2024-10-31 13:14:00,0.6,True,-0.1647740998482779,0.3476746482996246,3.94793949567561
2024-10-31,2024-10-31 13:15:00,0.6,True,-0.1575132610910967,0.3517028089218554,3.918820882718871
2024-10-31,2024-10-31 13:16:00,0.6,True,-0.1453734882888832,0.3522332747270924,3.907813680138002
2024-10-31,2024-10-31 13:17:00,0.6,True,-0.1537694526442888,0.350139571993556,3.9045411749822385
2024-10-31,2024-10-31 13:18:00,0.6,True,-0.153617381394008,0.3497291626445381,3.9128813342367863
2024-10-31,2024-10-31 13:19:00,0.6,True,-0.1519657082695804,0.3498250876731183,3.907921466571353
2024-10-31,2024-10-31 13:20:00,0.6,True,-0.1566165614663767,0.3497162062011351,3.8874838131222456
2024-10-31,2024-10-31 13:21:00,0.6,True,-0.1696676599955617,0.3464980368695639,3.884694486499716
2024-10-31,2024-10-31 13:22:00,0.6,True,-0.1721926611414712,0.3454788256757296,3.877104643757233
2024-10-31,2024-10-31 13:23:00,0.6,True,-0.1820222397822691,0.3409887385073055,3.8968101823200954
2024-10-31,2024-10-31 13:24:00,0.6,True,-0.1747432381687321,0.3450948798257609,3.870216881223828
2024-10-31,2024-10-31 13:25:00,0.6,True,-0.1748141672432688,0.3437406670968606,3.875781041379243
2024-10-31,2024-10-31 13:26:00,0.6,True,-0.1707621233536436,0.3421108329172658,3.90516773205716
2024-10-31,2024-10-31 13:27:00,0.6,True,-0.1677486835761526,0.340865730215971,3.925635851433739
2024-10-31,2024-10-31 13:28:00,0.6,True,-0.1622862975543128,0.3403100844965191,3.954798089912764
2024-10-31,2024-10-31 13:29:00,0.6,True,-0.1675417779221014,0.3366774583152294,3.975489726686234
2024-10-31,2024-10-31 13:30:00,0.6,True,-0.1752860769108233,0.3320485246828844,3.994808322855309
2024-10-31,2024-10-31 13:31:00,0.6,True,-0.1760267927905798,0.3326192861762406,3.991316227230539
2024-10-31,2024-10-31 13:32:00,0.6,True,-0.1747440660522206,0.3313307084153966,3.983009475828753
2024-10-31,2024-10-31 13:33:00,0.6,True,-0.1751906165056251,0.3316409194086478,3.973287966795573
2024-10-31,2024-10-31 13:34:00,0.6,True,-0.1733699855165295,0.3302569690196026,3.993188328288271
2024-10-31,2024-10-31 13:35:00,0.6,True,-0.1689233422423948,0.3325746137337133,3.9681768935959094
2024-10-31,2024-10-31 13:36:00,0.6,True,-0.1528208860164053,0.3363648999349094,3.976128016201789
2024-10-31,2024-10-31 13:37:00,0.6,True,-0.1509271990176006,0.336064721919213,3.984385374710265
2024-10-31,2024-10-31 13:38:00,0.6,True,-0.1743030862546332,0.326874227408148,4.018430622334579
2024-10-31,2024-10-31 13:39:00,0.6,True,-0.1792424112081116,0.3253904521124666,4.046212205221629
2024-10-31,2024-10-31 13:40:00,0.6,True,-0.1811062892572474,0.3238367669332285,4.0703378942603
2024-10-31,2024-10-31 13:41:00,0.6,True,-0.1879880687531139,0.32189202418017,4.083585110526507
2024-10-31,2024-10-31 13:42:00,0.6,True,-0.1958769851301839,0.3193172530526971,4.081229768540849
2024-10-31,2024-10-31 13:43:00,0.6,True,-0.1993454865983339,0.3200538055557844,4.05775099423078
2024-10-31,2024-10-31 13:44:00,0.6,True,-0.2013349526686912,0.3182915764485244,4.062340324734111
2024-10-31,2024-10-31 13:45:00,0.6,True,-0.2005592217388728,0.3215137391674067,4.034959246042887
2024-10-31,2024-10-31 13:46:00,0.6,True,-0.1993083729628849,0.3192081011726435,4.04805668671119
2024-10-31,2024-10-31 13:47:00,0.6,True,-0.2007073108353428,0.3156315738684588,4.072372177696892
2024-10-31,2024-10-31 13:48:00,0.6,True,-0.2098321469735524,0.3118948700928404,4.091894208961884
2024-10-31,2024-10-31 13:49:00,0.6,True,-0.2067823657599709,0.3124320767428519,4.088502784274162
2024-10-31,2024-10-31 13:50:00,0.6,True,-0.2015163717994202,0.3172093835935506,4.040697509278306
2024-10-31,2024-10-31 13:51:00,0.6,True,-0.2073375071715384,0.3178404659994123,4.017530010193695
2024-10-31,2024-10-31 13:52:00,0.6,True,-0.2046601340139007,0.3191761011318152,4.005657420843772
2024-10-31,2024-10-31 13:53:00,0.6,True,-0.1996427113144298,0.3185249736721939,4.030572812213791
2024-10-31,2024-10-31 13:54:00,0.6,True,-0.1936145264308617,0.3212849063271067,3.997795966194472
2024-10-31,2024-10-31 13:55:00,0.6,True,-0.1870624733945853,0.3242052800788326,3.9793464838733192
2024-10-31,2024-10-31 13:57:00,0.6,True,-0.1794221016720813,0.3227548672049372,4.0096322350394065
2024-10-31,2024-10-31 13:58:00,0.6,True,-0.1832863877045294,0.3172897811609469,4.049270419024456
2024-10-31,2024-10-31 13:59:00,0.59,True,-0.1777906848305731,0.3178870368817851,4.03751818051575
2024-10-31,2024-10-31 14:00:00,0.6,True,-0.1696492801548304,0.3197196694282634,4.031134249045373
2024-10-31,2024-10-31 14:01:00,0.59,True,-0.1779836607685511,0.3150407600520065,4.065655979607672
2024-10-31,2024-10-31 14:02:00,0.59,True,-0.1638130985302204,0.3218968311314368,4.023078702384017
2024-10-31,2024-10-31 14:03:00,0.59,True,-0.1633328886735092,0.3223557684916142,4.02484496248139
2024-10-31,2024-10-31 14:04:00,0.59,True,-0.1541363920794371,0.3255096913768278,4.03109483438129
2024-10-31,2024-10-31 14:05:00,0.59,True,-0.1498364478002257,0.327701606634859,4.023807580497434
2024-10-31,2024-10-31 14:06:00,0.59,True,-0.172873844978191,0.3204857394697128,4.0520335130619305
2024-10-31,2024-10-31 14:07:00,0.59,True,-0.175825890724469,0.3174935681341507,4.076047662249959
2024-10-31,2024-10-31 14:08:00,0.59,True,-0.1553247905419763,0.3265742182413998,4.01950210067797
2024-10-31,2024-10-31 14:09:00,0.59,True,-0.1607203815096746,0.3237804053061118,4.0209820177746165
2024-10-31,2024-10-31 14:10:00,0.59,True,-0.1622835768161443,0.3233368331578173,4.020682502099155
2024-10-31,2024-10-31 14:11:00,0.59,True,-0.1559655232387045,0.3235232495498202,4.024170424452396
2024-10-31,2024-10-31 14:12:00,0.59,True,-0.1517072004282908,0.3238462833024983,4.007775946247623
2024-10-31,2024-10-31 14:13:00,0.59,True,-0.1590541506482428,0.3227748518246363,4.0259293208900235
2024-10-31,2024-10-31 14:14:00,0.59,True,-0.1532375088229368,0.3220894592587003,4.04273610151235
2024-10-31,2024-10-31 14:15:00,0.59,True,-0.1466480285988142,0.3247570163976794,4.013656528666854
2024-10-31,2024-10-31 14:16:00,0.59,True,-0.1405398809218394,0.3258503759693728,4.013860373201553
2024-10-31,2024-10-31 14:17:00,0.59,True,-0.1340636824106509,0.3275443233416209,4.018421758244831
2024-10-31,2024-10-31 14:18:00,0.59,True,-0.135370583411107,0.3273460716194463,4.043765547344935
2024-10-31,2024-10-31 14:19:00,0.59,True,-0.1287030879257903,0.3286337927888731,4.0447934490200215
2024-10-31,2024-10-31 14:20:00,0.59,True,-0.1322387497600545,0.3282085457060371,4.058469391845134
2024-10-31,2024-10-31 14:21:00,0.59,True,-0.1339193565868906,0.3287811237507215,4.052424693532501
2024-10-31,2024-10-31 14:22:00,0.59,True,-0.1287495437179536,0.3292793073580514,4.066686044317057
2024-10-31,2024-10-31 14:23:00,0.59,True,-0.1316180726972014,0.3298044796618293,4.079033275922921
2024-10-31,2024-10-31 14:24:00,0.59,True,-0.1236900795279362,0.3331254518510359,4.05682699015499
2024-10-31,2024-10-31 14:25:00,0.59,True,-0.1347202871222747,0.3308877970003203,4.055841203520729
2024-10-31,2024-10-31 14:26:00,0.59,True,-0.1306737880351023,0.3323284182246651,4.067504913683231
2024-10-31,2024-10-31 14:27:00,0.59,True,-0.1264836365314601,0.331902357263566,4.065753265986582
2024-10-31,2024-10-31 14:28:00,0.58,True,-0.1176808053933015,0.3354273901962136,4.055485668201855
2024-10-31,2024-10-31 14:29:00,0.59,True,-0.1153063319078191,0.3372300591347414,4.045615764372736
2024-10-31,2024-10-31 14:30:00,0.59,True,-0.110019818773735,0.3406742682891046,4.025731890417125
2024-10-31,2024-10-31 14:31:00,0.59,True,-0.1208538163755477,0.3386213217662711,4.038842658514307
2024-10-31,2024-10-31 14:32:00,0.59,True,-0.1173166218005803,0.3425987841116334,4.014622150771463
2024-10-31,2024-10-31 14:33:00,0.59,True,-0.1198876793704008,0.3377214146149307,4.040706033946552
2024-10-31,2024-10-31 14:34:00,0.59,True,-0.0685999180403999,0.3559865610640134,3.938051178316177
2024-10-31,2024-10-31 14:35:00,0.59,True,-0.0634348913938407,0.3559072910857492,3.9235773896631256
2024-10-31,2024-10-31 14:36:00,0.59,True,-0.0561910311221097,0.3584944439714019,3.92464743746395
2024-10-31,2024-10-31 14:37:00,0.59,True,-0.0486099606883969,0.3626138138608723,3.907765094837315
2024-10-31,2024-10-31 14:38:00,0.59,True,-0.0360649372289523,0.3677693117364002,3.8717431532737847
2024-10-31,2024-10-31 14:39:00,0.59,True,-0.0400542993980931,0.3665470270648674,3.8770804769195855
2024-10-31,2024-10-31 14:40:00,0.59,True,-0.0485613821634449,0.3639628214853158,3.880429747063301
2024-10-31,2024-10-31 14:41:00,0.59,True,-0.0437312972147089,0.3671932975116099,3.866110061149303
2024-10-31,2024-10-31 14:42:00,0.59,True,-0.0393089180396319,0.3697445428033991,3.854142591463658
2024-10-31,2024-10-31 14:43:00,0.59,True,-0.0392218232827879,0.3675166199208396,3.8789188677666657
2024-10-31,2024-10-31 14:44:00,0.58,True,-0.0527573719267326,0.361370977297598,3.907004796976079
2024-10-31,2024-10-31 14:45:00,0.59,True,-0.0553679837575939,0.3611563705721704,3.900723499604024
2024-10-31,2024-10-31 14:46:00,0.59,True,-0.0603408840795674,0.3605225983807415,3.9068006868241616
2024-10-31,2024-10-31 14:47:00,0.58,True,-0.048637614609632,0.3635392249673499,3.899744729951766
2024-10-31,2024-10-31 14:48:00,0.58,True,-0.0406756080797335,0.3672096608049007,3.8914320294481337
2024-10-31,2024-10-31 14:49:00,0.58,True,-0.0268142800259414,0.3714208748637219,3.8824619975663217
2024-10-31,2024-10-31 14:50:00,0.58,True,-0.0230200256726939,0.3762117850867982,3.862441896309947
2024-10-31,2024-10-31 14:51:00,0.58,True,-0.0381223694407726,0.3703644778635477,3.889366438270685
2024-10-31,2024-10-31 14:52:00,0.58,True,-0.0322526192051149,0.372926079103824,3.8714411092309104
2024-10-31,2024-10-31 14:53:00,0.58,True,-0.0179018739709218,0.3788277327996258,3.845021634464344
2024-10-31,2024-10-31 14:54:00,0.58,True,-0.0140440712479287,0.3804026654415937,3.8403723942675008
2024-10-31,2024-10-31 14:55:00,0.58,True,-0.0269521680206091,0.374093272675196,3.8726609839846735
2024-10-31,2024-10-31 14:56:00,0.58,True,-0.0308279068663675,0.3736777754513358,3.869054166253057
2024-10-31,2024-10-31 14:57:00,0.58,True,-0.0247723114969794,0.3726250083031958,3.8720308379985378
2024-10-31,2024-10-31 14:58:00,0.58,True,-0.0270141392617558,0.3694244026563653,3.896066949749843
2024-10-31,2024-10-31 14:59:00,0.58,True,-0.0352177087779699,0.364806472202004,3.9274211306136184
2024-10-31,2024-10-31 15:00:00,0.58,True,-0.0334783821147127,0.3638721935257319,3.932665098095347
2024-10-31,2024-10-31 15:01:00,0.58,True,-0.0353053736671703,0.3678498261107679,3.9041165751103537
2024-10-31,2024-10-31 15:02:00,0.58,True,-0.0504162377192603,0.363561800712015,3.916249640068796
2024-10-31,2024-10-31 15:03:00,0.58,True,-0.05695205376946,0.3635048912804939,3.902139397817045
2024-10-31,2024-10-31 15:04:00,0.58,True,-0.0633880231357356,0.361035125340198,3.9074386164309702
2024-10-31,2024-10-31 15:05:00,0.58,True,-0.054511500311526,0.3659048652403949,3.874221234750954
2024-10-31,2024-10-31 15:06:00,0.58,True,-0.0499559541085554,0.3715010430201109,3.8387132389629426
2024-10-31,2024-10-31 15:07:00,0.58,True,-0.0431338901189776,0.3758748760995105,3.811123398487195
2024-10-31,2024-10-31 15:08:00,0.58,True,-0.035941172991904,0.3779303044298274,3.794109969013884
2024-10-31,2024-10-31 15:09:00,0.58,True,-0.0287090538111372,0.3794854431665194,3.7834879107752903
2024-10-31,2024-10-31 15:10:00,0.58,True,-0.0369493915347942,0.3759793212902278,3.792437048802933
2024-10-31,2024-10-31 15:11:00,0.58,True,-0.0399557340572235,0.3743026002217267,3.7978904978422223
2024-10-31,2024-10-31 15:12:00,0.58,True,-0.0438841097180205,0.371137891717338,3.833767379384964
2024-10-31,2024-10-31 15:13:00,0.58,True,-0.0359892292368238,0.3768354593054644,3.7974176272759177
2024-10-31,2024-10-31 15:14:00,0.58,True,-0.0363667313085295,0.3772170900401559,3.777850688425493
2024-10-31,2024-10-31 15:15:00,0.58,True,-0.0313477530823406,0.3805165465211035,3.749427998037634
2024-10-31,2024-10-31 15:16:00,0.58,True,-0.0282163240051019,0.3820435866480505,3.7523365691545782
2024-10-31,2024-10-31 15:17:00,0.58,True,-0.029531193226977,0.3849047757094238,3.725617251758771
2024-10-31,2024-10-31 15:18:00,0.58,True,-0.0207247776718996,0.389022521755305,3.7023521838187863
2024-10-31,2024-10-31 15:19:00,0.58,True,-0.022803583228643,0.3903990105500844,3.709427695415126
2024-10-31,2024-10-31 15:20:00,0.58,True,-0.0196415397060851,0.3912185511070945,3.7019830846273702
2024-10-31,2024-10-31 15:21:00,0.58,True,-0.0149135840064839,0.3927167068046119,3.69918614153944
2024-10-31,2024-10-31 15:22:00,0.58,True,-0.0171024896668065,0.38998461209342,3.7211423253896614
2024-10-31,2024-10-31 15:23:00,0.58,True,-0.0122858993189197,0.3890852484387483,3.735118157430436
2024-10-31,2024-10-31 15:24:00,0.58,True,-0.0221270358552321,0.3844846126278416,3.7624198355926586
2024-10-31,2024-10-31 15:25:00,0.58,True,-0.0330221986044699,0.3807301107263263,3.7991237137934832
2024-10-31,2024-10-31 15:26:00,0.58,True,-0.0318001158273615,0.3821889989859942,3.8088057689326047
2024-10-31,2024-10-31 15:27:00,0.58,True,-0.0326590340057009,0.3835817175326583,3.793021313407929
2024-10-31,2024-10-31 15:28:00,0.58,True,-0.0517862189831947,0.3771869227323298,3.814263594237799
2024-10-31,2024-10-31 15:29:00,0.58,True,-0.0445687286779497,0.380379589700656,3.806018279242476
2024-10-31,2024-10-31 15:30:00,0.58,True,-0.0423942489929594,0.3824123913434107,3.794552016386064
2024-10-31,2024-10-31 15:31:00,0.58,True,-0.0412658158096428,0.3836040697204804,3.800800434192554
2024-10-31,2024-10-31 15:32:00,0.58,True,-0.0247387117712729,0.3920201243413709,3.738951148367643
2024-10-31,2024-10-31 15:33:00,0.58,True,-0.0239074030325702,0.3892600785167898,3.748218739538508
2024-10-31,2024-10-31 15:34:00,0.58,True,-0.0287035037115857,0.3861934790128261,3.7763945161222
2024-10-31,2024-10-31 15:35:00,0.58,True,-0.0407077827652507,0.3768226967639195,3.838255527679556
2024-10-31,2024-10-31 15:36:00,0.58,True,-0.0411014525043135,0.3780334074399912,3.83766790925022
2024-10-31,2024-10-31 15:37:00,0.58,True,-0.0363562963532618,0.3856212496029278,3.7791131917884906
2024-10-31,2024-10-31 15:38:00,0.58,True,-0.0502690206322877,0.3835274117307197,3.7591177825173463
2024-10-31,2024-10-31 15:39:00,0.58,True,-0.0628967303092941,0.3776031550232477,3.80823018743982
2024-10-31,2024-10-31 15:40:00,0.58,True,-0.0708686316387015,0.3792477116496216,3.790868741038501
2024-10-31,2024-10-31 15:41:00,0.58,True,-0.0675790516714008,0.3814315220676716,3.7601926366801472
2024-10-31,2024-10-31 15:42:00,0.58,True,-0.0699861212050329,0.379496414832451,3.774091513241017
2024-10-31,2024-10-31 15:43:00,0.58,True,-0.0684035663157402,0.3808868476845931,3.750724163236484
2024-10-31,2024-10-31 15:44:00,0.58,True,-0.0722062952080329,0.3786598706590931,3.7416075825066577
2024-10-31,2024-10-31 15:45:00,0.58,True,-0.0735220193678302,0.3764439677362669,3.749323612976826
2024-10-31,2024-10-31 15:46:00,0.58,True,-0.0649614101914374,0.3792556207576437,3.7440430331881105
2024-10-31,2024-10-31 15:47:00,0.58,True,-0.0799471104410929,0.3720435276699351,3.779231022076523
2024-10-31,2024-10-31 15:48:00,0.58,True,-0.0891470975473363,0.368471821131674,3.79568280958694
2024-10-31,2024-10-31 15:49:00,0.58,True,-0.0983609311713846,0.3624948837366079,3.834758008208419
2024-10-31,2024-10-31 15:50:00,0.58,True,-0.1016639976208055,0.3635673555775974,3.82880194523748
2024-10-31,2024-10-31 15:51:00,0.575,True,-0.0918191262861927,0.3613512580408384,3.8716939172634226
2024-10-31,2024-10-31 15:52:00,0.58,True,-0.0977242114094524,0.3560122317946768,3.9249870694109097
2024-10-31,2024-10-31 15:53:00,0.58,True,-0.0973522352097893,0.3561095131809949,3.906044688493735
2024-10-31,2024-10-31 15:54:00,0.58,True,-0.1001988662004275,0.3582533575662494,3.9029817675359153
2024-10-31,2024-10-31 15:55:00,0.58,True,-0.0810283175276141,0.3577190975004309,3.907184536038936
2024-10-31,2024-10-31 15:56:00,0.58,True,-0.0787056490114571,0.3564379990326249,3.921934574842196
2024-10-31,2024-10-31 15:57:00,0.58,True,-0.0930272820524276,0.3498479206904983,3.987783988037203
2024-10-31,2024-10-31 15:58:00,0.58,True,-0.0930311361390515,0.353840132371115,3.954745197689246
2024-10-31,2024-10-31 15:59:00,0.58,True,-0.1132794011268236,0.3467999237334004,3.970325280375134
2024-10-31,2024-10-31 16:00:00,0.58,True,-0.0988976728149322,0.3478878056548867,3.986128656031714
2024-11-01,2024-11-01 09:31:00,0.58,True,0.0423907481098559,0.4213218327423551,2.7428853838550595
2024-11-01,2024-11-01 09:32:00,0.58,True,-0.0120138324297989,0.3966027795950305,2.8418709222416747
2024-11-01,2024-11-01 09:33:00,0.58,True,0.0154257623196727,0.3918697760252094,2.820424393275266
2024-11-01,2024-11-01 09:34:00,0.58,True,0.0543625283121752,0.4035999749620115,2.8041399659971766
2024-11-01,2024-11-01 09:35:00,0.58,True,0.0596739332807579,0.4000177931938503,2.74746336662039
2024-11-01,2024-11-01 09:36:00,0.58,True,0.0453243791978061,0.4011732410581312,2.7726377487002485
2024-11-01,2024-11-01 09:37:00,0.58,True,0.0688281486814182,0.4092375893160262,2.7436869019481285
2024-11-01,2024-11-01 09:38:00,0.58,True,0.0638066288058485,0.4110886905711771,2.6974662749185847
2024-11-01,2024-11-01 09:39:00,0.58,True,0.0747621179970375,0.4185837552331011,2.6876290272197902
2024-11-01,2024-11-01 09:40:00,0.58,True,0.0766268279687324,0.4205395307431888,2.62093922877902
2024-11-01,2024-11-01 09:41:00,0.58,True,0.0493127087316717,0.4145878473948,2.530607707762069
2024-11-01,2024-11-01 09:42:00,0.58,True,0.0340968046469716,0.4153657915931297,2.5203304106517974
2024-11-01,2024-11-01 09:43:00,0.58,True,0.0276853701799458,0.4180880515904382,2.4753709560231423
2024-11-01,2024-11-01 09:44:00,0.58,True,0.0346726313708787,0.4226750400365189,2.4248064078243816
2024-11-01,2024-11-01 09:45:00,0.58,True,0.0411906144345681,0.4252444614401058,2.430559913226367
2024-11-01,2024-11-01 09:46:00,0.58,True,0.0396967485822919,0.4257763482465632,2.482557578033438
2024-11-01,2024-11-01 09:47:00,0.58,True,0.0259948153886298,0.4202319736546911,2.5599662744525298
2024-11-01,2024-11-01 09:48:00,0.58,True,0.038010920489491,0.4265350516810124,2.575036482972864
2024-11-01,2024-11-01 09:49:00,0.58,True,0.0318036708125181,0.4218665693647017,2.589186883977756
2024-11-01,2024-11-01 09:50:00,0.58,True,0.0372555081817067,0.4315075150931269,2.5094764222366828
2024-11-01,2024-11-01 09:51:00,0.58,True,0.0517695842745131,0.4417875387616262,2.4761448979445166
2024-11-01,2024-11-01 09:52:00,0.59,True,0.0217269855416658,0.432577099538648,2.5333522780733233
2024-11-01,2024-11-01 09:53:00,0.59,True,0.0049162453374156,0.4273585085234061,2.620969659837119
2024-11-01,2024-11-01 09:54:00,0.59,True,-0.0177432040012081,0.4197258498634431,2.668952937291499
2024-11-01,2024-11-01 09:55:00,0.59,True,-0.0164706680053516,0.4143567723071539,2.728245231240355
2024-11-01,2024-11-01 09:56:00,0.59,True,-0.0146826087559152,0.4184646168353723,2.6796468427947575
2024-11-01,2024-11-01 09:57:00,0.59,True,-0.0269656706488471,0.413509477776785,2.66152970361002
2024-11-01,2024-11-01 09:58:00,0.59,True,-0.0516299430617513,0.4036278277486256,2.717363569070145
2024-11-01,2024-11-01 09:59:00,0.59,True,-0.0300674985351832,0.4186638968264289,2.605289331970503
2024-11-01,2024-11-01 10:00:00,0.59,True,-0.0350899205458051,0.4141951933055366,2.6276874048809136
2024-11-01,2024-11-01 10:01:00,0.59,True,-0.0207775246042052,0.4080227200681023,2.7070762112393103
2024-11-01,2024-11-01 10:02:00,0.59,True,-0.0457560130004856,0.4018071265543089,2.731538687749685
2024-11-01,2024-11-01 10:03:00,0.59,True,-0.0494390282523339,0.3995065288655604,2.8541006736801298
2024-11-01,2024-11-01 10:04:00,0.585,True,-0.0446803060192064,0.4028031510686763,2.8468934990461645
2024-11-01,2024-11-01 10:05:00,0.59,True,-0.0663258244638778,0.3830371616662716,2.96797805123591
2024-11-01,2024-11-01 10:06:00,0.59,True,-0.0519107818048343,0.3851115011260123,2.9691083961043807
2024-11-01,2024-11-01 10:07:00,0.59,True,-0.0430739487302426,0.3881286150746467,2.9516632603146187
2024-11-01,2024-11-01 10:08:00,0.59,True,-0.0385912102820913,0.3883960059741008,2.927271388137833
2024-11-01,2024-11-01 10:09:00,0.59,True,-0.0330020340581833,0.3900337946379525,2.915001851402219
2024-11-01,2024-11-01 10:10:00,0.59,True,-0.0175646979076953,0.3962718236850873,2.885118429651871
2024-11-01,2024-11-01 10:11:00,0.58,True,-0.0258324107815182,0.389566493389845,2.919443436413921
2024-11-01,2024-11-01 10:12:00,0.59,True,-0.0448227202113773,0.3870063528511977,2.9074739617206125
2024-11-01,2024-11-01 10:13:00,0.58,True,-0.0838338197234346,0.3788497461422461,2.932729915590841
2024-11-01,2024-11-01 10:14:00,0.58,True,-0.0733278812786625,0.3882561400950456,2.882829892128606
2024-11-01,2024-11-01 10:15:00,0.58,True,-0.0568287952992499,0.3889091234550657,2.862582769207722
2024-11-01,2024-11-01 10:16:00,0.58,True,-0.0731909993012804,0.3827344706106844,2.9017212081689263
2024-11-01,2024-11-01 10:17:00,0.58,True,-0.0831568861624439,0.3834145391635513,2.912446374715306
2024-11-01,2024-11-01 10:18:00,0.58,True,-0.0550784602894023,0.3946165526463172,2.8875431542702876
2024-11-01,2024-11-01 10:19:00,0.58,True,-0.0390957494989259,0.4072531884379302,2.7820177460955957
2024-11-01,2024-11-01 10:20:00,0.58,True,-0.0470017188535147,0.4066259599103559,2.766132909269018
2024-11-01,2024-11-01 10:21:00,0.58,True,-0.0366902189729442,0.4040013743095524,2.7825527484831336
2024-11-01,2024-11-01 10:22:00,0.58,True,-0.0384015396365297,0.404551265541219,2.788795812950366
2024-11-01,2024-11-01 10:23:00,0.58,True,-0.0565401341811447,0.4026071262184701,2.7757401312678964
2024-11-01,2024-11-01 10:24:00,0.58,True,-0.0653908030920535,0.3998718815986764,2.7932356805522085
2024-11-01,2024-11-01 10:25:00,0.58,True,-0.0598585525817517,0.400449063882679,2.784945525241469
2024-11-01,2024-11-01 10:26:00,0.58,True,-0.0621049961353046,0.3990181524474099,2.7781225104709972
2024-11-01,2024-11-01 10:27:00,0.58,True,-0.0794362943380749,0.394723071497271,2.8051306779785055
2024-11-01,2024-11-01 10:28:00,0.58,True,-0.0650376935762906,0.4005425216759803,2.7807288944713338
2024-11-01,2024-11-01 10:29:00,0.58,True,-0.0493800069991989,0.4070679888458763,2.7614273969881493
2024-11-01,2024-11-01 10:30:00,0.58,True,-0.0576402160848257,0.4058117915280734,2.755658950575431
2024-11-01,2024-11-01 10:31:00,0.58,True,-0.0682882575879871,0.4018101474459823,2.7848652731746895
2024-11-01,2024-11-01 10:32:00,0.58,True,-0.0617508217523013,0.4078738247759355,2.7271477742842554
2024-11-01,2024-11-01 10:33:00,0.58,True,-0.0732845285543513,0.4048169058486701,2.7215781301440423
2024-11-01,2024-11-01 10:34:00,0.58,True,-0.0616318351375154,0.4066022969105675,2.7510944102460626
2024-11-01,2024-11-01 10:35:00,0.58,True,-0.0666453939407606,0.4099058358859566,2.7357653602245056
2024-11-01,2024-11-01 10:36:00,0.58,True,-0.0627641492017835,0.4142237846113622,2.7227718936711134
2024-11-01,2024-11-01 10:37:00,0.58,True,-0.0866138627263715,0.4009103910091407,2.7636352899274113
2024-11-01,2024-11-01 10:38:00,0.58,True,-0.0801178548953973,0.4036964116381025,2.7634661670209395
2024-11-01,2024-11-01 10:39:00,0.58,True,-0.0916195495161306,0.3981576680712833,2.7898572066050926
2024-11-01,2024-11-01 10:40:00,0.58,True,-0.1124468840687595,0.3965010279824736,2.797364353495379
2024-11-01,2024-11-01 10:41:00,0.58,True,-0.1220909358990576,0.3895226300412106,2.837646530490685
2024-11-01,2024-11-01 10:42:00,0.58,True,-0.1133165273873789,0.3903901342602859,2.826657705023551
2024-11-01,2024-11-01 10:43:00,0.58,True,-0.1019377401453773,0.3964388343654217,2.8085852850156283
2024-11-01,2024-11-01 10:44:00,0.57,True,-0.095805746152726,0.4011364419878966,2.801246846144065
2024-11-01,2024-11-01 10:45:00,0.58,True,-0.0940816208146939,0.4015303790854195,2.783218887496766
2024-11-01,2024-11-01 10:46:00,0.58,True,-0.0910722609959001,0.4025228709724964,2.7689288094744073
2024-11-01,2024-11-01 10:47:00,0.58,True,-0.0955642446377042,0.3983623951838373,2.779215455443722
2024-11-01,2024-11-01 10:48:00,0.58,True,-0.0918926354743359,0.3993099177694698,2.757045858586282
2024-11-01,2024-11-01 10:49:00,0.58,True,-0.1140696237901455,0.3905293017309159,2.8027231143166813
2024-11-01,2024-11-01 10:50:00,0.58,True,-0.1060286682690445,0.4008339715027467,2.7181273050029144
2024-11-01,2024-11-01 10:51:00,0.58,True,-0.112291215326835,0.3922096200257237,2.7775004743045324
2024-11-01,2024-11-01 10:52:00,0.58,True,-0.0953275668587804,0.3980929517740996,2.7837327889351475
2024-11-01,2024-11-01 10:53:00,0.58,True,-0.1032193531465947,0.3917969634913832,2.8299777331211646
2024-11-01,2024-11-01 10:54:00,0.58,True,-0.1017269892420409,0.3923685381671305,2.815475960365378
2024-11-01,2024-11-01 10:55:00,0.58,True,-0.0978001132107536,0.397140416684957,2.787490906362544
2024-11-01,2024-11-01 10:56:00,0.58,True,-0.0947249224373196,0.3979744256726604,2.7630882708785425
2024-11-01,2024-11-01 10:57:00,0.58,True,-0.1051727927270319,0.3965395354431849,2.7624818163680303
2024-11-01,2024-11-01 10:58:00,0.58,True,-0.116540820893475,0.3908862288524086,2.7779041805468667
2024-11-01,2024-11-01 10:59:00,0.58,True,-0.1188630182188941,0.3878584176775309,2.80005274129179
2024-11-01,2024-11-01 11:00:00,0.58,True,-0.1165560540631576,0.3900690409290721,2.7835879306667564
2024-11-01,2024-11-01 11:01:00,0.58,True,-0.1098506856022222,0.3937205652165928,2.7620869692276613
2024-11-01,2024-11-01 11:02:00,0.58,True,-0.1103305603353876,0.3935873793162491,2.781715815908074
2024-11-01,2024-11-01 11:03:00,0.58,True,-0.1028589199990755,0.40113005044107,2.7437483107043548
2024-11-01,2024-11-01 11:04:00,0.58,True,-0.0960296070762334,0.4046306204801292,2.74945874564424
2024-11-01,2024-11-01 11:05:00,0.58,True,-0.1001851461232167,0.4016967475111195,2.766526763918976
2024-11-01,2024-11-01 11:06:00,0.58,True,-0.1051305787870968,0.3987064759704313,2.779806979729132
2024-11-01,2024-11-01 11:07:00,0.58,True,-0.1091163611390212,0.3988697288835126,2.804334449246656
2024-11-01,2024-11-01 11:08:00,0.58,True,-0.0984749385193264,0.403918810959947,2.7717100818846254
2024-11-01,2024-11-01 11:09:00,0.58,True,-0.1037125240856789,0.3965410052266068,2.84314407135292
2024-11-01,2024-11-01 11:10:00,0.58,True,-0.1150280390550107,0.3958969971509402,2.852849797720913
2024-11-01,2024-11-01 11:11:00,0.58,True,-0.1091933475328175,0.4029842010875373,2.8091961543553547
2024-11-01,2024-11-01 11:12:00,0.58,True,-0.1060960771776526,0.4046382755237899,2.7813685262924417
2024-11-01,2024-11-01 11:13:00,0.58,True,-0.1102264677174482,0.4000958221690992,2.827465408173244
2024-11-01,2024-11-01 11:14:00,0.58,True,-0.1147254729205715,0.3978011613857424,2.826080197204615
2024-11-01,2024-11-01 11:15:00,0.58,True,-0.1318504952132455,0.3953590370938397,2.8276846392804953
2024-11-01,2024-11-01 11:16:00,0.58,True,-0.1188994325190075,0.4003283588530709,2.7896974561287853
2024-11-01,2024-11-01 11:17:00,0.58,True,-0.1182493690810991,0.3978659016816698,2.824466010422075
2024-11-01,2024-11-01 11:18:00,0.58,True,-0.1030869566142775,0.4053499972519501,2.781774996778508
2024-11-01,2024-11-01 11:19:00,0.58,True,-0.0949674745392655,0.4098124848400993,2.7644879691726008
2024-11-01,2024-11-01 11:20:00,0.58,True,-0.0958563952219205,0.4081936578563332,2.763567999843132
2024-11-01,2024-11-01 11:21:00,0.58,True,-0.0890651234375169,0.4099234743518172,2.764968308961782
2024-11-01,2024-11-01 11:22:00,0.58,True,-0.0862980155100229,0.4086579654650188,2.7479759534095822
2024-11-01,2024-11-01 11:23:00,0.58,True,-0.0947488929834405,0.407568746481444,2.733336338344576
2024-11-01,2024-11-01 11:24:00,0.58,True,-0.1003279687352534,0.4092371862587708,2.696069336568498
2024-11-01,2024-11-01 11:25:00,0.58,True,-0.0909744687675891,0.4148451077800778,2.6618353826899437
2024-11-01,2024-11-01 11:26:00,0.58,True,-0.0889693296221074,0.4153063537732626,2.666919425997835
2024-11-01,2024-11-01 11:27:00,0.58,True,-0.0854605667614555,0.4197009588180861,2.6373895906223295
2024-11-01,2024-11-01 11:28:00,0.57,True,-0.0925530034052238,0.4192371265453742,2.647091291963831
2024-11-01,2024-11-01 11:29:00,0.57,True,-0.1041684272885901,0.4155046712606068,2.6877134179325277
2024-11-01,2024-11-01 11:30:00,0.57,True,-0.1005722245414454,0.4166770767011949,2.6942667768736843
2024-11-01,2024-11-01 11:31:00,0.57,True,-0.093004441594897,0.4195142194301307,2.692477037010661
2024-11-01,2024-11-01 11:32:00,0.57,True,-0.086781842472394,0.4225933081636916,2.6869150807664544
2024-11-01,2024-11-01 11:33:00,0.57,True,-0.0961857329503619,0.4198707613496482,2.6844370287620434
2024-11-01,2024-11-01 11:34:00,0.57,True,-0.096399780667459,0.4227611511717389,2.6511704047283127
2024-11-01,2024-11-01 11:35:00,0.57,True,-0.078778845220357,0.4320471569120712,2.6021957414694605
2024-11-01,2024-11-01 11:36:00,0.57,True,-0.0852287404455613,0.4278548783580794,2.631506101041121
2024-11-01,2024-11-01 11:37:00,0.57,True,-0.0822170342945374,0.4283140499278947,2.641942861147892
2024-11-01,2024-11-01 11:38:00,0.57,True,-0.0681077913893407,0.4332989876730045,2.6239983525889032
2024-11-01,2024-11-01 11:39:00,0.57,True,-0.0524438110214856,0.4363567475011582,2.6191918455611596
2024-11-01,2024-11-01 11:40:00,0.57,True,-0.04372049573426,0.4481686868533105,2.5501070938834993
2024-11-01,2024-11-01 11:41:00,0.57,True,-0.0454624264906646,0.4486479324446849,2.528620616320213
2024-11-01,2024-11-01 11:42:00,0.57,True,-0.0289114229244459,0.4559902815814191,2.480147624743282
2024-11-01,2024-11-01 11:43:00,0.57,True,-0.0191344980418967,0.4615971472647493,2.453042689640759
2024-11-01,2024-11-01 11:44:00,0.57,True,-0.0117218023534227,0.4642656622945669,2.4348395508313265
2024-11-01,2024-11-01 11:45:00,0.57,True,-0.0083725833053636,0.4652756865320407,2.4220480449022816
2024-11-01,2024-11-01 11:46:00,0.57,True,-0.0165466339202809,0.45980119355966,2.438252645062557
2024-11-01,2024-11-01 11:47:00,0.57,True,-0.0117959333936494,0.4623135004527937,2.4308335890469657
2024-11-01,2024-11-01 11:48:00,0.57,True,-0.0124771267156667,0.464933248441214,2.4075921593435385
2024-11-01,2024-11-01 11:49:00,0.57,True,-0.0042376295535119,0.468049114724331,2.4061227120882456
2024-11-01,2024-11-01 11:50:00,0.57,True,-0.0049851751247685,0.4707763192817609,2.3815301272948446
2024-11-01,2024-11-01 11:51:00,0.57,True,-0.004636640732294,0.4724553946294246,2.3728750208316884
2024-11-01,2024-11-01 11:52:00,0.57,True,0.0080434633950397,0.4804159244718584,2.3176406531408347
2024-11-01,2024-11-01 11:53:00,0.57,True,0.0066729523776368,0.4799998411355692,2.309002599436343
2024-11-01,2024-11-01 11:54:00,0.57,True,0.0146210495644524,0.4795355706958288,2.3369336331939468
2024-11-01,2024-11-01 11:55:00,0.57,True,0.0078281791205522,0.4729445063642098,2.371760110495153
2024-11-01,2024-11-01 11:56:00,0.57,True,-0.0025728311439488,0.4663685452595767,2.4233860327911634
2024-11-01,2024-11-01 11:57:00,0.57,True,-0.007591433035251,0.4658528456818936,2.4230652938413533
2024-11-01,2024-11-01 11:58:00,0.57,True,-0.0111075260083316,0.4599955829692437,2.480108192557079
2024-11-01,2024-11-01 11:59:00,0.57,True,-0.0075879497447935,0.4635186008881857,2.458506483739552
2024-11-01,2024-11-01 12:00:00,0.57,True,-0.0232622127640316,0.4534488673164833,2.5249169114326624
2024-11-01,2024-11-01 12:01:00,0.57,True,-0.0159606820457041,0.4530518089434859,2.533201319787846
2024-11-01,2024-11-01 12:02:00,0.57,True,-0.0043743548978217,0.4604191690325001,2.498057433161385
2024-11-01,2024-11-01 12:03:00,0.57,True,-0.0112685792819352,0.4573087676710588,2.5136379470547343
2024-11-01,2024-11-01 12:04:00,0.57,True,-0.013613281177894,0.4566162758415234,2.5075017124130983
2024-11-01,2024-11-01 12:05:00,0.57,True,-0.0083652152195026,0.4594318978591349,2.501150816165993
2024-11-01,2024-11-01 12:06:00,0.57,True,-0.0063285805428315,0.4585354825444349,2.5094855089331585
2024-11-01,2024-11-01 12:07:00,0.57,True,-0.0015754618668612,0.4586968277115413,2.528842685993671
2024-11-01,2024-11-01 12:08:00,0.57,True,0.0083034233111025,0.4608131602282176,2.521522746439495
2024-11-01,2024-11-01 12:09:00,0.57,True,0.0006113545871611,0.4539278699991586,2.5514220321823617
2024-11-01,2024-11-01 12:10:00,0.57,True,-0.0130138834768375,0.4500041712158597,2.5597191582115157
2024-11-01,2024-11-01 12:11:00,0.57,True,-0.0149638737405114,0.4474277351417396,2.5620914905996437
2024-11-01,2024-11-01 12:12:00,0.57,True,-0.0249480798949004,0.4486389479137638,2.527206224640084
2024-11-01,2024-11-01 12:13:00,0.57,True,-0.0327502849086605,0.4471272089553614,2.5359732055429123
2024-11-01,2024-11-01 12:14:00,0.57,True,-0.0212552587943716,0.4525194583626146,2.504848278724443
2024-11-01,2024-11-01 12:15:00,0.57,True,-0.033586334028719,0.4481750915962552,2.5324149613261806
2024-11-01,2024-11-01 12:16:00,0.57,True,-0.0253616233893937,0.451648241967063,2.5144153680263157
2024-11-01,2024-11-01 12:17:00,0.57,True,-0.01400017136138,0.454803650097106,2.5003896082757153
2024-11-01,2024-11-01 12:18:00,0.57,True,-0.018333397373682,0.452621388809226,2.5127812835325605
2024-11-01,2024-11-01 12:19:00,0.57,True,-0.0198797021042008,0.4525967533935648,2.5418218204668297
2024-11-01,2024-11-01 12:20:00,0.57,True,-0.0192781034735083,0.4566348102514639,2.5255688042605366
2024-11-01,2024-11-01 12:21:00,0.57,True,-0.0208375571663856,0.4571834737401002,2.5329702339051594
2024-11-01,2024-11-01 12:22:00,0.57,True,-0.0200648688544089,0.4595659825574573,2.5122194606758663
2024-11-01,2024-11-01 12:23:00,0.57,True,-0.0314222546596895,0.4533721264121177,2.5552515978348977
2024-11-01,2024-11-01 12:24:00,0.57,True,-0.0320521983028271,0.4527409197518234,2.550305449333164
2024-11-01,2024-11-01 12:25:00,0.57,True,-0.0306077994873738,0.4567460740132048,2.5090494477626453
2024-11-01,2024-11-01 12:26:00,0.57,True,-0.0287640579489016,0.458731714414913,2.499590174251359
2024-11-01,2024-11-01 12:27:00,0.57,True,-0.0269285871113635,0.4594937518111052,2.5168667222188614
2024-11-01,2024-11-01 12:28:00,0.57,True,-0.0290780670931199,0.4557554701401487,2.5508678462405814
2024-11-01,2024-11-01 12:29:00,0.57,True,-0.0465982032158256,0.4495874562717333,2.585480086936084
2024-11-01,2024-11-01 12:30:00,0.57,True,-0.0417133717833049,0.4540049108078496,2.578711623684835
2024-11-01,2024-11-01 12:31:00,0.57,True,-0.0432342348626363,0.4512222929931168,2.590681495353252
2024-11-01,2024-11-01 12:32:00,0.57,True,-0.0427417755952784,0.4509077736609014,2.6073149469096144
2024-11-01,2024-11-01 12:33:00,0.57,True,-0.0390083242664318,0.4511183919056882,2.6103388450062996
2024-11-01,2024-11-01 12:34:00,0.57,True,-0.0377130910868275,0.4540601134121373,2.5882505401743954
2024-11-01,2024-11-01 12:35:00,0.57,True,-0.0413931064618103,0.4535626943947725,2.583939527267648
2024-11-01,2024-11-01 12:36:00,0.57,True,-0.0517831937662885,0.4494216358606619,2.6092999333054148
2024-11-01,2024-11-01 12:37:00,0.57,True,-0.0444682526914762,0.4506857892321708,2.6079348258417325
2024-11-01,2024-11-01 12:38:00,0.57,True,-0.0427401212896945,0.4545370284494844,2.571625888801771
2024-11-01,2024-11-01 12:39:00,0.57,True,-0.0380673986428598,0.457329308917439,2.547144350822942
2024-11-01,2024-11-01 12:40:00,0.57,True,-0.0475010640079547,0.4543499950916931,2.5513605942800015
2024-11-01,2024-11-01 12:41:00,0.57,True,-0.0526791929414971,0.4527087529648051,2.5298728095657355
2024-11-01,2024-11-01 12:42:00,0.57,True,-0.056936283593014,0.4529331320533694,2.5483329418338303
2024-11-01,2024-11-01 12:43:00,0.57,True,-0.051453448302237,0.4540799948364738,2.5526632367601247
2024-11-01,2024-11-01 12:44:00,0.57,True,-0.040836768799947,0.4563135197384511,2.567878574756619
2024-11-01,2024-11-01 12:45:00,0.57,True,-0.0431536916697974,0.4549327537843863,2.5787469573740727
2024-11-01,2024-11-01 12:46:00,0.57,True,-0.0456794480564796,0.4526731167972979,2.5962675708990712
2024-11-01,2024-11-01 12:47:00,0.57,True,-0.054847788398175,0.4521392433698661,2.6051155941598685
2024-11-01,2024-11-01 12:48:00,0.57,True,-0.0549511669246148,0.4527674310084594,2.6113730999043603
2024-11-01,2024-11-01 12:49:00,0.57,True,-0.0585846063791928,0.4508113543644529,2.614134233018981
2024-11-01,2024-11-01 12:50:00,0.57,True,-0.0528594761013935,0.4530015038698816,2.592902652207703
2024-11-01,2024-11-01 12:51:00,0.57,True,-0.0601581916960118,0.4477041531720023,2.6149997036535466
2024-11-01,2024-11-01 12:52:00,0.57,True,-0.0646578945167998,0.447696058132583,2.6099968386801686
2024-11-01,2024-11-01 12:53:00,0.57,True,-0.075215209282538,0.4458105054824141,2.6254803391312227
2024-11-01,2024-11-01 12:54:00,0.57,True,-0.079506415790412,0.4441560569947465,2.6338627587921413
2024-11-01,2024-11-01 12:55:00,0.57,True,-0.0825109920305142,0.4405401774936255,2.6608236876424307
2024-11-01,2024-11-01 12:56:00,0.57,True,-0.076374613859534,0.4431073562778226,2.6528664483465514
2024-11-01,2024-11-01 12:57:00,0.57,True,-0.072696904546979,0.4462484474986379,2.643011186961618
2024-11-01,2024-11-01 12:58:00,0.57,True,-0.0593643740669984,0.4514197370925204,2.6419271586820323
2024-11-01,2024-11-01 12:59:00,0.57,True,-0.0628229598460928,0.449165368648064,2.6625325236501647
2024-11-01,2024-11-01 13:00:00,0.57,True,-0.0639087588438706,0.4476463847213501,2.682902148509291
2024-11-01,2024-11-01 13:01:00,0.57,True,-0.0574029141715362,0.4513027668342282,2.6696124586299024
2024-11-01,2024-11-01 13:02:00,0.57,True,-0.0529832714294681,0.4507686222252652,2.6821204980088615
2024-11-01,2024-11-01 13:03:00,0.57,True,-0.0404086376146013,0.4556951426584191,2.664516528318394
2024-11-01,2024-11-01 13:04:00,0.57,True,-0.0282495615877507,0.4614689474987297,2.654262076109044
2024-11-01,2024-11-01 13:05:00,0.57,True,-0.0297537785803946,0.4603348385678213,2.6702455977601645
2024-11-01,2024-11-01 13:06:00,0.57,True,-0.0313479668409224,0.4589189102227507,2.679143988111731
2024-11-01,2024-11-01 13:07:00,0.57,True,-0.0121799209743798,0.4657533749864433,2.6424787989331153
2024-11-01,2024-11-01 13:08:00,0.57,True,-0.0079680583040897,0.4654936382257261,2.660028351331729
2024-11-01,2024-11-01 13:09:00,0.57,True,-0.0165367942851086,0.457097805244411,2.7252347854279764
2024-11-01,2024-11-01 13:10:00,0.57,True,-0.0191146468291927,0.4599507977915779,2.682831410503661
2024-11-01,2024-11-01 13:11:00,0.57,True,-0.0253774205523714,0.4576981538467476,2.701509090081592
2024-11-01,2024-11-01 13:12:00,0.57,True,-0.018479795506539,0.4638781507755675,2.657551068014287
2024-11-01,2024-11-01 13:13:00,0.57,True,-0.0218142433130896,0.4658636454710769,2.6412589573422207
2024-11-01,2024-11-01 13:14:00,0.57,True,-0.0311864529811344,0.4611748095623987,2.6576619342306578
2024-11-01,2024-11-01 13:15:00,0.57,True,-0.0389935484942644,0.4565763235768176,2.683494412278296
2024-11-01,2024-11-01 13:16:00,0.57,True,-0.0414959315702625,0.4549251139488928,2.6885127840334926
2024-11-01,2024-11-01 13:17:00,0.57,True,-0.0450532680314252,0.4550435811266308,2.6888602182020063
2024-11-01,2024-11-01 13:18:00,0.57,True,-0.04407320663138,0.4542031016489971,2.7103522686374895
2024-11-01,2024-11-01 13:19:00,0.57,True,-0.0437384355721919,0.4523888869791305,2.712667374633289
2024-11-01,2024-11-01 13:20:00,0.57,True,-0.0540141530698919,0.448500882075257,2.7285765009771117
2024-11-01,2024-11-01 13:21:00,0.57,True,-0.0571244639444233,0.4478584309341207,2.7333452308241757
2024-11-01,2024-11-01 13:22:00,0.57,True,-0.0651068890448636,0.4437896122849564,2.7550865215285043
2024-11-01,2024-11-01 13:23:00,0.57,True,-0.0736100066562556,0.4411191402807296,2.774317156268486
2024-11-01,2024-11-01 13:24:00,0.57,True,-0.0794666064643171,0.439267216993112,2.777195256146772
2024-11-01,2024-11-01 13:25:00,0.57,True,-0.0940179548328372,0.4330864378109264,2.8051359131771667
2024-11-01,2024-11-01 13:26:00,0.57,True,-0.0864798302882647,0.4354617040453169,2.795766620213251
2024-11-01,2024-11-01 13:27:00,0.57,True,-0.0950090647941561,0.4335764382214906,2.7862466198704117
2024-11-01,2024-11-01 13:28:00,0.57,True,-0.0866424799713395,0.4383434666933012,2.7553778220354808
2024-11-01,2024-11-01 13:29:00,0.57,True,-0.0821511569336995,0.4419186133902738,2.738425057892602
2024-11-01,2024-11-01 13:30:00,0.57,True,-0.0805915290162173,0.4427262804647214,2.734706195997614
2024-11-01,2024-11-01 13:31:00,0.57,True,-0.077893294905307,0.4430246634241108,2.7541639361183328
2024-11-01,2024-11-01 13:32:00,0.57,True,-0.065814237275613,0.4480102912939084,2.7428978973303675
2024-11-01,2024-11-01 13:33:00,0.57,True,-0.0617279498105194,0.4508582868314411,2.7245724642365095
2024-11-01,2024-11-01 13:34:00,0.57,True,-0.0636007393139081,0.4543733306842832,2.6916258181989754
2024-11-01,2024-11-01 13:35:00,0.57,True,-0.0742338553581642,0.4499790396443791,2.718094858409014
2024-11-01,2024-11-01 13:36:00,0.57,True,-0.0695814543454688,0.4535813932656454,2.698559654808202
2024-11-01,2024-11-01 13:37:00,0.57,True,-0.0642739100968902,0.4546655596521138,2.693263053223684
2024-11-01,2024-11-01 13:38:00,0.57,True,-0.0564343424011393,0.4590694626533807,2.667684695391733
2024-11-01,2024-11-01 13:39:00,0.57,True,-0.0615660491663863,0.4590409856223645,2.6462130181630807
2024-11-01,2024-11-01 13:40:00,0.57,True,-0.0548298279818371,0.4612311888031136,2.6256208522180793
2024-11-01,2024-11-01 13:41:00,0.57,True,-0.0614205838616044,0.454640226695272,2.6604947452681564
2024-11-01,2024-11-01 13:42:00,0.58,True,-0.0657730249162345,0.4541983433943902,2.6732019182282447
2024-11-01,2024-11-01 13:43:00,0.58,True,-0.0744784445596384,0.4504881586417295,2.689838670499796
2024-11-01,2024-11-01 13:44:00,0.58,True,-0.0600359398522656,0.4591830302195869,2.648277216492876
2024-11-01,2024-11-01 13:45:00,0.58,True,-0.05642644099005,0.4641582435545968,2.6289039589627823
2024-11-01,2024-11-01 13:46:00,0.58,True,-0.0595459423829237,0.4638524457236812,2.6294824979366997
2024-11-01,2024-11-01 13:47:00,0.58,True,-0.0592603935584433,0.4636261908691672,2.6269927463159477
2024-11-01,2024-11-01 13:48:00,0.57,True,-0.0628478240128337,0.4648064560385716,2.587424982478601
2024-11-01,2024-11-01 13:49:00,0.57,True,-0.0692479092927675,0.4619686216255673,2.5892967307604975
2024-11-01,2024-11-01 13:50:00,0.57,True,-0.0744112262718424,0.4588858606544918,2.604883764574672
2024-11-01,2024-11-01 13:51:00,0.57,True,-0.0784072706365777,0.4594704119164028,2.5682369257131463
2024-11-01,2024-11-01 13:52:00,0.57,True,-0.0752494219732075,0.4609475672655821,2.578024243871602
2024-11-01,2024-11-01 13:53:00,0.57,True,-0.072757141372526,0.4617584163659902,2.582411987927819
2024-11-01,2024-11-01 13:54:00,0.57,True,-0.0654597416364798,0.467682242306748,2.531934362588265
2024-11-01,2024-11-01 13:55:00,0.57,True,-0.070544536235639,0.4666214784205132,2.547234810559837
2024-11-01,2024-11-01 13:56:00,0.57,True,-0.0600365129494149,0.4691846308965463,2.539717251795775
2024-11-01,2024-11-01 13:57:00,0.57,True,-0.0715237450096109,0.464273863402432,2.5614456310286635
2024-11-01,2024-11-01 13:58:00,0.57,True,-0.062462274104272,0.467563816919854,2.554494198340983
2024-11-01,2024-11-01 13:59:00,0.57,True,-0.0671743769533382,0.4656411332324792,2.571745979196265
2024-11-01,2024-11-01 14:00:00,0.57,True,-0.064474852989714,0.4697242028308448,2.5409517963951167
2024-11-01,2024-11-01 14:01:00,0.57,True,-0.0579475918063025,0.4742461794320782,2.5205557124548275
2024-11-01,2024-11-01 14:02:00,0.57,True,-0.0630688681120122,0.4700630292236749,2.559709185622296
2024-11-01,2024-11-01 14:03:00,0.58,True,-0.0627666636017604,0.4706683074800974,2.566814632951024
2024-11-01,2024-11-01 14:04:00,0.58,True,-0.0554871502568822,0.4726667672996879,2.5418309511608967
2024-11-01,2024-11-01 14:05:00,0.575,True,-0.0555833121562667,0.4735201445324712,2.52979676666277
2024-11-01,2024-11-01 14:06:00,0.58,True,-0.0578834870551597,0.4745434471350349,2.526857665405585
2024-11-01,2024-11-01 14:07:00,0.58,True,-0.0625889671403214,0.4728878346767781,2.524924542034601
2024-11-01,2024-11-01 14:08:00,0.58,True,-0.0566123389394947,0.4761602184073892,2.501765411269844
2024-11-01,2024-11-01 14:09:00,0.58,True,-0.0466041131972401,0.480726010545667,2.4902765265876834
2024-11-01,2024-11-01 14:10:00,0.58,True,-0.0520421451310834,0.4796891754533824,2.496982628141788
2024-11-01,2024-11-01 14:11:00,0.58,True,-0.0609183782956716,0.4732820773147045,2.5303396517974357
2024-11-01,2024-11-01 14:12:00,0.58,True,-0.0643565049137458,0.4755982228639336,2.491104518700991
2024-11-01,2024-11-01 14:13:00,0.57,True,-0.071740423701662,0.4705182061534931,2.510143074931974
2024-11-01,2024-11-01 14:14:00,0.57,True,-0.069471964257458,0.4717332456897435,2.50984687487011
2024-11-01,2024-11-01 14:15:00,0.57,True,-0.0694791942293163,0.4716623667065106,2.498121706956133
2024-11-01,2024-11-01 14:16:00,0.57,True,-0.0684202025197228,0.4707191790074032,2.487326325852937
2024-11-01,2024-11-01 14:17:00,0.57,True,-0.0673795156469749,0.4675187263438708,2.5090041423714364
2024-11-01,2024-11-01 14:18:00,0.57,True,-0.0797159105039757,0.4639912576811933,2.5059956881089716
2024-11-01,2024-11-01 14:19:00,0.57,True,-0.0738370613383324,0.4657681458706798,2.504339968375193
2024-11-01,2024-11-01 14:20:00,0.57,True,-0.0664867345632312,0.4678504944651618,2.5068088436986296
2024-11-01,2024-11-01 14:21:00,0.57,True,-0.0692674816839798,0.4667310898722912,2.5203799053488787
2024-11-01,2024-11-01 14:22:00,0.57,True,-0.0699551368160737,0.4669136691025463,2.5134394840965
2024-11-01,2024-11-01 14:23:00,0.57,True,-0.0606468515510393,0.4725180906290724,2.485828457931768
2024-11-01,2024-11-01 14:24:00,0.57,True,-0.0604797576496865,0.4727191189793001,2.4861672059762507
2024-11-01,2024-11-01 14:25:00,0.57,True,-0.0618172119469751,0.4731514081361369,2.4748855263372924
2024-11-01,2024-11-01 14:26:00,0.57,True,-0.0704703934040507,0.4672666611506429,2.5269653670050003
2024-11-01,2024-11-01 14:27:00,0.57,True,-0.0726962682987266,0.467280741766961,2.5100718567502196
2024-11-01,2024-11-01 14:28:00,0.57,True,-0.0761799749825266,0.4631247961105047,2.5350518724803943
2024-11-01,2024-11-01 14:29:00,0.57,True,-0.068446503269068,0.4640184403295234,2.5394706016618227
2024-11-01,2024-11-01 14:30:00,0.57,True,-0.0685133019593985,0.4636651742894028,2.5352470533105236
2024-11-01,2024-11-01 14:31:00,0.57,True,-0.0594845043189337,0.4671927281791573,2.515868259568552
2024-11-01,2024-11-01 14:32:00,0.57,True,-0.0490243961576795,0.4696938637568837,2.507624173871405
2024-11-01,2024-11-01 14:33:00,0.57,True,-0.0560580723466799,0.4673474770071144,2.5159632610124874
2024-11-01,2024-11-01 14:34:00,0.57,True,-0.0592870473614372,0.4647607817011824,2.527800718461947
2024-11-01,2024-11-01 14:35:00,0.57,True,-0.0584329845388857,0.4649936778219428,2.538476630008485
2024-11-01,2024-11-01 14:36:00,0.57,True,-0.0524968655664196,0.4668036225358801,2.532073890508083
2024-11-01,2024-11-01 14:37:00,0.57,True,-0.0517102584852195,0.4656641442684528,2.53572195114031
2024-11-01,2024-11-01 14:38:00,0.57,True,-0.0507884405976993,0.4648350608041371,2.5407695869829103
2024-11-01,2024-11-01 14:39:00,0.57,True,-0.0561275166962143,0.462682908662064,2.561441872053295
2024-11-01,2024-11-01 14:40:00,0.57,True,-0.0510648583822422,0.4652905561122841,2.552001263371499
2024-11-01,2024-11-01 14:41:00,0.57,True,-0.0513453786133281,0.4653530295276885,2.5367691319803813
2024-11-01,2024-11-01 14:42:00,0.57,True,-0.0538942271504618,0.4639533598526905,2.561212573952662
2024-11-01,2024-11-01 14:43:00,0.57,True,-0.0489445529375446,0.4641808800437937,2.5786509601081495
2024-11-01,2024-11-01 14:44:00,0.57,True,-0.0469961367464948,0.4631184768528356,2.5962457640634673
2024-11-01,2024-11-01 14:45:00,0.57,True,-0.0480648171478942,0.4630347703139459,2.5894973496028673
2024-11-01,2024-11-01 14:46:00,0.57,True,-0.0479471291081489,0.4628710384655495,2.58127108320011
2024-11-01,2024-11-01 14:47:00,0.57,True,-0.0488944645712693,0.4606065866507133,2.5953592283961093
2024-11-01,2024-11-01 14:48:00,0.57,True,-0.0486937914002381,0.4589990403372174,2.5910822427859186
2024-11-01,2024-11-01 14:49:00,0.57,True,-0.0367014000550136,0.4628436974265198,2.579142472756611
2024-11-01,2024-11-01 14:50:00,0.57,True,-0.042735138878425,0.4607227282771053,2.5929637160104773
2024-11-01,2024-11-01 14:51:00,0.57,True,-0.0460998659680572,0.4599312583025694,2.587382192054291
2024-11-01,2024-11-01 14:52:00,0.56,True,-0.0510207234502065,0.4572190211216176,2.594689198026682
2024-11-01,2024-11-01 14:53:00,0.57,True,-0.0474449338766872,0.4626105164686244,2.55529211808313
2024-11-01,2024-11-01 14:54:00,0.56,True,-0.0393687616419391,0.4671154588854732,2.531997423307511
2024-11-01,2024-11-01 14:55:00,0.57,True,-0.0400492167913597,0.4657370970841568,2.5360330391943995
2024-11-01,2024-11-01 14:56:00,0.57,True,-0.0382810862403947,0.466823828343577,2.52515301466785
2024-11-01,2024-11-01 14:57:00,0.57,True,-0.0414448654546086,0.464974491487545,2.535475252884374
2024-11-01,2024-11-01 14:58:00,0.57,True,-0.0484915756251566,0.4646518892025872,2.528991910885295
2024-11-01,2024-11-01 14:59:00,0.57,True,-0.0439995959126241,0.466475248290262,2.5126203564343683
2024-11-01,2024-11-01 15:00:00,0.57,True,-0.0431212051236445,0.4675590680479888,2.4863989301716187
2024-11-01,2024-11-01 15:01:00,0.57,True,-0.0367848798088265,0.4718126902098492,2.462900322013568
2024-11-01,2024-11-01 15:02:00,0.57,True,-0.0245779037657308,0.4826072555916777,2.3968850694225377
2024-11-01,2024-11-01 15:03:00,0.57,True,-0.0338991404006366,0.4775755134357781,2.441691926934228
2024-11-01,2024-11-01 15:04:00,0.57,True,-0.0289886255511945,0.4781784512067592,2.42513888717081
2024-11-01,2024-11-01 15:05:00,0.57,True,-0.0369020865032982,0.474010781822648,2.4406255039387235
2024-11-01,2024-11-01 15:06:00,0.57,True,-0.0417591823769936,0.4714304085252821,2.450471726949522
2024-11-01,2024-11-01 15:07:00,0.57,True,-0.0376204931410989,0.4742526762837934,2.4223231525861775
2024-11-01,2024-11-01 15:08:00,0.57,True,-0.0381189344483094,0.4766750431967855,2.391280146705419
2024-11-01,2024-11-01 15:09:00,0.57,True,-0.0384070049735148,0.4745742828868963,2.3814559724184825
2024-11-01,2024-11-01 15:10:00,0.57,True,-0.0441070512907222,0.4705037202002794,2.3955251732727194
2024-11-01,2024-11-01 15:11:00,0.57,True,-0.0544452679860588,0.4695477385465288,2.387838167668159
2024-11-01,2024-11-01 15:12:00,0.57,True,-0.0529455711727585,0.4723868280302662,2.3739612486440502
2024-11-01,2024-11-01 15:13:00,0.57,True,-0.061104284008444,0.4715211419062565,2.3595847448346943
2024-11-01,2024-11-01 15:14:00,0.57,True,-0.0666158716702308,0.4704141700624609,2.340985126046598
2024-11-01,2024-11-01 15:15:00,0.57,True,-0.0763601910652359,0.4682021443207558,2.3331089704427064
2024-11-01,2024-11-01 15:16:00,0.57,True,-0.0790123759693977,0.4659481607618399,2.353210530671816
2024-11-01,2024-11-01 15:17:00,0.57,True,-0.0774691239763767,0.4682183892930315,2.338868854486286
2024-11-01,2024-11-01 15:18:00,0.57,True,-0.0780440975958402,0.4685930949278685,2.338546001237398
2024-11-01,2024-11-01 15:19:00,0.57,True,-0.0855259098263279,0.4655986125342196,2.359364825164173
2024-11-01,2024-11-01 15:20:00,0.57,True,-0.0812955292753551,0.4677473050799016,2.332497339096542
2024-11-01,2024-11-01 15:21:00,0.57,True,-0.0793588088833651,0.4672927944317239,2.343969548076104
2024-11-01,2024-11-01 15:22:00,0.57,True,-0.0781062506999677,0.4679073748900287,2.3559722014372677
2024-11-01,2024-11-01 15:23:00,0.57,True,-0.0843021223187205,0.4650705363165473,2.368498540819067
2024-11-01,2024-11-01 15:24:00,0.57,True,-0.0846341854893406,0.4630667179513754,2.3662616129076137
2024-11-01,2024-11-01 15:25:00,0.57,True,-0.0867571175150798,0.4607799796571065,2.37353835544603
2024-11-01,2024-11-01 15:26:00,0.57,True,-0.082118728353661,0.4627368948498281,2.3670349686832317
2024-11-01,2024-11-01 15:27:00,0.57,True,-0.0727863445898164,0.4648250233326695,2.3571556904861968
2024-11-01,2024-11-01 15:28:00,0.57,True,-0.0796103994049805,0.4659979551517527,2.3395086060164476
2024-11-01,2024-11-01 15:29:00,0.57,True,-0.0743436804463049,0.4684042580990732,2.31974114342911
2024-11-01,2024-11-01 15:30:00,0.57,True,-0.0715137414752776,0.4686326071647511,2.344627052045647
2024-11-01,2024-11-01 15:31:00,0.57,True,-0.0615257318094055,0.4690774201952716,2.373572670344889
2024-11-01,2024-11-01 15:32:00,0.57,True,-0.0637467867469822,0.4650943980329524,2.405981450136996
2024-11-01,2024-11-01 15:33:00,0.57,True,-0.0692646374068179,0.4630506543442233,2.4273445182558415
2024-11-01,2024-11-01 15:34:00,0.57,True,-0.0753456132536787,0.4673829550230794,2.3800357369949543
2024-11-01,2024-11-01 15:35:00,0.56,True,-0.0726780472410889,0.4712093459046988,2.3593689276038017
2024-11-01,2024-11-01 15:36:00,0.56,True,-0.0715569042053418,0.476227783429397,2.328007479567057
2024-11-01,2024-11-01 15:37:00,0.56,True,-0.0637526016488014,0.4795223081676826,2.317612482573979
2024-11-01,2024-11-01 15:38:00,0.56,True,-0.0723723919591719,0.4773025134509453,2.331214688560957
2024-11-01,2024-11-01 15:39:00,0.56,True,-0.0780256803768733,0.4759766173644263,2.3295656189888243
2024-11-01,2024-11-01 15:40:00,0.56,True,-0.0775266599767693,0.4753029392616233,2.326773517695242
2024-11-01,2024-11-01 15:41:00,0.56,True,-0.077152827325227,0.4764586134401445,2.313752697868821
2024-11-01,2024-11-01 15:42:00,0.56,True,-0.0832616701628901,0.4692815608339278,2.3546627046460684
2024-11-01,2024-11-01 15:43:00,0.56,True,-0.0818739523420844,0.4689485444427272,2.3642646163994967
2024-11-01,2024-11-01 15:44:00,0.56,True,-0.0876793842726931,0.4675631445337616,2.3830322407491815
2024-11-01,2024-11-01 15:45:00,0.56,True,-0.0839001340511139,0.4721130171786644,2.3442122468754176
2024-11-01,2024-11-01 15:46:00,0.56,True,-0.0887460470418948,0.4705187183882266,2.3386658933842424
2024-11-01,2024-11-01 15:47:00,0.56,True,-0.0880346498676334,0.469038198337306,2.341324016355442
2024-11-01,2024-11-01 15:48:00,0.56,True,-0.0902636259802252,0.4696063824598505,2.33648776423733
2024-11-01,2024-11-01 15:49:00,0.56,True,-0.0928688695492034,0.4648407088439897,2.3582953937567916
2024-11-01,2024-11-01 15:50:00,0.56,True,-0.0922170953894213,0.4608638152546868,2.404346770970593
2024-11-01,2024-11-01 15:51:00,0.56,True,-0.0820108867754653,0.4629731461431746,2.438993715458847
2024-11-01,2024-11-01 15:52:00,0.56,True,-0.0855500084167895,0.4589737000068084,2.4666076211116703
2024-11-01,2024-11-01 15:53:00,0.56,True,-0.0701365504075325,0.4610611197682837,2.4610328735065594
2024-11-01,2024-11-01 15:54:00,0.56,True,-0.0763845440560908,0.4569219788881198,2.5082795852757807
2024-11-01,2024-11-01 15:55:00,0.56,True,-0.0907660334957703,0.4603241549322052,2.4693711789628203
2024-11-01,2024-11-01 15:56:00,0.56,True,-0.0768347937035591,0.4723416986090426,2.3709737492403944
2024-11-01,2024-11-01 15:57:00,0.56,True,-0.0662912123694784,0.4746708322014497,2.33421715564355
2024-11-01,2024-11-01 15:58:00,0.56,True,-0.0629207730495041,0.4734957901337052,2.352585469069187
2024-11-01,2024-11-01 15:59:00,0.56,True,-0.082645295171103,0.4646491330893793,2.4105930301596334
2024-11-01,2024-11-01 16:00:00,0.56,True,-0.0749291551346559,0.4629714440362769,2.395299899973324
2024-11-04,2024-11-04 09:31:00,0.56,True,-0.0064136931966106,0.5513672252728975,1.9908099668213564
2024-11-04,2024-11-04 09:32:00,0.56,True,0.1173065686774567,0.6062859626741408,1.6390125923012295
2024-11-04,2024-11-04 09:33:00,0.56,True,0.1163558230207394,0.6055083234056211,1.64099616814913
2024-11-04,2024-11-04 09:34:00,0.56,True,0.1420049364266823,0.6144939984084085,1.5553340772955455
2024-11-04,2024-11-04 09:35:00,0.56,True,0.0968452305279184,0.5789251866553697,1.7487948074559323
2024-11-04,2024-11-04 09:36:00,0.56,True,0.0417823153717979,0.5401904184953052,1.9737444105774256
2024-11-04,2024-11-04 09:37:00,0.56,True,0.0364056414014456,0.5407040477428761,1.9227158412599763
2024-11-04,2024-11-04 09:38:00,0.56,True,0.0463381425555852,0.5451277053748825,1.961421079581407
2024-11-04,2024-11-04 09:39:00,0.56,True,0.0125522325310953,0.526648209256774,2.0443819954135005
2024-11-04,2024-11-04 09:40:00,0.56,True,0.0052484370457295,0.5175536111055948,2.046026428574599
2024-11-04,2024-11-04 09:41:00,0.56,True,0.0028305401197732,0.5161627531308925,2.060779794060384
2024-11-04,2024-11-04 09:42:00,0.56,True,-0.0062538912948214,0.5192635973723685,2.050810281289265
2024-11-04,2024-11-04 09:43:00,0.56,True,0.0159428157440466,0.5373374023761363,1.9302724783093783
2024-11-04,2024-11-04 09:44:00,0.56,True,0.0438363198151938,0.5556375089989648,1.8138742005419215
2024-11-04,2024-11-04 09:45:00,0.56,True,0.0278280422603302,0.552636069775627,1.822311532598441
2024-11-04,2024-11-04 09:46:00,0.56,True,0.0218061170285448,0.5610355389357382,1.7586099826987591
2024-11-04,2024-11-04 09:47:00,0.57,True,0.0384401967723885,0.572383926837284,1.6410029610637489
2024-11-04,2024-11-04 09:48:00,0.57,True,0.0484694255705672,0.584455359645594,1.4993614585116544
2024-11-04,2024-11-04 09:49:00,0.57,True,0.0453922834947253,0.5843126855304761,1.456592708355875
2024-11-04,2024-11-04 09:50:00,0.57,True,0.014031961133073,0.5793973025387006,1.4420081022537674
2024-11-04,2024-11-04 09:51:00,0.57,True,-0.0289007213895038,0.5633809331864408,1.4751429249961534
2024-11-04,2024-11-04 09:52:00,0.57,True,-0.0105575049279107,0.5730397943253103,1.451241497369252
2024-11-04,2024-11-04 09:53:00,0.57,True,0.0147304837413294,0.5838782366622077,1.367795798326695
2024-11-04,2024-11-04 09:54:00,0.57,True,0.0051162469477475,0.5802333557896007,1.3617846918490988
2024-11-04,2024-11-04 09:55:00,0.57,True,-0.0145969756600505,0.5721710855916877,1.3611397178573938
2024-11-04,2024-11-04 09:56:00,0.57,True,-0.006325780571248,0.5752740940455165,1.3274726045516434
2024-11-04,2024-11-04 09:57:00,0.57,True,0.0004197982730372,0.5817655865516487,1.2779856531510234
2024-11-04,2024-11-04 09:58:00,0.57,True,0.0095336160674954,0.5795931109476393,1.3023718896861791
2024-11-04,2024-11-04 09:59:00,0.57,True,0.0034508999397208,0.5877123016896642,1.225206494916962
2024-11-04,2024-11-04 10:00:00,0.57,True,-0.0075668902750547,0.5833212584694343,1.2101060774613623
2024-11-04,2024-11-04 10:01:00,0.57,True,-0.0241154836802906,0.5818140979959303,1.2125056327314128
2024-11-04,2024-11-04 10:02:00,0.57,True,-0.0209204074543846,0.5866839411122788,1.2116123423755996
2024-11-04,2024-11-04 10:03:00,0.57,True,0.0010209441579797,0.5943372359681609,1.1683320814737617
2024-11-04,2024-11-04 10:04:00,0.57,True,0.0023737353096317,0.5973433823817936,1.1565490447135185
2024-11-04,2024-11-04 10:05:00,0.57,True,-0.0066556741037841,0.593430914306423,1.2012309277840791
2024-11-04,2024-11-04 10:06:00,0.57,True,0.0003876785530341,0.5892896202238301,1.2759233866460016
2024-11-04,2024-11-04 10:07:00,0.58,True,-0.0012573595589546,0.5854616712067418,1.3451496404511656
2024-11-04,2024-11-04 10:08:00,0.58,True,-0.0327530897347204,0.5712417653520452,1.402415654815213
2024-11-04,2024-11-04 10:09:00,0.58,True,-0.0327697854235478,0.5672787422322844,1.4040834540156546
2024-11-04,2024-11-04 10:10:00,0.58,True,-0.0193316059926412,0.5715698600638868,1.396832944299402
2024-11-04,2024-11-04 10:11:00,0.58,True,-0.0210976351126849,0.5734793526672398,1.3901638700924257
2024-11-04,2024-11-04 10:12:00,0.58,True,-0.0006679495524674,0.5843295205577985,1.3213359435218377
2024-11-04,2024-11-04 10:13:00,0.58,True,-0.0048676380186135,0.58783666174021,1.2738542634492576
2024-11-04,2024-11-04 10:14:00,0.58,True,0.0084650636492042,0.587745531311042,1.331504705508454
2024-11-04,2024-11-04 10:15:00,0.58,True,0.0128639774643571,0.5836738892945219,1.3335961778898964
2024-11-04,2024-11-04 10:16:00,0.58,True,0.008265579057617,0.5832412459075714,1.3196521754270567
2024-11-04,2024-11-04 10:17:00,0.58,True,-0.0036428599930546,0.5809099107110431,1.3047576279101851
2024-11-04,2024-11-04 10:18:00,0.58,True,-0.0163460285354579,0.5762412855398945,1.3175425055339136
2024-11-04,2024-11-04 10:19:00,0.58,True,-0.0274154412645769,0.5704258642597836,1.347142833840685
2024-11-04,2024-11-04 10:20:00,0.58,True,-0.0446754845391711,0.5689516269873751,1.3174918503943822
2024-11-04,2024-11-04 10:21:00,0.58,True,-0.0326818685422801,0.5746104371823719,1.256884342406688
2024-11-04,2024-11-04 10:22:00,0.58,True,-0.040655349438041,0.5710115296828399,1.259777780342752
2024-11-04,2024-11-04 10:23:00,0.58,True,-0.042270768424222,0.5684441557163726,1.2981129824709845
2024-11-04,2024-11-04 10:24:00,0.58,True,-0.0486118572096045,0.5743150571538019,1.2439781653284632
2024-11-04,2024-11-04 10:25:00,0.58,True,-0.0461339036926254,0.5761303247661538,1.228707593388049
2024-11-04,2024-11-04 10:26:00,0.58,True,-0.0330178477796456,0.5788091978487999,1.227198715066685
2024-11-04,2024-11-04 10:27:00,0.58,True,-0.030220387844437,0.5801218867121212,1.211660109903573
2024-11-04,2024-11-04 10:28:00,0.58,True,-0.0158160713712194,0.5783061103859788,1.2281441856241817
2024-11-04,2024-11-04 10:29:00,0.58,True,-0.0185902406231764,0.5750283283627033,1.265313130360784
2024-11-04,2024-11-04 10:30:00,0.58,True,-0.0181522048265866,0.5747688637488921,1.263381955569079
2024-11-04,2024-11-04 10:31:00,0.58,True,-0.0116273681399622,0.5782844906660781,1.2787672747500505
2024-11-04,2024-11-04 10:32:00,0.58,True,-0.024584322522843,0.5763209754112605,1.2987325383268626
2024-11-04,2024-11-04 10:33:00,0.58,True,-0.0210848478382056,0.5794663715325888,1.2857514458676444
2024-11-04,2024-11-04 10:34:00,0.58,True,-0.0197161219516498,0.5803980008727138,1.2869993187579976
2024-11-04,2024-11-04 10:35:00,0.58,True,-0.0348226965538886,0.5739557737305678,1.2835482046562456
2024-11-04,2024-11-04 10:36:00,0.58,True,-0.0205959783717969,0.5794172180434711,1.2321550696823818
2024-11-04,2024-11-04 10:37:00,0.58,True,-0.0166078584233764,0.5792060633493992,1.212165245495997
2024-11-04,2024-11-04 10:38:00,0.58,True,-0.0095954261784211,0.587078490598255,1.1567069279305264
2024-11-04,2024-11-04 10:39:00,0.58,True,-0.002893917644044,0.5860641350070492,1.1970751016262675
2024-11-04,2024-11-04 10:40:00,0.58,True,0.0160386719013811,0.5922055136067215,1.176743717733927
2024-11-04,2024-11-04 10:41:00,0.58,True,0.021877585970912,0.5953877892768779,1.1673359639898475
2024-11-04,2024-11-04 10:42:00,0.58,True,0.0142355286278155,0.5896770687032493,1.1926267910559294
2024-11-04,2024-11-04 10:43:00,0.58,True,0.014145529674663,0.5858137868001216,1.2307447481094649
2024-11-04,2024-11-04 10:44:00,0.58,True,0.0026334160552705,0.5817272080456777,1.25456898422994
2024-11-04,2024-11-04 10:45:00,0.58,True,-0.0006812686425605,0.5843315731106278,1.2215523927886751
2024-11-04,2024-11-04 10:46:00,0.58,True,0.0003534074218702,0.5856960589053222,1.1857326544701912
2024-11-04,2024-11-04 10:47:00,0.58,True,-0.0082850613274382,0.580092622303961,1.22059863013291
2024-11-04,2024-11-04 10:48:00,0.58,True,-0.0060300971311312,0.5895724518884785,1.1466881554307924
2024-11-04,2024-11-04 10:49:00,0.58,True,-0.0204870194723698,0.5882529133678632,1.1202812041051868
2024-11-04,2024-11-04 10:50:00,0.58,True,-0.0432207460501012,0.580168460846185,1.1577698823901912
2024-11-04,2024-11-04 10:51:00,0.59,True,-0.0260126178263671,0.5850967390162443,1.1385146431318938
2024-11-04,2024-11-04 10:52:00,0.59,True,-0.0126483674802478,0.5899250206926365,1.131221400034277
2024-11-04,2024-11-04 10:53:00,0.59,True,0.003800798080403,0.6020803601689955,1.0682395937692195
2024-11-04,2024-11-04 10:54:00,0.59,True,0.0043969471574323,0.6014864404122812,1.0765523993557364
2024-11-04,2024-11-04 10:55:00,0.59,True,0.0038250768540796,0.6022796381032912,1.0814694516370271
2024-11-04,2024-11-04 10:56:00,0.59,True,0.0040734196278349,0.5968689677596419,1.1309369945279046
2024-11-04,2024-11-04 10:57:00,0.59,True,0.005499297683962,0.5967384490521579,1.1473520380973214
2024-11-04,2024-11-04 10:58:00,0.59,True,-0.0021829261981995,0.5950773582949982,1.1363805709369623
2024-11-04,2024-11-04 10:59:00,0.59,True,-0.0096392742620879,0.5955614665684296,1.133498017835463
2024-11-04,2024-11-04 11:00:00,0.59,True,-0.0158903655461812,0.5950278241831739,1.126698257788919
2024-11-04,2024-11-04 11:01:00,0.59,True,-0.0325509477508773,0.5926958450280823,1.1276673548562333
2024-11-04,2024-11-04 11:02:00,0.58,True,-0.0271639358029923,0.5954184168061918,1.115791545977176
2024-11-04,2024-11-04 11:03:00,0.58,True,-0.0175516629156027,0.6005196693807757,1.0658764416873898
2024-11-04,2024-11-04 11:04:00,0.58,True,-0.0105391848325646,0.6030923703897406,1.0665726549688774
2024-11-04,2024-11-04 11:05:00,0.57,True,-0.0118486463396896,0.6027298174250286,1.1076720053269815
2024-11-04,2024-11-04 11:06:00,0.57,True,-0.0285345543394988,0.5976270650862419,1.1384176704022992
2024-11-04,2024-11-04 11:07:00,0.58,True,-0.0286824219407421,0.5989720895223503,1.1443284052379703
2024-11-04,2024-11-04 11:08:00,0.57,True,-0.0293732037465195,0.5969871120023911,1.141861096597271
2024-11-04,2024-11-04 11:09:00,0.58,True,-0.0162304458123371,0.5988661335918628,1.1294616116866305
2024-11-04,2024-11-04 11:10:00,0.57,True,-0.011978053929731,0.5989904210125617,1.1456774621465151
2024-11-04,2024-11-04 11:11:00,0.57,True,-0.0146512601687593,0.5948043803134334,1.176699818824028
2024-11-04,2024-11-04 11:12:00,0.57,True,-0.0285705621213927,0.5917475938502547,1.1691420452200032
2024-11-04,2024-11-04 11:13:00,0.57,True,-0.0239174639541767,0.5960036746998747,1.1366837546938475
2024-11-04,2024-11-04 11:14:00,0.56,True,-0.0255448661788696,0.5927421812873319,1.1714733935062691
2024-11-04,2024-11-04 11:15:00,0.56,True,-0.0331004965709807,0.5877121165376347,1.173775416114328
2024-11-04,2024-11-04 11:16:00,0.56,True,-0.0245973286545319,0.5897925530107972,1.1623925492341958
2024-11-04,2024-11-04 11:17:00,0.56,True,-0.0129917942230456,0.5969096495986198,1.146301335738515
2024-11-04,2024-11-04 11:18:00,0.56,True,-0.0019525688443572,0.5994521668668529,1.1456171201456322
2024-11-04,2024-11-04 11:19:00,0.56,True,6.556072574126492e-05,0.595671839420775,1.1775446010212605
2024-11-04,2024-11-04 11:20:00,0.56,True,-5.523913183069773e-05,0.599246225632217,1.137622485874699
2024-11-04,2024-11-04 11:21:00,0.56,True,0.0053227994590909,0.6020017902561715,1.1098406877516942
2024-11-04,2024-11-04 11:22:00,0.56,True,-0.0055794925999943,0.5945539892125269,1.1571562350256468
2024-11-04,2024-11-04 11:23:00,0.56,True,-0.0047522718711596,0.595907409473405,1.179827895000409
2024-11-04,2024-11-04 11:24:00,0.56,True,0.0085999835081871,0.5987986726228192,1.1956008026038525
2024-11-04,2024-11-04 11:25:00,0.56,True,0.0084297099925237,0.5958392645186434,1.2281174032747328
2024-11-04,2024-11-04 11:26:00,0.56,True,0.0052363521720915,0.5970288925536928,1.2170937740850116
2024-11-04,2024-11-04 11:27:00,0.56,True,-0.000174188639028,0.597106486564544,1.2259088915099805
2024-11-04,2024-11-04 11:28:00,0.56,True,-0.0059938734064113,0.593189109151399,1.2375705972573443
2024-11-04,2024-11-04 11:29:00,0.56,True,-0.0114242746996991,0.5924693860690939,1.2247601863922082
2024-11-04,2024-11-04 11:30:00,0.56,True,-0.006812004277111,0.5951083027755439,1.209898524565275
2024-11-04,2024-11-04 11:31:00,0.56,True,-0.0074657432957825,0.5963476063343668,1.206074407057841
2024-11-04,2024-11-04 11:32:00,0.56,True,-0.0071071684143653,0.5915486229156768,1.2410809671289929
2024-11-04,2024-11-04 11:33:00,0.56,True,-0.0015488700584547,0.5927122077717855,1.200888028098834
2024-11-04,2024-11-04 11:34:00,0.56,True,0.0027932051754152,0.5919207127892612,1.2159714313707175
2024-11-04,2024-11-04 11:35:00,0.56,True,0.0069015474816371,0.5929551424378667,1.199280806939511
2024-11-04,2024-11-04 11:36:00,0.56,True,0.0071275467099697,0.5950418121258897,1.1825740209384532
2024-11-04,2024-11-04 11:37:00,0.56,True,0.0135684308099,0.6015222003648428,1.1332425015777172
2024-11-04,2024-11-04 11:38:00,0.56,True,0.021408131671353,0.6045760328912184,1.1393331590081244
2024-11-04,2024-11-04 11:39:00,0.56,True,0.0044590159876142,0.5958012543096258,1.1803436893760255
2024-11-04,2024-11-04 11:40:00,0.56,True,0.0036986472677736,0.5946984367468484,1.1819082869126376
2024-11-04,2024-11-04 11:41:00,0.56,True,0.0072289101986739,0.5942657209866957,1.2009791222570771
2024-11-04,2024-11-04 11:42:00,0.57,True,0.0015401524686314,0.5922480418009326,1.2063005699482512
2024-11-04,2024-11-04 11:43:00,0.57,True,-0.0080871320084299,0.5911391665032351,1.2029633524080607
2024-11-04,2024-11-04 11:44:00,0.57,True,-0.0125008875926527,0.5902025229856214,1.2305465544649872
2024-11-04,2024-11-04 11:45:00,0.57,True,-0.0075431229401523,0.5905842466796564,1.2273846236825054
2024-11-04,2024-11-04 11:46:00,0.57,True,-0.0178391689890367,0.5854410707537239,1.2413653333242036
2024-11-04,2024-11-04 11:47:00,0.56,True,-0.0202984752492548,0.5862567015194093,1.2033140759973686
2024-11-04,2024-11-04 11:48:00,0.56,True,-0.0132182952871635,0.5879824396716989,1.2045331894837474
2024-11-04,2024-11-04 11:49:00,0.56,True,-0.0063782418036451,0.5908079172909336,1.2131428002355735
2024-11-04,2024-11-04 11:50:00,0.56,True,-0.0188814192409789,0.5858876153342463,1.204328488613399
2024-11-04,2024-11-04 11:51:00,0.56,True,-0.018496454354798,0.5856935583525136,1.2104892509368166
2024-11-04,2024-11-04 11:52:00,0.56,True,-0.0044480369456135,0.592463915376883,1.195654137532365
2024-11-04,2024-11-04 11:53:00,0.56,True,-0.0048104129052939,0.5917193441695748,1.2131404268577377
2024-11-04,2024-11-04 11:54:00,0.56,True,0.0082830222358604,0.5987728955250838,1.2027751306626315
2024-11-04,2024-11-04 11:55:00,0.56,True,0.0047126725290026,0.5969025824731802,1.2041686896431854
2024-11-04,2024-11-04 11:56:00,0.56,True,0.006231859462128,0.6003196088918671,1.1879635281753222
2024-11-04,2024-11-04 11:57:00,0.56,True,0.0086870588587806,0.6001208806011299,1.2045653881086635
2024-11-04,2024-11-04 11:58:00,0.56,True,0.0134358534969373,0.5987515094243296,1.2084518740834076
2024-11-04,2024-11-04 11:59:00,0.56,True,0.0108794738121701,0.5959094345740397,1.213097872729035
2024-11-04,2024-11-04 12:00:00,0.56,True,0.00818589233553,0.5951110331022281,1.2163273983335463
2024-11-04,2024-11-04 12:01:00,0.56,True,-0.0003062021802445,0.5934892155500586,1.2149640686537528
2024-11-04,2024-11-04 12:02:00,0.56,True,-0.005096338872217,0.5929589918401801,1.1993605611543805
2024-11-04,2024-11-04 12:03:00,0.56,True,0.0024470799652931,0.5934770650444156,1.2179011060532012
2024-11-04,2024-11-04 12:04:00,0.56,True,0.0146483226094742,0.601022804223202,1.1843380420046
2024-11-04,2024-11-04 12:05:00,0.56,True,0.0160035833120191,0.6009811972492464,1.1756520478919137
2024-11-04,2024-11-04 12:06:00,0.56,True,0.0299558230466355,0.6079893458015788,1.1519710795226106
2024-11-04,2024-11-04 12:07:00,0.55,True,0.0387842016663161,0.6102375770986752,1.1664248858264534
2024-11-04,2024-11-04 12:08:00,0.55,True,0.0400814543562765,0.6100849935044432,1.1616215285451543
2024-11-04,2024-11-04 12:09:00,0.55,True,0.0430903176030255,0.6128995329552513,1.1483122983984329
2024-11-04,2024-11-04 12:10:00,0.55,True,0.0563483677154302,0.6149197937532968,1.1394277759291298
2024-11-04,2024-11-04 12:11:00,0.55,True,0.061202190833677,0.6174557549803266,1.1362042984436682
2024-11-04,2024-11-04 12:12:00,0.55,True,0.060897702589921,0.6193621260170419,1.1271659763559472
2024-11-04,2024-11-04 12:13:00,0.55,True,0.0559815654658665,0.6191679375861223,1.1279336704351075
2024-11-04,2024-11-04 12:14:00,0.55,True,0.0422089888495765,0.6180259488135817,1.0977442245775246
2024-11-04,2024-11-04 12:15:00,0.55,True,0.0540527314022267,0.6219996372496777,1.0857894757812097
2024-11-04,2024-11-04 12:16:00,0.55,True,0.0555603423601364,0.6246108478930588,1.0691662815510392
2024-11-04,2024-11-04 12:17:00,0.55,True,0.0620698407151563,0.6259352274124315,1.0724485581496406
2024-11-04,2024-11-04 12:18:00,0.55,True,0.0699901098884699,0.6281477541303437,1.0884385258926084
2024-11-04,2024-11-04 12:19:00,0.55,True,0.0689863995833706,0.6254374604504297,1.119282035796535
2024-11-04,2024-11-04 12:20:00,0.55,True,0.0728895210653637,0.6234656045805121,1.159253828840241
2024-11-04,2024-11-04 12:21:00,0.55,True,0.0689621654453199,0.6242476611226775,1.16393763447763
2024-11-04,2024-11-04 12:22:00,0.55,True,0.071069329917458,0.6257188802124976,1.15387311780007
2024-11-04,2024-11-04 12:23:00,0.55,True,0.0725567844202651,0.6288125433447642,1.1286974030458965
2024-11-04,2024-11-04 12:24:00,0.55,True,0.0703588404063526,0.630046473559376,1.0911288421726866
2024-11-04,2024-11-04 12:25:00,0.55,True,0.0724475362972543,0.6317604976481956,1.0837272072556845
2024-11-04,2024-11-04 12:26:00,0.55,True,0.0692241774632211,0.6280933495125208,1.1037026874152844
2024-11-04,2024-11-04 12:27:00,0.55,True,0.068458569617739,0.6287105034951017,1.0975517236249224
2024-11-04,2024-11-04 12:28:00,0.55,True,0.0685264898013088,0.628372064357512,1.1064540003544725
2024-11-04,2024-11-04 12:29:00,0.55,True,0.0679679693290919,0.6285539081057807,1.1133772142284988
2024-11-04,2024-11-04 12:30:00,0.55,True,0.0748570513568259,0.6318996437154115,1.0812986965247453
2024-11-04,2024-11-04 12:31:00,0.55,True,0.0675201681848542,0.6283218261013765,1.09643848673508
2024-11-04,2024-11-04 12:32:00,0.55,True,0.0662506365202744,0.6243850119858625,1.1266138741706715
2024-11-04,2024-11-04 12:33:00,0.54,True,0.070348415945052,0.6278635595572659,1.1131072443370118
2024-11-04,2024-11-04 12:34:00,0.54,True,0.0718214896054711,0.626803557956139,1.1352970322644336
2024-11-04,2024-11-04 12:35:00,0.54,True,0.0662947722288581,0.6254049573836915,1.1468961493770204
2024-11-04,2024-11-04 12:36:00,0.55,True,0.0554384004491584,0.6228860569344356,1.161184012989556
2024-11-04,2024-11-04 12:37:00,0.54,True,0.0541156776596342,0.624031201150026,1.142425829228991
2024-11-04,2024-11-04 12:38:00,0.54,True,0.0533761422588285,0.622445690422074,1.136798484167876
2024-11-04,2024-11-04 12:39:00,0.54,True,0.0520071974032555,0.6222530503040753,1.1415656885874743
2024-11-04,2024-11-04 12:40:00,0.54,True,0.0569457543424792,0.6244259945414652,1.1280877791467894
2024-11-04,2024-11-04 12:41:00,0.54,True,0.0647285247061896,0.6264554227537987,1.118660826173455
2024-11-04,2024-11-04 12:42:00,0.54,True,0.0670887480791616,0.6264220182102951,1.1174367050432925
2024-11-04,2024-11-04 12:43:00,0.54,True,0.077939314161826,0.6308770694272465,1.1183089825863737
2024-11-04,2024-11-04 12:44:00,0.54,True,0.0846033423108419,0.6356133917424672,1.0838796494035
2024-11-04,2024-11-04 12:45:00,0.54,True,0.0824460541493692,0.6351754269606528,1.0862159013516626
2024-11-04,2024-11-04 12:46:00,0.54,True,0.0798699967629994,0.6362320742516189,1.0774460374405606
2024-11-04,2024-11-04 12:47:00,0.54,True,0.0722733351983607,0.6330528768512038,1.0911665423992165
2024-11-04,2024-11-04 12:48:00,0.54,True,0.0727984613722894,0.6343964769221622,1.0991364659818998
2024-11-04,2024-11-04 12:49:00,0.54,True,0.0679198093167166,0.6315881269611383,1.1241479241543788
2024-11-04,2024-11-04 12:50:00,0.54,True,0.0636876320118197,0.6296692336788003,1.1461910358391518
2024-11-04,2024-11-04 12:51:00,0.53,True,0.0721030100397973,0.6315096388166941,1.1396122118292458
2024-11-04,2024-11-04 12:53:00,0.54,True,0.0637528396450241,0.6241313652651668,1.191467566020054
2024-11-04,2024-11-04 12:54:00,0.54,True,0.0596837728733872,0.6216254330059221,1.2007085231303751
2024-11-04,2024-11-04 12:55:00,0.54,True,0.0582004176958156,0.6197384389538856,1.2082818313516153
2024-11-04,2024-11-04 12:56:00,0.54,True,0.0614623208542056,0.6215671097991701,1.1962943556211147
2024-11-04,2024-11-04 12:57:00,0.54,True,0.0660584862802725,0.6246016756746701,1.1897231395449663
2024-11-04,2024-11-04 12:58:00,0.54,True,0.0662947366337834,0.625759087314513,1.1811383724124602
2024-11-04,2024-11-04 12:59:00,0.54,True,0.0666479306910954,0.6276644405972447,1.168006999473621
2024-11-04,2024-11-04 13:00:00,0.54,True,0.0680048909637696,0.6284599318542169,1.1699513941717214
2024-11-04,2024-11-04 13:01:00,0.54,True,0.0671661460311459,0.6247206778530074,1.179164355653847
2024-11-04,2024-11-04 13:02:00,0.54,True,0.0497711266301654,0.6175940222220256,1.224907529587851
2024-11-04,2024-11-04 13:03:00,0.54,True,0.0509201251661884,0.6159055688580475,1.2338309105515848
2024-11-04,2024-11-04 13:04:00,0.54,True,0.041149229133112,0.6080721238561109,1.2793351989440385
2024-11-04,2024-11-04 13:05:00,0.54,True,0.0363461410041543,0.6067601754740477,1.2932629713459871
2024-11-04,2024-11-04 13:06:00,0.54,True,0.0298224328330539,0.6066645926182925,1.2920305934694192
2024-11-04,2024-11-04 13:07:00,0.54,True,0.0253377281253883,0.6057803827813586,1.2806018783283393
2024-11-04,2024-11-04 13:08:00,0.54,True,0.0280815214066477,0.6093951545195544,1.2628223263777558
2024-11-04,2024-11-04 13:09:00,0.54,True,0.0299815047929528,0.6103543133020911,1.2507522170561511
2024-11-04,2024-11-04 13:10:00,0.54,True,0.0331020190035645,0.6096884910660377,1.2613104366226304
2024-11-04,2024-11-04 13:11:00,0.54,True,0.0379784753025813,0.6130703274956202,1.2410230745909712
2024-11-04,2024-11-04 13:12:00,0.54,True,0.036700751190139,0.6123100267188668,1.251597111154495
2024-11-04,2024-11-04 13:13:00,0.54,True,0.0342381320261088,0.613349145563483,1.2321831160922665
2024-11-04,2024-11-04 13:14:00,0.54,True,0.0286951383425687,0.6108743060516765,1.256000273525805
2024-11-04,2024-11-04 13:15:00,0.54,True,0.0289347883999174,0.6088045720933677,1.2681236562988762
2024-11-04,2024-11-04 13:16:00,0.54,True,0.0339307655212126,0.6077704342431618,1.2729307764193836
2024-11-04,2024-11-04 13:17:00,0.54,True,0.0289189761421364,0.6068020626728798,1.2767939211052688
2024-11-04,2024-11-04 13:18:00,0.54,True,0.0301301578404852,0.604186954808151,1.2972293592500426
2024-11-04,2024-11-04 13:19:00,0.54,True,0.0395919414501143,0.6039790893259762,1.312716381744626
2024-11-04,2024-11-04 13:20:00,0.55,True,0.0411218875366156,0.6049075018810656,1.3110072939462512
2024-11-04,2024-11-04 13:21:00,0.55,True,0.0349989570967784,0.6036675062593614,1.293950470869827
2024-11-04,2024-11-04 13:22:00,0.55,True,0.031167820179424,0.6044682669516462,1.2671482783674797
2024-11-04,2024-11-04 13:23:00,0.55,True,0.0252372969429201,0.6046862031973392,1.2674119654730345
2024-11-04,2024-11-04 13:24:00,0.55,True,0.0278649094748744,0.6072652539997146,1.257297250388187
2024-11-04,2024-11-04 13:25:00,0.55,True,0.0215315493953949,0.6078516991536621,1.2448391316313538
2024-11-04,2024-11-04 13:26:00,0.55,True,0.0259367894558753,0.6102398379977555,1.236675755382316
2024-11-04,2024-11-04 13:27:00,0.55,True,0.0328914289728172,0.6112191612994903,1.2207103913486976
2024-11-04,2024-11-04 13:28:00,0.55,True,0.0385926750234684,0.6129549003648787,1.2276912932992885
2024-11-04,2024-11-04 13:29:00,0.55,True,0.0401735327952419,0.6112178711244112,1.2555428808153568
2024-11-04,2024-11-04 13:30:00,0.55,True,0.0434586180883471,0.6105740246242903,1.2622705877879945
2024-11-04,2024-11-04 13:31:00,0.55,True,0.0411636223203719,0.6108185773975998,1.2646817221268736
2024-11-04,2024-11-04 13:32:00,0.55,True,0.0511012947958501,0.6125261666659614,1.2803839886840602
2024-11-04,2024-11-04 13:33:00,0.55,True,0.0436217102900388,0.6092535969384126,1.2945946457106197
2024-11-04,2024-11-04 13:34:00,0.55,True,0.0389983004835615,0.6088416919462329,1.280698421446584
2024-11-04,2024-11-04 13:35:00,0.55,True,0.0405963471515228,0.6107024791352165,1.2715225156821202
2024-11-04,2024-11-04 13:36:00,0.56,True,0.047970589953255,0.6141901114291424,1.254935650905138
2024-11-04,2024-11-04 13:37:00,0.56,True,0.0494496364386791,0.6130222030247682,1.2723501762047995
2024-11-04,2024-11-04 13:38:00,0.56,True,0.0421460190591596,0.6109201589382367,1.2608398274412989
2024-11-04,2024-11-04 13:39:00,0.56,True,0.0319624094917733,0.606976774964998,1.285380551634709
2024-11-04,2024-11-04 13:40:00,0.56,True,0.0267797704631947,0.6061929695826185,1.2925769415459367
2024-11-04,2024-11-04 13:41:00,0.56,True,0.0227674956253607,0.6026469019836215,1.311221820915458
2024-11-04,2024-11-04 13:42:00,0.555,True,0.0210089018578656,0.5988102858952207,1.3358937946892246
2024-11-04,2024-11-04 13:43:00,0.56,True,0.0129658471833248,0.5964841442095404,1.3457338997209856
2024-11-04,2024-11-04 13:44:00,0.56,True,0.0126275496185503,0.5954991510550363,1.36603563009272
2024-11-04,2024-11-04 13:45:00,0.56,True,0.0215661460811312,0.6006375945391342,1.3350262896173406
2024-11-04,2024-11-04 13:46:00,0.56,True,0.0235404171121754,0.6039798800292393,1.3061725338149377
2024-11-04,2024-11-04 13:47:00,0.56,True,0.01704241667049,0.6010027837290575,1.3282599207566768
2024-11-04,2024-11-04 13:48:00,0.55,True,0.0258795866068598,0.6031989792835764,1.334223108690389
2024-11-04,2024-11-04 13:49:00,0.55,True,0.0311788877115929,0.6058115568675589,1.331703036454527
2024-11-04,2024-11-04 13:50:00,0.55,True,0.0304364152984314,0.6069186172192049,1.3201612845333224
2024-11-04,2024-11-04 13:51:00,0.555,True,0.0269187582123602,0.608457294064027,1.3202549302396611
2024-11-04,2024-11-04 13:52:00,0.55,True,0.0288880683825111,0.6104673985757434,1.3115499947894964
2024-11-04,2024-11-04 13:53:00,0.55,True,0.0310039328113796,0.6099849016522976,1.3171207540759364
2024-11-04,2024-11-04 13:54:00,0.55,True,0.0297685339453542,0.60778037997468,1.3357416396559891
2024-11-04,2024-11-04 13:55:00,0.55,True,0.0355211831983118,0.6106768055870115,1.3247980015332912
2024-11-04,2024-11-04 13:56:00,0.56,True,0.0354546495344878,0.6105333443765494,1.3336591256740675
2024-11-04,2024-11-04 13:57:00,0.56,True,0.0327044858440792,0.6087899694214935,1.361075017032524
2024-11-04,2024-11-04 13:58:00,0.56,True,0.0375021764776996,0.6097842147091165,1.361055494930294
2024-11-04,2024-11-04 13:59:00,0.56,True,0.0380454282071676,0.6112272812124293,1.3568042417188857
2024-11-04,2024-11-04 14:00:00,0.56,True,0.0441946815660826,0.6139330017882828,1.334767890730982
2024-11-04,2024-11-04 14:01:00,0.56,True,0.0445679861003733,0.6153728461412608,1.3417513432522934
2024-11-04,2024-11-04 14:02:00,0.56,True,0.0477570246643401,0.6165860344493638,1.33965875786144
2024-11-04,2024-11-04 14:03:00,0.56,True,0.0472321461659879,0.6152560724849165,1.3558468879109074
2024-11-04,2024-11-04 14:04:00,0.56,True,0.0492092581433249,0.6168734278761244,1.3459902034176927
2024-11-04,2024-11-04 14:05:00,0.56,True,0.040244573679625,0.6139679993083509,1.37458882948083
2024-11-04,2024-11-04 14:06:00,0.56,True,0.0421556766676302,0.6165433340144681,1.364579876153073
2024-11-04,2024-11-04 14:07:00,0.56,True,0.0406785449335225,0.6173785076954071,1.3511005295766876
2024-11-04,2024-11-04 14:08:00,0.56,True,0.0449631984087483,0.6156944337189818,1.3583113638997515
2024-11-04,2024-11-04 14:09:00,0.56,True,0.0492089995230257,0.6154642511748077,1.3493589727046624
2024-11-04,2024-11-04 14:10:00,0.56,True,0.0586873086518646,0.6173562567191645,1.3444836614743654
2024-11-04,2024-11-04 14:11:00,0.56,True,0.0650906388406312,0.6208103847997601,1.329732197810579
2024-11-04,2024-11-04 14:12:00,0.56,True,0.0672064380741736,0.6207239071311357,1.3308002230094054
2024-11-04,2024-11-04 14:13:00,0.56,True,0.0676718326309371,0.6189849617410671,1.3467430296949163
2024-11-04,2024-11-04 14:14:00,0.56,True,0.0655291037191946,0.6194138831118661,1.343703680563864
2024-11-04,2024-11-04 14:15:00,0.56,True,0.0619594925811378,0.6160043285015799,1.361353656975522
2024-11-04,2024-11-04 14:16:00,0.56,True,0.0621473292328918,0.6166058777909663,1.355992132770881
2024-11-04,2024-11-04 14:17:00,0.56,True,0.0565876260965587,0.6136138518016654,1.378374156476461
2024-11-04,2024-11-04 14:18:00,0.56,True,0.0533510100193614,0.6115459854171406,1.3913035721546554
2024-11-04,2024-11-04 14:19:00,0.56,True,0.0478150491982996,0.6102627190363653,1.3945015394642415
2024-11-04,2024-11-04 14:20:00,0.56,True,0.0436110255606751,0.6094792038489079,1.3770710445721313
2024-11-04,2024-11-04 14:21:00,0.56,True,0.0422646403587784,0.6079002212610491,1.380739916037085
2024-11-04,2024-11-04 14:22:00,0.56,True,0.0454737691028761,0.6092781439085848,1.392704549897681
2024-11-04,2024-11-04 14:23:00,0.56,True,0.0464142055858318,0.6095657500180577,1.3880425571692483
2024-11-04,2024-11-04 14:24:00,0.56,True,0.0446670665365137,0.6088320132145577,1.3892782395693837
2024-11-04,2024-11-04 14:25:00,0.56,True,0.0398731277950157,0.6075307526896274,1.403919686085188
2024-11-04,2024-11-04 14:26:00,0.55,True,0.0407722540570835,0.6092151188594668,1.3927821120850157
2024-11-04,2024-11-04 14:27:00,0.55,True,0.0387443508209069,0.6076531354982941,1.4060352129430354
2024-11-04,2024-11-04 14:28:00,0.56,True,0.0291693472399158,0.6016459336259283,1.4534748529433872
2024-11-04,2024-11-04 14:29:00,0.56,True,0.0329550062696614,0.6013272688943461,1.4671729023049715
2024-11-04,2024-11-04 14:30:00,0.56,True,0.0372641995733282,0.603775197613392,1.4486199542724332
2024-11-04,2024-11-04 14:31:00,0.56,True,0.0325505335077085,0.6044404625142187,1.431417852326216
2024-11-04,2024-11-04 14:32:00,0.56,True,0.0282292270786943,0.6062309911060253,1.3970323542370942
2024-11-04,2024-11-04 14:33:00,0.56,True,0.0200123618093939,0.6028919654377869,1.4116439516899533
2024-11-04,2024-11-04 14:34:00,0.56,True,0.0179692370648717,0.6022671686010013,1.406007524474476
2024-11-04,2024-11-04 14:35:00,0.55,True,0.0161978629701843,0.6009117322842125,1.399239375853674
2024-11-04,2024-11-04 14:36:00,0.55,True,0.0144114169144335,0.6033123936626398,1.368275973682597
2024-11-04,2024-11-04 14:37:00,0.55,True,0.0207567895605123,0.6045409522845032,1.3724470489246032
2024-11-04,2024-11-04 14:38:00,0.55,True,0.0223771729100437,0.6058634590886574,1.3528755727395094
2024-11-04,2024-11-04 14:39:00,0.55,True,0.0303320709613514,0.6074418050021283,1.3465220316367497
2024-11-04,2024-11-04 14:40:00,0.55,True,0.0256787844673941,0.6084426106734968,1.3417459647162375
2024-11-04,2024-11-04 14:41:00,0.55,True,0.0253994369055911,0.6080466452616295,1.341571334989342
2024-11-04,2024-11-04 14:42:00,0.55,True,0.0218019616566185,0.6048035485254302,1.3703920317789255
2024-11-04,2024-11-04 14:43:00,0.55,True,0.0223658283929035,0.6057952735625507,1.362686186964816
2024-11-04,2024-11-04 14:44:00,0.55,True,0.0271333345942064,0.6068909214362177,1.3477998497629908
2024-11-04,2024-11-04 14:45:00,0.55,True,0.0342497278873762,0.6117206147863691,1.3182804214501391
2024-11-04,2024-11-04 14:46:00,0.55,True,0.0345047387163269,0.6109321855579519,1.313652858830515
2024-11-04,2024-11-04 14:47:00,0.55,True,0.036280199632882,0.611432074593127,1.319098519416818
2024-11-04,2024-11-04 14:48:00,0.55,True,0.0370244811714465,0.610549063526791,1.3245620800242714
2024-11-04,2024-11-04 14:49:00,0.56,True,0.039127556898981,0.6110557678554616,1.3306588943958615
2024-11-04,2024-11-04 14:50:00,0.56,True,0.0400207749216142,0.61063641484071,1.3482862224876728
2024-11-04,2024-11-04 14:51:00,0.56,True,0.0415759297194312,0.611410368237268,1.3323862132194988
2024-11-04,2024-11-04 14:52:00,0.56,True,0.0438432114732005,0.6152334472770317,1.293649526020712
2024-11-04,2024-11-04 14:53:00,0.56,True,0.0514739395190568,0.6183479093300795,1.2856855435291024
2024-11-04,2024-11-04 14:54:00,0.56,True,0.052647872690285,0.6167935199390575,1.2912384770088388
2024-11-04,2024-11-04 14:55:00,0.55,True,0.0577419729370318,0.6175112452464988,1.2897951796981664
2024-11-04,2024-11-04 14:56:00,0.56,True,0.0582734775431111,0.6182796001327175,1.2796092225849889
2024-11-04,2024-11-04 14:57:00,0.56,True,0.0637678429347737,0.6209534020787529,1.2547127846485433
2024-11-04,2024-11-04 14:58:00,0.56,True,0.0553165905917314,0.6199209340033741,1.250558641249639
2024-11-04,2024-11-04 14:59:00,0.56,True,0.0541430719424969,0.6201147356609521,1.2305433612610686
2024-11-04,2024-11-04 15:00:00,0.56,True,0.0574358367133243,0.6205676241451543,1.23903436444381
2024-11-04,2024-11-04 15:01:00,0.56,True,0.0575394158535209,0.6204097233628039,1.245760273990392
2024-11-04,2024-11-04 15:02:00,0.56,True,0.0660684625622796,0.6257420227227021,1.2090307522610644
2024-11-04,2024-11-04 15:03:00,0.56,True,0.0736284660571858,0.626907508342756,1.215348630077041
2024-11-04,2024-11-04 15:04:00,0.56,True,0.0762798449758542,0.6269879144804317,1.222103891620765
2024-11-04,2024-11-04 15:05:00,0.56,True,0.0734104509837542,0.6265956372463299,1.2165754698068492
2024-11-04,2024-11-04 15:06:00,0.56,True,0.0775869310493393,0.6271776356330596,1.2118314865366
2024-11-04,2024-11-04 15:07:00,0.56,True,0.0769579035424355,0.625867704720262,1.2177460184743354
2024-11-04,2024-11-04 15:08:00,0.56,True,0.0852022628318193,0.6304508563060172,1.1958784705653007
2024-11-04,2024-11-04 15:09:00,0.56,True,0.0882025351136323,0.6307574379746739,1.1887087671559329
2024-11-04,2024-11-04 15:10:00,0.56,True,0.0895143866766308,0.6298298469626474,1.1908027750415124
2024-11-04,2024-11-04 15:11:00,0.56,True,0.0894950198402441,0.6322404416302448,1.1816198753185374
2024-11-04,2024-11-04 15:12:00,0.56,True,0.0849411112407385,0.6311344879665874,1.1950250282045731
2024-11-04,2024-11-04 15:13:00,0.56,True,0.0943466517894697,0.6361057662010503,1.17597277797849
2024-11-04,2024-11-04 15:14:00,0.56,True,0.0896671896764674,0.6324439798187909,1.1962807140910596
2024-11-04,2024-11-04 15:15:00,0.56,True,0.0970803206289606,0.636817413548484,1.16635815986939
2024-11-04,2024-11-04 15:16:00,0.56,True,0.1014790655576965,0.6416554451090453,1.1255191742763822
2024-11-04,2024-11-04 15:17:00,0.56,True,0.0988663791229876,0.6429354755129186,1.1192581338678258
2024-11-04,2024-11-04 15:18:00,0.56,True,0.0974523731867467,0.6412882348517877,1.1295498723516484
2024-11-04,2024-11-04 15:19:00,0.56,True,0.0922825870243165,0.6391350243147824,1.1389340283845073
2024-11-04,2024-11-04 15:20:00,0.56,True,0.0913441716559572,0.6392070681784969,1.1331479710540342
2024-11-04,2024-11-04 15:21:00,0.56,True,0.0944313667261421,0.642840252065227,1.103014976983062
2024-11-04,2024-11-04 15:22:00,0.56,True,0.0929056293163482,0.6432413290641239,1.088396102107945
2024-11-04,2024-11-04 15:23:00,0.56,True,0.0876618935403595,0.6441085567584037,1.0886449378077572
2024-11-04,2024-11-04 15:24:00,0.56,True,0.0970254629202,0.6477913610086277,1.08126108872633
2024-11-04,2024-11-04 15:25:00,0.56,True,0.1006227717301469,0.6466282728407694,1.091141309298196
2024-11-04,2024-11-04 15:26:00,0.56,True,0.1016503998784792,0.6479525573956135,1.0752081004543863
2024-11-04,2024-11-04 15:27:00,0.56,True,0.1005402477685552,0.6481494040799602,1.079908941769241
2024-11-04,2024-11-04 15:28:00,0.56,True,0.1004762876621581,0.6481858165614315,1.0896318130754643
2024-11-04,2024-11-04 15:29:00,0.56,True,0.1058523546977826,0.6474041875676311,1.0919992826155875
2024-11-04,2024-11-04 15:30:00,0.56,True,0.1044769981882559,0.6433162156446571,1.128322369231436
2024-11-04,2024-11-04 15:31:00,0.56,True,0.1083925874022502,0.6435981071260949,1.1339494015860498
2024-11-04,2024-11-04 15:32:00,0.56,True,0.1087528135972961,0.6416961712911227,1.1576478659326277
2024-11-04,2024-11-04 15:33:00,0.56,True,0.1108015811649039,0.6416255422602896,1.167105615113199
2024-11-04,2024-11-04 15:34:00,0.57,True,0.1032065363378889,0.6385746219089583,1.184913685266099
2024-11-04,2024-11-04 15:35:00,0.57,True,0.0948666233841864,0.6352320265183253,1.206308362520636
2024-11-04,2024-11-04 15:36:00,0.56,True,0.1027129363384704,0.6383810150044316,1.18278037687723
2024-11-04,2024-11-04 15:37:00,0.56,True,0.0925363392115268,0.6343613408683806,1.1904612987848702
2024-11-04,2024-11-04 15:38:00,0.56,True,0.0856127749951153,0.6297949926096336,1.2029293780537322
2024-11-04,2024-11-04 15:39:00,0.56,True,0.0804134869736407,0.626267394219494,1.2299320799316555
2024-11-04,2024-11-04 15:40:00,0.56,True,0.0766969453444783,0.6240775875357154,1.2412135365486952
2024-11-04,2024-11-04 15:41:00,0.56,True,0.0888079553728938,0.6294529802697005,1.1976062426248557
2024-11-04,2024-11-04 15:42:00,0.56,True,0.0875439059567254,0.6317189135301142,1.189234229843955
2024-11-04,2024-11-04 15:43:00,0.56,True,0.0931321928319786,0.6367946267045044,1.1509199493232989
2024-11-04,2024-11-04 15:44:00,0.56,True,0.0884428217649232,0.6338826425674247,1.1631923564930005
2024-11-04,2024-11-04 15:45:00,0.56,True,0.075413252332042,0.6276799027300926,1.212532667724999
2024-11-04,2024-11-04 15:46:00,0.56,True,0.083854460492362,0.6290722673216946,1.21277293309136
2024-11-04,2024-11-04 15:47:00,0.56,True,0.0793366828774318,0.6235039649761496,1.2502976895740168
2024-11-04,2024-11-04 15:48:00,0.55,True,0.0694314995008165,0.6201501616772906,1.2477880796785976
2024-11-04,2024-11-04 15:49:00,0.55,True,0.0562673680543626,0.6159879065310011,1.2619153575705648
2024-11-04,2024-11-04 15:50:00,0.55,True,0.0551947419340444,0.6144330281090028,1.283136905749089
2024-11-04,2024-11-04 15:51:00,0.55,True,0.0627172473132699,0.6152286353048325,1.270049166563616
2024-11-04,2024-11-04 15:52:00,0.55,True,0.0671734537894522,0.6189209594789126,1.2431096202856853
2024-11-04,2024-11-04 15:53:00,0.55,True,0.0603252006839791,0.6128662745367913,1.24071271671558
2024-11-04,2024-11-04 15:54:00,0.55,True,0.0607263602396932,0.609938277146145,1.2670178254254294
2024-11-04,2024-11-04 15:55:00,0.55,True,0.0527206878569302,0.6068162058348009,1.294876718632087
2024-11-04,2024-11-04 15:56:00,0.55,True,0.0397428762742765,0.5987281590363446,1.3675283548188288
2024-11-04,2024-11-04 15:57:00,0.55,True,0.045965754691773,0.5987508434946787,1.3779967253663443
2024-11-04,2024-11-04 15:58:00,0.55,True,0.0482429568532988,0.6007385557849505,1.3731668035579787
2024-11-04,2024-11-04 15:59:00,0.55,True,0.0523399594515169,0.6028207469620142,1.3633231569538162
2024-11-04,2024-11-04 16:00:00,0.56,True,0.0516141029478381,0.6058355642011464,1.3355211360988304
2024-11-05,2024-11-05 09:31:00,0.6,True,0.0673365312214858,0.6414175024615973,1.2798054920713429
2024-11-05,2024-11-05 09:32:00,0.6,True,0.0263077747176465,0.6317629325263998,1.337988188960541
2024-11-05,2024-11-05 09:33:00,0.6,True,0.0755707319388723,0.6448434683363771,1.3458603387265256
2024-11-05,2024-11-05 09:34:00,0.59,True,0.0692370022299069,0.6352125774034608,1.433910913232605
2024-11-05,2024-11-05 09:35:00,0.6,True,0.0051255196447752,0.6099209807937479,1.5655218138635605
2024-11-05,2024-11-05 09:36:00,0.6,True,0.0003331726440221,0.6140748113224235,1.5270193216332797
2024-11-05,2024-11-05 09:37:00,0.6,True,-0.0343740075644892,0.6075265114804121,1.5462678042692664
2024-11-05,2024-11-05 09:38:00,0.6,True,-0.0518093333481908,0.6064923784711227,1.508695692736695
2024-11-05,2024-11-05 09:39:00,0.6,True,-0.0773571570867375,0.5955682319959397,1.5364657572327038
2024-11-05,2024-11-05 09:40:00,0.59,True,-0.0541061396955689,0.6052792899308961,1.4283685265821828
2024-11-05,2024-11-05 09:41:00,0.59,True,-0.0346154476965926,0.6053171998878218,1.4296617866454358
2024-11-05,2024-11-05 09:42:00,0.59,True,-0.0167366004266765,0.61386872192071,1.3866899203245566
2024-11-05,2024-11-05 09:43:00,0.59,True,-0.0118050438166989,0.6098728890451395,1.4075925370536455
2024-11-05,2024-11-05 09:44:00,0.6,True,-0.0031408450898103,0.6144395017647513,1.3809810268751412
2024-11-05,2024-11-05 09:45:00,0.6,True,-0.0128711477837276,0.6151402835047273,1.3607769267936984
2024-11-05,2024-11-05 09:46:00,0.6,True,-0.0372617529942806,0.6042684041886438,1.4489635014825646
2024-11-05,2024-11-05 09:47:00,0.6,True,-0.0515487909379951,0.5991039069506781,1.4751331538372952
2024-11-05,2024-11-05 09:48:00,0.6,True,-0.0456886765587618,0.6030564607377888,1.4596161438509478
2024-11-05,2024-11-05 09:49:00,0.6,True,-0.0248211476495006,0.6172362869359036,1.3401080563137495
2024-11-05,2024-11-05 09:50:00,0.6,True,-0.055130638541574,0.6059513780701742,1.394344092901677
2024-11-05,2024-11-05 09:51:00,0.59,True,-0.0570798237660752,0.6055520520971922,1.3834874149512304
2024-11-05,2024-11-05 09:52:00,0.59,True,-0.0476777581641501,0.6109284693357528,1.3584744147775776
2024-11-05,2024-11-05 09:53:00,0.59,True,-0.0478505613732214,0.6107326605281843,1.341783821357115
2024-11-05,2024-11-05 09:54:00,0.59,True,-0.0440159256820947,0.6075675439568446,1.3755454232611284
2024-11-05,2024-11-05 09:55:00,0.59,True,-0.0559002001486766,0.6070360970616882,1.3807095645602558
2024-11-05,2024-11-05 09:56:00,0.59,True,-0.0703178463871128,0.5961242217523268,1.486901266914319
2024-11-05,2024-11-05 09:57:00,0.59,True,-0.0688186842842633,0.5993531932783508,1.4559329912221084
2024-11-05,2024-11-05 09:58:00,0.59,True,-0.0400246525728464,0.6118965870961287,1.3909775570278249
2024-11-05,2024-11-05 09:59:00,0.59,True,-0.0332443677864469,0.609975057437354,1.4356185748849672
2024-11-05,2024-11-05 10:00:00,0.59,True,-0.0482524459726835,0.601140485405008,1.4980538449302003
2024-11-05,2024-11-05 10:01:00,0.59,True,-0.058897074731472,0.6049368737351453,1.4529161704249745
2024-11-05,2024-11-05 10:02:00,0.59,True,-0.0472468502367099,0.6058270363317059,1.500106569591575
2024-11-05,2024-11-05 10:03:00,0.59,True,-0.0631106096471542,0.5984324354906767,1.491274664687603
2024-11-05,2024-11-05 10:04:00,0.59,True,-0.0405676901361506,0.6046560487941759,1.470886808457111
2024-11-05,2024-11-05 10:05:00,0.59,True,-0.0452579522913467,0.599956579492543,1.490026694591087
2024-11-05,2024-11-05 10:06:00,0.59,True,-0.0628817849985416,0.5899043285510011,1.5617647964227894
2024-11-05,2024-11-05 10:07:00,0.59,True,-0.0689990712210121,0.58710908805597,1.5672928689509262
2024-11-05,2024-11-05 10:08:00,0.6,True,-0.0754826629634622,0.5848069997621914,1.5559404073332257
2024-11-05,2024-11-05 10:09:00,0.6,True,-0.0767749679347025,0.5845542497593417,1.541700942144807
2024-11-05,2024-11-05 10:10:00,0.6,True,-0.0743396325820951,0.58672904035707,1.510400355393014
2024-11-05,2024-11-05 10:11:00,0.6,True,-0.0673114474872109,0.5897271195608831,1.485134260493268
2024-11-05,2024-11-05 10:12:00,0.59,True,-0.0779287790602116,0.5831386635582733,1.5199245405511277
2024-11-05,2024-11-05 10:13:00,0.59,True,-0.0653949476074354,0.58986817387352,1.494550979223794
2024-11-05,2024-11-05 10:14:00,0.59,True,-0.0753270921313214,0.5819840426881151,1.5271916846083364
2024-11-05,2024-11-05 10:15:00,0.59,True,-0.0798367283792139,0.5829378527784844,1.5286500362007955
2024-11-05,2024-11-05 10:16:00,0.59,True,-0.0686403831115272,0.5855111157312984,1.523650315107958
2024-11-05,2024-11-05 10:17:00,0.59,True,-0.0629455565561585,0.5897472602870351,1.4800474896078204
2024-11-05,2024-11-05 10:18:00,0.59,True,-0.0663538961927667,0.5882842338155674,1.5114153770631975
2024-11-05,2024-11-05 10:19:00,0.59,True,-0.0756143475173906,0.5823544534395468,1.5381396601907351
2024-11-05,2024-11-05 10:20:00,0.59,True,-0.0663677071236745,0.5874872964861176,1.5080804787966406
2024-11-05,2024-11-05 10:21:00,0.59,True,-0.0626457021747033,0.586832620521017,1.5059286147948183
2024-11-05,2024-11-05 10:22:00,0.59,True,-0.0628249544307227,0.5886530275873693,1.4799689069312734
2024-11-05,2024-11-05 10:23:00,0.6,True,-0.0465994426111093,0.5953244400312876,1.4514614775652883
2024-11-05,2024-11-05 10:24:00,0.6,True,-0.0382353945164186,0.6003756003329024,1.4482479333337226
2024-11-05,2024-11-05 10:25:00,0.6,True,-0.0357088108562149,0.6045643127157423,1.4353695578664944
2024-11-05,2024-11-05 10:26:00,0.6,True,-0.0331370619467139,0.6017457251926323,1.4635220296735283
2024-11-05,2024-11-05 10:27:00,0.6,True,-0.028055090921478,0.6039452973860001,1.4543059031045584
2024-11-05,2024-11-05 10:28:00,0.6,True,-0.025697920270226,0.6033276147135876,1.48638146986045
2024-11-05,2024-11-05 10:29:00,0.6,True,-0.0370832581435421,0.5980613825811866,1.527191183972184
2024-11-05,2024-11-05 10:30:00,0.59,True,-0.032811462847216,0.5959766438351999,1.5770796184540803
2024-11-05,2024-11-05 10:31:00,0.59,True,-0.0429910220193197,0.5923556561760489,1.58384433639757
2024-11-05,2024-11-05 10:32:00,0.59,True,-0.0505294240028938,0.5929813183031944,1.5645666916635037
2024-11-05,2024-11-05 10:33:00,0.6,True,-0.0468875492584722,0.5934960974598772,1.5496287736385403
2024-11-05,2024-11-05 10:34:00,0.6,True,-0.0358274433517694,0.5967866581027024,1.560544432613573
2024-11-05,2024-11-05 10:35:00,0.6,True,-0.037620288224341,0.59598595229708,1.5795263664874362
2024-11-05,2024-11-05 10:36:00,0.6,True,-0.0292833026217483,0.5950139440203395,1.5862787696557807
2024-11-05,2024-11-05 10:37:00,0.6,True,-0.0354728431141573,0.5921240358643673,1.601207311707401
2024-11-05,2024-11-05 10:38:00,0.6,True,-0.0251241910209347,0.5920331208359622,1.6295736257610716
2024-11-05,2024-11-05 10:39:00,0.6,True,-0.0157940835905764,0.5982014050709237,1.5989189633931775
2024-11-05,2024-11-05 10:40:00,0.6,True,-0.0170977841150211,0.5976072420654104,1.5946174128083397
2024-11-05,2024-11-05 10:41:00,0.6,True,-0.0295688883509199,0.5920499764015442,1.5972970768343002
2024-11-05,2024-11-05 10:42:00,0.6,True,-0.0330434769779878,0.5927303579143945,1.568859456219614
2024-11-05,2024-11-05 10:43:00,0.6,True,-0.0191826835150754,0.5979685283412584,1.550623593143169
2024-11-05,2024-11-05 10:44:00,0.6,True,-0.0162030882179926,0.6004681168458725,1.537794806159222
2024-11-05,2024-11-05 10:45:00,0.6,True,-0.0148322032519662,0.5982918679040131,1.5556327944256536
2024-11-05,2024-11-05 10:46:00,0.6,True,-0.0233647265360266,0.5919309822914207,1.59189749580061
2024-11-05,2024-11-05 10:47:00,0.6,True,-0.0248416539560834,0.5945915548617576,1.5417497363287922
2024-11-05,2024-11-05 10:48:00,0.6,True,-0.0265561588413993,0.5939442418788407,1.5666478252290037
2024-11-05,2024-11-05 10:49:00,0.6,True,-0.0485159159104831,0.5863435417652669,1.602926878171937
2024-11-05,2024-11-05 10:50:00,0.6,True,-0.0633976777847817,0.5806293660430405,1.6136653737092412
2024-11-05,2024-11-05 10:51:00,0.6,True,-0.0489518319402678,0.5843368555561168,1.6220655357997873
2024-11-05,2024-11-05 10:52:00,0.6,True,-0.0464526022527719,0.5836270636401704,1.636926204537104
2024-11-05,2024-11-05 10:53:00,0.6,True,-0.0405017164352787,0.5863857897687079,1.6036388836855138
2024-11-05,2024-11-05 10:54:00,0.6,True,-0.0467718755803734,0.5843588307667792,1.6169118754511476
2024-11-05,2024-11-05 10:55:00,0.6,True,-0.0322413815803359,0.591468207474557,1.581117620178882
2024-11-05,2024-11-05 10:56:00,0.6,True,-0.0226805707145318,0.590676245246495,1.5903851759026444
2024-11-05,2024-11-05 10:57:00,0.6,True,-0.0185461395631994,0.5929536812171352,1.5730351880543323
2024-11-05,2024-11-05 10:58:00,0.6,True,-0.0066826141263436,0.5993406227140341,1.5314375949222552
2024-11-05,2024-11-05 10:59:00,0.6,True,-0.0226715071581729,0.5958294510543857,1.5293360614524911
2024-11-05,2024-11-05 11:00:00,0.6,True,-0.0228026761101419,0.5938877890135518,1.5264388301666996
2024-11-05,2024-11-05 11:01:00,0.6,True,-0.021585768615195,0.5958818575883078,1.5043455213479822
2024-11-05,2024-11-05 11:02:00,0.6,True,-0.025243914032655,0.5932688335688101,1.5156064282432886
2024-11-05,2024-11-05 11:03:00,0.6,True,-0.0279761852933249,0.5921516628060745,1.5009840796660867
2024-11-05,2024-11-05 11:04:00,0.6,True,-0.0284203453218988,0.5920468678913362,1.4630134926872242
2024-11-05,2024-11-05 11:05:00,0.6,True,-0.0381468828815926,0.5884514726378907,1.468491238142669
2024-11-05,2024-11-05 11:06:00,0.6,True,-0.0477831703034996,0.5832519185408106,1.4806039466478105
2024-11-05,2024-11-05 11:07:00,0.6,True,-0.0616895474152673,0.577905142830034,1.483537674845487
2024-11-05,2024-11-05 11:08:00,0.6,True,-0.0679534466265696,0.5766098032302883,1.4755332054009316
2024-11-05,2024-11-05 11:09:00,0.6,True,-0.0765167423377033,0.5710612917026848,1.525058994982286
2024-11-05,2024-11-05 11:10:00,0.6,True,-0.0749231066425299,0.5733622896276356,1.5181673297995435
2024-11-05,2024-11-05 11:11:00,0.6,True,-0.0768998836296715,0.5719975454836307,1.5369529758377511
2024-11-05,2024-11-05 11:12:00,0.6,True,-0.0617259123912267,0.5784411015400082,1.506916651601126
2024-11-05,2024-11-05 11:13:00,0.6,True,-0.0533665186434526,0.5822975357000304,1.4986917151496777
2024-11-05,2024-11-05 11:14:00,0.6,True,-0.0567720817632704,0.5794183961011304,1.5227179723661368
2024-11-05,2024-11-05 11:15:00,0.59,True,-0.0527756648778278,0.5788199175777621,1.520974232871818
2024-11-05,2024-11-05 11:16:00,0.59,True,-0.0564489001881869,0.5737678796628355,1.5728784139478948
2024-11-05,2024-11-05 11:17:00,0.59,True,-0.0662284064551418,0.5697395002367811,1.5868395490438625
2024-11-05,2024-11-05 11:18:00,0.59,True,-0.0666302316641866,0.5719296202770459,1.5603792662540177
2024-11-05,2024-11-05 11:19:00,0.59,True,-0.0687147325663535,0.5703385051811889,1.5568088768555373
2024-11-05,2024-11-05 11:20:00,0.59,True,-0.0761347422187266,0.5674812777369619,1.5614131216844211
2024-11-05,2024-11-05 11:21:00,0.59,True,-0.0744948434594893,0.5697400746851864,1.552301710144578
2024-11-05,2024-11-05 11:22:00,0.59,True,-0.0611581864773746,0.5746548336354702,1.5366904943515147
2024-11-05,2024-11-05 11:23:00,0.59,True,-0.0656286480394417,0.571873873506056,1.5343190061300025
2024-11-05,2024-11-05 11:24:00,0.59,True,-0.068880106453492,0.5708304863059116,1.5237585396559965
2024-11-05,2024-11-05 11:25:00,0.59,True,-0.0765124696572808,0.5689862176771848,1.5247368109256698
2024-11-05,2024-11-05 11:26:00,0.59,True,-0.0712712991633393,0.5707496391411183,1.5172927901557725
2024-11-05,2024-11-05 11:27:00,0.59,True,-0.0620903842786037,0.5733584221827115,1.4880200373197572
2024-11-05,2024-11-05 11:28:00,0.59,True,-0.068619614000974,0.5669522654941637,1.5236507194773945
2024-11-05,2024-11-05 11:29:00,0.59,True,-0.0644181720757406,0.5669653672243543,1.522664135669369
2024-11-05,2024-11-05 11:30:00,0.59,True,-0.0549615173662671,0.5691508185714604,1.5036231837035985
2024-11-05,2024-11-05 11:31:00,0.58,True,-0.0501856396208827,0.572328233113885,1.4784591658526989
2024-11-05,2024-11-05 11:32:00,0.58,True,-0.048533274535655,0.5728049940135596,1.472647360360592
2024-11-05,2024-11-05 11:33:00,0.58,True,-0.0556740835801801,0.5717620275817588,1.4520172513424163
2024-11-05,2024-11-05 11:34:00,0.58,True,-0.0578996948562066,0.5719151002496896,1.4511422498344675
2024-11-05,2024-11-05 11:35:00,0.58,True,-0.049241427051296,0.5745501492802678,1.4303611132855931
2024-11-05,2024-11-05 11:36:00,0.58,True,-0.0553945767765817,0.5721335137661621,1.4382749361169385
2024-11-05,2024-11-05 11:37:00,0.58,True,-0.0598739966610286,0.5707882502705864,1.4103008217342063
2024-11-05,2024-11-05 11:38:00,0.58,True,-0.059632087465051,0.5687557239787662,1.4335926190517003
2024-11-05,2024-11-05 11:39:00,0.58,True,-0.0613351336078601,0.5673342594916329,1.4494162936986597
2024-11-05,2024-11-05 11:40:00,0.58,True,-0.0576081764851044,0.5699297659740026,1.4190372899594763
2024-11-05,2024-11-05 11:41:00,0.58,True,-0.0468202660296063,0.5711641199765853,1.4189938999720004
2024-11-05,2024-11-05 11:42:00,0.58,True,-0.0431839880773892,0.5702733685874715,1.4447224724823933
2024-11-05,2024-11-05 11:43:00,0.58,True,-0.0543665894900218,0.5622132814415881,1.4909466129435447
2024-11-05,2024-11-05 11:44:00,0.58,True,-0.060186352643247,0.5593301277917909,1.5074829902731748
2024-11-05,2024-11-05 11:45:00,0.58,True,-0.0515820120926941,0.5639654808676466,1.4741523506657024
2024-11-05,2024-11-05 11:46:00,0.58,True,-0.0568345977498352,0.5635046197472668,1.4700272191490116
2024-11-05,2024-11-05 11:47:00,0.58,True,-0.0578006101075448,0.5659910791070594,1.4516638472750336
2024-11-05,2024-11-05 11:48:00,0.58,True,-0.0600782882806967,0.5650534336826281,1.468829757856293
2024-11-05,2024-11-05 11:49:00,0.58,True,-0.0631331653186401,0.568405022131496,1.454523447419822
2024-11-05,2024-11-05 11:50:00,0.58,True,-0.0602466111035057,0.570609207066582,1.4391440476318982
2024-11-05,2024-11-05 11:51:00,0.58,True,-0.0500952980919922,0.5735077302843226,1.4309327959369338
2024-11-05,2024-11-05 11:52:00,0.58,True,-0.0559077509616618,0.5709207198608895,1.4417897840599072
2024-11-05,2024-11-05 11:53:00,0.57,True,-0.0650418279621012,0.5681440607541672,1.4627359473048822
2024-11-05,2024-11-05 11:54:00,0.57,True,-0.0689450156416904,0.568260827797624,1.4669204031870984
2024-11-05,2024-11-05 11:55:00,0.57,True,-0.0795413026464723,0.5652395743284245,1.4811392795282792
2024-11-05,2024-11-05 11:56:00,0.57,True,-0.0806496508323217,0.5635004946564891,1.5065460800205666
2024-11-05,2024-11-05 11:57:00,0.57,True,-0.0846232105140323,0.5631917725888114,1.5080572890263753
2024-11-05,2024-11-05 11:58:00,0.56,True,-0.090887812732336,0.5596108696814502,1.5234223793972443
2024-11-05,2024-11-05 11:59:00,0.57,True,-0.0916666356054624,0.5585448207518022,1.5197793929963757
2024-11-05,2024-11-05 12:00:00,0.57,True,-0.0931967139074003,0.5582426170083645,1.515328797985147
2024-11-05,2024-11-05 12:01:00,0.57,True,-0.0908753656595742,0.5561378500678011,1.540732710245795
2024-11-05,2024-11-05 12:02:00,0.57,True,-0.0978662043971673,0.5505374773933691,1.571569958554257
2024-11-05,2024-11-05 12:03:00,0.57,True,-0.092099946507632,0.5524576575776519,1.574396766447976
2024-11-05,2024-11-05 12:04:00,0.57,True,-0.0867491766855331,0.5538312211732902,1.5660650383719208
2024-11-05,2024-11-05 12:05:00,0.57,True,-0.0877340000922266,0.5559908218314481,1.5353668292182412
2024-11-05,2024-11-05 12:06:00,0.57,True,-0.0873957777613611,0.556628857566447,1.5367845565440896
2024-11-05,2024-11-05 12:07:00,0.58,True,-0.0866368132928963,0.5553240034837541,1.5569476696032063
2024-11-05,2024-11-05 12:08:00,0.58,True,-0.0781984820015048,0.5571447595105469,1.5457083044499735
2024-11-05,2024-11-05 12:09:00,0.58,True,-0.0798831786906852,0.5567463849572036,1.552641120258476
2024-11-05,2024-11-05 12:10:00,0.58,True,-0.0793008167951546,0.5590703217191152,1.5345371433170296
2024-11-05,2024-11-05 12:11:00,0.58,True,-0.0759134559665205,0.5618613957023806,1.519449138593483
2024-11-05,2024-11-05 12:12:00,0.58,True,-0.0796800367015455,0.5611703541034132,1.521841265219339
2024-11-05,2024-11-05 12:13:00,0.58,True,-0.0664469154967618,0.566222111831648,1.5051534345700677
2024-11-05,2024-11-05 12:14:00,0.58,True,-0.0565028962832112,0.5734203727441977,1.4412435593472
2024-11-05,2024-11-05 12:15:00,0.58,True,-0.0570853465827176,0.5785542333715608,1.386537016958587
2024-11-05,2024-11-05 12:16:00,0.59,True,-0.0522182643310558,0.5795511747692131,1.3641911915487988
2024-11-05,2024-11-05 12:17:00,0.58,True,-0.0533820477719167,0.5808370451159625,1.3723543824090858
2024-11-05,2024-11-05 12:18:00,0.58,True,-0.0637345583611778,0.5782077422975578,1.3845113653933985
2024-11-05,2024-11-05 12:19:00,0.58,True,-0.0766138308386423,0.5714339235258337,1.4173137751673932
2024-11-05,2024-11-05 12:20:00,0.58,True,-0.0668341583805627,0.573269969316637,1.409914461305515
2024-11-05,2024-11-05 12:21:00,0.58,True,-0.0672947054545713,0.5715690014568966,1.4101380665562917
2024-11-05,2024-11-05 12:22:00,0.58,True,-0.0735949698567114,0.5696928660414647,1.404084429744429
2024-11-05,2024-11-05 12:23:00,0.58,True,-0.0791515504002267,0.5664437902416101,1.4095641856969798
2024-11-05,2024-11-05 12:24:00,0.58,True,-0.0794237965794207,0.5672906534237792,1.381640011557775
2024-11-05,2024-11-05 12:25:00,0.58,True,-0.0731805136234111,0.5693032341472071,1.379871284613293
2024-11-05,2024-11-05 12:26:00,0.58,True,-0.0805785989306368,0.5643286344483343,1.396854725419208
2024-11-05,2024-11-05 12:27:00,0.58,True,-0.0832951694450177,0.566516635409413,1.3783278369503826
2024-11-05,2024-11-05 12:28:00,0.58,True,-0.0807603938007905,0.5669366847423912,1.371846187123361
2024-11-05,2024-11-05 12:29:00,0.58,True,-0.080215216533325,0.5658277207709388,1.389421816090425
2024-11-05,2024-11-05 12:30:00,0.58,True,-0.0774280804778178,0.5679930604333755,1.3753092884922076
2024-11-05,2024-11-05 12:31:00,0.58,True,-0.0774538634652071,0.5689664294325885,1.3722322615519
2024-11-05,2024-11-05 12:32:00,0.58,True,-0.0678497752450031,0.5736316682864824,1.3462777942935342
2024-11-05,2024-11-05 12:33:00,0.58,True,-0.0707227479812764,0.5741811201196818,1.3285878332143122
2024-11-05,2024-11-05 12:34:00,0.58,True,-0.065341682768043,0.5767943298593633,1.3289065584853543
2024-11-05,2024-11-05 12:35:00,0.58,True,-0.0665097433454813,0.5762048667713988,1.3279626750290023
2024-11-05,2024-11-05 12:36:00,0.58,True,-0.0617362032662087,0.5736829028756489,1.3504728754918314
2024-11-05,2024-11-05 12:37:00,0.58,True,-0.0636660861667802,0.5722163706604021,1.3629029045341028
2024-11-05,2024-11-05 12:38:00,0.58,True,-0.072483452518496,0.5697814649198889,1.3779697319079447
2024-11-05,2024-11-05 12:39:00,0.58,True,-0.0742731093492855,0.5692987374242853,1.386072816248176
2024-11-05,2024-11-05 12:40:00,0.58,True,-0.0718820301717506,0.5673784523324038,1.4217818989064444
2024-11-05,2024-11-05 12:41:00,0.59,True,-0.0772765838813502,0.5643575997598558,1.4368327765739926
2024-11-05,2024-11-05 12:42:00,0.59,True,-0.0805751102317008,0.5644866520731759,1.4356335712676649
2024-11-05,2024-11-05 12:43:00,0.59,True,-0.086308025348525,0.5632335105110569,1.435588202239387
2024-11-05,2024-11-05 12:44:00,0.59,True,-0.0850730749097687,0.564096271256475,1.428845549974302
2024-11-05,2024-11-05 12:45:00,0.59,True,-0.0881660091035531,0.5623147599068553,1.4447384739370028
2024-11-05,2024-11-05 12:46:00,0.59,True,-0.0858131105956038,0.5654965980186734,1.4084147229741033
2024-11-05,2024-11-05 12:47:00,0.59,True,-0.0924377993545971,0.5642924907512784,1.4004692980928353
2024-11-05,2024-11-05 12:48:00,0.59,True,-0.0890500104528512,0.5659253838831269,1.3798001583078725
2024-11-05,2024-11-05 12:49:00,0.59,True,-0.0870818799830192,0.5678397019542643,1.374000412067986
2024-11-05,2024-11-05 12:50:00,0.59,True,-0.08646157246914,0.5677894368889624,1.374508579163973
2024-11-05,2024-11-05 12:51:00,0.59,True,-0.0908030105220419,0.5670263342728901,1.3714186388046503
2024-11-05,2024-11-05 12:52:00,0.59,True,-0.0919722167625282,0.5661658497102615,1.3775388386466076
2024-11-05,2024-11-05 12:53:00,0.59,True,-0.0917499730677264,0.5667354815266143,1.3788792285199685
2024-11-05,2024-11-05 12:54:00,0.59,True,-0.1014033625046236,0.5631773781517805,1.3924790356445094
2024-11-05,2024-11-05 12:55:00,0.59,True,-0.1041700217328444,0.5606885554977068,1.4136034031480824
2024-11-05,2024-11-05 12:56:00,0.58,True,-0.0996603121787066,0.5615806029430297,1.4152585258694848
2024-11-05,2024-11-05 12:57:00,0.58,True,-0.096967187495467,0.5596692297344263,1.42888876682823
2024-11-05,2024-11-05 12:58:00,0.58,True,-0.0905796797655288,0.560331217160757,1.4476393723506855
2024-11-05,2024-11-05 12:59:00,0.58,True,-0.0942189575313187,0.5587019129186738,1.452990852268399
2024-11-05,2024-11-05 13:00:00,0.58,True,-0.0976226538505187,0.5560147696886044,1.4717395395309385
2024-11-05,2024-11-05 13:01:00,0.58,True,-0.1032433534120987,0.5536434890642467,1.4853247331294384
2024-11-05,2024-11-05 13:02:00,0.58,True,-0.1155271916627637,0.5469380252285674,1.5215130814691786
2024-11-05,2024-11-05 13:03:00,0.58,True,-0.1190067441291932,0.5468242204086056,1.529603113966477
2024-11-05,2024-11-05 13:04:00,0.58,True,-0.1270509503215177,0.5422323296984136,1.5533849827693078
2024-11-05,2024-11-05 13:05:00,0.58,True,-0.1257620924560743,0.5426179019064912,1.554970496213472
2024-11-05,2024-11-05 13:06:00,0.58,True,-0.1328232144912658,0.5380145372041792,1.5899113231353488
2024-11-05,2024-11-05 13:07:00,0.58,True,-0.1364729861378253,0.5386299740405276,1.5801882393691853
2024-11-05,2024-11-05 13:09:00,0.58,True,-0.1242589320623011,0.5410827405352424,1.572192514201696
2024-11-05,2024-11-05 13:10:00,0.58,True,-0.1274744247787629,0.5395106170002977,1.580981641842066
2024-11-05,2024-11-05 13:11:00,0.58,True,-0.1264489725638853,0.5399542242987347,1.5790690465602344
2024-11-05,2024-11-05 13:12:00,0.57,True,-0.1308846803893361,0.5381076034846421,1.57482593055115
2024-11-05,2024-11-05 13:13:00,0.58,True,-0.1309236317133887,0.5373366813900506,1.5946506330492514
2024-11-05,2024-11-05 13:14:00,0.57,True,-0.1244976347993956,0.5413353241501555,1.5686541090289452
2024-11-05,2024-11-05 13:15:00,0.57,True,-0.1212441348980017,0.5389662823234949,1.574775265138973
2024-11-05,2024-11-05 13:16:00,0.57,True,-0.1229691609043919,0.5391944004637572,1.558243311380332
2024-11-05,2024-11-05 13:17:00,0.58,True,-0.1232786774474691,0.5414525118677649,1.5557408092362752
2024-11-05,2024-11-05 13:18:00,0.58,True,-0.1243826712826177,0.5397251314649073,1.5533914825044015
2024-11-05,2024-11-05 13:19:00,0.58,True,-0.1306259101023777,0.5370406015855727,1.5670778285550424
2024-11-05,2024-11-05 13:20:00,0.57,True,-0.1415803335199218,0.5314272008109818,1.5882837577473308
2024-11-05,2024-11-05 13:21:00,0.57,True,-0.1397941321799585,0.5326367659913351,1.5711038194827502
2024-11-05,2024-11-05 13:22:00,0.57,True,-0.135259579354782,0.5369459964210178,1.5315973099180362
2024-11-05,2024-11-05 13:23:00,0.57,True,-0.1443711485114856,0.5325175277122667,1.5500478715531936
2024-11-05,2024-11-05 13:24:00,0.57,True,-0.1448260883601784,0.5333774750408133,1.5522905935186844
2024-11-05,2024-11-05 13:25:00,0.58,True,-0.1378629951268355,0.5370933835752032,1.5288031717389827
2024-11-05,2024-11-05 13:26:00,0.58,True,-0.1332728684405537,0.5388397569683021,1.523113454452785
2024-11-05,2024-11-05 13:27:00,0.58,True,-0.1332629892291639,0.5396279416422259,1.5274634863261325
2024-11-05,2024-11-05 13:28:00,0.58,True,-0.1364271879036183,0.5398798795241355,1.515219536157466
2024-11-05,2024-11-05 13:29:00,0.58,True,-0.1302956207768205,0.5416759034203857,1.5036856577725282
2024-11-05,2024-11-05 13:30:00,0.58,True,-0.1234298465316582,0.5448003205963996,1.487222952278388
2024-11-05,2024-11-05 13:31:00,0.58,True,-0.1259165273893391,0.543208201527244,1.4921496406705956
2024-11-05,2024-11-05 13:32:00,0.58,True,-0.1288023989202604,0.5421553130487117,1.5077446644380896
2024-11-05,2024-11-05 13:33:00,0.58,True,-0.1298412147007744,0.5425986778783018,1.4826899999873373
2024-11-05,2024-11-05 13:34:00,0.58,True,-0.123100523065822,0.5445673075543264,1.463408344322115
2024-11-05,2024-11-05 13:35:00,0.58,True,-0.1278645051136256,0.5409806434603796,1.4872691822166386
2024-11-05,2024-11-05 13:36:00,0.58,True,-0.1287896962749575,0.5365787169505678,1.525646620485681
2024-11-05,2024-11-05 13:37:00,0.58,True,-0.1382726670805922,0.5323686564665778,1.5337286871019615
2024-11-05,2024-11-05 13:38:00,0.58,True,-0.1356554463753739,0.5343451825816963,1.5185338226701215
2024-11-05,2024-11-05 13:39:00,0.58,True,-0.1419824406803265,0.5299484027963928,1.5548134179132975
2024-11-05,2024-11-05 13:40:00,0.58,True,-0.1455876783428523,0.5307765656743036,1.5547140120515592
2024-11-05,2024-11-05 13:41:00,0.58,True,-0.1436843984477068,0.5327110504243524,1.5454876544171523
2024-11-05,2024-11-05 13:42:00,0.58,True,-0.1502172453763203,0.5291370840643793,1.545232224221643
2024-11-05,2024-11-05 13:43:00,0.59,True,-0.1596807615139676,0.5256785578822984,1.5611611965699297
2024-11-05,2024-11-05 13:44:00,0.59,True,-0.1708793351691432,0.5199646760791438,1.571832605083397
2024-11-05,2024-11-05 13:45:00,0.59,True,-0.1714540852409637,0.5164528894528919,1.5922614398170625
2024-11-05,2024-11-05 13:46:00,0.59,True,-0.1740377127646805,0.5155678757258919,1.5964385732488695
2024-11-05,2024-11-05 13:47:00,0.59,True,-0.1730084598780379,0.5154946163719256,1.5982134327960538
2024-11-05,2024-11-05 13:48:00,0.59,True,-0.1634050024190423,0.5192565753302236,1.5664855457240914
2024-11-05,2024-11-05 13:49:00,0.59,True,-0.166539531804608,0.5188920304548501,1.5548022894174096
2024-11-05,2024-11-05 13:50:00,0.59,True,-0.1672604358846965,0.5176963682149035,1.5377934424509043
2024-11-05,2024-11-05 13:51:00,0.59,True,-0.1606562085174704,0.5192228298343777,1.534906604574646
2024-11-05,2024-11-05 13:52:00,0.59,True,-0.1653734500352922,0.5171026353097874,1.539790492295826
2024-11-05,2024-11-05 13:53:00,0.59,True,-0.1615795489489171,0.5188493935133653,1.5354683897811552
2024-11-05,2024-11-05 13:54:00,0.59,True,-0.1628263075321087,0.5185060474545264,1.5483840374704698
2024-11-05,2024-11-05 13:55:00,0.59,True,-0.1551949216515774,0.5197522031848335,1.530668101391681
2024-11-05,2024-11-05 13:56:00,0.59,True,-0.1512739687601083,0.519437198878771,1.534041511988995
2024-11-05,2024-11-05 13:57:00,0.59,True,-0.1414440630256272,0.5235079631352048,1.504509724725002
2024-11-05,2024-11-05 13:58:00,0.59,True,-0.1431527160765301,0.5229050843989129,1.515664844294904
2024-11-05,2024-11-05 13:59:00,0.59,True,-0.1390234629842352,0.5252010355329405,1.497931325429127
2024-11-05,2024-11-05 14:00:00,0.59,True,-0.144483102332136,0.522419001338766,1.495895559932653
2024-11-05,2024-11-05 14:01:00,0.59,True,-0.1466284124068662,0.5221008429369589,1.4715602418611715
2024-11-05,2024-11-05 14:02:00,0.59,True,-0.1466098852964786,0.5216504432790731,1.45926495955835
2024-11-05,2024-11-05 14:03:00,0.59,True,-0.1517072825375008,0.523247778240431,1.4289743943732418
2024-11-05,2024-11-05 14:04:00,0.59,True,-0.141685398644471,0.5274726243862502,1.419423581564977
2024-11-05,2024-11-05 14:05:00,0.59,True,-0.1438384297230439,0.5261660363528438,1.4504203097668706
2024-11-05,2024-11-05 14:06:00,0.59,True,-0.1471851756755741,0.5239622948447172,1.472829563849052
2024-11-05,2024-11-05 14:07:00,0.59,True,-0.1350044454884293,0.528441085236187,1.4514224094908617
2024-11-05,2024-11-05 14:08:00,0.59,True,-0.1386822816160272,0.5263125004559168,1.4662372077441184
2024-11-05,2024-11-05 14:09:00,0.59,True,-0.1386990955209168,0.5281587309891687,1.4718590012650383
2024-11-05,2024-11-05 14:10:00,0.59,True,-0.1391806666563007,0.529285694545282,1.4608770197396348
2024-11-05,2024-11-05 14:11:00,0.59,True,-0.1418455657543534,0.5277998030868492,1.4640170300367616
2024-11-05,2024-11-05 14:12:00,0.59,True,-0.1396011555573487,0.5276353413285065,1.470916823740777
2024-11-05,2024-11-05 14:13:00,0.59,True,-0.1430332084198657,0.5259571941292854,1.483218212994435
2024-11-05,2024-11-05 14:14:00,0.59,True,-0.1478324893619716,0.5222949678348117,1.5009047643525235
2024-11-05,2024-11-05 14:15:00,0.59,True,-0.1497043892166807,0.5215027566083936,1.507037734882645
2024-11-05,2024-11-05 14:16:00,0.59,True,-0.1472175318573665,0.5205907162415992,1.5271377572103022
2024-11-05,2024-11-05 14:17:00,0.59,True,-0.1515070158134985,0.517764667066554,1.5442700590044027
2024-11-05,2024-11-05 14:18:00,0.59,True,-0.1632702245912179,0.5130599640881187,1.5608210603649744
2024-11-05,2024-11-05 14:19:00,0.59,True,-0.1664088317571674,0.5119857735041969,1.559435940869763
2024-11-05,2024-11-05 14:20:00,0.59,True,-0.175480447630322,0.5081937442940648,1.5794331160402624
2024-11-05,2024-11-05 14:21:00,0.59,True,-0.1772928913069301,0.5069278180521094,1.5908090536655823
2024-11-05,2024-11-05 14:22:00,0.58,True,-0.1705043357069649,0.510076574145995,1.5711016315551027
2024-11-05,2024-11-05 14:23:00,0.59,True,-0.1714746780020733,0.5084676574000175,1.5931619206443584
2024-11-05,2024-11-05 14:24:00,0.58,True,-0.17673633512085,0.509021739041664,1.5866416350302948
2024-11-05,2024-11-05 14:25:00,0.59,True,-0.1683974081293618,0.5126159021611076,1.5648772718302173
2024-11-05,2024-11-05 14:26:00,0.59,True,-0.1734621357604485,0.5097997838189395,1.5653552795515897
2024-11-05,2024-11-05 14:27:00,0.59,True,-0.1730866705474465,0.5110015397190911,1.5625273407350675
2024-11-05,2024-11-05 14:28:00,0.59,True,-0.1919746270919487,0.5007049789923782,1.613829959761505
2024-11-05,2024-11-05 14:29:00,0.59,True,-0.191391397674792,0.4991850941090565,1.632046317647894
2024-11-05,2024-11-05 14:30:00,0.59,True,-0.1986443871019792,0.4979156536387417,1.6323129070093252
2024-11-05,2024-11-05 14:31:00,0.59,True,-0.2026842761775104,0.4965779224061707,1.6409664248298423
2024-11-05,2024-11-05 14:32:00,0.59,True,-0.198258012085559,0.4991384887165302,1.6346856041773723
2024-11-05,2024-11-05 14:33:00,0.59,True,-0.1912095829953292,0.5020754589906797,1.6212200357827624
2024-11-05,2024-11-05 14:34:00,0.59,True,-0.1918075854869644,0.5027040066576832,1.6151910698605716
2024-11-05,2024-11-05 14:35:00,0.59,True,-0.1937387676949466,0.5032726308502449,1.6097778524688158
2024-11-05,2024-11-05 14:36:00,0.59,True,-0.1893294813459219,0.5076505399870123,1.572276836421272
2024-11-05,2024-11-05 14:37:00,0.59,True,-0.1862815815580817,0.509038135327397,1.5668287988698952
2024-11-05,2024-11-05 14:38:00,0.59,True,-0.177291850150531,0.5106898603507461,1.5777689478440342
2024-11-05,2024-11-05 14:39:00,0.59,True,-0.1787324068101288,0.5115227403248834,1.559380563234816
2024-11-05,2024-11-05 14:40:00,0.59,True,-0.1842154101556957,0.5100916451574341,1.5594353135064851
2024-11-05,2024-11-05 14:41:00,0.59,True,-0.1785079857560718,0.5119898865410901,1.5360614960459829
2024-11-05,2024-11-05 14:42:00,0.59,True,-0.1786347161788278,0.5118458459467027,1.5328502245958997
2024-11-05,2024-11-05 14:43:00,0.59,True,-0.1782807810815296,0.5120086230461205,1.523949420218487
2024-11-05,2024-11-05 14:44:00,0.59,True,-0.1804669522515918,0.5083697797691504,1.5409426419143708
2024-11-05,2024-11-05 14:45:00,0.59,True,-0.1777215273801384,0.5080093509572514,1.5372915284474935
2024-11-05,2024-11-05 14:46:00,0.59,True,-0.1768227121470405,0.5085358725639404,1.5341365778942946
2024-11-05,2024-11-05 14:47:00,0.59,True,-0.1728445697219254,0.512441104126686,1.513138235304435
2024-11-05,2024-11-05 14:48:00,0.59,True,-0.1693714335893661,0.513287687671432,1.5080425455952342
2024-11-05,2024-11-05 14:50:00,0.59,True,-0.1765529670392862,0.5116049580214488,1.5208890450123314
2024-11-05,2024-11-05 14:51:00,0.59,True,-0.1711155618478722,0.5126288912204977,1.523292662273826
2024-11-05,2024-11-05 14:52:00,0.59,True,-0.172675550900188,0.5133786990381675,1.512902684880022
2024-11-05,2024-11-05 14:53:00,0.59,True,-0.1699628448640578,0.5145268697760723,1.497768873493628
2024-11-05,2024-11-05 14:54:00,0.59,True,-0.1728597699352185,0.512914363095079,1.4923749597917635
2024-11-05,2024-11-05 14:55:00,0.59,True,-0.1728560612112966,0.5111002658802652,1.504690522231131
2024-11-05,2024-11-05 14:56:00,0.59,True,-0.1598901056596762,0.513773190424119,1.5085084611784398
2024-11-05,2024-11-05 14:57:00,0.59,True,-0.1599273315531746,0.5133406633520923,1.5425781991650689
2024-11-05,2024-11-05 14:58:00,0.59,True,-0.1619973374722319,0.511683032718216,1.546507000485412
2024-11-05,2024-11-05 14:59:00,0.59,True,-0.1591699434639074,0.5135816993330582,1.541290050152352
2024-11-05,2024-11-05 15:00:00,0.58,True,-0.1594334631991115,0.5139132667838295,1.5401716990622627
2024-11-05,2024-11-05 15:01:00,0.58,True,-0.1623646584172107,0.5087115200747457,1.5808290138124816
2024-11-05,2024-11-05 15:02:00,0.58,True,-0.157688025035178,0.5097738571664548,1.570135988385094
2024-11-05,2024-11-05 15:03:00,0.59,True,-0.1694027522652241,0.505096264457309,1.5941107444507892
2024-11-05,2024-11-05 15:04:00,0.58,True,-0.1617173168439903,0.5092295132606615,1.5839139524737635
2024-11-05,2024-11-05 15:05:00,0.59,True,-0.1609415049299854,0.511580850280638,1.5656276428532392
2024-11-05,2024-11-05 15:06:00,0.59,True,-0.1635298579517229,0.5116110769794685,1.5563721186553408
2024-11-05,2024-11-05 15:07:00,0.59,True,-0.1740838049989985,0.5060442692753183,1.5892360801362608
2024-11-05,2024-11-05 15:08:00,0.59,True,-0.1866093674241295,0.5004690579846851,1.5902185818367025
2024-11-05,2024-11-05 15:09:00,0.59,True,-0.189877043722997,0.5005885709729498,1.5800980321249505
2024-11-05,2024-11-05 15:10:00,0.59,True,-0.1906140166705038,0.5013045576833384,1.574423529503905
2024-11-05,2024-11-05 15:11:00,0.59,True,-0.1865699805907493,0.5024529975121341,1.5793045926972136
2024-11-05,2024-11-05 15:12:00,0.59,True,-0.1897280630948358,0.5001837035398351,1.5957034974883788
2024-11-05,2024-11-05 15:13:00,0.59,True,-0.1895771515151433,0.5018281668005213,1.5774598225208132
2024-11-05,2024-11-05 15:14:00,0.59,True,-0.19239516967686,0.4996746449144351,1.5810477904104845
2024-11-05,2024-11-05 15:15:00,0.59,True,-0.192735937555072,0.5009160941312307,1.56265865973428
2024-11-05,2024-11-05 15:16:00,0.59,True,-0.1871191152101758,0.5016232415698068,1.5621365640576437
2024-11-05,2024-11-05 15:17:00,0.59,True,-0.1859662253855419,0.5015752605847703,1.5500266628708708
2024-11-05,2024-11-05 15:18:00,0.59,True,-0.1883271816268381,0.5020915488500487,1.5478345347254
2024-11-05,2024-11-05 15:19:00,0.59,True,-0.1920373424815727,0.5028577654759333,1.5482270975698702
2024-11-05,2024-11-05 15:20:00,0.59,True,-0.2014668383977075,0.5015312530596518,1.5569888493729391
2024-11-05,2024-11-05 15:21:00,0.59,True,-0.2026595455293701,0.5015000418777035,1.5580900005997045
2024-11-05,2024-11-05 15:22:00,0.59,True,-0.2039460341512669,0.501220429479746,1.5529439121788782
2024-11-05,2024-11-05 15:23:00,0.58,True,-0.1965745372827794,0.5034535473508683,1.5351062102223405
2024-11-05,2024-11-05 15:24:00,0.58,True,-0.1849667996292238,0.5085804916348056,1.518064385283988
2024-11-05,2024-11-05 15:25:00,0.58,True,-0.1890072384046729,0.5059809696258252,1.533439704038322
2024-11-05,2024-11-05 15:26:00,0.58,True,-0.1959669653415882,0.4995771811287783,1.57816392629277
2024-11-05,2024-11-05 15:27:00,0.58,True,-0.1935767493689615,0.4997857436371563,1.5668143294288397
2024-11-05,2024-11-05 15:28:00,0.58,True,-0.1993756956871157,0.4955267538691293,1.6028283574638331
2024-11-05,2024-11-05 15:29:00,0.58,True,-0.2014632630077507,0.4953086561930186,1.6000751885897675
2024-11-05,2024-11-05 15:30:00,0.58,True,-0.2035693776047998,0.4960948986182696,1.5939416023478366
2024-11-05,2024-11-05 15:31:00,0.58,True,-0.2062142850351591,0.497014488699219,1.572728130143099
2024-11-05,2024-11-05 15:32:00,0.58,True,-0.2055468052093683,0.4978210597432561,1.562140687252946
2024-11-05,2024-11-05 15:33:00,0.58,True,-0.2086074764120487,0.4934573627048466,1.5803863517696897
2024-11-05,2024-11-05 15:34:00,0.58,True,-0.2182326193867622,0.4884929967697435,1.610916431863705
2024-11-05,2024-11-05 15:35:00,0.58,True,-0.214617192920097,0.4916488684148492,1.58059024037363
2024-11-05,2024-11-05 15:36:00,0.58,True,-0.2253248257135194,0.4889301644429831,1.5752926442610382
2024-11-05,2024-11-05 15:37:00,0.58,True,-0.2272970236797204,0.485954947239024,1.6046951804688143
2024-11-05,2024-11-05 15:38:00,0.58,True,-0.2172137689841289,0.4896926406743841,1.5865708954166358
2024-11-05,2024-11-05 15:39:00,0.58,True,-0.211850515887592,0.4913778694382611,1.5920058528080747
2024-11-05,2024-11-05 15:40:00,0.58,True,-0.2145413896134214,0.4912775380429403,1.6033543720944747
2024-11-05,2024-11-05 15:41:00,0.58,True,-0.2133762720765725,0.4895737898577278,1.625998965274298
2024-11-05,2024-11-05 15:42:00,0.58,True,-0.2120842625198803,0.4890663944365224,1.6473734450922382
2024-11-05,2024-11-05 15:43:00,0.58,True,-0.205306532798758,0.4914661764969026,1.638588361392788
2024-11-05,2024-11-05 15:44:00,0.58,True,-0.1987591751307895,0.4952936417384018,1.6136496259138997
2024-11-05,2024-11-05 15:45:00,0.58,True,-0.1867400630732196,0.4986867256701251,1.5922091915849508
2024-11-05,2024-11-05 15:46:00,0.58,True,-0.1920924625738384,0.4952600031441005,1.6154831572978952
2024-11-05,2024-11-05 15:47:00,0.58,True,-0.1763667065017216,0.5004091964889089,1.6055606936298434
2024-11-05,2024-11-05 15:48:00,0.58,True,-0.1718172347206695,0.5048729983412092,1.5650096492573955
2024-11-05,2024-11-05 15:49:00,0.58,True,-0.1767593575323319,0.505162720624952,1.5633557486196743
2024-11-05,2024-11-05 15:50:00,0.58,True,-0.1847902160345647,0.5014587008020427,1.5992499468666226
2024-11-05,2024-11-05 15:51:00,0.58,True,-0.167616042494154,0.5107279293240781,1.5836821802847585
2024-11-05,2024-11-05 15:52:00,0.58,True,-0.1563056513765997,0.5183477123019586,1.5425629171613682
2024-11-05,2024-11-05 15:53:00,0.58,True,-0.1603262858995247,0.5165423420245021,1.552516559397649
2024-11-05,2024-11-05 15:54:00,0.58,True,-0.1563837691393296,0.5203073341143604,1.532046168356693
2024-11-05,2024-11-05 15:55:00,0.58,True,-0.1594771385741822,0.5174787358309263,1.557768403879015
2024-11-05,2024-11-05 15:56:00,0.58,True,-0.1601824939380486,0.5153122105484332,1.572021445468151
2024-11-05,2024-11-05 15:57:00,0.58,True,-0.1561841732029762,0.5162827357729659,1.568591025970461
2024-11-05,2024-11-05 15:58:00,0.58,True,-0.1548018373992268,0.517276733973664,1.5857798440383195
2024-11-05,2024-11-05 15:59:00,0.58,True,-0.1513093790696802,0.5193508410026966,1.5820415444703897
2024-11-05,2024-11-05 16:00:00,0.58,True,-0.1530494143113341,0.5201048683071986,1.5418626018922332
2024-11-06,2024-11-06 09:31:00,0.97,True,0.9298768624251804,1.003000539188414,0.0815144134043079
2024-11-06,2024-11-06 09:32:00,0.97,True,0.9182423067204152,1.0133357338703932,0.1506221116121634
2024-11-06,2024-11-06 09:33:00,0.97,True,0.943806901197628,1.0283279665595382,0.0472699619843838
2024-11-06,2024-11-06 09:34:00,0.97,True,0.9079731120642334,0.9848255351359092,0.2897825788548429
2024-11-06,2024-11-06 09:35:00,0.97,True,0.8754282086670642,0.972348270495286,0.3088914648579602
2024-11-06,2024-11-06 09:36:00,0.97,True,0.8143139233594576,0.954989261978691,0.4403432087600353
2024-11-06,2024-11-06 09:37:00,0.97,True,0.7921827075975059,0.9557284628857295,0.4734054079863288
2024-11-06,2024-11-06 09:38:00,0.97,True,0.731392463350867,0.948480670252835,0.5080533173718991
2024-11-06,2024-11-06 09:39:00,0.97,True,0.7151511068479194,0.9200286704760736,0.6826290576912819
2024-11-06,2024-11-06 09:40:00,0.97,True,0.6976271576293221,0.9035008048105546,0.7293041004169369
2024-11-06,2024-11-06 09:41:00,0.97,True,0.6695803318908609,0.8771266525440096,0.969780074479794
2024-11-06,2024-11-06 09:42:00,0.97,True,0.6352379148322167,0.8692543059207196,1.0085542381216086
2024-11-06,2024-11-06 09:43:00,0.97,True,0.6763137004777274,0.8827260110523045,1.0107957291961482
2024-11-06,2024-11-06 09:44:00,0.97,True,0.7390691784809991,0.9030851801171556,1.0207578464740596
2024-11-06,2024-11-06 09:45:00,0.97,True,0.7364119569991121,0.9053792541368908,1.034354141935191
2024-11-06,2024-11-06 09:46:00,0.97,True,0.7691400382603483,0.9216384861403306,1.0653677686518708
2024-11-06,2024-11-06 09:47:00,0.97,True,0.7868260317662235,0.9194355697134112,1.1601837430170698
2024-11-06,2024-11-06 09:48:00,0.97,True,0.7950180019324493,0.9215267688718431,1.108444095491723
2024-11-06,2024-11-06 09:49:00,0.97,True,0.804656934381377,0.9256858497478552,1.1206818995803776
2024-11-06,2024-11-06 09:50:00,0.97,True,0.8106052296388753,0.9234474221959726,1.1740846389653137
2024-11-06,2024-11-06 09:51:00,0.97,True,0.8223981428160924,0.9330011709205442,1.0723050857772165
2024-11-06,2024-11-06 09:52:00,0.97,True,0.8358607748511823,0.9495992675717512,1.0011293819664937
2024-11-06,2024-11-06 09:53:00,0.97,True,0.8390083567750328,0.952567486568306,1.097178845244965
2024-11-06,2024-11-06 09:54:00,0.97,True,0.8133762493347065,0.9443490444469668,1.0866888580080591
2024-11-06,2024-11-06 09:55:00,0.98,True,0.8147895829127085,0.9343258744980976,1.1530431751393668
2024-11-06,2024-11-06 09:56:00,0.97,True,0.7891606471951941,0.9221693568108288,1.187522249505206
2024-11-06,2024-11-06 09:57:00,0.97,True,0.7846428494064017,0.920482644919726,1.2020491013539467
2024-11-06,2024-11-06 09:58:00,0.97,True,0.7860654613543041,0.91839360680591,1.241386065810136
2024-11-06,2024-11-06 09:59:00,0.97,True,0.761460298919815,0.9024474503613868,1.3252493774609535
2024-11-06,2024-11-06 10:00:00,0.97,True,0.7555681693991745,0.898108064079248,1.3030159354072428
2024-11-06,2024-11-06 10:01:00,0.97,True,0.7669113892724284,0.906168502315154,1.2736388806431311
2024-11-06,2024-11-06 10:02:00,0.97,True,0.7781604614151245,0.9332495676790132,1.0526283505908245
2024-11-06,2024-11-06 10:03:00,0.97,True,0.7393480894603619,0.9222203997658924,1.0342137441904635
2024-11-06,2024-11-06 10:04:00,0.97,True,0.7472908523953972,0.9246348141132454,1.0077393324573731
2024-11-06,2024-11-06 10:05:00,0.97,True,0.7502664665289829,0.9134702545180357,1.1310422972181202
2024-11-06,2024-11-06 10:06:00,0.97,True,0.7416462419691943,0.9039922255555756,1.1497377842807457
2024-11-06,2024-11-06 10:07:00,0.97,True,0.7300669666356214,0.9029393758749458,1.1116758281145218
2024-11-06,2024-11-06 10:08:00,0.97,True,0.7560015745999971,0.908625565497371,1.0987248468814874
2024-11-06,2024-11-06 10:09:00,0.97,True,0.7320134058446958,0.9043851755126666,1.1254685588878914
2024-11-06,2024-11-06 10:10:00,0.97,True,0.6916601483796988,0.884144693747752,1.2544561100797496
2024-11-06,2024-11-06 10:11:00,0.97,True,0.6878715470337186,0.8838084268716317,1.199351897521509
2024-11-06,2024-11-06 10:12:00,0.97,True,0.6633423070493243,0.8805999364115344,1.173132153896078
2024-11-06,2024-11-06 10:13:00,0.97,True,0.7001580627895498,0.8941607092054529,1.1460661911548786
2024-11-06,2024-11-06 10:14:00,0.97,True,0.678845411726423,0.8875317790597794,1.1462305097905918
2024-11-06,2024-11-06 10:15:00,0.97,True,0.6649007204832433,0.878173198623194,1.1605228169018706
2024-11-06,2024-11-06 10:16:00,0.97,True,0.6637599523688382,0.8828311395600184,1.1230834258686435
2024-11-06,2024-11-06 10:17:00,0.97,True,0.7086754949839734,0.9003647783349427,1.0535240004279407
2024-11-06,2024-11-06 10:18:00,0.97,True,0.7026806562222646,0.9043703915815808,1.075285064824682
2024-11-06,2024-11-06 10:19:00,0.97,True,0.717667977263234,0.9083246679084188,1.0622531491621077
2024-11-06,2024-11-06 10:20:00,0.97,True,0.718128727358047,0.9170524048530506,0.9587853807808192
2024-11-06,2024-11-06 10:21:00,0.97,True,0.7406129506971352,0.9249573078664683,0.9532894004896666
2024-11-06,2024-11-06 10:22:00,0.97,True,0.7415788188774433,0.9232240361266744,0.9808152176912236
2024-11-06,2024-11-06 10:23:00,0.97,True,0.7712821983539695,0.930901325063256,0.986785015317112
2024-11-06,2024-11-06 10:24:00,0.97,True,0.7773211538970701,0.9285670145867432,1.0141836564115008
2024-11-06,2024-11-06 10:25:00,0.97,True,0.8048396564258768,0.941397644285527,0.9890814375386494
2024-11-06,2024-11-06 10:26:00,0.97,True,0.8195491604745804,0.9474598894744396,0.9443849674358308
2024-11-06,2024-11-06 10:27:00,0.97,True,0.8100131254286034,0.9557883796412716,0.8846773158520511
2024-11-06,2024-11-06 10:28:00,0.97,True,0.7920112343946168,0.9546814343544452,0.8800052619171789
2024-11-06,2024-11-06 10:29:00,0.97,True,0.792183459959604,0.9504117760458252,0.9838922718791828
2024-11-06,2024-11-06 10:30:00,0.97,True,0.8125553794504163,0.9655096695509268,0.9334510795541666
2024-11-06,2024-11-06 10:31:00,0.97,True,0.8063683816479128,0.9617764743116148,0.9940160146750624
2024-11-06,2024-11-06 10:32:00,0.97,True,0.8076426819536127,0.9641750634920968,0.9592176629290028
2024-11-06,2024-11-06 10:33:00,0.97,True,0.8225165425162249,0.976279072737214,0.8392467007649851
2024-11-06,2024-11-06 10:34:00,0.97,True,0.8231279302463248,0.9731389460390588,0.894953503711744
2024-11-06,2024-11-06 10:35:00,0.97,True,0.8339503537270938,0.976919526442882,0.9016471422773716
2024-11-06,2024-11-06 10:36:00,0.97,True,0.8573217630404927,0.9926091082549484,0.7839830512098585
2024-11-06,2024-11-06 10:37:00,0.97,True,0.8805929680527,1.00125538467074,0.738179820187725
2024-11-06,2024-11-06 10:38:00,0.97,True,0.9126599901404276,1.008690366776254,0.7239567829113673
2024-11-06,2024-11-06 10:39:00,0.97,True,0.9122329158019734,1.0096106543502965,0.7684684986453119
2024-11-06,2024-11-06 10:40:00,0.97,True,0.9235915190559874,1.0095736306440388,0.765291618468435
2024-11-06,2024-11-06 10:41:00,0.97,True,0.9106845640446248,1.0075512163296612,0.7622587940644848
2024-11-06,2024-11-06 10:42:00,0.97,True,0.9040308780508292,1.0042636550252064,0.7870634356607183
2024-11-06,2024-11-06 10:43:00,0.97,True,0.9425377281623936,1.0099176992289842,0.7902752706403491
2024-11-06,2024-11-06 10:44:00,0.97,True,0.933951398451018,1.0009077631156265,0.8304635639052085
2024-11-06,2024-11-06 10:45:00,0.97,True,0.9471818121655516,1.0062743641864351,0.8210793563321936
2024-11-06,2024-11-06 10:46:00,0.97,True,0.9468877283855726,1.0068950990945806,0.8362121939577818
2024-11-06,2024-11-06 10:47:00,0.97,True,0.9630912919852604,1.0111269557418796,0.847846880853862
2024-11-06,2024-11-06 10:48:00,0.97,True,0.9684453806591172,1.0127867985101713,0.8459332278716967
2024-11-06,2024-11-06 10:49:00,0.97,True,0.9768560733726032,1.014947952421214,0.8513168191203395
2024-11-06,2024-11-06 10:50:00,0.97,True,1.0014792642273735,1.0260686294936006,0.7920249969104609
2024-11-06,2024-11-06 10:51:00,0.97,True,1.000576935058022,1.0150792343245425,0.8790096330503797
2024-11-06,2024-11-06 10:52:00,0.97,True,0.999924110392709,1.0142128381547098,0.9016817226414272
2024-11-06,2024-11-06 10:53:00,0.97,True,0.9638907043602334,0.9990642175923738,0.9357765705914076
2024-11-06,2024-11-06 10:54:00,0.97,True,0.9460491858675296,0.9863408314789576,1.0101785177031395
2024-11-06,2024-11-06 10:55:00,0.97,True,0.9638948820507636,0.9931034513976756,0.9873969053978056
2024-11-06,2024-11-06 10:56:00,0.97,True,0.9888828711396248,1.0027001940895413,0.9321470737816308
2024-11-06,2024-11-06 10:57:00,0.97,True,1.0165293582335015,1.0021169916045982,0.9673663765294076
2024-11-06,2024-11-06 10:58:00,0.97,True,1.0217481153187025,1.0011338149983269,1.0282899894728843
2024-11-06,2024-11-06 10:59:00,0.97,True,1.039822042070949,1.012074482089674,0.9864458117576768
2024-11-06,2024-11-06 11:00:00,0.97,True,1.0585547396780757,1.0135959154334917,1.001518872982036
2024-11-06,2024-11-06 11:01:00,0.97,True,1.0582689411028705,1.0179223777976936,0.9915529012191217
2024-11-06,2024-11-06 11:02:00,0.97,True,1.0586798936336317,1.0123495918503584,1.0405011226576453
2024-11-06,2024-11-06 11:03:00,0.97,True,1.0556053739390274,1.0048657953717568,1.0776527692033155
2024-11-06,2024-11-06 11:04:00,0.97,True,1.0463998351163817,1.0005557724394436,1.1046376347348812
2024-11-06,2024-11-06 11:05:00,0.97,True,1.0810620790504823,1.0102155718347392,1.045119911910032
2024-11-06,2024-11-06 11:06:00,0.97,True,1.09545906315054,1.016877658764646,0.9695526941101512
2024-11-06,2024-11-06 11:07:00,0.97,True,1.0880939522888695,1.014846387125701,0.9976833908884586
2024-11-06,2024-11-06 11:08:00,0.97,True,1.095749259191372,1.0186627023761816,0.9983977095998338
2024-11-06,2024-11-06 11:09:00,0.97,True,1.0913322212073129,1.0133700778935677,1.0351849908230364
2024-11-06,2024-11-06 11:10:00,0.97,True,1.0767115806968128,1.01279315441207,1.0249292165699362
2024-11-06,2024-11-06 11:11:00,0.97,True,1.0635722313591114,1.0116681008189916,1.037625505513986
2024-11-06,2024-11-06 11:12:00,0.97,True,1.0395547474254043,1.0041482637739532,1.0627349274948683
2024-11-06,2024-11-06 11:13:00,0.97,True,1.0629682779341103,1.0145283967778913,1.022943956586074
2024-11-06,2024-11-06 11:14:00,0.97,True,1.0557284266692255,1.0105655874538868,1.0359073552250722
2024-11-06,2024-11-06 11:15:00,0.97,True,1.0431921790729857,1.0052004700312922,1.0412208306932669
2024-11-06,2024-11-06 11:16:00,0.97,True,1.0241689853703888,1.0012865896993637,1.0401755330578335
2024-11-06,2024-11-06 11:17:00,0.97,True,1.037463727541966,1.0051174662156324,1.0494523607097548
2024-11-06,2024-11-06 11:18:00,0.97,True,1.0133673993474266,0.9927229371942088,1.0784032733811446
2024-11-06,2024-11-06 11:19:00,0.97,True,1.0040393596477069,0.987559694362405,1.1187332012470417
2024-11-06,2024-11-06 11:20:00,0.97,True,1.014278369625144,0.9913834620843196,1.1262148027175694
2024-11-06,2024-11-06 11:21:00,0.97,True,1.0159663065802973,0.99053439255991,1.1427449490230723
2024-11-06,2024-11-06 11:22:00,0.97,True,1.0142587583128937,0.9837536252879568,1.2089630055923335
2024-11-06,2024-11-06 11:23:00,0.97,True,1.0102155553138743,0.979216782283112,1.259840254161244
2024-11-06,2024-11-06 11:24:00,0.97,True,1.0050087494232804,0.9784251453418382,1.2253592332903285
2024-11-06,2024-11-06 11:25:00,0.97,True,1.000998973319823,0.9825764659255032,1.1458752425827623
2024-11-06,2024-11-06 11:26:00,0.97,True,1.001569708365426,0.9844609768773144,1.1376966026629698
2024-11-06,2024-11-06 11:27:00,0.97,True,1.0079571365703723,0.9811362212913366,1.1779138163392404
2024-11-06,2024-11-06 11:28:00,0.97,True,1.0088488921273382,0.9754918545631373,1.2104925681061154
2024-11-06,2024-11-06 11:29:00,0.97,True,1.009655708562569,0.9713530924108812,1.21065052511688
2024-11-06,2024-11-06 11:30:00,0.97,True,0.9982301102736736,0.9658687405085038,1.2303844147127605
2024-11-06,2024-11-06 11:31:00,0.97,True,0.9950450624433078,0.9676998578255238,1.2162796137032053
2024-11-06,2024-11-06 11:32:00,0.97,True,0.9793970467806928,0.9640568471261968,1.2038276470765936
2024-11-06,2024-11-06 11:33:00,0.97,True,0.9818271900337656,0.970732254798952,1.1482985792985063
2024-11-06,2024-11-06 11:34:00,0.97,True,0.9863687952010848,0.9762318173357988,1.1386563201839572
2024-11-06,2024-11-06 11:35:00,0.97,True,0.9920999484104718,0.9776659635161876,1.147924905440759
2024-11-06,2024-11-06 11:36:00,0.97,True,0.9940109726266896,0.9825509728529088,1.1065505564885876
2024-11-06,2024-11-06 11:37:00,0.97,True,0.9890374978018792,0.9810174454186896,1.1471193593147964
2024-11-06,2024-11-06 11:38:00,0.97,True,0.965210858502501,0.96576360597691,1.1974300631958494
2024-11-06,2024-11-06 11:39:00,0.97,True,0.9851603768097316,0.9725397595655698,1.204647144922394
2024-11-06,2024-11-06 11:40:00,0.97,True,0.9895027876469996,0.9776653779377588,1.1769939449309237
2024-11-06,2024-11-06 11:41:00,0.97,True,0.9914118901908582,0.978352817857651,1.2125328733042766
2024-11-06,2024-11-06 11:42:00,0.97,True,0.993395371278206,0.981380489623934,1.206115753485938
2024-11-06,2024-11-06 11:43:00,0.97,True,0.9970553036599517,0.9825768517516584,1.1996651027966183
2024-11-06,2024-11-06 11:44:00,0.97,True,0.9968647945347652,0.9748308435604992,1.258792760992013
2024-11-06,2024-11-06 11:45:00,0.97,True,0.9953757859756618,0.9701711101587228,1.3379104942584343
2024-11-06,2024-11-06 11:46:00,0.97,True,1.0012809042224076,0.9703873751921708,1.3495185781998789
2024-11-06,2024-11-06 11:47:00,0.97,True,1.0290459761327762,0.979938795157933,1.2698410364030803
2024-11-06,2024-11-06 11:48:00,0.97,True,1.0198575413761255,0.977630853557067,1.300334299197837
2024-11-06,2024-11-06 11:49:00,0.97,True,1.0090618102813225,0.972688713440964,1.315636356957145
2024-11-06,2024-11-06 11:50:00,0.97,True,0.9974830940190798,0.968921257041657,1.335526981125603
2024-11-06,2024-11-06 11:51:00,0.97,True,0.9957886097036324,0.9730477068780576,1.2982338693091864
2024-11-06,2024-11-06 11:52:00,0.97,True,1.0097574894804326,0.9866639856666364,1.2165069693867796
2024-11-06,2024-11-06 11:53:00,0.97,True,1.0023238018433436,0.9868484403478734,1.202065416615392
2024-11-06,2024-11-06 11:54:00,0.97,True,1.0047386612362643,0.9887045377947284,1.1746786684382289
2024-11-06,2024-11-06 11:55:00,0.97,True,0.9894296964743992,0.9764488843673886,1.2481160112210117
2024-11-06,2024-11-06 11:56:00,0.97,True,1.0009083063648587,0.9769878417195008,1.2568130770501746
2024-11-06,2024-11-06 11:57:00,0.97,True,1.0151639086605335,0.9853219256219004,1.2284631132845365
2024-11-06,2024-11-06 11:58:00,0.97,True,1.004785952742156,0.9763174904619534,1.2751588144177135
2024-11-06,2024-11-06 11:59:00,0.97,True,1.0017415848055642,0.9719499575827676,1.2873622039977075
2024-11-06,2024-11-06 12:00:00,0.97,True,1.003427695079106,0.9698383854301702,1.2871846514377223
2024-11-06,2024-11-06 12:01:00,0.97,True,0.9964060640009136,0.966550761684622,1.2874732354368503
2024-11-06,2024-11-06 12:02:00,0.97,True,1.0095224334035189,0.9732524446640128,1.2836547794898212
2024-11-06,2024-11-06 12:03:00,0.97,True,1.0377843549973795,0.9873964822584772,1.1857914219772625
2024-11-06,2024-11-06 12:04:00,0.97,True,1.0417042685191982,0.9884652805859472,1.1928465360845824
2024-11-06,2024-11-06 12:05:00,0.97,True,1.0236883164040078,0.981809513936311,1.18814681984983
2024-11-06,2024-11-06 12:06:00,0.97,True,1.0273455569594525,0.9773335106113654,1.2187269069458442
2024-11-06,2024-11-06 12:07:00,0.97,True,1.0444457320755194,0.9868013517752244,1.1654874055800883
2024-11-06,2024-11-06 12:08:00,0.97,True,1.0390178372745,0.98636276038604,1.1680312197205165
2024-11-06,2024-11-06 12:09:00,0.97,True,1.0387547706552,0.9887663494073003,1.1414264926921749
2024-11-06,2024-11-06 12:10:00,0.97,True,1.0283969485378777,0.9831811838213084,1.147037717989437
2024-11-06,2024-11-06 12:11:00,0.97,True,1.0368163741642096,0.983800935596428,1.1708327919962014
2024-11-06,2024-11-06 12:12:00,0.97,True,1.0313028710949228,0.9797521647545095,1.1931654379118046
2024-11-06,2024-11-06 12:13:00,0.97,True,1.023780836356806,0.977596318924452,1.1958669615268938
2024-11-06,2024-11-06 12:14:00,0.97,True,1.0149439414224362,0.9743250873483336,1.1643089894685523
2024-11-06,2024-11-06 12:15:00,0.97,True,1.033807502354615,0.9771464682988245,1.1869382903815395
2024-11-06,2024-11-06 12:16:00,0.97,True,1.0277549037196547,0.9777419364969128,1.164677113178592
2024-11-06,2024-11-06 12:17:00,0.97,True,1.0177489776192938,0.971355454733893,1.2167340341724886
2024-11-06,2024-11-06 12:18:00,0.97,True,1.011681377491806,0.9656077566161914,1.272422487203257
2024-11-06,2024-11-06 12:19:00,0.97,True,1.0107889793689633,0.9690120662209232,1.2447510223028355
2024-11-06,2024-11-06 12:20:00,0.97,True,1.0175750287876275,0.974231719750557,1.2073865563120156
2024-11-06,2024-11-06 12:21:00,0.97,True,1.0121085779255938,0.9711499642735416,1.2160136769435426
2024-11-06,2024-11-06 12:22:00,0.97,True,1.0084010676507371,0.9682186843051276,1.22917251546535
2024-11-06,2024-11-06 12:23:00,0.97,True,1.0161386297976325,0.9680012383179768,1.2285984468665423
2024-11-06,2024-11-06 12:24:00,0.97,True,1.0331065767267429,0.9740423504021392,1.2165752381041437
2024-11-06,2024-11-06 12:25:00,0.97,True,1.0562982403144867,0.9837487448924976,1.1657711638134451
2024-11-06,2024-11-06 12:26:00,0.97,True,1.0669759264371446,0.9848457322746786,1.1578336688012076
2024-11-06,2024-11-06 12:27:00,0.97,True,1.0795915917552623,0.9854776473776774,1.1852399035164485
2024-11-06,2024-11-06 12:28:00,0.97,True,1.0791539279620213,0.9861688020394026,1.1721013796879594
2024-11-06,2024-11-06 12:29:00,0.97,True,1.0771321631739483,0.9910998653664838,1.1148218359811142
2024-11-06,2024-11-06 12:30:00,0.97,True,1.072820482354945,0.9930420401306544,1.0780296891195529
2024-11-06,2024-11-06 12:31:00,0.97,True,1.0801656120587082,0.9959332147352142,1.1009223675088322
2024-11-06,2024-11-06 12:32:00,0.97,True,1.0730348958164648,0.9905785420976458,1.139431835820728
2024-11-06,2024-11-06 12:33:00,0.97,True,1.067452982298056,0.9864318839618867,1.1460861937059523
2024-11-06,2024-11-06 12:34:00,0.97,True,1.0750928730686315,0.9879881806108252,1.1525247173856583
2024-11-06,2024-11-06 12:35:00,0.97,True,1.0791557038552246,0.9867374469906638,1.1850164856228649
2024-11-06,2024-11-06 12:36:00,0.97,True,1.0634203662526984,0.9804054107212514,1.21022857172058
2024-11-06,2024-11-06 12:37:00,0.97,True,1.0752279075459366,0.9826425653255662,1.2036368419824652
2024-11-06,2024-11-06 12:38:00,0.97,True,1.0824704328717694,0.98357459422727,1.240520386088924
2024-11-06,2024-11-06 12:39:00,0.97,True,1.083036854402455,0.9853485343438332,1.228766929279101
2024-11-06,2024-11-06 12:40:00,0.97,True,1.1022223749181552,0.9954225083875814,1.163557716690106
2024-11-06,2024-11-06 12:41:00,0.97,True,1.1061558980757906,0.994483032822129,1.1682806245559028
2024-11-06,2024-11-06 12:42:00,0.97,True,1.100159998343208,0.987100379064795,1.2010641369031585
2024-11-06,2024-11-06 12:43:00,0.97,True,1.111193880684385,0.9918313937432168,1.1731239996490468
2024-11-06,2024-11-06 12:44:00,0.97,True,1.1065445342131477,0.9937914740236178,1.143594137354492
2024-11-06,2024-11-06 12:45:00,0.97,True,1.1104761243935022,0.9942896567764834,1.129383948207159
2024-11-06,2024-11-06 12:46:00,0.97,True,1.0981500138800848,0.9880463688987376,1.1708451458340114
2024-11-06,2024-11-06 12:47:00,0.97,True,1.084946340451628,0.979937432025196,1.240190751788782
2024-11-06,2024-11-06 12:48:00,0.97,True,1.094397705504605,0.9820300902656872,1.2593717360124046
2024-11-06,2024-11-06 12:49:00,0.97,True,1.0865911540096538,0.9786924265404064,1.2827515913577088
2024-11-06,2024-11-06 12:50:00,0.97,True,1.0853746448667634,0.9783880246565576,1.2775124990254412
2024-11-06,2024-11-06 12:51:00,0.97,True,1.0833791959327477,0.9768308277859784,1.2875336601383622
2024-11-06,2024-11-06 12:52:00,0.97,True,1.0799459857845854,0.9755019750974624,1.2689388909820452
2024-11-06,2024-11-06 12:53:00,0.97,True,1.0967178615381166,0.9844503105231656,1.2273545376712895
2024-11-06,2024-11-06 12:54:00,0.97,True,1.090974867523285,0.9824544597991924,1.220808975695143
2024-11-06,2024-11-06 12:55:00,0.97,True,1.0899077309110885,0.9790399629602258,1.2358856323953658
2024-11-06,2024-11-06 12:56:00,0.97,True,1.098999997945534,0.9844043695991832,1.1920897372706454
2024-11-06,2024-11-06 12:57:00,0.97,True,1.0987216453532695,0.9836277885694996,1.1958372370321046
2024-11-06,2024-11-06 12:58:00,0.97,True,1.0972690621431886,0.9812028969247522,1.2184194087489142
2024-11-06,2024-11-06 12:59:00,0.97,True,1.1025064105908549,0.9837083845606636,1.219968210376642
2024-11-06,2024-11-06 13:00:00,0.97,True,1.0982925962407386,0.9781930392349982,1.2231726213986684
2024-11-06,2024-11-06 13:01:00,0.97,True,1.0891526643861902,0.9722525795666556,1.2475490750383855
2024-11-06,2024-11-06 13:02:00,0.97,True,1.0905291421624916,0.9762065660438386,1.2435218215006956
2024-11-06,2024-11-06 13:03:00,0.97,True,1.0896491636455974,0.976708611551572,1.2232411360071054
2024-11-06,2024-11-06 13:04:00,0.97,True,1.0817584512325071,0.9712470992756764,1.2405025345777996
2024-11-06,2024-11-06 13:05:00,0.97,True,1.0741214548980145,0.9644393123401536,1.303922505717431
2024-11-06,2024-11-06 13:06:00,0.97,True,1.072309835596609,0.963116026598897,1.31328912464046
2024-11-06,2024-11-06 13:07:00,0.97,True,1.086554761685623,0.9647904860218056,1.2952728177616504
2024-11-06,2024-11-06 13:08:00,0.97,True,1.079236542293989,0.9616880992655584,1.3351033592606976
2024-11-06,2024-11-06 13:09:00,0.97,True,1.0811891686880817,0.962872747431086,1.3429292364085634
2024-11-06,2024-11-06 13:10:00,0.97,True,1.0722445506130835,0.9632861808328704,1.325408803000709
2024-11-06,2024-11-06 13:11:00,0.97,True,1.062904853399237,0.9589994048508516,1.342934933171305
2024-11-06,2024-11-06 13:12:00,0.97,True,1.0597898465460858,0.9571393612047568,1.3626073915878598
2024-11-06,2024-11-06 13:13:00,0.97,True,1.0570239537764468,0.9531832285884992,1.3992740246095945
2024-11-06,2024-11-06 13:14:00,0.97,True,1.0629074265078216,0.9582716909636824,1.3689523648239348
2024-11-06,2024-11-06 13:15:00,0.97,True,1.0641759942066988,0.9591920427746964,1.3761235414529025
2024-11-06,2024-11-06 13:16:00,0.97,True,1.0703928498126276,0.9631251740113038,1.3497098710423736
2024-11-06,2024-11-06 13:17:00,0.97,True,1.0764351467043332,0.9646325316476572,1.3225765804518916
2024-11-06,2024-11-06 13:18:00,0.97,True,1.0744881424329706,0.9620286144954612,1.3425716564159156
2024-11-06,2024-11-06 13:19:00,0.97,True,1.06574857973509,0.9581818362794184,1.3411232967790925
2024-11-06,2024-11-06 13:20:00,0.97,True,1.0683559852499729,0.9652743335772036,1.2932265171224722
2024-11-06,2024-11-06 13:21:00,0.97,True,1.064877922424874,0.9623421264475536,1.319025838247656
2024-11-06,2024-11-06 13:22:00,0.97,True,1.0775623533259948,0.9597189985120588,1.344943425727021
2024-11-06,2024-11-06 13:23:00,0.97,True,1.075240184206122,0.952323992457047,1.3576583218468878
2024-11-06,2024-11-06 13:24:00,0.97,True,1.0783552124071976,0.9536829064192652,1.3519819965129003
2024-11-06,2024-11-06 13:25:00,0.97,True,1.087432475591488,0.9549327556269624,1.3489568959108675
2024-11-06,2024-11-06 13:26:00,0.97,True,1.0889258496469438,0.9560279837335556,1.309845084150117
2024-11-06,2024-11-06 13:27:00,0.97,True,1.090844654025405,0.9567646717497612,1.2932759041064288
2024-11-06,2024-11-06 13:28:00,0.97,True,1.0874742286673116,0.9569755841670344,1.2863608457708422
2024-11-06,2024-11-06 13:29:00,0.97,True,1.0789535915009487,0.952573936222146,1.3107387444152967
2024-11-06,2024-11-06 13:30:00,0.97,True,1.074840755717255,0.95419217612556,1.2760239395745498
2024-11-06,2024-11-06 13:31:00,0.97,True,1.0815059777389222,0.9573383818759428,1.2465900201985614
2024-11-06,2024-11-06 13:32:00,0.97,True,1.0850397681818922,0.958112677415866,1.2507469179069706
2024-11-06,2024-11-06 13:33:00,0.97,True,1.0936050611072414,0.9603063798561348,1.2463154241645
2024-11-06,2024-11-06 13:34:00,0.97,True,1.0910445439363428,0.96035774488407,1.252208933206003
2024-11-06,2024-11-06 13:35:00,0.97,True,1.087567871847551,0.9545050839097664,1.2956909447991878
2024-11-06,2024-11-06 13:36:00,0.97,True,1.0751664362974975,0.9470689508039836,1.3071326683632134
2024-11-06,2024-11-06 13:37:00,0.97,True,1.0575081557135446,0.9388929374171068,1.3569613488663488
2024-11-06,2024-11-06 13:38:00,0.97,True,1.0513121732670454,0.93883778434808,1.3560905555913445
2024-11-06,2024-11-06 13:39:00,0.97,True,1.0605383500253498,0.943393118809712,1.3411471964340809
2024-11-06,2024-11-06 13:40:00,0.97,True,1.0634584797323658,0.9461686709072265,1.350066666467179
2024-11-06,2024-11-06 13:41:00,0.97,True,1.0531421335217506,0.9431330853802792,1.3912105834254207
2024-11-06,2024-11-06 13:42:00,0.97,True,1.050908095207977,0.939202773060866,1.4315332154025138
2024-11-06,2024-11-06 13:43:00,0.97,True,1.0584636622913324,0.9381603732907464,1.4377398211568926
2024-11-06,2024-11-06 13:44:00,0.97,True,1.0577215914153657,0.939182634537512,1.433627367876419
2024-11-06,2024-11-06 13:45:00,0.97,True,1.0590559385029736,0.941193476604695,1.418104536203262
2024-11-06,2024-11-06 13:46:00,0.97,True,1.0625255403282097,0.9437831430472786,1.4152789435441124
2024-11-06,2024-11-06 13:47:00,0.97,True,1.060984946523033,0.9490674538009792,1.3749454137641124
2024-11-06,2024-11-06 13:48:00,0.97,True,1.0693880883931914,0.9536924589519772,1.3765331334855564
2024-11-06,2024-11-06 13:49:00,0.97,True,1.082162181321747,0.9627205938522472,1.3354506181039534
2024-11-06,2024-11-06 13:50:00,0.97,True,1.0738547381157653,0.9597500111279488,1.3484961685725343
2024-11-06,2024-11-06 13:51:00,0.97,True,1.0644861228849312,0.956832631356102,1.356569527014852
2024-11-06,2024-11-06 13:52:00,0.97,True,1.0599380505072484,0.9571115978206596,1.3622640139017974
2024-11-06,2024-11-06 13:53:00,0.97,True,1.0541466694826778,0.9555302236353986,1.3571982882496052
2024-11-06,2024-11-06 13:54:00,0.97,True,1.0538032394825805,0.9525562331093728,1.3824938501125543
2024-11-06,2024-11-06 13:55:00,0.97,True,1.062908468421809,0.9605305535906264,1.310298413998072
2024-11-06,2024-11-06 13:56:00,0.97,True,1.070082383002153,0.9654197757873024,1.2464770088220287
2024-11-06,2024-11-06 13:57:00,0.97,True,1.0634857160976017,0.9686892298797892,1.2073431079181864
2024-11-06,2024-11-06 13:58:00,0.97,True,1.0676043727114728,0.9736102434359064,1.1820988573677935
2024-11-06,2024-11-06 13:59:00,0.97,True,1.071764626274974,0.973979413621475,1.172949710598728
2024-11-06,2024-11-06 14:00:00,0.97,True,1.07324134125926,0.9744932844994068,1.18331064240894
2024-11-06,2024-11-06 14:01:00,0.97,True,1.071652503387032,0.973652174340878,1.1741610533525992
2024-11-06,2024-11-06 14:02:00,0.97,True,1.0580207189877022,0.9714295389368076,1.1784509344435976
2024-11-06,2024-11-06 14:03:00,0.97,True,1.0536110539673542,0.974573706992653,1.1600900638823968
2024-11-06,2024-11-06 14:04:00,0.97,True,1.0647473206743403,0.977964455703431,1.1485989439776207
2024-11-06,2024-11-06 14:05:00,0.97,True,1.0671349213329346,0.9773616917589104,1.185162526331845
2024-11-06,2024-11-06 14:06:00,0.97,True,1.050866050916554,0.9692683855593058,1.2115254917677905
2024-11-06,2024-11-06 14:07:00,0.97,True,1.0444473126551967,0.9654474116292197,1.242998096063975
2024-11-06,2024-11-06 14:08:00,0.97,True,1.038195331868348,0.9639483038759852,1.22744919287015
2024-11-06,2024-11-06 14:09:00,0.97,True,1.037891756267336,0.964417786118422,1.2319720501350186
2024-11-06,2024-11-06 14:10:00,0.97,True,1.0194281663906422,0.95867431882087,1.2523214880280535
2024-11-06,2024-11-06 14:11:00,0.97,True,1.016091569635568,0.9539408161537476,1.2788329172624155
2024-11-06,2024-11-06 14:12:00,0.97,True,1.0267888900119495,0.9600812621079332,1.266510911135596
2024-11-06,2024-11-06 14:13:00,0.97,True,1.018615598606139,0.9617138883362576,1.259051042931488
2024-11-06,2024-11-06 14:14:00,0.97,True,0.998566553997622,0.9573608155004196,1.2691674690066317
2024-11-06,2024-11-06 14:15:00,0.97,True,1.0009927890346957,0.9601597358701244,1.2502079770703158
2024-11-06,2024-11-06 14:16:00,0.97,True,0.9804635775212422,0.9515132576368536,1.2674007668978664
2024-11-06,2024-11-06 14:17:00,0.97,True,0.9899937750268308,0.9546165812706656,1.269794888387786
2024-11-06,2024-11-06 14:18:00,0.97,True,0.9971436231941488,0.9548339070209368,1.2942536664083453
2024-11-06,2024-11-06 14:19:00,0.97,True,0.9896161635379236,0.952849424564435,1.297285927449907
2024-11-06,2024-11-06 14:20:00,0.97,True,0.9814467886378688,0.9482560224367544,1.3436551958725953
2024-11-06,2024-11-06 14:21:00,0.97,True,0.9887419789988529,0.951022721989354,1.3313605175167813
2024-11-06,2024-11-06 14:22:00,0.97,True,0.9836055421143935,0.9512672076751708,1.310713657941674
2024-11-06,2024-11-06 14:23:00,0.97,True,0.9840369890101004,0.952399455449788,1.2937510350810475
2024-11-06,2024-11-06 14:24:00,0.97,True,0.9873164279516732,0.95388323219418,1.2921539613820976
2024-11-06,2024-11-06 14:25:00,0.97,True,0.9905611002406408,0.9571160543088146,1.2715554319462212
2024-11-06,2024-11-06 14:26:00,0.97,True,0.9912017265005169,0.957778982080168,1.2627568363050332
2024-11-06,2024-11-06 14:27:00,0.97,True,0.9855839129307756,0.9598410112079934,1.2217083987301876
2024-11-06,2024-11-06 14:28:00,0.97,True,0.9886238765606644,0.961833129322013,1.2179525297750462
2024-11-06,2024-11-06 14:29:00,0.97,True,0.9966032330118516,0.9632870948472854,1.2056808285123657
2024-11-06,2024-11-06 14:30:00,0.97,True,1.0059697063671502,0.9682035875766088,1.197717558525336
2024-11-06,2024-11-06 14:31:00,0.97,True,0.999688410756209,0.9645914554725612,1.25186417354314
2024-11-06,2024-11-06 14:32:00,0.97,True,1.0069357785396629,0.9662238487613346,1.2456368093271477
2024-11-06,2024-11-06 14:33:00,0.97,True,1.0144818870409158,0.9646403978718998,1.2479889218211977
2024-11-06,2024-11-06 14:34:00,0.97,True,1.0138320402199326,0.9669499947261048,1.2333819486282156
2024-11-06,2024-11-06 14:35:00,0.97,True,1.0141824167713012,0.96960886928393,1.1983393026457447
2024-11-06,2024-11-06 14:36:00,0.97,True,1.0145225664385684,0.970290412356328,1.1966309752939444
2024-11-06,2024-11-06 14:37:00,0.97,True,1.0140561068446068,0.9710107859788946,1.1709678375318064
2024-11-06,2024-11-06 14:38:00,0.97,True,1.0215749484100722,0.9744665388078164,1.1329657042934982
2024-11-06,2024-11-06 14:39:00,0.97,True,1.0253739103397443,0.9744479347040224,1.1098776861110202
2024-11-06,2024-11-06 14:40:00,0.97,True,1.030947579773813,0.9791978002702556,1.0682038739484097
2024-11-06,2024-11-06 14:41:00,0.97,True,1.0417287064978067,0.9855986340065266,1.05241888829666
2024-11-06,2024-11-06 14:42:00,0.97,True,1.0471930606990945,0.9863566597024112,1.0605866613430115
2024-11-06,2024-11-06 14:43:00,0.97,True,1.041087488079755,0.9800574896326756,1.0997261581677649
2024-11-06,2024-11-06 14:44:00,0.97,True,1.0464659069969753,0.98168660828761,1.0728108105171046
2024-11-06,2024-11-06 14:45:00,0.97,True,1.0504269525417356,0.984356767492098,1.047508535297814
2024-11-06,2024-11-06 14:46:00,0.97,True,1.042780300005443,0.9814507383125814,1.0469583002355962
2024-11-06,2024-11-06 14:47:00,0.97,True,1.042677133391391,0.9802298661951584,1.0749023886063285
2024-11-06,2024-11-06 14:48:00,0.97,True,1.0372588304366326,0.9776079882626204,1.087556242331522
2024-11-06,2024-11-06 14:49:00,0.97,True,1.0407656877116884,0.97721793066038,1.095552367325196
2024-11-06,2024-11-06 14:50:00,0.97,True,1.0411624823885008,0.976187378980951,1.1043467552208368
2024-11-06,2024-11-06 14:51:00,0.97,True,1.041303797140377,0.9761512135010116,1.120386678719864
2024-11-06,2024-11-06 14:52:00,0.97,True,1.048432809415189,0.9792683574101488,1.1241672577791135
2024-11-06,2024-11-06 14:53:00,0.97,True,1.0506052645189126,0.9801911409657064,1.1234189338333929
2024-11-06,2024-11-06 14:54:00,0.97,True,1.0420559583249105,0.9758246580905874,1.1430416507474546
2024-11-06,2024-11-06 14:55:00,0.97,True,1.0408626467313744,0.9748672740453488,1.1399740666200913
2024-11-06,2024-11-06 14:56:00,0.97,True,1.0496394932103694,0.9803524442716872,1.1259886618203854
2024-11-06,2024-11-06 14:57:00,0.97,True,1.0534118579145686,0.9785642071579124,1.15358859138124
2024-11-06,2024-11-06 14:58:00,0.97,True,1.047603072833558,0.9760703089919188,1.1796526675224308
2024-11-06,2024-11-06 14:59:00,0.97,True,1.048583821692852,0.9782390033781408,1.160094886967295
2024-11-06,2024-11-06 15:00:00,0.97,True,1.0507648582977331,0.9834510904694098,1.1288299591542414
2024-11-06,2024-11-06 15:01:00,0.97,True,1.0486226308864357,0.983316250485119,1.121579546726993
2024-11-06,2024-11-06 15:02:00,0.97,True,1.057810496444788,0.9881980957843044,1.0975282416712335
2024-11-06,2024-11-06 15:03:00,0.97,True,1.0502919878516377,0.9866942616222084,1.102229547824899
2024-11-06,2024-11-06 15:04:00,0.97,True,1.0535950124247326,0.988000419194794,1.0980124876592163
2024-11-06,2024-11-06 15:05:00,0.97,True,1.0597123760151947,0.996018130115855,1.056365382064046
2024-11-06,2024-11-06 15:06:00,0.97,True,1.0519461814659727,0.9940563006879242,1.076989870427885
2024-11-06,2024-11-06 15:07:00,0.97,True,1.045605485925079,0.9918734853289402,1.083580559142296
2024-11-06,2024-11-06 15:08:00,0.97,True,1.0451877064659194,0.99260752329675,1.0690695150530318
2024-11-06,2024-11-06 15:09:00,0.97,True,1.045997807694532,0.990157329264436,1.0833203319717393
2024-11-06,2024-11-06 15:10:00,0.97,True,1.044234799302803,0.9919901993609326,1.0630675058587502
2024-11-06,2024-11-06 15:11:00,0.97,True,1.037314511232719,0.9887835490777496,1.0890154242859051
2024-11-06,2024-11-06 15:12:00,0.97,True,1.0339626675396405,0.9902841942825024,1.0797774787790742
2024-11-06,2024-11-06 15:13:00,0.97,True,1.0411328935298327,0.9921829068593848,1.0699047823200505
2024-11-06,2024-11-06 15:14:00,0.97,True,1.0432823425227995,0.9935528069283964,1.0508717333833424
2024-11-06,2024-11-06 15:15:00,0.97,True,1.0516849048118757,1.000169703825677,1.0052157112065796
2024-11-06,2024-11-06 15:16:00,0.97,True,1.047523490998029,0.9924140972956592,1.0734476061154297
2024-11-06,2024-11-06 15:17:00,0.97,True,1.0617387803660647,0.997077322529954,1.0703198502788362
2024-11-06,2024-11-06 15:18:00,0.97,True,1.0591459342517555,0.992262394279796,1.1209430430617793
2024-11-06,2024-11-06 15:19:00,0.97,True,1.0578445488026762,0.9949141210011556,1.0937303367401248
2024-11-06,2024-11-06 15:20:00,0.97,True,1.061817189033483,1.0024228145635246,1.0526367124554217
2024-11-06,2024-11-06 15:21:00,0.97,True,1.062697109257494,1.0013180693254813,1.0557797947021388
2024-11-06,2024-11-06 15:22:00,0.97,True,1.0704509569342664,1.0079485589487385,1.0384080389316808
2024-11-06,2024-11-06 15:23:00,0.97,True,1.075879942793169,1.0133979551922658,0.9843585685440104
2024-11-06,2024-11-06 15:24:00,0.97,True,1.0678801067270232,1.0057382861886668,1.0262357527910182
2024-11-06,2024-11-06 15:25:00,0.97,True,1.0701263654286337,1.005337672447978,1.054933772478151
2024-11-06,2024-11-06 15:26:00,0.97,True,1.058313543642185,1.0065599463602724,1.019334458292373
2024-11-06,2024-11-06 15:27:00,0.97,True,1.050423748355909,1.0076961669486315,0.9810176903859048
2024-11-06,2024-11-06 15:28:00,0.97,True,1.0488070756775785,1.0058498385730794,0.9934697512941402
2024-11-06,2024-11-06 15:29:00,0.97,True,1.0475629561415458,1.0046378858473506,1.0106098823519414
2024-11-06,2024-11-06 15:30:00,0.97,True,1.0512442366149612,1.0071504500328792,1.0075331346197278
2024-11-06,2024-11-06 15:31:00,0.97,True,1.0470560201778725,1.0054926916447535,1.0254890686900224
2024-11-06,2024-11-06 15:32:00,0.97,True,1.04384683058897,1.0074919453789997,0.9867665503737088
2024-11-06,2024-11-06 15:33:00,0.97,True,1.048508094707208,1.007422458746772,0.9876381241869678
2024-11-06,2024-11-06 15:34:00,0.97,True,1.0592961277081847,1.0071165370392483,1.0019072581106598
2024-11-06,2024-11-06 15:35:00,0.97,True,1.0497812643461195,1.003198735700543,0.99702563927353
2024-11-06,2024-11-06 15:36:00,0.97,True,1.030252168147774,0.99409626745182,1.030861668811819
2024-11-06,2024-11-06 15:37:00,0.97,True,1.0204710737389584,0.9884872113349252,1.057902880814752
2024-11-06,2024-11-06 15:38:00,0.97,True,1.0297006350474456,0.9966651360342332,1.0055649829110571
2024-11-06,2024-11-06 15:39:00,0.97,True,1.0360808716311198,0.999930159327552,0.9658616364057993
2024-11-06,2024-11-06 15:40:00,0.97,True,1.038752987045177,0.9985254681655074,0.9963186472432944
2024-11-06,2024-11-06 15:41:00,0.97,True,1.040203583766668,0.9993744521142336,1.0041636755483974
2024-11-06,2024-11-06 15:42:00,0.97,True,1.037463686635998,1.0028225533803394,0.9798251107373674
2024-11-06,2024-11-06 15:43:00,0.97,True,1.0319066364535718,1.005453490693723,0.9683229461800004
2024-11-06,2024-11-06 15:44:00,0.97,True,1.0349715301623863,1.0038468920397976,1.003631650696714
2024-11-06,2024-11-06 15:45:00,0.97,True,1.0305600853476622,1.0032862487416203,1.0069749702743145
2024-11-06,2024-11-06 15:46:00,0.97,True,1.029597505380431,1.0034026734709822,1.0208348350446534
2024-11-06,2024-11-06 15:47:00,0.97,True,1.0334193586418747,1.0060331650853296,1.0080917599903714
2024-11-06,2024-11-06 15:48:00,0.97,True,1.048381749672881,1.01158115830521,0.9770879343974468
2024-11-06,2024-11-06 15:49:00,0.97,True,1.0525336508646603,1.0113440251648018,0.9936555146068256
2024-11-06,2024-11-06 15:50:00,0.97,True,1.0508151309024354,1.01089611473775,0.9654040399259768
2024-11-06,2024-11-06 15:51:00,0.97,True,1.045228663807163,1.009749870700237,0.959681716435927
2024-11-06,2024-11-06 15:52:00,0.97,True,1.0484503405977428,1.0084468259549828,1.014843885403695
2024-11-06,2024-11-06 15:53:00,0.97,True,1.047285341811243,1.0079094952243055,1.053144462120504
2024-11-06,2024-11-06 15:54:00,0.97,True,1.0307632199729386,0.9996810868923888,1.083517495042744
2024-11-06,2024-11-06 15:55:00,0.97,True,1.0337749030268584,0.9996779691475866,1.1284895052055914
2024-11-06,2024-11-06 15:56:00,0.97,True,1.0161346231520956,0.9969018545517974,1.1021347490677926
2024-11-06,2024-11-06 15:57:00,0.97,True,1.0101247166613296,1.001475681359625,1.046653027634839
2024-11-06,2024-11-06 15:58:00,0.97,True,1.0104245342158489,1.0050246029520689,1.0142085947214992
2024-11-06,2024-11-06 15:59:00,0.97,True,1.012430180984501,1.0047757844686698,1.0059349687319217
2024-11-06,2024-11-06 16:00:00,0.97,True,1.0,1.0,1.0
