minute,implied_p,kalshi
2024-10-04 09:39:00,0.49,0.49
2024-10-04 09:40:00,0.48960434555838916,0.49
2024-10-04 09:41:00,0.4914881952124335,0.49
2024-10-04 09:42:00,0.49035564235096385,0.49
2024-10-04 09:43:00,0.49432913371697684,0.49
2024-10-04 09:44:00,0.4946646397444374,0.5
2024-10-04 09:45:00,0.49090696287064284,0.5
2024-10-04 09:46:00,0.49392406939715516,0.5
2024-10-04 09:47:00,0.49269980596729046,0.5
2024-10-04 09:48:00,0.4913303449401558,0.5
2024-10-04 09:49:00,0.49138974447282746,0.5
2024-10-04 09:50:00,0.4945885635485927,0.5
2024-10-04 09:51:00,0.49406336476893453,0.5
2024-10-04 09:52:00,0.49556710212514443,0.5
2024-10-04 09:53:00,0.49644928320115045,0.5
2024-10-04 09:54:00,0.4983058855377409,0.5
2024-10-04 09:55:00,0.49850624011588196,0.49
2024-10-04 09:56:00,0.5036997100711715,0.49
2024-10-04 09:57:00,0.504874297701112,0.49
2024-10-04 09:58:00,0.5046627437221696,0.49
2024-10-04 09:59:00,0.5082014486630151,0.49
2024-10-04 10:00:00,0.5063373989658582,0.49
2024-10-04 10:01:00,0.5060367941833641,0.49
2024-10-04 10:02:00,0.5042019755049931,0.49
2024-10-04 10:03:00,0.5033781305231277,0.49
2024-10-04 10:04:00,0.5021448531816206,0.49
2024-10-04 10:05:00,0.5035313906121168,0.49
2024-10-04 10:06:00,0.504849728247051,0.49
2024-10-04 10:07:00,0.5066883025841336,0.5
2024-10-04 10:08:00,0.5094190463250083,0.49
2024-10-04 10:09:00,0.5119884589731531,0.49
2024-10-04 10:10:00,0.5120350617664633,0.5
2024-10-04 10:11:00,0.5099760682664483,0.5
2024-10-04 10:12:00,0.5107943191141626,0.5
2024-10-04 10:13:00,0.5092380372484511,0.5
2024-10-04 10:14:00,0.5103969321331407,0.5
2024-10-04 10:15:00,0.5093632225141682,0.5
2024-10-04 10:16:00,0.5069616118282656,0.5
2024-10-04 10:17:00,0.5041794390748742,0.5
2024-10-04 10:18:00,0.5051107618414357,0.5
2024-10-04 10:19:00,0.5057147137672982,0.5
2024-10-04 10:20:00,0.5074853808808546,0.5
2024-10-04 10:21:00,0.5081006594374788,0.5
2024-10-04 10:22:00,0.5085022123310894,0.5
2024-10-04 10:23:00,0.511643427324459,0.5
2024-10-04 10:24:00,0.509864513623463,0.5
2024-10-04 10:25:00,0.5098970401117147,0.5
2024-10-04 10:26:00,0.5102155601263065,0.5
2024-10-04 10:27:00,0.5107932021179897,0.5
2024-10-04 10:28:00,0.510933613765767,0.5
2024-10-04 10:29:00,0.5112440641949056,0.5
2024-10-04 10:30:00,0.5102888645984616,0.5
2024-10-04 10:31:00,0.5110299414980075,0.5
2024-10-04 10:32:00,0.5088361674432342,0.49
2024-10-04 10:33:00,0.5105944685855992,0.49
2024-10-04 10:34:00,0.5100542226110043,0.5
2024-10-04 10:35:00,0.5092828418248552,0.5
2024-10-04 10:36:00,0.5089136401542083,0.5
2024-10-04 10:37:00,0.5094816100955402,0.5
2024-10-04 10:38:00,0.5084761181478579,0.5
2024-10-04 10:39:00,0.5085779305041818,0.5
2024-10-04 10:40:00,0.5054380044638094,0.5
2024-10-04 10:41:00,0.5057980719212358,0.5
2024-10-04 10:42:00,0.5054380688254498,0.49
2024-10-04 10:43:00,0.5034354427885381,0.49
2024-10-04 10:44:00,0.5023435230875462,0.49
2024-10-04 10:45:00,0.5030384752257333,0.5
2024-10-04 10:46:00,0.5021028936934042,0.5
2024-10-04 10:47:00,0.5044964127475302,0.49
2024-10-04 10:48:00,0.5053282248003625,0.49
2024-10-04 10:49:00,0.5055771462409606,0.5
2024-10-04 10:50:00,0.5037323131904368,0.5
2024-10-04 10:51:00,0.5037925008818849,0.5
2024-10-04 10:52:00,0.5019874957402244,0.5
2024-10-04 10:53:00,0.5031829734083073,0.5
2024-10-04 10:54:00,0.5032949279760695,0.49
2024-10-04 10:55:00,0.5036099955014912,0.49
2024-10-04 10:56:00,0.5038831747975505,0.49
2024-10-04 10:57:00,0.5054283199134606,0.49
2024-10-04 10:58:00,0.5037759390603169,0.49
2024-10-04 10:59:00,0.5033562994417127,0.5
2024-10-04 11:00:00,0.5029594740805805,0.5
2024-10-04 11:01:00,0.5010035513839639,0.5
2024-10-04 11:02:00,0.5006247442181013,0.5
2024-10-04 11:03:00,0.5002989069615891,0.5
2024-10-04 11:04:00,0.5015800882605752,0.5
2024-10-04 11:05:00,0.5017190670747935,0.5
2024-10-04 11:06:00,0.5016385193360893,0.5
2024-10-04 11:07:00,0.5024992357260574,0.5
2024-10-04 11:08:00,0.5022862691009988,0.49
2024-10-04 11:09:00,0.503100211700527,0.49
2024-10-04 11:10:00,0.5014404708057569,0.49
2024-10-04 11:11:00,0.5016538879354655,0.5
2024-10-04 11:12:00,0.5027797773217755,0.5
2024-10-04 11:13:00,0.5053852804920391,0.5
2024-10-04 11:14:00,0.5066122736729695,0.5
2024-10-04 11:15:00,0.5065324282783694,0.5
2024-10-04 11:16:00,0.5067835575708035,0.5
2024-10-04 11:17:00,0.504705623986615,0.5
2024-10-04 11:18:00,0.5044440567612589,0.5
2024-10-04 11:19:00,0.5054521368265317,0.5
2024-10-04 11:20:00,0.5062274974510925,0.5
2024-10-04 11:21:00,0.505876127081107,0.5
2024-10-04 11:22:00,0.5078544030450745,0.5
2024-10-04 11:23:00,0.5077156524691586,0.5
2024-10-04 11:24:00,0.507450257874299,0.5
2024-10-04 11:25:00,0.5084368702172843,0.49
2024-10-04 11:26:00,0.5089034982769889,0.49
2024-10-04 11:27:00,0.5098920312668136,0.49
2024-10-04 11:28:00,0.507826912456981,0.49
2024-10-04 11:29:00,0.5070562419521829,0.5
2024-10-04 11:30:00,0.5086648972810355,0.5
2024-10-04 11:31:00,0.5085370079254805,0.5
2024-10-04 11:32:00,0.5074083621749017,0.5
2024-10-04 11:33:00,0.5062495066699528,0.5
2024-10-04 11:34:00,0.5048046839724127,0.49
2024-10-04 11:35:00,0.5051037333124928,0.49
2024-10-04 11:36:00,0.5047596599364932,0.49
2024-10-04 11:37:00,0.5033924159893128,0.49
2024-10-04 11:38:00,0.5027321521870773,0.49
2024-10-04 11:39:00,0.5025175437323164,0.49
2024-10-04 11:40:00,0.501587866547734,0.49
2024-10-04 11:41:00,0.5011515766967023,0.49
2024-10-04 11:42:00,0.5010211643896765,0.49
2024-10-04 11:43:00,0.5022316461222276,0.5
2024-10-04 11:44:00,0.5024028664652718,0.49
2024-10-04 11:45:00,0.5030924949570081,0.49
2024-10-04 11:46:00,0.5030181981106459,0.49
2024-10-04 11:47:00,0.5040241118068638,0.49
2024-10-04 11:48:00,0.506255847748234,0.49
2024-10-04 11:49:00,0.5083807312201365,0.49
2024-10-04 11:50:00,0.5072119569791795,0.49
2024-10-04 11:51:00,0.5052143166703693,0.49
2024-10-04 11:52:00,0.5038553369715035,0.49
2024-10-04 11:53:00,0.5025769553892581,0.5
2024-10-04 11:54:00,0.5020827652351707,0.49
2024-10-04 11:55:00,0.5019644309584026,0.49
2024-10-04 11:56:00,0.5006409188787042,0.49
2024-10-04 11:57:00,0.5016595934014407,0.49
2024-10-04 11:58:00,0.5011026373561747,0.49
2024-10-04 11:59:00,0.4999630927253367,0.49
2024-10-04 12:00:00,0.4989604174346012,0.49
2024-10-04 12:01:00,0.4987052217419692,0.49
2024-10-04 12:02:00,0.4991532517805026,0.5
2024-10-04 12:03:00,0.5000702131710517,0.5
2024-10-04 12:04:00,0.4996720788849405,0.49
2024-10-04 12:05:00,0.501629188911844,0.49
2024-10-04 12:06:00,0.5016113593770786,0.49
2024-10-04 12:07:00,0.5018510089535348,0.49
2024-10-04 12:08:00,0.5039636072172822,0.49
2024-10-04 12:09:00,0.5051066180810488,0.5
2024-10-04 12:10:00,0.5051139586689766,0.49
2024-10-04 12:11:00,0.5031645942223031,0.49
2024-10-04 12:12:00,0.5035374038252922,0.49
2024-10-04 12:13:00,0.5041991901745873,0.49
2024-10-04 12:14:00,0.5047055193852723,0.49
2024-10-04 12:15:00,0.5044737173882925,0.49
2024-10-04 12:16:00,0.5044953552353142,0.49
2024-10-04 12:17:00,0.504618731391725,0.49
2024-10-04 12:18:00,0.5051273297086751,0.5
2024-10-04 12:19:00,0.5041424239001413,0.5
2024-10-04 12:20:00,0.5028362689505526,0.49
2024-10-04 12:21:00,0.5034189435583587,0.49
2024-10-04 12:22:00,0.5060217746332281,0.5
2024-10-04 12:23:00,0.5062031546720844,0.5
2024-10-04 12:24:00,0.507080708874321,0.5
2024-10-04 12:25:00,0.5073078212835551,0.5
2024-10-04 12:26:00,0.5061220581433001,0.5
2024-10-04 12:27:00,0.5050147668307401,0.5
2024-10-04 12:28:00,0.5053627657817381,0.5
2024-10-04 12:29:00,0.5059696515643528,0.5
2024-10-04 12:30:00,0.5062710395311065,0.5
2024-10-04 12:31:00,0.505989742355591,0.5
2024-10-04 12:32:00,0.5044398174765592,0.5
2024-10-04 12:33:00,0.504544526543927,0.5
2024-10-04 12:34:00,0.5048979041468609,0.5
2024-10-04 12:35:00,0.5028578194082087,0.5
2024-10-04 12:36:00,0.5015294682975486,0.5
2024-10-04 12:37:00,0.5007383271035615,0.5
2024-10-04 12:38:00,0.4989939999302486,0.5
2024-10-04 12:39:00,0.498233285512131,0.5
2024-10-04 12:40:00,0.4988516511409615,0.5
2024-10-04 12:41:00,0.49935978269187253,0.5
2024-10-04 12:42:00,0.4985062412118084,0.5
2024-10-04 12:43:00,0.49677673303771797,0.5
2024-10-04 12:44:00,0.49737379513055946,0.5
2024-10-04 12:45:00,0.49723495116847993,0.5
2024-10-04 12:46:00,0.49785214085101637,0.5
2024-10-04 12:47:00,0.49869224597142314,0.5
2024-10-04 12:48:00,0.4994116759136442,0.5
2024-10-04 12:49:00,0.4998187031165562,0.5
2024-10-04 12:50:00,0.5009959238753632,0.5
2024-10-04 12:51:00,0.5017822930902882,0.5
2024-10-04 12:52:00,0.501586050723841,0.5
2024-10-04 12:53:00,0.501188091464497,0.5
2024-10-04 12:54:00,0.5018300613677977,0.5
2024-10-04 12:55:00,0.5007160686348222,0.5
2024-10-04 12:56:00,0.501396914755255,0.5
2024-10-04 12:57:00,0.5019141795809265,0.5
2024-10-04 12:58:00,0.5020561825495513,0.5
2024-10-04 12:59:00,0.5037660611891954,0.5
2024-10-04 13:00:00,0.5031106538893806,0.5
2024-10-04 13:01:00,0.5031688206925302,0.5
2024-10-04 13:02:00,0.5038722071457002,0.5
2024-10-04 13:03:00,0.5039407969172462,0.5
2024-10-04 13:04:00,0.5037656623543814,0.5
2024-10-04 13:05:00,0.5046975901542552,0.5
2024-10-04 13:06:00,0.5052762634705588,0.5
2024-10-04 13:07:00,0.5048724553310941,0.49
2024-10-04 13:08:00,0.5063179720763602,0.49
2024-10-04 13:09:00,0.5066754887230089,0.49
2024-10-04 13:10:00,0.5047035840792164,0.49
2024-10-04 13:11:00,0.504374338649624,0.49
2024-10-04 13:12:00,0.5038656995822566,0.49
2024-10-04 13:13:00,0.5042009703861423,0.49
2024-10-04 13:14:00,0.5037001079044303,0.5
2024-10-04 13:15:00,0.5031449411306037,0.49
2024-10-04 13:16:00,0.5016750442814988,0.5
2024-10-04 13:17:00,0.5016568674671193,0.5
2024-10-04 13:18:00,0.5014153598830082,0.5
2024-10-04 13:19:00,0.5017794431892246,0.5
2024-10-04 13:20:00,0.5026298116322125,0.5
2024-10-04 13:21:00,0.5020844630007415,0.5
2024-10-04 13:22:00,0.501660807554863,0.5
2024-10-04 13:23:00,0.5026431327184737,0.5
2024-10-04 13:24:00,0.5029268783639951,0.5
2024-10-04 13:25:00,0.5029836106293801,0.5
2024-10-04 13:26:00,0.5026327907478099,0.5
2024-10-04 13:27:00,0.5028082406515282,0.5
2024-10-04 13:28:00,0.5026493621535397,0.5
2024-10-04 13:29:00,0.5041080184767999,0.5
2024-10-04 13:30:00,0.5037068810585572,0.5
2024-10-04 13:31:00,0.5031861398324626,0.5
2024-10-04 13:32:00,0.5026488933246622,0.5
2024-10-04 13:33:00,0.5037900597411282,0.5
2024-10-04 13:34:00,0.5043596377721034,0.5
2024-10-04 13:35:00,0.5046214233221151,0.5
2024-10-04 13:36:00,0.5049640968130553,0.5
2024-10-04 13:37:00,0.5059657341782511,0.5
2024-10-04 13:38:00,0.5055245212199735,0.5
2024-10-04 13:39:00,0.5038727698316483,0.5
2024-10-04 13:40:00,0.5038425307809995,0.49
2024-10-04 13:41:00,0.5036039488244726,0.49
2024-10-04 13:42:00,0.5020907198802267,0.49
2024-10-04 13:43:00,0.5001719475867177,0.49
2024-10-04 13:44:00,0.5001372264129207,0.49
2024-10-04 13:45:00,0.5013183693439431,0.49
2024-10-04 13:46:00,0.5010626746403901,0.49
2024-10-04 13:47:00,0.502175974953196,0.5
2024-10-04 13:48:00,0.5028141091395784,0.5
2024-10-04 13:49:00,0.503939694848915,0.49
2024-10-04 13:50:00,0.5036843409277816,0.49
2024-10-04 13:51:00,0.5040587290508955,0.49
2024-10-04 13:52:00,0.5049014861766576,0.49
2024-10-04 13:53:00,0.5053838906260768,0.49
2024-10-04 13:54:00,0.5055050791563078,0.49
2024-10-04 13:55:00,0.5057369403963767,0.49
2024-10-04 13:56:00,0.5061866050887567,0.49
2024-10-04 13:57:00,0.5062460677345,0.49
2024-10-04 13:58:00,0.5062093252927966,0.49
2024-10-04 13:59:00,0.506474324182949,0.49
2024-10-04 14:00:00,0.5061965251333704,0.49
2024-10-04 14:01:00,0.5061146075326246,0.49
2024-10-04 14:02:00,0.5068239903733567,0.5
2024-10-04 14:03:00,0.5055342614150395,0.5
2024-10-04 14:04:00,0.5054511068068221,0.5
2024-10-04 14:05:00,0.5054815045138572,0.5
2024-10-04 14:06:00,0.5052523826737241,0.5
2024-10-04 14:07:00,0.5045627444689538,0.5
2024-10-04 14:08:00,0.5045248612661559,0.5
2024-10-04 14:09:00,0.5044960929460844,0.5
2024-10-04 14:10:00,0.5051399796742244,0.5
2024-10-04 14:11:00,0.5061552360533985,0.5
2024-10-04 14:12:00,0.5065910219245178,0.5
2024-10-04 14:13:00,0.5071165334043364,0.5
2024-10-04 14:14:00,0.5074905125016886,0.49
2024-10-04 14:15:00,0.5074265806097602,0.49
2024-10-04 14:16:00,0.5070732264112567,0.49
2024-10-04 14:17:00,0.506839696120384,0.49
2024-10-04 14:18:00,0.5061692754796694,0.5
2024-10-04 14:19:00,0.5059944016011808,0.5
2024-10-04 14:20:00,0.5055073661454716,0.5
2024-10-04 14:21:00,0.5056133567821159,0.5
2024-10-04 14:22:00,0.5050864085290863,0.5
2024-10-04 14:23:00,0.5064582646366362,0.5
2024-10-04 14:24:00,0.5067202582249022,0.5
2024-10-04 14:25:00,0.5064228257614396,0.5
2024-10-04 14:26:00,0.5056194404337926,0.5
2024-10-04 14:27:00,0.5056758192233886,0.5
2024-10-04 14:28:00,0.505795130258573,0.5
2024-10-04 14:29:00,0.5056617100630938,0.5
2024-10-04 14:30:00,0.5058894611603184,0.5
2024-10-04 14:31:00,0.5065887577525825,0.5
2024-10-04 14:32:00,0.5061631283276025,0.5
2024-10-04 14:33:00,0.5051375747812685,0.5
2024-10-04 14:34:00,0.5045417909764012,0.5
2024-10-04 14:35:00,0.5050340303459506,0.5
2024-10-04 14:36:00,0.5053616676274044,0.5
2024-10-04 14:37:00,0.5057393767793148,0.5
2024-10-04 14:38:00,0.5048193532003318,0.5
2024-10-04 14:39:00,0.5048363030570966,0.5
2024-10-04 14:40:00,0.504121088649746,0.5
2024-10-04 14:41:00,0.5037398149906698,0.5
2024-10-04 14:42:00,0.5050592799493059,0.5
2024-10-04 14:43:00,0.506544982616614,0.5
2024-10-04 14:44:00,0.507106694533866,0.5
2024-10-04 14:45:00,0.5069702256407369,0.5
2024-10-04 14:46:00,0.5075678295539483,0.5
2024-10-04 14:47:00,0.5078600381142644,0.5
2024-10-04 14:48:00,0.5072968732966421,0.5
2024-10-04 14:49:00,0.5072632688955097,0.5
2024-10-04 14:50:00,0.5055992433978498,0.5
2024-10-04 14:51:00,0.5056597303370027,0.5
2024-10-04 14:52:00,0.5049492873749315,0.5
2024-10-04 14:53:00,0.5058117737292112,0.5
2024-10-04 14:54:00,0.5063720551066371,0.5
2024-10-04 14:55:00,0.5057733398350781,0.5
2024-10-04 14:56:00,0.5054158478596478,0.5
2024-10-04 14:57:00,0.504486896678878,0.5
2024-10-04 14:58:00,0.5037724249654298,0.5
2024-10-04 14:59:00,0.5035932744756246,0.5
2024-10-04 15:00:00,0.5041502374800395,0.5
2024-10-04 15:01:00,0.5050089078334976,0.5
2024-10-04 15:02:00,0.5049126207543237,0.5
2024-10-04 15:03:00,0.5046753848586472,0.5
2024-10-04 15:04:00,0.5047311237526937,0.5
2024-10-04 15:05:00,0.5044137054773878,0.5
2024-10-04 15:06:00,0.5046150443026411,0.5
2024-10-04 15:07:00,0.5046391249562434,0.5
2024-10-04 15:08:00,0.504401413023541,0.5
2024-10-04 15:09:00,0.5042999769862468,0.5
2024-10-04 15:10:00,0.5030891387184402,0.5
2024-10-04 15:11:00,0.5036637516314839,0.5
2024-10-04 15:12:00,0.5036609844828426,0.5
2024-10-04 15:13:00,0.5035690961532804,0.5
2024-10-04 15:14:00,0.5042724268918894,0.5
2024-10-04 15:15:00,0.5043323640761652,0.5
2024-10-04 15:16:00,0.5045621309584865,0.5
2024-10-04 15:17:00,0.5041206154316751,0.5
2024-10-04 15:18:00,0.5039628568794565,0.5
2024-10-04 15:19:00,0.5043657379542321,0.5
2024-10-04 15:20:00,0.5043081744092583,0.5
2024-10-04 15:21:00,0.5038126851422897,0.5
2024-10-04 15:22:00,0.5037207366011571,0.5
2024-10-04 15:23:00,0.5035630495156818,0.5
2024-10-04 15:24:00,0.5036182077545146,0.49
2024-10-04 15:25:00,0.504059996980988,0.49
2024-10-04 15:26:00,0.5044700915043372,0.49
2024-10-04 15:27:00,0.5034940790730047,0.49
2024-10-04 15:28:00,0.5040127632826665,0.49
2024-10-04 15:29:00,0.5044221153939554,0.5
2024-10-04 15:30:00,0.5045428862325088,0.5
2024-10-04 15:31:00,0.5039327289018194,0.49
2024-10-04 15:32:00,0.5030706459661574,0.49
2024-10-04 15:33:00,0.5025842356933781,0.49
2024-10-04 15:34:00,0.5004952253661397,0.49
2024-10-04 15:35:00,0.5017215873274081,0.49
2024-10-04 15:36:00,0.5031613916757782,0.49
2024-10-04 15:37:00,0.5019848989330231,0.49
2024-10-04 15:38:00,0.5012551338693354,0.49
2024-10-04 15:39:00,0.5010664933304569,0.49
2024-10-04 15:40:00,0.5002689312344264,0.49
2024-10-04 15:41:00,0.49998658584676314,0.49
2024-10-04 15:42:00,0.4994095445872151,0.49
2024-10-04 15:43:00,0.49833682908762866,0.5
2024-10-04 15:44:00,0.49882726527171095,0.5
2024-10-04 15:45:00,0.5013058701796711,0.5
2024-10-04 15:46:00,0.5010026967461598,0.5
2024-10-04 15:47:00,0.5008592731942751,0.5
2024-10-04 15:48:00,0.5007455298085743,0.5
2024-10-04 15:49:00,0.5005556403881155,0.5
2024-10-04 15:50:00,0.4992157368095793,0.5
2024-10-04 15:51:00,0.4987891876772512,0.5
2024-10-04 15:52:00,0.49798624684918935,0.5
2024-10-04 15:53:00,0.49922926646335086,0.5
2024-10-04 15:54:00,0.4977308624807677,0.5
2024-10-04 15:55:00,0.49660796211684244,0.5
2024-10-04 15:56:00,0.49581214647198224,0.5
2024-10-04 15:57:00,0.495368511959031,0.5
2024-10-04 15:58:00,0.4966321385416659,0.5
2024-10-04 15:59:00,0.49726770878482696,0.5
2024-10-04 16:00:00,0.49726770878482696,0.5
2024-10-07 09:30:00,0.5079195125053533,0.5
2024-10-07 09:31:00,0.5054324634216016,0.5
2024-10-07 09:32:00,0.5140785878075562,0.5
2024-10-07 09:33:00,0.509137306626503,0.5
2024-10-07 09:34:00,0.5097763319059216,0.5
2024-10-07 09:35:00,0.5093053283689228,0.5
2024-10-07 09:36:00,0.5096008128754497,0.5
2024-10-07 09:37:00,0.5059845862553607,0.49
2024-10-07 09:38:00,0.5040399756791063,0.49
2024-10-07 09:39:00,0.5041274021286035,0.49
2024-10-07 09:40:00,0.5034982992445276,0.49
2024-10-07 09:41:00,0.5018578459356371,0.5
2024-10-07 09:42:00,0.5053241858503819,0.5
2024-10-07 09:43:00,0.5065085321410818,0.5
2024-10-07 09:44:00,0.5047911329888402,0.5
2024-10-07 09:45:00,0.5026536041086194,0.5
2024-10-07 09:46:00,0.5038880213796026,0.5
2024-10-07 09:47:00,0.503216706394831,0.5
2024-10-07 09:48:00,0.5018043565311003,0.5
2024-10-07 09:49:00,0.5028110673605857,0.5
2024-10-07 09:50:00,0.5040524360532814,0.5
2024-10-07 09:51:00,0.5027437072943501,0.5
2024-10-07 09:52:00,0.5023688020172756,0.5
2024-10-07 09:53:00,0.5042190894221561,0.5
2024-10-07 09:54:00,0.5054013535563684,0.5
2024-10-07 09:55:00,0.5034971009360534,0.5
2024-10-07 09:56:00,0.4994346271109291,0.5
2024-10-07 09:57:00,0.5029987337857407,0.5
2024-10-07 09:58:00,0.5038587560725512,0.5
2024-10-07 09:59:00,0.5034165538548654,0.5
2024-10-07 10:00:00,0.5015045077381612,0.5
2024-10-07 10:01:00,0.5049675773227837,0.5
2024-10-07 10:02:00,0.5043415220065575,0.5
2024-10-07 10:03:00,0.5026472429368154,0.5
2024-10-07 10:04:00,0.5013644897627445,0.5
2024-10-07 10:05:00,0.5018732228075005,0.5
2024-10-07 10:06:00,0.5023111572609562,0.5
2024-10-07 10:07:00,0.5008993931988164,0.5
2024-10-07 10:08:00,0.5029267623649007,0.5
2024-10-07 10:09:00,0.5032815299761195,0.5
2024-10-07 10:10:00,0.5051572821604677,0.5
2024-10-07 10:11:00,0.5055399588582647,0.5
2024-10-07 10:12:00,0.5036755463288605,0.5
2024-10-07 10:13:00,0.502446275054125,0.5
2024-10-07 10:14:00,0.5006715178917311,0.5
2024-10-07 10:15:00,0.5020771376795745,0.5
2024-10-07 10:16:00,0.49920417937270956,0.5
2024-10-07 10:17:00,0.499027738026274,0.5
2024-10-07 10:18:00,0.49811176568896953,0.5
2024-10-07 10:19:00,0.49735236091100865,0.5
2024-10-07 10:20:00,0.5008642094827678,0.5
2024-10-07 10:21:00,0.5010101057527028,0.5
2024-10-07 10:22:00,0.5003475187601929,0.5
2024-10-07 10:23:00,0.4995064494927053,0.5
2024-10-07 10:24:00,0.49819878427241604,0.5
2024-10-07 10:25:00,0.49854632089636985,0.5
2024-10-07 10:26:00,0.4986182294452972,0.49
2024-10-07 10:27:00,0.49745255675083855,0.49
2024-10-07 10:28:00,0.4994024705261595,0.5
2024-10-07 10:29:00,0.4996213265892149,0.5
2024-10-07 10:30:00,0.4993478741817119,0.5
2024-10-07 10:31:00,0.5009519958801156,0.5
2024-10-07 10:32:00,0.500104014457164,0.5
2024-10-07 10:33:00,0.49839895865028727,0.5
2024-10-07 10:34:00,0.4973092694164991,0.5
2024-10-07 10:35:00,0.49612749749333473,0.5
2024-10-07 10:36:00,0.49777973819807175,0.5
2024-10-07 10:37:00,0.49615209117178494,0.5
2024-10-07 10:38:00,0.4965521183929591,0.5
2024-10-07 10:39:00,0.49671862631307717,0.5
2024-10-07 10:40:00,0.49570330088156234,0.5
2024-10-07 10:41:00,0.4950323112289905,0.49
2024-10-07 10:42:00,0.49462727331098244,0.49
2024-10-07 10:43:00,0.495412547659025,0.5
2024-10-07 10:44:00,0.4960007166364162,0.5
2024-10-07 10:45:00,0.49550040318878463,0.5
2024-10-07 10:46:00,0.49691523519515646,0.5
2024-10-07 10:47:00,0.4977151892597209,0.5
2024-10-07 10:48:00,0.4968898630694538,0.5
2024-10-07 10:49:00,0.49695035934907295,0.5
2024-10-07 10:50:00,0.49630347683187614,0.5
2024-10-07 10:51:00,0.49494550217932276,0.5
2024-10-07 10:52:00,0.4961661782437188,0.5
2024-10-07 10:53:00,0.49657817649619607,0.5
2024-10-07 10:54:00,0.49624882351893906,0.5
2024-10-07 10:55:00,0.49505982236432877,0.5
2024-10-07 10:56:00,0.4941898637799522,0.5
2024-10-07 10:57:00,0.4933559983184368,0.5
2024-10-07 10:58:00,0.49323214027511697,0.5
2024-10-07 10:59:00,0.4940206149409543,0.5
2024-10-07 11:00:00,0.4953262766463846,0.5
2024-10-07 11:01:00,0.49578822097385955,0.5
2024-10-07 11:02:00,0.4984823389030708,0.5
2024-10-07 11:03:00,0.49936940994511425,0.5
2024-10-07 11:04:00,0.49874578107654544,0.5
2024-10-07 11:05:00,0.4994758003025417,0.5
2024-10-07 11:06:00,0.4990657607253117,0.5
2024-10-07 11:07:00,0.4987707892931714,0.49
2024-10-07 11:08:00,0.49716444505946034,0.49
2024-10-07 11:09:00,0.49627148939804866,0.49
2024-10-07 11:10:00,0.4951966688656879,0.49
2024-10-07 11:11:00,0.49453473270170334,0.5
2024-10-07 11:12:00,0.4939970714679347,0.5
2024-10-07 11:13:00,0.49371496634939027,0.5
2024-10-07 11:14:00,0.4938015614905311,0.5
2024-10-07 11:15:00,0.4937123499151126,0.5
2024-10-07 11:16:00,0.49562532549731064,0.5
2024-10-07 11:17:00,0.49543777675290745,0.5
2024-10-07 11:18:00,0.4926181358203914,0.5
2024-10-07 11:19:00,0.4924585642488666,0.5
2024-10-07 11:20:00,0.49284945215485254,0.5
2024-10-07 11:21:00,0.49454658806384066,0.5
2024-10-07 11:22:00,0.495106676542308,0.49
2024-10-07 11:23:00,0.49414170203443564,0.49
2024-10-07 11:24:00,0.49448097641301136,0.49
2024-10-07 11:25:00,0.4954034193171031,0.49
2024-10-07 11:26:00,0.49523403317585024,0.49
2024-10-07 11:27:00,0.4946598857075106,0.49
2024-10-07 11:28:00,0.4944787246425373,0.49
2024-10-07 11:29:00,0.4945360675150148,0.49
2024-10-07 11:30:00,0.49401900670682575,0.49
2024-10-07 11:31:00,0.49376642929720727,0.5
2024-10-07 11:32:00,0.49508229410580307,0.5
2024-10-07 11:33:00,0.4936002485117006,0.5
2024-10-07 11:34:00,0.4922910092166506,0.5
2024-10-07 11:35:00,0.492880165720776,0.5
2024-10-07 11:36:00,0.4953459309159902,0.5
2024-10-07 11:37:00,0.49431934908031283,0.5
2024-10-07 11:38:00,0.4952208940774112,0.5
2024-10-07 11:39:00,0.49424819913721296,0.5
2024-10-07 11:40:00,0.49132960887144983,0.5
2024-10-07 11:41:00,0.4926690580499724,0.5
2024-10-07 11:42:00,0.492135005212744,0.5
2024-10-07 11:43:00,0.4935229442277762,0.5
2024-10-07 11:44:00,0.49258569729593993,0.5
2024-10-07 11:45:00,0.4915754608379139,0.5
2024-10-07 11:46:00,0.4914762175894454,0.5
2024-10-07 11:47:00,0.4911745756574122,0.5
2024-10-07 11:48:00,0.49184852358303366,0.5
2024-10-07 11:49:00,0.4917934175157044,0.5
2024-10-07 11:50:00,0.49101034046946945,0.5
2024-10-07 11:51:00,0.49083358018679246,0.5
2024-10-07 11:52:00,0.4908043199560923,0.5
2024-10-07 11:53:00,0.4910403616858463,0.5
2024-10-07 11:54:00,0.4893859446409705,0.5
2024-10-07 11:55:00,0.49103921451821253,0.5
2024-10-07 11:56:00,0.4921922323310002,0.5
2024-10-07 11:57:00,0.4921968087647015,0.5
2024-10-07 11:58:00,0.49326350841205513,0.5
2024-10-07 11:59:00,0.49266067302067706,0.5
2024-10-07 12:00:00,0.49311672918447136,0.5
2024-10-07 12:01:00,0.49502881287130296,0.5
2024-10-07 12:02:00,0.49562811713649,0.5
2024-10-07 12:03:00,0.4960513327417242,0.5
2024-10-07 12:04:00,0.4954935667648688,0.5
2024-10-07 12:05:00,0.4952335362464766,0.5
2024-10-07 12:06:00,0.4956300402397995,0.5
2024-10-07 12:07:00,0.4948867177673739,0.5
2024-10-07 12:08:00,0.4948285834615793,0.5
2024-10-07 12:09:00,0.49491384408701555,0.5
2024-10-07 12:10:00,0.4928174359266857,0.5
2024-10-07 12:11:00,0.49298039790428017,0.5
2024-10-07 12:12:00,0.4932860919428006,0.5
2024-10-07 12:13:00,0.49129417411357124,0.5
2024-10-07 12:14:00,0.49124910082255036,0.5
2024-10-07 12:15:00,0.49050349910917324,0.5
2024-10-07 12:16:00,0.48918085565677605,0.5
2024-10-07 12:17:00,0.4879218816516351,0.5
2024-10-07 12:18:00,0.4896956234653038,0.5
2024-10-07 12:19:00,0.49022426821648524,0.5
2024-10-07 12:20:00,0.4900414994616906,0.5
2024-10-07 12:21:00,0.48991519122562344,0.5
2024-10-07 12:22:00,0.48956067598856046,0.5
2024-10-07 12:23:00,0.49138371673558034,0.5
2024-10-07 12:24:00,0.4904277327976938,0.5
2024-10-07 12:25:00,0.4912991960189046,0.5
2024-10-07 12:26:00,0.49151772001232996,0.5
2024-10-07 12:27:00,0.4915327808862566,0.5
2024-10-07 12:28:00,0.49067622485552254,0.5
2024-10-07 12:29:00,0.49013989510699285,0.5
2024-10-07 12:30:00,0.4902485592845436,0.5
2024-10-07 12:31:00,0.49082776309631515,0.5
2024-10-07 12:32:00,0.49114405125399396,0.5
2024-10-07 12:33:00,0.4906579887549307,0.49
2024-10-07 12:34:00,0.4913794245976979,0.49
2024-10-07 12:35:00,0.4911068050503904,0.5
2024-10-07 12:36:00,0.4900657390677734,0.5
2024-10-07 12:37:00,0.4901911995668524,0.5
2024-10-07 12:38:00,0.49051897930256483,0.5
2024-10-07 12:39:00,0.4913044552302417,0.5
2024-10-07 12:40:00,0.49207256210973394,0.5
2024-10-07 12:41:00,0.492837270113055,0.5
2024-10-07 12:42:00,0.49280912221120254,0.5
2024-10-07 12:43:00,0.49280888693158054,0.5
2024-10-07 12:44:00,0.49330122834887,0.5
2024-10-07 12:45:00,0.4941985047252315,0.5
2024-10-07 12:46:00,0.49463249907035656,0.5
2024-10-07 12:47:00,0.4929214313255923,0.5
2024-10-07 12:48:00,0.4935602151237857,0.5
2024-10-07 12:49:00,0.4948949999708654,0.5
2024-10-07 12:50:00,0.4964513916999753,0.5
2024-10-07 12:51:00,0.49635093314976264,0.5
2024-10-07 12:52:00,0.49581984673781965,0.5
2024-10-07 12:53:00,0.49562711514308977,0.5
2024-10-07 12:54:00,0.49538683060086597,0.5
2024-10-07 12:55:00,0.4957492575091822,0.5
2024-10-07 12:56:00,0.49519182614778967,0.5
2024-10-07 12:57:00,0.4952206969405035,0.5
2024-10-07 12:58:00,0.495032701045907,0.5
2024-10-07 12:59:00,0.4948564535939617,0.5
2024-10-07 13:00:00,0.49676745616676343,0.5
2024-10-07 13:01:00,0.4958454655737874,0.5
2024-10-07 13:02:00,0.4953886041847728,0.5
2024-10-07 13:03:00,0.49493097478750214,0.5
2024-10-07 13:04:00,0.4946764754535449,0.5
2024-10-07 13:05:00,0.4945220127715684,0.5
2024-10-07 13:06:00,0.49604013029841165,0.5
2024-10-07 13:07:00,0.49488320142890907,0.5
2024-10-07 13:08:00,0.49366708741177745,0.5
2024-10-07 13:09:00,0.4912835622082914,0.5
2024-10-07 13:10:00,0.49084627660757074,0.5
2024-10-07 13:11:00,0.4905297050433075,0.5
2024-10-07 13:12:00,0.4905604023617445,0.5
2024-10-07 13:13:00,0.49056364678957576,0.5
2024-10-07 13:14:00,0.4908977343298855,0.5
2024-10-07 13:15:00,0.49076956658445536,0.5
2024-10-07 13:16:00,0.4913381702591868,0.5
2024-10-07 13:17:00,0.490744253485887,0.5
2024-10-07 13:18:00,0.4907990284918362,0.5
2024-10-07 13:19:00,0.49060979132200155,0.5
2024-10-07 13:20:00,0.4909750550945462,0.5
2024-10-07 13:21:00,0.49090119890174466,0.5
2024-10-07 13:22:00,0.4915769114037165,0.5
2024-10-07 13:23:00,0.49131587038377034,0.5
2024-10-07 13:24:00,0.49070677647638594,0.5
2024-10-07 13:25:00,0.49183699705179884,0.5
2024-10-07 13:26:00,0.49042560838470606,0.5
2024-10-07 13:27:00,0.48965978146091715,0.5
2024-10-07 13:28:00,0.4886240031415474,0.5
2024-10-07 13:29:00,0.49085535074996156,0.5
2024-10-07 13:30:00,0.49059342242854354,0.5
2024-10-07 13:31:00,0.490653208313349,0.5
2024-10-07 13:32:00,0.4903516345258121,0.5
2024-10-07 13:33:00,0.48980603678706536,0.5
2024-10-07 13:34:00,0.48945798979103583,0.5
2024-10-07 13:35:00,0.4890474525080928,0.5
2024-10-07 13:36:00,0.4889210123219063,0.5
2024-10-07 13:37:00,0.48943172856412276,0.5
2024-10-07 13:38:00,0.48941591079707103,0.5
2024-10-07 13:39:00,0.4905541519039136,0.5
2024-10-07 13:40:00,0.49077424891554755,0.5
2024-10-07 13:41:00,0.48990288356865963,0.5
2024-10-07 13:42:00,0.48956119558903377,0.5
2024-10-07 13:43:00,0.48949110290188647,0.5
2024-10-07 13:44:00,0.4892722383790462,0.5
2024-10-07 13:45:00,0.4895295480931352,0.5
2024-10-07 13:46:00,0.48935670205935833,0.5
2024-10-07 13:47:00,0.4900085020692415,0.5
2024-10-07 13:48:00,0.4898724007029662,0.5
2024-10-07 13:49:00,0.4908070395860131,0.5
2024-10-07 13:50:00,0.4913940402929915,0.5
2024-10-07 13:51:00,0.4915490997670615,0.5
2024-10-07 13:52:00,0.4920217782428964,0.5
2024-10-07 13:53:00,0.4906182968413153,0.5
2024-10-07 13:54:00,0.489008678074385,0.5
2024-10-07 13:55:00,0.4887094623297521,0.5
2024-10-07 13:56:00,0.4885036503728981,0.5
2024-10-07 13:57:00,0.48786768587624674,0.5
2024-10-07 13:58:00,0.4875493823543613,0.49
2024-10-07 13:59:00,0.4874603149011214,0.49
2024-10-07 14:00:00,0.4886833180161003,0.49
2024-10-07 14:01:00,0.4905597448614467,0.5
2024-10-07 14:02:00,0.49175942997585076,0.5
2024-10-07 14:03:00,0.4924140736025191,0.5
2024-10-07 14:04:00,0.4947985846406462,0.5
2024-10-07 14:05:00,0.4941465247057921,0.5
2024-10-07 14:06:00,0.4943620778781612,0.5
2024-10-07 14:07:00,0.4940765625903778,0.5
2024-10-07 14:08:00,0.49283814394551295,0.5
2024-10-07 14:09:00,0.492785673259424,0.5
2024-10-07 14:10:00,0.4928333758515262,0.5
2024-10-07 14:11:00,0.4933770750244151,0.5
2024-10-07 14:12:00,0.49217004405487397,0.5
2024-10-07 14:13:00,0.4925813841769695,0.5
2024-10-07 14:14:00,0.4923704555749351,0.5
2024-10-07 14:15:00,0.492548370906736,0.5
2024-10-07 14:16:00,0.4931591032848497,0.5
2024-10-07 14:17:00,0.4941787970874605,0.5
2024-10-07 14:18:00,0.4953042963354697,0.5
2024-10-07 14:19:00,0.49524145200119407,0.5
2024-10-07 14:20:00,0.4954765089286959,0.5
2024-10-07 14:21:00,0.49461312853760275,0.5
2024-10-07 14:22:00,0.49396359141303425,0.49
2024-10-07 14:23:00,0.49410774257019763,0.49
2024-10-07 14:24:00,0.4947190130318757,0.49
2024-10-07 14:25:00,0.49450193253690533,0.5
2024-10-07 14:26:00,0.4941689789678254,0.5
2024-10-07 14:27:00,0.4957377078912508,0.5
2024-10-07 14:28:00,0.4954000201897093,0.5
2024-10-07 14:29:00,0.49589525164662196,0.5
2024-10-07 14:30:00,0.49947236186899535,0.5
2024-10-07 14:31:00,0.5000687940872994,0.5
2024-10-07 14:32:00,0.5011066180909063,0.5
2024-10-07 14:33:00,0.5022512697864883,0.5
2024-10-07 14:34:00,0.5017452166579435,0.5
2024-10-07 14:35:00,0.5027947945424256,0.5
2024-10-07 14:36:00,0.5016822165521952,0.5
2024-10-07 14:37:00,0.5001001392926601,0.5
2024-10-07 14:38:00,0.49874024782508974,0.5
2024-10-07 14:39:00,0.5004909863537594,0.5
2024-10-07 14:40:00,0.49787322267304357,0.5
2024-10-07 14:41:00,0.4976269471330259,0.5
2024-10-07 14:42:00,0.4982900635961529,0.5
2024-10-07 14:43:00,0.498484058054222,0.5
2024-10-07 14:44:00,0.5011366540927835,0.5
2024-10-07 14:45:00,0.5023535706443976,0.5
2024-10-07 14:46:00,0.5066166900810283,0.5
2024-10-07 14:47:00,0.5094782433285416,0.5
2024-10-07 14:48:00,0.5079583223811717,0.5
2024-10-07 14:49:00,0.5089963418446188,0.5
2024-10-07 14:50:00,0.5080650567221545,0.5
2024-10-07 14:51:00,0.5093295929765016,0.5
2024-10-07 14:52:00,0.5075105332941858,0.5
2024-10-07 14:53:00,0.5088822228748799,0.5
2024-10-07 14:54:00,0.5097870921167769,0.5
2024-10-07 14:55:00,0.5084953191071448,0.5
2024-10-07 14:56:00,0.5083879003911884,0.5
2024-10-07 14:57:00,0.5087603605809783,0.5
2024-10-07 14:58:00,0.508999375844468,0.5
2024-10-07 14:59:00,0.5114489491630005,0.49
2024-10-07 15:00:00,0.512825931846985,0.49
2024-10-07 15:01:00,0.5117390883138226,0.5
2024-10-07 15:02:00,0.5120099670469724,0.5
2024-10-07 15:03:00,0.511502735565817,0.5
2024-10-07 15:04:00,0.5122862848498928,0.5
2024-10-07 15:05:00,0.510336976123521,0.5
2024-10-07 15:06:00,0.5098033487126596,0.5
2024-10-07 15:07:00,0.5095043641782253,0.5
2024-10-07 15:08:00,0.5092008097920957,0.5
2024-10-07 15:09:00,0.5095936380719379,0.5
2024-10-07 15:10:00,0.512231737457624,0.5
2024-10-07 15:11:00,0.5119833609947759,0.5
2024-10-07 15:12:00,0.5113641794016763,0.5
2024-10-07 15:13:00,0.5128504591869338,0.5
2024-10-07 15:14:00,0.5132216316059364,0.5
2024-10-07 15:15:00,0.5131671463541363,0.5
2024-10-07 15:16:00,0.512427427331285,0.5
2024-10-07 15:17:00,0.5125198167037477,0.5
2024-10-07 15:18:00,0.5127333503937146,0.5
2024-10-07 15:19:00,0.512444586587433,0.5
2024-10-07 15:20:00,0.511658095942576,0.5
2024-10-07 15:21:00,0.51056053776615,0.5
2024-10-07 15:22:00,0.509606229100436,0.5
2024-10-07 15:23:00,0.50921038612983,0.5
2024-10-07 15:24:00,0.5093628121136129,0.5
2024-10-07 15:25:00,0.5102655180047517,0.5
2024-10-07 15:26:00,0.510139897379988,0.5
2024-10-07 15:27:00,0.5101173019412142,0.5
2024-10-07 15:28:00,0.511064353910329,0.5
2024-10-07 15:29:00,0.5108522410013998,0.5
2024-10-07 15:30:00,0.5136152136785441,0.5
2024-10-07 15:31:00,0.5140513605158163,0.5
2024-10-07 15:32:00,0.5140577486214484,0.5
2024-10-07 15:33:00,0.5150973481129884,0.5
2024-10-07 15:34:00,0.5144394335350146,0.5
2024-10-07 15:35:00,0.515898547655212,0.5
2024-10-07 15:36:00,0.5141486674835589,0.5
2024-10-07 15:37:00,0.5124395421532448,0.5
2024-10-07 15:38:00,0.5134263275239872,0.5
2024-10-07 15:39:00,0.5123352283668023,0.5
2024-10-07 15:40:00,0.5139647451840303,0.5
2024-10-07 15:41:00,0.5142962657342267,0.5
2024-10-07 15:42:00,0.5163606536651082,0.5
2024-10-07 15:43:00,0.5132263729125601,0.5
2024-10-07 15:44:00,0.5130997415384531,0.5
2024-10-07 15:45:00,0.5132722753584076,0.5
2024-10-07 15:46:00,0.5136728426967918,0.5
2024-10-07 15:47:00,0.5141542961288941,0.5
2024-10-07 15:48:00,0.5132942335374355,0.5
2024-10-07 15:49:00,0.5122504839007831,0.5
2024-10-07 15:50:00,0.5095465593024084,0.5
2024-10-07 15:51:00,0.5078194750825562,0.5
2024-10-07 15:52:00,0.5092393263680377,0.5
2024-10-07 15:53:00,0.5091342468235249,0.5
2024-10-07 15:54:00,0.5114728048041555,0.5
2024-10-07 15:55:00,0.5139518250393247,0.5
2024-10-07 15:56:00,0.5143857028467493,0.5
2024-10-07 15:57:00,0.5156073955266243,0.5
2024-10-07 15:58:00,0.515956395600637,0.5
2024-10-07 15:59:00,0.5137077706864843,0.5
2024-10-07 16:00:00,0.5137077706864843,0.5
2024-10-08 09:31:00,0.5138475531084394,0.5
2024-10-08 09:32:00,0.5187431867679966,0.5
2024-10-08 09:33:00,0.5203749143953422,0.5
2024-10-08 09:34:00,0.5188721081887493,0.5
2024-10-08 09:35:00,0.5170027888700697,0.5
2024-10-08 09:36:00,0.5162022407193791,0.5
2024-10-08 09:37:00,0.5116206436223465,0.5
2024-10-08 09:38:00,0.5144080507424398,0.5
2024-10-08 09:39:00,0.5164173923912181,0.5
2024-10-08 09:40:00,0.5157513159646372,0.5
2024-10-08 09:41:00,0.5147233111293514,0.5
2024-10-08 09:42:00,0.5135994928046619,0.5
2024-10-08 09:43:00,0.5161636658744031,0.5
2024-10-08 09:44:00,0.514806174518591,0.5
2024-10-08 09:45:00,0.5153755284457457,0.5
2024-10-08 09:46:00,0.5170886303024,0.5
2024-10-08 09:47:00,0.5179134587406977,0.5
2024-10-08 09:48:00,0.5181037503452359,0.5
2024-10-08 09:49:00,0.5165528441053773,0.5
2024-10-08 09:50:00,0.5168929445898016,0.5
2024-10-08 09:51:00,0.5192098488716692,0.5
2024-10-08 09:52:00,0.5172124527486399,0.5
2024-10-08 09:53:00,0.5126444893090569,0.5
2024-10-08 09:54:00,0.5151528537307659,0.5
2024-10-08 09:55:00,0.5146128854470284,0.5
2024-10-08 09:56:00,0.5138118547574153,0.5
2024-10-08 09:57:00,0.5151193014744158,0.5
2024-10-08 09:58:00,0.517253477120456,0.5
2024-10-08 09:59:00,0.514199842739717,0.5
2024-10-08 10:00:00,0.509442290410359,0.5
2024-10-08 10:01:00,0.5103519383105055,0.5
2024-10-08 10:02:00,0.5107993350338822,0.5
2024-10-08 10:03:00,0.5096081929532106,0.5
2024-10-08 10:04:00,0.5101345497219019,0.5
2024-10-08 10:05:00,0.5118482463883687,0.5
2024-10-08 10:06:00,0.5120743751636299,0.5
2024-10-08 10:07:00,0.5121234777659287,0.5
2024-10-08 10:08:00,0.5105488163360048,0.5
2024-10-08 10:09:00,0.5103461863503276,0.5
2024-10-08 10:10:00,0.5118944994194228,0.5
2024-10-08 10:11:00,0.5108929023173301,0.5
2024-10-08 10:12:00,0.5112485220495524,0.5
2024-10-08 10:13:00,0.510754149198936,0.5
2024-10-08 10:14:00,0.511204739573418,0.5
2024-10-08 10:15:00,0.5129760477908618,0.5
2024-10-08 10:16:00,0.5109515764546797,0.5
2024-10-08 10:17:00,0.5116704851717306,0.5
2024-10-08 10:18:00,0.5109933630711352,0.5
2024-10-08 10:19:00,0.511339022961004,0.5
2024-10-08 10:20:00,0.5103482834943478,0.5
2024-10-08 10:21:00,0.5138520669909983,0.5
2024-10-08 10:22:00,0.5147851752767438,0.5
2024-10-08 10:23:00,0.512502126307899,0.5
2024-10-08 10:24:00,0.5137844557113584,0.5
2024-10-08 10:25:00,0.513712809412233,0.5
2024-10-08 10:26:00,0.5122513332639504,0.5
2024-10-08 10:27:00,0.5132645903786719,0.5
2024-10-08 10:28:00,0.5129151973780857,0.5
2024-10-08 10:29:00,0.512873271245988,0.5
2024-10-08 10:30:00,0.5114831372010167,0.5
2024-10-08 10:31:00,0.5111303885452936,0.5
2024-10-08 10:32:00,0.5129098389373279,0.5
2024-10-08 10:33:00,0.512823348524335,0.5
2024-10-08 10:34:00,0.5107057942470343,0.5
2024-10-08 10:35:00,0.5099498779253084,0.5
2024-10-08 10:36:00,0.5108468420450352,0.5
2024-10-08 10:37:00,0.5106632311717212,0.5
2024-10-08 10:38:00,0.5104950211220689,0.5
2024-10-08 10:39:00,0.5113286101613779,0.5
2024-10-08 10:40:00,0.511121477601409,0.5
2024-10-08 10:41:00,0.512085436227814,0.5
2024-10-08 10:42:00,0.5072218842092171,0.5
2024-10-08 10:43:00,0.5083997371373379,0.5
2024-10-08 10:44:00,0.5072205308621938,0.5
2024-10-08 10:45:00,0.5064186018850914,0.5
2024-10-08 10:46:00,0.5053199111176363,0.5
2024-10-08 10:47:00,0.5048044639657439,0.5
2024-10-08 10:48:00,0.5068880307376309,0.5
2024-10-08 10:49:00,0.5085056863104669,0.49
2024-10-08 10:50:00,0.509390272456969,0.49
2024-10-08 10:51:00,0.5090641469578949,0.49
2024-10-08 10:52:00,0.5066691332400557,0.5
2024-10-08 10:53:00,0.5087525024321542,0.5
2024-10-08 10:54:00,0.5101053430250542,0.5
2024-10-08 10:55:00,0.5095080551624387,0.5
2024-10-08 10:56:00,0.5099892352040036,0.5
2024-10-08 10:57:00,0.5119088882086407,0.5
2024-10-08 10:58:00,0.5114503002280475,0.5
2024-10-08 10:59:00,0.5125454955619568,0.5
2024-10-08 11:00:00,0.5101669123231576,0.5
2024-10-08 11:01:00,0.5118513807462122,0.5
2024-10-08 11:02:00,0.5101334015502845,0.5
2024-10-08 11:03:00,0.5091025238700306,0.5
2024-10-08 11:04:00,0.5082016571965229,0.5
2024-10-08 11:05:00,0.5077179529822191,0.5
2024-10-08 11:06:00,0.5084515875274775,0.5
2024-10-08 11:07:00,0.5077173733275802,0.5
2024-10-08 11:08:00,0.5089546799326101,0.5
2024-10-08 11:09:00,0.508725719937112,0.5
2024-10-08 11:10:00,0.5096370565699153,0.5
2024-10-08 11:11:00,0.5083719851176192,0.5
2024-10-08 11:12:00,0.5070845152707479,0.5
2024-10-08 11:13:00,0.5083203960422524,0.5
2024-10-08 11:14:00,0.5078404434459085,0.5
2024-10-08 11:15:00,0.5084487750549862,0.5
2024-10-08 11:16:00,0.5080989186129472,0.5
2024-10-08 11:17:00,0.509169162171885,0.5
2024-10-08 11:18:00,0.5106688671519735,0.5
2024-10-08 11:19:00,0.5100393541028689,0.5
2024-10-08 11:20:00,0.5087009423144522,0.5
2024-10-08 11:21:00,0.50699577231722,0.5
2024-10-08 11:22:00,0.506939071281171,0.5
2024-10-08 11:23:00,0.50806796222666,0.5
2024-10-08 11:24:00,0.5096232886185403,0.5
2024-10-08 11:25:00,0.5091622924685686,0.5
2024-10-08 11:26:00,0.5077284083241433,0.5
2024-10-08 11:27:00,0.5072379264229931,0.5
2024-10-08 11:28:00,0.5067459559336067,0.5
2024-10-08 11:29:00,0.5064120700410377,0.5
2024-10-08 11:30:00,0.5052834535473447,0.5
2024-10-08 11:31:00,0.5043611036382651,0.5
2024-10-08 11:32:00,0.5041278573339765,0.5
2024-10-08 11:33:00,0.5027440114385386,0.5
2024-10-08 11:34:00,0.5019672438242122,0.5
2024-10-08 11:35:00,0.5030638177182698,0.5
2024-10-08 11:36:00,0.5039794921290197,0.5
2024-10-08 11:37:00,0.504267187054795,0.5
2024-10-08 11:38:00,0.5036156276376238,0.49
2024-10-08 11:39:00,0.5031417542231702,0.49
2024-10-08 11:40:00,0.50342182792812,0.49
2024-10-08 11:41:00,0.5030674979453578,0.49
2024-10-08 11:42:00,0.5043678201646478,0.49
2024-10-08 11:43:00,0.504259924727352,0.5
2024-10-08 11:44:00,0.5050243676399828,0.5
2024-10-08 11:45:00,0.5052426381029724,0.5
2024-10-08 11:46:00,0.5052054125148275,0.5
2024-10-08 11:47:00,0.505022410334578,0.5
2024-10-08 11:48:00,0.5059630603649456,0.5
2024-10-08 11:49:00,0.5056619130123441,0.5
2024-10-08 11:50:00,0.5044695011528508,0.5
2024-10-08 11:51:00,0.5042058041717039,0.5
2024-10-08 11:52:00,0.5041923342341634,0.5
2024-10-08 11:53:00,0.5041645031798547,0.5
2024-10-08 11:54:00,0.5033390121330796,0.5
2024-10-08 11:55:00,0.5037901854875197,0.5
2024-10-08 11:56:00,0.5026881722641192,0.5
2024-10-08 11:57:00,0.5037522512529906,0.5
2024-10-08 11:58:00,0.5037465695716008,0.5
2024-10-08 11:59:00,0.5021923444632101,0.5
2024-10-08 12:00:00,0.5026177511575043,0.5
2024-10-08 12:01:00,0.5033100079144901,0.5
2024-10-08 12:02:00,0.5026020409179484,0.5
2024-10-08 12:03:00,0.5025305934061393,0.5
2024-10-08 12:04:00,0.5025692881360808,0.5
2024-10-08 12:05:00,0.5020396227589317,0.5
2024-10-08 12:06:00,0.5028723230342587,0.5
2024-10-08 12:07:00,0.5038410623836624,0.5
2024-10-08 12:08:00,0.504972990284746,0.5
2024-10-08 12:09:00,0.5028249341844473,0.5
2024-10-08 12:10:00,0.5028717283490127,0.5
2024-10-08 12:11:00,0.5029638784102601,0.5
2024-10-08 12:12:00,0.5031465203383358,0.5
2024-10-08 12:13:00,0.5040206980584985,0.5
2024-10-08 12:14:00,0.5044163080697752,0.5
2024-10-08 12:15:00,0.5047547083532795,0.5
2024-10-08 12:16:00,0.5051076258239535,0.5
2024-10-08 12:17:00,0.503949516937628,0.5
2024-10-08 12:18:00,0.50347447723137,0.5
2024-10-08 12:19:00,0.503638004961765,0.49
2024-10-08 12:20:00,0.50387929786301,0.49
2024-10-08 12:21:00,0.5038559046011175,0.49
2024-10-08 12:22:00,0.5042198463864243,0.49
2024-10-08 12:23:00,0.5048956064542296,0.49
2024-10-08 12:24:00,0.5048538828373454,0.49
2024-10-08 12:25:00,0.5042480082058882,0.5
2024-10-08 12:26:00,0.5042496753154959,0.5
2024-10-08 12:27:00,0.5029816210276745,0.5
2024-10-08 12:28:00,0.5031469308582104,0.5
2024-10-08 12:29:00,0.5025163622775473,0.49
2024-10-08 12:30:00,0.5020452102516224,0.49
2024-10-08 12:31:00,0.5008827804204887,0.5
2024-10-08 12:32:00,0.5011208354144732,0.5
2024-10-08 12:33:00,0.5009099090453126,0.5
2024-10-08 12:34:00,0.5015160206557854,0.5
2024-10-08 12:35:00,0.500348810983122,0.5
2024-10-08 12:36:00,0.5019815321104637,0.5
2024-10-08 12:37:00,0.5017492091275912,0.5
2024-10-08 12:38:00,0.503014209417149,0.5
2024-10-08 12:39:00,0.5031455780757919,0.5
2024-10-08 12:40:00,0.5034025248560237,0.5
2024-10-08 12:41:00,0.5031927432057788,0.5
2024-10-08 12:42:00,0.5029572775842197,0.5
2024-10-08 12:43:00,0.5030322955459432,0.5
2024-10-08 12:44:00,0.5040845154016911,0.5
2024-10-08 12:45:00,0.5044681618052522,0.5
2024-10-08 12:46:00,0.5051212188528444,0.5
2024-10-08 12:47:00,0.5063267294485876,0.5
2024-10-08 12:48:00,0.5065615947430617,0.5
2024-10-08 12:49:00,0.5075822539202732,0.5
2024-10-08 12:50:00,0.5082806278276368,0.5
2024-10-08 12:51:00,0.5069848370055603,0.5
2024-10-08 12:52:00,0.5074586016257128,0.5
2024-10-08 12:53:00,0.506852924425307,0.5
2024-10-08 12:54:00,0.5074325253559222,0.5
2024-10-08 12:55:00,0.5071580804941009,0.49
2024-10-08 12:56:00,0.5070961355755228,0.49
2024-10-08 12:57:00,0.5071903058157712,0.49
2024-10-08 12:58:00,0.5082349282810241,0.5
2024-10-08 12:59:00,0.5078170960082156,0.5
2024-10-08 13:00:00,0.5078657964267663,0.5
2024-10-08 13:01:00,0.5085336510263152,0.5
2024-10-08 13:02:00,0.5089501745586953,0.5
2024-10-08 13:03:00,0.5100596354271294,0.5
2024-10-08 13:04:00,0.5099419002623733,0.5
2024-10-08 13:05:00,0.5109339324750668,0.5
2024-10-08 13:06:00,0.5096490830525429,0.5
2024-10-08 13:07:00,0.5096150049328789,0.5
2024-10-08 13:08:00,0.5121670257675304,0.5
2024-10-08 13:09:00,0.5112925855455568,0.5
2024-10-08 13:10:00,0.5120278750100324,0.5
2024-10-08 13:11:00,0.5119942376367141,0.5
2024-10-08 13:12:00,0.5093418456372854,0.5
2024-10-08 13:13:00,0.5098441938884404,0.5
2024-10-08 13:14:00,0.5088062934321627,0.5
2024-10-08 13:15:00,0.510454242578237,0.5
2024-10-08 13:16:00,0.5107522463801006,0.5
2024-10-08 13:17:00,0.5110123972679987,0.5
2024-10-08 13:18:00,0.5098243703485952,0.5
2024-10-08 13:19:00,0.5101317865525508,0.5
2024-10-08 13:20:00,0.5097260111194795,0.5
2024-10-08 13:21:00,0.5097351148765361,0.5
2024-10-08 13:22:00,0.5088513536939037,0.5
2024-10-08 13:23:00,0.5088571323037681,0.5
2024-10-08 13:24:00,0.508734710478618,0.5
2024-10-08 13:25:00,0.508917630044168,0.5
2024-10-08 13:26:00,0.5093592182425575,0.5
2024-10-08 13:27:00,0.5098875509112155,0.5
2024-10-08 13:28:00,0.5102077003845327,0.5
2024-10-08 13:29:00,0.510501248817224,0.5
2024-10-08 13:30:00,0.5103351418992317,0.5
2024-10-08 13:31:00,0.509246586177716,0.5
2024-10-08 13:32:00,0.5100489540458055,0.5
2024-10-08 13:33:00,0.5089137940084221,0.5
2024-10-08 13:34:00,0.5088225128984998,0.5
2024-10-08 13:35:00,0.5086051706783448,0.5
2024-10-08 13:36:00,0.5091596136188554,0.5
2024-10-08 13:37:00,0.5096871934201557,0.5
2024-10-08 13:38:00,0.5096231597177472,0.5
2024-10-08 13:39:00,0.5107062988237414,0.5
2024-10-08 13:40:00,0.5108498709215319,0.5
2024-10-08 13:41:00,0.5100267151315301,0.5
2024-10-08 13:42:00,0.510523185158634,0.5
2024-10-08 13:43:00,0.5102809330131912,0.5
2024-10-08 13:44:00,0.5103099105872737,0.5
2024-10-08 13:45:00,0.5105194906552535,0.5
2024-10-08 13:46:00,0.5115874229875665,0.5
2024-10-08 13:47:00,0.5108767723347942,0.5
2024-10-08 13:48:00,0.5104090507650259,0.5
2024-10-08 13:49:00,0.5102704422534379,0.5
2024-10-08 13:50:00,0.5096550277153973,0.5
2024-10-08 13:51:00,0.5089056669708165,0.5
2024-10-08 13:52:00,0.5083585355206204,0.5
2024-10-08 13:53:00,0.5081656582108984,0.5
2024-10-08 13:54:00,0.5080757164477869,0.5
2024-10-08 13:55:00,0.5085722613893446,0.5
2024-10-08 13:56:00,0.5084836737081659,0.49
2024-10-08 13:57:00,0.5078020971214923,0.49
2024-10-08 13:58:00,0.5076425247063672,0.49
2024-10-08 13:59:00,0.5075834982065845,0.49
2024-10-08 14:00:00,0.5075203877634114,0.5
2024-10-08 14:01:00,0.5071954795273494,0.49
2024-10-08 14:02:00,0.5070016344048514,0.49
2024-10-08 14:03:00,0.5065630721473242,0.5
2024-10-08 14:04:00,0.50632369699532,0.5
2024-10-08 14:05:00,0.5056313132417862,0.5
2024-10-08 14:06:00,0.505160020765856,0.5
2024-10-08 14:07:00,0.5052935066406075,0.5
2024-10-08 14:08:00,0.5053109853600251,0.5
2024-10-08 14:09:00,0.5047693579602959,0.5
2024-10-08 14:10:00,0.5048432929870088,0.5
2024-10-08 14:11:00,0.5042818137306282,0.5
2024-10-08 14:12:00,0.5045019492549481,0.5
2024-10-08 14:13:00,0.5050399307354814,0.5
2024-10-08 14:14:00,0.5044629415584823,0.5
2024-10-08 14:15:00,0.5045179217035749,0.5
2024-10-08 14:16:00,0.5046331933168544,0.5
2024-10-08 14:17:00,0.5038410188595186,0.5
2024-10-08 14:18:00,0.503333223769517,0.5
2024-10-08 14:19:00,0.5037355986627798,0.5
2024-10-08 14:20:00,0.5033408352583744,0.5
2024-10-08 14:21:00,0.5035430112068189,0.5
2024-10-08 14:22:00,0.5040175504123885,0.5
2024-10-08 14:23:00,0.5044918144285446,0.5
2024-10-08 14:24:00,0.5037501352131495,0.5
2024-10-08 14:25:00,0.5028081023963573,0.5
2024-10-08 14:26:00,0.502944080401676,0.5
2024-10-08 14:27:00,0.5023907071612934,0.5
2024-10-08 14:28:00,0.5022394362730276,0.5
2024-10-08 14:29:00,0.5019124189907778,0.5
2024-10-08 14:30:00,0.5027703074645051,0.5
2024-10-08 14:31:00,0.5031641616214244,0.5
2024-10-08 14:32:00,0.503720734903909,0.5
2024-10-08 14:33:00,0.5027847613102099,0.5
2024-10-08 14:34:00,0.5021683262666585,0.5
2024-10-08 14:35:00,0.5016005832823265,0.5
2024-10-08 14:36:00,0.5017972656675769,0.5
2024-10-08 14:37:00,0.5019869981892875,0.5
2024-10-08 14:38:00,0.5016623943537242,0.5
2024-10-08 14:39:00,0.5025427231434014,0.5
2024-10-08 14:40:00,0.5026042573287308,0.5
2024-10-08 14:41:00,0.5023222499170743,0.49
2024-10-08 14:42:00,0.502900723372824,0.49
2024-10-08 14:43:00,0.5030321778605702,0.49
2024-10-08 14:44:00,0.5032453333934417,0.49
2024-10-08 14:45:00,0.5037411674978258,0.5
2024-10-08 14:46:00,0.5028669802678969,0.5
2024-10-08 14:47:00,0.5019566324714779,0.5
2024-10-08 14:48:00,0.5010506639681147,0.5
2024-10-08 14:49:00,0.5014748565286957,0.5
2024-10-08 14:50:00,0.5020505638106496,0.5
2024-10-08 14:51:00,0.5019555815609171,0.5
2024-10-08 14:52:00,0.500752683995662,0.49
2024-10-08 14:53:00,0.5006776085792277,0.49
2024-10-08 14:54:00,0.5002203581330769,0.49
2024-10-08 14:55:00,0.49969093498442896,0.49
2024-10-08 14:56:00,0.49992552788397115,0.5
2024-10-08 14:57:00,0.4994445340624629,0.5
2024-10-08 14:58:00,0.4988276975266219,0.5
2024-10-08 14:59:00,0.49883181675911215,0.5
2024-10-08 15:00:00,0.4988355041647974,0.5
2024-10-08 15:01:00,0.49892668861548395,0.5
2024-10-08 15:02:00,0.4999544458538667,0.5
2024-10-08 15:03:00,0.499330105651014,0.5
2024-10-08 15:04:00,0.49894732600980674,0.5
2024-10-08 15:05:00,0.49937016838066284,0.5
2024-10-08 15:06:00,0.49891327757990456,0.5
2024-10-08 15:07:00,0.4991785393400756,0.5
2024-10-08 15:08:00,0.4978821029444782,0.5
2024-10-08 15:09:00,0.4975975054430284,0.5
2024-10-08 15:10:00,0.4977792834677792,0.5
2024-10-08 15:11:00,0.49735529290009706,0.5
2024-10-08 15:12:00,0.49793848319697864,0.5
2024-10-08 15:13:00,0.49831761659846374,0.5
2024-10-08 15:14:00,0.4981459005176305,0.5
2024-10-08 15:15:00,0.4979811296790222,0.5
2024-10-08 15:16:00,0.49820070960278584,0.5
2024-10-08 15:17:00,0.4984268664416265,0.5
2024-10-08 15:18:00,0.4975697750498631,0.5
2024-10-08 15:19:00,0.4964576834527248,0.5
2024-10-08 15:20:00,0.496048714239014,0.5
2024-10-08 15:21:00,0.49520192485093006,0.5
2024-10-08 15:22:00,0.4952315102022464,0.5
2024-10-08 15:23:00,0.4953674001231698,0.5
2024-10-08 15:24:00,0.49425740434957155,0.5
2024-10-08 15:25:00,0.4933458449491226,0.5
2024-10-08 15:26:00,0.49293116828759875,0.5
2024-10-08 15:27:00,0.491904473461082,0.5
2024-10-08 15:28:00,0.4926751905308986,0.5
2024-10-08 15:29:00,0.4931084528098706,0.5
2024-10-08 15:30:00,0.49310873857152226,0.5
2024-10-08 15:31:00,0.4933502313357494,0.5
2024-10-08 15:32:00,0.4946040291334184,0.5
2024-10-08 15:33:00,0.4948319383872375,0.49
2024-10-08 15:34:00,0.4941721365891849,0.49
2024-10-08 15:35:00,0.4933760186648948,0.49
2024-10-08 15:36:00,0.49213867033651915,0.49
2024-10-08 15:37:00,0.4909081843700702,0.5
2024-10-08 15:38:00,0.49073751410250943,0.5
2024-10-08 15:39:00,0.49040215089478045,0.5
2024-10-08 15:40:00,0.4899974715745128,0.5
2024-10-08 15:41:00,0.490113025008897,0.5
2024-10-08 15:42:00,0.4897039748440435,0.5
2024-10-08 15:43:00,0.490706649173253,0.5
2024-10-08 15:44:00,0.49025431128538943,0.5
2024-10-08 15:45:00,0.48791915442570244,0.5
2024-10-08 15:46:00,0.48757636986607467,0.5
2024-10-08 15:47:00,0.4887839279247206,0.5
2024-10-08 15:48:00,0.48910296433660316,0.5
2024-10-08 15:49:00,0.48833978232456476,0.5
2024-10-08 15:50:00,0.4875415699366854,0.5
2024-10-08 15:51:00,0.48872564002866903,0.5
2024-10-08 15:52:00,0.48771896990840236,0.5
2024-10-08 15:53:00,0.4864084175837793,0.5
2024-10-08 15:54:00,0.48576383727949524,0.5
2024-10-08 15:55:00,0.4856266460731289,0.5
2024-10-08 15:56:00,0.4830574645796515,0.5
2024-10-08 15:57:00,0.4821477844147466,0.5
2024-10-08 15:58:00,0.4829141327799531,0.5
2024-10-08 15:59:00,0.48404775899169983,0.5
2024-10-08 16:00:00,0.48404775899169983,0.5
2024-10-09 09:35:00,0.487396189412898,0.5
2024-10-09 09:36:00,0.48598854114601475,0.5
2024-10-09 09:37:00,0.49049898013742843,0.5
2024-10-09 09:38:00,0.4904556498553114,0.5
2024-10-09 09:39:00,0.4890302813481464,0.5
2024-10-09 09:40:00,0.48726015921676846,0.5
2024-10-09 09:41:00,0.48895275994446075,0.5
2024-10-09 09:42:00,0.49431951236066163,0.5
2024-10-09 09:43:00,0.49726323643919135,0.5
2024-10-09 09:44:00,0.4966679166178263,0.5
2024-10-09 09:45:00,0.4987868525328978,0.5
2024-10-09 09:46:00,0.49599794287935794,0.5
2024-10-09 09:47:00,0.49385554539791054,0.5
2024-10-09 09:48:00,0.4940008246933145,0.5
2024-10-09 09:49:00,0.49611473592765765,0.5
2024-10-09 09:50:00,0.4942471590397026,0.5
2024-10-09 09:51:00,0.49263063366711646,0.5
2024-10-09 09:52:00,0.49192595776520087,0.5
2024-10-09 09:53:00,0.4937428152022274,0.5
2024-10-09 09:54:00,0.49324815096924346,0.5
2024-10-09 09:55:00,0.49306730635250307,0.5
2024-10-09 09:56:00,0.4931152337188316,0.5
2024-10-09 09:57:00,0.49514081413224376,0.5
2024-10-09 09:58:00,0.4934872476813894,0.5
2024-10-09 09:59:00,0.49188677066775655,0.5
2024-10-09 10:00:00,0.49063197451073637,0.5
2024-10-09 10:01:00,0.4924949791670217,0.5
2024-10-09 10:02:00,0.49331897698996596,0.5
2024-10-09 10:03:00,0.4910607886589762,0.5
2024-10-09 10:04:00,0.4906135137934651,0.5
2024-10-09 10:05:00,0.49125245045571586,0.5
2024-10-09 10:06:00,0.4899542290865455,0.5
2024-10-09 10:07:00,0.4901474715627596,0.5
2024-10-09 10:08:00,0.4921739860042138,0.5
2024-10-09 10:09:00,0.494769577959288,0.5
2024-10-09 10:10:00,0.49357941980728337,0.5
2024-10-09 10:11:00,0.49276664063652276,0.5
2024-10-09 10:12:00,0.49307320906027363,0.5
2024-10-09 10:13:00,0.4929777176727661,0.5
2024-10-09 10:14:00,0.4927214447524617,0.5
2024-10-09 10:15:00,0.49306770401302447,0.5
2024-10-09 10:16:00,0.4917878369487829,0.5
2024-10-09 10:17:00,0.49101197197459245,0.5
2024-10-09 10:18:00,0.488980568069483,0.5
2024-10-09 10:19:00,0.4889317092447649,0.5
2024-10-09 10:20:00,0.48936898148438135,0.5
2024-10-09 10:21:00,0.4903686340500635,0.5
2024-10-09 10:22:00,0.48795927592389954,0.5
2024-10-09 10:23:00,0.48608024739274014,0.5
2024-10-09 10:24:00,0.4849270699022925,0.5
2024-10-09 10:25:00,0.4848148935564198,0.5
2024-10-09 10:26:00,0.48416222944284315,0.5
2024-10-09 10:27:00,0.4820034499067385,0.5
2024-10-09 10:28:00,0.48207930955322786,0.5
2024-10-09 10:29:00,0.48259151012006396,0.5
2024-10-09 10:30:00,0.48353741095577685,0.5
2024-10-09 10:31:00,0.4843531520094506,0.5
2024-10-09 10:32:00,0.4856715908459266,0.5
2024-10-09 10:33:00,0.48640841671028157,0.5
2024-10-09 10:34:00,0.48665851361052126,0.5
2024-10-09 10:35:00,0.48606848501892386,0.5
2024-10-09 10:36:00,0.4862227594742119,0.5
2024-10-09 10:37:00,0.4879161494223425,0.5
2024-10-09 10:38:00,0.48651043737855004,0.5
2024-10-09 10:39:00,0.4844394235423508,0.5
2024-10-09 10:40:00,0.4857197958567647,0.5
2024-10-09 10:41:00,0.48583548750819605,0.5
2024-10-09 10:42:00,0.4867994087606651,0.49
2024-10-09 10:43:00,0.48792109391356875,0.49
2024-10-09 10:44:00,0.48642084163137533,0.5
2024-10-09 10:45:00,0.4852349691226425,0.5
2024-10-09 10:46:00,0.485449236362838,0.5
2024-10-09 10:47:00,0.486025651099365,0.5
2024-10-09 10:48:00,0.4861962043836907,0.5
2024-10-09 10:49:00,0.48553474695259147,0.5
2024-10-09 10:50:00,0.4847334767585265,0.5
2024-10-09 10:51:00,0.4850566315216549,0.5
2024-10-09 10:52:00,0.4860020409696697,0.5
2024-10-09 10:53:00,0.48643243398506386,0.5
2024-10-09 10:54:00,0.4864800081341858,0.5
2024-10-09 10:55:00,0.4844384981900849,0.5
2024-10-09 10:56:00,0.48388005903621445,0.5
2024-10-09 10:57:00,0.4821399442274321,0.5
2024-10-09 10:58:00,0.4811941404991906,0.5
2024-10-09 10:59:00,0.4799420747295955,0.5
2024-10-09 11:00:00,0.4785090308777178,0.5
2024-10-09 11:01:00,0.4781371513643691,0.5
2024-10-09 11:02:00,0.47767179393598513,0.5
2024-10-09 11:03:00,0.4771770187924631,0.5
2024-10-09 11:04:00,0.4765801515602093,0.5
2024-10-09 11:05:00,0.47591553241312545,0.5
2024-10-09 11:06:00,0.4756987226323852,0.5
2024-10-09 11:07:00,0.47563291849485245,0.5
2024-10-09 11:08:00,0.4758351551057103,0.5
2024-10-09 11:09:00,0.4769080770133749,0.5
2024-10-09 11:10:00,0.47712764463824375,0.5
2024-10-09 11:11:00,0.47670449890410027,0.5
2024-10-09 11:12:00,0.47750458556245934,0.5
2024-10-09 11:13:00,0.4781868147473365,0.5
2024-10-09 11:14:00,0.4783074161784946,0.5
2024-10-09 11:15:00,0.47879011941532723,0.5
2024-10-09 11:16:00,0.477742138941345,0.5
2024-10-09 11:17:00,0.477215821309392,0.5
2024-10-09 11:18:00,0.4780491820538011,0.5
2024-10-09 11:19:00,0.47783988418357937,0.5
2024-10-09 11:20:00,0.47812863341188483,0.5
2024-10-09 11:21:00,0.4771078169571725,0.5
2024-10-09 11:22:00,0.4781027288701749,0.5
2024-10-09 11:23:00,0.4774627460048826,0.5
2024-10-09 11:24:00,0.4774347693307639,0.5
2024-10-09 11:25:00,0.476509490585183,0.5
2024-10-09 11:26:00,0.47677307049033746,0.5
2024-10-09 11:27:00,0.47736718442021986,0.5
2024-10-09 11:28:00,0.4762148567639286,0.5
2024-10-09 11:29:00,0.47690576671392093,0.5
2024-10-09 11:30:00,0.4771101605845087,0.5
2024-10-09 11:31:00,0.4781284288244254,0.5
2024-10-09 11:32:00,0.47881361993203053,0.5
2024-10-09 11:33:00,0.4789041151316773,0.5
2024-10-09 11:34:00,0.47821666849160605,0.5
2024-10-09 11:35:00,0.4758596910724504,0.5
2024-10-09 11:36:00,0.4751188434252256,0.5
2024-10-09 11:37:00,0.47444673266285897,0.49
2024-10-09 11:38:00,0.47484690136766505,0.5
2024-10-09 11:39:00,0.47542470218074473,0.5
2024-10-09 11:40:00,0.4759684619734934,0.5
2024-10-09 11:41:00,0.47473456111420886,0.5
2024-10-09 11:42:00,0.47443295571165645,0.5
2024-10-09 11:43:00,0.4758795039987149,0.5
2024-10-09 11:44:00,0.47624772153019346,0.5
2024-10-09 11:45:00,0.47618023728100645,0.5
2024-10-09 11:46:00,0.4751438959278571,0.5
2024-10-09 11:47:00,0.47487436656716864,0.5
2024-10-09 11:48:00,0.47527223575516797,0.5
2024-10-09 11:49:00,0.4765792895284917,0.5
2024-10-09 11:50:00,0.4766283581929518,0.5
2024-10-09 11:51:00,0.47781214443480224,0.5
2024-10-09 11:52:00,0.4779308102481592,0.49
2024-10-09 11:53:00,0.4791267626802844,0.49
2024-10-09 11:54:00,0.47646047349649234,0.49
2024-10-09 11:55:00,0.4753559866664545,0.49
2024-10-09 11:56:00,0.47471595222383667,0.49
2024-10-09 11:57:00,0.47432252841140854,0.49
2024-10-09 11:58:00,0.47376519611069123,0.49
2024-10-09 11:59:00,0.47338731754202423,0.5
2024-10-09 12:00:00,0.4742201494503029,0.5
2024-10-09 12:01:00,0.47539971213571364,0.5
2024-10-09 12:02:00,0.4758219307470941,0.5
2024-10-09 12:03:00,0.4754775580868269,0.5
2024-10-09 12:04:00,0.4759686476777414,0.5
2024-10-09 12:05:00,0.47704132361441354,0.5
2024-10-09 12:06:00,0.474856186733269,0.5
2024-10-09 12:07:00,0.47450794905165883,0.5
2024-10-09 12:08:00,0.47361412652778445,0.5
2024-10-09 12:09:00,0.4733325141669946,0.5
2024-10-09 12:10:00,0.4730210623328108,0.5
2024-10-09 12:11:00,0.47181578669072377,0.5
2024-10-09 12:12:00,0.4722152345682715,0.5
2024-10-09 12:13:00,0.47298631765921084,0.5
2024-10-09 12:14:00,0.4748495823486729,0.5
2024-10-09 12:15:00,0.4765465960604718,0.5
2024-10-09 12:16:00,0.4748137479005805,0.5
2024-10-09 12:17:00,0.47533040095996504,0.5
2024-10-09 12:18:00,0.4765120107297418,0.5
2024-10-09 12:19:00,0.47749244649973943,0.5
2024-10-09 12:20:00,0.4762683442515321,0.5
2024-10-09 12:21:00,0.4762379218387378,0.5
2024-10-09 12:22:00,0.4767222758107328,0.5
2024-10-09 12:23:00,0.47749391187614765,0.5
2024-10-09 12:24:00,0.47869808002793746,0.5
2024-10-09 12:25:00,0.479380401776915,0.5
2024-10-09 12:26:00,0.479248346446828,0.5
2024-10-09 12:27:00,0.47841545128862717,0.5
2024-10-09 12:28:00,0.47768236673087006,0.5
2024-10-09 12:29:00,0.47781765161258005,0.5
2024-10-09 12:30:00,0.47827619033196744,0.5
2024-10-09 12:31:00,0.4776889317647173,0.5
2024-10-09 12:32:00,0.47807237004885983,0.5
2024-10-09 12:33:00,0.4778731059963983,0.5
2024-10-09 12:34:00,0.478172447211451,0.5
2024-10-09 12:35:00,0.4804896741165272,0.5
2024-10-09 12:36:00,0.4805546869448405,0.5
2024-10-09 12:37:00,0.4806339004321518,0.5
2024-10-09 12:38:00,0.47957962370278184,0.5
2024-10-09 12:39:00,0.4791155362814694,0.49
2024-10-09 12:40:00,0.4788568382704217,0.49
2024-10-09 12:41:00,0.47845525386475196,0.49
2024-10-09 12:42:00,0.4788913131651078,0.49
2024-10-09 12:43:00,0.47981480647121777,0.5
2024-10-09 12:44:00,0.47947647939086857,0.5
2024-10-09 12:45:00,0.4798579136588448,0.5
2024-10-09 12:46:00,0.480074678421899,0.5
2024-10-09 12:47:00,0.4804378970756866,0.5
2024-10-09 12:48:00,0.4816130756920216,0.5
2024-10-09 12:49:00,0.48103884552708664,0.49
2024-10-09 12:50:00,0.48158420506428024,0.49
2024-10-09 12:51:00,0.4815616453630056,0.49
2024-10-09 12:52:00,0.48171356500447193,0.49
2024-10-09 12:53:00,0.4826668519163173,0.5
2024-10-09 12:54:00,0.4833577448362736,0.5
2024-10-09 12:55:00,0.48233897033042283,0.5
2024-10-09 12:56:00,0.48235220023581493,0.5
2024-10-09 12:57:00,0.4824997240376654,0.5
2024-10-09 12:58:00,0.48336462456710927,0.5
2024-10-09 12:59:00,0.4833345437722041,0.5
2024-10-09 13:00:00,0.4837891349031682,0.5
2024-10-09 13:01:00,0.483281548972333,0.5
2024-10-09 13:02:00,0.4835777636740082,0.5
2024-10-09 13:03:00,0.4829267952188927,0.5
2024-10-09 13:04:00,0.4831165438864977,0.5
2024-10-09 13:05:00,0.4828098950028432,0.5
2024-10-09 13:06:00,0.48211470884969176,0.5
2024-10-09 13:07:00,0.48249230260902976,0.5
2024-10-09 13:08:00,0.4829499642588726,0.5
2024-10-09 13:09:00,0.4819403818819932,0.5
2024-10-09 13:10:00,0.4827043375353808,0.5
2024-10-09 13:11:00,0.483454743702904,0.5
2024-10-09 13:12:00,0.48273791997682314,0.5
2024-10-09 13:13:00,0.48154658953790963,0.5
2024-10-09 13:14:00,0.48129578161020725,0.5
2024-10-09 13:15:00,0.48070517894611986,0.5
2024-10-09 13:16:00,0.48006941429191596,0.5
2024-10-09 13:17:00,0.48148013569605363,0.5
2024-10-09 13:18:00,0.481547793308047,0.5
2024-10-09 13:19:00,0.48179778257719685,0.5
2024-10-09 13:20:00,0.4813715723334593,0.5
2024-10-09 13:21:00,0.4810417710226311,0.5
2024-10-09 13:22:00,0.48078658832763055,0.5
2024-10-09 13:23:00,0.48125404299581986,0.5
2024-10-09 13:24:00,0.4806782468620512,0.5
2024-10-09 13:25:00,0.48069899725800114,0.5
2024-10-09 13:26:00,0.48015020023876853,0.5
2024-10-09 13:27:00,0.4795651097403659,0.5
2024-10-09 13:28:00,0.47953563649228914,0.5
2024-10-09 13:29:00,0.47964747599978996,0.5
2024-10-09 13:30:00,0.4810752865199104,0.5
2024-10-09 13:31:00,0.4810314085199916,0.5
2024-10-09 13:32:00,0.4799402129356325,0.5
2024-10-09 13:33:00,0.47937133691170053,0.5
2024-10-09 13:34:00,0.4789286865181206,0.5
2024-10-09 13:35:00,0.48063129305912367,0.5
2024-10-09 13:36:00,0.48080060144322156,0.5
2024-10-09 13:37:00,0.48179249686733816,0.5
2024-10-09 13:38:00,0.4810389264105994,0.5
2024-10-09 13:39:00,0.482253018421259,0.5
2024-10-09 13:40:00,0.4813275330530977,0.5
2024-10-09 13:41:00,0.4819765517598762,0.5
2024-10-09 13:42:00,0.4815401754130526,0.5
2024-10-09 13:43:00,0.4821019653995633,0.5
2024-10-09 13:44:00,0.4817440043050156,0.5
2024-10-09 13:45:00,0.4813037757751484,0.5
2024-10-09 13:46:00,0.48195408348172264,0.5
2024-10-09 13:47:00,0.4812469408315587,0.5
2024-10-09 13:48:00,0.4819310785169202,0.5
2024-10-09 13:49:00,0.4822187035022967,0.5
2024-10-09 13:50:00,0.48242596580988395,0.5
2024-10-09 13:51:00,0.48323133057036505,0.5
2024-10-09 13:52:00,0.48410960367525147,0.5
2024-10-09 13:53:00,0.4855949903414152,0.5
2024-10-09 13:54:00,0.48487548641254397,0.5
2024-10-09 13:55:00,0.48442583815087503,0.5
2024-10-09 13:56:00,0.4847011232195133,0.5
2024-10-09 13:57:00,0.4829253257176942,0.5
2024-10-09 13:58:00,0.4821407613768842,0.5
2024-10-09 13:59:00,0.4818781435970865,0.5
2024-10-09 14:00:00,0.4807378506068172,0.5
2024-10-09 14:01:00,0.4814669101579552,0.5
2024-10-09 14:02:00,0.47951056113869206,0.5
2024-10-09 14:03:00,0.4785337775839553,0.5
2024-10-09 14:04:00,0.47737664329854446,0.49
2024-10-09 14:05:00,0.47768471878306173,0.49
2024-10-09 14:06:00,0.47827003328870954,0.5
2024-10-09 14:07:00,0.4776581980623684,0.5
2024-10-09 14:08:00,0.4783464702630542,0.5
2024-10-09 14:09:00,0.4783702707095905,0.5
2024-10-09 14:10:00,0.478794368817683,0.5
2024-10-09 14:11:00,0.4786373180781214,0.5
2024-10-09 14:12:00,0.4778858424139132,0.5
2024-10-09 14:13:00,0.4784282177206485,0.5
2024-10-09 14:14:00,0.4777921713221731,0.5
2024-10-09 14:15:00,0.47878643370294394,0.5
2024-10-09 14:16:00,0.47949877124109386,0.5
2024-10-09 14:17:00,0.47934263238076924,0.5
2024-10-09 14:18:00,0.47939792269360715,0.5
2024-10-09 14:19:00,0.47874047512167883,0.5
2024-10-09 14:20:00,0.4787934566081302,0.5
2024-10-09 14:21:00,0.47984213925279007,0.5
2024-10-09 14:22:00,0.47807680403753694,0.5
2024-10-09 14:23:00,0.47726656317859484,0.5
2024-10-09 14:24:00,0.47666318314340006,0.5
2024-10-09 14:25:00,0.4750047621036446,0.5
2024-10-09 14:26:00,0.47375943436920287,0.5
2024-10-09 14:27:00,0.47308692323619295,0.49
2024-10-09 14:28:00,0.47153603006700506,0.5
2024-10-09 14:29:00,0.470685048505999,0.5
2024-10-09 14:30:00,0.47036842148046465,0.5
2024-10-09 14:31:00,0.4707595236369839,0.5
2024-10-09 14:32:00,0.47113898885398053,0.5
2024-10-09 14:33:00,0.4717204649282769,0.5
2024-10-09 14:34:00,0.4722738035725824,0.5
2024-10-09 14:35:00,0.47246594823866617,0.5
2024-10-09 14:36:00,0.47274835492851763,0.5
2024-10-09 14:37:00,0.47231112824471055,0.5
2024-10-09 14:38:00,0.4718243518303209,0.5
2024-10-09 14:39:00,0.4710854951600638,0.5
2024-10-09 14:40:00,0.47037278218416323,0.5
2024-10-09 14:41:00,0.4707305468088354,0.5
2024-10-09 14:42:00,0.47036580014858154,0.5
2024-10-09 14:43:00,0.47045828900783015,0.5
2024-10-09 14:44:00,0.46958074798185057,0.5
2024-10-09 14:45:00,0.468099088681613,0.5
2024-10-09 14:46:00,0.46795068960223163,0.5
2024-10-09 14:47:00,0.4684555262262353,0.5
2024-10-09 14:48:00,0.46886520382803387,0.5
2024-10-09 14:49:00,0.4689554188509637,0.5
2024-10-09 14:50:00,0.46975538452440957,0.49
2024-10-09 14:51:00,0.4698074787039388,0.5
2024-10-09 14:52:00,0.46906957303844776,0.5
2024-10-09 14:53:00,0.4689548778021295,0.5
2024-10-09 14:54:00,0.4695704166448287,0.5
2024-10-09 14:55:00,0.468766632759942,0.5
2024-10-09 14:56:00,0.46964796672178255,0.5
2024-10-09 14:57:00,0.4690114726709431,0.5
2024-10-09 14:58:00,0.470046391376701,0.5
2024-10-09 14:59:00,0.46919739521933557,0.5
2024-10-09 15:00:00,0.4705580594603844,0.5
2024-10-09 15:01:00,0.47068535983014415,0.5
2024-10-09 15:02:00,0.47031581427509894,0.5
2024-10-09 15:03:00,0.470391807320097,0.5
2024-10-09 15:04:00,0.4700061213541893,0.5
2024-10-09 15:05:00,0.4694399040229744,0.5
2024-10-09 15:06:00,0.4691223737778005,0.5
2024-10-09 15:07:00,0.4710822191532371,0.5
2024-10-09 15:08:00,0.4705403063300364,0.51
2024-10-09 15:09:00,0.4713715849760567,0.51
2024-10-09 15:10:00,0.47033650192800125,0.51
2024-10-09 15:11:00,0.47036198322109457,0.51
2024-10-09 15:12:00,0.4708321637518551,0.51
2024-10-09 15:13:00,0.47050715742502436,0.51
2024-10-09 15:14:00,0.4701536955330885,0.51
2024-10-09 15:15:00,0.468759225584799,0.51
2024-10-09 15:16:00,0.4695129148772461,0.51
2024-10-09 15:17:00,0.47019603747162786,0.51
2024-10-09 15:18:00,0.4703291879592728,0.51
2024-10-09 15:19:00,0.4705387002387942,0.51
2024-10-09 15:20:00,0.47000792201713915,0.51
2024-10-09 15:21:00,0.469557387764983,0.51
2024-10-09 15:22:00,0.4690030344565901,0.51
2024-10-09 15:23:00,0.4694928012879662,0.51
2024-10-09 15:24:00,0.4694319444990025,0.51
2024-10-09 15:25:00,0.4700095067424328,0.51
2024-10-09 15:26:00,0.4700573327675144,0.51
2024-10-09 15:27:00,0.469976696797356,0.51
2024-10-09 15:28:00,0.47200851261440424,0.51
2024-10-09 15:29:00,0.47160773761019237,0.51
2024-10-09 15:30:00,0.47083448473426537,0.51
2024-10-09 15:31:00,0.47015281443004775,0.51
2024-10-09 15:32:00,0.4684836560218095,0.5
2024-10-09 15:33:00,0.4670341132508209,0.51
2024-10-09 15:34:00,0.46671412643212906,0.51
2024-10-09 15:35:00,0.46683668610405804,0.51
2024-10-09 15:36:00,0.46620550794554094,0.51
2024-10-09 15:37:00,0.4669513288115932,0.51
2024-10-09 15:38:00,0.4676590781318033,0.51
2024-10-09 15:39:00,0.4679188858573833,0.51
2024-10-09 15:40:00,0.467632577302721,0.5
2024-10-09 15:41:00,0.4669228045287894,0.5
2024-10-09 15:42:00,0.4672761124203306,0.5
2024-10-09 15:43:00,0.46795462577991276,0.5
2024-10-09 15:44:00,0.4673037795031145,0.5
2024-10-09 15:45:00,0.46814087852511377,0.51
2024-10-09 15:46:00,0.4681650752034161,0.51
2024-10-09 15:47:00,0.4677472095917288,0.51
2024-10-09 15:48:00,0.46763064511519414,0.51
2024-10-09 15:49:00,0.4671637551636245,0.51
2024-10-09 15:50:00,0.4681553205034683,0.51
2024-10-09 15:51:00,0.4682917973221745,0.51
2024-10-09 15:52:00,0.46769773276622106,0.51
2024-10-09 15:53:00,0.4690832441527448,0.51
2024-10-09 15:54:00,0.46807233951562544,0.51
2024-10-09 15:55:00,0.46854539945324203,0.51
2024-10-09 15:56:00,0.470137849858425,0.51
2024-10-09 15:57:00,0.469647927981965,0.51
2024-10-09 15:58:00,0.4684674782653244,0.51
2024-10-09 15:59:00,0.46983468778504967,0.51
2024-10-09 16:00:00,0.46983468778504967,0.51
2024-10-10 09:30:00,0.4939985832631908,0.52
2024-10-10 09:31:00,0.4836268841253324,0.52
2024-10-10 09:32:00,0.486690838980121,0.52
2024-10-10 09:33:00,0.48783899623222093,0.52
2024-10-10 09:34:00,0.4854443272962057,0.52
2024-10-10 09:35:00,0.4853799701965589,0.51
2024-10-10 09:36:00,0.48499106431963157,0.51
2024-10-10 09:37:00,0.4870952870439773,0.51
2024-10-10 09:38:00,0.48752081216803744,0.51
2024-10-10 09:39:00,0.4883416290878635,0.51
2024-10-10 09:40:00,0.4913079723542506,0.51
2024-10-10 09:41:00,0.4907941415836403,0.51
2024-10-10 09:42:00,0.4873483804871943,0.51
2024-10-10 09:43:00,0.48603163629402535,0.51
2024-10-10 09:44:00,0.4884274914537794,0.51
2024-10-10 09:45:00,0.4884476704533174,0.51
2024-10-10 09:46:00,0.49049666007816595,0.51
2024-10-10 09:47:00,0.49377628131130913,0.52
2024-10-10 09:48:00,0.4900662927692123,0.52
2024-10-10 09:49:00,0.4902713580439839,0.52
2024-10-10 09:50:00,0.48834732269324177,0.52
2024-10-10 09:51:00,0.4899717769094909,0.52
2024-10-10 09:52:00,0.4879765091156434,0.52
2024-10-10 09:53:00,0.4876093824444634,0.51
2024-10-10 09:54:00,0.48618176150728476,0.51
2024-10-10 09:55:00,0.48418231504911335,0.51
2024-10-10 09:56:00,0.4837225719563729,0.51
2024-10-10 09:57:00,0.4852062088355813,0.52
2024-10-10 09:58:00,0.48352514307081207,0.52
2024-10-10 09:59:00,0.48587689620044583,0.52
2024-10-10 10:00:00,0.4822067123949385,0.52
2024-10-10 10:01:00,0.4807979635171027,0.52
2024-10-10 10:02:00,0.4849054497768177,0.52
2024-10-10 10:03:00,0.48236147197110824,0.52
2024-10-10 10:04:00,0.4838264620747903,0.52
2024-10-10 10:05:00,0.4816726223812948,0.51
2024-10-10 10:06:00,0.4844327400429995,0.51
2024-10-10 10:07:00,0.48485908770368424,0.52
2024-10-10 10:08:00,0.48618875048664356,0.52
2024-10-10 10:09:00,0.48728134323933747,0.52
2024-10-10 10:10:00,0.4854847654576686,0.52
2024-10-10 10:11:00,0.4831249570803082,0.52
2024-10-10 10:12:00,0.4852708384840321,0.52
2024-10-10 10:13:00,0.4848680683988704,0.52
2024-10-10 10:14:00,0.4834911004793876,0.52
2024-10-10 10:15:00,0.48217791462565596,0.52
2024-10-10 10:16:00,0.48307420021890946,0.52
2024-10-10 10:17:00,0.48257554234706723,0.52
2024-10-10 10:18:00,0.4837663654080957,0.52
2024-10-10 10:19:00,0.4848500045728612,0.52
2024-10-10 10:20:00,0.48489319544495024,0.52
2024-10-10 10:21:00,0.484877122351812,0.52
2024-10-10 10:22:00,0.48475338105883137,0.52
2024-10-10 10:23:00,0.48617329123784114,0.52
2024-10-10 10:24:00,0.48582816933899786,0.52
2024-10-10 10:25:00,0.4866588182011824,0.52
2024-10-10 10:26:00,0.4859797865943192,0.52
2024-10-10 10:27:00,0.4853792344373653,0.52
2024-10-10 10:28:00,0.4858934708552256,0.52
2024-10-10 10:29:00,0.48495530763537853,0.52
2024-10-10 10:30:00,0.4858982669081453,0.52
2024-10-10 10:31:00,0.48787462438032914,0.51
2024-10-10 10:32:00,0.4893988336460524,0.52
2024-10-10 10:33:00,0.48997676472841145,0.52
2024-10-10 10:34:00,0.4894119831392245,0.52
2024-10-10 10:35:00,0.48925814480999086,0.52
2024-10-10 10:36:00,0.48954885218828825,0.52
2024-10-10 10:37:00,0.4885218605647952,0.52
2024-10-10 10:38:00,0.48940555364713423,0.52
2024-10-10 10:39:00,0.4886883631214245,0.52
2024-10-10 10:40:00,0.4907016709094736,0.52
2024-10-10 10:41:00,0.48954945878256706,0.52
2024-10-10 10:42:00,0.48820235464027895,0.52
2024-10-10 10:43:00,0.4858609102280018,0.52
2024-10-10 10:44:00,0.4865431265661073,0.52
2024-10-10 10:45:00,0.4865815744612496,0.52
2024-10-10 10:46:00,0.48689280789228495,0.52
2024-10-10 10:47:00,0.48485318600115135,0.52
2024-10-10 10:48:00,0.4868231825763172,0.52
2024-10-10 10:49:00,0.48644437774691096,0.52
2024-10-10 10:50:00,0.4846658865860871,0.52
2024-10-10 10:51:00,0.48673603783453934,0.52
2024-10-10 10:52:00,0.4908528237170391,0.52
2024-10-10 10:53:00,0.49114141442928605,0.52
2024-10-10 10:54:00,0.49079182430883495,0.52
2024-10-10 10:55:00,0.490229254830542,0.52
2024-10-10 10:56:00,0.48929733770331807,0.52
2024-10-10 10:57:00,0.48924903173573786,0.52
2024-10-10 10:58:00,0.48957677384785003,0.52
2024-10-10 10:59:00,0.48915175780969444,0.52
2024-10-10 11:00:00,0.49068290146857385,0.52
2024-10-10 11:01:00,0.4903734916625744,0.52
2024-10-10 11:02:00,0.49132186574047965,0.52
2024-10-10 11:03:00,0.4913974299837778,0.52
2024-10-10 11:04:00,0.49125609660270686,0.52
2024-10-10 11:05:00,0.49147153901520224,0.52
2024-10-10 11:06:00,0.4914482405520946,0.52
2024-10-10 11:07:00,0.48893972321084633,0.52
2024-10-10 11:08:00,0.48893001551338533,0.52
2024-10-10 11:09:00,0.48992341788371907,0.52
2024-10-10 11:10:00,0.4903765393158259,0.52
2024-10-10 11:11:00,0.48869711407276584,0.52
2024-10-10 11:12:00,0.4899887051487941,0.52
2024-10-10 11:13:00,0.48944947547010664,0.52
2024-10-10 11:14:00,0.487408211189279,0.51
2024-10-10 11:15:00,0.4864674697021616,0.51
2024-10-10 11:16:00,0.48852476954191926,0.52
2024-10-10 11:17:00,0.487772396348894,0.52
2024-10-10 11:18:00,0.4880960159831862,0.52
2024-10-10 11:19:00,0.488486489469276,0.52
2024-10-10 11:20:00,0.4895285676274852,0.52
2024-10-10 11:21:00,0.4891537922879101,0.52
2024-10-10 11:22:00,0.4891005763868479,0.52
2024-10-10 11:23:00,0.4887007383929005,0.52
2024-10-10 11:24:00,0.4885224633958354,0.52
2024-10-10 11:25:00,0.4866214108341429,0.51
2024-10-10 11:26:00,0.4860606083928365,0.51
2024-10-10 11:27:00,0.48544858824967174,0.51
2024-10-10 11:28:00,0.48507332744591536,0.51
2024-10-10 11:29:00,0.4861348982872016,0.51
2024-10-10 11:30:00,0.48765361758288006,0.51
2024-10-10 11:31:00,0.4885536229498262,0.51
2024-10-10 11:32:00,0.48781025504013864,0.51
2024-10-10 11:33:00,0.4869603210667044,0.51
2024-10-10 11:34:00,0.4873360097968169,0.51
2024-10-10 11:35:00,0.4876302263404606,0.51
2024-10-10 11:36:00,0.4883627798110053,0.51
2024-10-10 11:37:00,0.4887718285826186,0.51
2024-10-10 11:38:00,0.4885711271906963,0.51
2024-10-10 11:39:00,0.4872354162502226,0.51
2024-10-10 11:40:00,0.48795118477195065,0.51
2024-10-10 11:41:00,0.4892588637482722,0.51
2024-10-10 11:42:00,0.4870888916212224,0.51
2024-10-10 11:43:00,0.4866474586181442,0.51
2024-10-10 11:44:00,0.4843929042154056,0.51
2024-10-10 11:45:00,0.4841595780243326,0.51
2024-10-10 11:46:00,0.48424989160777154,0.51
2024-10-10 11:47:00,0.48371881425469465,0.51
2024-10-10 11:48:00,0.48376451625614014,0.51
2024-10-10 11:49:00,0.4837553612411851,0.5
2024-10-10 11:50:00,0.4842347065422825,0.5
2024-10-10 11:51:00,0.48478958521435733,0.5
2024-10-10 11:52:00,0.48390071835691395,0.5
2024-10-10 11:53:00,0.4832020309870748,0.51
2024-10-10 11:54:00,0.4830565299127272,0.51
2024-10-10 11:55:00,0.48361200216852374,0.51
2024-10-10 11:56:00,0.48243525616212524,0.51
2024-10-10 11:57:00,0.48406404891912547,0.51
2024-10-10 11:58:00,0.48427669355037595,0.51
2024-10-10 11:59:00,0.48372667918796597,0.51
2024-10-10 12:00:00,0.48295301414515124,0.51
2024-10-10 12:01:00,0.4834973977692909,0.51
2024-10-10 12:02:00,0.48448607120881637,0.51
2024-10-10 12:03:00,0.48374606009583476,0.51
2024-10-10 12:04:00,0.4837976046306218,0.51
2024-10-10 12:05:00,0.4835429113405374,0.51
2024-10-10 12:06:00,0.48424212858146887,0.51
2024-10-10 12:07:00,0.4841540601176664,0.51
2024-10-10 12:08:00,0.48393456789270073,0.5
2024-10-10 12:09:00,0.48381640446006213,0.5
2024-10-10 12:10:00,0.48362238180726647,0.51
2024-10-10 12:11:00,0.48190391790766296,0.51
2024-10-10 12:12:00,0.4823616688622401,0.51
2024-10-10 12:13:00,0.4839730953446717,0.51
2024-10-10 12:14:00,0.4841505468005878,0.51
2024-10-10 12:15:00,0.4823900879624985,0.51
2024-10-10 12:16:00,0.4818775969476976,0.51
2024-10-10 12:17:00,0.4825018100985059,0.51
2024-10-10 12:18:00,0.4839533990784666,0.51
2024-10-10 12:19:00,0.48362271748255314,0.51
2024-10-10 12:20:00,0.4839264199897848,0.51
2024-10-10 12:21:00,0.48468463707961473,0.51
2024-10-10 12:22:00,0.48565327927028057,0.51
2024-10-10 12:23:00,0.4843871071877379,0.51
2024-10-10 12:24:00,0.4847707159567969,0.51
2024-10-10 12:25:00,0.4862247663574435,0.51
2024-10-10 12:26:00,0.4878635015593009,0.51
2024-10-10 12:27:00,0.48821649402110245,0.51
2024-10-10 12:28:00,0.48902330265499727,0.51
2024-10-10 12:29:00,0.4884231260669283,0.51
2024-10-10 12:30:00,0.49043303252413506,0.51
2024-10-10 12:31:00,0.4897388029482397,0.51
2024-10-10 12:32:00,0.48798651864633213,0.51
2024-10-10 12:33:00,0.4872824366553845,0.51
2024-10-10 12:34:00,0.4877382084351669,0.51
2024-10-10 12:35:00,0.4883521383171845,0.51
2024-10-10 12:36:00,0.4865755008381736,0.51
2024-10-10 12:37:00,0.48668201332387295,0.51
2024-10-10 12:38:00,0.48719681090267497,0.51
2024-10-10 12:39:00,0.48768456532553395,0.51
2024-10-10 12:40:00,0.48785822210051566,0.52
2024-10-10 12:41:00,0.48843418238582115,0.52
2024-10-10 12:42:00,0.48997091625270106,0.52
2024-10-10 12:43:00,0.4893125864511674,0.52
2024-10-10 12:44:00,0.4905394926830404,0.52
2024-10-10 12:45:00,0.49018703106600836,0.52
2024-10-10 12:46:00,0.4913361701464962,0.52
2024-10-10 12:47:00,0.49177722039404803,0.52
2024-10-10 12:48:00,0.49126668642452676,0.52
2024-10-10 12:49:00,0.4917024166866344,0.52
2024-10-10 12:50:00,0.49276836210871866,0.52
2024-10-10 12:51:00,0.49297843359757443,0.53
2024-10-10 12:52:00,0.4923815669168794,0.53
2024-10-10 12:53:00,0.4925743646437353,0.53
2024-10-10 12:54:00,0.4910595533115065,0.53
2024-10-10 12:55:00,0.4910023769116012,0.53
2024-10-10 12:56:00,0.4908132381712107,0.53
2024-10-10 12:57:00,0.4915851826403712,0.53
2024-10-10 12:58:00,0.4926137908559285,0.53
2024-10-10 12:59:00,0.49152842531344354,0.53
2024-10-10 13:00:00,0.4914880598725937,0.53
2024-10-10 13:01:00,0.49041260801395903,0.53
2024-10-10 13:02:00,0.48978141604821457,0.53
2024-10-10 13:03:00,0.4891760044241378,0.53
2024-10-10 13:04:00,0.4894354895850934,0.53
2024-10-10 13:05:00,0.48917681723737183,0.53
2024-10-10 13:06:00,0.4888775063454973,0.53
2024-10-10 13:07:00,0.49028377040003357,0.53
2024-10-10 13:08:00,0.49049791357430883,0.53
2024-10-10 13:09:00,0.49009719140330676,0.52
2024-10-10 13:10:00,0.49090416756884836,0.53
2024-10-10 13:11:00,0.48990346515422334,0.53
2024-10-10 13:12:00,0.49214278482202567,0.53
2024-10-10 13:13:00,0.4915703014194561,0.53
2024-10-10 13:14:00,0.4905860041544645,0.53
2024-10-10 13:15:00,0.490841637537198,0.53
2024-10-10 13:16:00,0.49065810221766415,0.53
2024-10-10 13:17:00,0.4897048739542915,0.53
2024-10-10 13:18:00,0.48889974659048163,0.53
2024-10-10 13:19:00,0.48943201638438105,0.53
2024-10-10 13:20:00,0.48774610392143924,0.53
2024-10-10 13:21:00,0.48638814196884117,0.53
2024-10-10 13:22:00,0.4855648525469871,0.53
2024-10-10 13:23:00,0.48632976595552724,0.53
2024-10-10 13:24:00,0.4872440845780661,0.53
2024-10-10 13:25:00,0.4873159437823078,0.53
2024-10-10 13:26:00,0.4874653763088401,0.53
2024-10-10 13:27:00,0.48727041152184936,0.53
2024-10-10 13:28:00,0.48843940124809504,0.53
2024-10-10 13:29:00,0.48819805482342526,0.53
2024-10-10 13:30:00,0.48739283301480785,0.53
2024-10-10 13:31:00,0.4876211785859741,0.53
2024-10-10 13:32:00,0.487672693248004,0.53
2024-10-10 13:33:00,0.4875857763618827,0.53
2024-10-10 13:34:00,0.4880919247461588,0.53
2024-10-10 13:35:00,0.48758368513924455,0.53
2024-10-10 13:36:00,0.4873920033843302,0.53
2024-10-10 13:37:00,0.4875966051968865,0.53
2024-10-10 13:38:00,0.4880603118345521,0.53
2024-10-10 13:39:00,0.48821316291604133,0.53
2024-10-10 13:40:00,0.48783300305051225,0.53
2024-10-10 13:41:00,0.4881089895467452,0.52
2024-10-10 13:42:00,0.486749372341609,0.53
2024-10-10 13:43:00,0.4873921203066309,0.53
2024-10-10 13:44:00,0.48685969934262263,0.53
2024-10-10 13:45:00,0.4874536229691342,0.53
2024-10-10 13:46:00,0.48786274045858247,0.53
2024-10-10 13:47:00,0.4886081242708842,0.53
2024-10-10 13:48:00,0.4884893304395297,0.53
2024-10-10 13:49:00,0.4889383733792825,0.53
2024-10-10 13:50:00,0.48978943941620945,0.53
2024-10-10 13:51:00,0.49100052471839484,0.53
2024-10-10 13:52:00,0.4911160871056992,0.53
2024-10-10 13:53:00,0.4916664416808414,0.53
2024-10-10 13:54:00,0.488828080795751,0.52
2024-10-10 13:55:00,0.4890437713982496,0.53
2024-10-10 13:56:00,0.4886082692457767,0.52
2024-10-10 13:57:00,0.4869911863198564,0.52
2024-10-10 13:58:00,0.4881122055052247,0.52
2024-10-10 13:59:00,0.4872910565862514,0.53
2024-10-10 14:00:00,0.4878427073571199,0.53
2024-10-10 14:01:00,0.4887540407745863,0.52
2024-10-10 14:02:00,0.4895507234587313,0.52
2024-10-10 14:03:00,0.4894143805519626,0.52
2024-10-10 14:04:00,0.4897471980534671,0.52
2024-10-10 14:05:00,0.48902913542532267,0.52
2024-10-10 14:06:00,0.49004420753322475,0.53
2024-10-10 14:07:00,0.48885413967428515,0.53
2024-10-10 14:08:00,0.48876308294467363,0.52
2024-10-10 14:09:00,0.4889431851678825,0.53
2024-10-10 14:10:00,0.48839816280490944,0.53
2024-10-10 14:11:00,0.48881459396999305,0.53
2024-10-10 14:12:00,0.4894871532102305,0.53
2024-10-10 14:13:00,0.4891138492452123,0.53
2024-10-10 14:14:00,0.4900555793671659,0.53
2024-10-10 14:15:00,0.49003898448546335,0.53
2024-10-10 14:16:00,0.4904422189756026,0.53
2024-10-10 14:17:00,0.4901380256331713,0.53
2024-10-10 14:18:00,0.490328530746057,0.53
2024-10-10 14:19:00,0.48924310749591204,0.53
2024-10-10 14:20:00,0.4895957146611496,0.53
2024-10-10 14:21:00,0.48899910186856865,0.53
2024-10-10 14:22:00,0.4879328497336728,0.53
2024-10-10 14:23:00,0.48781631635075606,0.53
2024-10-10 14:24:00,0.48887495460463026,0.53
2024-10-10 14:25:00,0.4886169843148658,0.53
2024-10-10 14:26:00,0.4887682616652731,0.53
2024-10-10 14:27:00,0.48949876496589373,0.53
2024-10-10 14:28:00,0.4899035802635947,0.53
2024-10-10 14:29:00,0.49017778581647176,0.53
2024-10-10 14:30:00,0.4906797048147744,0.53
2024-10-10 14:31:00,0.49142185006444694,0.53
2024-10-10 14:32:00,0.49201973382768904,0.53
2024-10-10 14:33:00,0.4919982143820498,0.53
2024-10-10 14:34:00,0.49144628480620045,0.53
2024-10-10 14:35:00,0.4927088956629879,0.53
2024-10-10 14:36:00,0.4937653247452267,0.53
2024-10-10 14:37:00,0.4943836635107368,0.53
2024-10-10 14:38:00,0.49418093571290655,0.53
2024-10-10 14:39:00,0.4942415044092827,0.53
2024-10-10 14:40:00,0.4929490707052502,0.52
2024-10-10 14:41:00,0.49413563923892867,0.53
2024-10-10 14:42:00,0.49433528123231896,0.53
2024-10-10 14:43:00,0.49382518247187046,0.53
2024-10-10 14:44:00,0.4936911468376859,0.53
2024-10-10 14:45:00,0.4924656547892303,0.53
2024-10-10 14:46:00,0.49295625085527583,0.53
2024-10-10 14:47:00,0.49249481603951195,0.53
2024-10-10 14:48:00,0.4922087990417354,0.53
2024-10-10 14:49:00,0.4923603640340357,0.53
2024-10-10 14:50:00,0.49349575732478645,0.53
2024-10-10 14:51:00,0.49189491694840126,0.53
2024-10-10 14:52:00,0.49180352774055325,0.53
2024-10-10 14:53:00,0.4925270585803114,0.53
2024-10-10 14:54:00,0.4916336106381374,0.53
2024-10-10 14:55:00,0.491038531868665,0.52
2024-10-10 14:56:00,0.49126074046379187,0.52
2024-10-10 14:57:00,0.4910747470569874,0.52
2024-10-10 14:58:00,0.4918983402238657,0.52
2024-10-10 14:59:00,0.4918056824135213,0.53
2024-10-10 15:00:00,0.4925541813163108,0.53
2024-10-10 15:01:00,0.4932278988371579,0.53
2024-10-10 15:02:00,0.493634503449633,0.53
2024-10-10 15:03:00,0.4935836669577831,0.53
2024-10-10 15:04:00,0.4949365971057753,0.53
2024-10-10 15:05:00,0.49506481311030837,0.53
2024-10-10 15:06:00,0.4944324841608807,0.52
2024-10-10 15:07:00,0.49489965418791715,0.53
2024-10-10 15:08:00,0.49422397545970864,0.53
2024-10-10 15:09:00,0.49371458932701384,0.53
2024-10-10 15:10:00,0.4936062108449131,0.53
2024-10-10 15:11:00,0.4931517440757551,0.53
2024-10-10 15:12:00,0.4940876057326744,0.53
2024-10-10 15:13:00,0.49427851472787565,0.53
2024-10-10 15:14:00,0.4936900982799306,0.53
2024-10-10 15:15:00,0.49393491083315966,0.53
2024-10-10 15:16:00,0.4933961508014575,0.53
2024-10-10 15:17:00,0.49249612501318896,0.53
2024-10-10 15:18:00,0.4916468060278196,0.53
2024-10-10 15:19:00,0.4911795016217513,0.53
2024-10-10 15:20:00,0.4909038182767336,0.53
2024-10-10 15:21:00,0.4903900216584687,0.53
2024-10-10 15:22:00,0.4897292675801006,0.53
2024-10-10 15:23:00,0.49097448925106435,0.53
2024-10-10 15:24:00,0.4915044175691967,0.53
2024-10-10 15:25:00,0.4917529240949523,0.52
2024-10-10 15:26:00,0.4919812555769536,0.53
2024-10-10 15:27:00,0.49030751569305786,0.53
2024-10-10 15:28:00,0.4893302110178046,0.53
2024-10-10 15:29:00,0.48970830351243033,0.52
2024-10-10 15:30:00,0.4903191144666439,0.52
2024-10-10 15:31:00,0.4900010100265624,0.53
2024-10-10 15:32:00,0.48972545320779903,0.53
2024-10-10 15:33:00,0.4892985625567998,0.53
2024-10-10 15:34:00,0.48971641025002977,0.53
2024-10-10 15:35:00,0.48958777974199585,0.53
2024-10-10 15:36:00,0.4891584917098124,0.53
2024-10-10 15:37:00,0.4896339572020081,0.53
2024-10-10 15:38:00,0.48825631680286175,0.53
2024-10-10 15:39:00,0.48787062682783033,0.53
2024-10-10 15:40:00,0.48769413587297783,0.53
2024-10-10 15:41:00,0.4876146273161355,0.53
2024-10-10 15:42:00,0.4878494010315906,0.53
2024-10-10 15:43:00,0.487279516631711,0.53
2024-10-10 15:44:00,0.48577221624549183,0.53
2024-10-10 15:45:00,0.4860944540589409,0.53
2024-10-10 15:46:00,0.4853995724436275,0.53
2024-10-10 15:47:00,0.4846940500505543,0.53
2024-10-10 15:48:00,0.484631626654352,0.53
2024-10-10 15:49:00,0.4841465892306427,0.53
2024-10-10 15:50:00,0.4843390476117515,0.53
2024-10-10 15:51:00,0.48432664750374754,0.53
2024-10-10 15:52:00,0.485214255712197,0.53
2024-10-10 15:53:00,0.48334994685711075,0.53
2024-10-10 15:54:00,0.4839187078583127,0.53
2024-10-10 15:55:00,0.48413560554876267,0.53
2024-10-10 15:56:00,0.48399047908907744,0.53
2024-10-10 15:57:00,0.4846328856683637,0.53
2024-10-10 15:58:00,0.4846899320517688,0.53
2024-10-10 15:59:00,0.48401821171460946,0.52
2024-10-10 16:00:00,0.48401821171460946,0.52
2024-10-11 09:30:00,0.4832215070883705,0.53
2024-10-11 09:31:00,0.4850256075908883,0.53
2024-10-11 09:32:00,0.4929049990826526,0.53
2024-10-11 09:33:00,0.49402761434078957,0.53
2024-10-11 09:34:00,0.4893255599684394,0.53
2024-10-11 09:35:00,0.4939834223645969,0.53
2024-10-11 09:36:00,0.496057049052425,0.53
2024-10-11 09:37:00,0.4942472998842906,0.52
2024-10-11 09:38:00,0.4944055385493933,0.53
2024-10-11 09:39:00,0.49600653847175624,0.52
2024-10-11 09:40:00,0.4942328552017472,0.53
2024-10-11 09:41:00,0.4940531101402301,0.53
2024-10-11 09:42:00,0.4936719922694459,0.53
2024-10-11 09:43:00,0.4899199546553803,0.53
2024-10-11 09:44:00,0.49150572377584134,0.53
2024-10-11 09:45:00,0.4892858991656215,0.53
2024-10-11 09:46:00,0.4875680764750683,0.53
2024-10-11 09:47:00,0.4918965598381806,0.53
2024-10-11 09:48:00,0.4917054553074236,0.53
2024-10-11 09:49:00,0.49198186937862354,0.53
2024-10-11 09:50:00,0.4912976232013053,0.53
2024-10-11 09:51:00,0.4892443499985435,0.53
2024-10-11 09:52:00,0.49004170808833813,0.52
2024-10-11 09:53:00,0.4911053979305542,0.52
2024-10-11 09:54:00,0.4905990770845301,0.53
2024-10-11 09:55:00,0.49076876869272934,0.53
2024-10-11 09:56:00,0.49183109433557504,0.53
2024-10-11 09:57:00,0.4915608118763497,0.53
2024-10-11 09:58:00,0.4928783182258425,0.53
2024-10-11 09:59:00,0.49412858519816827,0.53
2024-10-11 10:00:00,0.49074390746939867,0.53
2024-10-11 10:01:00,0.4863681791457213,0.52
2024-10-11 10:02:00,0.48665658453614014,0.53
2024-10-11 10:03:00,0.48677771454197294,0.53
2024-10-11 10:04:00,0.4873643290292422,0.53
2024-10-11 10:05:00,0.4860588795722782,0.53
2024-10-11 10:06:00,0.4841874199855807,0.53
2024-10-11 10:07:00,0.4840161842953863,0.53
2024-10-11 10:08:00,0.4836583802019139,0.53
2024-10-11 10:09:00,0.48301462825181063,0.53
2024-10-11 10:10:00,0.4831153361824396,0.53
2024-10-11 10:11:00,0.4840367837533386,0.53
2024-10-11 10:12:00,0.4835848743235782,0.53
2024-10-11 10:13:00,0.48309488376621856,0.53
2024-10-11 10:14:00,0.4817711295326832,0.53
2024-10-11 10:15:00,0.4813347824765819,0.53
2024-10-11 10:16:00,0.4836113599005458,0.53
2024-10-11 10:17:00,0.4837342077714235,0.53
2024-10-11 10:18:00,0.48465969119389185,0.53
2024-10-11 10:19:00,0.48197488376855246,0.53
2024-10-11 10:20:00,0.4832516517369998,0.53
2024-10-11 10:21:00,0.48386989607543707,0.53
2024-10-11 10:22:00,0.48253855694306513,0.53
2024-10-11 10:23:00,0.4822746050051634,0.53
2024-10-11 10:24:00,0.48232430138969096,0.53
2024-10-11 10:25:00,0.48121979282651917,0.53
2024-10-11 10:26:00,0.48083488092011106,0.53
2024-10-11 10:27:00,0.4783296809722837,0.53
2024-10-11 10:28:00,0.47872078964387765,0.53
2024-10-11 10:29:00,0.480410511685885,0.53
2024-10-11 10:30:00,0.4791144796037792,0.53
2024-10-11 10:31:00,0.47815873001158304,0.53
2024-10-11 10:32:00,0.4772923104840443,0.52
2024-10-11 10:33:00,0.4803849005271823,0.52
2024-10-11 10:34:00,0.47880790344392676,0.52
2024-10-11 10:35:00,0.479051553192942,0.53
2024-10-11 10:36:00,0.4800101626694764,0.53
2024-10-11 10:37:00,0.4815160754246801,0.53
2024-10-11 10:38:00,0.4813366353413546,0.53
2024-10-11 10:39:00,0.4798740254715177,0.53
2024-10-11 10:40:00,0.4805620224216034,0.53
2024-10-11 10:41:00,0.48290829623366816,0.53
2024-10-11 10:42:00,0.48280130434339896,0.53
2024-10-11 10:43:00,0.4837315401140858,0.53
2024-10-11 10:44:00,0.48506774531874286,0.53
2024-10-11 10:45:00,0.48466814700754246,0.53
2024-10-11 10:46:00,0.4820691654617264,0.53
2024-10-11 10:47:00,0.48389989738952655,0.53
2024-10-11 10:48:00,0.48552625575329134,0.53
2024-10-11 10:49:00,0.4846229948764995,0.53
2024-10-11 10:50:00,0.4850223342039073,0.53
2024-10-11 10:51:00,0.4880011193941718,0.52
2024-10-11 10:52:00,0.4880245495487523,0.53
2024-10-11 10:53:00,0.4854675213515247,0.53
2024-10-11 10:54:00,0.486645463633397,0.53
2024-10-11 10:55:00,0.48476048164264207,0.53
2024-10-11 10:56:00,0.4841670005617187,0.53
2024-10-11 10:57:00,0.48271639676290845,0.53
2024-10-11 10:58:00,0.4818230056477655,0.53
2024-10-11 10:59:00,0.48190093576950344,0.53
2024-10-11 11:00:00,0.48086525535479985,0.53
2024-10-11 11:01:00,0.4796085537767343,0.53
2024-10-11 11:02:00,0.480616892015034,0.53
2024-10-11 11:03:00,0.4811522152715757,0.53
2024-10-11 11:04:00,0.480583056021753,0.53
2024-10-11 11:05:00,0.48022271762663116,0.53
2024-10-11 11:06:00,0.47887128137864177,0.53
2024-10-11 11:07:00,0.47832465136080526,0.53
2024-10-11 11:08:00,0.4767476260544161,0.53
2024-10-11 11:09:00,0.4779637081485386,0.53
2024-10-11 11:10:00,0.4773884110970126,0.53
2024-10-11 11:11:00,0.47628327253077996,0.53
2024-10-11 11:12:00,0.4748679131157869,0.53
2024-10-11 11:13:00,0.47667595329094525,0.53
2024-10-11 11:14:00,0.4779937266662022,0.53
2024-10-11 11:15:00,0.4785698005754939,0.53
2024-10-11 11:16:00,0.4779567458477374,0.53
2024-10-11 11:17:00,0.4771759701691225,0.53
2024-10-11 11:18:00,0.4773853901731384,0.53
2024-10-11 11:19:00,0.47796313270091795,0.53
2024-10-11 11:20:00,0.4757718805513138,0.53
2024-10-11 11:21:00,0.4765196289653113,0.53
2024-10-11 11:22:00,0.4764804825691591,0.53
2024-10-11 11:23:00,0.4765345278627875,0.53
2024-10-11 11:24:00,0.47678439702914077,0.53
2024-10-11 11:25:00,0.4757843314314123,0.53
2024-10-11 11:26:00,0.4740205970906557,0.53
2024-10-11 11:27:00,0.47316067472812073,0.53
2024-10-11 11:28:00,0.4740113986385468,0.53
2024-10-11 11:29:00,0.47354140443660175,0.53
2024-10-11 11:30:00,0.47304802981579663,0.53
2024-10-11 11:31:00,0.47241346079357904,0.53
2024-10-11 11:32:00,0.47326542062664534,0.53
2024-10-11 11:33:00,0.4731970212714771,0.52
2024-10-11 11:34:00,0.4724452752300865,0.53
2024-10-11 11:35:00,0.4729682798896009,0.53
2024-10-11 11:36:00,0.47185896137116523,0.53
2024-10-11 11:37:00,0.4722401486769725,0.53
2024-10-11 11:38:00,0.47349072195361397,0.53
2024-10-11 11:39:00,0.4730753740367011,0.53
2024-10-11 11:40:00,0.4732661718713518,0.53
2024-10-11 11:41:00,0.47305812989442697,0.53
2024-10-11 11:42:00,0.47182840620638866,0.53
2024-10-11 11:43:00,0.47100038039879455,0.53
2024-10-11 11:44:00,0.4720878721043704,0.53
2024-10-11 11:45:00,0.4719969393231904,0.53
2024-10-11 11:46:00,0.4737670611058651,0.53
2024-10-11 11:47:00,0.4743737621042501,0.53
2024-10-11 11:48:00,0.47364874183389793,0.53
2024-10-11 11:49:00,0.47419692917878353,0.53
2024-10-11 11:50:00,0.4743560587848472,0.53
2024-10-11 11:51:00,0.47405932484008617,0.52
2024-10-11 11:52:00,0.4722017490192181,0.53
2024-10-11 11:53:00,0.47218079405801316,0.53
2024-10-11 11:54:00,0.4717215424130352,0.53
2024-10-11 11:55:00,0.46971568685139853,0.53
2024-10-11 11:56:00,0.46988074883477693,0.53
2024-10-11 11:57:00,0.4687796152445005,0.53
2024-10-11 11:58:00,0.4686000842744702,0.53
2024-10-11 11:59:00,0.4688203462531402,0.53
2024-10-11 12:00:00,0.4700674866267922,0.52
2024-10-11 12:01:00,0.4702065969132734,0.53
2024-10-11 12:02:00,0.46997795274548815,0.53
2024-10-11 12:03:00,0.46988839600680943,0.53
2024-10-11 12:04:00,0.4695685244525578,0.53
2024-10-11 12:05:00,0.47089109752672376,0.53
2024-10-11 12:06:00,0.470771269160563,0.53
2024-10-11 12:07:00,0.47131812211293433,0.53
2024-10-11 12:08:00,0.4721469805061618,0.52
2024-10-11 12:09:00,0.47224325425889613,0.52
2024-10-11 12:10:00,0.471238303237022,0.53
2024-10-11 12:11:00,0.47111674680068716,0.53
2024-10-11 12:12:00,0.47319282561432385,0.53
2024-10-11 12:13:00,0.47480679667550363,0.53
2024-10-11 12:14:00,0.4743382663851088,0.53
2024-10-11 12:15:00,0.4738831745149248,0.53
2024-10-11 12:16:00,0.4749918416518606,0.53
2024-10-11 12:17:00,0.4753851920582115,0.53
2024-10-11 12:18:00,0.475557761500333,0.53
2024-10-11 12:19:00,0.47546384226472393,0.53
2024-10-11 12:20:00,0.47609210087319487,0.53
2024-10-11 12:21:00,0.47637731413074946,0.53
2024-10-11 12:22:00,0.47559887299639736,0.53
2024-10-11 12:23:00,0.4774700084521457,0.53
2024-10-11 12:24:00,0.4773956309631917,0.53
2024-10-11 12:25:00,0.4762894827514199,0.53
2024-10-11 12:26:00,0.475382581757412,0.53
2024-10-11 12:27:00,0.4766551229548692,0.53
2024-10-11 12:28:00,0.4759776487113452,0.53
2024-10-11 12:29:00,0.4741319088945273,0.53
2024-10-11 12:30:00,0.4744437571984086,0.53
2024-10-11 12:31:00,0.473306412380041,0.53
2024-10-11 12:32:00,0.4744613093100114,0.53
2024-10-11 12:33:00,0.4746518241243669,0.53
2024-10-11 12:34:00,0.4746522177747645,0.53
2024-10-11 12:35:00,0.47494692391671056,0.53
2024-10-11 12:36:00,0.475180679652784,0.53
2024-10-11 12:37:00,0.4748136324818597,0.53
2024-10-11 12:38:00,0.4741383089568598,0.53
2024-10-11 12:39:00,0.473897660874518,0.53
2024-10-11 12:40:00,0.4738225999413357,0.53
2024-10-11 12:41:00,0.4744215746393625,0.53
2024-10-11 12:42:00,0.4736154308371423,0.53
2024-10-11 12:43:00,0.4754877996471729,0.53
2024-10-11 12:44:00,0.47567566902160574,0.53
2024-10-11 12:45:00,0.47611637567988496,0.53
2024-10-11 12:46:00,0.4764564678146066,0.53
2024-10-11 12:47:00,0.47667081294986713,0.53
2024-10-11 12:48:00,0.4770525737635174,0.53
2024-10-11 12:49:00,0.47578764163683185,0.53
2024-10-11 12:50:00,0.4761843486702102,0.53
2024-10-11 12:51:00,0.47492667744186545,0.53
2024-10-11 12:52:00,0.47450117280716797,0.53
2024-10-11 12:53:00,0.4749343151623251,0.53
2024-10-11 12:54:00,0.47495098879754427,0.53
2024-10-11 12:55:00,0.47353519518706544,0.53
2024-10-11 12:56:00,0.4727054390013177,0.53
2024-10-11 12:57:00,0.4713461098479026,0.53
2024-10-11 12:58:00,0.4710724714251666,0.53
2024-10-11 12:59:00,0.4714042090527484,0.53
2024-10-11 13:00:00,0.47295850008279605,0.53
2024-10-11 13:01:00,0.4727463227780817,0.53
2024-10-11 13:02:00,0.473085424843809,0.53
2024-10-11 13:03:00,0.4730896902004751,0.53
2024-10-11 13:04:00,0.472758040433664,0.53
2024-10-11 13:05:00,0.4730421995499705,0.53
2024-10-11 13:06:00,0.47319980649840665,0.53
2024-10-11 13:07:00,0.473179086827763,0.53
2024-10-11 13:08:00,0.47240246251552276,0.53
2024-10-11 13:09:00,0.47170799912899963,0.53
2024-10-11 13:10:00,0.4713916621026437,0.53
2024-10-11 13:11:00,0.47166943190816,0.53
2024-10-11 13:12:00,0.4726489177172668,0.53
2024-10-11 13:13:00,0.47236289470634785,0.53
2024-10-11 13:14:00,0.47134027552973934,0.53
2024-10-11 13:15:00,0.47178357111155145,0.53
2024-10-11 13:16:00,0.472025158316036,0.53
2024-10-11 13:17:00,0.4718292912969668,0.53
2024-10-11 13:18:00,0.47105115273644205,0.53
2024-10-11 13:19:00,0.47090584130877366,0.53
2024-10-11 13:20:00,0.4701530296290495,0.53
2024-10-11 13:21:00,0.47061983396035445,0.53
2024-10-11 13:22:00,0.4712757490397419,0.53
2024-10-11 13:23:00,0.4710079196543473,0.53
2024-10-11 13:24:00,0.4697401987901195,0.53
2024-10-11 13:25:00,0.4699860501908233,0.53
2024-10-11 13:26:00,0.47012506557529554,0.53
2024-10-11 13:27:00,0.4699571885500171,0.53
2024-10-11 13:28:00,0.4707037875113078,0.53
2024-10-11 13:29:00,0.4708383504106741,0.53
2024-10-11 13:30:00,0.4705773905339179,0.53
2024-10-11 13:31:00,0.46974187954506097,0.53
2024-10-11 13:32:00,0.47084017915985865,0.53
2024-10-11 13:33:00,0.47201410710336345,0.53
2024-10-11 13:34:00,0.4727229736074705,0.53
2024-10-11 13:35:00,0.47270012947571316,0.53
2024-10-11 13:36:00,0.4720156215669793,0.53
2024-10-11 13:37:00,0.47133153757510216,0.53
2024-10-11 13:38:00,0.47202352233010614,0.52
2024-10-11 13:39:00,0.4717166916619868,0.52
2024-10-11 13:40:00,0.4721984751059891,0.52
2024-10-11 13:41:00,0.47326859896994233,0.52
2024-10-11 13:42:00,0.47384301317403277,0.53
2024-10-11 13:43:00,0.4728134206990251,0.53
2024-10-11 13:44:00,0.4721130852410458,0.53
2024-10-11 13:45:00,0.4718876543990411,0.53
2024-10-11 13:46:00,0.4715884640307284,0.53
2024-10-11 13:47:00,0.47153589707143095,0.53
2024-10-11 13:48:00,0.47076444936058803,0.53
2024-10-11 13:49:00,0.4706148764464737,0.53
2024-10-11 13:50:00,0.47010741916546217,0.53
2024-10-11 13:51:00,0.4699979907145362,0.53
2024-10-11 13:52:00,0.469638886664854,0.53
2024-10-11 13:53:00,0.4700390843905138,0.53
2024-10-11 13:54:00,0.47062740249947255,0.53
2024-10-11 13:55:00,0.4709273617580634,0.53
2024-10-11 13:56:00,0.4705685285755401,0.53
2024-10-11 13:57:00,0.4713667472715495,0.53
2024-10-11 13:58:00,0.4717841011204522,0.53
2024-10-11 13:59:00,0.4714836129911715,0.53
2024-10-11 14:00:00,0.4712792271777124,0.53
2024-10-11 14:01:00,0.4713711605812374,0.53
2024-10-11 14:02:00,0.47061926687848543,0.53
2024-10-11 14:03:00,0.47049890164511443,0.53
2024-10-11 14:04:00,0.46939981815455023,0.53
2024-10-11 14:05:00,0.4709031715916383,0.53
2024-10-11 14:06:00,0.470762005875905,0.52
2024-10-11 14:07:00,0.4703676424345986,0.53
2024-10-11 14:08:00,0.47053113014322556,0.53
2024-10-11 14:09:00,0.47057773055692587,0.53
2024-10-11 14:10:00,0.46992586359168675,0.53
2024-10-11 14:11:00,0.4692877706387286,0.53
2024-10-11 14:12:00,0.4692245786533207,0.53
2024-10-11 14:13:00,0.4697610318548817,0.53
2024-10-11 14:14:00,0.46903146011761465,0.53
2024-10-11 14:15:00,0.4684723162598756,0.53
2024-10-11 14:16:00,0.4683510395354371,0.53
2024-10-11 14:17:00,0.4688634566209531,0.53
2024-10-11 14:18:00,0.4681362064189136,0.53
2024-10-11 14:19:00,0.4682692361492944,0.53
2024-10-11 14:20:00,0.4691623083000198,0.53
2024-10-11 14:21:00,0.4689563166280679,0.53
2024-10-11 14:22:00,0.4697364808129556,0.53
2024-10-11 14:23:00,0.46965289782879593,0.53
2024-10-11 14:24:00,0.46934518336161957,0.53
2024-10-11 14:25:00,0.4696915081670341,0.53
2024-10-11 14:26:00,0.46963303360356146,0.52
2024-10-11 14:27:00,0.46959191347188,0.52
2024-10-11 14:28:00,0.470158121883012,0.52
2024-10-11 14:29:00,0.47012992307386736,0.52
2024-10-11 14:30:00,0.4699185678721449,0.52
2024-10-11 14:31:00,0.46969962338495663,0.52
2024-10-11 14:32:00,0.4693165898289895,0.52
2024-10-11 14:33:00,0.4704811820138646,0.52
2024-10-11 14:34:00,0.4702532719729138,0.52
2024-10-11 14:35:00,0.47048843038832566,0.52
2024-10-11 14:36:00,0.4708886230342404,0.52
2024-10-11 14:37:00,0.47138722864041394,0.52
2024-10-11 14:38:00,0.4742613818575985,0.52
2024-10-11 14:39:00,0.4716886600525403,0.52
2024-10-11 14:40:00,0.47279717033107516,0.52
2024-10-11 14:41:00,0.4721954052556663,0.52
2024-10-11 14:42:00,0.4718345356967697,0.52
2024-10-11 14:43:00,0.47192739834925157,0.52
2024-10-11 14:44:00,0.47308953854510194,0.52
2024-10-11 14:45:00,0.47201962117227336,0.52
2024-10-11 14:46:00,0.4727765281511551,0.52
2024-10-11 14:47:00,0.4729547760165034,0.52
2024-10-11 14:48:00,0.47194196503498476,0.52
2024-10-11 14:49:00,0.4715281932017119,0.52
2024-10-11 14:50:00,0.47069778567656484,0.52
2024-10-11 14:51:00,0.46951762177757383,0.52
2024-10-11 14:52:00,0.46983998396515303,0.52
2024-10-11 14:53:00,0.4701293730784488,0.52
2024-10-11 14:54:00,0.47048743110404456,0.52
2024-10-11 14:55:00,0.46993761508975385,0.52
2024-10-11 14:56:00,0.46908876721107107,0.52
2024-10-11 14:57:00,0.4692253110779354,0.52
2024-10-11 14:58:00,0.4692082168689782,0.52
2024-10-11 14:59:00,0.4688276791720367,0.52
2024-10-11 15:00:00,0.46827241882717874,0.52
2024-10-11 15:01:00,0.4684740996130061,0.52
2024-10-11 15:02:00,0.4684741202057958,0.52
2024-10-11 15:03:00,0.46876251327126206,0.52
2024-10-11 15:04:00,0.46951873157140445,0.52
2024-10-11 15:05:00,0.46898971886416363,0.52
2024-10-11 15:06:00,0.46856444449021883,0.53
2024-10-11 15:07:00,0.4681137419435968,0.53
2024-10-11 15:08:00,0.46817820886469197,0.53
2024-10-11 15:09:00,0.4683295530316369,0.53
2024-10-11 15:10:00,0.46815278538135474,0.53
2024-10-11 15:11:00,0.4672424812363809,0.53
2024-10-11 15:12:00,0.46785267616365345,0.53
2024-10-11 15:13:00,0.46702271482321156,0.53
2024-10-11 15:14:00,0.46613196695786807,0.53
2024-10-11 15:15:00,0.46545313349750317,0.53
2024-10-11 15:16:00,0.4664915776673133,0.53
2024-10-11 15:17:00,0.46641532723070145,0.53
2024-10-11 15:18:00,0.46608152007649806,0.53
2024-10-11 15:19:00,0.4656958655985248,0.53
2024-10-11 15:20:00,0.4659247992331548,0.53
2024-10-11 15:21:00,0.4653085454330219,0.53
2024-10-11 15:22:00,0.4656649756103526,0.53
2024-10-11 15:23:00,0.4656098550794885,0.53
2024-10-11 15:24:00,0.46492235751219124,0.53
2024-10-11 15:25:00,0.4643324950777237,0.53
2024-10-11 15:26:00,0.46397050532851414,0.53
2024-10-11 15:27:00,0.46370025614220967,0.53
2024-10-11 15:28:00,0.46398005576887,0.53
2024-10-11 15:29:00,0.46326950921186794,0.53
2024-10-11 15:30:00,0.4638637314135694,0.53
2024-10-11 15:31:00,0.46405009011434895,0.53
2024-10-11 15:32:00,0.4635077514138046,0.53
2024-10-11 15:33:00,0.4642209476553776,0.53
2024-10-11 15:34:00,0.46330901351238185,0.53
2024-10-11 15:35:00,0.4645094237237044,0.53
2024-10-11 15:36:00,0.4647124360792445,0.53
2024-10-11 15:37:00,0.46520657020723744,0.53
2024-10-11 15:38:00,0.465873992746874,0.53
2024-10-11 15:39:00,0.4655220584425368,0.53
2024-10-11 15:40:00,0.465844557973192,0.53
2024-10-11 15:41:00,0.4660053582514203,0.53
2024-10-11 15:42:00,0.4670993936758403,0.53
2024-10-11 15:43:00,0.46781833159640596,0.53
2024-10-11 15:44:00,0.4682454445330666,0.53
2024-10-11 15:45:00,0.46670151850771124,0.53
2024-10-11 15:46:00,0.46802362470297854,0.53
2024-10-11 15:47:00,0.46777176115431485,0.53
2024-10-11 15:48:00,0.46800717749659726,0.53
2024-10-11 15:49:00,0.4675679030815647,0.53
2024-10-11 15:50:00,0.4668712255035341,0.53
2024-10-11 15:51:00,0.4666638821520197,0.53
2024-10-11 15:52:00,0.4664667766611046,0.52
2024-10-11 15:53:00,0.46800489679084145,0.52
2024-10-11 15:54:00,0.4695092612923648,0.52
2024-10-11 15:55:00,0.4701385735699819,0.52
2024-10-11 15:56:00,0.4696072908270119,0.53
2024-10-11 15:57:00,0.47000813232070837,0.53
2024-10-11 15:58:00,0.4702542809580226,0.53
2024-10-11 15:59:00,0.46940119690287063,0.53
2024-10-11 16:00:00,0.46940119690287063,0.53
2024-10-14 09:30:00,0.46804107153952246,0.54
2024-10-14 09:31:00,0.4658544212972362,0.54
2024-10-14 09:32:00,0.4697491594173677,0.54
2024-10-14 09:33:00,0.4659555114181335,0.54
2024-10-14 09:34:00,0.45861566701485557,0.54
2024-10-14 09:35:00,0.45287605422625243,0.54
2024-10-14 09:36:00,0.4544153744754025,0.54
2024-10-14 09:37:00,0.4545223234570843,0.54
2024-10-14 09:38:00,0.45600064304695453,0.54
2024-10-14 09:39:00,0.45536466145296317,0.54
2024-10-14 09:40:00,0.4523751726065963,0.54
2024-10-14 09:41:00,0.4539987837094517,0.54
2024-10-14 09:42:00,0.4523251333124858,0.54
2024-10-14 09:43:00,0.4525360518558068,0.54
2024-10-14 09:44:00,0.45197092235097425,0.54
2024-10-14 09:45:00,0.4534392085969541,0.54
2024-10-14 09:46:00,0.45500890270844363,0.54
2024-10-14 09:47:00,0.4548065755926014,0.54
2024-10-14 09:48:00,0.4551592135517113,0.54
2024-10-14 09:49:00,0.4536700009923893,0.54
2024-10-14 09:50:00,0.4541279553046411,0.54
2024-10-14 09:51:00,0.45529561042452227,0.54
2024-10-14 09:52:00,0.45432040317927824,0.54
2024-10-14 09:53:00,0.4536993132721665,0.54
2024-10-14 09:54:00,0.45215806312560036,0.54
2024-10-14 09:55:00,0.45188285317818244,0.54
2024-10-14 09:56:00,0.4496617177116964,0.54
2024-10-14 09:57:00,0.4480129630530121,0.54
2024-10-14 09:58:00,0.4482790189641326,0.54
2024-10-14 09:59:00,0.4489269177936943,0.54
2024-10-14 10:00:00,0.44957788855399117,0.54
2024-10-14 10:01:00,0.45011286467203226,0.53
2024-10-14 10:02:00,0.4511324447327614,0.53
2024-10-14 10:03:00,0.452761421956563,0.53
2024-10-14 10:04:00,0.452513615727445,0.53
2024-10-14 10:05:00,0.45026280462768553,0.54
2024-10-14 10:06:00,0.45105878213781847,0.54
2024-10-14 10:07:00,0.45066006141303894,0.54
2024-10-14 10:08:00,0.4498078736494058,0.54
2024-10-14 10:09:00,0.4524035965323796,0.54
2024-10-14 10:10:00,0.45226376459878925,0.54
2024-10-14 10:11:00,0.45269419755963924,0.54
2024-10-14 10:12:00,0.454808390761656,0.54
2024-10-14 10:13:00,0.4541610211734628,0.54
2024-10-14 10:14:00,0.4538656398448959,0.54
2024-10-14 10:15:00,0.4541897278135958,0.54
2024-10-14 10:16:00,0.45408759744957217,0.54
2024-10-14 10:17:00,0.45352323179504217,0.54
2024-10-14 10:18:00,0.45486027043348654,0.54
2024-10-14 10:19:00,0.4545880635318251,0.54
2024-10-14 10:20:00,0.45277692830498606,0.54
2024-10-14 10:21:00,0.45369874444675706,0.54
2024-10-14 10:22:00,0.45488273098478227,0.54
2024-10-14 10:23:00,0.4532809008109522,0.54
2024-10-14 10:24:00,0.4526607393534119,0.53
2024-10-14 10:25:00,0.45176711810911274,0.54
2024-10-14 10:26:00,0.45164593134963416,0.54
2024-10-14 10:27:00,0.45481947591017424,0.54
2024-10-14 10:28:00,0.45393379114986643,0.54
2024-10-14 10:29:00,0.4542347269981908,0.54
2024-10-14 10:30:00,0.45469572096270494,0.54
2024-10-14 10:31:00,0.45411257153798457,0.53
2024-10-14 10:32:00,0.4534862213930133,0.53
2024-10-14 10:33:00,0.4524036998187191,0.54
2024-10-14 10:34:00,0.4516701907103078,0.54
2024-10-14 10:35:00,0.4521241367910662,0.54
2024-10-14 10:36:00,0.45170718734010085,0.54
2024-10-14 10:37:00,0.45272448225690964,0.54
2024-10-14 10:38:00,0.45418536882148586,0.54
2024-10-14 10:39:00,0.45448023321640973,0.54
2024-10-14 10:40:00,0.4546854624301224,0.53
2024-10-14 10:41:00,0.45517090925264037,0.54
2024-10-14 10:42:00,0.45663504310411196,0.54
2024-10-14 10:43:00,0.45589653073563885,0.54
2024-10-14 10:44:00,0.45782713953869236,0.54
2024-10-14 10:45:00,0.4575349032786422,0.54
2024-10-14 10:46:00,0.4580652873833191,0.54
2024-10-14 10:47:00,0.45736720024868327,0.54
2024-10-14 10:48:00,0.46066557392617846,0.54
2024-10-14 10:49:00,0.4597465291512759,0.54
2024-10-14 10:50:00,0.460129387667189,0.54
2024-10-14 10:51:00,0.46268451982506,0.54
2024-10-14 10:52:00,0.46314859266226605,0.54
2024-10-14 10:53:00,0.46324237124292433,0.54
2024-10-14 10:54:00,0.4613155660526804,0.54
2024-10-14 10:55:00,0.4624488135521514,0.54
2024-10-14 10:56:00,0.4631026590515279,0.54
2024-10-14 10:57:00,0.46346976501443726,0.54
2024-10-14 10:58:00,0.464257817571083,0.54
2024-10-14 10:59:00,0.46600792010882697,0.54
2024-10-14 11:00:00,0.4670659415080689,0.54
2024-10-14 11:01:00,0.46780686979111485,0.54
2024-10-14 11:02:00,0.4669170541729579,0.54
2024-10-14 11:03:00,0.46592553431503814,0.54
2024-10-14 11:04:00,0.4659343362503281,0.54
2024-10-14 11:05:00,0.46645101080870544,0.54
2024-10-14 11:06:00,0.46485425853827,0.54
2024-10-14 11:07:00,0.46631780430140357,0.54
2024-10-14 11:08:00,0.46670543438081746,0.54
2024-10-14 11:09:00,0.46822136493615374,0.54
2024-10-14 11:10:00,0.46871244132809875,0.54
2024-10-14 11:11:00,0.468999696862453,0.53
2024-10-14 11:12:00,0.46972962991695,0.54
2024-10-14 11:13:00,0.4686764169303512,0.54
2024-10-14 11:14:00,0.46715532776567437,0.54
2024-10-14 11:15:00,0.4680094641832382,0.54
2024-10-14 11:16:00,0.46811579474499365,0.54
2024-10-14 11:17:00,0.46699480753005074,0.54
2024-10-14 11:18:00,0.4673793753555444,0.54
2024-10-14 11:19:00,0.46720660110101986,0.54
2024-10-14 11:20:00,0.46613857785221247,0.54
2024-10-14 11:21:00,0.4654177092623335,0.54
2024-10-14 11:22:00,0.46581883521083634,0.54
2024-10-14 11:23:00,0.4676063610083767,0.54
2024-10-14 11:24:00,0.46857636388361823,0.54
2024-10-14 11:25:00,0.46982846865178884,0.54
2024-10-14 11:26:00,0.47110483842176687,0.54
2024-10-14 11:27:00,0.4738698553230567,0.54
2024-10-14 11:28:00,0.4731384306763371,0.54
2024-10-14 11:29:00,0.4712637637207566,0.54
2024-10-14 11:30:00,0.47189439706871883,0.54
2024-10-14 11:31:00,0.4714247718736362,0.54
2024-10-14 11:32:00,0.4686140837959376,0.54
2024-10-14 11:33:00,0.46863923743327685,0.54
2024-10-14 11:34:00,0.4702342635196157,0.54
2024-10-14 11:35:00,0.4699589281759493,0.54
2024-10-14 11:36:00,0.4687964439869099,0.54
2024-10-14 11:37:00,0.46883867006639046,0.54
2024-10-14 11:38:00,0.46749808603356313,0.54
2024-10-14 11:39:00,0.46813564865937907,0.54
2024-10-14 11:40:00,0.4676174929693413,0.54
2024-10-14 11:41:00,0.46884459289142977,0.54
2024-10-14 11:42:00,0.4677739720865224,0.54
2024-10-14 11:43:00,0.4683429720424941,0.54
2024-10-14 11:44:00,0.4695612510977243,0.54
2024-10-14 11:45:00,0.46744642310371254,0.54
2024-10-14 11:46:00,0.46645168810834314,0.54
2024-10-14 11:47:00,0.4661718881176975,0.54
2024-10-14 11:48:00,0.46624755793704353,0.54
2024-10-14 11:49:00,0.46534527821212746,0.54
2024-10-14 11:50:00,0.46455386982110913,0.54
2024-10-14 11:51:00,0.4637697807280585,0.54
2024-10-14 11:52:00,0.46353276725691583,0.54
2024-10-14 11:53:00,0.4632921256342659,0.54
2024-10-14 11:54:00,0.4626467843611912,0.54
2024-10-14 11:55:00,0.46322736526405595,0.54
2024-10-14 11:56:00,0.4621565854399263,0.53
2024-10-14 11:57:00,0.4629720526929664,0.53
2024-10-14 11:58:00,0.462628776201625,0.53
2024-10-14 11:59:00,0.4614943852564497,0.53
2024-10-14 12:00:00,0.46262203591750706,0.53
2024-10-14 12:01:00,0.46251759034349527,0.53
2024-10-14 12:02:00,0.46315965553753835,0.53
2024-10-14 12:03:00,0.46291806265069346,0.54
2024-10-14 12:04:00,0.4619524479469945,0.54
2024-10-14 12:05:00,0.4613213997642329,0.54
2024-10-14 12:06:00,0.4603586297491169,0.54
2024-10-14 12:07:00,0.46016982787917216,0.54
2024-10-14 12:08:00,0.4596465938183816,0.54
2024-10-14 12:09:00,0.4591065046388365,0.54
2024-10-14 12:10:00,0.45810597788041263,0.54
2024-10-14 12:11:00,0.4584673300329143,0.54
2024-10-14 12:12:00,0.4585870687693292,0.54
2024-10-14 12:13:00,0.457745976076285,0.54
2024-10-14 12:14:00,0.4574341064535037,0.54
2024-10-14 12:15:00,0.45680127512485247,0.54
2024-10-14 12:16:00,0.45791787576665155,0.54
2024-10-14 12:17:00,0.45607892270211337,0.54
2024-10-14 12:18:00,0.45534929785967404,0.54
2024-10-14 12:19:00,0.4554280975656184,0.54
2024-10-14 12:20:00,0.45587174186820767,0.54
2024-10-14 12:21:00,0.4559608128791688,0.54
2024-10-14 12:22:00,0.4550527381028846,0.54
2024-10-14 12:23:00,0.4554940506195393,0.54
2024-10-14 12:24:00,0.4548052516531651,0.54
2024-10-14 12:25:00,0.45433329884915596,0.54
2024-10-14 12:26:00,0.4537290533772269,0.53
2024-10-14 12:27:00,0.454797070624964,0.53
2024-10-14 12:28:00,0.4557731659020712,0.54
2024-10-14 12:29:00,0.45511384117986586,0.54
2024-10-14 12:30:00,0.4540297768084198,0.54
2024-10-14 12:31:00,0.453705790126987,0.54
2024-10-14 12:32:00,0.4550697209451615,0.54
2024-10-14 12:33:00,0.4564770565791696,0.54
2024-10-14 12:34:00,0.4562063918378161,0.54
2024-10-14 12:35:00,0.4560971299990444,0.54
2024-10-14 12:36:00,0.4576172339056075,0.54
2024-10-14 12:37:00,0.458885591722096,0.54
2024-10-14 12:38:00,0.45840410954264255,0.54
2024-10-14 12:39:00,0.4587470003002394,0.54
2024-10-14 12:40:00,0.4581844083384865,0.54
2024-10-14 12:41:00,0.45757354990318944,0.54
2024-10-14 12:42:00,0.4568093366313122,0.54
2024-10-14 12:43:00,0.45624840698115876,0.54
2024-10-14 12:44:00,0.4561230628264752,0.54
2024-10-14 12:45:00,0.45510889516793296,0.54
2024-10-14 12:46:00,0.4537023235409541,0.54
2024-10-14 12:47:00,0.45420066039911444,0.54
2024-10-14 12:48:00,0.4541324889155336,0.54
2024-10-14 12:49:00,0.45459613138916644,0.54
2024-10-14 12:50:00,0.45553950189533343,0.54
2024-10-14 12:51:00,0.4544705453807636,0.54
2024-10-14 12:52:00,0.4556435735548001,0.54
2024-10-14 12:53:00,0.45535730429452426,0.54
2024-10-14 12:54:00,0.45547189501956464,0.54
2024-10-14 12:55:00,0.4551662093919877,0.53
2024-10-14 12:56:00,0.4553150220067168,0.53
2024-10-14 12:57:00,0.45475498707687945,0.54
2024-10-14 12:58:00,0.45385057355894864,0.54
2024-10-14 12:59:00,0.4531711343953224,0.54
2024-10-14 13:00:00,0.45307677057710793,0.54
2024-10-14 13:01:00,0.4521651199547849,0.54
2024-10-14 13:02:00,0.4517591174270692,0.54
2024-10-14 13:03:00,0.45163972715078926,0.54
2024-10-14 13:04:00,0.4515819087011599,0.54
2024-10-14 13:05:00,0.4525626798623634,0.54
2024-10-14 13:06:00,0.45283502964059985,0.54
2024-10-14 13:07:00,0.4539678166489225,0.54
2024-10-14 13:08:00,0.4539546101237286,0.54
2024-10-14 13:09:00,0.45390657748013763,0.54
2024-10-14 13:10:00,0.4540121123116856,0.54
2024-10-14 13:11:00,0.45509334760598263,0.54
2024-10-14 13:12:00,0.4558798173387777,0.54
2024-10-14 13:13:00,0.45519871523413324,0.54
2024-10-14 13:14:00,0.4556503493198505,0.54
2024-10-14 13:15:00,0.4550956992927999,0.54
2024-10-14 13:16:00,0.45559194981555495,0.54
2024-10-14 13:17:00,0.45530256458485163,0.54
2024-10-14 13:18:00,0.4552012632525988,0.54
2024-10-14 13:19:00,0.45545795593222604,0.54
2024-10-14 13:20:00,0.45452300308798477,0.54
2024-10-14 13:21:00,0.4532702934880366,0.54
2024-10-14 13:22:00,0.4543556668416324,0.54
2024-10-14 13:23:00,0.4533665212243039,0.54
2024-10-14 13:24:00,0.45299668435701546,0.54
2024-10-14 13:25:00,0.4528890618833954,0.54
2024-10-14 13:26:00,0.45266130965978113,0.54
2024-10-14 13:27:00,0.45271820050294775,0.54
2024-10-14 13:28:00,0.4520558577955811,0.54
2024-10-14 13:29:00,0.45212369269544417,0.54
2024-10-14 13:30:00,0.45226783785951175,0.54
2024-10-14 13:31:00,0.45204743696106786,0.54
2024-10-14 13:32:00,0.4525485441327761,0.54
2024-10-14 13:33:00,0.4526858519314392,0.54
2024-10-14 13:34:00,0.4531897717266624,0.54
2024-10-14 13:35:00,0.4522394416047717,0.54
2024-10-14 13:36:00,0.45125710082325754,0.54
2024-10-14 13:37:00,0.45079722678765566,0.54
2024-10-14 13:38:00,0.4506413769408819,0.54
2024-10-14 13:39:00,0.4510017465175389,0.54
2024-10-14 13:40:00,0.451184992485129,0.54
2024-10-14 13:41:00,0.45126089832449234,0.54
2024-10-14 13:42:00,0.4509330184998672,0.54
2024-10-14 13:43:00,0.451541336433112,0.54
2024-10-14 13:44:00,0.4511283777863857,0.54
2024-10-14 13:45:00,0.4511351498743934,0.54
2024-10-14 13:46:00,0.450951566097493,0.54
2024-10-14 13:47:00,0.4518346070790893,0.54
2024-10-14 13:48:00,0.450977398308958,0.54
2024-10-14 13:49:00,0.45035730149872566,0.54
2024-10-14 13:50:00,0.45029853644094797,0.54
2024-10-14 13:51:00,0.4508813832080565,0.54
2024-10-14 13:52:00,0.4507425264433771,0.54
2024-10-14 13:53:00,0.4504626875258795,0.54
2024-10-14 13:54:00,0.45103507406426746,0.54
2024-10-14 13:55:00,0.45108661572508146,0.54
2024-10-14 13:56:00,0.45141489558257253,0.54
2024-10-14 13:57:00,0.45143535100810994,0.54
2024-10-14 13:58:00,0.45172564815585914,0.54
2024-10-14 13:59:00,0.4521901394020229,0.54
2024-10-14 14:00:00,0.4518978996201224,0.54
2024-10-14 14:01:00,0.4514967019334015,0.54
2024-10-14 14:02:00,0.45091961008322623,0.54
2024-10-14 14:03:00,0.45060047502178713,0.54
2024-10-14 14:04:00,0.45001881326959947,0.54
2024-10-14 14:05:00,0.45070125756396995,0.53
2024-10-14 14:06:00,0.45136454222777433,0.54
2024-10-14 14:07:00,0.4502162381882868,0.54
2024-10-14 14:08:00,0.4500539303239244,0.54
2024-10-14 14:09:00,0.45168744357289303,0.54
2024-10-14 14:10:00,0.4516135239116832,0.53
2024-10-14 14:11:00,0.45280227968134823,0.53
2024-10-14 14:12:00,0.45212477500169146,0.54
2024-10-14 14:13:00,0.4520277876329153,0.54
2024-10-14 14:14:00,0.45244712165622913,0.54
2024-10-14 14:15:00,0.4520571669717277,0.54
2024-10-14 14:16:00,0.4518736773944545,0.53
2024-10-14 14:17:00,0.4517433567518838,0.54
2024-10-14 14:18:00,0.4509038494740969,0.54
2024-10-14 14:19:00,0.45045816044190823,0.54
2024-10-14 14:20:00,0.45081225308233797,0.54
2024-10-14 14:21:00,0.4514799697615224,0.54
2024-10-14 14:22:00,0.45232468433599204,0.54
2024-10-14 14:23:00,0.4528040602086356,0.54
2024-10-14 14:24:00,0.45343883512393224,0.54
2024-10-14 14:25:00,0.45341670651027655,0.53
2024-10-14 14:26:00,0.45269587471577055,0.54
2024-10-14 14:27:00,0.45181319501772044,0.54
2024-10-14 14:28:00,0.4521593270136266,0.54
2024-10-14 14:29:00,0.4528143119196597,0.54
2024-10-14 14:30:00,0.4522264771315643,0.54
2024-10-14 14:31:00,0.4517820842468778,0.54
2024-10-14 14:32:00,0.4519125924528524,0.54
2024-10-14 14:33:00,0.45162445730860923,0.54
2024-10-14 14:34:00,0.45173498307482096,0.54
2024-10-14 14:35:00,0.45153496356948053,0.54
2024-10-14 14:36:00,0.4493241245705868,0.54
2024-10-14 14:37:00,0.4492537823863729,0.54
2024-10-14 14:38:00,0.44954849151511467,0.54
2024-10-14 14:39:00,0.44941983913457295,0.54
2024-10-14 14:40:00,0.4489717161512903,0.54
2024-10-14 14:41:00,0.44824830692051854,0.54
2024-10-14 14:42:00,0.44749632062416755,0.54
2024-10-14 14:43:00,0.44806934702705115,0.54
2024-10-14 14:44:00,0.44887242103556235,0.54
2024-10-14 14:45:00,0.4491591754816058,0.54
2024-10-14 14:46:00,0.4488901350102228,0.54
2024-10-14 14:47:00,0.4500043212977378,0.54
2024-10-14 14:48:00,0.45057352037366205,0.54
2024-10-14 14:49:00,0.45041566519885934,0.54
2024-10-14 14:50:00,0.45096948110892776,0.54
2024-10-14 14:51:00,0.4504328510913853,0.54
2024-10-14 14:52:00,0.45057266595141754,0.54
2024-10-14 14:53:00,0.45133762495163565,0.54
2024-10-14 14:54:00,0.4512640351138717,0.54
2024-10-14 14:55:00,0.4516454667940122,0.54
2024-10-14 14:56:00,0.4511277995027976,0.54
2024-10-14 14:57:00,0.45040097194595297,0.54
2024-10-14 14:58:00,0.45001020488769794,0.53
2024-10-14 14:59:00,0.4502801517484285,0.53
2024-10-14 15:00:00,0.4508148467331672,0.53
2024-10-14 15:01:00,0.4491213681764499,0.54
2024-10-14 15:02:00,0.44928787915055657,0.54
2024-10-14 15:03:00,0.44962901754169615,0.54
2024-10-14 15:04:00,0.44944241652967754,0.54
2024-10-14 15:05:00,0.45084737725031077,0.54
2024-10-14 15:06:00,0.4508652086958127,0.54
2024-10-14 15:07:00,0.44990035364070935,0.54
2024-10-14 15:08:00,0.4493611328079108,0.53
2024-10-14 15:09:00,0.449934500765109,0.53
2024-10-14 15:10:00,0.4500370223742165,0.53
2024-10-14 15:11:00,0.4498664914810815,0.53
2024-10-14 15:12:00,0.4489762624157818,0.53
2024-10-14 15:13:00,0.4494895356057669,0.53
2024-10-14 15:14:00,0.44963189935100734,0.53
2024-10-14 15:15:00,0.4480600561739687,0.54
2024-10-14 15:16:00,0.44846821683631277,0.54
2024-10-14 15:17:00,0.44889250976466344,0.54
2024-10-14 15:18:00,0.4489369406467356,0.54
2024-10-14 15:19:00,0.44858893322686977,0.54
2024-10-14 15:20:00,0.4489942663118016,0.54
2024-10-14 15:21:00,0.4483608447367524,0.54
2024-10-14 15:22:00,0.4484133129999577,0.54
2024-10-14 15:23:00,0.4474160352612062,0.54
2024-10-14 15:24:00,0.44765444356631323,0.54
2024-10-14 15:25:00,0.44775774307605976,0.54
2024-10-14 15:26:00,0.4483699739224394,0.54
2024-10-14 15:27:00,0.4490820453849558,0.54
2024-10-14 15:28:00,0.44924824557435916,0.54
2024-10-14 15:29:00,0.44920809865098943,0.54
2024-10-14 15:30:00,0.4500493478011556,0.54
2024-10-14 15:31:00,0.45003429744684875,0.54
2024-10-14 15:32:00,0.4497058210746683,0.54
2024-10-14 15:33:00,0.44949509308812696,0.54
2024-10-14 15:34:00,0.4496478679946698,0.54
2024-10-14 15:35:00,0.44837367286071683,0.54
2024-10-14 15:36:00,0.4487163899635791,0.54
2024-10-14 15:37:00,0.4495079094617551,0.54
2024-10-14 15:38:00,0.44948074549168315,0.54
2024-10-14 15:39:00,0.4501356616280343,0.54
2024-10-14 15:40:00,0.4484619186907566,0.54
2024-10-14 15:41:00,0.44794469173282025,0.54
2024-10-14 15:42:00,0.4476945550543998,0.54
2024-10-14 15:43:00,0.4471348532485251,0.54
2024-10-14 15:44:00,0.44756475205636836,0.54
2024-10-14 15:45:00,0.4482891457738092,0.54
2024-10-14 15:46:00,0.44795277167329073,0.54
2024-10-14 15:47:00,0.4466788714182399,0.55
2024-10-14 15:48:00,0.44597560865093766,0.55
2024-10-14 15:49:00,0.44566886321477406,0.55
2024-10-14 15:50:00,0.4481013190494003,0.55
2024-10-14 15:51:00,0.44890077294925956,0.55
2024-10-14 15:52:00,0.448278670526155,0.55
2024-10-14 15:53:00,0.44846503209295085,0.55
2024-10-14 15:54:00,0.44817835447112286,0.55
2024-10-14 15:55:00,0.4459164390678414,0.55
2024-10-14 15:56:00,0.44524416981904635,0.55
2024-10-14 15:57:00,0.4466463907986753,0.55
2024-10-14 15:58:00,0.4470870318500324,0.54
2024-10-14 15:59:00,0.4470595511041784,0.54
2024-10-14 16:00:00,0.4470595511041784,0.54
2024-10-15 09:30:00,0.4443376476510543,0.56
2024-10-15 09:31:00,0.44405194182072605,0.56
2024-10-15 09:32:00,0.4390276091954315,0.55
2024-10-15 09:33:00,0.44021011650093356,0.56
2024-10-15 09:34:00,0.444702270115805,0.56
2024-10-15 09:35:00,0.4402558386741202,0.56
2024-10-15 09:36:00,0.44249011786356207,0.56
2024-10-15 09:37:00,0.44306487004905937,0.56
2024-10-15 09:38:00,0.44876720988010166,0.56
2024-10-15 09:39:00,0.44857854461185664,0.56
2024-10-15 09:40:00,0.4502648075604332,0.56
2024-10-15 09:41:00,0.45034962785927024,0.56
2024-10-15 09:42:00,0.4504440178456448,0.56
2024-10-15 09:43:00,0.4542280649409973,0.56
2024-10-15 09:44:00,0.4535517897074073,0.56
2024-10-15 09:45:00,0.4555434017642559,0.56
2024-10-15 09:46:00,0.456753941181238,0.56
2024-10-15 09:47:00,0.4552490551182726,0.56
2024-10-15 09:48:00,0.4576992485008977,0.56
2024-10-15 09:49:00,0.4572082534005182,0.56
2024-10-15 09:50:00,0.460186759848366,0.56
2024-10-15 09:51:00,0.4590586579142364,0.56
2024-10-15 09:52:00,0.460049860869747,0.56
2024-10-15 09:53:00,0.45954206804167064,0.56
2024-10-15 09:54:00,0.4611380456452723,0.56
2024-10-15 09:55:00,0.4615999679006062,0.56
2024-10-15 09:56:00,0.4638542430544057,0.56
2024-10-15 09:57:00,0.46320473472726387,0.56
2024-10-15 09:58:00,0.4645872428624058,0.56
2024-10-15 09:59:00,0.46578008160744155,0.56
2024-10-15 10:00:00,0.4668738670771233,0.55
2024-10-15 10:01:00,0.466339225728867,0.55
2024-10-15 10:02:00,0.46643188284233994,0.56
2024-10-15 10:03:00,0.46522730678876756,0.56
2024-10-15 10:04:00,0.46605726535063075,0.56
2024-10-15 10:05:00,0.46658572910549023,0.56
2024-10-15 10:06:00,0.4656255749400018,0.56
2024-10-15 10:07:00,0.4655075390825718,0.56
2024-10-15 10:08:00,0.46627848692816865,0.56
2024-10-15 10:09:00,0.4676814989223088,0.56
2024-10-15 10:10:00,0.47348908726905337,0.56
2024-10-15 10:11:00,0.47448068733688964,0.56
2024-10-15 10:12:00,0.47485078404653147,0.56
2024-10-15 10:13:00,0.4762902697383937,0.56
2024-10-15 10:14:00,0.47759129646680587,0.55
2024-10-15 10:15:00,0.4798792489812833,0.56
2024-10-15 10:16:00,0.4794276941524023,0.56
2024-10-15 10:17:00,0.4794179716253353,0.56
2024-10-15 10:18:00,0.4753518027288235,0.56
2024-10-15 10:19:00,0.47527949899916355,0.56
2024-10-15 10:20:00,0.47780438270688497,0.55
2024-10-15 10:21:00,0.47450360096441657,0.56
2024-10-15 10:22:00,0.47371847129122435,0.56
2024-10-15 10:23:00,0.4741620513620657,0.56
2024-10-15 10:24:00,0.47080304083973323,0.55
2024-10-15 10:25:00,0.4725547010500357,0.56
2024-10-15 10:26:00,0.4715713460957127,0.56
2024-10-15 10:27:00,0.47175601754213425,0.56
2024-10-15 10:28:00,0.4745560874409025,0.56
2024-10-15 10:29:00,0.47538158829951294,0.56
2024-10-15 10:30:00,0.48073839671458196,0.56
2024-10-15 10:31:00,0.47971998205005995,0.56
2024-10-15 10:32:00,0.4818468906493034,0.56
2024-10-15 10:33:00,0.4856686438423876,0.56
2024-10-15 10:34:00,0.485197254824669,0.56
2024-10-15 10:35:00,0.48681443549136083,0.56
2024-10-15 10:36:00,0.49017993094138146,0.56
2024-10-15 10:37:00,0.4938765584265272,0.56
2024-10-15 10:38:00,0.4903819283988933,0.56
2024-10-15 10:39:00,0.4929428936560065,0.56
2024-10-15 10:40:00,0.4978950032216114,0.56
2024-10-15 10:41:00,0.4933125250872037,0.56
2024-10-15 10:42:00,0.49133283570673103,0.56
2024-10-15 10:43:00,0.49258938176402745,0.56
2024-10-15 10:44:00,0.490328026782205,0.55
2024-10-15 10:45:00,0.4906058545039642,0.56
2024-10-15 10:46:00,0.48673948647646204,0.56
2024-10-15 10:47:00,0.48613006095041666,0.55
2024-10-15 10:48:00,0.48502788927536433,0.55
2024-10-15 10:49:00,0.4851000926894853,0.56
2024-10-15 10:50:00,0.48220278660038773,0.56
2024-10-15 10:51:00,0.4821649430002972,0.56
2024-10-15 10:52:00,0.4815007705974639,0.56
2024-10-15 10:53:00,0.4827904296481693,0.56
2024-10-15 10:54:00,0.4811760566264651,0.56
2024-10-15 10:55:00,0.4798203889035635,0.56
2024-10-15 10:56:00,0.47928595301639576,0.56
2024-10-15 10:57:00,0.48324369814297063,0.56
2024-10-15 10:58:00,0.4854477884506305,0.56
2024-10-15 10:59:00,0.4878205160606963,0.56
2024-10-15 11:00:00,0.4883199681130528,0.56
2024-10-15 11:01:00,0.4869476312520138,0.56
2024-10-15 11:02:00,0.4845193322819277,0.56
2024-10-15 11:03:00,0.4845219374121068,0.56
2024-10-15 11:04:00,0.4857778793835512,0.55
2024-10-15 11:05:00,0.4854037147492185,0.56
2024-10-15 11:06:00,0.4860724575573674,0.56
2024-10-15 11:07:00,0.4891994270919231,0.56
2024-10-15 11:08:00,0.4891869982627737,0.56
2024-10-15 11:09:00,0.48907233071244627,0.55
2024-10-15 11:10:00,0.48880432440635624,0.56
2024-10-15 11:11:00,0.4880181748706225,0.56
2024-10-15 11:12:00,0.48856416142771164,0.56
2024-10-15 11:13:00,0.48809145786953967,0.55
2024-10-15 11:14:00,0.48669182316429427,0.56
2024-10-15 11:15:00,0.4860415090507948,0.55
2024-10-15 11:16:00,0.48594692143108875,0.55
2024-10-15 11:17:00,0.4863130433076137,0.55
2024-10-15 11:18:00,0.4878081958523446,0.55
2024-10-15 11:19:00,0.4882678487825285,0.55
2024-10-15 11:20:00,0.4893625224303866,0.55
2024-10-15 11:21:00,0.48892933808111905,0.55
2024-10-15 11:22:00,0.4880782066769551,0.55
2024-10-15 11:23:00,0.4864698830634031,0.55
2024-10-15 11:24:00,0.4881275585402556,0.55
2024-10-15 11:25:00,0.48951747652968236,0.55
2024-10-15 11:26:00,0.48898794882376184,0.55
2024-10-15 11:27:00,0.48983629621579516,0.55
2024-10-15 11:28:00,0.4920304389204089,0.54
2024-10-15 11:29:00,0.49300239562590975,0.54
2024-10-15 11:30:00,0.4934093559743753,0.54
2024-10-15 11:31:00,0.49306983376209046,0.55
2024-10-15 11:32:00,0.4906537086835494,0.54
2024-10-15 11:33:00,0.49022605537390285,0.55
2024-10-15 11:34:00,0.4892379195914771,0.55
2024-10-15 11:35:00,0.49030251151415416,0.55
2024-10-15 11:36:00,0.49025033489782355,0.55
2024-10-15 11:37:00,0.49095294952162294,0.55
2024-10-15 11:38:00,0.49263711252607334,0.55
2024-10-15 11:39:00,0.49327504666865374,0.55
2024-10-15 11:40:00,0.4936105540815332,0.54
2024-10-15 11:41:00,0.4936077341484786,0.55
2024-10-15 11:42:00,0.4935334975857757,0.55
2024-10-15 11:43:00,0.4928561960016873,0.55
2024-10-15 11:44:00,0.493329663218643,0.55
2024-10-15 11:45:00,0.4924912804283801,0.55
2024-10-15 11:46:00,0.49262021276160817,0.55
2024-10-15 11:47:00,0.4923365963726385,0.55
2024-10-15 11:48:00,0.4908411064980156,0.55
2024-10-15 11:49:00,0.4909804776886564,0.55
2024-10-15 11:50:00,0.49128878713556934,0.55
2024-10-15 11:51:00,0.4942012800416473,0.55
2024-10-15 11:52:00,0.49467351934756576,0.55
2024-10-15 11:53:00,0.4952396181356449,0.55
2024-10-15 11:54:00,0.4981658184026665,0.55
2024-10-15 11:55:00,0.4977423287155627,0.55
2024-10-15 11:56:00,0.49616174286432213,0.55
2024-10-15 11:57:00,0.4963501191779207,0.55
2024-10-15 11:58:00,0.49622184356290666,0.55
2024-10-15 11:59:00,0.4982987427670824,0.55
2024-10-15 12:00:00,0.4998271752694927,0.55
2024-10-15 12:01:00,0.49950889491927053,0.55
2024-10-15 12:02:00,0.5013450339845178,0.55
2024-10-15 12:03:00,0.5012215276695902,0.55
2024-10-15 12:04:00,0.5009864628076548,0.55
2024-10-15 12:05:00,0.5002490154889332,0.55
2024-10-15 12:06:00,0.5007214819450156,0.55
2024-10-15 12:07:00,0.4981842800184302,0.55
2024-10-15 12:08:00,0.4977165275591193,0.55
2024-10-15 12:09:00,0.49631201678106396,0.55
2024-10-15 12:10:00,0.49717170254338794,0.55
2024-10-15 12:11:00,0.497900283353643,0.55
2024-10-15 12:12:00,0.49809349518887625,0.55
2024-10-15 12:13:00,0.4977815675928057,0.55
2024-10-15 12:14:00,0.495933020606395,0.55
2024-10-15 12:15:00,0.49599032990350866,0.55
2024-10-15 12:16:00,0.4968684087534416,0.55
2024-10-15 12:17:00,0.4972272725101001,0.55
2024-10-15 12:18:00,0.4975237290130521,0.55
2024-10-15 12:19:00,0.4966020841864356,0.55
2024-10-15 12:20:00,0.4990528801801404,0.55
2024-10-15 12:21:00,0.5016876240830135,0.55
2024-10-15 12:22:00,0.5009785125128434,0.55
2024-10-15 12:23:00,0.5019671798665752,0.55
2024-10-15 12:24:00,0.5016789891745874,0.55
2024-10-15 12:25:00,0.5011089772123507,0.55
2024-10-15 12:26:00,0.5011004836453383,0.55
2024-10-15 12:27:00,0.49948648625713177,0.55
2024-10-15 12:28:00,0.5006573715895184,0.55
2024-10-15 12:29:00,0.49943603488788857,0.55
2024-10-15 12:30:00,0.49850284190877336,0.55
2024-10-15 12:31:00,0.4981342316711854,0.55
2024-10-15 12:32:00,0.4982025851321874,0.55
2024-10-15 12:33:00,0.49769256906882675,0.55
2024-10-15 12:34:00,0.49989218862077833,0.55
2024-10-15 12:35:00,0.5000448303870024,0.55
2024-10-15 12:36:00,0.4991969486285541,0.55
2024-10-15 12:37:00,0.4982921220137124,0.55
2024-10-15 12:38:00,0.4984854342161522,0.55
2024-10-15 12:39:00,0.4985134412298853,0.55
2024-10-15 12:40:00,0.4987057706748239,0.55
2024-10-15 12:41:00,0.49803315832679984,0.55
2024-10-15 12:42:00,0.4985409294964154,0.55
2024-10-15 12:43:00,0.4985390019732783,0.55
2024-10-15 12:44:00,0.4987977566098014,0.55
2024-10-15 12:45:00,0.49823557373639127,0.54
2024-10-15 12:46:00,0.49976121627553094,0.55
2024-10-15 12:47:00,0.500140742373304,0.54
2024-10-15 12:48:00,0.49887576982177806,0.54
2024-10-15 12:49:00,0.4985340962909126,0.54
2024-10-15 12:50:00,0.5003386927675202,0.54
2024-10-15 12:51:00,0.49953924017567464,0.55
2024-10-15 12:52:00,0.5008806962476522,0.55
2024-10-15 12:53:00,0.5012191138398159,0.55
2024-10-15 12:54:00,0.502146157649048,0.55
2024-10-15 12:55:00,0.5010456899575602,0.55
2024-10-15 12:56:00,0.5012441792928428,0.55
2024-10-15 12:57:00,0.5000296574050853,0.55
2024-10-15 12:58:00,0.4989753711211342,0.55
2024-10-15 12:59:00,0.4980283790387585,0.54
2024-10-15 13:00:00,0.4987401618129985,0.55
2024-10-15 13:01:00,0.4986243957380123,0.55
2024-10-15 13:02:00,0.5002464003509555,0.55
2024-10-15 13:03:00,0.49969120538809464,0.55
2024-10-15 13:04:00,0.5006384720342181,0.55
2024-10-15 13:05:00,0.5011994040132499,0.55
2024-10-15 13:06:00,0.4995588285190993,0.55
2024-10-15 13:07:00,0.5012302275917884,0.55
2024-10-15 13:08:00,0.5028353357933961,0.55
2024-10-15 13:09:00,0.5016445030253867,0.55
2024-10-15 13:10:00,0.5022718119655909,0.55
2024-10-15 13:11:00,0.5025315772922914,0.55
2024-10-15 13:12:00,0.5029626879915645,0.55
2024-10-15 13:13:00,0.503457837159955,0.55
2024-10-15 13:14:00,0.503436697501366,0.55
2024-10-15 13:15:00,0.503232031504212,0.55
2024-10-15 13:16:00,0.503006225521663,0.54
2024-10-15 13:17:00,0.503765117308385,0.55
2024-10-15 13:18:00,0.503873954746173,0.55
2024-10-15 13:19:00,0.5026475908443115,0.55
2024-10-15 13:20:00,0.5038893362852768,0.55
2024-10-15 13:21:00,0.5040329335879077,0.55
2024-10-15 13:22:00,0.5019135246203479,0.54
2024-10-15 13:23:00,0.5026411328323352,0.55
2024-10-15 13:24:00,0.5024552927876786,0.55
2024-10-15 13:25:00,0.5019143327711217,0.55
2024-10-15 13:26:00,0.5007987984192737,0.54
2024-10-15 13:27:00,0.5014185837281968,0.55
2024-10-15 13:28:00,0.501923928995381,0.54
2024-10-15 13:29:00,0.5014485901772774,0.54
2024-10-15 13:30:00,0.5010165289720969,0.55
2024-10-15 13:31:00,0.5013022682435777,0.55
2024-10-15 13:32:00,0.5015767708698176,0.55
2024-10-15 13:33:00,0.5018259068776685,0.56
2024-10-15 13:34:00,0.5022476518402519,0.56
2024-10-15 13:35:00,0.5021569958689092,0.56
2024-10-15 13:36:00,0.5030466123216482,0.56
2024-10-15 13:37:00,0.5028878851548579,0.56
2024-10-15 13:38:00,0.49995858976084606,0.56
2024-10-15 13:39:00,0.49962130681795514,0.55
2024-10-15 13:40:00,0.49890648964428785,0.55
2024-10-15 13:41:00,0.5007267762230201,0.55
2024-10-15 13:42:00,0.5010018511876917,0.55
2024-10-15 13:43:00,0.49953714951895045,0.55
2024-10-15 13:44:00,0.4998068140615597,0.56
2024-10-15 13:45:00,0.49909407584624454,0.56
2024-10-15 13:46:00,0.4996516591565163,0.56
2024-10-15 13:47:00,0.5005226971326941,0.56
2024-10-15 13:48:00,0.5010294410781555,0.56
2024-10-15 13:49:00,0.5023352687310576,0.56
2024-10-15 13:50:00,0.5007354002538247,0.56
2024-10-15 13:51:00,0.5015061576016164,0.56
2024-10-15 13:52:00,0.5036757736371198,0.56
2024-10-15 13:53:00,0.5037931152967652,0.56
2024-10-15 13:54:00,0.5030759117424826,0.56
2024-10-15 13:55:00,0.5034669520833781,0.56
2024-10-15 13:56:00,0.5030956706002023,0.56
2024-10-15 13:57:00,0.502914473267096,0.56
2024-10-15 13:58:00,0.502368497105101,0.56
2024-10-15 13:59:00,0.5032320250830622,0.56
2024-10-15 14:00:00,0.5028552020648964,0.56
2024-10-15 14:01:00,0.5029505677468042,0.56
2024-10-15 14:02:00,0.502183286288931,0.56
2024-10-15 14:03:00,0.5010050863699209,0.56
2024-10-15 14:04:00,0.5019921498006272,0.56
2024-10-15 14:05:00,0.5019514285471527,0.56
2024-10-15 14:06:00,0.5020064509769975,0.56
2024-10-15 14:07:00,0.5034259383711894,0.56
2024-10-15 14:08:00,0.5026367397195493,0.56
2024-10-15 14:09:00,0.502745987902647,0.56
2024-10-15 14:10:00,0.5031715924149582,0.56
2024-10-15 14:11:00,0.5043180759992054,0.56
2024-10-15 14:12:00,0.5048379576035857,0.56
2024-10-15 14:13:00,0.5052819138969069,0.56
2024-10-15 14:14:00,0.5056768353708254,0.56
2024-10-15 14:15:00,0.5055153280190596,0.56
2024-10-15 14:16:00,0.5040784119145096,0.56
2024-10-15 14:17:00,0.5036796044707492,0.56
2024-10-15 14:18:00,0.5042386653498976,0.56
2024-10-15 14:19:00,0.5052390046380519,0.56
2024-10-15 14:20:00,0.5033241896745786,0.56
2024-10-15 14:21:00,0.5018355562025414,0.56
2024-10-15 14:22:00,0.5015797276588747,0.56
2024-10-15 14:23:00,0.5019853474724194,0.56
2024-10-15 14:24:00,0.5017459497647045,0.55
2024-10-15 14:25:00,0.5019826744181224,0.55
2024-10-15 14:26:00,0.5023853338023401,0.55
2024-10-15 14:27:00,0.5035017737253711,0.55
2024-10-15 14:28:00,0.5040735103529228,0.55
2024-10-15 14:29:00,0.5048647133439921,0.55
2024-10-15 14:30:00,0.5045045190833648,0.56
2024-10-15 14:31:00,0.505103682465524,0.56
2024-10-15 14:32:00,0.505135150202572,0.56
2024-10-15 14:33:00,0.5045640657801338,0.56
2024-10-15 14:34:00,0.5040742002063177,0.56
2024-10-15 14:35:00,0.5031268034339564,0.56
2024-10-15 14:36:00,0.504447636806933,0.56
2024-10-15 14:37:00,0.5037187995635748,0.56
2024-10-15 14:38:00,0.5033813185183205,0.56
2024-10-15 14:39:00,0.5018814277837833,0.56
2024-10-15 14:40:00,0.503152284073445,0.55
2024-10-15 14:41:00,0.5032382167107612,0.55
2024-10-15 14:42:00,0.5034239559228844,0.55
2024-10-15 14:43:00,0.5013181015575625,0.55
2024-10-15 14:44:00,0.5006173112089243,0.57
2024-10-15 14:45:00,0.5017308671728611,0.57
2024-10-15 14:46:00,0.502498424517601,0.56
2024-10-15 14:47:00,0.5025899459050895,0.57
2024-10-15 14:48:00,0.5033105588622846,0.57
2024-10-15 14:49:00,0.503745307866178,0.57
2024-10-15 14:50:00,0.503895665284712,0.57
2024-10-15 14:51:00,0.5028177995372494,0.57
2024-10-15 14:52:00,0.5026970730447229,0.57
2024-10-15 14:53:00,0.5023842035798094,0.57
2024-10-15 14:54:00,0.5029908274586068,0.56
2024-10-15 14:55:00,0.5038993155572233,0.57
2024-10-15 14:56:00,0.5044555870467378,0.57
2024-10-15 14:57:00,0.5053055836248201,0.57
2024-10-15 14:58:00,0.504492610124893,0.57
2024-10-15 14:59:00,0.5061448339229695,0.57
2024-10-15 15:00:00,0.5072378350499693,0.57
2024-10-15 15:01:00,0.5083492440178439,0.57
2024-10-15 15:02:00,0.5078309921220303,0.57
2024-10-15 15:03:00,0.5097342529077886,0.56
2024-10-15 15:04:00,0.5106313207565198,0.57
2024-10-15 15:05:00,0.5125235009776585,0.57
2024-10-15 15:06:00,0.5126356748821628,0.57
2024-10-15 15:07:00,0.5120553809322719,0.57
2024-10-15 15:08:00,0.5114751315913721,0.57
2024-10-15 15:09:00,0.5119083029721494,0.56
2024-10-15 15:10:00,0.511706006846018,0.57
2024-10-15 15:11:00,0.511702641584191,0.57
2024-10-15 15:12:00,0.5132057514626747,0.57
2024-10-15 15:13:00,0.5139245925765381,0.57
2024-10-15 15:14:00,0.5144350266754583,0.57
2024-10-15 15:15:00,0.5146359279504933,0.57
2024-10-15 15:16:00,0.514307522157037,0.57
2024-10-15 15:17:00,0.514262550179746,0.57
2024-10-15 15:18:00,0.5153965834278085,0.57
2024-10-15 15:19:00,0.5149994658777308,0.57
2024-10-15 15:20:00,0.514818678081755,0.57
2024-10-15 15:21:00,0.5124891084518486,0.57
2024-10-15 15:22:00,0.5125882803329527,0.56
2024-10-15 15:23:00,0.5102767448311039,0.57
2024-10-15 15:24:00,0.5124922490089887,0.57
2024-10-15 15:25:00,0.5124973123800556,0.56
2024-10-15 15:26:00,0.5136811067501583,0.56
2024-10-15 15:27:00,0.5139611941152344,0.56
2024-10-15 15:28:00,0.5149755439657213,0.56
2024-10-15 15:29:00,0.5145381399586559,0.56
2024-10-15 15:30:00,0.5141261706057694,0.56
2024-10-15 15:31:00,0.5143812899874385,0.56
2024-10-15 15:32:00,0.5152361637578904,0.56
2024-10-15 15:33:00,0.515624612701554,0.56
2024-10-15 15:34:00,0.5154534364440526,0.56
2024-10-15 15:35:00,0.5158988480788607,0.56
2024-10-15 15:36:00,0.5146652974675245,0.56
2024-10-15 15:37:00,0.514913142324924,0.56
2024-10-15 15:38:00,0.5133601813854181,0.56
2024-10-15 15:39:00,0.5137266848469875,0.56
2024-10-15 15:40:00,0.5117074665219985,0.56
2024-10-15 15:41:00,0.5110807246241047,0.56
2024-10-15 15:42:00,0.5090679923108217,0.56
2024-10-15 15:43:00,0.5083712799874565,0.56
2024-10-15 15:44:00,0.5082652686174407,0.56
2024-10-15 15:45:00,0.5079946972975542,0.56
2024-10-15 15:46:00,0.5071811747671682,0.56
2024-10-15 15:47:00,0.5074676134158376,0.56
2024-10-15 15:48:00,0.5060895351969201,0.56
2024-10-15 15:49:00,0.5059019709825179,0.56
2024-10-15 15:50:00,0.5069541008024376,0.56
2024-10-15 15:51:00,0.5089852563970674,0.56
2024-10-15 15:52:00,0.5092667967270021,0.56
2024-10-15 15:53:00,0.5062241719395975,0.55
2024-10-15 15:54:00,0.5062049819031229,0.55
2024-10-15 15:55:00,0.5061007472802024,0.56
2024-10-15 15:56:00,0.5051599829467912,0.56
2024-10-15 15:57:00,0.5064623661261385,0.56
2024-10-15 15:58:00,0.5066031389116732,0.56
2024-10-15 15:59:00,0.5047969387319264,0.56
2024-10-15 16:00:00,0.5047969387319264,0.56
2024-10-16 09:30:00,0.4541364179815972,0.57
2024-10-16 09:31:00,0.47171549484049335,0.57
2024-10-16 09:32:00,0.4792447772675701,0.56
2024-10-16 09:33:00,0.46807026917656214,0.56
2024-10-16 09:34:00,0.4889139648391059,0.56
2024-10-16 09:35:00,0.48704563567200965,0.57
2024-10-16 09:36:00,0.4892660988756796,0.57
2024-10-16 09:37:00,0.4912601263186296,0.57
2024-10-16 09:38:00,0.493040023013944,0.57
2024-10-16 09:39:00,0.4922501728412667,0.57
2024-10-16 09:40:00,0.487527443745553,0.57
2024-10-16 09:41:00,0.49113307367085013,0.57
2024-10-16 09:42:00,0.49238005223587167,0.57
2024-10-16 09:43:00,0.4949635935407424,0.57
2024-10-16 09:44:00,0.5032693661496308,0.57
2024-10-16 09:45:00,0.498280412693324,0.57
2024-10-16 09:46:00,0.5015685510339931,0.57
2024-10-16 09:47:00,0.49960617826253606,0.57
2024-10-16 09:48:00,0.49904715766567453,0.57
2024-10-16 09:49:00,0.4946026075453449,0.57
2024-10-16 09:50:00,0.49771491824553027,0.57
2024-10-16 09:51:00,0.49459888471409896,0.57
2024-10-16 09:52:00,0.4982270764368517,0.57
2024-10-16 09:53:00,0.5006757921592111,0.57
2024-10-16 09:54:00,0.4960715115062617,0.57
2024-10-16 09:55:00,0.4938574846419119,0.57
2024-10-16 09:56:00,0.49471571579178364,0.57
2024-10-16 09:57:00,0.49635507757867736,0.57
2024-10-16 09:58:00,0.4982988677022828,0.57
2024-10-16 09:59:00,0.4971126659454288,0.57
2024-10-16 10:00:00,0.4976629659574525,0.57
2024-10-16 10:01:00,0.49887098767412996,0.57
2024-10-16 10:02:00,0.500164352565885,0.57
2024-10-16 10:03:00,0.5004630967987993,0.57
2024-10-16 10:04:00,0.5002013956050544,0.57
2024-10-16 10:05:00,0.5019901067000909,0.57
2024-10-16 10:06:00,0.5019257205319299,0.57
2024-10-16 10:07:00,0.502230124741972,0.57
2024-10-16 10:08:00,0.5035222874254075,0.57
2024-10-16 10:09:00,0.49901727786513894,0.57
2024-10-16 10:10:00,0.4976392675343908,0.57
2024-10-16 10:11:00,0.49547333910164526,0.57
2024-10-16 10:12:00,0.4915568406004891,0.57
2024-10-16 10:13:00,0.4909614817224688,0.57
2024-10-16 10:14:00,0.4936018871313508,0.57
2024-10-16 10:15:00,0.49460057846977024,0.57
2024-10-16 10:16:00,0.4966270879212986,0.57
2024-10-16 10:17:00,0.4950450660536052,0.57
2024-10-16 10:18:00,0.49547388368162104,0.57
2024-10-16 10:19:00,0.4924596839115287,0.57
2024-10-16 10:20:00,0.4889170207969238,0.57
2024-10-16 10:21:00,0.4888282615500168,0.57
2024-10-16 10:22:00,0.486933780400465,0.57
2024-10-16 10:23:00,0.4864538886523999,0.57
2024-10-16 10:24:00,0.48382810124586917,0.57
2024-10-16 10:25:00,0.4835582249616295,0.57
2024-10-16 10:26:00,0.484166945553693,0.57
2024-10-16 10:27:00,0.4802991777738683,0.57
2024-10-16 10:28:00,0.4789653727673586,0.57
2024-10-16 10:29:00,0.4793987905412773,0.57
2024-10-16 10:30:00,0.4774963123411735,0.57
2024-10-16 10:31:00,0.47745244270159604,0.57
2024-10-16 10:32:00,0.47626087695431685,0.57
2024-10-16 10:33:00,0.47674872165517423,0.57
2024-10-16 10:34:00,0.476235713887305,0.57
2024-10-16 10:35:00,0.4771141206047982,0.57
2024-10-16 10:36:00,0.47506214155666604,0.57
2024-10-16 10:37:00,0.474657050739532,0.57
2024-10-16 10:38:00,0.47255962881528046,0.57
2024-10-16 10:39:00,0.47454231103526046,0.57
2024-10-16 10:40:00,0.47554619742379356,0.57
2024-10-16 10:41:00,0.4739428704489177,0.57
2024-10-16 10:42:00,0.4733003523487789,0.56
2024-10-16 10:43:00,0.4772315711696573,0.57
2024-10-16 10:44:00,0.47818182711554313,0.57
2024-10-16 10:45:00,0.47704338581599326,0.57
2024-10-16 10:46:00,0.4766425471280782,0.57
2024-10-16 10:47:00,0.478597017808587,0.57
2024-10-16 10:48:00,0.4782107862120848,0.57
2024-10-16 10:49:00,0.4785467164948727,0.57
2024-10-16 10:50:00,0.4796207359150124,0.57
2024-10-16 10:51:00,0.4773104517961635,0.57
2024-10-16 10:52:00,0.47455109537101703,0.57
2024-10-16 10:53:00,0.47527817712264375,0.57
2024-10-16 10:54:00,0.4747400751246664,0.57
2024-10-16 10:55:00,0.4743053033924671,0.57
2024-10-16 10:56:00,0.47481930726853094,0.57
2024-10-16 10:57:00,0.4729186930286733,0.57
2024-10-16 10:58:00,0.4742436787106803,0.57
2024-10-16 10:59:00,0.4740673716509842,0.57
2024-10-16 11:00:00,0.4729564326186735,0.56
2024-10-16 11:01:00,0.47264874766302234,0.57
2024-10-16 11:02:00,0.47457361304704837,0.57
2024-10-16 11:03:00,0.47536558347766333,0.57
2024-10-16 11:04:00,0.47380409699533943,0.57
2024-10-16 11:05:00,0.47019030359710157,0.57
2024-10-16 11:06:00,0.47271427544477196,0.57
2024-10-16 11:07:00,0.47415391005405216,0.56
2024-10-16 11:08:00,0.47509592437682646,0.56
2024-10-16 11:09:00,0.4731454705798732,0.56
2024-10-16 11:10:00,0.4728354287242802,0.56
2024-10-16 11:11:00,0.4724396408428684,0.56
2024-10-16 11:12:00,0.47083214957823727,0.57
2024-10-16 11:13:00,0.46977125026584887,0.57
2024-10-16 11:14:00,0.47146335568956155,0.57
2024-10-16 11:15:00,0.47048796214945887,0.57
2024-10-16 11:16:00,0.46997488560594536,0.57
2024-10-16 11:17:00,0.4703167137315234,0.57
2024-10-16 11:18:00,0.46956151526806233,0.57
2024-10-16 11:19:00,0.46926053805969103,0.57
2024-10-16 11:20:00,0.46826593536079275,0.57
2024-10-16 11:21:00,0.4716039582218936,0.57
2024-10-16 11:22:00,0.4738494605023076,0.57
2024-10-16 11:23:00,0.4753318023345916,0.57
2024-10-16 11:24:00,0.476454171645152,0.57
2024-10-16 11:25:00,0.4768790721259306,0.57
2024-10-16 11:26:00,0.4761544057528153,0.57
2024-10-16 11:27:00,0.47566527178015217,0.57
2024-10-16 11:28:00,0.47684957590017407,0.57
2024-10-16 11:29:00,0.4762716214916167,0.57
2024-10-16 11:30:00,0.4754368173085657,0.57
2024-10-16 11:31:00,0.474516818016675,0.57
2024-10-16 11:32:00,0.4731753398086582,0.57
2024-10-16 11:33:00,0.4709907194155176,0.56
2024-10-16 11:34:00,0.4699298950212476,0.57
2024-10-16 11:35:00,0.46842715906356136,0.57
2024-10-16 11:36:00,0.46718208371188585,0.57
2024-10-16 11:37:00,0.46693707992138234,0.57
2024-10-16 11:38:00,0.46585007872335127,0.57
2024-10-16 11:39:00,0.4646961024534144,0.57
2024-10-16 11:40:00,0.4645514961894903,0.57
2024-10-16 11:41:00,0.4663084485586062,0.57
2024-10-16 11:42:00,0.467607837370817,0.57
2024-10-16 11:43:00,0.4697582137205145,0.57
2024-10-16 11:44:00,0.47236276230401164,0.57
2024-10-16 11:45:00,0.4756081268464014,0.57
2024-10-16 11:46:00,0.4759140376177553,0.57
2024-10-16 11:47:00,0.47720732458430715,0.57
2024-10-16 11:48:00,0.4788043161573097,0.57
2024-10-16 11:49:00,0.47921095677053205,0.57
2024-10-16 11:50:00,0.47820322264231874,0.57
2024-10-16 11:51:00,0.4799378384907491,0.57
2024-10-16 11:52:00,0.4794807925371256,0.56
2024-10-16 11:53:00,0.480318294370665,0.57
2024-10-16 11:54:00,0.4784523702842518,0.57
2024-10-16 11:55:00,0.47642393071500355,0.57
2024-10-16 11:56:00,0.4767450007067102,0.57
2024-10-16 11:57:00,0.47622888003525277,0.57
2024-10-16 11:58:00,0.4754378187668624,0.57
2024-10-16 11:59:00,0.4756221414954209,0.57
2024-10-16 12:00:00,0.477306315108047,0.57
2024-10-16 12:01:00,0.476761908351788,0.57
2024-10-16 12:02:00,0.4768187280788403,0.56
2024-10-16 12:03:00,0.4786208684455706,0.57
2024-10-16 12:04:00,0.4797455680764051,0.57
2024-10-16 12:05:00,0.4785386096557638,0.57
2024-10-16 12:06:00,0.4791270984294005,0.57
2024-10-16 12:07:00,0.47828079297280923,0.57
2024-10-16 12:08:00,0.4758629491760662,0.57
2024-10-16 12:09:00,0.4762082900280886,0.57
2024-10-16 12:10:00,0.4752791402737262,0.57
2024-10-16 12:11:00,0.4780659654789299,0.57
2024-10-16 12:12:00,0.4779260616640071,0.57
2024-10-16 12:13:00,0.4789750050187831,0.57
2024-10-16 12:14:00,0.47744654751247784,0.57
2024-10-16 12:15:00,0.4778283372315666,0.57
2024-10-16 12:16:00,0.4782899999910557,0.57
2024-10-16 12:17:00,0.4768803552017091,0.57
2024-10-16 12:18:00,0.476039691464776,0.57
2024-10-16 12:19:00,0.4761653771114085,0.57
2024-10-16 12:20:00,0.47644891175283033,0.57
2024-10-16 12:21:00,0.47624302524839446,0.57
2024-10-16 12:22:00,0.47615641526823516,0.57
2024-10-16 12:23:00,0.4773388016495195,0.57
2024-10-16 12:24:00,0.47568611045093667,0.57
2024-10-16 12:25:00,0.475002795303485,0.57
2024-10-16 12:26:00,0.47522675531334024,0.57
2024-10-16 12:27:00,0.4761917561290716,0.57
2024-10-16 12:28:00,0.4772385609013654,0.57
2024-10-16 12:29:00,0.47717470449284183,0.57
2024-10-16 12:30:00,0.4745515669294329,0.57
2024-10-16 12:31:00,0.47196150571336504,0.57
2024-10-16 12:32:00,0.4728207646549978,0.57
2024-10-16 12:33:00,0.4739612445728636,0.57
2024-10-16 12:34:00,0.47352165573600025,0.57
2024-10-16 12:35:00,0.4719878441452623,0.57
2024-10-16 12:36:00,0.4704144723661521,0.57
2024-10-16 12:37:00,0.4709163876925173,0.57
2024-10-16 12:38:00,0.4708160888207089,0.57
2024-10-16 12:39:00,0.4695115381505628,0.57
2024-10-16 12:40:00,0.46833745957741413,0.57
2024-10-16 12:41:00,0.46802924340550356,0.57
2024-10-16 12:42:00,0.467150895523347,0.56
2024-10-16 12:43:00,0.467805662545522,0.57
2024-10-16 12:44:00,0.4674322050327151,0.57
2024-10-16 12:45:00,0.46544337570753913,0.57
2024-10-16 12:46:00,0.4653832883849611,0.57
2024-10-16 12:47:00,0.46751862554604684,0.57
2024-10-16 12:48:00,0.46639442308211465,0.56
2024-10-16 12:49:00,0.4657352200197564,0.57
2024-10-16 12:50:00,0.46569687966247586,0.57
2024-10-16 12:51:00,0.46388527405514535,0.57
2024-10-16 12:52:00,0.4639476806441547,0.57
2024-10-16 12:53:00,0.46431593651710457,0.57
2024-10-16 12:54:00,0.464421051740074,0.57
2024-10-16 12:55:00,0.46420397664136526,0.57
2024-10-16 12:56:00,0.46389314931178016,0.57
2024-10-16 12:57:00,0.46350035011014756,0.57
2024-10-16 12:58:00,0.46284874538589293,0.57
2024-10-16 12:59:00,0.4626200348442706,0.57
2024-10-16 13:00:00,0.46271539907121384,0.57
2024-10-16 13:01:00,0.46036063751705236,0.57
2024-10-16 13:02:00,0.46081143104329914,0.57
2024-10-16 13:03:00,0.45925539779602453,0.56
2024-10-16 13:04:00,0.45982625192861737,0.56
2024-10-16 13:05:00,0.4605265053116969,0.56
2024-10-16 13:06:00,0.4603110888826836,0.56
2024-10-16 13:07:00,0.4619181030536159,0.56
2024-10-16 13:08:00,0.46225904254607664,0.56
2024-10-16 13:09:00,0.45939723625527074,0.56
2024-10-16 13:10:00,0.45919970108890973,0.56
2024-10-16 13:11:00,0.4596584588219075,0.56
2024-10-16 13:12:00,0.4592415293391785,0.56
2024-10-16 13:13:00,0.4582990992101934,0.56
2024-10-16 13:14:00,0.4585860502445118,0.56
2024-10-16 13:15:00,0.45755674338926844,0.56
2024-10-16 13:16:00,0.4573013275936868,0.56
2024-10-16 13:17:00,0.4589638431490901,0.56
2024-10-16 13:18:00,0.4589880652303584,0.56
2024-10-16 13:19:00,0.457500910430517,0.56
2024-10-16 13:20:00,0.45808900025072696,0.56
2024-10-16 13:21:00,0.45794642295622157,0.56
2024-10-16 13:22:00,0.4576659675019774,0.56
2024-10-16 13:23:00,0.45752150067425856,0.56
2024-10-16 13:24:00,0.45866795701997964,0.56
2024-10-16 13:25:00,0.45872669423551504,0.56
2024-10-16 13:26:00,0.45803360185476394,0.56
2024-10-16 13:27:00,0.45695298492600833,0.56
2024-10-16 13:28:00,0.45593818250524376,0.56
2024-10-16 13:29:00,0.456545483275417,0.55
2024-10-16 13:30:00,0.45593541381992186,0.55
2024-10-16 13:31:00,0.4571514910379857,0.55
2024-10-16 13:32:00,0.45775644388177006,0.55
2024-10-16 13:33:00,0.458436845442989,0.56
2024-10-16 13:34:00,0.4584561113618373,0.56
2024-10-16 13:35:00,0.45966191153142444,0.56
2024-10-16 13:36:00,0.4596879906518112,0.56
2024-10-16 13:37:00,0.46114980479160583,0.56
2024-10-16 13:38:00,0.46196832581705727,0.56
2024-10-16 13:39:00,0.46334802245094653,0.56
2024-10-16 13:40:00,0.4629218460567157,0.56
2024-10-16 13:41:00,0.4627393340513881,0.56
2024-10-16 13:42:00,0.46246241512032316,0.56
2024-10-16 13:43:00,0.4613234065219729,0.56
2024-10-16 13:44:00,0.4608061722612733,0.56
2024-10-16 13:45:00,0.4623157689314745,0.56
2024-10-16 13:46:00,0.4614900139115734,0.56
2024-10-16 13:47:00,0.46160880807653615,0.56
2024-10-16 13:48:00,0.46032283559956544,0.56
2024-10-16 13:49:00,0.4610861407115612,0.56
2024-10-16 13:50:00,0.46087716053087635,0.56
2024-10-16 13:51:00,0.4622350395091528,0.56
2024-10-16 13:52:00,0.4625442694624817,0.56
2024-10-16 13:53:00,0.4622680058290045,0.56
2024-10-16 13:54:00,0.46195258416616647,0.55
2024-10-16 13:55:00,0.46177464979249216,0.56
2024-10-16 13:56:00,0.46218830635591623,0.56
2024-10-16 13:57:00,0.461643018011914,0.56
2024-10-16 13:58:00,0.46269155356080716,0.56
2024-10-16 13:59:00,0.46273312584420867,0.56
2024-10-16 14:00:00,0.46215542311811464,0.56
2024-10-16 14:01:00,0.462072568706658,0.56
2024-10-16 14:02:00,0.4635764959253217,0.56
2024-10-16 14:03:00,0.4635994155077554,0.56
2024-10-16 14:04:00,0.4619939418022716,0.56
2024-10-16 14:05:00,0.4599648167313857,0.56
2024-10-16 14:06:00,0.46093749613847,0.56
2024-10-16 14:07:00,0.4607804767577546,0.56
2024-10-16 14:08:00,0.4609651192317241,0.55
2024-10-16 14:09:00,0.4599097109907715,0.56
2024-10-16 14:10:00,0.45888677769748987,0.55
2024-10-16 14:11:00,0.4590659965336752,0.56
2024-10-16 14:12:00,0.45868972734661484,0.56
2024-10-16 14:13:00,0.45776063223714725,0.56
2024-10-16 14:14:00,0.45716200865605106,0.56
2024-10-16 14:15:00,0.45580417098226467,0.56
2024-10-16 14:16:00,0.4546166263552418,0.56
2024-10-16 14:17:00,0.45423336751260934,0.56
2024-10-16 14:18:00,0.45402159280097165,0.56
2024-10-16 14:19:00,0.4543510064863472,0.56
2024-10-16 14:20:00,0.4539803318426616,0.56
2024-10-16 14:21:00,0.4520860095596253,0.56
2024-10-16 14:22:00,0.4508513291675762,0.56
2024-10-16 14:23:00,0.45129943303765674,0.56
2024-10-16 14:24:00,0.4499688760405218,0.56
2024-10-16 14:25:00,0.45183428793087344,0.56
2024-10-16 14:26:00,0.4525768803257828,0.56
2024-10-16 14:27:00,0.4546388640746051,0.56
2024-10-16 14:28:00,0.45307106897421545,0.56
2024-10-16 14:29:00,0.4532811815319884,0.56
2024-10-16 14:30:00,0.45432465788342813,0.56
2024-10-16 14:31:00,0.4532277577359587,0.56
2024-10-16 14:32:00,0.45574214013093717,0.56
2024-10-16 14:33:00,0.4551650349910876,0.56
2024-10-16 14:34:00,0.45627491850036006,0.56
2024-10-16 14:35:00,0.45576136978058357,0.56
2024-10-16 14:36:00,0.45723412898587434,0.56
2024-10-16 14:37:00,0.4582662189671687,0.56
2024-10-16 14:38:00,0.4584244518437137,0.56
2024-10-16 14:39:00,0.4579663081861749,0.56
2024-10-16 14:40:00,0.4585354906810657,0.56
2024-10-16 14:41:00,0.4587297036556526,0.56
2024-10-16 14:42:00,0.4571837606832492,0.56
2024-10-16 14:43:00,0.45738886558145064,0.56
2024-10-16 14:44:00,0.45714269418443254,0.56
2024-10-16 14:45:00,0.4582106887781532,0.56
2024-10-16 14:46:00,0.458998585700918,0.56
2024-10-16 14:47:00,0.4587585004648427,0.56
2024-10-16 14:48:00,0.4573300537533018,0.56
2024-10-16 14:49:00,0.4580397257205726,0.56
2024-10-16 14:50:00,0.45848418229673116,0.56
2024-10-16 14:51:00,0.4591346029398238,0.56
2024-10-16 14:52:00,0.45926438653396784,0.56
2024-10-16 14:53:00,0.4580240902022561,0.56
2024-10-16 14:54:00,0.46034925475405797,0.55
2024-10-16 14:55:00,0.45902695169460217,0.55
2024-10-16 14:56:00,0.45857600068735027,0.56
2024-10-16 14:57:00,0.459857995127688,0.56
2024-10-16 14:58:00,0.4592873974018239,0.55
2024-10-16 14:59:00,0.4593635850895208,0.55
2024-10-16 15:00:00,0.46013193033334043,0.55
2024-10-16 15:01:00,0.45972251666303365,0.55
2024-10-16 15:02:00,0.45942552282759297,0.55
2024-10-16 15:03:00,0.459489926642475,0.55
2024-10-16 15:04:00,0.4590798668486016,0.56
2024-10-16 15:05:00,0.45939136908322653,0.56
2024-10-16 15:06:00,0.45974611477546623,0.55
2024-10-16 15:07:00,0.4591343275874322,0.56
2024-10-16 15:08:00,0.4594017521486429,0.56
2024-10-16 15:09:00,0.4593593144310868,0.56
2024-10-16 15:10:00,0.45894318908025267,0.56
2024-10-16 15:11:00,0.4593709381913367,0.56
2024-10-16 15:12:00,0.4601885248671367,0.56
2024-10-16 15:13:00,0.4602398897386164,0.56
2024-10-16 15:14:00,0.4587604970564485,0.56
2024-10-16 15:15:00,0.45838598962084753,0.56
2024-10-16 15:16:00,0.4588960925066681,0.56
2024-10-16 15:17:00,0.4595206377797536,0.56
2024-10-16 15:18:00,0.4593216585973916,0.56
2024-10-16 15:19:00,0.45968684543170446,0.56
2024-10-16 15:20:00,0.4586760705197823,0.55
2024-10-16 15:21:00,0.4582495073729198,0.56
2024-10-16 15:22:00,0.4591200695384996,0.56
2024-10-16 15:23:00,0.4594665367345845,0.56
2024-10-16 15:24:00,0.4595069029200751,0.56
2024-10-16 15:25:00,0.45932107650481124,0.56
2024-10-16 15:26:00,0.4597918550282245,0.56
2024-10-16 15:27:00,0.4589416477030477,0.56
2024-10-16 15:28:00,0.4589642700610279,0.56
2024-10-16 15:29:00,0.4588566693573155,0.56
2024-10-16 15:30:00,0.46065247254367025,0.56
2024-10-16 15:31:00,0.45960702764272354,0.55
2024-10-16 15:32:00,0.4610396507639358,0.55
2024-10-16 15:33:00,0.46116813742412455,0.55
2024-10-16 15:34:00,0.46031722526674934,0.55
2024-10-16 15:35:00,0.46164237538949426,0.55
2024-10-16 15:36:00,0.4616683477493304,0.55
2024-10-16 15:37:00,0.4630433725991574,0.55
2024-10-16 15:38:00,0.464047449173673,0.55
2024-10-16 15:39:00,0.4625520661024789,0.55
2024-10-16 15:40:00,0.46233077351886265,0.55
2024-10-16 15:41:00,0.46138064664371625,0.56
2024-10-16 15:42:00,0.4608788387825309,0.56
2024-10-16 15:43:00,0.4614728524411482,0.56
2024-10-16 15:44:00,0.4617627047046644,0.56
2024-10-16 15:45:00,0.4629315501737541,0.56
2024-10-16 15:46:00,0.4619396768569548,0.56
2024-10-16 15:47:00,0.4607684587144705,0.56
2024-10-16 15:48:00,0.46006477205916707,0.56
2024-10-16 15:49:00,0.45956467735640705,0.56
2024-10-16 15:50:00,0.4580664226992408,0.56
2024-10-16 15:51:00,0.45871028555460724,0.56
2024-10-16 15:52:00,0.4619482151984171,0.56
2024-10-16 15:53:00,0.46276530283212947,0.56
2024-10-16 15:54:00,0.46343766794785624,0.56
2024-10-16 15:55:00,0.46574207719793814,0.56
2024-10-16 15:56:00,0.46532587934483893,0.56
2024-10-16 15:57:00,0.4646534624989813,0.56
2024-10-16 15:58:00,0.46493168425263964,0.56
2024-10-16 15:59:00,0.4632841563845276,0.56
2024-10-16 16:00:00,0.4632841563845276,0.56
2024-10-17 09:30:00,0.4231114705238903,0.57
2024-10-17 09:31:00,0.42677068543428986,0.57
2024-10-17 09:32:00,0.4287579396139354,0.57
2024-10-17 09:33:00,0.4309877227251937,0.57
2024-10-17 09:34:00,0.4342964934845883,0.57
2024-10-17 09:35:00,0.44061261816838404,0.57
2024-10-17 09:36:00,0.44305339977272307,0.57
2024-10-17 09:37:00,0.4402882707276683,0.57
2024-10-17 09:38:00,0.4455759680209208,0.56
2024-10-17 09:39:00,0.4448294816814846,0.56
2024-10-17 09:40:00,0.4444398380047756,0.56
2024-10-17 09:41:00,0.4454766785151405,0.56
2024-10-17 09:42:00,0.4397063669198784,0.56
2024-10-17 09:43:00,0.4429859696713032,0.56
2024-10-17 09:44:00,0.44416266852625363,0.57
2024-10-17 09:45:00,0.44336199834783296,0.56
2024-10-17 09:46:00,0.4437693819942934,0.56
2024-10-17 09:47:00,0.43886056087842973,0.56
2024-10-17 09:48:00,0.43781882646611403,0.57
2024-10-17 09:49:00,0.43728461306957667,0.57
2024-10-17 09:50:00,0.43691896758863025,0.57
2024-10-17 09:51:00,0.4377688845923935,0.57
2024-10-17 09:52:00,0.4366162559948654,0.57
2024-10-17 09:53:00,0.43915942039712896,0.57
2024-10-17 09:54:00,0.44129679917462794,0.57
2024-10-17 09:55:00,0.4417695108243309,0.57
2024-10-17 09:56:00,0.44893322609055697,0.58
2024-10-17 09:57:00,0.448942982530496,0.58
2024-10-17 09:58:00,0.4516743489546544,0.58
2024-10-17 09:59:00,0.4540779798764947,0.58
2024-10-17 10:00:00,0.45481303376043836,0.58
2024-10-17 10:01:00,0.46084971278140974,0.58
2024-10-17 10:02:00,0.4598017280721407,0.58
2024-10-17 10:03:00,0.4597305430431622,0.58
2024-10-17 10:04:00,0.46040727113237234,0.57
2024-10-17 10:05:00,0.4597863468353107,0.58
2024-10-17 10:06:00,0.46013026328529594,0.58
2024-10-17 10:07:00,0.4569205270840324,0.58
2024-10-17 10:08:00,0.46004845812357176,0.57
2024-10-17 10:09:00,0.4628032740272421,0.58
2024-10-17 10:10:00,0.4602224540928572,0.58
2024-10-17 10:11:00,0.45942551130648535,0.58
2024-10-17 10:12:00,0.45845513969281515,0.58
2024-10-17 10:13:00,0.4591244402687831,0.58
2024-10-17 10:14:00,0.4571153731867523,0.58
2024-10-17 10:15:00,0.458146071794719,0.58
2024-10-17 10:16:00,0.4590505084112009,0.58
2024-10-17 10:17:00,0.4570677368549332,0.58
2024-10-17 10:18:00,0.45713340565008287,0.58
2024-10-17 10:19:00,0.4563509647189117,0.58
2024-10-17 10:20:00,0.4550621628966314,0.57
2024-10-17 10:21:00,0.4564883653013132,0.57
2024-10-17 10:22:00,0.4570919166737639,0.57
2024-10-17 10:23:00,0.45916327805702584,0.57
2024-10-17 10:24:00,0.45928455878834007,0.57
2024-10-17 10:25:00,0.45917273632975175,0.57
2024-10-17 10:26:00,0.45677202899612124,0.56
2024-10-17 10:27:00,0.4587078373313591,0.57
2024-10-17 10:28:00,0.45744548470393354,0.57
2024-10-17 10:29:00,0.455558624088068,0.57
2024-10-17 10:30:00,0.45682784463894754,0.57
2024-10-17 10:31:00,0.4592261551940149,0.57
2024-10-17 10:32:00,0.4570311852455713,0.57
2024-10-17 10:33:00,0.45928388422899125,0.57
2024-10-17 10:34:00,0.4612354951908346,0.57
2024-10-17 10:35:00,0.46127791947811203,0.57
2024-10-17 10:36:00,0.46187387481888353,0.57
2024-10-17 10:37:00,0.4653932627230539,0.57
2024-10-17 10:38:00,0.4656605581141606,0.57
2024-10-17 10:39:00,0.46624909529285286,0.57
2024-10-17 10:40:00,0.4648169782790623,0.57
2024-10-17 10:41:00,0.46550667489302255,0.57
2024-10-17 10:42:00,0.469171424822435,0.57
2024-10-17 10:43:00,0.46979659818593444,0.57
2024-10-17 10:44:00,0.46963247557768395,0.57
2024-10-17 10:45:00,0.47035281797070794,0.57
2024-10-17 10:46:00,0.46980582410123284,0.57
2024-10-17 10:47:00,0.4712012618885002,0.56
2024-10-17 10:48:00,0.4704988150759266,0.58
2024-10-17 10:49:00,0.47028775354415964,0.58
2024-10-17 10:50:00,0.47206570335741493,0.57
2024-10-17 10:51:00,0.47284097705957673,0.57
2024-10-17 10:52:00,0.4714378448520684,0.57
2024-10-17 10:53:00,0.47181873562934373,0.57
2024-10-17 10:54:00,0.47030619474632807,0.57
2024-10-17 10:55:00,0.47175523020707577,0.56
2024-10-17 10:56:00,0.4701731818876038,0.57
2024-10-17 10:57:00,0.4695342234322901,0.57
2024-10-17 10:58:00,0.46929143194484646,0.57
2024-10-17 10:59:00,0.4699506230145436,0.57
2024-10-17 11:00:00,0.46796994474989284,0.57
2024-10-17 11:01:00,0.4684738090582552,0.57
2024-10-17 11:02:00,0.4697211403926793,0.56
2024-10-17 11:03:00,0.46974917441696884,0.57
2024-10-17 11:04:00,0.47174264834969004,0.57
2024-10-17 11:05:00,0.46878799152282746,0.57
2024-10-17 11:06:00,0.46799035614918405,0.57
2024-10-17 11:07:00,0.4689868213819157,0.57
2024-10-17 11:08:00,0.4681617546623664,0.57
2024-10-17 11:09:00,0.4683530984872759,0.57
2024-10-17 11:10:00,0.46716074737879887,0.57
2024-10-17 11:11:00,0.4683579527246582,0.57
2024-10-17 11:12:00,0.4691730327921355,0.57
2024-10-17 11:13:00,0.4676627364895525,0.57
2024-10-17 11:14:00,0.4663722965716077,0.57
2024-10-17 11:15:00,0.46608874247505416,0.57
2024-10-17 11:16:00,0.4655426847297133,0.57
2024-10-17 11:17:00,0.4681275972070711,0.57
2024-10-17 11:18:00,0.4691792715573093,0.57
2024-10-17 11:19:00,0.4696252266102159,0.57
2024-10-17 11:20:00,0.46894476184011524,0.57
2024-10-17 11:21:00,0.4696319976953751,0.57
2024-10-17 11:22:00,0.4703996875046761,0.57
2024-10-17 11:23:00,0.47080538499955416,0.57
2024-10-17 11:24:00,0.4697578945620424,0.57
2024-10-17 11:25:00,0.47083708778952515,0.57
2024-10-17 11:26:00,0.47139520401189317,0.57
2024-10-17 11:27:00,0.47141456356704414,0.57
2024-10-17 11:28:00,0.4705908740267535,0.57
2024-10-17 11:29:00,0.46977846618955366,0.57
2024-10-17 11:30:00,0.4690606819214269,0.57
2024-10-17 11:31:00,0.4708177211673823,0.56
2024-10-17 11:32:00,0.46975358940683676,0.57
2024-10-17 11:33:00,0.46940972628096955,0.57
2024-10-17 11:34:00,0.468335343279479,0.57
2024-10-17 11:35:00,0.47007235336578534,0.57
2024-10-17 11:36:00,0.47152991449787485,0.56
2024-10-17 11:37:00,0.4706103611205841,0.57
2024-10-17 11:38:00,0.46982642452567114,0.57
2024-10-17 11:39:00,0.47108446736147314,0.57
2024-10-17 11:40:00,0.470578688006148,0.57
2024-10-17 11:41:00,0.4689040622398759,0.57
2024-10-17 11:42:00,0.46864732973252,0.57
2024-10-17 11:43:00,0.46732632366923865,0.57
2024-10-17 11:44:00,0.4681092146354435,0.57
2024-10-17 11:45:00,0.46721389343083897,0.57
2024-10-17 11:46:00,0.46619702029895227,0.57
2024-10-17 11:47:00,0.4686537268003088,0.56
2024-10-17 11:48:00,0.4675802055119307,0.57
2024-10-17 11:49:00,0.46753822146046997,0.57
2024-10-17 11:50:00,0.46695690639914367,0.58
2024-10-17 11:51:00,0.46752355455436967,0.57
2024-10-17 11:52:00,0.46724424994428193,0.57
2024-10-17 11:53:00,0.4655443969269124,0.57
2024-10-17 11:54:00,0.46470432375674897,0.57
2024-10-17 11:55:00,0.4642003564651145,0.57
2024-10-17 11:56:00,0.4634931722617053,0.57
2024-10-17 11:57:00,0.46284588066450216,0.57
2024-10-17 11:58:00,0.46149494375051847,0.57
2024-10-17 11:59:00,0.4612978243728574,0.57
2024-10-17 12:00:00,0.46126411634615105,0.57
2024-10-17 12:01:00,0.4606065590313746,0.57
2024-10-17 12:02:00,0.46123188648258107,0.57
2024-10-17 12:03:00,0.4616521969082299,0.57
2024-10-17 12:04:00,0.4621477954040769,0.57
2024-10-17 12:05:00,0.4620852955783923,0.57
2024-10-17 12:06:00,0.46152937841784936,0.57
2024-10-17 12:07:00,0.46255179454349915,0.57
2024-10-17 12:08:00,0.4635472269259495,0.56
2024-10-17 12:09:00,0.4625972181182696,0.57
2024-10-17 12:10:00,0.46174146585303677,0.57
2024-10-17 12:11:00,0.4629607057394127,0.57
2024-10-17 12:12:00,0.46226319968281904,0.57
2024-10-17 12:13:00,0.4623552196450309,0.57
2024-10-17 12:14:00,0.4623146969651548,0.57
2024-10-17 12:15:00,0.46280511063421614,0.57
2024-10-17 12:16:00,0.46287470671987907,0.57
2024-10-17 12:17:00,0.4634072707456609,0.56
2024-10-17 12:18:00,0.463001248350021,0.56
2024-10-17 12:19:00,0.4632904779672058,0.56
2024-10-17 12:20:00,0.46421896720576616,0.56
2024-10-17 12:21:00,0.46427014608599815,0.56
2024-10-17 12:22:00,0.46419564575070793,0.56
2024-10-17 12:23:00,0.4642991328207311,0.56
2024-10-17 12:24:00,0.4639563690834747,0.55
2024-10-17 12:25:00,0.46361530726749023,0.56
2024-10-17 12:26:00,0.46489078686681107,0.56
2024-10-17 12:27:00,0.4648307490087491,0.56
2024-10-17 12:28:00,0.46501706924650565,0.56
2024-10-17 12:29:00,0.4647507094429548,0.56
2024-10-17 12:30:00,0.4668973606778948,0.55
2024-10-17 12:31:00,0.46569151003554965,0.56
2024-10-17 12:32:00,0.465559658317684,0.56
2024-10-17 12:33:00,0.4673126890640098,0.55
2024-10-17 12:34:00,0.4663991244907313,0.56
2024-10-17 12:35:00,0.46541500618524423,0.56
2024-10-17 12:36:00,0.466283939735763,0.56
2024-10-17 12:37:00,0.4673687803509028,0.56
2024-10-17 12:38:00,0.46745160459279966,0.56
2024-10-17 12:39:00,0.4677466565906221,0.56
2024-10-17 12:40:00,0.4668511993344586,0.56
2024-10-17 12:41:00,0.4668792897041041,0.56
2024-10-17 12:42:00,0.46606918975583267,0.56
2024-10-17 12:43:00,0.4659403571879748,0.56
2024-10-17 12:44:00,0.46517338582046475,0.56
2024-10-17 12:45:00,0.4655678899839526,0.56
2024-10-17 12:46:00,0.4665965670758945,0.56
2024-10-17 12:47:00,0.4665402756649699,0.56
2024-10-17 12:48:00,0.46700907600504915,0.56
2024-10-17 12:49:00,0.46702634904695706,0.56
2024-10-17 12:50:00,0.46715408749997445,0.56
2024-10-17 12:51:00,0.4687292942138581,0.56
2024-10-17 12:52:00,0.4688734782742372,0.56
2024-10-17 12:53:00,0.46987434045337495,0.56
2024-10-17 12:54:00,0.4690125046800724,0.56
2024-10-17 12:55:00,0.46817501184122956,0.57
2024-10-17 12:56:00,0.46788923088460943,0.57
2024-10-17 12:57:00,0.4686431050354607,0.57
2024-10-17 12:58:00,0.46894970838613204,0.57
2024-10-17 12:59:00,0.46812266266361857,0.57
2024-10-17 13:00:00,0.46806094628971473,0.56
2024-10-17 13:01:00,0.4684746321486626,0.56
2024-10-17 13:02:00,0.46768446060152136,0.56
2024-10-17 13:03:00,0.46722149360732845,0.56
2024-10-17 13:04:00,0.4676274941874359,0.56
2024-10-17 13:05:00,0.46913497525003023,0.56
2024-10-17 13:06:00,0.46936195388171886,0.56
2024-10-17 13:07:00,0.46941523139042274,0.56
2024-10-17 13:08:00,0.4705458955948669,0.56
2024-10-17 13:09:00,0.4695257190777846,0.56
2024-10-17 13:10:00,0.4709390409441896,0.56
2024-10-17 13:11:00,0.4720562647906712,0.56
2024-10-17 13:12:00,0.47222975566102865,0.56
2024-10-17 13:13:00,0.47144861627964896,0.56
2024-10-17 13:14:00,0.4702463062874258,0.56
2024-10-17 13:15:00,0.4703594957292181,0.56
2024-10-17 13:16:00,0.47161791390178975,0.56
2024-10-17 13:17:00,0.47160109664745264,0.56
2024-10-17 13:18:00,0.47212649554414976,0.56
2024-10-17 13:19:00,0.4728739250123535,0.56
2024-10-17 13:20:00,0.4715211841295932,0.56
2024-10-17 13:21:00,0.47202240909308313,0.56
2024-10-17 13:22:00,0.4731340385325644,0.56
2024-10-17 13:23:00,0.47404113998069186,0.56
2024-10-17 13:24:00,0.4739685418721191,0.56
2024-10-17 13:25:00,0.47279152517602463,0.56
2024-10-17 13:26:00,0.47238025061132194,0.56
2024-10-17 13:27:00,0.4730350883328367,0.56
2024-10-17 13:28:00,0.4733964108771802,0.56
2024-10-17 13:29:00,0.4744511919887595,0.56
2024-10-17 13:30:00,0.4738711410488434,0.56
2024-10-17 13:31:00,0.4749006524591952,0.56
2024-10-17 13:32:00,0.47629183654172524,0.56
2024-10-17 13:33:00,0.47720495572137556,0.56
2024-10-17 13:34:00,0.4771563465530313,0.56
2024-10-17 13:35:00,0.4764226672917504,0.56
2024-10-17 13:36:00,0.4758647108299623,0.56
2024-10-17 13:37:00,0.476326625004196,0.56
2024-10-17 13:38:00,0.4768356990769418,0.56
2024-10-17 13:39:00,0.47556121877527846,0.56
2024-10-17 13:40:00,0.4746929410060303,0.57
2024-10-17 13:41:00,0.47403800439387234,0.56
2024-10-17 13:42:00,0.473538017802017,0.56
2024-10-17 13:43:00,0.4740196557451284,0.56
2024-10-17 13:44:00,0.47370814968090325,0.56
2024-10-17 13:45:00,0.47447909527298093,0.56
2024-10-17 13:46:00,0.47466205000045414,0.56
2024-10-17 13:47:00,0.4740805105479311,0.56
2024-10-17 13:48:00,0.473505269895796,0.56
2024-10-17 13:49:00,0.4734471464502683,0.56
2024-10-17 13:50:00,0.47351915608775186,0.56
2024-10-17 13:51:00,0.47482492832265266,0.56
2024-10-17 13:52:00,0.4753334261743427,0.56
2024-10-17 13:53:00,0.4753316356764279,0.56
2024-10-17 13:54:00,0.4749672389998161,0.56
2024-10-17 13:55:00,0.47575967536369945,0.56
2024-10-17 13:56:00,0.4765189005500783,0.56
2024-10-17 13:57:00,0.47773562334206443,0.56
2024-10-17 13:58:00,0.4767588042021045,0.56
2024-10-17 13:59:00,0.4775471289614843,0.56
2024-10-17 14:00:00,0.47713285208480705,0.56
2024-10-17 14:01:00,0.47715394719741977,0.56
2024-10-17 14:02:00,0.4785486016257401,0.56
2024-10-17 14:03:00,0.4775838876146363,0.56
2024-10-17 14:04:00,0.47921252151170335,0.56
2024-10-17 14:05:00,0.47957194797106273,0.56
2024-10-17 14:06:00,0.47883570546252874,0.56
2024-10-17 14:07:00,0.47958217223231947,0.55
2024-10-17 14:08:00,0.48073591926692294,0.56
2024-10-17 14:09:00,0.48055483341496186,0.56
2024-10-17 14:10:00,0.48163433309291803,0.56
2024-10-17 14:11:00,0.4817479112413976,0.56
2024-10-17 14:12:00,0.4816178420773183,0.56
2024-10-17 14:13:00,0.47933722951324786,0.56
2024-10-17 14:14:00,0.4788458813936025,0.56
2024-10-17 14:15:00,0.48038109530193496,0.56
2024-10-17 14:16:00,0.4796944362347253,0.56
2024-10-17 14:17:00,0.4822630778911996,0.55
2024-10-17 14:18:00,0.4820320906392863,0.56
2024-10-17 14:19:00,0.4828976987106921,0.56
2024-10-17 14:20:00,0.48317970983349645,0.56
2024-10-17 14:21:00,0.4817064245355571,0.56
2024-10-17 14:22:00,0.48250947376668196,0.56
2024-10-17 14:23:00,0.481816198512923,0.56
2024-10-17 14:24:00,0.48225962165648784,0.56
2024-10-17 14:25:00,0.48110643869813496,0.56
2024-10-17 14:26:00,0.47972562264580376,0.56
2024-10-17 14:27:00,0.48023784436691774,0.56
2024-10-17 14:28:00,0.4815948461787778,0.56
2024-10-17 14:29:00,0.4820651492979675,0.56
2024-10-17 14:30:00,0.4827976414770323,0.56
2024-10-17 14:31:00,0.4820843414302123,0.56
2024-10-17 14:32:00,0.4834993515505397,0.56
2024-10-17 14:33:00,0.48344937747099226,0.56
2024-10-17 14:34:00,0.48387598949082977,0.56
2024-10-17 14:35:00,0.4844492070938673,0.56
2024-10-17 14:36:00,0.48494872074546724,0.56
2024-10-17 14:37:00,0.4840629063854027,0.56
2024-10-17 14:38:00,0.48427198868267785,0.56
2024-10-17 14:39:00,0.48354117612027747,0.56
2024-10-17 14:40:00,0.4832445386222888,0.56
2024-10-17 14:41:00,0.4847135015394335,0.56
2024-10-17 14:42:00,0.48487544094099166,0.56
2024-10-17 14:43:00,0.4843216262959358,0.56
2024-10-17 14:44:00,0.4841406170513418,0.56
2024-10-17 14:45:00,0.4843938752551906,0.56
2024-10-17 14:46:00,0.48307522215279053,0.57
2024-10-17 14:47:00,0.4819707725456672,0.57
2024-10-17 14:48:00,0.48218027512503103,0.56
2024-10-17 14:49:00,0.48197535835388217,0.56
2024-10-17 14:50:00,0.48061325105668407,0.56
2024-10-17 14:51:00,0.4789066059487814,0.56
2024-10-17 14:52:00,0.4777631254249488,0.55
2024-10-17 14:53:00,0.477267807948093,0.55
2024-10-17 14:54:00,0.4770452110962402,0.56
2024-10-17 14:55:00,0.47797096606413514,0.56
2024-10-17 14:56:00,0.47781496222129616,0.56
2024-10-17 14:57:00,0.47858119307385283,0.56
2024-10-17 14:58:00,0.477929141537065,0.56
2024-10-17 14:59:00,0.4778183404014913,0.56
2024-10-17 15:00:00,0.4794118449115621,0.56
2024-10-17 15:01:00,0.4783869915366974,0.56
2024-10-17 15:02:00,0.4797994492555391,0.56
2024-10-17 15:03:00,0.4806371118843724,0.56
2024-10-17 15:04:00,0.4804036706197705,0.56
2024-10-17 15:05:00,0.4795447874781511,0.56
2024-10-17 15:06:00,0.4797491817845516,0.56
2024-10-17 15:07:00,0.4793597482407048,0.56
2024-10-17 15:08:00,0.4801431723820484,0.56
2024-10-17 15:09:00,0.47833629549695567,0.56
2024-10-17 15:10:00,0.479541705418314,0.56
2024-10-17 15:11:00,0.47807556584281374,0.56
2024-10-17 15:12:00,0.47649513597565174,0.56
2024-10-17 15:13:00,0.477561267036964,0.55
2024-10-17 15:14:00,0.47728674307003094,0.55
2024-10-17 15:15:00,0.4762555282689218,0.55
2024-10-17 15:16:00,0.4771263199456188,0.55
2024-10-17 15:17:00,0.47783578039419106,0.56
2024-10-17 15:18:00,0.47683989709746677,0.55
2024-10-17 15:19:00,0.47708839218664667,0.56
2024-10-17 15:20:00,0.4767346570716524,0.56
2024-10-17 15:21:00,0.4779118143812371,0.56
2024-10-17 15:22:00,0.478264559010783,0.56
2024-10-17 15:23:00,0.47691477484728995,0.56
2024-10-17 15:24:00,0.47728851077973666,0.56
2024-10-17 15:25:00,0.4776058775062866,0.56
2024-10-17 15:26:00,0.4770288117081274,0.56
2024-10-17 15:27:00,0.47606797133882384,0.56
2024-10-17 15:28:00,0.47651574439686484,0.56
2024-10-17 15:29:00,0.47835966637213656,0.56
2024-10-17 15:30:00,0.4788347874710077,0.56
2024-10-17 15:31:00,0.4781183762863124,0.56
2024-10-17 15:32:00,0.4789177190718952,0.55
2024-10-17 15:33:00,0.47888394407051993,0.56
2024-10-17 15:34:00,0.47841093038379934,0.56
2024-10-17 15:35:00,0.47928550528062597,0.56
2024-10-17 15:36:00,0.47918719415997235,0.56
2024-10-17 15:37:00,0.48090121086775484,0.57
2024-10-17 15:38:00,0.4833022560358933,0.57
2024-10-17 15:39:00,0.48305729754980553,0.57
2024-10-17 15:40:00,0.4817314928299987,0.57
2024-10-17 15:41:00,0.4812531461412972,0.57
2024-10-17 15:42:00,0.48289795584388506,0.57
2024-10-17 15:43:00,0.4827428634433997,0.57
2024-10-17 15:44:00,0.4816003227983259,0.57
2024-10-17 15:45:00,0.48215180544932523,0.57
2024-10-17 15:46:00,0.4836709355707496,0.57
2024-10-17 15:47:00,0.48398664274672165,0.57
2024-10-17 15:48:00,0.483770406710488,0.57
2024-10-17 15:49:00,0.4835033716938735,0.56
2024-10-17 15:50:00,0.48332292245819297,0.57
2024-10-17 15:51:00,0.4849496543993148,0.57
2024-10-17 15:52:00,0.4851658543635706,0.57
2024-10-17 15:53:00,0.4852566390030988,0.57
2024-10-17 15:54:00,0.48448069364131263,0.57
2024-10-17 15:55:00,0.4852952797678076,0.57
2024-10-17 15:56:00,0.48500074763007395,0.57
2024-10-17 15:57:00,0.4846841909569044,0.57
2024-10-17 15:58:00,0.4836997511458836,0.57
2024-10-17 15:59:00,0.4853172493259048,0.57
2024-10-17 16:00:00,0.4853172493259048,0.57
2024-10-18 09:30:00,0.4744484648762539,0.58
2024-10-18 09:31:00,0.47692961381948407,0.58
2024-10-18 09:32:00,0.47621168072345266,0.58
2024-10-18 09:33:00,0.4763677006113125,0.58
2024-10-18 09:34:00,0.48202369969287484,0.58
2024-10-18 09:35:00,0.48457086718162024,0.58
2024-10-18 09:36:00,0.4811510307847866,0.58
2024-10-18 09:37:00,0.48144646693087734,0.58
2024-10-18 09:38:00,0.4819053958032462,0.58
2024-10-18 09:39:00,0.4795402517630565,0.58
2024-10-18 09:40:00,0.48019527179912,0.58
2024-10-18 09:41:00,0.47920401053257433,0.58
2024-10-18 09:42:00,0.4790833306289397,0.58
2024-10-18 09:43:00,0.4810649647321317,0.58
2024-10-18 09:44:00,0.48119359787207583,0.58
2024-10-18 09:45:00,0.48044022746544957,0.58
2024-10-18 09:46:00,0.4814174325199876,0.58
2024-10-18 09:47:00,0.47906289719657313,0.58
2024-10-18 09:48:00,0.47888412384025547,0.58
2024-10-18 09:49:00,0.4814363457661186,0.58
2024-10-18 09:50:00,0.47980725922931655,0.58
2024-10-18 09:51:00,0.47938618397909294,0.58
2024-10-18 09:52:00,0.4796241299765802,0.58
2024-10-18 09:53:00,0.4790973527320175,0.58
2024-10-18 09:54:00,0.47934121969011945,0.58
2024-10-18 09:55:00,0.4776290210157714,0.58
2024-10-18 09:56:00,0.4773794415143764,0.58
2024-10-18 09:57:00,0.477979011742905,0.58
2024-10-18 09:58:00,0.4797955917168919,0.57
2024-10-18 09:59:00,0.4815277827449489,0.57
2024-10-18 10:00:00,0.48129832740163914,0.58
2024-10-18 10:01:00,0.48025144084063,0.58
2024-10-18 10:02:00,0.4787973741510816,0.58
2024-10-18 10:03:00,0.4779942541039517,0.58
2024-10-18 10:04:00,0.4793722425357705,0.58
2024-10-18 10:05:00,0.4775306749234536,0.58
2024-10-18 10:06:00,0.4799278476679498,0.58
2024-10-18 10:07:00,0.47785741360537215,0.58
2024-10-18 10:08:00,0.4794994743179506,0.58
2024-10-18 10:09:00,0.47608051130369833,0.58
2024-10-18 10:10:00,0.47752193501557927,0.58
2024-10-18 10:11:00,0.47796358983549037,0.58
2024-10-18 10:12:00,0.47802677906205937,0.58
2024-10-18 10:13:00,0.47982492253579223,0.58
2024-10-18 10:14:00,0.4810984145622419,0.58
2024-10-18 10:15:00,0.4793659774481378,0.58
2024-10-18 10:16:00,0.4810624844985838,0.58
2024-10-18 10:17:00,0.48073536598340794,0.58
2024-10-18 10:18:00,0.4816349489760412,0.58
2024-10-18 10:19:00,0.4825437838522382,0.58
2024-10-18 10:20:00,0.48126802592700835,0.58
2024-10-18 10:21:00,0.47897294896080855,0.58
2024-10-18 10:22:00,0.47888826686719965,0.58
2024-10-18 10:23:00,0.47967829931058303,0.58
2024-10-18 10:24:00,0.47814237756143707,0.58
2024-10-18 10:25:00,0.4789017497485115,0.58
2024-10-18 10:26:00,0.47667876241211826,0.58
2024-10-18 10:27:00,0.47864728323645767,0.58
2024-10-18 10:28:00,0.4781986789003849,0.58
2024-10-18 10:29:00,0.4786159247298023,0.58
2024-10-18 10:30:00,0.478993371701266,0.57
2024-10-18 10:31:00,0.4788151169826558,0.57
2024-10-18 10:32:00,0.4786589370200629,0.57
2024-10-18 10:33:00,0.48066371858711254,0.57
2024-10-18 10:34:00,0.4783276115739856,0.58
2024-10-18 10:35:00,0.478125706980711,0.58
2024-10-18 10:36:00,0.4792618685259844,0.58
2024-10-18 10:37:00,0.47758825125030246,0.58
2024-10-18 10:38:00,0.47857569791350163,0.58
2024-10-18 10:39:00,0.47779044752478117,0.58
2024-10-18 10:40:00,0.4782441129633257,0.58
2024-10-18 10:41:00,0.4792810615045322,0.58
2024-10-18 10:42:00,0.4791275543389528,0.58
2024-10-18 10:43:00,0.4804143789413662,0.58
2024-10-18 10:44:00,0.4796213805837135,0.58
2024-10-18 10:45:00,0.48053539074293394,0.58
2024-10-18 10:46:00,0.4800409470805287,0.58
2024-10-18 10:47:00,0.47932032965734384,0.58
2024-10-18 10:48:00,0.47990715901571845,0.58
2024-10-18 10:49:00,0.4804324353291516,0.58
2024-10-18 10:50:00,0.47973183022296095,0.58
2024-10-18 10:51:00,0.47708990165170984,0.58
2024-10-18 10:52:00,0.47685288176271645,0.58
2024-10-18 10:53:00,0.47694140676625696,0.58
2024-10-18 10:54:00,0.47771938528908797,0.58
2024-10-18 10:55:00,0.47996202808745436,0.58
2024-10-18 10:56:00,0.47895991041538344,0.58
2024-10-18 10:57:00,0.479604015292485,0.58
2024-10-18 10:58:00,0.48116244162205324,0.58
2024-10-18 10:59:00,0.479978158751704,0.58
2024-10-18 11:00:00,0.479010257312779,0.58
2024-10-18 11:01:00,0.479715969268925,0.58
2024-10-18 11:02:00,0.4799019326644378,0.58
2024-10-18 11:03:00,0.4779219251987443,0.58
2024-10-18 11:04:00,0.47769587061929264,0.58
2024-10-18 11:05:00,0.4781613252326846,0.58
2024-10-18 11:06:00,0.4766931346939922,0.58
2024-10-18 11:07:00,0.4761431840269641,0.58
2024-10-18 11:08:00,0.4762712544106076,0.58
2024-10-18 11:09:00,0.4768331646044597,0.58
2024-10-18 11:10:00,0.4760027796273787,0.58
2024-10-18 11:11:00,0.4756159062683174,0.58
2024-10-18 11:12:00,0.4759827052804997,0.58
2024-10-18 11:13:00,0.47624262099951165,0.58
2024-10-18 11:14:00,0.47596414632819584,0.58
2024-10-18 11:15:00,0.47576984039256964,0.58
2024-10-18 11:16:00,0.47572467607255153,0.58
2024-10-18 11:17:00,0.47498884368249583,0.57
2024-10-18 11:18:00,0.473114889216973,0.57
2024-10-18 11:19:00,0.4726010587532594,0.57
2024-10-18 11:20:00,0.47287047217108413,0.57
2024-10-18 11:21:00,0.47416161204613405,0.58
2024-10-18 11:22:00,0.4750139006557774,0.58
2024-10-18 11:23:00,0.4719615429016424,0.58
2024-10-18 11:24:00,0.47310959267047425,0.58
2024-10-18 11:25:00,0.47318431846345255,0.58
2024-10-18 11:26:00,0.4727051745497055,0.57
2024-10-18 11:27:00,0.47269087186076564,0.58
2024-10-18 11:28:00,0.47112807598627193,0.58
2024-10-18 11:29:00,0.47206216802840495,0.58
2024-10-18 11:30:00,0.4735458830593633,0.58
2024-10-18 11:31:00,0.47324804804791554,0.58
2024-10-18 11:32:00,0.4730668101913065,0.58
2024-10-18 11:33:00,0.47447076004348365,0.58
2024-10-18 11:34:00,0.475967015128431,0.57
2024-10-18 11:35:00,0.4760793736273323,0.58
2024-10-18 11:36:00,0.4776133789390309,0.58
2024-10-18 11:37:00,0.477957401323861,0.58
2024-10-18 11:38:00,0.47856346783797776,0.58
2024-10-18 11:39:00,0.4770223332962653,0.58
2024-10-18 11:40:00,0.47750556068582983,0.58
2024-10-18 11:41:00,0.4790080702170074,0.58
2024-10-18 11:42:00,0.4785911014377169,0.58
2024-10-18 11:43:00,0.47797752167703833,0.58
2024-10-18 11:44:00,0.47825911183692615,0.58
2024-10-18 11:45:00,0.4790744385517167,0.58
2024-10-18 11:46:00,0.4792110728247463,0.58
2024-10-18 11:47:00,0.48087038101964885,0.58
2024-10-18 11:48:00,0.4801380784211202,0.58
2024-10-18 11:49:00,0.48042085961121805,0.57
2024-10-18 11:50:00,0.4792167232913356,0.57
2024-10-18 11:51:00,0.47866842882438543,0.57
2024-10-18 11:52:00,0.47868993044422914,0.58
2024-10-18 11:53:00,0.47952435038123453,0.57
2024-10-18 11:54:00,0.4797213935259317,0.57
2024-10-18 11:55:00,0.4803853246355614,0.58
2024-10-18 11:56:00,0.4814425809811318,0.58
2024-10-18 11:57:00,0.4829450954796124,0.58
2024-10-18 11:58:00,0.48229108235240736,0.58
2024-10-18 11:59:00,0.4805188853416882,0.58
2024-10-18 12:00:00,0.4798818555303106,0.58
2024-10-18 12:01:00,0.48104164025565654,0.58
2024-10-18 12:02:00,0.48138225278448243,0.58
2024-10-18 12:03:00,0.48092402071471185,0.58
2024-10-18 12:04:00,0.48094411856007446,0.58
2024-10-18 12:05:00,0.4810637057832381,0.58
2024-10-18 12:06:00,0.4808881600620152,0.57
2024-10-18 12:07:00,0.48100872823871943,0.58
2024-10-18 12:08:00,0.48170118251109817,0.57
2024-10-18 12:09:00,0.4809174809859933,0.57
2024-10-18 12:10:00,0.48132725658651476,0.58
2024-10-18 12:11:00,0.4811849774664807,0.58
2024-10-18 12:12:00,0.48220135312723245,0.58
2024-10-18 12:13:00,0.48285999447574013,0.58
2024-10-18 12:14:00,0.48334981389906617,0.58
2024-10-18 12:15:00,0.482876887748078,0.58
2024-10-18 12:16:00,0.4841008983483295,0.58
2024-10-18 12:17:00,0.4836323177301469,0.57
2024-10-18 12:18:00,0.48234896669938876,0.58
2024-10-18 12:19:00,0.48234008381482085,0.58
2024-10-18 12:20:00,0.482713424172464,0.58
2024-10-18 12:21:00,0.4835474206668653,0.58
2024-10-18 12:22:00,0.4819071976099403,0.58
2024-10-18 12:23:00,0.48312498330393017,0.58
2024-10-18 12:24:00,0.4837143110061992,0.58
2024-10-18 12:25:00,0.4832242560576405,0.58
2024-10-18 12:26:00,0.483860853549144,0.58
2024-10-18 12:27:00,0.483425778554049,0.58
2024-10-18 12:28:00,0.4844705051588958,0.57
2024-10-18 12:29:00,0.48433848751105013,0.58
2024-10-18 12:30:00,0.4847749988172583,0.58
2024-10-18 12:31:00,0.4848614245162228,0.57
2024-10-18 12:32:00,0.4848756709470037,0.58
2024-10-18 12:33:00,0.4837904938068587,0.57
2024-10-18 12:34:00,0.4834347675291635,0.58
2024-10-18 12:35:00,0.4839964126296479,0.57
2024-10-18 12:36:00,0.48418112276595404,0.58
2024-10-18 12:37:00,0.48419511170143203,0.58
2024-10-18 12:38:00,0.4846286004553739,0.57
2024-10-18 12:39:00,0.4845419721243458,0.58
2024-10-18 12:40:00,0.48448145278682664,0.58
2024-10-18 12:41:00,0.4844265359984268,0.57
2024-10-18 12:42:00,0.48450883564190383,0.58
2024-10-18 12:43:00,0.4855167382457608,0.58
2024-10-18 12:44:00,0.48664077375675086,0.58
2024-10-18 12:45:00,0.48732466081739667,0.58
2024-10-18 12:46:00,0.4864361756428284,0.58
2024-10-18 12:47:00,0.48649992336103254,0.58
2024-10-18 12:48:00,0.48650947760408036,0.58
2024-10-18 12:49:00,0.4869822267456738,0.58
2024-10-18 12:50:00,0.48576572968245935,0.58
2024-10-18 12:51:00,0.48531257699829733,0.58
2024-10-18 12:52:00,0.48475671816727917,0.58
2024-10-18 12:53:00,0.48481722823891515,0.58
2024-10-18 12:54:00,0.48384819484427166,0.58
2024-10-18 12:55:00,0.4839240912862308,0.58
2024-10-18 12:56:00,0.4826724440839125,0.58
2024-10-18 12:57:00,0.4834291532659336,0.58
2024-10-18 12:58:00,0.4840291178322691,0.58
2024-10-18 12:59:00,0.4849815010134637,0.58
2024-10-18 13:00:00,0.48415212053991996,0.58
2024-10-18 13:01:00,0.48331812440959543,0.58
2024-10-18 13:02:00,0.48460532022733216,0.58
2024-10-18 13:03:00,0.48397239360640065,0.58
2024-10-18 13:04:00,0.48363060977209504,0.58
2024-10-18 13:05:00,0.4819031709706032,0.58
2024-10-18 13:06:00,0.48181323946937415,0.58
2024-10-18 13:07:00,0.48039980516516834,0.58
2024-10-18 13:08:00,0.4807156997999431,0.58
2024-10-18 13:09:00,0.48084101596099393,0.58
2024-10-18 13:10:00,0.48141485408310225,0.58
2024-10-18 13:11:00,0.4809297538174262,0.58
2024-10-18 13:12:00,0.48173995230418476,0.58
2024-10-18 13:13:00,0.48190148718565573,0.57
2024-10-18 13:14:00,0.4835682090700175,0.58
2024-10-18 13:15:00,0.4838339362416304,0.58
2024-10-18 13:16:00,0.48446684135690954,0.57
2024-10-18 13:17:00,0.4841999328689359,0.58
2024-10-18 13:18:00,0.4830835041224575,0.58
2024-10-18 13:19:00,0.4820409862087114,0.58
2024-10-18 13:20:00,0.4823776986032684,0.58
2024-10-18 13:21:00,0.48191483121819423,0.58
2024-10-18 13:22:00,0.4821176682275603,0.58
2024-10-18 13:23:00,0.48276229689236305,0.58
2024-10-18 13:24:00,0.4819768339390451,0.58
2024-10-18 13:25:00,0.4812521637500493,0.58
2024-10-18 13:26:00,0.48199356307307695,0.58
2024-10-18 13:27:00,0.4825680127642522,0.58
2024-10-18 13:28:00,0.4826506009236098,0.58
2024-10-18 13:29:00,0.4829447803654163,0.58
2024-10-18 13:30:00,0.4837035760449673,0.58
2024-10-18 13:31:00,0.4839109120821685,0.58
2024-10-18 13:32:00,0.48418847027763934,0.58
2024-10-18 13:33:00,0.48454662495661904,0.57
2024-10-18 13:34:00,0.484699554274169,0.58
2024-10-18 13:35:00,0.48480272578598504,0.58
2024-10-18 13:36:00,0.4854363607704364,0.58
2024-10-18 13:37:00,0.4857111067598152,0.57
2024-10-18 13:38:00,0.485467443563784,0.57
2024-10-18 13:39:00,0.4846192138482983,0.58
2024-10-18 13:40:00,0.4845193867157407,0.58
2024-10-18 13:41:00,0.48517566526636347,0.58
2024-10-18 13:42:00,0.4852582899230711,0.57
2024-10-18 13:43:00,0.4849305821040797,0.58
2024-10-18 13:44:00,0.4846600094714717,0.58
2024-10-18 13:45:00,0.48400180525131176,0.58
2024-10-18 13:46:00,0.48543493812490035,0.56
2024-10-18 13:47:00,0.48505187619547674,0.56
2024-10-18 13:48:00,0.4858101961853818,0.57
2024-10-18 13:49:00,0.4850857259767183,0.57
2024-10-18 13:50:00,0.48575689721924475,0.56
2024-10-18 13:51:00,0.4857611593416207,0.56
2024-10-18 13:52:00,0.4854882622476897,0.57
2024-10-18 13:53:00,0.48668665662073196,0.57
2024-10-18 13:54:00,0.48720931931296163,0.57
2024-10-18 13:55:00,0.487520651706977,0.56
2024-10-18 13:56:00,0.4875720535637498,0.56
2024-10-18 13:57:00,0.4866420979697279,0.56
2024-10-18 13:58:00,0.4881041284584977,0.57
2024-10-18 13:59:00,0.4878833394652895,0.57
2024-10-18 14:00:00,0.4881022480569144,0.57
2024-10-18 14:01:00,0.4878559349675793,0.56
2024-10-18 14:02:00,0.48843414679979724,0.57
2024-10-18 14:03:00,0.48729242576196463,0.57
2024-10-18 14:04:00,0.4869029038734587,0.57
2024-10-18 14:05:00,0.4859166907835364,0.57
2024-10-18 14:06:00,0.48643701521384064,0.57
2024-10-18 14:07:00,0.48750755614630736,0.57
2024-10-18 14:08:00,0.48763029538172176,0.57
2024-10-18 14:09:00,0.48698537961577526,0.57
2024-10-18 14:10:00,0.48677938683642075,0.57
2024-10-18 14:11:00,0.48713285923033367,0.57
2024-10-18 14:12:00,0.48632161231868376,0.57
2024-10-18 14:13:00,0.48609441220493577,0.57
2024-10-18 14:14:00,0.4856767039372343,0.57
2024-10-18 14:15:00,0.4859083417237844,0.57
2024-10-18 14:16:00,0.48624472405632946,0.57
2024-10-18 14:17:00,0.48582531257789063,0.57
2024-10-18 14:18:00,0.48685640181404755,0.57
2024-10-18 14:19:00,0.4864717696392,0.56
2024-10-18 14:20:00,0.48729750832865437,0.57
2024-10-18 14:21:00,0.48769631960378246,0.57
2024-10-18 14:22:00,0.48749365192474436,0.56
2024-10-18 14:23:00,0.487863738564865,0.57
2024-10-18 14:24:00,0.4876189873771406,0.57
2024-10-18 14:25:00,0.48728887858615155,0.57
2024-10-18 14:26:00,0.48693147576347173,0.57
2024-10-18 14:27:00,0.48716726469145644,0.57
2024-10-18 14:28:00,0.4875999305065306,0.57
2024-10-18 14:29:00,0.48758772969020003,0.57
2024-10-18 14:30:00,0.48812850008619013,0.57
2024-10-18 14:31:00,0.4886622679302268,0.57
2024-10-18 14:32:00,0.48806827640934913,0.57
2024-10-18 14:33:00,0.4877331204091433,0.57
2024-10-18 14:34:00,0.48878252964950275,0.57
2024-10-18 14:35:00,0.48907942023635154,0.57
2024-10-18 14:36:00,0.489678838845941,0.57
2024-10-18 14:37:00,0.4897353672089795,0.57
2024-10-18 14:38:00,0.4894138151103682,0.57
2024-10-18 14:39:00,0.48977119803590274,0.57
2024-10-18 14:40:00,0.49100471480324726,0.57
2024-10-18 14:41:00,0.49042489265202405,0.57
2024-10-18 14:42:00,0.4899460765492505,0.57
2024-10-18 14:43:00,0.4895477216468598,0.57
2024-10-18 14:44:00,0.49021672574081054,0.56
2024-10-18 14:45:00,0.4909125635292442,0.57
2024-10-18 14:46:00,0.49019621836662375,0.57
2024-10-18 14:47:00,0.49143517214580634,0.57
2024-10-18 14:48:00,0.4911533861440358,0.57
2024-10-18 14:49:00,0.49151503518449124,0.57
2024-10-18 14:50:00,0.49182044251326995,0.57
2024-10-18 14:51:00,0.4924604496115308,0.57
2024-10-18 14:52:00,0.49253656640946475,0.56
2024-10-18 14:53:00,0.49213545194727204,0.57
2024-10-18 14:54:00,0.4915039959447547,0.57
2024-10-18 14:55:00,0.4906741063446185,0.56
2024-10-18 14:56:00,0.4900630961295811,0.57
2024-10-18 14:57:00,0.4900559133024378,0.57
2024-10-18 14:58:00,0.4901187950352719,0.57
2024-10-18 14:59:00,0.4899977725639266,0.57
2024-10-18 15:00:00,0.49006665980529784,0.57
2024-10-18 15:01:00,0.48966485744863486,0.57
2024-10-18 15:02:00,0.4906119756936873,0.57
2024-10-18 15:03:00,0.4916680223233316,0.57
2024-10-18 15:04:00,0.4916543848521575,0.57
2024-10-18 15:05:00,0.4906612397348262,0.57
2024-10-18 15:06:00,0.49122166791539557,0.57
2024-10-18 15:07:00,0.4909092843606395,0.57
2024-10-18 15:08:00,0.4902394266621426,0.57
2024-10-18 15:09:00,0.48970852876723536,0.56
2024-10-18 15:10:00,0.48921335318863357,0.57
2024-10-18 15:11:00,0.4892592926191741,0.57
2024-10-18 15:12:00,0.4887474202094959,0.57
2024-10-18 15:13:00,0.4889926340046593,0.57
2024-10-18 15:14:00,0.48804744833022506,0.57
2024-10-18 15:15:00,0.4878808231820082,0.57
2024-10-18 15:16:00,0.48799613908491923,0.57
2024-10-18 15:17:00,0.4888543593032286,0.57
2024-10-18 15:18:00,0.48830698740681444,0.57
2024-10-18 15:19:00,0.4869324735653249,0.57
2024-10-18 15:20:00,0.48678342100344296,0.57
2024-10-18 15:21:00,0.48720735739242493,0.56
2024-10-18 15:22:00,0.4876524024398534,0.56
2024-10-18 15:23:00,0.48765851753039846,0.57
2024-10-18 15:24:00,0.48776605039346577,0.57
2024-10-18 15:25:00,0.48856771457665826,0.57
2024-10-18 15:26:00,0.48869699452235227,0.57
2024-10-18 15:27:00,0.4878123923701534,0.57
2024-10-18 15:28:00,0.48699543374276844,0.57
2024-10-18 15:29:00,0.486178674231285,0.56
2024-10-18 15:30:00,0.48630394352825657,0.57
2024-10-18 15:31:00,0.4861375894313096,0.57
2024-10-18 15:32:00,0.48682070663582633,0.57
2024-10-18 15:33:00,0.4860823870930264,0.57
2024-10-18 15:34:00,0.48516404547163217,0.57
2024-10-18 15:35:00,0.48588342188160216,0.56
2024-10-18 15:36:00,0.4849885946737309,0.57
2024-10-18 15:37:00,0.4839343754536578,0.56
2024-10-18 15:38:00,0.48409273127897845,0.57
2024-10-18 15:39:00,0.4837576264531449,0.57
2024-10-18 15:40:00,0.4837173314014016,0.57
2024-10-18 15:41:00,0.48527495182387415,0.57
2024-10-18 15:42:00,0.4855741845326291,0.57
2024-10-18 15:43:00,0.48551802607796657,0.57
2024-10-18 15:44:00,0.4847729445353879,0.57
2024-10-18 15:45:00,0.48468064405266076,0.57
2024-10-18 15:46:00,0.4840548439404946,0.57
2024-10-18 15:47:00,0.48405684724588727,0.57
2024-10-18 15:48:00,0.483716501904367,0.57
2024-10-18 15:49:00,0.48432626915941257,0.57
2024-10-18 15:50:00,0.48388505728027176,0.57
2024-10-18 15:51:00,0.4833965677794654,0.57
2024-10-18 15:52:00,0.4827361282233673,0.57
2024-10-18 15:53:00,0.4825995168010728,0.57
2024-10-18 15:54:00,0.48159779478702824,0.57
2024-10-18 15:55:00,0.4813105728346574,0.57
2024-10-18 15:56:00,0.4798229497874351,0.57
2024-10-18 15:57:00,0.47917483199982747,0.57
2024-10-18 15:58:00,0.47962971267432253,0.57
2024-10-18 15:59:00,0.478528045320904,0.56
2024-10-18 16:00:00,0.478528045320904,0.56
2024-10-21 09:30:00,0.46709095147713264,0.58
2024-10-21 09:31:00,0.4720437631111183,0.57
2024-10-21 09:32:00,0.47254968711726675,0.57
2024-10-21 09:33:00,0.47220898139736156,0.58
2024-10-21 09:34:00,0.4699906436157406,0.58
2024-10-21 09:35:00,0.46490554065131806,0.58
2024-10-21 09:36:00,0.46005600540775027,0.58
2024-10-21 09:37:00,0.46172809116657443,0.58
2024-10-21 09:38:00,0.46183196711226526,0.58
2024-10-21 09:39:00,0.46186606475683534,0.58
2024-10-21 09:40:00,0.4598268561943579,0.58
2024-10-21 09:41:00,0.46047726039560266,0.58
2024-10-21 09:42:00,0.4563655631031851,0.58
2024-10-21 09:43:00,0.45531002472691706,0.58
2024-10-21 09:44:00,0.45474953673374885,0.58
2024-10-21 09:45:00,0.4538216596858431,0.57
2024-10-21 09:46:00,0.45446865355344745,0.58
2024-10-21 09:47:00,0.45435610379620583,0.58
2024-10-21 09:48:00,0.45223506904655975,0.58
2024-10-21 09:49:00,0.4509279642700659,0.58
2024-10-21 09:50:00,0.45121509757695244,0.58
2024-10-21 09:51:00,0.45233131267258186,0.58
2024-10-21 09:52:00,0.45170934124577156,0.58
2024-10-21 09:53:00,0.4495390216018438,0.58
2024-10-21 09:54:00,0.4496751421520291,0.58
2024-10-21 09:55:00,0.45203367021908547,0.58
2024-10-21 09:56:00,0.4511635071823925,0.58
2024-10-21 09:57:00,0.453927945376454,0.58
2024-10-21 09:58:00,0.4524994362737027,0.58
2024-10-21 09:59:00,0.45218075017855264,0.58
2024-10-21 10:00:00,0.4542997324184117,0.58
2024-10-21 10:01:00,0.4540774883121357,0.57
2024-10-21 10:02:00,0.45450382335802453,0.58
2024-10-21 10:03:00,0.45413415706499305,0.58
2024-10-21 10:04:00,0.4532287582453327,0.58
2024-10-21 10:05:00,0.45183337492820974,0.58
2024-10-21 10:06:00,0.4531782502422581,0.58
2024-10-21 10:07:00,0.4528038448092031,0.58
2024-10-21 10:08:00,0.45391999317853426,0.58
2024-10-21 10:09:00,0.45468257456179617,0.58
2024-10-21 10:10:00,0.45450546263472336,0.58
2024-10-21 10:11:00,0.4564553280856074,0.58
2024-10-21 10:12:00,0.45842613235736285,0.58
2024-10-21 10:13:00,0.4595091403849494,0.58
2024-10-21 10:14:00,0.458481961053961,0.58
2024-10-21 10:15:00,0.4606251478038186,0.58
2024-10-21 10:16:00,0.46104867548100015,0.58
2024-10-21 10:17:00,0.4605428567412482,0.58
2024-10-21 10:18:00,0.4600010043771017,0.58
2024-10-21 10:19:00,0.46036122889584363,0.58
2024-10-21 10:20:00,0.46082134960982946,0.58
2024-10-21 10:21:00,0.46126666905678104,0.58
2024-10-21 10:22:00,0.46269489110778506,0.58
2024-10-21 10:23:00,0.46458869816323634,0.58
2024-10-21 10:24:00,0.46578546675577104,0.58
2024-10-21 10:25:00,0.4676393464500801,0.58
2024-10-21 10:26:00,0.4655648914698991,0.58
2024-10-21 10:27:00,0.4658154011968556,0.58
2024-10-21 10:28:00,0.4656329482603556,0.58
2024-10-21 10:29:00,0.4640466541864161,0.57
2024-10-21 10:30:00,0.4656467842977421,0.57
2024-10-21 10:31:00,0.46703615075704064,0.58
2024-10-21 10:32:00,0.46654816774103547,0.58
2024-10-21 10:33:00,0.4678389053399721,0.58
2024-10-21 10:34:00,0.46808165857219497,0.57
2024-10-21 10:35:00,0.4688235876860134,0.57
2024-10-21 10:36:00,0.4700711194620004,0.58
2024-10-21 10:37:00,0.47184285276548477,0.58
2024-10-21 10:38:00,0.4719125116689187,0.58
2024-10-21 10:39:00,0.4741203153364031,0.58
2024-10-21 10:40:00,0.47515927527191093,0.58
2024-10-21 10:41:00,0.4723619596473989,0.58
2024-10-21 10:42:00,0.47307970428718327,0.58
2024-10-21 10:43:00,0.47415178274989533,0.58
2024-10-21 10:44:00,0.4748482445172193,0.58
2024-10-21 10:45:00,0.47888891219351426,0.58
2024-10-21 10:46:00,0.47649945564152696,0.58
2024-10-21 10:47:00,0.47649982465135143,0.58
2024-10-21 10:48:00,0.4764898953743246,0.58
2024-10-21 10:49:00,0.47864496082733576,0.58
2024-10-21 10:50:00,0.47963644065944266,0.57
2024-10-21 10:51:00,0.4784976156457066,0.58
2024-10-21 10:52:00,0.4781408937178233,0.58
2024-10-21 10:53:00,0.4782219920613058,0.58
2024-10-21 10:54:00,0.48148418178694263,0.58
2024-10-21 10:55:00,0.48254695982693874,0.58
2024-10-21 10:56:00,0.48064992251684013,0.58
2024-10-21 10:57:00,0.480579091292632,0.58
2024-10-21 10:58:00,0.4807730985760379,0.58
2024-10-21 10:59:00,0.48165329694661785,0.58
2024-10-21 11:00:00,0.4813078388067942,0.58
2024-10-21 11:01:00,0.48178597068077544,0.58
2024-10-21 11:02:00,0.48129457182378954,0.58
2024-10-21 11:03:00,0.480799381631827,0.57
2024-10-21 11:04:00,0.48047471058117863,0.57
2024-10-21 11:05:00,0.481594808172477,0.57
2024-10-21 11:06:00,0.48189990570999996,0.58
2024-10-21 11:07:00,0.48374271845296435,0.58
2024-10-21 11:08:00,0.4859277195826237,0.58
2024-10-21 11:09:00,0.4850972347148865,0.57
2024-10-21 11:10:00,0.4835269987991213,0.58
2024-10-21 11:11:00,0.4841844092128882,0.58
2024-10-21 11:12:00,0.4839208807125639,0.57
2024-10-21 11:13:00,0.4824046960655417,0.58
2024-10-21 11:14:00,0.48229270397652235,0.58
2024-10-21 11:15:00,0.484523929894505,0.57
2024-10-21 11:16:00,0.4847202389781493,0.57
2024-10-21 11:17:00,0.48549649125953587,0.58
2024-10-21 11:18:00,0.4856942426980202,0.58
2024-10-21 11:19:00,0.48385678023328693,0.58
2024-10-21 11:20:00,0.48381457587747145,0.58
2024-10-21 11:21:00,0.48503400139113206,0.57
2024-10-21 11:22:00,0.4840224483247775,0.57
2024-10-21 11:23:00,0.4835231161353988,0.58
2024-10-21 11:24:00,0.48433754602381085,0.58
2024-10-21 11:25:00,0.48486956447330276,0.58
2024-10-21 11:26:00,0.4854298086791109,0.58
2024-10-21 11:27:00,0.484060596298191,0.58
2024-10-21 11:28:00,0.48489876791744746,0.58
2024-10-21 11:29:00,0.48421624155660425,0.58
2024-10-21 11:30:00,0.4848961195389465,0.58
2024-10-21 11:31:00,0.4844684614885877,0.58
2024-10-21 11:32:00,0.48273239643928556,0.58
2024-10-21 11:33:00,0.4824098549468465,0.58
2024-10-21 11:34:00,0.48146710034056794,0.58
2024-10-21 11:35:00,0.48167964685342146,0.58
2024-10-21 11:36:00,0.4825526614554463,0.58
2024-10-21 11:37:00,0.48151617369883737,0.58
2024-10-21 11:38:00,0.481343749813669,0.58
2024-10-21 11:39:00,0.4782100859344085,0.58
2024-10-21 11:40:00,0.47640037941550895,0.58
2024-10-21 11:41:00,0.4778090122303398,0.58
2024-10-21 11:42:00,0.47874414260859655,0.58
2024-10-21 11:43:00,0.47816560465493096,0.58
2024-10-21 11:44:00,0.47882575692135876,0.58
2024-10-21 11:45:00,0.4778892254334852,0.58
2024-10-21 11:46:00,0.47887924699336204,0.58
2024-10-21 11:47:00,0.47867764951220626,0.58
2024-10-21 11:48:00,0.47774624779854613,0.58
2024-10-21 11:49:00,0.4770703467171027,0.58
2024-10-21 11:50:00,0.47755448948580415,0.58
2024-10-21 11:51:00,0.4782587021629874,0.58
2024-10-21 11:52:00,0.4775008340551137,0.58
2024-10-21 11:53:00,0.4779692618884399,0.58
2024-10-21 11:54:00,0.47926606135152716,0.58
2024-10-21 11:55:00,0.47888609957030703,0.58
2024-10-21 11:56:00,0.47847122266892694,0.58
2024-10-21 11:57:00,0.4786782933628946,0.58
2024-10-21 11:58:00,0.4800815528810862,0.58
2024-10-21 11:59:00,0.4800927849879868,0.58
2024-10-21 12:00:00,0.4791642927376205,0.58
2024-10-21 12:01:00,0.47953665258518074,0.58
2024-10-21 12:02:00,0.47942196044112273,0.58
2024-10-21 12:03:00,0.4806346395908825,0.58
2024-10-21 12:04:00,0.47964788237170386,0.58
2024-10-21 12:05:00,0.480584587422501,0.57
2024-10-21 12:06:00,0.4812120315356079,0.57
2024-10-21 12:07:00,0.48156434243029955,0.58
2024-10-21 12:08:00,0.4811378825855692,0.58
2024-10-21 12:09:00,0.4816750349032135,0.57
2024-10-21 12:10:00,0.48303173701533786,0.58
2024-10-21 12:11:00,0.4846009389397141,0.58
2024-10-21 12:12:00,0.4846696538996811,0.58
2024-10-21 12:13:00,0.4848913895042417,0.58
2024-10-21 12:14:00,0.48419044181709725,0.58
2024-10-21 12:15:00,0.4835868923851956,0.58
2024-10-21 12:16:00,0.4827280720216114,0.58
2024-10-21 12:17:00,0.4830110013054816,0.57
2024-10-21 12:18:00,0.4833087491193131,0.57
2024-10-21 12:19:00,0.4829872902345127,0.57
2024-10-21 12:20:00,0.4828894478036687,0.57
2024-10-21 12:21:00,0.48233167454282655,0.58
2024-10-21 12:22:00,0.48079427390225304,0.58
2024-10-21 12:23:00,0.48225548735006574,0.58
2024-10-21 12:24:00,0.48106277286242505,0.58
2024-10-21 12:25:00,0.4810012125868808,0.58
2024-10-21 12:26:00,0.4814404495600322,0.58
2024-10-21 12:27:00,0.481991338322749,0.58
2024-10-21 12:28:00,0.4817549688182179,0.58
2024-10-21 12:29:00,0.48149391632788663,0.58
2024-10-21 12:30:00,0.4808303872732338,0.58
2024-10-21 12:31:00,0.4808494492959776,0.58
2024-10-21 12:32:00,0.4811032032904048,0.58
2024-10-21 12:33:00,0.48091545683116776,0.58
2024-10-21 12:34:00,0.4804506503975612,0.58
2024-10-21 12:35:00,0.48151303132880785,0.58
2024-10-21 12:36:00,0.48225719484057206,0.58
2024-10-21 12:37:00,0.48288769386485986,0.58
2024-10-21 12:38:00,0.4837020679843975,0.58
2024-10-21 12:39:00,0.48377367335165755,0.58
2024-10-21 12:40:00,0.4833956850096801,0.58
2024-10-21 12:41:00,0.48413221332555145,0.58
2024-10-21 12:42:00,0.48324630587134965,0.57
2024-10-21 12:43:00,0.48417214859189595,0.58
2024-10-21 12:44:00,0.4845069947011409,0.58
2024-10-21 12:45:00,0.4835858529784465,0.58
2024-10-21 12:46:00,0.4840654570366174,0.58
2024-10-21 12:47:00,0.4827320787888818,0.58
2024-10-21 12:48:00,0.4830998796150314,0.57
2024-10-21 12:49:00,0.48366471871394734,0.58
2024-10-21 12:50:00,0.4836157059636743,0.58
2024-10-21 12:51:00,0.48313963317553577,0.57
2024-10-21 12:52:00,0.4843145138952114,0.57
2024-10-21 12:53:00,0.4839854011312015,0.57
2024-10-21 12:54:00,0.4831706729315439,0.58
2024-10-21 12:55:00,0.48252593960515866,0.57
2024-10-21 12:56:00,0.4822792449019848,0.57
2024-10-21 12:57:00,0.48285078249044866,0.58
2024-10-21 12:58:00,0.4825250499714182,0.58
2024-10-21 12:59:00,0.4823404653797334,0.57
2024-10-21 13:00:00,0.4811451119914143,0.58
2024-10-21 13:01:00,0.48110030623042843,0.57
2024-10-21 13:02:00,0.48193390661534274,0.57
2024-10-21 13:03:00,0.48146107569314966,0.58
2024-10-21 13:04:00,0.48167087241818085,0.57
2024-10-21 13:05:00,0.4810009464861247,0.58
2024-10-21 13:06:00,0.48037117321919953,0.58
2024-10-21 13:07:00,0.4799483066947585,0.58
2024-10-21 13:08:00,0.47873343656331824,0.57
2024-10-21 13:09:00,0.4782401705494259,0.58
2024-10-21 13:10:00,0.47811098414147346,0.58
2024-10-21 13:11:00,0.47846398618404273,0.58
2024-10-21 13:12:00,0.4775114071244084,0.58
2024-10-21 13:13:00,0.47832707137790176,0.58
2024-10-21 13:14:00,0.4785364074414489,0.58
2024-10-21 13:15:00,0.47808131529378817,0.58
2024-10-21 13:16:00,0.4782289848882162,0.58
2024-10-21 13:17:00,0.4800319332974954,0.58
2024-10-21 13:18:00,0.4803059947250341,0.58
2024-10-21 13:19:00,0.48101583676842785,0.58
2024-10-21 13:20:00,0.47937746488759614,0.58
2024-10-21 13:21:00,0.48047807256436204,0.58
2024-10-21 13:22:00,0.4795225476224758,0.58
2024-10-21 13:23:00,0.47856581433388246,0.58
2024-10-21 13:24:00,0.4783722716364214,0.58
2024-10-21 13:25:00,0.4792368529069104,0.58
2024-10-21 13:26:00,0.47863955355557253,0.58
2024-10-21 13:27:00,0.4777144119074477,0.58
2024-10-21 13:28:00,0.4768833700750077,0.58
2024-10-21 13:29:00,0.4773755854818795,0.58
2024-10-21 13:30:00,0.47662101103150145,0.58
2024-10-21 13:31:00,0.47692060834525685,0.58
2024-10-21 13:32:00,0.4759289742520758,0.58
2024-10-21 13:33:00,0.47680430904782667,0.58
2024-10-21 13:34:00,0.477375075738552,0.57
2024-10-21 13:35:00,0.47747252914911553,0.57
2024-10-21 13:36:00,0.47698851975315093,0.57
2024-10-21 13:37:00,0.4774425715469157,0.57
2024-10-21 13:38:00,0.47718437261723845,0.57
2024-10-21 13:39:00,0.47660003742880463,0.57
2024-10-21 13:40:00,0.47587602345199875,0.58
2024-10-21 13:41:00,0.4746388121370064,0.58
2024-10-21 13:42:00,0.47531084230200915,0.58
2024-10-21 13:43:00,0.47590199269972344,0.58
2024-10-21 13:44:00,0.4758384939809035,0.58
2024-10-21 13:45:00,0.4735524050978228,0.58
2024-10-21 13:46:00,0.4731894314235283,0.58
2024-10-21 13:47:00,0.4742422807669151,0.57
2024-10-21 13:48:00,0.4737349072120913,0.58
2024-10-21 13:49:00,0.47432210098767746,0.58
2024-10-21 13:50:00,0.47423921899207744,0.58
2024-10-21 13:51:00,0.47402754680418835,0.58
2024-10-21 13:52:00,0.47453556326105617,0.58
2024-10-21 13:53:00,0.4739502763521204,0.58
2024-10-21 13:54:00,0.47375384881698523,0.58
2024-10-21 13:55:00,0.47421949666572805,0.58
2024-10-21 13:56:00,0.4738841334078956,0.58
2024-10-21 13:57:00,0.4730962584343763,0.58
2024-10-21 13:58:00,0.4731879694296708,0.57
2024-10-21 13:59:00,0.4729257757794574,0.58
2024-10-21 14:00:00,0.4724181985056817,0.57
2024-10-21 14:01:00,0.4718699997202107,0.58
2024-10-21 14:02:00,0.47288485838359384,0.58
2024-10-21 14:03:00,0.47172369756685595,0.58
2024-10-21 14:04:00,0.4719987523289493,0.58
2024-10-21 14:05:00,0.4728796750820814,0.58
2024-10-21 14:06:00,0.47343502136172266,0.58
2024-10-21 14:07:00,0.4715423371847509,0.58
2024-10-21 14:08:00,0.4710828540865435,0.58
2024-10-21 14:09:00,0.4712539426199507,0.58
2024-10-21 14:10:00,0.4710112564406643,0.58
2024-10-21 14:11:00,0.4712608950853221,0.58
2024-10-21 14:12:00,0.47159755396726966,0.58
2024-10-21 14:13:00,0.47075640168011623,0.57
2024-10-21 14:14:00,0.47177661987701947,0.57
2024-10-21 14:15:00,0.4716136397115489,0.57
2024-10-21 14:16:00,0.47129167631056457,0.57
2024-10-21 14:17:00,0.471521311096043,0.57
2024-10-21 14:18:00,0.4726730728947779,0.57
2024-10-21 14:19:00,0.47221714079850696,0.57
2024-10-21 14:20:00,0.4722957085765487,0.57
2024-10-21 14:21:00,0.4733628497506046,0.57
2024-10-21 14:22:00,0.4732249497873642,0.57
2024-10-21 14:23:00,0.4739761247055132,0.57
2024-10-21 14:24:00,0.4749289187511858,0.57
2024-10-21 14:25:00,0.4746545860965796,0.57
2024-10-21 14:26:00,0.47360324374050156,0.57
2024-10-21 14:27:00,0.47516976455469195,0.57
2024-10-21 14:28:00,0.47589586113714355,0.57
2024-10-21 14:29:00,0.4763709691155922,0.57
2024-10-21 14:30:00,0.4758149868075481,0.57
2024-10-21 14:31:00,0.47655328035325994,0.57
2024-10-21 14:32:00,0.47570297989812205,0.57
2024-10-21 14:33:00,0.4747539738548998,0.57
2024-10-21 14:34:00,0.4749247755343162,0.57
2024-10-21 14:35:00,0.47393177597782077,0.57
2024-10-21 14:36:00,0.47359495253315953,0.57
2024-10-21 14:37:00,0.4741882463462257,0.57
2024-10-21 14:38:00,0.47476585137892857,0.57
2024-10-21 14:39:00,0.4753514460176447,0.57
2024-10-21 14:40:00,0.47568885989273135,0.57
2024-10-21 14:41:00,0.47629266491479316,0.57
2024-10-21 14:42:00,0.4756258481464395,0.57
2024-10-21 14:43:00,0.47634064475629123,0.57
2024-10-21 14:44:00,0.4765337764757269,0.57
2024-10-21 14:45:00,0.47631219060730934,0.57
2024-10-21 14:46:00,0.4761234676825892,0.56
2024-10-21 14:47:00,0.47673080963808867,0.56
2024-10-21 14:48:00,0.47566707191870106,0.57
2024-10-21 14:49:00,0.475479762507524,0.57
2024-10-21 14:50:00,0.47519653432187536,0.57
2024-10-21 14:51:00,0.47529809761186903,0.56
2024-10-21 14:52:00,0.47599618380126096,0.57
2024-10-21 14:53:00,0.47696256788502,0.57
2024-10-21 14:54:00,0.47697840253576795,0.57
2024-10-21 14:55:00,0.4767969267827865,0.57
2024-10-21 14:56:00,0.4768278868405653,0.57
2024-10-21 14:57:00,0.4774991663529218,0.57
2024-10-21 14:58:00,0.4768107329626823,0.56
2024-10-21 14:59:00,0.47690128612569027,0.57
2024-10-21 15:00:00,0.47865956169056356,0.57
2024-10-21 15:01:00,0.47895986684961955,0.57
2024-10-21 15:02:00,0.4795473700458286,0.57
2024-10-21 15:03:00,0.47990370068319543,0.57
2024-10-21 15:04:00,0.48037732251209975,0.57
2024-10-21 15:05:00,0.47968746750801583,0.57
2024-10-21 15:06:00,0.4790853082180211,0.57
2024-10-21 15:07:00,0.47873758391508603,0.57
2024-10-21 15:08:00,0.47783290870665707,0.57
2024-10-21 15:09:00,0.4773815998799604,0.57
2024-10-21 15:10:00,0.4767130661788317,0.57
2024-10-21 15:11:00,0.4772593343634608,0.57
2024-10-21 15:12:00,0.4772114646741723,0.57
2024-10-21 15:13:00,0.47684794618366966,0.57
2024-10-21 15:14:00,0.4769352339216175,0.57
2024-10-21 15:15:00,0.4767670142251801,0.57
2024-10-21 15:16:00,0.47499585547829803,0.57
2024-10-21 15:17:00,0.475299452138928,0.57
2024-10-21 15:18:00,0.4745511655133845,0.57
2024-10-21 15:19:00,0.47367596755026464,0.57
2024-10-21 15:20:00,0.47502010608261913,0.57
2024-10-21 15:21:00,0.4751121719975442,0.57
2024-10-21 15:22:00,0.47542246396666443,0.57
2024-10-21 15:23:00,0.4753082258865693,0.57
2024-10-21 15:24:00,0.47536611735641565,0.57
2024-10-21 15:25:00,0.47505856252601464,0.57
2024-10-21 15:26:00,0.47454163835481133,0.57
2024-10-21 15:27:00,0.47604276572350623,0.57
2024-10-21 15:28:00,0.476351761294328,0.57
2024-10-21 15:29:00,0.47527394688151214,0.57
2024-10-21 15:30:00,0.4753608759549446,0.57
2024-10-21 15:31:00,0.4751030200708015,0.57
2024-10-21 15:32:00,0.4755273900385759,0.57
2024-10-21 15:33:00,0.47499398382893676,0.57
2024-10-21 15:34:00,0.4748949709383419,0.57
2024-10-21 15:35:00,0.47572281160859586,0.57
2024-10-21 15:36:00,0.4757448717948256,0.57
2024-10-21 15:37:00,0.4758466207321661,0.57
2024-10-21 15:38:00,0.4755520337844261,0.57
2024-10-21 15:39:00,0.475735846139129,0.57
2024-10-21 15:40:00,0.4746027049261372,0.57
2024-10-21 15:41:00,0.4744919101067191,0.57
2024-10-21 15:42:00,0.4753691880405124,0.57
2024-10-21 15:43:00,0.475124141454929,0.57
2024-10-21 15:44:00,0.47547172621948897,0.57
2024-10-21 15:45:00,0.4752435762898457,0.57
2024-10-21 15:46:00,0.4740530194607391,0.57
2024-10-21 15:47:00,0.47342653848597727,0.57
2024-10-21 15:48:00,0.47315042038907174,0.57
2024-10-21 15:49:00,0.4738011490852545,0.57
2024-10-21 15:50:00,0.47396181428579154,0.57
2024-10-21 15:51:00,0.47371020417895404,0.57
2024-10-21 15:52:00,0.4723984376898607,0.58
2024-10-21 15:53:00,0.47161074156293936,0.58
2024-10-21 15:54:00,0.47066657888741914,0.58
2024-10-21 15:55:00,0.47308565860400154,0.58
2024-10-21 15:56:00,0.472035149431443,0.58
2024-10-21 15:57:00,0.47370234874374284,0.58
2024-10-21 15:58:00,0.4710935478030571,0.57
2024-10-21 15:59:00,0.4697581170270715,0.58
2024-10-21 16:00:00,0.4697581170270715,0.58
2024-10-22 09:30:00,0.47166994329223155,0.6
2024-10-22 09:31:00,0.47524233865970245,0.6
2024-10-22 09:32:00,0.47139884891994543,0.6
2024-10-22 09:33:00,0.46519472345081225,0.6
2024-10-22 09:34:00,0.46755604297545683,0.6
2024-10-22 09:35:00,0.46435019021074786,0.6
2024-10-22 09:36:00,0.46306478375177673,0.6
2024-10-22 09:37:00,0.4605851700455703,0.6
2024-10-22 09:38:00,0.45881057227564415,0.6
2024-10-22 09:39:00,0.45956450986040287,0.6
2024-10-22 09:40:00,0.4603864578611063,0.6
2024-10-22 09:41:00,0.45935097918165835,0.6
2024-10-22 09:42:00,0.4579034934410473,0.6
2024-10-22 09:43:00,0.45755204328977084,0.6
2024-10-22 09:44:00,0.4545007682625919,0.6
2024-10-22 09:45:00,0.4547065766605092,0.59
2024-10-22 09:46:00,0.45362617801311456,0.6
2024-10-22 09:47:00,0.45543550433785307,0.59
2024-10-22 09:48:00,0.4522990436973051,0.59
2024-10-22 09:49:00,0.4557380139849332,0.6
2024-10-22 09:50:00,0.4565224039376663,0.6
2024-10-22 09:51:00,0.45591589918651576,0.6
2024-10-22 09:52:00,0.4561861952747661,0.6
2024-10-22 09:53:00,0.45639646079110574,0.6
2024-10-22 09:54:00,0.45590385608258077,0.6
2024-10-22 09:55:00,0.45757787286042384,0.6
2024-10-22 09:56:00,0.4564870853665062,0.59
2024-10-22 09:57:00,0.4555308244197136,0.59
2024-10-22 09:58:00,0.4552891565242232,0.59
2024-10-22 09:59:00,0.4545890806513617,0.58
2024-10-22 10:00:00,0.4528462492120833,0.58
2024-10-22 10:01:00,0.45036252024555146,0.58
2024-10-22 10:02:00,0.4497361161247435,0.59
2024-10-22 10:03:00,0.4512265564524587,0.59
2024-10-22 10:04:00,0.4494043341880014,0.59
2024-10-22 10:05:00,0.4497045884905393,0.59
2024-10-22 10:06:00,0.4474499745457947,0.59
2024-10-22 10:07:00,0.448769461588707,0.59
2024-10-22 10:08:00,0.45015275161644097,0.59
2024-10-22 10:09:00,0.45283137351635694,0.59
2024-10-22 10:10:00,0.45183783456476356,0.59
2024-10-22 10:11:00,0.45232734943558284,0.59
2024-10-22 10:12:00,0.4544617590661073,0.59
2024-10-22 10:13:00,0.453256325442317,0.59
2024-10-22 10:14:00,0.4537691051897632,0.59
2024-10-22 10:15:00,0.45566563114032044,0.59
2024-10-22 10:16:00,0.45497683728742033,0.59
2024-10-22 10:17:00,0.4568693760955467,0.59
2024-10-22 10:18:00,0.45609442194105143,0.59
2024-10-22 10:19:00,0.45603024497652744,0.59
2024-10-22 10:20:00,0.45443192752473904,0.59
2024-10-22 10:21:00,0.4553742887091581,0.59
2024-10-22 10:22:00,0.4562108885139742,0.59
2024-10-22 10:23:00,0.4556252672486305,0.59
2024-10-22 10:24:00,0.45646661381427767,0.59
2024-10-22 10:25:00,0.45606912168446656,0.59
2024-10-22 10:26:00,0.4561843093116764,0.59
2024-10-22 10:27:00,0.45511423448529276,0.59
2024-10-22 10:28:00,0.4550541793897531,0.59
2024-10-22 10:29:00,0.45762264548806564,0.59
2024-10-22 10:30:00,0.45603027004830676,0.59
2024-10-22 10:31:00,0.4572014140997529,0.59
2024-10-22 10:32:00,0.4591269592986593,0.59
2024-10-22 10:33:00,0.4588849466846534,0.59
2024-10-22 10:34:00,0.4595809921400458,0.59
2024-10-22 10:35:00,0.45774851318112897,0.59
2024-10-22 10:36:00,0.45919360873049064,0.59
2024-10-22 10:37:00,0.4596212710713241,0.59
2024-10-22 10:38:00,0.45933191187441014,0.59
2024-10-22 10:39:00,0.46135249806621403,0.59
2024-10-22 10:40:00,0.4602198415700711,0.59
2024-10-22 10:41:00,0.4602747864067698,0.59
2024-10-22 10:42:00,0.4634522298962074,0.59
2024-10-22 10:43:00,0.4635333593821154,0.59
2024-10-22 10:44:00,0.4651003592740881,0.59
2024-10-22 10:45:00,0.46471439589683583,0.59
2024-10-22 10:46:00,0.4675109148982981,0.59
2024-10-22 10:47:00,0.4684620796778083,0.58
2024-10-22 10:48:00,0.4684790139689208,0.59
2024-10-22 10:49:00,0.4681927915027402,0.59
2024-10-22 10:50:00,0.46764542863463654,0.59
2024-10-22 10:51:00,0.46937321960323586,0.59
2024-10-22 10:52:00,0.46827510460365107,0.59
2024-10-22 10:53:00,0.4670342801039833,0.59
2024-10-22 10:54:00,0.4643930973743424,0.59
2024-10-22 10:55:00,0.4647941288077153,0.59
2024-10-22 10:56:00,0.46500615776278775,0.59
2024-10-22 10:57:00,0.46510715083775334,0.59
2024-10-22 10:58:00,0.46625439846472694,0.59
2024-10-22 10:59:00,0.46612780951614785,0.59
2024-10-22 11:00:00,0.4648668335972499,0.59
2024-10-22 11:01:00,0.4654783074899249,0.59
2024-10-22 11:02:00,0.4645728117724517,0.59
2024-10-22 11:03:00,0.4656735175139197,0.59
2024-10-22 11:04:00,0.46545679015146857,0.59
2024-10-22 11:05:00,0.46635812875068017,0.59
2024-10-22 11:06:00,0.463783515119103,0.59
2024-10-22 11:07:00,0.4651561736490295,0.59
2024-10-22 11:08:00,0.4651878586244942,0.59
2024-10-22 11:09:00,0.46573272759526074,0.59
2024-10-22 11:10:00,0.46442515835887055,0.59
2024-10-22 11:11:00,0.4656434975195525,0.59
2024-10-22 11:12:00,0.4655425490159033,0.59
2024-10-22 11:13:00,0.4651559175008615,0.59
2024-10-22 11:14:00,0.46524891942966184,0.59
2024-10-22 11:15:00,0.4655494744124413,0.59
2024-10-22 11:16:00,0.4642725476612559,0.59
2024-10-22 11:17:00,0.4633257532467556,0.59
2024-10-22 11:18:00,0.4635481208227128,0.6
2024-10-22 11:19:00,0.4621703533775181,0.6
2024-10-22 11:20:00,0.46286896812243916,0.6
2024-10-22 11:21:00,0.46428762848727945,0.6
2024-10-22 11:22:00,0.464482225049623,0.6
2024-10-22 11:23:00,0.4642122854783446,0.6
2024-10-22 11:24:00,0.4641799313879489,0.6
2024-10-22 11:25:00,0.46545875857276564,0.6
2024-10-22 11:26:00,0.4648806903656062,0.59
2024-10-22 11:27:00,0.46408400998035204,0.6
2024-10-22 11:28:00,0.46348646714197295,0.6
2024-10-22 11:29:00,0.4630539984687212,0.59
2024-10-22 11:30:00,0.4648882094179061,0.6
2024-10-22 11:31:00,0.4652182457687475,0.59
2024-10-22 11:32:00,0.465690998507448,0.6
2024-10-22 11:33:00,0.4652452969076306,0.6
2024-10-22 11:34:00,0.4653560229461948,0.6
2024-10-22 11:35:00,0.4663986612260389,0.6
2024-10-22 11:36:00,0.46492047125394076,0.6
2024-10-22 11:37:00,0.46522674730561797,0.6
2024-10-22 11:38:00,0.46447978193544226,0.6
2024-10-22 11:39:00,0.46325319356749417,0.6
2024-10-22 11:40:00,0.46254595923140696,0.6
2024-10-22 11:41:00,0.4633386377432964,0.6
2024-10-22 11:42:00,0.46163669679731467,0.6
2024-10-22 11:43:00,0.46247701781274464,0.6
2024-10-22 11:44:00,0.46265736331475416,0.59
2024-10-22 11:45:00,0.4624704624483782,0.6
2024-10-22 11:46:00,0.46215200678470114,0.6
2024-10-22 11:47:00,0.4627299933798137,0.6
2024-10-22 11:48:00,0.46339744854466214,0.6
2024-10-22 11:49:00,0.46352284452645365,0.6
2024-10-22 11:50:00,0.46545895676620597,0.6
2024-10-22 11:51:00,0.46440068441421123,0.6
2024-10-22 11:52:00,0.46448320073544136,0.6
2024-10-22 11:53:00,0.46370451677912095,0.6
2024-10-22 11:54:00,0.46346756322813953,0.6
2024-10-22 11:55:00,0.46307778029160684,0.6
2024-10-22 11:56:00,0.46322648815711953,0.6
2024-10-22 11:57:00,0.4634072864324381,0.6
2024-10-22 11:58:00,0.46407830078644463,0.6
2024-10-22 11:59:00,0.46559493391233864,0.6
2024-10-22 12:00:00,0.4652697072961083,0.6
2024-10-22 12:01:00,0.4662937186439702,0.6
2024-10-22 12:02:00,0.4667427088549305,0.6
2024-10-22 12:03:00,0.46569255246420194,0.6
2024-10-22 12:04:00,0.46571596072487975,0.6
2024-10-22 12:05:00,0.46592752072385557,0.6
2024-10-22 12:06:00,0.46412723973772896,0.6
2024-10-22 12:07:00,0.46401280277286827,0.6
2024-10-22 12:08:00,0.46377562735388644,0.6
2024-10-22 12:09:00,0.46456648731422345,0.6
2024-10-22 12:10:00,0.46462404758955533,0.6
2024-10-22 12:11:00,0.4644279648772318,0.59
2024-10-22 12:12:00,0.4657832656963723,0.6
2024-10-22 12:13:00,0.4653974925066249,0.6
2024-10-22 12:14:00,0.4665486945800146,0.6
2024-10-22 12:15:00,0.46695402425609767,0.6
2024-10-22 12:16:00,0.4659972235060248,0.6
2024-10-22 12:17:00,0.46648834090680213,0.6
2024-10-22 12:18:00,0.465807453749868,0.6
2024-10-22 12:19:00,0.46542741365608786,0.6
2024-10-22 12:20:00,0.4661483579530581,0.6
2024-10-22 12:21:00,0.4656036601926419,0.59
2024-10-22 12:22:00,0.46533905256696184,0.59
2024-10-22 12:23:00,0.46584413125941215,0.6
2024-10-22 12:24:00,0.46670388972284393,0.6
2024-10-22 12:25:00,0.4682966306638179,0.6
2024-10-22 12:26:00,0.46782004825767776,0.6
2024-10-22 12:27:00,0.4659780638722848,0.6
2024-10-22 12:28:00,0.4671482537803986,0.59
2024-10-22 12:29:00,0.46621096941043816,0.6
2024-10-22 12:30:00,0.46566336067216585,0.6
2024-10-22 12:31:00,0.46474907950708766,0.6
2024-10-22 12:32:00,0.46373177702751955,0.6
2024-10-22 12:33:00,0.46406407396274196,0.6
2024-10-22 12:34:00,0.46365863510523586,0.6
2024-10-22 12:35:00,0.4646750869760494,0.6
2024-10-22 12:36:00,0.4653692665372551,0.6
2024-10-22 12:37:00,0.46595425981258987,0.6
2024-10-22 12:38:00,0.4678113507228223,0.6
2024-10-22 12:39:00,0.46686872962435966,0.6
2024-10-22 12:40:00,0.4667244592558466,0.6
2024-10-22 12:41:00,0.4669298943394835,0.6
2024-10-22 12:42:00,0.46658065717400876,0.6
2024-10-22 12:43:00,0.46723454366587425,0.6
2024-10-22 12:44:00,0.467235329635028,0.6
2024-10-22 12:45:00,0.4663023453097981,0.6
2024-10-22 12:46:00,0.4657819607455609,0.6
2024-10-22 12:47:00,0.4650960808427953,0.6
2024-10-22 12:48:00,0.46493679089042383,0.6
2024-10-22 12:49:00,0.46391583961099214,0.59
2024-10-22 12:50:00,0.4632722174579602,0.6
2024-10-22 12:51:00,0.4624005971684444,0.6
2024-10-22 12:52:00,0.46193889729944737,0.6
2024-10-22 12:53:00,0.46205590350003045,0.6
2024-10-22 12:54:00,0.46239875195527413,0.59
2024-10-22 12:55:00,0.46148316658837785,0.6
2024-10-22 12:56:00,0.46119773340225945,0.6
2024-10-22 12:57:00,0.4601890562151103,0.59
2024-10-22 12:58:00,0.45973949477527243,0.59
2024-10-22 12:59:00,0.46007985427461207,0.6
2024-10-22 13:00:00,0.45943730174468267,0.6
2024-10-22 13:01:00,0.45857666120440466,0.6
2024-10-22 13:02:00,0.45865904755219034,0.6
2024-10-22 13:03:00,0.45894927492274395,0.6
2024-10-22 13:04:00,0.45981447302296385,0.6
2024-10-22 13:05:00,0.45867537624720645,0.6
2024-10-22 13:06:00,0.4614348140763396,0.6
2024-10-22 13:07:00,0.4615713358723197,0.6
2024-10-22 13:08:00,0.46100118349552033,0.6
2024-10-22 13:09:00,0.46258340340660076,0.6
2024-10-22 13:10:00,0.4620111820975408,0.6
2024-10-22 13:11:00,0.4627404761275644,0.6
2024-10-22 13:12:00,0.4621784934533568,0.6
2024-10-22 13:13:00,0.46139911183924043,0.6
2024-10-22 13:14:00,0.4613364516474865,0.6
2024-10-22 13:15:00,0.4616058029785093,0.6
2024-10-22 13:16:00,0.46154724292557137,0.6
2024-10-22 13:17:00,0.4601060805019792,0.59
2024-10-22 13:18:00,0.4597648173375759,0.6
2024-10-22 13:19:00,0.4600736829234935,0.6
2024-10-22 13:20:00,0.4600561011572244,0.6
2024-10-22 13:21:00,0.4588127648794209,0.6
2024-10-22 13:22:00,0.45817792783276823,0.6
2024-10-22 13:23:00,0.45872504044588225,0.6
2024-10-22 13:24:00,0.4584786140791104,0.6
2024-10-22 13:25:00,0.45843032952939233,0.6
2024-10-22 13:26:00,0.45864783007237286,0.6
2024-10-22 13:27:00,0.4601089949884465,0.59
2024-10-22 13:28:00,0.45977063067303736,0.6
2024-10-22 13:29:00,0.45957445841956823,0.6
2024-10-22 13:30:00,0.459874118201683,0.6
2024-10-22 13:31:00,0.4589339212228729,0.6
2024-10-22 13:32:00,0.459167655184318,0.6
2024-10-22 13:33:00,0.4587441338987095,0.6
2024-10-22 13:34:00,0.4572960535966486,0.6
2024-10-22 13:35:00,0.4570375802657354,0.6
2024-10-22 13:36:00,0.4571743762355449,0.6
2024-10-22 13:37:00,0.4566679100790296,0.6
2024-10-22 13:38:00,0.4569405205483681,0.6
2024-10-22 13:39:00,0.45757149008214015,0.59
2024-10-22 13:40:00,0.4555491321219034,0.59
2024-10-22 13:41:00,0.4558434962882141,0.59
2024-10-22 13:42:00,0.45710481088602095,0.6
2024-10-22 13:43:00,0.457169473378612,0.6
2024-10-22 13:44:00,0.45631000872350724,0.6
2024-10-22 13:45:00,0.4564534997099907,0.6
2024-10-22 13:46:00,0.45550477230007425,0.6
2024-10-22 13:47:00,0.45543027396658053,0.6
2024-10-22 13:48:00,0.4553766255192089,0.6
2024-10-22 13:49:00,0.45528544033664997,0.6
2024-10-22 13:50:00,0.4552751766300822,0.6
2024-10-22 13:51:00,0.45422596273801896,0.6
2024-10-22 13:52:00,0.45536248803354007,0.6
2024-10-22 13:53:00,0.4553807219753814,0.6
2024-10-22 13:54:00,0.4553115247141799,0.6
2024-10-22 13:55:00,0.4542714009657829,0.6
2024-10-22 13:56:00,0.45454835261777604,0.6
2024-10-22 13:57:00,0.45381341505011696,0.6
2024-10-22 13:58:00,0.4535191740428901,0.59
2024-10-22 13:59:00,0.4532305771047691,0.6
2024-10-22 14:00:00,0.4545032056380156,0.6
2024-10-22 14:01:00,0.4539932080338438,0.6
2024-10-22 14:02:00,0.4526181867909729,0.6
2024-10-22 14:03:00,0.45218585418968993,0.6
2024-10-22 14:04:00,0.45240703933146675,0.6
2024-10-22 14:05:00,0.4519691331782105,0.6
2024-10-22 14:06:00,0.4514784719615206,0.6
2024-10-22 14:07:00,0.45183959383327177,0.6
2024-10-22 14:08:00,0.45179548963239324,0.59
2024-10-22 14:09:00,0.453524030034006,0.6
2024-10-22 14:10:00,0.4537723626825956,0.6
2024-10-22 14:11:00,0.4526255394074339,0.6
2024-10-22 14:12:00,0.4529631981932234,0.6
2024-10-22 14:13:00,0.4536253992660739,0.6
2024-10-22 14:14:00,0.45346983164376975,0.6
2024-10-22 14:15:00,0.45204382980495494,0.6
2024-10-22 14:16:00,0.4516275398879823,0.6
2024-10-22 14:17:00,0.4516559052763396,0.6
2024-10-22 14:18:00,0.4517928373316351,0.6
2024-10-22 14:19:00,0.45227527291022196,0.6
2024-10-22 14:20:00,0.45201667221661546,0.6
2024-10-22 14:21:00,0.4526477630286585,0.6
2024-10-22 14:22:00,0.4531487089508517,0.6
2024-10-22 14:23:00,0.4524578906498615,0.6
2024-10-22 14:24:00,0.4531019544677266,0.6
2024-10-22 14:25:00,0.45336254920725394,0.6
2024-10-22 14:26:00,0.45376250866996215,0.6
2024-10-22 14:27:00,0.4551039544817781,0.6
2024-10-22 14:28:00,0.4553931648911631,0.6
2024-10-22 14:29:00,0.4548925173811422,0.6
2024-10-22 14:30:00,0.4553472135817944,0.6
2024-10-22 14:31:00,0.4566589194756674,0.6
2024-10-22 14:32:00,0.45666391834086606,0.6
2024-10-22 14:33:00,0.45668033577577005,0.6
2024-10-22 14:34:00,0.4562302778850629,0.6
2024-10-22 14:35:00,0.455552414685106,0.6
2024-10-22 14:36:00,0.4554630871478931,0.6
2024-10-22 14:37:00,0.45486917964674123,0.6
2024-10-22 14:38:00,0.4549253624073166,0.6
2024-10-22 14:39:00,0.45537123684821057,0.6
2024-10-22 14:40:00,0.454323295106404,0.59
2024-10-22 14:41:00,0.45551530967724463,0.6
2024-10-22 14:42:00,0.4550043017836807,0.59
2024-10-22 14:43:00,0.4559275500826263,0.6
2024-10-22 14:44:00,0.4552195376803636,0.6
2024-10-22 14:45:00,0.4559569702966393,0.6
2024-10-22 14:46:00,0.4560718381954294,0.6
2024-10-22 14:47:00,0.45624522137654355,0.6
2024-10-22 14:48:00,0.4566581060208261,0.6
2024-10-22 14:49:00,0.45644933908877916,0.6
2024-10-22 14:50:00,0.4567594871270051,0.6
2024-10-22 14:51:00,0.45666648515565167,0.59
2024-10-22 14:52:00,0.456013557470331,0.6
2024-10-22 14:53:00,0.45630212363714606,0.61
2024-10-22 14:54:00,0.4567738125831362,0.61
2024-10-22 14:55:00,0.4568114009661237,0.61
2024-10-22 14:56:00,0.45680064599674286,0.61
2024-10-22 14:57:00,0.4565783979738709,0.61
2024-10-22 14:58:00,0.4565322023076279,0.61
2024-10-22 14:59:00,0.4568086169351846,0.61
2024-10-22 15:00:00,0.4573153362832858,0.61
2024-10-22 15:01:00,0.4566349421755229,0.61
2024-10-22 15:02:00,0.45659914594938367,0.61
2024-10-22 15:03:00,0.4578798082514919,0.61
2024-10-22 15:04:00,0.45791783747253345,0.61
2024-10-22 15:05:00,0.4566100964526736,0.61
2024-10-22 15:06:00,0.4564936925802947,0.6
2024-10-22 15:07:00,0.45630457434854566,0.61
2024-10-22 15:08:00,0.45694024298926883,0.6
2024-10-22 15:09:00,0.4555505032824214,0.61
2024-10-22 15:10:00,0.4550993016878546,0.61
2024-10-22 15:11:00,0.4550386434598408,0.61
2024-10-22 15:12:00,0.4546798140408408,0.6
2024-10-22 15:13:00,0.45449875968862163,0.6
2024-10-22 15:14:00,0.4536606792199829,0.61
2024-10-22 15:15:00,0.4547538719013222,0.61
2024-10-22 15:16:00,0.45403047775110017,0.61
2024-10-22 15:17:00,0.454066706163718,0.61
2024-10-22 15:18:00,0.45468532110446547,0.6
2024-10-22 15:19:00,0.454850979131044,0.61
2024-10-22 15:20:00,0.4547014024304208,0.61
2024-10-22 15:21:00,0.45518324260084264,0.61
2024-10-22 15:22:00,0.45509041084861734,0.61
2024-10-22 15:23:00,0.4551839072873942,0.61
2024-10-22 15:24:00,0.4547409902367836,0.61
2024-10-22 15:25:00,0.4543894096923917,0.61
2024-10-22 15:26:00,0.45432405132752307,0.6
2024-10-22 15:27:00,0.45433786720808,0.6
2024-10-22 15:28:00,0.4543963497040753,0.61
2024-10-22 15:29:00,0.45274642701159595,0.61
2024-10-22 15:30:00,0.45238302457289437,0.61
2024-10-22 15:31:00,0.4527181651293979,0.61
2024-10-22 15:32:00,0.4532629866375768,0.61
2024-10-22 15:33:00,0.4542289501279948,0.61
2024-10-22 15:34:00,0.45338568783784816,0.61
2024-10-22 15:35:00,0.4527787128566072,0.61
2024-10-22 15:36:00,0.45355881992755775,0.61
2024-10-22 15:37:00,0.4536194881712772,0.61
2024-10-22 15:38:00,0.4543431426458906,0.6
2024-10-22 15:39:00,0.45498370333674143,0.6
2024-10-22 15:40:00,0.45539273266867597,0.61
2024-10-22 15:41:00,0.45517721131613764,0.61
2024-10-22 15:42:00,0.4551613101244516,0.61
2024-10-22 15:43:00,0.4543024357639698,0.6
2024-10-22 15:44:00,0.45428834073003865,0.61
2024-10-22 15:45:00,0.45479545557604495,0.61
2024-10-22 15:46:00,0.45382988947062297,0.6
2024-10-22 15:47:00,0.45358358674151655,0.6
2024-10-22 15:48:00,0.45341239937135724,0.61
2024-10-22 15:49:00,0.45406846987025573,0.61
2024-10-22 15:50:00,0.4550702553637145,0.61
2024-10-22 15:51:00,0.4578528612471715,0.61
2024-10-22 15:52:00,0.45716262827558984,0.61
2024-10-22 15:53:00,0.45625764350606546,0.61
2024-10-22 15:54:00,0.45682463902604,0.61
2024-10-22 15:55:00,0.45692949652965154,0.61
2024-10-22 15:56:00,0.45838988289780036,0.61
2024-10-22 15:57:00,0.46045987602182836,0.61
2024-10-22 15:58:00,0.4621242338890641,0.61
2024-10-22 15:59:00,0.461955425996764,0.61
2024-10-22 16:00:00,0.461955425996764,0.61
2024-10-23 09:30:00,0.4655877927929899,0.61
2024-10-23 09:31:00,0.464565479590233,0.61
2024-10-23 09:32:00,0.4639267390029802,0.61
2024-10-23 09:33:00,0.4615833091603505,0.61
2024-10-23 09:34:00,0.4628787369573961,0.61
2024-10-23 09:35:00,0.458547091409651,0.61
2024-10-23 09:36:00,0.4589678106954789,0.61
2024-10-23 09:37:00,0.4607294359418439,0.61
2024-10-23 09:38:00,0.45717707827208787,0.61
2024-10-23 09:39:00,0.4546555751180652,0.61
2024-10-23 09:40:00,0.45427102105681905,0.61
2024-10-23 09:41:00,0.4553973432028473,0.61
2024-10-23 09:42:00,0.4555987796786549,0.61
2024-10-23 09:43:00,0.456192911762878,0.61
2024-10-23 09:44:00,0.4553727733493622,0.61
2024-10-23 09:45:00,0.4545200928571773,0.61
2024-10-23 09:46:00,0.45212809865367665,0.61
2024-10-23 09:47:00,0.45175485279083616,0.61
2024-10-23 09:48:00,0.45178204401851185,0.61
2024-10-23 09:49:00,0.452125879072941,0.61
2024-10-23 09:50:00,0.45505842829771903,0.61
2024-10-23 09:51:00,0.45337235771252726,0.61
2024-10-23 09:52:00,0.45344604602048943,0.61
2024-10-23 09:53:00,0.45062482406997906,0.61
2024-10-23 09:54:00,0.45177819549832265,0.61
2024-10-23 09:55:00,0.45223149640349924,0.61
2024-10-23 09:56:00,0.4505826017500636,0.61
2024-10-23 09:57:00,0.4486251611422596,0.61
2024-10-23 09:58:00,0.4500956841028698,0.61
2024-10-23 09:59:00,0.45289573183520715,0.61
2024-10-23 10:00:00,0.4557745842609584,0.6
2024-10-23 10:01:00,0.4544136646315089,0.61
2024-10-23 10:02:00,0.4554365398014728,0.61
2024-10-23 10:03:00,0.4549362754736206,0.61
2024-10-23 10:04:00,0.4581112599355295,0.61
2024-10-23 10:05:00,0.45576724330623786,0.61
2024-10-23 10:06:00,0.4573708868634385,0.61
2024-10-23 10:07:00,0.45731170103832164,0.61
2024-10-23 10:08:00,0.45623007503360724,0.61
2024-10-23 10:09:00,0.45860098782029346,0.61
2024-10-23 10:10:00,0.45775810253622784,0.61
2024-10-23 10:11:00,0.4574345152464294,0.61
2024-10-23 10:12:00,0.4576966196884331,0.61
2024-10-23 10:13:00,0.4572421338930355,0.61
2024-10-23 10:14:00,0.4559551997464395,0.61
2024-10-23 10:15:00,0.4566479092665745,0.61
2024-10-23 10:16:00,0.45766474938842117,0.61
2024-10-23 10:17:00,0.45714560288780404,0.6
2024-10-23 10:18:00,0.4580608851777923,0.61
2024-10-23 10:19:00,0.4604454560829876,0.61
2024-10-23 10:20:00,0.4572617105619312,0.61
2024-10-23 10:21:00,0.45944250792169394,0.61
2024-10-23 10:22:00,0.45843934396596464,0.61
2024-10-23 10:23:00,0.45969136570463776,0.61
2024-10-23 10:24:00,0.4608443152710986,0.61
2024-10-23 10:25:00,0.45977614057320726,0.61
2024-10-23 10:26:00,0.4585377885591526,0.61
2024-10-23 10:27:00,0.45570735120208394,0.61
2024-10-23 10:28:00,0.45700079781498926,0.61
2024-10-23 10:29:00,0.4558168859662619,0.61
2024-10-23 10:30:00,0.4566270765213052,0.61
2024-10-23 10:31:00,0.45473803634046583,0.61
2024-10-23 10:32:00,0.45438196577075707,0.61
2024-10-23 10:33:00,0.4535361531210331,0.61
2024-10-23 10:34:00,0.45138012006731754,0.61
2024-10-23 10:35:00,0.4518577469885343,0.61
2024-10-23 10:36:00,0.45355708206737133,0.61
2024-10-23 10:37:00,0.4519501726341899,0.61
2024-10-23 10:38:00,0.4533190897249677,0.61
2024-10-23 10:39:00,0.45349861168354466,0.61
2024-10-23 10:40:00,0.4531512878156947,0.61
2024-10-23 10:41:00,0.4531625997896913,0.61
2024-10-23 10:42:00,0.45269134078674234,0.61
2024-10-23 10:43:00,0.45242541413083237,0.61
2024-10-23 10:44:00,0.4502468927929437,0.61
2024-10-23 10:45:00,0.4487710814333197,0.61
2024-10-23 10:46:00,0.44919293023214935,0.61
2024-10-23 10:47:00,0.4489744543746206,0.61
2024-10-23 10:48:00,0.44958976163462494,0.61
2024-10-23 10:49:00,0.45205103932185575,0.61
2024-10-23 10:50:00,0.4523198485296682,0.61
2024-10-23 10:51:00,0.45222837460681764,0.61
2024-10-23 10:52:00,0.4529981498546112,0.6
2024-10-23 10:53:00,0.4536128597505382,0.61
2024-10-23 10:54:00,0.45362902999258314,0.61
2024-10-23 10:55:00,0.45512549573609307,0.61
2024-10-23 10:56:00,0.4555959470802746,0.61
2024-10-23 10:57:00,0.45579087983606414,0.61
2024-10-23 10:58:00,0.45461237949649624,0.61
2024-10-23 10:59:00,0.4552642516939558,0.61
2024-10-23 11:00:00,0.4544025957166642,0.61
2024-10-23 11:01:00,0.4549518478690284,0.61
2024-10-23 11:02:00,0.4555429756168097,0.6
2024-10-23 11:03:00,0.45390358240457096,0.61
2024-10-23 11:04:00,0.4537135941539352,0.61
2024-10-23 11:05:00,0.45674993303238476,0.61
2024-10-23 11:06:00,0.45690105504734535,0.61
2024-10-23 11:07:00,0.4575688710388286,0.61
2024-10-23 11:08:00,0.4557234095759848,0.6
2024-10-23 11:09:00,0.456258806940679,0.61
2024-10-23 11:10:00,0.4569239800789562,0.61
2024-10-23 11:11:00,0.4584026497513529,0.61
2024-10-23 11:12:00,0.45812307261769436,0.61
2024-10-23 11:13:00,0.46056895330930003,0.61
2024-10-23 11:14:00,0.45960845770546555,0.6
2024-10-23 11:15:00,0.46006408570422574,0.61
2024-10-23 11:16:00,0.4598422945451508,0.61
2024-10-23 11:17:00,0.4608257837742944,0.61
2024-10-23 11:18:00,0.45984566839752694,0.61
2024-10-23 11:19:00,0.4605357847820637,0.61
2024-10-23 11:20:00,0.4590797566669964,0.61
2024-10-23 11:21:00,0.4581929795756421,0.61
2024-10-23 11:22:00,0.4590232589438108,0.61
2024-10-23 11:23:00,0.46038585842560464,0.61
2024-10-23 11:24:00,0.46080313915237814,0.61
2024-10-23 11:25:00,0.4599991337289622,0.61
2024-10-23 11:26:00,0.46005231960992377,0.61
2024-10-23 11:27:00,0.46149525559647153,0.61
2024-10-23 11:28:00,0.46157925208632355,0.61
2024-10-23 11:29:00,0.46114976881067204,0.61
2024-10-23 11:30:00,0.4623311873320748,0.61
2024-10-23 11:31:00,0.46089780858470575,0.61
2024-10-23 11:32:00,0.46000893899397766,0.61
2024-10-23 11:33:00,0.4598234440985729,0.61
2024-10-23 11:34:00,0.4596697346094929,0.61
2024-10-23 11:35:00,0.45827756881459814,0.61
2024-10-23 11:36:00,0.45710819764805355,0.61
2024-10-23 11:37:00,0.45715242093866704,0.61
2024-10-23 11:38:00,0.45652122618156565,0.61
2024-10-23 11:39:00,0.45562490974675884,0.61
2024-10-23 11:40:00,0.4556454714620577,0.61
2024-10-23 11:41:00,0.45474933983764676,0.61
2024-10-23 11:42:00,0.45505570659891803,0.61
2024-10-23 11:43:00,0.4553510220919261,0.61
2024-10-23 11:44:00,0.4544022649563846,0.61
2024-10-23 11:45:00,0.45336247629576776,0.61
2024-10-23 11:46:00,0.45446927356232725,0.61
2024-10-23 11:47:00,0.4554803630712738,0.61
2024-10-23 11:48:00,0.45619378316172443,0.61
2024-10-23 11:49:00,0.45673848735775135,0.61
2024-10-23 11:50:00,0.45618912699032665,0.61
2024-10-23 11:51:00,0.4556232061786323,0.61
2024-10-23 11:52:00,0.45499130153995115,0.6
2024-10-23 11:53:00,0.45805306536911394,0.6
2024-10-23 11:54:00,0.4596284205249075,0.61
2024-10-23 11:55:00,0.4597148688469799,0.61
2024-10-23 11:56:00,0.45927944458394454,0.61
2024-10-23 11:57:00,0.4585780901627696,0.61
2024-10-23 11:58:00,0.45750012378313065,0.61
2024-10-23 11:59:00,0.4566395833855934,0.61
2024-10-23 12:00:00,0.4562557545815331,0.61
2024-10-23 12:01:00,0.45801525317015224,0.61
2024-10-23 12:02:00,0.45918913645946247,0.61
2024-10-23 12:03:00,0.4615548699093057,0.61
2024-10-23 12:04:00,0.46156020203672,0.61
2024-10-23 12:05:00,0.46071703843406087,0.61
2024-10-23 12:06:00,0.46162178761174855,0.61
2024-10-23 12:07:00,0.4628062929205454,0.61
2024-10-23 12:08:00,0.4617295312338745,0.61
2024-10-23 12:09:00,0.4596218449236005,0.61
2024-10-23 12:10:00,0.4595581037025791,0.61
2024-10-23 12:11:00,0.459851546332833,0.61
2024-10-23 12:12:00,0.45982444642798614,0.61
2024-10-23 12:13:00,0.4597103472733688,0.61
2024-10-23 12:14:00,0.45997549919075165,0.61
2024-10-23 12:15:00,0.4608668257350923,0.61
2024-10-23 12:16:00,0.4608149523902376,0.61
2024-10-23 12:17:00,0.45957223759885424,0.61
2024-10-23 12:18:00,0.4604078512393557,0.6
2024-10-23 12:19:00,0.461016095043014,0.6
2024-10-23 12:20:00,0.46076598820960624,0.61
2024-10-23 12:21:00,0.4593623951458692,0.61
2024-10-23 12:22:00,0.4589385611792214,0.61
2024-10-23 12:23:00,0.45973348050580465,0.61
2024-10-23 12:24:00,0.46147132781824474,0.61
2024-10-23 12:25:00,0.46120582271191357,0.61
2024-10-23 12:26:00,0.45935122572114717,0.61
2024-10-23 12:27:00,0.4611114097310691,0.61
2024-10-23 12:28:00,0.46149596314607444,0.61
2024-10-23 12:29:00,0.46164469722848867,0.61
2024-10-23 12:30:00,0.4614028454898518,0.61
2024-10-23 12:31:00,0.4629611823534614,0.61
2024-10-23 12:32:00,0.4618436392832088,0.61
2024-10-23 12:33:00,0.4614251159392697,0.61
2024-10-23 12:34:00,0.4601839968571173,0.61
2024-10-23 12:35:00,0.46019553348332365,0.61
2024-10-23 12:36:00,0.46123408316907955,0.61
2024-10-23 12:37:00,0.46063128942124076,0.61
2024-10-23 12:38:00,0.46174018923773086,0.61
2024-10-23 12:39:00,0.4608405999237035,0.61
2024-10-23 12:40:00,0.46080629455941646,0.61
2024-10-23 12:41:00,0.46103546186420563,0.61
2024-10-23 12:42:00,0.46054421853021066,0.6
2024-10-23 12:43:00,0.45950849935298943,0.61
2024-10-23 12:44:00,0.4604667423740454,0.61
2024-10-23 12:45:00,0.45923813909623434,0.61
2024-10-23 12:46:00,0.45958738787808007,0.61
2024-10-23 12:47:00,0.45892166612601515,0.61
2024-10-23 12:48:00,0.45865905580779276,0.61
2024-10-23 12:49:00,0.458338909371127,0.61
2024-10-23 12:50:00,0.4599684184493038,0.61
2024-10-23 12:51:00,0.46164022460864307,0.61
2024-10-23 12:52:00,0.46062436684689767,0.61
2024-10-23 12:53:00,0.46191251808514777,0.61
2024-10-23 12:54:00,0.46149223588711075,0.61
2024-10-23 12:55:00,0.46108974522401147,0.61
2024-10-23 12:56:00,0.4589620836080248,0.6
2024-10-23 12:57:00,0.45929617685595736,0.6
2024-10-23 12:58:00,0.4597308677727503,0.6
2024-10-23 12:59:00,0.4592422719315634,0.6
2024-10-23 13:00:00,0.45976665285009743,0.6
2024-10-23 13:01:00,0.4620246011163347,0.59
2024-10-23 13:02:00,0.4626340180650226,0.6
2024-10-23 13:03:00,0.46297565638355853,0.6
2024-10-23 13:04:00,0.4637331009149601,0.6
2024-10-23 13:05:00,0.46325181192174436,0.6
2024-10-23 13:06:00,0.4633882889294141,0.6
2024-10-23 13:07:00,0.46291378070250366,0.6
2024-10-23 13:08:00,0.4637142436975157,0.6
2024-10-23 13:09:00,0.4638010892310638,0.6
2024-10-23 13:10:00,0.4638556368601068,0.6
2024-10-23 13:11:00,0.46546188561285384,0.59
2024-10-23 13:12:00,0.46635335048724147,0.59
2024-10-23 13:13:00,0.4670072537077534,0.6
2024-10-23 13:14:00,0.4693142245905071,0.6
2024-10-23 13:15:00,0.4696027054169225,0.6
2024-10-23 13:16:00,0.46720634171564446,0.6
2024-10-23 13:17:00,0.46809327677916923,0.59
2024-10-23 13:18:00,0.4673696812712571,0.59
2024-10-23 13:19:00,0.4679016298759915,0.59
2024-10-23 13:20:00,0.46873388866241794,0.59
2024-10-23 13:21:00,0.4695728427253687,0.6
2024-10-23 13:22:00,0.4696961155768704,0.6
2024-10-23 13:23:00,0.46967934718452553,0.6
2024-10-23 13:24:00,0.4701108736137678,0.6
2024-10-23 13:25:00,0.4696189634636576,0.6
2024-10-23 13:26:00,0.46786274077257084,0.6
2024-10-23 13:27:00,0.46765979214242903,0.6
2024-10-23 13:28:00,0.4660166478720147,0.6
2024-10-23 13:29:00,0.4659167455079445,0.6
2024-10-23 13:30:00,0.46626493382740297,0.6
2024-10-23 13:31:00,0.46677019511416984,0.59
2024-10-23 13:32:00,0.46702990871583006,0.6
2024-10-23 13:33:00,0.46804562331145605,0.6
2024-10-23 13:34:00,0.46790435726156576,0.6
2024-10-23 13:35:00,0.4687874571249224,0.6
2024-10-23 13:36:00,0.46782111628795797,0.6
2024-10-23 13:37:00,0.46612547512229185,0.6
2024-10-23 13:38:00,0.4681635011098704,0.6
2024-10-23 13:39:00,0.4687123647196192,0.6
2024-10-23 13:40:00,0.47041087013226757,0.6
2024-10-23 13:41:00,0.46972042556142246,0.6
2024-10-23 13:42:00,0.4701241288337832,0.59
2024-10-23 13:43:00,0.47012026006033847,0.6
2024-10-23 13:44:00,0.46969074166411384,0.6
2024-10-23 13:45:00,0.4681645050113217,0.6
2024-10-23 13:46:00,0.4692509653052357,0.6
2024-10-23 13:47:00,0.467686971623009,0.6
2024-10-23 13:48:00,0.46819949036318165,0.59
2024-10-23 13:49:00,0.4688158340238602,0.6
2024-10-23 13:50:00,0.47015699149588097,0.59
2024-10-23 13:51:00,0.47078596046894927,0.59
2024-10-23 13:52:00,0.4703151366488665,0.58
2024-10-23 13:53:00,0.4713635702561729,0.56
2024-10-23 13:54:00,0.4704795049681729,0.58
2024-10-23 13:55:00,0.4721886776477955,0.59
2024-10-23 13:56:00,0.47203937414908714,0.59
2024-10-23 13:57:00,0.47167470845055814,0.59
2024-10-23 13:58:00,0.472717540910889,0.59
2024-10-23 13:59:00,0.47261687975006894,0.59
2024-10-23 14:00:00,0.4734150225176579,0.58
2024-10-23 14:01:00,0.47295393219402126,0.59
2024-10-23 14:02:00,0.4731524076545257,0.59
2024-10-23 14:03:00,0.47397558060427314,0.59
2024-10-23 14:04:00,0.4754756393891888,0.59
2024-10-23 14:05:00,0.47499152719334137,0.59
2024-10-23 14:06:00,0.47503728547967206,0.59
2024-10-23 14:07:00,0.4758860419361677,0.58
2024-10-23 14:08:00,0.4756008056522616,0.59
2024-10-23 14:09:00,0.4730732450645496,0.59
2024-10-23 14:10:00,0.47404325165494465,0.58
2024-10-23 14:11:00,0.47502331129530595,0.59
2024-10-23 14:12:00,0.47562125134586775,0.59
2024-10-23 14:13:00,0.47514787530048896,0.59
2024-10-23 14:14:00,0.47590996435067257,0.59
2024-10-23 14:15:00,0.47652881488963916,0.59
2024-10-23 14:16:00,0.47728520110932604,0.58
2024-10-23 14:17:00,0.4780095067715264,0.59
2024-10-23 14:18:00,0.4780800108111072,0.58
2024-10-23 14:19:00,0.4773277570043015,0.59
2024-10-23 14:20:00,0.4761422321823263,0.59
2024-10-23 14:21:00,0.4754171596782861,0.59
2024-10-23 14:22:00,0.47494499399577594,0.59
2024-10-23 14:23:00,0.47361405551473923,0.59
2024-10-23 14:24:00,0.4747418654981639,0.58
2024-10-23 14:25:00,0.473618128231587,0.59
2024-10-23 14:26:00,0.4747856189819408,0.59
2024-10-23 14:27:00,0.4730032710267451,0.59
2024-10-23 14:28:00,0.47318142799353047,0.59
2024-10-23 14:29:00,0.4738926699311483,0.58
2024-10-23 14:30:00,0.4745474558593592,0.59
2024-10-23 14:31:00,0.47417767465741467,0.59
2024-10-23 14:32:00,0.47225105118219735,0.59
2024-10-23 14:33:00,0.4710821030144088,0.59
2024-10-23 14:34:00,0.47022971892412246,0.58
2024-10-23 14:35:00,0.4698537986782412,0.59
2024-10-23 14:36:00,0.47112373927881346,0.59
2024-10-23 14:37:00,0.46957540668718356,0.59
2024-10-23 14:38:00,0.4691856021434624,0.59
2024-10-23 14:39:00,0.4687854854808091,0.59
2024-10-23 14:40:00,0.46893758791807083,0.59
2024-10-23 14:41:00,0.46818533310463883,0.59
2024-10-23 14:42:00,0.46789676396115865,0.59
2024-10-23 14:43:00,0.4688468025029293,0.59
2024-10-23 14:44:00,0.46932688119805666,0.59
2024-10-23 14:45:00,0.4683485786125525,0.58
2024-10-23 14:46:00,0.46698160831653657,0.59
2024-10-23 14:47:00,0.46788947123071734,0.59
2024-10-23 14:48:00,0.46635391479954813,0.59
2024-10-23 14:49:00,0.46636480507003664,0.59
2024-10-23 14:50:00,0.4681662017577415,0.59
2024-10-23 14:51:00,0.46702461152316155,0.58
2024-10-23 14:52:00,0.4673187367483973,0.59
2024-10-23 14:53:00,0.46809464686939584,0.58
2024-10-23 14:54:00,0.4691308786912194,0.59
2024-10-23 14:55:00,0.4687182165003454,0.59
2024-10-23 14:56:00,0.4689641924166603,0.59
2024-10-23 14:57:00,0.4703161261730797,0.59
2024-10-23 14:58:00,0.46911630242428726,0.59
2024-10-23 14:59:00,0.46837016068928006,0.59
2024-10-23 15:00:00,0.4693499891334787,0.59
2024-10-23 15:01:00,0.46960725624499466,0.59
2024-10-23 15:02:00,0.4694201862255418,0.59
2024-10-23 15:03:00,0.4696776472175783,0.59
2024-10-23 15:04:00,0.46929153330701,0.59
2024-10-23 15:05:00,0.4694961396423831,0.59
2024-10-23 15:06:00,0.4708583585289501,0.59
2024-10-23 15:07:00,0.4702927347135073,0.59
2024-10-23 15:08:00,0.4705993785758522,0.58
2024-10-23 15:09:00,0.4701831190861927,0.59
2024-10-23 15:10:00,0.4700898881089792,0.58
2024-10-23 15:11:00,0.47143055560754754,0.59
2024-10-23 15:12:00,0.4720150141563624,0.59
2024-10-23 15:13:00,0.4699977265617197,0.59
2024-10-23 15:14:00,0.47079801035738833,0.59
2024-10-23 15:15:00,0.46863250422681113,0.59
2024-10-23 15:16:00,0.4690816413990604,0.59
2024-10-23 15:17:00,0.4690615463996346,0.59
2024-10-23 15:18:00,0.4683659343901143,0.59
2024-10-23 15:19:00,0.4679461323295959,0.58
2024-10-23 15:20:00,0.4677992833502522,0.59
2024-10-23 15:21:00,0.4671829313767646,0.59
2024-10-23 15:22:00,0.4678657866166931,0.59
2024-10-23 15:23:00,0.46713534226188513,0.59
2024-10-23 15:24:00,0.4683367732898416,0.59
2024-10-23 15:25:00,0.46797063692500784,0.59
2024-10-23 15:26:00,0.4677053921019272,0.59
2024-10-23 15:27:00,0.4664232524112759,0.59
2024-10-23 15:28:00,0.4678087945559912,0.59
2024-10-23 15:29:00,0.4692095460894137,0.59
2024-10-23 15:30:00,0.46936804566985324,0.59
2024-10-23 15:31:00,0.4690975921238161,0.58
2024-10-23 15:32:00,0.4688004549725744,0.59
2024-10-23 15:33:00,0.4698807860895309,0.59
2024-10-23 15:34:00,0.4692592840027501,0.59
2024-10-23 15:35:00,0.46873676312722057,0.59
2024-10-23 15:36:00,0.4674467019731712,0.59
2024-10-23 15:37:00,0.468232692793481,0.59
2024-10-23 15:38:00,0.46917804592492307,0.59
2024-10-23 15:39:00,0.46800492543923,0.59
2024-10-23 15:40:00,0.4686382514633014,0.59
2024-10-23 15:41:00,0.46810731237543,0.59
2024-10-23 15:42:00,0.46788197534030673,0.59
2024-10-23 15:43:00,0.46750483994986136,0.59
2024-10-23 15:44:00,0.4673166643668687,0.59
2024-10-23 15:45:00,0.4676036196162092,0.59
2024-10-23 15:46:00,0.46778638236396897,0.59
2024-10-23 15:47:00,0.4689683678983345,0.59
2024-10-23 15:48:00,0.4686273118116768,0.59
2024-10-23 15:49:00,0.46768387742491346,0.59
2024-10-23 15:50:00,0.46592437081426064,0.59
2024-10-23 15:51:00,0.46746981084847605,0.59
2024-10-23 15:52:00,0.465768749231809,0.59
2024-10-23 15:53:00,0.4677730630813499,0.59
2024-10-23 15:54:00,0.4705120954799733,0.59
2024-10-23 15:55:00,0.4669836333933357,0.59
2024-10-23 15:56:00,0.46745219262636284,0.59
2024-10-23 15:57:00,0.4677949721219037,0.59
2024-10-23 15:58:00,0.4670745806411791,0.59
2024-10-23 15:59:00,0.46593782967145336,0.59
2024-10-23 16:00:00,0.46593782967145336,0.59
2024-10-24 09:30:00,0.48760989551062806,0.59
2024-10-24 09:31:00,0.48875665315749717,0.59
2024-10-24 09:32:00,0.4859283290113494,0.59
2024-10-24 09:33:00,0.4865933346405804,0.59
2024-10-24 09:34:00,0.4889266187493482,0.59
2024-10-24 09:35:00,0.4859025414352931,0.59
2024-10-24 09:36:00,0.4883273991568562,0.59
2024-10-24 09:37:00,0.48743933634698267,0.58
2024-10-24 09:38:00,0.49057416744955007,0.59
2024-10-24 09:39:00,0.4919710318063306,0.59
2024-10-24 09:40:00,0.4939079171360048,0.59
2024-10-24 09:41:00,0.49738651331257233,0.59
2024-10-24 09:42:00,0.4936355866658231,0.59
2024-10-24 09:43:00,0.493852775045428,0.59
2024-10-24 09:44:00,0.4940178905034942,0.59
2024-10-24 09:45:00,0.49821147083183903,0.59
2024-10-24 09:46:00,0.49910149445999097,0.59
2024-10-24 09:47:00,0.49585275598313694,0.59
2024-10-24 09:48:00,0.4994451031682956,0.59
2024-10-24 09:49:00,0.49871651270566697,0.59
2024-10-24 09:50:00,0.4982999903491636,0.59
2024-10-24 09:51:00,0.49593916751440603,0.59
2024-10-24 09:52:00,0.4951640078465134,0.59
2024-10-24 09:53:00,0.4982720512791323,0.59
2024-10-24 09:54:00,0.4980765714929343,0.59
2024-10-24 09:55:00,0.4973843876182287,0.59
2024-10-24 09:56:00,0.49948147530994924,0.59
2024-10-24 09:57:00,0.5005256300009002,0.59
2024-10-24 09:58:00,0.5010737932073084,0.59
2024-10-24 09:59:00,0.4999065959513198,0.59
2024-10-24 10:00:00,0.500816796533216,0.59
2024-10-24 10:01:00,0.5004089731824097,0.59
2024-10-24 10:02:00,0.496709400496955,0.59
2024-10-24 10:03:00,0.4962342028521529,0.59
2024-10-24 10:04:00,0.4989985559742778,0.59
2024-10-24 10:05:00,0.5015399100070368,0.59
2024-10-24 10:06:00,0.5026478584280014,0.59
2024-10-24 10:07:00,0.5037837869667292,0.59
2024-10-24 10:08:00,0.5044671664165288,0.59
2024-10-24 10:09:00,0.504189331042421,0.59
2024-10-24 10:10:00,0.5020168473645004,0.59
2024-10-24 10:11:00,0.5027998855570048,0.59
2024-10-24 10:12:00,0.5014683608380011,0.59
2024-10-24 10:13:00,0.5022675530049143,0.59
2024-10-24 10:14:00,0.5038851216355236,0.59
2024-10-24 10:15:00,0.504481076512264,0.59
2024-10-24 10:16:00,0.5026522839578298,0.59
2024-10-24 10:17:00,0.5018745711035366,0.59
2024-10-24 10:18:00,0.5031923087616723,0.59
2024-10-24 10:19:00,0.5016906533230892,0.59
2024-10-24 10:20:00,0.5028409249055052,0.59
2024-10-24 10:21:00,0.5023250670690909,0.59
2024-10-24 10:22:00,0.5023697337140127,0.59
2024-10-24 10:23:00,0.5025728186717056,0.59
2024-10-24 10:24:00,0.5022897626192326,0.59
2024-10-24 10:25:00,0.5030506013131173,0.59
2024-10-24 10:26:00,0.5047661208403611,0.59
2024-10-24 10:27:00,0.5060601256855979,0.59
2024-10-24 10:28:00,0.5056879437110091,0.59
2024-10-24 10:29:00,0.5060692161054094,0.59
2024-10-24 10:30:00,0.5049510453599166,0.59
2024-10-24 10:31:00,0.5051711554520717,0.59
2024-10-24 10:32:00,0.5043559090952641,0.58
2024-10-24 10:33:00,0.504848519318543,0.59
2024-10-24 10:34:00,0.5044163774517447,0.59
2024-10-24 10:35:00,0.5056037761037675,0.59
2024-10-24 10:36:00,0.5041384139665952,0.59
2024-10-24 10:37:00,0.502796224717206,0.59
2024-10-24 10:38:00,0.5026317886464595,0.59
2024-10-24 10:39:00,0.5042863735109451,0.59
2024-10-24 10:40:00,0.5053243581368261,0.59
2024-10-24 10:41:00,0.5054864318715124,0.59
2024-10-24 10:42:00,0.5039838337697284,0.59
2024-10-24 10:43:00,0.5043240153551947,0.59
2024-10-24 10:44:00,0.5044160671708011,0.59
2024-10-24 10:45:00,0.5065748952242288,0.59
2024-10-24 10:46:00,0.5057217927446629,0.59
2024-10-24 10:47:00,0.5058598112343564,0.59
2024-10-24 10:48:00,0.5061454008308568,0.59
2024-10-24 10:49:00,0.5063400504072011,0.59
2024-10-24 10:50:00,0.5063107140016798,0.59
2024-10-24 10:51:00,0.5073967807938968,0.59
2024-10-24 10:52:00,0.5056520342916915,0.59
2024-10-24 10:53:00,0.5047282552530887,0.59
2024-10-24 10:54:00,0.5052157800339792,0.59
2024-10-24 10:55:00,0.5045185745266847,0.59
2024-10-24 10:56:00,0.504227849646959,0.59
2024-10-24 10:57:00,0.5040852935744191,0.59
2024-10-24 10:58:00,0.5055891276550033,0.59
2024-10-24 10:59:00,0.5051968948944194,0.59
2024-10-24 11:00:00,0.5034150960243295,0.59
2024-10-24 11:01:00,0.5022564232413445,0.59
2024-10-24 11:02:00,0.5008815859350759,0.59
2024-10-24 11:03:00,0.5025085026070146,0.59
2024-10-24 11:04:00,0.5040746070286184,0.59
2024-10-24 11:05:00,0.5071688870992845,0.59
2024-10-24 11:06:00,0.5070253838354646,0.58
2024-10-24 11:07:00,0.5060324967520231,0.59
2024-10-24 11:08:00,0.5059381827919596,0.59
2024-10-24 11:09:00,0.5039376033110872,0.59
2024-10-24 11:10:00,0.503759411634302,0.59
2024-10-24 11:11:00,0.5045975684324226,0.59
2024-10-24 11:12:00,0.5049381749272805,0.59
2024-10-24 11:13:00,0.5042197057958988,0.59
2024-10-24 11:14:00,0.5042917294723142,0.59
2024-10-24 11:15:00,0.5052643882543453,0.59
2024-10-24 11:16:00,0.5053130734440365,0.59
2024-10-24 11:17:00,0.5037367889865922,0.59
2024-10-24 11:18:00,0.5036869320258621,0.59
2024-10-24 11:19:00,0.5036579629857874,0.59
2024-10-24 11:20:00,0.5018217235876634,0.59
2024-10-24 11:21:00,0.5020750481308596,0.59
2024-10-24 11:22:00,0.5029078349261382,0.59
2024-10-24 11:23:00,0.5030415893858684,0.59
2024-10-24 11:24:00,0.5019677684944492,0.59
2024-10-24 11:25:00,0.5020019277907968,0.59
2024-10-24 11:26:00,0.5007446362080714,0.59
2024-10-24 11:27:00,0.5000129081934233,0.59
2024-10-24 11:28:00,0.49982450573795423,0.59
2024-10-24 11:29:00,0.5010740731462586,0.59
2024-10-24 11:30:00,0.4996349913855822,0.59
2024-10-24 11:31:00,0.5004465968211071,0.59
2024-10-24 11:32:00,0.5008058211188466,0.59
2024-10-24 11:33:00,0.5012436335721475,0.59
2024-10-24 11:34:00,0.5002925699512872,0.59
2024-10-24 11:35:00,0.5021646474923618,0.59
2024-10-24 11:36:00,0.5022362460766125,0.59
2024-10-24 11:37:00,0.5023357897462406,0.59
2024-10-24 11:38:00,0.5018736226614744,0.59
2024-10-24 11:39:00,0.5029082626215742,0.59
2024-10-24 11:40:00,0.502188569305076,0.59
2024-10-24 11:41:00,0.501893511441313,0.59
2024-10-24 11:42:00,0.5033116247102833,0.59
2024-10-24 11:43:00,0.5026646596770699,0.59
2024-10-24 11:44:00,0.5026291505977032,0.59
2024-10-24 11:45:00,0.5023080693004693,0.59
2024-10-24 11:46:00,0.503414021668761,0.59
2024-10-24 11:47:00,0.5044615668218337,0.59
2024-10-24 11:48:00,0.5050310290943123,0.59
2024-10-24 11:49:00,0.506853549263248,0.59
2024-10-24 11:50:00,0.5068647320020279,0.59
2024-10-24 11:51:00,0.5056871481491003,0.59
2024-10-24 11:52:00,0.5057066622992668,0.59
2024-10-24 11:53:00,0.504740768834034,0.58
2024-10-24 11:54:00,0.503385444471945,0.59
2024-10-24 11:55:00,0.502928860469843,0.59
2024-10-24 11:56:00,0.501934398907139,0.59
2024-10-24 11:57:00,0.5013847940066254,0.59
2024-10-24 11:58:00,0.5014107267033283,0.59
2024-10-24 11:59:00,0.5011749928662954,0.59
2024-10-24 12:00:00,0.5006889728522885,0.59
2024-10-24 12:01:00,0.5021426923203822,0.59
2024-10-24 12:02:00,0.50349372608066,0.59
2024-10-24 12:03:00,0.5032207318504776,0.59
2024-10-24 12:04:00,0.503452438390968,0.59
2024-10-24 12:05:00,0.5046640648159617,0.59
2024-10-24 12:06:00,0.5070141311638381,0.59
2024-10-24 12:07:00,0.5059714520728507,0.59
2024-10-24 12:08:00,0.5067807765195489,0.59
2024-10-24 12:09:00,0.5047856123678434,0.59
2024-10-24 12:10:00,0.505007587769341,0.59
2024-10-24 12:11:00,0.50559245155015,0.59
2024-10-24 12:12:00,0.5068490658648266,0.59
2024-10-24 12:13:00,0.5063141581947608,0.59
2024-10-24 12:14:00,0.5059503398741672,0.59
2024-10-24 12:15:00,0.506172509782467,0.59
2024-10-24 12:16:00,0.5064497313384344,0.59
2024-10-24 12:17:00,0.5067729459993486,0.59
2024-10-24 12:18:00,0.5067890929618344,0.59
2024-10-24 12:19:00,0.5057114710529926,0.59
2024-10-24 12:20:00,0.5067538745066418,0.59
2024-10-24 12:21:00,0.5054093747371284,0.59
2024-10-24 12:22:00,0.5061416897042619,0.59
2024-10-24 12:23:00,0.5052340928820727,0.59
2024-10-24 12:24:00,0.5044803789894889,0.59
2024-10-24 12:25:00,0.5045511198115638,0.6
2024-10-24 12:26:00,0.5044717101773617,0.6
2024-10-24 12:27:00,0.5039298799031651,0.6
2024-10-24 12:28:00,0.5038478254270367,0.6
2024-10-24 12:29:00,0.5040364889602371,0.6
2024-10-24 12:30:00,0.5040407210712983,0.6
2024-10-24 12:31:00,0.5018681795263509,0.6
2024-10-24 12:32:00,0.501711524698033,0.6
2024-10-24 12:33:00,0.5013640660078644,0.6
2024-10-24 12:34:00,0.5013164096325051,0.6
2024-10-24 12:35:00,0.5017286820881262,0.6
2024-10-24 12:36:00,0.5021797120913909,0.6
2024-10-24 12:37:00,0.5016934902178136,0.6
2024-10-24 12:38:00,0.5013205371568843,0.6
2024-10-24 12:39:00,0.5006809771493133,0.6
2024-10-24 12:40:00,0.49942910777639216,0.6
2024-10-24 12:41:00,0.5010242854917462,0.59
2024-10-24 12:42:00,0.4996924709180901,0.59
2024-10-24 12:43:00,0.4994548736230888,0.6
2024-10-24 12:44:00,0.49845476113096576,0.6
2024-10-24 12:45:00,0.49834252152625,0.6
2024-10-24 12:46:00,0.4970646093694293,0.6
2024-10-24 12:47:00,0.49680275527620865,0.6
2024-10-24 12:48:00,0.4982884306719335,0.6
2024-10-24 12:49:00,0.4981610393629843,0.6
2024-10-24 12:50:00,0.49826234808292624,0.6
2024-10-24 12:51:00,0.4993522760589346,0.6
2024-10-24 12:52:00,0.4981016197271131,0.6
2024-10-24 12:53:00,0.4991783370513907,0.59
2024-10-24 12:54:00,0.4996739750182544,0.59
2024-10-24 12:55:00,0.49945901502554757,0.6
2024-10-24 12:56:00,0.4990071397418683,0.59
2024-10-24 12:57:00,0.4991961256248858,0.59
2024-10-24 12:58:00,0.498874446216113,0.6
2024-10-24 12:59:00,0.4978891689508085,0.6
2024-10-24 13:00:00,0.49851846634813746,0.6
2024-10-24 13:01:00,0.49701212997034827,0.6
2024-10-24 13:02:00,0.4960184654721773,0.6
2024-10-24 13:03:00,0.49557640654229185,0.6
2024-10-24 13:04:00,0.49346997311045837,0.6
2024-10-24 13:05:00,0.4938407697206568,0.6
2024-10-24 13:06:00,0.4937799958981015,0.6
2024-10-24 13:07:00,0.4929029555066824,0.6
2024-10-24 13:08:00,0.4933720251820273,0.6
2024-10-24 13:09:00,0.4923313939009806,0.6
2024-10-24 13:10:00,0.4923111392954167,0.6
2024-10-24 13:11:00,0.4919881455274757,0.6
2024-10-24 13:12:00,0.49154056074666985,0.6
2024-10-24 13:13:00,0.492923169959804,0.59
2024-10-24 13:14:00,0.49349997396775547,0.6
2024-10-24 13:15:00,0.49322678345394677,0.6
2024-10-24 13:16:00,0.4936976034837077,0.6
2024-10-24 13:17:00,0.49342110532049843,0.6
2024-10-24 13:18:00,0.4930468243743438,0.6
2024-10-24 13:19:00,0.49236778315369834,0.6
2024-10-24 13:20:00,0.4922086394786114,0.6
2024-10-24 13:21:00,0.49174739809030465,0.6
2024-10-24 13:22:00,0.49187879791144407,0.59
2024-10-24 13:23:00,0.49244943572401234,0.59
2024-10-24 13:24:00,0.492903339066485,0.6
2024-10-24 13:25:00,0.49364106019200693,0.6
2024-10-24 13:26:00,0.49440893487195736,0.6
2024-10-24 13:27:00,0.493985909768057,0.6
2024-10-24 13:28:00,0.49324053726152095,0.6
2024-10-24 13:29:00,0.49297573496990377,0.6
2024-10-24 13:30:00,0.4933975803901436,0.6
2024-10-24 13:31:00,0.4932697174270111,0.6
2024-10-24 13:32:00,0.4934038847274278,0.6
2024-10-24 13:33:00,0.493270820075596,0.6
2024-10-24 13:34:00,0.4929798207633651,0.6
2024-10-24 13:35:00,0.49202100462310727,0.6
2024-10-24 13:36:00,0.49189018748206315,0.6
2024-10-24 13:37:00,0.49259797529888183,0.6
2024-10-24 13:38:00,0.4921328880902289,0.6
2024-10-24 13:39:00,0.49304063540471943,0.6
2024-10-24 13:40:00,0.4937696777502072,0.59
2024-10-24 13:41:00,0.4929512192106309,0.6
2024-10-24 13:42:00,0.492713719404114,0.6
2024-10-24 13:43:00,0.49180466620018826,0.6
2024-10-24 13:44:00,0.49133032338157956,0.59
2024-10-24 13:45:00,0.48955789511081593,0.6
2024-10-24 13:46:00,0.4898108855125327,0.6
2024-10-24 13:47:00,0.4908617044452013,0.6
2024-10-24 13:48:00,0.49244248634728716,0.6
2024-10-24 13:49:00,0.49339296753112794,0.6
2024-10-24 13:50:00,0.4932573018795179,0.6
2024-10-24 13:51:00,0.4937143077803252,0.6
2024-10-24 13:52:00,0.4933905487439809,0.6
2024-10-24 13:53:00,0.49432503605384137,0.6
2024-10-24 13:54:00,0.4946655493451606,0.6
2024-10-24 13:55:00,0.49419742480871753,0.6
2024-10-24 13:56:00,0.4943733400365813,0.6
2024-10-24 13:57:00,0.4951880181349215,0.6
2024-10-24 13:58:00,0.4948971541084546,0.6
2024-10-24 13:59:00,0.49577093232368674,0.6
2024-10-24 14:00:00,0.4960964561480268,0.6
2024-10-24 14:01:00,0.49563443066400503,0.6
2024-10-24 14:02:00,0.49615952189756407,0.6
2024-10-24 14:03:00,0.49582415201138663,0.6
2024-10-24 14:04:00,0.4954255750188785,0.6
2024-10-24 14:05:00,0.49553805923345284,0.6
2024-10-24 14:06:00,0.4962294887642613,0.6
2024-10-24 14:07:00,0.49627894000442097,0.6
2024-10-24 14:08:00,0.49784551923994846,0.6
2024-10-24 14:09:00,0.49716408102576426,0.6
2024-10-24 14:10:00,0.49746551587091026,0.6
2024-10-24 14:11:00,0.4967763781769865,0.6
2024-10-24 14:12:00,0.4963814096856949,0.6
2024-10-24 14:13:00,0.4959804583056353,0.6
2024-10-24 14:14:00,0.49530240481077326,0.6
2024-10-24 14:15:00,0.4960388794408528,0.6
2024-10-24 14:16:00,0.49540592100832304,0.6
2024-10-24 14:17:00,0.49555538023697276,0.6
2024-10-24 14:18:00,0.49501058070864823,0.6
2024-10-24 14:19:00,0.4945567284522261,0.6
2024-10-24 14:20:00,0.49430866164679066,0.6
2024-10-24 14:21:00,0.4935579814145463,0.6
2024-10-24 14:22:00,0.49290563978463253,0.59
2024-10-24 14:23:00,0.4932066482568167,0.6
2024-10-24 14:24:00,0.49362056893306483,0.59
2024-10-24 14:25:00,0.4940611335306986,0.6
2024-10-24 14:26:00,0.4942648528227054,0.6
2024-10-24 14:27:00,0.4955543923358785,0.6
2024-10-24 14:28:00,0.49437677188114804,0.6
2024-10-24 14:29:00,0.49371498996905827,0.6
2024-10-24 14:30:00,0.4942999162747086,0.6
2024-10-24 14:31:00,0.4940060882278836,0.6
2024-10-24 14:32:00,0.4939764998553027,0.6
2024-10-24 14:33:00,0.4935638023053024,0.6
2024-10-24 14:34:00,0.49392198061151293,0.6
2024-10-24 14:35:00,0.4931026609100255,0.6
2024-10-24 14:36:00,0.49376613317387474,0.6
2024-10-24 14:37:00,0.4937888284290348,0.6
2024-10-24 14:38:00,0.4934663546499187,0.6
2024-10-24 14:39:00,0.4939562104737545,0.6
2024-10-24 14:40:00,0.49367612237689174,0.6
2024-10-24 14:41:00,0.4928753271548605,0.6
2024-10-24 14:42:00,0.49353707663623214,0.6
2024-10-24 14:43:00,0.49335116464307904,0.6
2024-10-24 14:44:00,0.49313875911218585,0.6
2024-10-24 14:45:00,0.4936343128117391,0.6
2024-10-24 14:46:00,0.493427991816471,0.59
2024-10-24 14:47:00,0.49285327746544083,0.6
2024-10-24 14:48:00,0.4925205564968935,0.6
2024-10-24 14:49:00,0.49277802611246657,0.6
2024-10-24 14:50:00,0.492879151666312,0.6
2024-10-24 14:51:00,0.49321960405690235,0.6
2024-10-24 14:52:00,0.49323470379576917,0.6
2024-10-24 14:53:00,0.4938012501000004,0.59
2024-10-24 14:54:00,0.4945311072730474,0.6
2024-10-24 14:55:00,0.49528963890514066,0.6
2024-10-24 14:56:00,0.4960904777378603,0.6
2024-10-24 14:57:00,0.495100043900752,0.6
2024-10-24 14:58:00,0.49454957935665633,0.59
2024-10-24 14:59:00,0.4937312471860238,0.6
2024-10-24 15:00:00,0.4943704615581239,0.6
2024-10-24 15:01:00,0.4954268967245572,0.6
2024-10-24 15:02:00,0.49558264931944307,0.6
2024-10-24 15:03:00,0.4961941120482518,0.6
2024-10-24 15:04:00,0.4962687370567733,0.6
2024-10-24 15:05:00,0.49563113904485134,0.6
2024-10-24 15:06:00,0.4947456016450913,0.6
2024-10-24 15:07:00,0.4940299276200151,0.6
2024-10-24 15:08:00,0.49321934846913984,0.6
2024-10-24 15:09:00,0.49246275280630925,0.6
2024-10-24 15:10:00,0.4923976394454799,0.6
2024-10-24 15:11:00,0.4917454875107532,0.6
2024-10-24 15:12:00,0.4921273851105019,0.6
2024-10-24 15:13:00,0.49049628025498415,0.6
2024-10-24 15:14:00,0.4906928355993483,0.6
2024-10-24 15:15:00,0.49143614279018855,0.6
2024-10-24 15:16:00,0.49097941812808155,0.6
2024-10-24 15:17:00,0.4916340076862291,0.6
2024-10-24 15:18:00,0.4913218253235281,0.6
2024-10-24 15:19:00,0.4896287108906694,0.6
2024-10-24 15:20:00,0.4888029287719189,0.6
2024-10-24 15:21:00,0.4884189803610963,0.6
2024-10-24 15:22:00,0.48942024426281505,0.6
2024-10-24 15:23:00,0.489123500268853,0.6
2024-10-24 15:24:00,0.4893653434409966,0.6
2024-10-24 15:25:00,0.4890764099810945,0.6
2024-10-24 15:26:00,0.4908081012016188,0.6
2024-10-24 15:27:00,0.4917232497504449,0.59
2024-10-24 15:28:00,0.49174638657462144,0.6
2024-10-24 15:29:00,0.4913601613585923,0.6
2024-10-24 15:30:00,0.492077232552093,0.6
2024-10-24 15:31:00,0.4905575351670446,0.6
2024-10-24 15:32:00,0.4899906212644167,0.6
2024-10-24 15:33:00,0.48962903315950057,0.6
2024-10-24 15:34:00,0.48957567999453677,0.6
2024-10-24 15:35:00,0.4903961702610722,0.6
2024-10-24 15:36:00,0.4894012922936042,0.6
2024-10-24 15:37:00,0.4892766415910257,0.6
2024-10-24 15:38:00,0.49011000938447835,0.6
2024-10-24 15:39:00,0.49075527459921786,0.6
2024-10-24 15:40:00,0.4910172229893337,0.6
2024-10-24 15:41:00,0.4907908122317852,0.6
2024-10-24 15:42:00,0.492011902665187,0.6
2024-10-24 15:43:00,0.49208209540294034,0.6
2024-10-24 15:44:00,0.4920003294782964,0.6
2024-10-24 15:45:00,0.4930839611406459,0.6
2024-10-24 15:46:00,0.492094526573559,0.6
2024-10-24 15:47:00,0.49081819609455946,0.6
2024-10-24 15:48:00,0.4910821865778867,0.6
2024-10-24 15:49:00,0.49007695885351077,0.6
2024-10-24 15:50:00,0.4890290744437038,0.6
2024-10-24 15:51:00,0.4892523001049922,0.6
2024-10-24 15:52:00,0.4889172103724826,0.6
2024-10-24 15:53:00,0.4902165835990895,0.6
2024-10-24 15:54:00,0.48890589898900516,0.6
2024-10-24 15:55:00,0.48841962177265086,0.6
2024-10-24 15:56:00,0.48775755042244273,0.59
2024-10-24 15:57:00,0.48857248163072353,0.6
2024-10-24 15:58:00,0.48881942365334585,0.6
2024-10-24 15:59:00,0.4888929608551955,0.6
2024-10-24 16:00:00,0.4888929608551955,0.6
2024-10-25 09:30:00,0.4603996840915283,0.62
2024-10-25 09:31:00,0.45696729712879924,0.62
2024-10-25 09:32:00,0.4558418810325955,0.62
2024-10-25 09:33:00,0.44791893523245796,0.62
2024-10-25 09:34:00,0.44607049459217785,0.62
2024-10-25 09:35:00,0.44119864206621995,0.62
2024-10-25 09:36:00,0.4445916150005027,0.61
2024-10-25 09:37:00,0.44689037852326075,0.62
2024-10-25 09:38:00,0.4452571927647806,0.62
2024-10-25 09:39:00,0.4463753070523817,0.61
2024-10-25 09:40:00,0.44721261065052054,0.62
2024-10-25 09:41:00,0.44574087476566393,0.62
2024-10-25 09:42:00,0.4430126430616841,0.62
2024-10-25 09:43:00,0.4402837488691105,0.62
2024-10-25 09:44:00,0.4388881254294261,0.62
2024-10-25 09:45:00,0.4374424245303936,0.62
2024-10-25 09:46:00,0.43404755364314584,0.62
2024-10-25 09:47:00,0.43300061013015134,0.62
2024-10-25 09:48:00,0.43136959155212495,0.62
2024-10-25 09:49:00,0.43174624334652,0.62
2024-10-25 09:50:00,0.43218304174114075,0.62
2024-10-25 09:51:00,0.4340816939645167,0.62
2024-10-25 09:52:00,0.4360619987302321,0.62
2024-10-25 09:53:00,0.43605638735222807,0.62
2024-10-25 09:54:00,0.4369189032005203,0.61
2024-10-25 09:55:00,0.43486714797288184,0.62
2024-10-25 09:56:00,0.4326310747321236,0.62
2024-10-25 09:57:00,0.43164205792711496,0.62
2024-10-25 09:58:00,0.43004905012051986,0.62
2024-10-25 09:59:00,0.43278712663847485,0.62
2024-10-25 10:00:00,0.4300626387582118,0.62
2024-10-25 10:01:00,0.4271886880049365,0.62
2024-10-25 10:02:00,0.4295653267171342,0.62
2024-10-25 10:03:00,0.4316901675327889,0.62
2024-10-25 10:04:00,0.4308291350361142,0.62
2024-10-25 10:05:00,0.4348957337831376,0.62
2024-10-25 10:06:00,0.43573747552207664,0.62
2024-10-25 10:07:00,0.4366819371403532,0.62
2024-10-25 10:08:00,0.43544938810450273,0.62
2024-10-25 10:09:00,0.43528916631949355,0.62
2024-10-25 10:10:00,0.4344861694635067,0.62
2024-10-25 10:11:00,0.4322755963555951,0.62
2024-10-25 10:12:00,0.43242895208016585,0.61
2024-10-25 10:13:00,0.4305845795946641,0.62
2024-10-25 10:14:00,0.4299577791987048,0.62
2024-10-25 10:15:00,0.43112772221699225,0.62
2024-10-25 10:16:00,0.4295413798232348,0.62
2024-10-25 10:17:00,0.4323115850143544,0.62
2024-10-25 10:18:00,0.43319306365660215,0.62
2024-10-25 10:19:00,0.43165275854641716,0.62
2024-10-25 10:20:00,0.43022296957004413,0.61
2024-10-25 10:21:00,0.42908101583283664,0.62
2024-10-25 10:22:00,0.4265546372451705,0.62
2024-10-25 10:23:00,0.4269231260549262,0.62
2024-10-25 10:24:00,0.4277325009624835,0.62
2024-10-25 10:25:00,0.4279680629889737,0.62
2024-10-25 10:26:00,0.42908909366453973,0.62
2024-10-25 10:27:00,0.4286961432026548,0.62
2024-10-25 10:28:00,0.4283497391100768,0.62
2024-10-25 10:29:00,0.42874202987060417,0.62
2024-10-25 10:30:00,0.4281481223403725,0.62
2024-10-25 10:31:00,0.4285356768178257,0.62
2024-10-25 10:32:00,0.4282474116745434,0.62
2024-10-25 10:33:00,0.4258600817000249,0.62
2024-10-25 10:34:00,0.4255467141345439,0.62
2024-10-25 10:35:00,0.4241668663988085,0.61
2024-10-25 10:36:00,0.4244619830310967,0.62
2024-10-25 10:37:00,0.42479609518012995,0.62
2024-10-25 10:38:00,0.42606416989947404,0.62
2024-10-25 10:39:00,0.4255293088752372,0.62
2024-10-25 10:40:00,0.4255661077014088,0.61
2024-10-25 10:41:00,0.4268144660732689,0.62
2024-10-25 10:42:00,0.4258099911034916,0.62
2024-10-25 10:43:00,0.4282253440331998,0.62
2024-10-25 10:44:00,0.4271054417432112,0.62
2024-10-25 10:45:00,0.4268945645110864,0.62
2024-10-25 10:46:00,0.4272355007824433,0.62
2024-10-25 10:47:00,0.4257927850360128,0.62
2024-10-25 10:48:00,0.42636508514858407,0.62
2024-10-25 10:49:00,0.4274897546232277,0.62
2024-10-25 10:50:00,0.4263608536657013,0.62
2024-10-25 10:51:00,0.42775104721463975,0.62
2024-10-25 10:52:00,0.4272046054695904,0.62
2024-10-25 10:53:00,0.42689516038618236,0.62
2024-10-25 10:54:00,0.42627428193849215,0.62
2024-10-25 10:55:00,0.42684116158703245,0.62
2024-10-25 10:56:00,0.4264354426979311,0.62
2024-10-25 10:57:00,0.42679027654571366,0.62
2024-10-25 10:58:00,0.42519363772569085,0.62
2024-10-25 10:59:00,0.4254927315807302,0.62
2024-10-25 11:00:00,0.42484051009670476,0.62
2024-10-25 11:01:00,0.42473911381303764,0.62
2024-10-25 11:02:00,0.4262385277470646,0.62
2024-10-25 11:03:00,0.42675471930001163,0.62
2024-10-25 11:04:00,0.4263036551434751,0.62
2024-10-25 11:05:00,0.4263035745931407,0.62
2024-10-25 11:06:00,0.42529991260506805,0.62
2024-10-25 11:07:00,0.42574166699036486,0.62
2024-10-25 11:08:00,0.42881169647891837,0.61
2024-10-25 11:09:00,0.4281085674438987,0.61
2024-10-25 11:10:00,0.42798689263796574,0.62
2024-10-25 11:11:00,0.4297754977565529,0.62
2024-10-25 11:12:00,0.427822568743476,0.62
2024-10-25 11:13:00,0.42863585914785163,0.62
2024-10-25 11:14:00,0.42994545229103154,0.62
2024-10-25 11:15:00,0.43004393031391897,0.62
2024-10-25 11:16:00,0.43087207462801813,0.62
2024-10-25 11:17:00,0.43088438781377403,0.62
2024-10-25 11:18:00,0.42970137894640126,0.62
2024-10-25 11:19:00,0.42931471423529,0.62
2024-10-25 11:20:00,0.4286101947602876,0.62
2024-10-25 11:21:00,0.42905638792348966,0.62
2024-10-25 11:22:00,0.4297726806415778,0.62
2024-10-25 11:23:00,0.43003728950141684,0.62
2024-10-25 11:24:00,0.4296248739561055,0.62
2024-10-25 11:25:00,0.4295536741970871,0.62
2024-10-25 11:26:00,0.4310325493899059,0.62
2024-10-25 11:27:00,0.4311882568650318,0.62
2024-10-25 11:28:00,0.4321842144319661,0.62
2024-10-25 11:29:00,0.43113996185310444,0.62
2024-10-25 11:30:00,0.42918761032155683,0.62
2024-10-25 11:31:00,0.4286987241105893,0.61
2024-10-25 11:32:00,0.4278117178597143,0.62
2024-10-25 11:33:00,0.4286283291885373,0.62
2024-10-25 11:34:00,0.42953547202410314,0.62
2024-10-25 11:35:00,0.4301787523887619,0.62
2024-10-25 11:36:00,0.4304775025722265,0.62
2024-10-25 11:37:00,0.4304915839845618,0.62
2024-10-25 11:38:00,0.43082578142973804,0.62
2024-10-25 11:39:00,0.4303132651396335,0.62
2024-10-25 11:40:00,0.4298307373544963,0.62
2024-10-25 11:41:00,0.4301815116626153,0.62
2024-10-25 11:42:00,0.4279826747848532,0.62
2024-10-25 11:43:00,0.42842187398697384,0.62
2024-10-25 11:44:00,0.42754134882374006,0.62
2024-10-25 11:45:00,0.42689333348784664,0.62
2024-10-25 11:46:00,0.426118632427128,0.62
2024-10-25 11:47:00,0.42546896518067734,0.62
2024-10-25 11:48:00,0.4257678330822443,0.62
2024-10-25 11:49:00,0.4278820482404735,0.62
2024-10-25 11:50:00,0.42884116077718004,0.62
2024-10-25 11:51:00,0.4279051396957303,0.61
2024-10-25 11:52:00,0.4277964469778761,0.61
2024-10-25 11:53:00,0.4277437357322851,0.62
2024-10-25 11:54:00,0.42752820900621447,0.62
2024-10-25 11:55:00,0.4285031170284872,0.62
2024-10-25 11:56:00,0.42859632857876906,0.62
2024-10-25 11:57:00,0.4273864749250962,0.62
2024-10-25 11:58:00,0.4270343266921046,0.62
2024-10-25 11:59:00,0.42677913925282396,0.62
2024-10-25 12:00:00,0.4285758649821967,0.62
2024-10-25 12:01:00,0.42882366094714297,0.62
2024-10-25 12:02:00,0.4289398582733941,0.62
2024-10-25 12:03:00,0.4287669630672346,0.62
2024-10-25 12:04:00,0.42915901116669386,0.62
2024-10-25 12:05:00,0.4283326311265403,0.62
2024-10-25 12:06:00,0.42796536119308715,0.62
2024-10-25 12:07:00,0.4295855385751246,0.61
2024-10-25 12:08:00,0.42959539127788493,0.61
2024-10-25 12:09:00,0.42860931007048,0.62
2024-10-25 12:10:00,0.42812227784019297,0.62
2024-10-25 12:11:00,0.42850979364678277,0.62
2024-10-25 12:12:00,0.430834338663985,0.62
2024-10-25 12:13:00,0.43060545898869473,0.62
2024-10-25 12:14:00,0.4307035463089284,0.62
2024-10-25 12:15:00,0.43053630410816646,0.62
2024-10-25 12:16:00,0.4308838789013756,0.62
2024-10-25 12:17:00,0.43066056826726995,0.62
2024-10-25 12:18:00,0.43032090488981267,0.62
2024-10-25 12:19:00,0.43081176276760513,0.62
2024-10-25 12:20:00,0.42971376787701643,0.62
2024-10-25 12:21:00,0.42922359468865223,0.62
2024-10-25 12:22:00,0.4285626235121047,0.62
2024-10-25 12:23:00,0.4282046644202888,0.62
2024-10-25 12:24:00,0.42708330674798733,0.62
2024-10-25 12:25:00,0.4279768077112116,0.62
2024-10-25 12:26:00,0.42891151391520865,0.61
2024-10-25 12:27:00,0.4292553540142483,0.62
2024-10-25 12:28:00,0.4285462082348468,0.62
2024-10-25 12:29:00,0.42724706232237897,0.62
2024-10-25 12:30:00,0.4266152232031699,0.62
2024-10-25 12:31:00,0.4282530151852437,0.62
2024-10-25 12:32:00,0.4279980358364679,0.61
2024-10-25 12:33:00,0.4279998670705878,0.62
2024-10-25 12:34:00,0.42732051215849043,0.62
2024-10-25 12:35:00,0.42735028317095725,0.62
2024-10-25 12:36:00,0.4274843111953113,0.62
2024-10-25 12:37:00,0.428135029319076,0.62
2024-10-25 12:38:00,0.4273840988809525,0.62
2024-10-25 12:39:00,0.4277799503672697,0.62
2024-10-25 12:40:00,0.42888380970785156,0.62
2024-10-25 12:41:00,0.4288763283811343,0.62
2024-10-25 12:42:00,0.42930981145430347,0.62
2024-10-25 12:43:00,0.4290430161652219,0.62
2024-10-25 12:44:00,0.42885388605976105,0.62
2024-10-25 12:45:00,0.42890212405520134,0.62
2024-10-25 12:46:00,0.4297067493922315,0.62
2024-10-25 12:47:00,0.43033034549748206,0.61
2024-10-25 12:48:00,0.43157943343974225,0.62
2024-10-25 12:49:00,0.4310157647931383,0.62
2024-10-25 12:50:00,0.4308980019617674,0.62
2024-10-25 12:51:00,0.42980582786546395,0.62
2024-10-25 12:52:00,0.4297710589781041,0.62
2024-10-25 12:53:00,0.4295779190625122,0.62
2024-10-25 12:54:00,0.4289455770003865,0.62
2024-10-25 12:55:00,0.4294737767804946,0.62
2024-10-25 12:56:00,0.4291593006312564,0.62
2024-10-25 12:57:00,0.4297050551429924,0.62
2024-10-25 12:58:00,0.42863548806691143,0.62
2024-10-25 12:59:00,0.42941929449286786,0.62
2024-10-25 13:00:00,0.4295229966635652,0.62
2024-10-25 13:01:00,0.4291701578868936,0.62
2024-10-25 13:02:00,0.4299321734831365,0.62
2024-10-25 13:03:00,0.42977517218007555,0.62
2024-10-25 13:04:00,0.42937976717690973,0.62
2024-10-25 13:05:00,0.42995772510054375,0.61
2024-10-25 13:06:00,0.43001656355622564,0.62
2024-10-25 13:07:00,0.4301770895287118,0.62
2024-10-25 13:08:00,0.431134098607435,0.62
2024-10-25 13:09:00,0.4304649385744208,0.62
2024-10-25 13:10:00,0.4313880089149309,0.61
2024-10-25 13:11:00,0.4306922631378918,0.62
2024-10-25 13:12:00,0.4308836341601483,0.62
2024-10-25 13:13:00,0.4330973802508875,0.62
2024-10-25 13:14:00,0.43266097539023973,0.61
2024-10-25 13:15:00,0.43249889835656696,0.61
2024-10-25 13:16:00,0.43282728080718047,0.62
2024-10-25 13:17:00,0.4339050322155378,0.62
2024-10-25 13:18:00,0.43358124857810787,0.61
2024-10-25 13:19:00,0.43427937616243883,0.61
2024-10-25 13:20:00,0.43552124714713547,0.62
2024-10-25 13:21:00,0.4376685537138678,0.62
2024-10-25 13:22:00,0.4366606211556834,0.62
2024-10-25 13:23:00,0.4356754564445453,0.62
2024-10-25 13:24:00,0.43519813676963914,0.61
2024-10-25 13:25:00,0.4353426576598205,0.62
2024-10-25 13:26:00,0.43556051894601056,0.62
2024-10-25 13:27:00,0.43444478022858823,0.61
2024-10-25 13:28:00,0.435405871716654,0.62
2024-10-25 13:29:00,0.4364900114532049,0.62
2024-10-25 13:30:00,0.4380831777554739,0.62
2024-10-25 13:31:00,0.436059908529957,0.62
2024-10-25 13:32:00,0.43687689026197973,0.62
2024-10-25 13:33:00,0.43715163498255216,0.62
2024-10-25 13:34:00,0.4391732586295036,0.62
2024-10-25 13:35:00,0.43952752818511365,0.62
2024-10-25 13:36:00,0.4371668182032564,0.62
2024-10-25 13:37:00,0.4391870080059712,0.62
2024-10-25 13:38:00,0.43799362434766675,0.62
2024-10-25 13:39:00,0.43825457482361707,0.62
2024-10-25 13:40:00,0.43938208182882676,0.62
2024-10-25 13:41:00,0.4416801198158449,0.62
2024-10-25 13:42:00,0.442437313922013,0.62
2024-10-25 13:43:00,0.44252692183368647,0.62
2024-10-25 13:44:00,0.444805639364682,0.62
2024-10-25 13:45:00,0.4436534533241747,0.62
2024-10-25 13:46:00,0.44171452981273274,0.62
2024-10-25 13:47:00,0.44063090401622085,0.62
2024-10-25 13:48:00,0.4373882048869222,0.62
2024-10-25 13:49:00,0.43658491137409405,0.62
2024-10-25 13:50:00,0.4364844309534204,0.62
2024-10-25 13:51:00,0.43754401609774596,0.61
2024-10-25 13:52:00,0.4388032178665633,0.61
2024-10-25 13:53:00,0.43863104632741945,0.62
2024-10-25 13:54:00,0.4395578508090454,0.62
2024-10-25 13:55:00,0.4423361238079886,0.62
2024-10-25 13:56:00,0.44230686943428377,0.62
2024-10-25 13:57:00,0.44264614266012337,0.62
2024-10-25 13:58:00,0.444114110478256,0.62
2024-10-25 13:59:00,0.4444938561794276,0.62
2024-10-25 14:00:00,0.44312516781491884,0.61
2024-10-25 14:01:00,0.4421925227467647,0.62
2024-10-25 14:02:00,0.4432167060726473,0.62
2024-10-25 14:03:00,0.44239489217259664,0.61
2024-10-25 14:04:00,0.4413377170824184,0.61
2024-10-25 14:05:00,0.4434055202052074,0.62
2024-10-25 14:06:00,0.44513881399683686,0.62
2024-10-25 14:07:00,0.44375120845731497,0.62
2024-10-25 14:08:00,0.44635477188388273,0.62
2024-10-25 14:09:00,0.4455432791959504,0.62
2024-10-25 14:10:00,0.4466550104908469,0.62
2024-10-25 14:11:00,0.4451687671048872,0.62
2024-10-25 14:12:00,0.44449587895199216,0.62
2024-10-25 14:13:00,0.4434132113325273,0.62
2024-10-25 14:14:00,0.44378334121459395,0.61
2024-10-25 14:15:00,0.4417588943079809,0.61
2024-10-25 14:16:00,0.44291912470017203,0.62
2024-10-25 14:17:00,0.4432912303418661,0.62
2024-10-25 14:18:00,0.4428419934795371,0.62
2024-10-25 14:19:00,0.44186655291502164,0.62
2024-10-25 14:20:00,0.44074849306818353,0.62
2024-10-25 14:21:00,0.44372832777956916,0.62
2024-10-25 14:22:00,0.4432839985626458,0.62
2024-10-25 14:23:00,0.44247233245137996,0.61
2024-10-25 14:24:00,0.44333678489526407,0.61
2024-10-25 14:25:00,0.4421662978697103,0.62
2024-10-25 14:26:00,0.4418344105519292,0.62
2024-10-25 14:27:00,0.441233468146492,0.62
2024-10-25 14:28:00,0.43955560436303087,0.62
2024-10-25 14:29:00,0.44048410511773795,0.62
2024-10-25 14:30:00,0.44126262257542526,0.62
2024-10-25 14:31:00,0.44303195141696583,0.61
2024-10-25 14:32:00,0.4421539347432202,0.62
2024-10-25 14:33:00,0.44168821463128327,0.62
2024-10-25 14:34:00,0.44203179922061353,0.62
2024-10-25 14:35:00,0.4413336779647763,0.62
2024-10-25 14:36:00,0.4413231745483983,0.62
2024-10-25 14:37:00,0.4412449218745149,0.62
2024-10-25 14:38:00,0.4411111995035901,0.62
2024-10-25 14:39:00,0.440448603770873,0.62
2024-10-25 14:40:00,0.4398003708442906,0.62
2024-10-25 14:41:00,0.44030597661207094,0.62
2024-10-25 14:42:00,0.44049180110348396,0.62
2024-10-25 14:43:00,0.4399218813109822,0.61
2024-10-25 14:44:00,0.43981109870743995,0.62
2024-10-25 14:45:00,0.43839790495785125,0.62
2024-10-25 14:46:00,0.4370839816985337,0.62
2024-10-25 14:47:00,0.43816284458757493,0.62
2024-10-25 14:48:00,0.43706576100134487,0.61
2024-10-25 14:49:00,0.4367573636619355,0.62
2024-10-25 14:50:00,0.4369195895675346,0.62
2024-10-25 14:51:00,0.437430514553675,0.62
2024-10-25 14:52:00,0.4375163112407725,0.62
2024-10-25 14:53:00,0.4376850835312449,0.61
2024-10-25 14:54:00,0.43796390747627334,0.62
2024-10-25 14:55:00,0.4384797930558453,0.62
2024-10-25 14:56:00,0.4390536600720585,0.62
2024-10-25 14:57:00,0.43924899976958875,0.62
2024-10-25 14:58:00,0.438699619841491,0.62
2024-10-25 14:59:00,0.43854812731963677,0.62
2024-10-25 15:00:00,0.4399364505853771,0.62
2024-10-25 15:01:00,0.4401868547325114,0.62
2024-10-25 15:02:00,0.43982316051959747,0.62
2024-10-25 15:03:00,0.43959074674139376,0.62
2024-10-25 15:04:00,0.4403420361521715,0.62
2024-10-25 15:05:00,0.440683368102629,0.62
2024-10-25 15:06:00,0.4417558355383504,0.62
2024-10-25 15:07:00,0.4417393001745171,0.62
2024-10-25 15:08:00,0.4418587938037708,0.62
2024-10-25 15:09:00,0.4415632563749077,0.62
2024-10-25 15:10:00,0.4411718303337955,0.61
2024-10-25 15:11:00,0.44085311129181304,0.62
2024-10-25 15:12:00,0.44140734936856885,0.61
2024-10-25 15:13:00,0.44218612273474744,0.62
2024-10-25 15:14:00,0.4425695772245335,0.62
2024-10-25 15:15:00,0.4415672518013112,0.62
2024-10-25 15:16:00,0.4427774987713151,0.62
2024-10-25 15:17:00,0.44285092808383086,0.62
2024-10-25 15:18:00,0.44232772294474576,0.62
2024-10-25 15:19:00,0.444618284940798,0.62
2024-10-25 15:20:00,0.4445446901504615,0.62
2024-10-25 15:21:00,0.44494755152518217,0.62
2024-10-25 15:22:00,0.4461623854720813,0.62
2024-10-25 15:23:00,0.4468992980056259,0.62
2024-10-25 15:24:00,0.4473691589343407,0.62
2024-10-25 15:25:00,0.4473139993552089,0.62
2024-10-25 15:26:00,0.4463531165165404,0.62
2024-10-25 15:27:00,0.44712091117309627,0.62
2024-10-25 15:28:00,0.44810838231308403,0.62
2024-10-25 15:29:00,0.4474016617349845,0.62
2024-10-25 15:30:00,0.4478923561967798,0.62
2024-10-25 15:31:00,0.4464730133176531,0.62
2024-10-25 15:32:00,0.4465919902395472,0.61
2024-10-25 15:33:00,0.447028751401249,0.62
2024-10-25 15:34:00,0.4471262942325478,0.61
2024-10-25 15:35:00,0.4472189623078908,0.62
2024-10-25 15:36:00,0.4464305708444505,0.62
2024-10-25 15:37:00,0.44531569330178855,0.62
2024-10-25 15:38:00,0.44626413796247566,0.62
2024-10-25 15:39:00,0.4471066139797537,0.62
2024-10-25 15:40:00,0.4474129121141608,0.62
2024-10-25 15:41:00,0.4487060795889486,0.62
2024-10-25 15:42:00,0.4490864048879126,0.62
2024-10-25 15:43:00,0.4483647673983724,0.62
2024-10-25 15:44:00,0.4482682586070068,0.63
2024-10-25 15:45:00,0.44937002152224026,0.62
2024-10-25 15:46:00,0.4486113883107927,0.63
2024-10-25 15:47:00,0.4489873877965167,0.62
2024-10-25 15:48:00,0.44944549029764835,0.63
2024-10-25 15:49:00,0.4491826567156012,0.63
2024-10-25 15:50:00,0.45140921545934565,0.63
2024-10-25 15:51:00,0.4523548443886638,0.62
2024-10-25 15:52:00,0.45348848631006855,0.63
2024-10-25 15:53:00,0.45399700517380404,0.63
2024-10-25 15:54:00,0.45543208847243544,0.63
2024-10-25 15:55:00,0.4569862604591759,0.63
2024-10-25 15:56:00,0.45531035978504675,0.63
2024-10-25 15:57:00,0.45578717634610055,0.63
2024-10-25 15:58:00,0.4556724277869788,0.63
2024-10-25 15:59:00,0.45604079115354046,0.63
2024-10-25 16:00:00,0.45604079115354046,0.63
2024-10-28 09:38:00,0.462186356506874,0.63
2024-10-28 09:39:00,0.4577660987119765,0.63
2024-10-28 09:40:00,0.4600151458042008,0.63
2024-10-28 09:41:00,0.4596613442856745,0.63
2024-10-28 09:42:00,0.4596571119313688,0.63
2024-10-28 09:43:00,0.4602074101950684,0.63
2024-10-28 09:44:00,0.45995038652567666,0.63
2024-10-28 09:45:00,0.45952402488580124,0.63
2024-10-28 09:46:00,0.4583949901413906,0.63
2024-10-28 09:47:00,0.46149711094569157,0.63
2024-10-28 09:48:00,0.4628344516394731,0.63
2024-10-28 09:49:00,0.46319034564441286,0.63
2024-10-28 09:50:00,0.4650469468723595,0.63
2024-10-28 09:51:00,0.46458676335321214,0.63
2024-10-28 09:52:00,0.466092377608341,0.63
2024-10-28 09:53:00,0.46629603386260654,0.63
2024-10-28 09:54:00,0.4677464709509571,0.62
2024-10-28 09:55:00,0.46433293155768296,0.62
2024-10-28 09:56:00,0.46575298567927415,0.63
2024-10-28 09:57:00,0.4631438977881348,0.62
2024-10-28 09:58:00,0.46223641707966334,0.63
2024-10-28 09:59:00,0.4642093325425194,0.63
2024-10-28 10:00:00,0.46285752390832013,0.63
2024-10-28 10:01:00,0.46252052863467275,0.63
2024-10-28 10:02:00,0.46209733470118874,0.63
2024-10-28 10:03:00,0.4622982961774247,0.63
2024-10-28 10:04:00,0.4624627114449533,0.63
2024-10-28 10:05:00,0.4636158159168027,0.63
2024-10-28 10:06:00,0.46271447187929726,0.63
2024-10-28 10:07:00,0.4634477110012669,0.63
2024-10-28 10:08:00,0.4625679979928601,0.63
2024-10-28 10:09:00,0.46278238759341783,0.63
2024-10-28 10:10:00,0.46459114202526997,0.63
2024-10-28 10:11:00,0.4641955513941245,0.63
2024-10-28 10:12:00,0.46404811321578765,0.63
2024-10-28 10:13:00,0.4619277920147453,0.63
2024-10-28 10:14:00,0.46495513895695884,0.63
2024-10-28 10:15:00,0.4640512723252732,0.63
2024-10-28 10:16:00,0.46408437104088196,0.63
2024-10-28 10:17:00,0.464145243739462,0.63
2024-10-28 10:18:00,0.46286538949953004,0.63
2024-10-28 10:19:00,0.4607562734997164,0.63
2024-10-28 10:20:00,0.46352668087827875,0.63
2024-10-28 10:21:00,0.4637503764628057,0.63
2024-10-28 10:22:00,0.4645172214144029,0.63
2024-10-28 10:23:00,0.46466961749137536,0.63
2024-10-28 10:24:00,0.46580796471106756,0.63
2024-10-28 10:25:00,0.4669744709731811,0.63
2024-10-28 10:26:00,0.4659436295660171,0.63
2024-10-28 10:27:00,0.4670694277819962,0.63
2024-10-28 10:28:00,0.46748844838088144,0.63
2024-10-28 10:29:00,0.4676429627771903,0.63
2024-10-28 10:30:00,0.46634954707901266,0.63
2024-10-28 10:31:00,0.4701317684709807,0.63
2024-10-28 10:32:00,0.4689393446512271,0.63
2024-10-28 10:33:00,0.47007088768842764,0.63
2024-10-28 10:34:00,0.470979127846767,0.63
2024-10-28 10:35:00,0.4699967653067494,0.62
2024-10-28 10:36:00,0.46895713702397823,0.63
2024-10-28 10:37:00,0.46923117400315184,0.63
2024-10-28 10:38:00,0.46967253967750344,0.63
2024-10-28 10:39:00,0.46994687589720674,0.63
2024-10-28 10:40:00,0.4697647941123335,0.63
2024-10-28 10:41:00,0.46930989190972405,0.63
2024-10-28 10:42:00,0.4690978349810868,0.63
2024-10-28 10:43:00,0.47001010109444663,0.63
2024-10-28 10:44:00,0.47018432401091403,0.63
2024-10-28 10:45:00,0.4697138038205291,0.63
2024-10-28 10:46:00,0.4716269612600621,0.63
2024-10-28 10:47:00,0.47102760091220985,0.62
2024-10-28 10:48:00,0.4719145939982121,0.63
2024-10-28 10:49:00,0.47118971535788146,0.63
2024-10-28 10:50:00,0.4707915443226536,0.63
2024-10-28 10:51:00,0.47148369672933454,0.63
2024-10-28 10:52:00,0.4698699951442482,0.63
2024-10-28 10:53:00,0.4696254954474519,0.63
2024-10-28 10:54:00,0.46997522464676833,0.63
2024-10-28 10:55:00,0.4700433673185034,0.63
2024-10-28 10:56:00,0.4702070148567461,0.63
2024-10-28 10:57:00,0.472457953988606,0.63
2024-10-28 10:58:00,0.4727273168201538,0.63
2024-10-28 10:59:00,0.4731710095862247,0.63
2024-10-28 11:00:00,0.47554968697958144,0.63
2024-10-28 11:01:00,0.4749572201675114,0.63
2024-10-28 11:02:00,0.47572412870456504,0.63
2024-10-28 11:03:00,0.47451295900966683,0.63
2024-10-28 11:04:00,0.4731193723213336,0.63
2024-10-28 11:05:00,0.4726279357100498,0.63
2024-10-28 11:06:00,0.47120172431774665,0.63
2024-10-28 11:07:00,0.47219502630577836,0.63
2024-10-28 11:08:00,0.47329045043079865,0.62
2024-10-28 11:09:00,0.4724656551512598,0.63
2024-10-28 11:10:00,0.47220733675003923,0.63
2024-10-28 11:11:00,0.47301252996129395,0.63
2024-10-28 11:12:00,0.47271374603248595,0.63
2024-10-28 11:13:00,0.4717029071727763,0.63
2024-10-28 11:14:00,0.47277194484309804,0.63
2024-10-28 11:15:00,0.47253948342549035,0.63
2024-10-28 11:16:00,0.4734842616535653,0.63
2024-10-28 11:17:00,0.4725835116422863,0.63
2024-10-28 11:18:00,0.47206210179859753,0.63
2024-10-28 11:19:00,0.47208417919357637,0.63
2024-10-28 11:20:00,0.47137819436617545,0.63
2024-10-28 11:21:00,0.4696706527111656,0.63
2024-10-28 11:22:00,0.4706460091013003,0.63
2024-10-28 11:23:00,0.4715369857495795,0.63
2024-10-28 11:24:00,0.4715726414087962,0.63
2024-10-28 11:25:00,0.47185570882725325,0.63
2024-10-28 11:26:00,0.4723257501524334,0.63
2024-10-28 11:27:00,0.471621861944038,0.63
2024-10-28 11:28:00,0.4715677648078873,0.63
2024-10-28 11:29:00,0.4721453323974505,0.63
2024-10-28 11:30:00,0.4733309393590892,0.62
2024-10-28 11:31:00,0.4744510129015398,0.63
2024-10-28 11:32:00,0.4749218135282314,0.63
2024-10-28 11:33:00,0.47360060523046266,0.63
2024-10-28 11:34:00,0.4742151921638078,0.63
2024-10-28 11:35:00,0.47457079506361155,0.63
2024-10-28 11:36:00,0.4747516828158045,0.63
2024-10-28 11:37:00,0.4724077662902253,0.63
2024-10-28 11:38:00,0.4745571931125807,0.63
2024-10-28 11:39:00,0.47540440914923043,0.63
2024-10-28 11:40:00,0.4757455325475026,0.63
2024-10-28 11:41:00,0.4750901243900516,0.63
2024-10-28 11:42:00,0.4752048588491824,0.63
2024-10-28 11:43:00,0.474725825149066,0.63
2024-10-28 11:44:00,0.4746159720880121,0.63
2024-10-28 11:45:00,0.4742260691394542,0.63
2024-10-28 11:46:00,0.4732421088206016,0.63
2024-10-28 11:47:00,0.47326250675303405,0.63
2024-10-28 11:48:00,0.4727069314866814,0.63
2024-10-28 11:49:00,0.47310401545934977,0.63
2024-10-28 11:50:00,0.4705794435678563,0.63
2024-10-28 11:51:00,0.4725681534810737,0.63
2024-10-28 11:52:00,0.47197421426132524,0.63
2024-10-28 11:53:00,0.47190620741206657,0.63
2024-10-28 11:54:00,0.4730195763361207,0.63
2024-10-28 11:55:00,0.47209830334568514,0.63
2024-10-28 11:56:00,0.47222985575036547,0.63
2024-10-28 11:57:00,0.47121054693423914,0.63
2024-10-28 11:58:00,0.47196975528500285,0.63
2024-10-28 11:59:00,0.4706018465317705,0.63
2024-10-28 12:00:00,0.4716843012492469,0.63
2024-10-28 12:01:00,0.470679060314952,0.63
2024-10-28 12:02:00,0.469357042822119,0.63
2024-10-28 12:03:00,0.46844773400999684,0.63
2024-10-28 12:04:00,0.46943485765289616,0.63
2024-10-28 12:05:00,0.469145511628849,0.63
2024-10-28 12:06:00,0.46805257908740416,0.63
2024-10-28 12:07:00,0.4676832658179346,0.63
2024-10-28 12:08:00,0.46768478350972553,0.63
2024-10-28 12:09:00,0.46806691497693387,0.63
2024-10-28 12:10:00,0.4679488071590867,0.63
2024-10-28 12:11:00,0.4681148927827976,0.63
2024-10-28 12:12:00,0.46942007686265286,0.62
2024-10-28 12:13:00,0.4697478804449735,0.63
2024-10-28 12:14:00,0.4708666475365473,0.63
2024-10-28 12:15:00,0.4707203551746082,0.63
2024-10-28 12:16:00,0.4703941667897673,0.63
2024-10-28 12:17:00,0.4709807529949235,0.63
2024-10-28 12:18:00,0.47151789091892593,0.63
2024-10-28 12:19:00,0.4709788758530469,0.63
2024-10-28 12:20:00,0.47055984139616824,0.62
2024-10-28 12:21:00,0.4698151988724122,0.63
2024-10-28 12:22:00,0.4697203777559247,0.63
2024-10-28 12:23:00,0.47011159665641045,0.63
2024-10-28 12:24:00,0.4704463831976684,0.63
2024-10-28 12:25:00,0.4702662830606317,0.63
2024-10-28 12:26:00,0.47034927422695705,0.63
2024-10-28 12:27:00,0.4701593414763028,0.63
2024-10-28 12:28:00,0.47072651330459014,0.63
2024-10-28 12:29:00,0.4701049896593912,0.63
2024-10-28 12:30:00,0.47099549016789477,0.63
2024-10-28 12:31:00,0.47111630426875384,0.63
2024-10-28 12:32:00,0.47127840004377597,0.62
2024-10-28 12:33:00,0.4712799376831509,0.63
2024-10-28 12:34:00,0.47154789562848776,0.62
2024-10-28 12:35:00,0.47196315600168126,0.63
2024-10-28 12:36:00,0.4729627584881222,0.63
2024-10-28 12:37:00,0.47303824526453453,0.63
2024-10-28 12:38:00,0.4742445713143215,0.63
2024-10-28 12:39:00,0.4735165723819017,0.63
2024-10-28 12:40:00,0.4733035081518555,0.63
2024-10-28 12:41:00,0.4718143486131303,0.63
2024-10-28 12:42:00,0.4701243257522594,0.63
2024-10-28 12:43:00,0.4702788392518007,0.63
2024-10-28 12:44:00,0.4693187457144907,0.62
2024-10-28 12:45:00,0.46992825627862467,0.63
2024-10-28 12:46:00,0.47083665522432505,0.63
2024-10-28 12:47:00,0.47354964758487106,0.63
2024-10-28 12:48:00,0.4720836015377261,0.63
2024-10-28 12:49:00,0.47206859963757464,0.63
2024-10-28 12:50:00,0.4720625130545415,0.63
2024-10-28 12:51:00,0.4710844166638142,0.63
2024-10-28 12:52:00,0.47202445804979587,0.63
2024-10-28 12:53:00,0.47237997177231805,0.63
2024-10-28 12:54:00,0.4716862188385107,0.63
2024-10-28 12:55:00,0.4716790430443647,0.63
2024-10-28 12:56:00,0.4706195145668344,0.63
2024-10-28 12:57:00,0.46969576804793234,0.63
2024-10-28 12:58:00,0.46988763879697726,0.63
2024-10-28 12:59:00,0.47006447499212656,0.63
2024-10-28 13:00:00,0.4704056870477793,0.63
2024-10-28 13:01:00,0.4704828469122837,0.63
2024-10-28 13:02:00,0.47084965775111587,0.63
2024-10-28 13:03:00,0.46989260377428255,0.63
2024-10-28 13:04:00,0.4713741547834871,0.63
2024-10-28 13:05:00,0.4716295012180265,0.62
2024-10-28 13:06:00,0.4717718354682774,0.62
2024-10-28 13:07:00,0.47179944833880794,0.63
2024-10-28 13:08:00,0.47171651009788884,0.63
2024-10-28 13:09:00,0.47360887375452276,0.63
2024-10-28 13:10:00,0.47536626672051674,0.63
2024-10-28 13:11:00,0.47555090202409533,0.63
2024-10-28 13:12:00,0.47629998055913325,0.63
2024-10-28 13:13:00,0.47686329540798167,0.63
2024-10-28 13:14:00,0.4773981425403784,0.63
2024-10-28 13:15:00,0.47659988791508323,0.63
2024-10-28 13:16:00,0.47604549911215277,0.63
2024-10-28 13:17:00,0.47672889236069627,0.63
2024-10-28 13:18:00,0.4755686341794172,0.63
2024-10-28 13:19:00,0.47448510107874786,0.62
2024-10-28 13:20:00,0.4740577735307656,0.62
2024-10-28 13:21:00,0.47418948225831214,0.62
2024-10-28 13:22:00,0.47389498940825425,0.63
2024-10-28 13:23:00,0.4746298605656565,0.63
2024-10-28 13:24:00,0.4744326307534392,0.63
2024-10-28 13:25:00,0.47388434285304615,0.63
2024-10-28 13:26:00,0.4742576203759159,0.62
2024-10-28 13:27:00,0.47514097552715806,0.63
2024-10-28 13:28:00,0.474935855443513,0.62
2024-10-28 13:29:00,0.47532005460507265,0.63
2024-10-28 13:30:00,0.47712511805456237,0.63
2024-10-28 13:31:00,0.47684201143479776,0.62
2024-10-28 13:32:00,0.47759594445703146,0.63
2024-10-28 13:33:00,0.4777042441119408,0.63
2024-10-28 13:34:00,0.476774139219313,0.63
2024-10-28 13:35:00,0.47737751705755227,0.63
2024-10-28 13:36:00,0.4779538538754007,0.63
2024-10-28 13:37:00,0.4785921150569339,0.63
2024-10-28 13:38:00,0.47697552363507945,0.63
2024-10-28 13:39:00,0.47728831533079075,0.63
2024-10-28 13:40:00,0.4776886657130357,0.63
2024-10-28 13:41:00,0.47739583909771865,0.63
2024-10-28 13:42:00,0.47770526965056415,0.63
2024-10-28 13:43:00,0.47863736665269285,0.63
2024-10-28 13:44:00,0.4782888622446422,0.63
2024-10-28 13:45:00,0.47804479346170514,0.63
2024-10-28 13:46:00,0.4782120982005178,0.63
2024-10-28 13:47:00,0.4787142075031452,0.63
2024-10-28 13:48:00,0.47840808198392026,0.63
2024-10-28 13:49:00,0.47954734908236785,0.63
2024-10-28 13:50:00,0.4785969261229692,0.63
2024-10-28 13:51:00,0.47813903049107,0.63
2024-10-28 13:52:00,0.4779123133502632,0.63
2024-10-28 13:53:00,0.4774295667347419,0.63
2024-10-28 13:54:00,0.47743310122688576,0.63
2024-10-28 13:55:00,0.4773950634460846,0.63
2024-10-28 13:56:00,0.4774113528334969,0.63
2024-10-28 13:57:00,0.47680415318719516,0.63
2024-10-28 13:58:00,0.4771650913572645,0.63
2024-10-28 13:59:00,0.4778326743101575,0.63
2024-10-28 14:00:00,0.47877815573044846,0.63
2024-10-28 14:01:00,0.47881827696380985,0.63
2024-10-28 14:02:00,0.4785802336684164,0.63
2024-10-28 14:03:00,0.4790297993317252,0.63
2024-10-28 14:04:00,0.47816999435003393,0.63
2024-10-28 14:05:00,0.4775268017699619,0.63
2024-10-28 14:06:00,0.47764395948929184,0.63
2024-10-28 14:07:00,0.47804869072138456,0.63
2024-10-28 14:08:00,0.47827222729616214,0.63
2024-10-28 14:09:00,0.4790305166888629,0.62
2024-10-28 14:10:00,0.480102835275517,0.63
2024-10-28 14:11:00,0.4800641744262839,0.63
2024-10-28 14:12:00,0.4798825343117328,0.62
2024-10-28 14:13:00,0.48094837923945,0.62
2024-10-28 14:14:00,0.48209939819893655,0.63
2024-10-28 14:15:00,0.48227518258009927,0.63
2024-10-28 14:16:00,0.48168198824213815,0.63
2024-10-28 14:17:00,0.4814828139855958,0.63
2024-10-28 14:18:00,0.4814502606283628,0.62
2024-10-28 14:19:00,0.48167937943549055,0.63
2024-10-28 14:20:00,0.48348172729644356,0.63
2024-10-28 14:21:00,0.4834943831464915,0.63
2024-10-28 14:22:00,0.4847698976690722,0.63
2024-10-28 14:23:00,0.48398697436551363,0.62
2024-10-28 14:24:00,0.483787992207531,0.63
2024-10-28 14:25:00,0.48339869723537165,0.63
2024-10-28 14:26:00,0.483713666372968,0.63
2024-10-28 14:27:00,0.48447782610183165,0.63
2024-10-28 14:28:00,0.48549326815572935,0.63
2024-10-28 14:29:00,0.48600302873076395,0.63
2024-10-28 14:30:00,0.48574804889707646,0.63
2024-10-28 14:31:00,0.48564744885223576,0.63
2024-10-28 14:32:00,0.48589688248489016,0.63
2024-10-28 14:33:00,0.48665605304137594,0.63
2024-10-28 14:34:00,0.48647410766216725,0.63
2024-10-28 14:35:00,0.4869628896500242,0.63
2024-10-28 14:36:00,0.48759591775022426,0.63
2024-10-28 14:37:00,0.4873353468602952,0.63
2024-10-28 14:38:00,0.48784272855650834,0.63
2024-10-28 14:39:00,0.4876840825782194,0.63
2024-10-28 14:40:00,0.4877930912408013,0.63
2024-10-28 14:41:00,0.4893974013815361,0.62
2024-10-28 14:42:00,0.4897641025212127,0.63
2024-10-28 14:43:00,0.48982720015142145,0.63
2024-10-28 14:44:00,0.4894053560297358,0.63
2024-10-28 14:45:00,0.48971764317373334,0.63
2024-10-28 14:46:00,0.4908201278285447,0.63
2024-10-28 14:47:00,0.48908231017268267,0.63
2024-10-28 14:48:00,0.4894960885842623,0.63
2024-10-28 14:49:00,0.48865012448666634,0.63
2024-10-28 14:50:00,0.4872289571458517,0.63
2024-10-28 14:51:00,0.4859295421048129,0.63
2024-10-28 14:52:00,0.4861374493543489,0.63
2024-10-28 14:53:00,0.4864695653767719,0.63
2024-10-28 14:54:00,0.48573160603872556,0.63
2024-10-28 14:55:00,0.486615322438823,0.63
2024-10-28 14:56:00,0.4866620171133007,0.63
2024-10-28 14:57:00,0.4863742068375536,0.63
2024-10-28 14:58:00,0.4870082508816813,0.63
2024-10-28 14:59:00,0.48937274159958144,0.63
2024-10-28 15:00:00,0.4872302318289041,0.63
2024-10-28 15:01:00,0.48724074108390547,0.63
2024-10-28 15:02:00,0.487082903390361,0.63
2024-10-28 15:03:00,0.4885259379942999,0.63
2024-10-28 15:04:00,0.488243641540943,0.63
2024-10-28 15:05:00,0.4887487220522495,0.63
2024-10-28 15:06:00,0.4891099209039915,0.62
2024-10-28 15:07:00,0.4891698434554559,0.63
2024-10-28 15:08:00,0.48864127214947595,0.63
2024-10-28 15:09:00,0.4890531446611941,0.63
2024-10-28 15:10:00,0.48775108983871784,0.62
2024-10-28 15:11:00,0.4870213595227464,0.63
2024-10-28 15:12:00,0.4871341882116653,0.63
2024-10-28 15:13:00,0.48755119814745007,0.63
2024-10-28 15:14:00,0.4873937185076318,0.63
2024-10-28 15:15:00,0.4883408034166894,0.63
2024-10-28 15:16:00,0.4896300904793478,0.63
2024-10-28 15:17:00,0.49059781249552725,0.63
2024-10-28 15:18:00,0.49120825312496375,0.63
2024-10-28 15:19:00,0.4919046836716865,0.63
2024-10-28 15:20:00,0.49091821961352644,0.63
2024-10-28 15:21:00,0.49125037064449883,0.63
2024-10-28 15:22:00,0.49112516648055426,0.63
2024-10-28 15:23:00,0.49170603599775364,0.63
2024-10-28 15:24:00,0.4916351257472973,0.63
2024-10-28 15:25:00,0.4912214502420229,0.63
2024-10-28 15:26:00,0.4917514590901366,0.63
2024-10-28 15:27:00,0.4912112969558884,0.63
2024-10-28 15:28:00,0.49124065623870705,0.63
2024-10-28 15:29:00,0.4918415528865834,0.63
2024-10-28 15:30:00,0.4930877457066216,0.63
2024-10-28 15:31:00,0.4935671039837468,0.63
2024-10-28 15:32:00,0.4934987624860738,0.63
2024-10-28 15:33:00,0.4933316581571743,0.63
2024-10-28 15:34:00,0.4930091027190666,0.63
2024-10-28 15:35:00,0.493484168637891,0.63
2024-10-28 15:36:00,0.49194323163361076,0.63
2024-10-28 15:37:00,0.4924715308236285,0.63
2024-10-28 15:38:00,0.4934959982503193,0.63
2024-10-28 15:39:00,0.49316888717092344,0.63
2024-10-28 15:40:00,0.49283759628452484,0.63
2024-10-28 15:41:00,0.49300864323937765,0.63
2024-10-28 15:42:00,0.4941895664059166,0.63
2024-10-28 15:43:00,0.49612630470258634,0.62
2024-10-28 15:44:00,0.4958543076259281,0.63
2024-10-28 15:45:00,0.4954850358169238,0.63
2024-10-28 15:46:00,0.4950894530409953,0.62
2024-10-28 15:47:00,0.4946380212309165,0.63
2024-10-28 15:48:00,0.4951132439285575,0.63
2024-10-28 15:49:00,0.4952542189252045,0.63
2024-10-28 15:50:00,0.4955765441269453,0.63
2024-10-28 15:51:00,0.4968425961888767,0.63
2024-10-28 15:52:00,0.49789252663615513,0.63
2024-10-28 15:53:00,0.49780785820518303,0.63
2024-10-28 15:54:00,0.49864077953508956,0.63
2024-10-28 15:55:00,0.5006572172643116,0.63
2024-10-28 15:56:00,0.5002802781872531,0.63
2024-10-28 15:57:00,0.5015753033411048,0.63
2024-10-28 15:58:00,0.5004834463769312,0.63
2024-10-28 15:59:00,0.4999808689806311,0.63
2024-10-28 16:00:00,0.4999808689806311,0.63
2024-10-29 09:30:00,0.5133451941812679,0.63
2024-10-29 09:31:00,0.5139119192473809,0.64
2024-10-29 09:32:00,0.5223026386696146,0.64
2024-10-29 09:33:00,0.5296604522179524,0.64
2024-10-29 09:34:00,0.5298612659982507,0.64
2024-10-29 09:35:00,0.5305055867879804,0.64
2024-10-29 09:36:00,0.533987680382414,0.64
2024-10-29 09:37:00,0.5374644709438099,0.64
2024-10-29 09:38:00,0.5380060263551785,0.64
2024-10-29 09:39:00,0.5352723112632833,0.64
2024-10-29 09:40:00,0.5356201996657919,0.64
2024-10-29 09:41:00,0.5332598909521746,0.63
2024-10-29 09:42:00,0.5301142190514139,0.64
2024-10-29 09:43:00,0.5283930872864182,0.64
2024-10-29 09:44:00,0.5318538210345947,0.64
2024-10-29 09:45:00,0.531805778107062,0.64
2024-10-29 09:46:00,0.5300088906790215,0.64
2024-10-29 09:47:00,0.5295834659169423,0.64
2024-10-29 09:48:00,0.5315794441475628,0.64
2024-10-29 09:49:00,0.5293583995133038,0.64
2024-10-29 09:50:00,0.5278322633232453,0.63
2024-10-29 09:51:00,0.5277478357379068,0.64
2024-10-29 09:52:00,0.5278179064791046,0.64
2024-10-29 09:53:00,0.5286006029119663,0.64
2024-10-29 09:54:00,0.5257131327593443,0.64
2024-10-29 09:55:00,0.5259586837361379,0.63
2024-10-29 09:56:00,0.5274645772932673,0.63
2024-10-29 09:57:00,0.5260994498690372,0.64
2024-10-29 09:58:00,0.5275769055885118,0.64
2024-10-29 09:59:00,0.5265220360416671,0.64
2024-10-29 10:00:00,0.5262320575075281,0.64
2024-10-29 10:01:00,0.5238983391946606,0.64
2024-10-29 10:02:00,0.5224348981699747,0.64
2024-10-29 10:03:00,0.5210027655768619,0.64
2024-10-29 10:04:00,0.521000522823645,0.64
2024-10-29 10:05:00,0.5183983108999539,0.64
2024-10-29 10:06:00,0.5193752412173389,0.64
2024-10-29 10:07:00,0.5197844445881865,0.64
2024-10-29 10:08:00,0.5176370397610757,0.64
2024-10-29 10:09:00,0.5190357210114251,0.64
2024-10-29 10:10:00,0.5201200541064337,0.64
2024-10-29 10:11:00,0.52015642503023,0.64
2024-10-29 10:12:00,0.5196584969217881,0.64
2024-10-29 10:13:00,0.5179866171473224,0.64
2024-10-29 10:14:00,0.5198307567365561,0.64
2024-10-29 10:15:00,0.5171821568627599,0.64
2024-10-29 10:16:00,0.5179070211679841,0.64
2024-10-29 10:17:00,0.5184151258116418,0.64
2024-10-29 10:18:00,0.5177946617002622,0.64
2024-10-29 10:19:00,0.5138310998584477,0.63
2024-10-29 10:20:00,0.5124844874312859,0.64
2024-10-29 10:21:00,0.509947565361071,0.64
2024-10-29 10:22:00,0.508535723004641,0.64
2024-10-29 10:23:00,0.509584814352116,0.64
2024-10-29 10:24:00,0.5082356701083757,0.64
2024-10-29 10:25:00,0.5076435266810202,0.64
2024-10-29 10:26:00,0.5092538490946528,0.64
2024-10-29 10:27:00,0.5119903328629622,0.63
2024-10-29 10:28:00,0.5108656241001122,0.64
2024-10-29 10:29:00,0.5103468785157161,0.64
2024-10-29 10:30:00,0.5086109023370013,0.64
2024-10-29 10:31:00,0.5085167588570816,0.64
2024-10-29 10:32:00,0.5069407306363278,0.64
2024-10-29 10:33:00,0.507989032767435,0.64
2024-10-29 10:34:00,0.5074706134499156,0.63
2024-10-29 10:35:00,0.5094973941983965,0.64
2024-10-29 10:36:00,0.5087169645644252,0.64
2024-10-29 10:37:00,0.5082326305701732,0.64
2024-10-29 10:38:00,0.5087430795933126,0.64
2024-10-29 10:39:00,0.5075245614773862,0.64
2024-10-29 10:40:00,0.5095331853594411,0.64
2024-10-29 10:41:00,0.5087189502635894,0.64
2024-10-29 10:42:00,0.5082020028855794,0.64
2024-10-29 10:43:00,0.5095711565110419,0.64
2024-10-29 10:44:00,0.5103420143241773,0.64
2024-10-29 10:45:00,0.5100307128127468,0.63
2024-10-29 10:46:00,0.5097092290984395,0.64
2024-10-29 10:47:00,0.5094650019162097,0.63
2024-10-29 10:48:00,0.510174635254528,0.64
2024-10-29 10:49:00,0.509126986518073,0.64
2024-10-29 10:50:00,0.5095826872738838,0.64
2024-10-29 10:51:00,0.5097207270469164,0.64
2024-10-29 10:52:00,0.5087067486085444,0.63
2024-10-29 10:53:00,0.5083712615210529,0.64
2024-10-29 10:54:00,0.5086661968696713,0.64
2024-10-29 10:55:00,0.5101235006375495,0.63
2024-10-29 10:56:00,0.5082620038770347,0.64
2024-10-29 10:57:00,0.5061359726233856,0.63
2024-10-29 10:58:00,0.5065464651080307,0.64
2024-10-29 10:59:00,0.5057183637782778,0.64
2024-10-29 11:00:00,0.5067923863074062,0.64
2024-10-29 11:01:00,0.5065125800400498,0.64
2024-10-29 11:02:00,0.5054898420830447,0.64
2024-10-29 11:03:00,0.5049747994641678,0.64
2024-10-29 11:04:00,0.5063856171788628,0.63
2024-10-29 11:05:00,0.5072351485648816,0.64
2024-10-29 11:06:00,0.5087884262654969,0.64
2024-10-29 11:07:00,0.5086887713975641,0.64
2024-10-29 11:08:00,0.5090733719645784,0.64
2024-10-29 11:09:00,0.5096227822719468,0.64
2024-10-29 11:10:00,0.510012968840224,0.64
2024-10-29 11:11:00,0.5109828695977197,0.64
2024-10-29 11:12:00,0.5109474654762687,0.64
2024-10-29 11:13:00,0.5126112567361469,0.64
2024-10-29 11:14:00,0.5113357623052937,0.64
2024-10-29 11:15:00,0.5126659654955394,0.64
2024-10-29 11:16:00,0.5110851353925916,0.64
2024-10-29 11:17:00,0.510974798065962,0.64
2024-10-29 11:18:00,0.5123993345128135,0.64
2024-10-29 11:19:00,0.5125438963900997,0.64
2024-10-29 11:20:00,0.5132772761677094,0.63
2024-10-29 11:21:00,0.5129503302727454,0.64
2024-10-29 11:22:00,0.5113102401450382,0.63
2024-10-29 11:23:00,0.5129047870484398,0.63
2024-10-29 11:24:00,0.5135327602331345,0.64
2024-10-29 11:25:00,0.5132238312460895,0.64
2024-10-29 11:26:00,0.51396678087552,0.64
2024-10-29 11:27:00,0.5128362076894766,0.64
2024-10-29 11:28:00,0.5131948982950754,0.63
2024-10-29 11:29:00,0.5124401092766739,0.64
2024-10-29 11:30:00,0.5117150986391816,0.64
2024-10-29 11:31:00,0.5109159092960429,0.64
2024-10-29 11:32:00,0.5112922002581539,0.64
2024-10-29 11:33:00,0.5130636710211729,0.64
2024-10-29 11:34:00,0.5134559902322586,0.64
2024-10-29 11:35:00,0.513522259875695,0.64
2024-10-29 11:36:00,0.5125624410211744,0.63
2024-10-29 11:37:00,0.5104285262625086,0.64
2024-10-29 11:38:00,0.5100016703302537,0.64
2024-10-29 11:39:00,0.5087771076115162,0.64
2024-10-29 11:40:00,0.509976615124166,0.64
2024-10-29 11:41:00,0.5095777146062821,0.64
2024-10-29 11:42:00,0.5104042228642911,0.64
2024-10-29 11:43:00,0.5089560215050153,0.64
2024-10-29 11:44:00,0.5090977741063918,0.64
2024-10-29 11:45:00,0.5089256584990449,0.64
2024-10-29 11:46:00,0.508698908045037,0.64
2024-10-29 11:47:00,0.5085775610440273,0.63
2024-10-29 11:48:00,0.5082356010596991,0.64
2024-10-29 11:49:00,0.507739059163334,0.64
2024-10-29 11:50:00,0.5066276174378055,0.64
2024-10-29 11:51:00,0.5063157594466039,0.64
2024-10-29 11:52:00,0.5076250479759239,0.64
2024-10-29 11:53:00,0.5086751960767579,0.64
2024-10-29 11:54:00,0.5078511616475743,0.64
2024-10-29 11:55:00,0.5066824635434706,0.64
2024-10-29 11:56:00,0.5064969139418742,0.64
2024-10-29 11:57:00,0.5047885081849037,0.64
2024-10-29 11:58:00,0.5038280682282783,0.64
2024-10-29 11:59:00,0.5035342739472826,0.64
2024-10-29 12:00:00,0.5019965404596551,0.63
2024-10-29 12:01:00,0.5023016949495884,0.64
2024-10-29 12:02:00,0.5040635790989028,0.64
2024-10-29 12:03:00,0.504890658473516,0.64
2024-10-29 12:04:00,0.504318137447459,0.64
2024-10-29 12:05:00,0.504488097351899,0.64
2024-10-29 12:06:00,0.5042374350596937,0.64
2024-10-29 12:07:00,0.5030760518302417,0.64
2024-10-29 12:08:00,0.5026086087298796,0.64
2024-10-29 12:09:00,0.5029500550128059,0.64
2024-10-29 12:10:00,0.5031171970505237,0.64
2024-10-29 12:11:00,0.5030742791196288,0.64
2024-10-29 12:12:00,0.5017677249402139,0.64
2024-10-29 12:13:00,0.501605408348101,0.64
2024-10-29 12:14:00,0.49978132389379026,0.64
2024-10-29 12:15:00,0.49954005383302147,0.64
2024-10-29 12:16:00,0.4995405293983006,0.64
2024-10-29 12:17:00,0.49936711125068745,0.63
2024-10-29 12:18:00,0.49704835002552517,0.64
2024-10-29 12:19:00,0.49705274992926873,0.64
2024-10-29 12:20:00,0.49763255352148295,0.64
2024-10-29 12:21:00,0.4954936168769748,0.64
2024-10-29 12:22:00,0.4952778981029,0.64
2024-10-29 12:23:00,0.4953163459054386,0.64
2024-10-29 12:24:00,0.4950928125623515,0.64
2024-10-29 12:25:00,0.4943912852903043,0.63
2024-10-29 12:26:00,0.4924268932915943,0.64
2024-10-29 12:27:00,0.4933413754039615,0.64
2024-10-29 12:28:00,0.4957765996412651,0.63
2024-10-29 12:29:00,0.49609476142566566,0.64
2024-10-29 12:30:00,0.495515463002709,0.64
2024-10-29 12:31:00,0.4967006193925185,0.64
2024-10-29 12:32:00,0.4969117378288963,0.63
2024-10-29 12:33:00,0.4975816455066442,0.64
2024-10-29 12:34:00,0.4979636492277135,0.64
2024-10-29 12:35:00,0.4989738994680766,0.64
2024-10-29 12:36:00,0.4992912839168453,0.64
2024-10-29 12:37:00,0.4982816904186953,0.64
2024-10-29 12:38:00,0.4973812202115393,0.63
2024-10-29 12:39:00,0.49680246598854594,0.64
2024-10-29 12:40:00,0.49630326408292036,0.63
2024-10-29 12:41:00,0.4952556499785372,0.64
2024-10-29 12:42:00,0.49461689231330364,0.64
2024-10-29 12:43:00,0.4936299144490628,0.64
2024-10-29 12:44:00,0.4939704939533345,0.64
2024-10-29 12:45:00,0.49413770125583123,0.64
2024-10-29 12:46:00,0.49377420229194535,0.63
2024-10-29 12:47:00,0.49342561923108863,0.64
2024-10-29 12:48:00,0.49252947414506676,0.64
2024-10-29 12:49:00,0.4931586121981455,0.64
2024-10-29 12:50:00,0.492429095336697,0.64
2024-10-29 12:51:00,0.49215644425174143,0.64
2024-10-29 12:52:00,0.4942188711416844,0.64
2024-10-29 12:53:00,0.4939062848251996,0.64
2024-10-29 12:54:00,0.49427164285873126,0.64
2024-10-29 12:55:00,0.49436928501991617,0.64
2024-10-29 12:56:00,0.49524947255960305,0.64
2024-10-29 12:57:00,0.49421527162577283,0.64
2024-10-29 12:58:00,0.4936662315870388,0.64
2024-10-29 12:59:00,0.4930872066683165,0.63
2024-10-29 13:00:00,0.492899805480546,0.64
2024-10-29 13:01:00,0.49286967883816835,0.64
2024-10-29 13:02:00,0.49134768244049654,0.64
2024-10-29 13:03:00,0.49073508895803797,0.64
2024-10-29 13:04:00,0.49102879519121667,0.64
2024-10-29 13:05:00,0.4904616148625347,0.64
2024-10-29 13:06:00,0.4887922608016748,0.64
2024-10-29 13:07:00,0.4888587195830978,0.64
2024-10-29 13:08:00,0.48985204665773696,0.64
2024-10-29 13:09:00,0.4891510123858127,0.65
2024-10-29 13:10:00,0.48915912337230183,0.65
2024-10-29 13:11:00,0.48904477446388017,0.65
2024-10-29 13:12:00,0.48909684869050163,0.65
2024-10-29 13:13:00,0.48943824845704564,0.64
2024-10-29 13:14:00,0.4898564791614277,0.65
2024-10-29 13:15:00,0.49052456053717175,0.64
2024-10-29 13:16:00,0.4913836488724599,0.65
2024-10-29 13:17:00,0.4920428373049741,0.65
2024-10-29 13:18:00,0.49202812046743927,0.65
2024-10-29 13:19:00,0.49139036782674794,0.65
2024-10-29 13:20:00,0.49147616177005093,0.65
2024-10-29 13:21:00,0.49332994817127607,0.65
2024-10-29 13:22:00,0.4936403862895544,0.65
2024-10-29 13:23:00,0.4924816642183949,0.65
2024-10-29 13:24:00,0.4923592860155501,0.65
2024-10-29 13:25:00,0.4935761291088785,0.65
2024-10-29 13:26:00,0.4942287065830635,0.65
2024-10-29 13:27:00,0.4943955614797344,0.65
2024-10-29 13:28:00,0.49384108025913753,0.65
2024-10-29 13:29:00,0.4943702630401654,0.65
2024-10-29 13:30:00,0.4943190082512372,0.65
2024-10-29 13:31:00,0.49456380857363746,0.65
2024-10-29 13:32:00,0.4946856155508994,0.65
2024-10-29 13:33:00,0.4939351899824127,0.65
2024-10-29 13:34:00,0.4939427471759583,0.65
2024-10-29 13:35:00,0.49456941036133917,0.64
2024-10-29 13:36:00,0.4942506156539197,0.65
2024-10-29 13:37:00,0.4939014749325572,0.65
2024-10-29 13:38:00,0.4942933451527718,0.65
2024-10-29 13:39:00,0.49454880013005575,0.65
2024-10-29 13:40:00,0.4947606773015474,0.65
2024-10-29 13:41:00,0.4958974638225617,0.65
2024-10-29 13:42:00,0.495336966082238,0.65
2024-10-29 13:43:00,0.496415859660966,0.64
2024-10-29 13:44:00,0.49641785564379703,0.65
2024-10-29 13:45:00,0.49422252958976,0.65
2024-10-29 13:46:00,0.49288459552054964,0.65
2024-10-29 13:47:00,0.4924057439409324,0.65
2024-10-29 13:48:00,0.4917132693458608,0.65
2024-10-29 13:49:00,0.4929975081262705,0.64
2024-10-29 13:50:00,0.4922221248275924,0.65
2024-10-29 13:51:00,0.4923769768161972,0.65
2024-10-29 13:52:00,0.4919792088311874,0.64
2024-10-29 13:53:00,0.49160718416301274,0.65
2024-10-29 13:54:00,0.4908819320338107,0.65
2024-10-29 13:55:00,0.49081740101955096,0.65
2024-10-29 13:56:00,0.4917481850678225,0.65
2024-10-29 13:57:00,0.4916852351335208,0.65
2024-10-29 13:58:00,0.49188237361930676,0.65
2024-10-29 13:59:00,0.49219659339658617,0.65
2024-10-29 14:00:00,0.4917201938925715,0.65
2024-10-29 14:01:00,0.4927886059603368,0.64
2024-10-29 14:02:00,0.49277694766741864,0.65
2024-10-29 14:03:00,0.4936625817624638,0.65
2024-10-29 14:04:00,0.49461645936736187,0.65
2024-10-29 14:05:00,0.4942548545926224,0.64
2024-10-29 14:06:00,0.49514563435289616,0.64
2024-10-29 14:07:00,0.4961786921990978,0.65
2024-10-29 14:08:00,0.49507464959150815,0.66
2024-10-29 14:09:00,0.49511623365017754,0.65
2024-10-29 14:10:00,0.4952362520010898,0.65
2024-10-29 14:11:00,0.4948898719710082,0.66
2024-10-29 14:12:00,0.4951091910084904,0.66
2024-10-29 14:13:00,0.4951012051672323,0.65
2024-10-29 14:14:00,0.49550102995925616,0.66
2024-10-29 14:15:00,0.4961431147233355,0.66
2024-10-29 14:16:00,0.4965782556386833,0.66
2024-10-29 14:17:00,0.49592593764361115,0.66
2024-10-29 14:18:00,0.4956774416019665,0.66
2024-10-29 14:19:00,0.4947360219963206,0.66
2024-10-29 14:20:00,0.49378846413571487,0.66
2024-10-29 14:21:00,0.49413220924615,0.66
2024-10-29 14:22:00,0.49380986679799865,0.65
2024-10-29 14:23:00,0.4955534051830879,0.66
2024-10-29 14:24:00,0.4959733390512395,0.65
2024-10-29 14:25:00,0.49664092078867594,0.66
2024-10-29 14:26:00,0.49690686629356917,0.66
2024-10-29 14:27:00,0.4962314561021819,0.66
2024-10-29 14:28:00,0.495437516193036,0.65
2024-10-29 14:29:00,0.4949852182330312,0.66
2024-10-29 14:30:00,0.49467315799373046,0.66
2024-10-29 14:31:00,0.4942659571465018,0.65
2024-10-29 14:32:00,0.49427917973261093,0.65
2024-10-29 14:33:00,0.494647031145653,0.66
2024-10-29 14:34:00,0.49464041954138227,0.66
2024-10-29 14:35:00,0.4946974457526314,0.66
2024-10-29 14:36:00,0.49408401782764,0.66
2024-10-29 14:37:00,0.49497137235796784,0.66
2024-10-29 14:38:00,0.494823395946417,0.66
2024-10-29 14:39:00,0.494734588050566,0.66
2024-10-29 14:40:00,0.49413304526634083,0.65
2024-10-29 14:41:00,0.4934264664844583,0.66
2024-10-29 14:42:00,0.49122369493013607,0.66
2024-10-29 14:43:00,0.4914845457093302,0.65
2024-10-29 14:44:00,0.49154384841056253,0.66
2024-10-29 14:45:00,0.49138682517668886,0.66
2024-10-29 14:46:00,0.49150885763419994,0.66
2024-10-29 14:47:00,0.4914736949342491,0.66
2024-10-29 14:48:00,0.49144289905961513,0.66
2024-10-29 14:49:00,0.4914777517979829,0.66
2024-10-29 14:50:00,0.491971571511461,0.66
2024-10-29 14:51:00,0.4915645716127266,0.66
2024-10-29 14:52:00,0.49254487832514404,0.66
2024-10-29 14:53:00,0.4929981345630423,0.66
2024-10-29 14:54:00,0.49316210172817887,0.66
2024-10-29 14:55:00,0.4932579798017789,0.65
2024-10-29 14:56:00,0.4935533648164896,0.66
2024-10-29 14:57:00,0.4934816734845675,0.66
2024-10-29 14:58:00,0.4938010661254706,0.66
2024-10-29 14:59:00,0.49426361292512033,0.66
2024-10-29 15:00:00,0.49462380878117274,0.66
2024-10-29 15:01:00,0.49539926674370327,0.66
2024-10-29 15:02:00,0.495149388734039,0.66
2024-10-29 15:03:00,0.4942221609705444,0.65
2024-10-29 15:04:00,0.4930497002363181,0.66
2024-10-29 15:05:00,0.49317639262108437,0.66
2024-10-29 15:06:00,0.4934767761378003,0.66
2024-10-29 15:07:00,0.4936518487666668,0.66
2024-10-29 15:08:00,0.4931740433365539,0.66
2024-10-29 15:09:00,0.49153769081820564,0.66
2024-10-29 15:10:00,0.4922567781007976,0.66
2024-10-29 15:11:00,0.4921045892336433,0.66
2024-10-29 15:12:00,0.4909936985723877,0.66
2024-10-29 15:13:00,0.48959826791860084,0.66
2024-10-29 15:14:00,0.48881511319527804,0.65
2024-10-29 15:15:00,0.4892329967478488,0.66
2024-10-29 15:16:00,0.4888525081624049,0.65
2024-10-29 15:17:00,0.48722227336448953,0.65
2024-10-29 15:18:00,0.4869385556048289,0.65
2024-10-29 15:19:00,0.4871079750221916,0.65
2024-10-29 15:20:00,0.48604146051060826,0.65
2024-10-29 15:21:00,0.4843384764100376,0.65
2024-10-29 15:22:00,0.4840369815195913,0.65
2024-10-29 15:23:00,0.4822068235301662,0.65
2024-10-29 15:24:00,0.4825169031702219,0.65
2024-10-29 15:25:00,0.4830431874258514,0.65
2024-10-29 15:26:00,0.4830404182265704,0.65
2024-10-29 15:27:00,0.48388861314541765,0.65
2024-10-29 15:28:00,0.4835661365833499,0.65
2024-10-29 15:29:00,0.48438488942706237,0.65
2024-10-29 15:30:00,0.48436170585855964,0.64
2024-10-29 15:31:00,0.4845529254612362,0.65
2024-10-29 15:32:00,0.4839454765996367,0.65
2024-10-29 15:33:00,0.48347808976153783,0.65
2024-10-29 15:34:00,0.48283123421325214,0.65
2024-10-29 15:35:00,0.48408377510030953,0.65
2024-10-29 15:36:00,0.4848532499642666,0.65
2024-10-29 15:37:00,0.48525661725236247,0.65
2024-10-29 15:38:00,0.48529502653748113,0.64
2024-10-29 15:39:00,0.48632067516433275,0.65
2024-10-29 15:40:00,0.4868841167520339,0.65
2024-10-29 15:41:00,0.4875207104032693,0.65
2024-10-29 15:42:00,0.48695321787670376,0.65
2024-10-29 15:43:00,0.4871835403565037,0.65
2024-10-29 15:44:00,0.4879538420742626,0.65
2024-10-29 15:45:00,0.48825019071265374,0.65
2024-10-29 15:46:00,0.48827788658922766,0.65
2024-10-29 15:47:00,0.4884609998827256,0.65
2024-10-29 15:48:00,0.4872403772725049,0.65
2024-10-29 15:49:00,0.4872771014606958,0.65
2024-10-29 15:50:00,0.49112150467565363,0.64
2024-10-29 15:51:00,0.4911585195584254,0.65
2024-10-29 15:52:00,0.49198975152910474,0.65
2024-10-29 15:53:00,0.49204914313973824,0.65
2024-10-29 15:54:00,0.49192790943716536,0.65
2024-10-29 15:55:00,0.4944618857796377,0.65
2024-10-29 15:56:00,0.4951952973918903,0.65
2024-10-29 15:57:00,0.4970674872766201,0.65
2024-10-29 15:58:00,0.49749349283366207,0.65
2024-10-29 15:59:00,0.49466248876384067,0.65
2024-10-29 16:00:00,0.49466248876384067,0.65
2024-10-30 09:30:00,0.5023215972435995,0.62
2024-10-30 09:31:00,0.5026391537527226,0.63
2024-10-30 09:32:00,0.5059797517862294,0.63
2024-10-30 09:33:00,0.5109944219419311,0.63
2024-10-30 09:34:00,0.5088448123521097,0.63
2024-10-30 09:35:00,0.5058490150395525,0.63
2024-10-30 09:36:00,0.5045776374780833,0.63
2024-10-30 09:37:00,0.5032203351571567,0.63
2024-10-30 09:38:00,0.502321912941494,0.63
2024-10-30 09:39:00,0.5027653217455097,0.63
2024-10-30 09:40:00,0.5008939984584588,0.63
2024-10-30 09:41:00,0.5023975583030522,0.63
2024-10-30 09:42:00,0.50392029554022,0.63
2024-10-30 09:43:00,0.5041442239482741,0.63
2024-10-30 09:44:00,0.5057583505049983,0.63
2024-10-30 09:45:00,0.5074554499558108,0.63
2024-10-30 09:46:00,0.503915182050666,0.63
2024-10-30 09:47:00,0.5045316008356673,0.63
2024-10-30 09:48:00,0.5040017395680423,0.63
2024-10-30 09:49:00,0.5033110918090078,0.63
2024-10-30 09:50:00,0.5000364445794532,0.63
2024-10-30 09:51:00,0.4978369258075259,0.63
2024-10-30 09:52:00,0.49653144142414907,0.63
2024-10-30 09:53:00,0.49530076236212106,0.63
2024-10-30 09:54:00,0.49444816358720467,0.63
2024-10-30 09:55:00,0.4927315336036677,0.63
2024-10-30 09:56:00,0.4914525668389509,0.63
2024-10-30 09:57:00,0.49219439835240864,0.63
2024-10-30 09:58:00,0.4914925666101928,0.63
2024-10-30 09:59:00,0.48963810012475517,0.63
2024-10-30 10:00:00,0.48935671359229516,0.63
2024-10-30 10:01:00,0.4890951874717968,0.62
2024-10-30 10:02:00,0.4886074108690479,0.63
2024-10-30 10:03:00,0.48885769092613507,0.63
2024-10-30 10:04:00,0.487387078722225,0.63
2024-10-30 10:05:00,0.4851505294259766,0.63
2024-10-30 10:06:00,0.48812358667958766,0.63
2024-10-30 10:07:00,0.489096266973309,0.63
2024-10-30 10:08:00,0.48978299186584207,0.63
2024-10-30 10:09:00,0.4901419170186385,0.63
2024-10-30 10:10:00,0.4901461594732546,0.63
2024-10-30 10:11:00,0.49065681598131694,0.63
2024-10-30 10:12:00,0.4889335649015336,0.63
2024-10-30 10:13:00,0.4894184899980647,0.63
2024-10-30 10:14:00,0.49123417175147366,0.63
2024-10-30 10:15:00,0.48838595832767173,0.63
2024-10-30 10:16:00,0.4883717686699931,0.63
2024-10-30 10:17:00,0.4902206594628693,0.62
2024-10-30 10:18:00,0.4908473948897012,0.63
2024-10-30 10:19:00,0.49101172967583806,0.63
2024-10-30 10:20:00,0.4908237206606241,0.63
2024-10-30 10:21:00,0.4907407422173493,0.63
2024-10-30 10:22:00,0.49088500065695473,0.63
2024-10-30 10:23:00,0.4905674895551144,0.63
2024-10-30 10:24:00,0.4920880184223819,0.63
2024-10-30 10:25:00,0.4927733372237444,0.63
2024-10-30 10:26:00,0.4923687363617433,0.63
2024-10-30 10:27:00,0.4922293092815375,0.63
2024-10-30 10:28:00,0.49401212739484834,0.63
2024-10-30 10:29:00,0.4960278095087094,0.63
2024-10-30 10:30:00,0.49769681712917513,0.63
2024-10-30 10:31:00,0.5003092848348814,0.63
2024-10-30 10:32:00,0.5004007268993369,0.62
2024-10-30 10:33:00,0.5019187343842348,0.63
2024-10-30 10:34:00,0.5015606642877619,0.63
2024-10-30 10:35:00,0.49930192372318083,0.63
2024-10-30 10:36:00,0.5007057162032666,0.62
2024-10-30 10:37:00,0.499423799481612,0.63
2024-10-30 10:38:00,0.5001341236038039,0.63
2024-10-30 10:39:00,0.4999673052433484,0.63
2024-10-30 10:40:00,0.4991456675756847,0.63
2024-10-30 10:41:00,0.4994273061926522,0.63
2024-10-30 10:42:00,0.5001430563445612,0.63
2024-10-30 10:43:00,0.49984860851680746,0.63
2024-10-30 10:44:00,0.5014831542196594,0.63
2024-10-30 10:45:00,0.5039274798452891,0.63
2024-10-30 10:46:00,0.5048726779769221,0.63
2024-10-30 10:47:00,0.5042533712983837,0.63
2024-10-30 10:48:00,0.50787608341496,0.63
2024-10-30 10:49:00,0.5083463260197993,0.63
2024-10-30 10:50:00,0.5110958164317452,0.63
2024-10-30 10:51:00,0.5112319856758718,0.63
2024-10-30 10:52:00,0.510586633813108,0.63
2024-10-30 10:53:00,0.5103565392053537,0.63
2024-10-30 10:54:00,0.5114544269496555,0.63
2024-10-30 10:55:00,0.5103859669484068,0.62
2024-10-30 10:56:00,0.5093694618635396,0.63
2024-10-30 10:57:00,0.5118370811950659,0.63
2024-10-30 10:58:00,0.5131679025281219,0.63
2024-10-30 10:59:00,0.5159225119720088,0.63
2024-10-30 11:00:00,0.5148320538753015,0.62
2024-10-30 11:01:00,0.5137521491454733,0.62
2024-10-30 11:02:00,0.5133555726175232,0.63
2024-10-30 11:03:00,0.5147000631829444,0.63
2024-10-30 11:04:00,0.5148708774331403,0.63
2024-10-30 11:05:00,0.5151820308383022,0.63
2024-10-30 11:06:00,0.515867242412124,0.63
2024-10-30 11:07:00,0.5144632727991654,0.63
2024-10-30 11:08:00,0.5148309008212839,0.63
2024-10-30 11:09:00,0.5147777119537091,0.63
2024-10-30 11:10:00,0.5172718956627247,0.63
2024-10-30 11:11:00,0.5167806269502468,0.63
2024-10-30 11:12:00,0.5166188326955197,0.63
2024-10-30 11:13:00,0.5165882682249274,0.63
2024-10-30 11:14:00,0.517297320889768,0.63
2024-10-30 11:15:00,0.5172553067108943,0.63
2024-10-30 11:16:00,0.518527301680862,0.63
2024-10-30 11:17:00,0.5172063621522691,0.63
2024-10-30 11:18:00,0.515188844985828,0.63
2024-10-30 11:19:00,0.5155940192144122,0.63
2024-10-30 11:20:00,0.5140259607430326,0.62
2024-10-30 11:21:00,0.5144974481091118,0.63
2024-10-30 11:22:00,0.5125332190822414,0.63
2024-10-30 11:23:00,0.5108586023227819,0.63
2024-10-30 11:24:00,0.5099459972547205,0.63
2024-10-30 11:25:00,0.5084064850948342,0.63
2024-10-30 11:26:00,0.509519940389781,0.63
2024-10-30 11:27:00,0.5098581610491497,0.63
2024-10-30 11:28:00,0.5078937162606916,0.64
2024-10-30 11:29:00,0.50800550808874,0.63
2024-10-30 11:30:00,0.508221543743762,0.62
2024-10-30 11:31:00,0.5076363972283577,0.63
2024-10-30 11:32:00,0.5074492610772705,0.62
2024-10-30 11:33:00,0.5087522267054221,0.63
2024-10-30 11:34:00,0.5099496657347105,0.63
2024-10-30 11:35:00,0.509793520009657,0.63
2024-10-30 11:36:00,0.5108898868396208,0.63
2024-10-30 11:37:00,0.5090055748143982,0.63
2024-10-30 11:38:00,0.5068486003652184,0.63
2024-10-30 11:39:00,0.5067627179502725,0.63
2024-10-30 11:40:00,0.5049365581437757,0.63
2024-10-30 11:41:00,0.5057470192847846,0.63
2024-10-30 11:42:00,0.5059068061779672,0.63
2024-10-30 11:43:00,0.5062076730346747,0.63
2024-10-30 11:44:00,0.5061636158297877,0.63
2024-10-30 11:45:00,0.5064147161368899,0.64
2024-10-30 11:46:00,0.50826643183293,0.64
2024-10-30 11:47:00,0.5096246824504569,0.64
2024-10-30 11:48:00,0.5116388550705413,0.64
2024-10-30 11:49:00,0.5109713581009327,0.64
2024-10-30 11:50:00,0.5107646642146257,0.64
2024-10-30 11:51:00,0.5118698062386724,0.64
2024-10-30 11:52:00,0.5122558882821273,0.64
2024-10-30 11:53:00,0.5120543459686153,0.64
2024-10-30 11:54:00,0.5120581520504783,0.64
2024-10-30 11:55:00,0.5120804006326234,0.64
2024-10-30 11:56:00,0.5130673453733963,0.63
2024-10-30 11:57:00,0.5130709728315408,0.64
2024-10-30 11:58:00,0.512341840703584,0.64
2024-10-30 11:59:00,0.5127357540792981,0.64
2024-10-30 12:00:00,0.5125699183405306,0.64
2024-10-30 12:01:00,0.5124038248733,0.64
2024-10-30 12:02:00,0.511772924545115,0.63
2024-10-30 12:03:00,0.5118863586447466,0.63
2024-10-30 12:04:00,0.5114269121518051,0.63
2024-10-30 12:05:00,0.5104636112762198,0.63
2024-10-30 12:06:00,0.5093117547840584,0.63
2024-10-30 12:07:00,0.5081224510187499,0.63
2024-10-30 12:08:00,0.5077871549286039,0.62
2024-10-30 12:09:00,0.5080265726067357,0.63
2024-10-30 12:10:00,0.5063274040395986,0.63
2024-10-30 12:11:00,0.5063617146887365,0.63
2024-10-30 12:12:00,0.50587354348265,0.63
2024-10-30 12:13:00,0.5060805369241714,0.63
2024-10-30 12:14:00,0.5064969477752281,0.63
2024-10-30 12:15:00,0.5062456406610607,0.63
2024-10-30 12:16:00,0.5063119983067581,0.63
2024-10-30 12:17:00,0.507111725147446,0.63
2024-10-30 12:18:00,0.5073415531738068,0.63
2024-10-30 12:19:00,0.5094777178909122,0.63
2024-10-30 12:20:00,0.5088476599719887,0.63
2024-10-30 12:21:00,0.5096875186561751,0.63
2024-10-30 12:22:00,0.5089687251868911,0.63
2024-10-30 12:23:00,0.5101685137377745,0.63
2024-10-30 12:24:00,0.5100909849004995,0.63
2024-10-30 12:25:00,0.5097239235440825,0.63
2024-10-30 12:26:00,0.5094394502256547,0.63
2024-10-30 12:27:00,0.5094901472363829,0.63
2024-10-30 12:28:00,0.5097036585864927,0.63
2024-10-30 12:29:00,0.511016214118784,0.62
2024-10-30 12:30:00,0.5112961845070003,0.63
2024-10-30 12:31:00,0.5110390249664618,0.63
2024-10-30 12:32:00,0.5116300084504897,0.63
2024-10-30 12:33:00,0.5105974287157096,0.63
2024-10-30 12:34:00,0.5103425723097856,0.63
2024-10-30 12:35:00,0.5109579325500644,0.63
2024-10-30 12:36:00,0.5132095797992628,0.63
2024-10-30 12:37:00,0.5129010199175885,0.63
2024-10-30 12:38:00,0.5106734978328606,0.63
2024-10-30 12:39:00,0.5109158256830406,0.63
2024-10-30 12:40:00,0.5113758127620762,0.63
2024-10-30 12:41:00,0.5125328398940254,0.63
2024-10-30 12:42:00,0.5121277924936709,0.63
2024-10-30 12:43:00,0.511270578528898,0.63
2024-10-30 12:44:00,0.511525817571828,0.63
2024-10-30 12:45:00,0.5107732337982729,0.63
2024-10-30 12:46:00,0.5095392711647968,0.63
2024-10-30 12:47:00,0.5091883072117842,0.63
2024-10-30 12:48:00,0.5083623690448216,0.63
2024-10-30 12:49:00,0.5087393834935494,0.63
2024-10-30 12:50:00,0.5087260313545785,0.63
2024-10-30 12:51:00,0.5094634519498673,0.63
2024-10-30 12:52:00,0.5104750300340475,0.63
2024-10-30 12:53:00,0.5100981572585324,0.63
2024-10-30 12:54:00,0.5101320449571898,0.63
2024-10-30 12:55:00,0.5108376088505404,0.63
2024-10-30 12:56:00,0.5116774139789217,0.63
2024-10-30 12:57:00,0.5110147911921821,0.63
2024-10-30 12:58:00,0.5098208608745229,0.63
2024-10-30 12:59:00,0.5102240471914941,0.62
2024-10-30 13:00:00,0.5102933386945361,0.63
2024-10-30 13:01:00,0.5103983622755333,0.63
2024-10-30 13:02:00,0.5093965031063841,0.63
2024-10-30 13:03:00,0.5100498802519795,0.63
2024-10-30 13:04:00,0.5103854049566448,0.63
2024-10-30 13:05:00,0.5114900384175793,0.63
2024-10-30 13:06:00,0.5113398155090632,0.63
2024-10-30 13:07:00,0.5115139823145902,0.63
2024-10-30 13:08:00,0.510344045302739,0.63
2024-10-30 13:09:00,0.5111455151112605,0.63
2024-10-30 13:10:00,0.5110911207496611,0.63
2024-10-30 13:11:00,0.5120805845441276,0.63
2024-10-30 13:12:00,0.512188403038502,0.63
2024-10-30 13:13:00,0.5115452556767683,0.62
2024-10-30 13:14:00,0.5122546610173198,0.63
2024-10-30 13:15:00,0.5124266869170591,0.62
2024-10-30 13:16:00,0.5148442019754487,0.63
2024-10-30 13:17:00,0.514326749015005,0.63
2024-10-30 13:18:00,0.5136055294509856,0.63
2024-10-30 13:19:00,0.5131266418875657,0.63
2024-10-30 13:20:00,0.5116857974627032,0.63
2024-10-30 13:21:00,0.5127349937560417,0.63
2024-10-30 13:22:00,0.5114985538172652,0.63
2024-10-30 13:23:00,0.5110744985301248,0.63
2024-10-30 13:24:00,0.5113983918395288,0.63
2024-10-30 13:25:00,0.5122851603209904,0.63
2024-10-30 13:26:00,0.5111632249966671,0.63
2024-10-30 13:27:00,0.5122201882807265,0.63
2024-10-30 13:28:00,0.5122365413432679,0.62
2024-10-30 13:29:00,0.5129652026648068,0.63
2024-10-30 13:30:00,0.513899292354359,0.63
2024-10-30 13:31:00,0.5145611797275682,0.63
2024-10-30 13:32:00,0.5140285359026977,0.63
2024-10-30 13:33:00,0.5164949849184739,0.62
2024-10-30 13:34:00,0.5162912729887508,0.63
2024-10-30 13:35:00,0.5178950160838538,0.63
2024-10-30 13:36:00,0.5174815351910602,0.63
2024-10-30 13:37:00,0.5169238620734335,0.63
2024-10-30 13:38:00,0.5187610536186209,0.63
2024-10-30 13:39:00,0.5185652774483811,0.63
2024-10-30 13:40:00,0.5188681931621038,0.63
2024-10-30 13:41:00,0.5183420481343608,0.63
2024-10-30 13:42:00,0.515960751226731,0.63
2024-10-30 13:43:00,0.5158573304232361,0.63
2024-10-30 13:44:00,0.5160423780999499,0.63
2024-10-30 13:45:00,0.516383822571411,0.63
2024-10-30 13:46:00,0.517402929108792,0.63
2024-10-30 13:47:00,0.5176066124031016,0.63
2024-10-30 13:48:00,0.5181816281050635,0.63
2024-10-30 13:49:00,0.517208011048248,0.63
2024-10-30 13:50:00,0.5168496896720585,0.63
2024-10-30 13:51:00,0.519227937629575,0.63
2024-10-30 13:52:00,0.5200071032311773,0.63
2024-10-30 13:53:00,0.5194825072241163,0.63
2024-10-30 13:54:00,0.5188947968909681,0.63
2024-10-30 13:55:00,0.5190950077897585,0.63
2024-10-30 13:56:00,0.5191669891278423,0.62
2024-10-30 13:57:00,0.5205125144192262,0.62
2024-10-30 13:58:00,0.520952254186992,0.63
2024-10-30 13:59:00,0.5213642017560638,0.63
2024-10-30 14:00:00,0.520096109700358,0.63
2024-10-30 14:01:00,0.5214404737790226,0.63
2024-10-30 14:02:00,0.5206396332164089,0.63
2024-10-30 14:03:00,0.5207395938613988,0.63
2024-10-30 14:04:00,0.520157153057548,0.62
2024-10-30 14:05:00,0.5204577863674056,0.63
2024-10-30 14:06:00,0.5192477614438846,0.63
2024-10-30 14:07:00,0.5187497333287425,0.63
2024-10-30 14:08:00,0.5185627679787446,0.62
2024-10-30 14:09:00,0.5180202435647907,0.63
2024-10-30 14:10:00,0.5182274371337849,0.63
2024-10-30 14:11:00,0.518272604276335,0.63
2024-10-30 14:12:00,0.5187113020748793,0.63
2024-10-30 14:13:00,0.5187862736536257,0.63
2024-10-30 14:14:00,0.5178666082885541,0.63
2024-10-30 14:15:00,0.5170249095473871,0.63
2024-10-30 14:16:00,0.5162903558754015,0.63
2024-10-30 14:17:00,0.5165560243317435,0.63
2024-10-30 14:18:00,0.5175209781193006,0.63
2024-10-30 14:19:00,0.5180432118480784,0.63
2024-10-30 14:20:00,0.5175245379611331,0.63
2024-10-30 14:21:00,0.5168988142496607,0.63
2024-10-30 14:22:00,0.5172300658081344,0.63
2024-10-30 14:23:00,0.5186074728011356,0.63
2024-10-30 14:24:00,0.5181924113281482,0.63
2024-10-30 14:25:00,0.5200292207227608,0.63
2024-10-30 14:26:00,0.5200560287635156,0.63
2024-10-30 14:27:00,0.5202117836183124,0.63
2024-10-30 14:28:00,0.5207637245359764,0.63
2024-10-30 14:29:00,0.521249347653731,0.63
2024-10-30 14:30:00,0.5201544976553818,0.63
2024-10-30 14:31:00,0.5196499419161535,0.63
2024-10-30 14:32:00,0.5196411173415372,0.63
2024-10-30 14:33:00,0.5193011534614931,0.63
2024-10-30 14:34:00,0.5203199593473207,0.63
2024-10-30 14:35:00,0.5193540624895825,0.63
2024-10-30 14:36:00,0.5196120066160066,0.63
2024-10-30 14:37:00,0.5195434152258682,0.63
2024-10-30 14:38:00,0.5199620806093648,0.63
2024-10-30 14:39:00,0.5203924154472344,0.63
2024-10-30 14:40:00,0.5210027073781862,0.63
2024-10-30 14:41:00,0.5216688744583384,0.63
2024-10-30 14:42:00,0.5212431019247232,0.62
2024-10-30 14:43:00,0.5218737037247456,0.63
2024-10-30 14:44:00,0.5236211516425875,0.63
2024-10-30 14:45:00,0.5229966747334591,0.63
2024-10-30 14:46:00,0.5223097434675774,0.63
2024-10-30 14:47:00,0.522141056543661,0.63
2024-10-30 14:48:00,0.5222674509662963,0.63
2024-10-30 14:49:00,0.520813212616215,0.63
2024-10-30 14:50:00,0.5208654517437765,0.63
2024-10-30 14:51:00,0.5211480111514761,0.63
2024-10-30 14:52:00,0.5213769791779239,0.63
2024-10-30 14:53:00,0.5209717501714339,0.63
2024-10-30 14:54:00,0.5211930753654139,0.63
2024-10-30 14:55:00,0.5210969638340701,0.63
2024-10-30 14:56:00,0.5223032471387843,0.63
2024-10-30 14:57:00,0.5225342627867382,0.63
2024-10-30 14:58:00,0.5239099549643933,0.63
2024-10-30 14:59:00,0.5240613241417835,0.62
2024-10-30 15:00:00,0.5251059831281075,0.62
2024-10-30 15:01:00,0.5250244204676895,0.63
2024-10-30 15:02:00,0.5252880872422063,0.63
2024-10-30 15:03:00,0.5247997192138893,0.63
2024-10-30 15:04:00,0.5241480942511416,0.62
2024-10-30 15:05:00,0.5255087152060229,0.63
2024-10-30 15:06:00,0.5239747111704081,0.63
2024-10-30 15:07:00,0.5231949770141784,0.63
2024-10-30 15:08:00,0.5224917101577324,0.63
2024-10-30 15:09:00,0.5233834632294918,0.63
2024-10-30 15:10:00,0.5226954569470028,0.63
2024-10-30 15:11:00,0.5229293398956172,0.62
2024-10-30 15:12:00,0.522077654578389,0.63
2024-10-30 15:13:00,0.5224295601069533,0.63
2024-10-30 15:14:00,0.5226592373085197,0.63
2024-10-30 15:15:00,0.5219013800843759,0.63
2024-10-30 15:16:00,0.523032595676421,0.63
2024-10-30 15:17:00,0.5235260679662972,0.63
2024-10-30 15:18:00,0.5240878975237975,0.63
2024-10-30 15:19:00,0.5232626030495069,0.63
2024-10-30 15:20:00,0.5220313440378754,0.63
2024-10-30 15:21:00,0.5227218707579755,0.63
2024-10-30 15:22:00,0.5230725793133317,0.62
2024-10-30 15:23:00,0.5227137154337804,0.63
2024-10-30 15:24:00,0.5224288309083602,0.63
2024-10-30 15:25:00,0.5224486348834507,0.63
2024-10-30 15:26:00,0.5225580512801711,0.63
2024-10-30 15:27:00,0.5224154533552909,0.63
2024-10-30 15:28:00,0.522014638856543,0.63
2024-10-30 15:29:00,0.5222787558573632,0.63
2024-10-30 15:30:00,0.5228661815774973,0.63
2024-10-30 15:31:00,0.5220542305008229,0.62
2024-10-30 15:32:00,0.5218869416422953,0.62
2024-10-30 15:33:00,0.5229156315885686,0.62
2024-10-30 15:34:00,0.5232024847605097,0.62
2024-10-30 15:35:00,0.5236729146427697,0.62
2024-10-30 15:36:00,0.5245293115640826,0.62
2024-10-30 15:37:00,0.5245080754721296,0.61
2024-10-30 15:38:00,0.5227150547097341,0.62
2024-10-30 15:39:00,0.5234220538431236,0.62
2024-10-30 15:40:00,0.5226410951038438,0.62
2024-10-30 15:41:00,0.5230940805820834,0.61
2024-10-30 15:42:00,0.5233649276553487,0.62
2024-10-30 15:43:00,0.5228674387278998,0.62
2024-10-30 15:44:00,0.5233496330650163,0.62
2024-10-30 15:45:00,0.5224617311675483,0.62
2024-10-30 15:46:00,0.5225165768249316,0.62
2024-10-30 15:47:00,0.5222052781515643,0.62
2024-10-30 15:48:00,0.5231028455907929,0.62
2024-10-30 15:49:00,0.5228088879946082,0.62
2024-10-30 15:50:00,0.5240326368349917,0.62
2024-10-30 15:51:00,0.5233082167449352,0.62
2024-10-30 15:52:00,0.5235081043450995,0.61
2024-10-30 15:53:00,0.5239129269737812,0.62
2024-10-30 15:54:00,0.526914740023966,0.62
2024-10-30 15:55:00,0.5294201039159521,0.62
2024-10-30 15:56:00,0.5286322489618611,0.62
2024-10-30 15:57:00,0.530109839048343,0.62
2024-10-30 15:58:00,0.5287970201425745,0.62
2024-10-30 15:59:00,0.5283934387103766,0.62
2024-10-30 16:00:00,0.5283934387103766,0.62
2024-10-31 09:30:00,0.5579296157427993,0.61
2024-10-31 09:31:00,0.5598804774923789,0.61
2024-10-31 09:32:00,0.5606963719577924,0.61
2024-10-31 09:33:00,0.5682608545031094,0.61
2024-10-31 09:34:00,0.5653868517503373,0.61
2024-10-31 09:35:00,0.56162616120495,0.61
2024-10-31 09:36:00,0.5617443065795567,0.61
2024-10-31 09:37:00,0.5569903992259764,0.61
2024-10-31 09:38:00,0.5585328938879288,0.61
2024-10-31 09:39:00,0.5637302606807448,0.61
2024-10-31 09:40:00,0.563207116795432,0.61
2024-10-31 09:41:00,0.5632776493590892,0.61
2024-10-31 09:42:00,0.5647069856489766,0.61
2024-10-31 09:43:00,0.5634276802129448,0.61
2024-10-31 09:44:00,0.5630665760354872,0.61
2024-10-31 09:45:00,0.5620801233075678,0.61
2024-10-31 09:46:00,0.5620625980427894,0.61
2024-10-31 09:47:00,0.5637827378802982,0.61
2024-10-31 09:48:00,0.5640099642225029,0.61
2024-10-31 09:49:00,0.564028005694931,0.61
2024-10-31 09:50:00,0.5674509972305903,0.61
2024-10-31 09:51:00,0.5640833528523557,0.61
2024-10-31 09:52:00,0.5654175721407537,0.61
2024-10-31 09:53:00,0.5670313186897833,0.61
2024-10-31 09:54:00,0.5649226701939163,0.61
2024-10-31 09:55:00,0.5677964200586227,0.61
2024-10-31 09:56:00,0.5626524530197641,0.61
2024-10-31 09:57:00,0.5643755733147888,0.6
2024-10-31 09:58:00,0.5679720296449806,0.6
2024-10-31 09:59:00,0.5674936653630616,0.6
2024-10-31 10:00:00,0.5711591423067366,0.6
2024-10-31 10:01:00,0.5716495189368149,0.6
2024-10-31 10:02:00,0.5669534845691293,0.6
2024-10-31 10:03:00,0.5660938531143145,0.6
2024-10-31 10:04:00,0.5659763934056146,0.61
2024-10-31 10:05:00,0.564973773903249,0.6
2024-10-31 10:06:00,0.5642530964640382,0.6
2024-10-31 10:07:00,0.5652859507320891,0.6
2024-10-31 10:08:00,0.5649073292325972,0.6
2024-10-31 10:09:00,0.5661284644811981,0.6
2024-10-31 10:10:00,0.5670159959314696,0.6
2024-10-31 10:11:00,0.5689947318479203,0.6
2024-10-31 10:12:00,0.5684539069732499,0.61
2024-10-31 10:13:00,0.5662953251655589,0.61
2024-10-31 10:14:00,0.5658654567698018,0.61
2024-10-31 10:15:00,0.564152740747822,0.61
2024-10-31 10:16:00,0.5604466031755566,0.61
2024-10-31 10:17:00,0.5605341224476919,0.61
2024-10-31 10:18:00,0.5600296990118434,0.61
2024-10-31 10:19:00,0.5609210108042009,0.61
2024-10-31 10:20:00,0.5617562389255173,0.61
2024-10-31 10:21:00,0.559898093873892,0.61
2024-10-31 10:22:00,0.5595350371517867,0.61
2024-10-31 10:23:00,0.5605516663236954,0.61
2024-10-31 10:24:00,0.5602724551828613,0.61
2024-10-31 10:25:00,0.5620057152958837,0.61
2024-10-31 10:26:00,0.563820434959452,0.61
2024-10-31 10:27:00,0.5641480363253712,0.61
2024-10-31 10:28:00,0.5666882716955384,0.6
2024-10-31 10:29:00,0.5649922502542262,0.6
2024-10-31 10:30:00,0.5672080422481505,0.61
2024-10-31 10:31:00,0.5646882771499089,0.61
2024-10-31 10:32:00,0.5654782822974613,0.61
2024-10-31 10:33:00,0.5676038112563979,0.61
2024-10-31 10:34:00,0.5679231256221804,0.61
2024-10-31 10:35:00,0.568864720094761,0.61
2024-10-31 10:36:00,0.5657995988849793,0.61
2024-10-31 10:37:00,0.5670967400040421,0.6
2024-10-31 10:38:00,0.5665044446760803,0.61
2024-10-31 10:39:00,0.5651043319656963,0.61
2024-10-31 10:40:00,0.5647766955147431,0.61
2024-10-31 10:41:00,0.5645798026198043,0.61
2024-10-31 10:42:00,0.5646085557005913,0.61
2024-10-31 10:43:00,0.5649968452775893,0.6
2024-10-31 10:44:00,0.5643379449544554,0.6
2024-10-31 10:45:00,0.5636662975943281,0.6
2024-10-31 10:46:00,0.5652255986581849,0.61
2024-10-31 10:47:00,0.5656427790006664,0.61
2024-10-31 10:48:00,0.5654622951313908,0.61
2024-10-31 10:49:00,0.5650141292328523,0.6
2024-10-31 10:50:00,0.5670834503158819,0.6
2024-10-31 10:51:00,0.5671436012153344,0.6
2024-10-31 10:52:00,0.5650575963223707,0.59
2024-10-31 10:53:00,0.5647790279789622,0.6
2024-10-31 10:54:00,0.5625576271852843,0.6
2024-10-31 10:55:00,0.5590535725959402,0.6
2024-10-31 10:56:00,0.5607471709610883,0.6
2024-10-31 10:57:00,0.5608019972357423,0.6
2024-10-31 10:58:00,0.5612961246028287,0.6
2024-10-31 10:59:00,0.5608401648727568,0.6
2024-10-31 11:00:00,0.5605398676215996,0.59
2024-10-31 11:01:00,0.5595848333027791,0.6
2024-10-31 11:02:00,0.5601981544082253,0.6
2024-10-31 11:03:00,0.559093596980538,0.59
2024-10-31 11:04:00,0.5599151855802187,0.6
2024-10-31 11:05:00,0.5615345426103768,0.6
2024-10-31 11:06:00,0.5609028328397205,0.6
2024-10-31 11:07:00,0.5558281331909514,0.6
2024-10-31 11:08:00,0.5585057211081839,0.6
2024-10-31 11:09:00,0.5562507760304773,0.6
2024-10-31 11:10:00,0.5578826867190985,0.6
2024-10-31 11:11:00,0.5569950652714042,0.59
2024-10-31 11:12:00,0.5569695286941669,0.6
2024-10-31 11:13:00,0.5571111829207667,0.6
2024-10-31 11:14:00,0.5582844946362517,0.6
2024-10-31 11:15:00,0.5577919372541909,0.6
2024-10-31 11:16:00,0.5583297482639995,0.6
2024-10-31 11:17:00,0.5580998975422256,0.6
2024-10-31 11:18:00,0.557269449842501,0.6
2024-10-31 11:19:00,0.5583469479973557,0.6
2024-10-31 11:20:00,0.5551822987501971,0.6
2024-10-31 11:21:00,0.555310536379501,0.6
2024-10-31 11:22:00,0.5554867480222125,0.6
2024-10-31 11:23:00,0.5555065207698819,0.6
2024-10-31 11:24:00,0.555303817408108,0.59
2024-10-31 11:25:00,0.5549448194429523,0.6
2024-10-31 11:26:00,0.5540753034356023,0.6
2024-10-31 11:27:00,0.5545207187756895,0.6
2024-10-31 11:28:00,0.5553022729734496,0.6
2024-10-31 11:29:00,0.5547980395009844,0.6
2024-10-31 11:30:00,0.5559312488980279,0.6
2024-10-31 11:31:00,0.5565858305725138,0.6
2024-10-31 11:32:00,0.5558822215372687,0.6
2024-10-31 11:33:00,0.5562653609532562,0.6
2024-10-31 11:34:00,0.5587163408630207,0.6
2024-10-31 11:35:00,0.5606189899841045,0.6
2024-10-31 11:36:00,0.5614634934666454,0.6
2024-10-31 11:37:00,0.5619595577238019,0.6
2024-10-31 11:38:00,0.5631869453765106,0.6
2024-10-31 11:39:00,0.5648475926944447,0.6
2024-10-31 11:40:00,0.5655504517410661,0.6
2024-10-31 11:41:00,0.5650859864763336,0.6
2024-10-31 11:42:00,0.5653337896995698,0.6
2024-10-31 11:43:00,0.5632364425953298,0.6
2024-10-31 11:44:00,0.562598764705559,0.6
2024-10-31 11:45:00,0.5629880245681769,0.6
2024-10-31 11:46:00,0.5644348845380829,0.6
2024-10-31 11:47:00,0.5658899022680803,0.6
2024-10-31 11:48:00,0.5660467768480244,0.6
2024-10-31 11:49:00,0.5656291245113299,0.6
2024-10-31 11:50:00,0.5664156099512845,0.6
2024-10-31 11:51:00,0.5667891369349938,0.6
2024-10-31 11:52:00,0.5675646080691001,0.6
2024-10-31 11:53:00,0.5679087404017304,0.6
2024-10-31 11:54:00,0.5679371486315474,0.6
2024-10-31 11:55:00,0.5676204589164147,0.6
2024-10-31 11:56:00,0.5696195858987256,0.59
2024-10-31 11:57:00,0.5697708530768073,0.6
2024-10-31 11:58:00,0.5688911271364872,0.61
2024-10-31 11:59:00,0.5678642567100989,0.61
2024-10-31 12:00:00,0.5679116592075506,0.6
2024-10-31 12:01:00,0.5672958827930359,0.61
2024-10-31 12:02:00,0.5664323071552764,0.61
2024-10-31 12:03:00,0.5655012007959483,0.6
2024-10-31 12:04:00,0.5626816568569464,0.61
2024-10-31 12:05:00,0.5625169800035559,0.61
2024-10-31 12:06:00,0.5642088587057781,0.61
2024-10-31 12:07:00,0.5638865792303498,0.6
2024-10-31 12:08:00,0.563235214189296,0.61
2024-10-31 12:09:00,0.5633217540521855,0.61
2024-10-31 12:10:00,0.564273688030225,0.61
2024-10-31 12:11:00,0.5644123058086248,0.61
2024-10-31 12:12:00,0.5616814880699643,0.61
2024-10-31 12:13:00,0.5598348667528399,0.6
2024-10-31 12:14:00,0.5602666958385172,0.61
2024-10-31 12:15:00,0.560994154929175,0.61
2024-10-31 12:16:00,0.5616231793615267,0.61
2024-10-31 12:17:00,0.5618055284444863,0.61
2024-10-31 12:18:00,0.5621102580738377,0.61
2024-10-31 12:19:00,0.5645592499776557,0.61
2024-10-31 12:20:00,0.5636425682218562,0.6
2024-10-31 12:21:00,0.5637328450054506,0.61
2024-10-31 12:22:00,0.5635283605998327,0.61
2024-10-31 12:23:00,0.5642371987239396,0.61
2024-10-31 12:24:00,0.5665816919718643,0.61
2024-10-31 12:25:00,0.5666511451396763,0.61
2024-10-31 12:26:00,0.5670336506687865,0.61
2024-10-31 12:27:00,0.5652707572382794,0.6
2024-10-31 12:28:00,0.5657160660374279,0.6
2024-10-31 12:29:00,0.5640986835732862,0.59
2024-10-31 12:30:00,0.5645419055210665,0.6
2024-10-31 12:31:00,0.5654938767579456,0.6
2024-10-31 12:32:00,0.5643376847662538,0.6
2024-10-31 12:33:00,0.5644009350314334,0.6
2024-10-31 12:34:00,0.5641829441491846,0.6
2024-10-31 12:35:00,0.5637182125791649,0.59
2024-10-31 12:36:00,0.5637821471208315,0.6
2024-10-31 12:37:00,0.5631746340567705,0.6
2024-10-31 12:38:00,0.5636817791412543,0.6
2024-10-31 12:39:00,0.5641350870815864,0.6
2024-10-31 12:40:00,0.5629036432251382,0.6
2024-10-31 12:41:00,0.5641726315751139,0.59
2024-10-31 12:42:00,0.5643920901883839,0.6
2024-10-31 12:43:00,0.56262073273235,0.6
2024-10-31 12:44:00,0.5613657873911542,0.6
2024-10-31 12:45:00,0.5612115955776356,0.6
2024-10-31 12:46:00,0.559216655033919,0.6
2024-10-31 12:47:00,0.5592807268535844,0.6
2024-10-31 12:48:00,0.5586990106254899,0.59
2024-10-31 12:49:00,0.5584979785620237,0.6
2024-10-31 12:50:00,0.5570977276717926,0.6
2024-10-31 12:51:00,0.5572658928769652,0.6
2024-10-31 12:52:00,0.5574944883802415,0.6
2024-10-31 12:53:00,0.5568206045277038,0.6
2024-10-31 12:54:00,0.5572959903931831,0.6
2024-10-31 12:55:00,0.5581906884215695,0.6
2024-10-31 12:56:00,0.558170756381674,0.59
2024-10-31 12:57:00,0.5586156874957398,0.6
2024-10-31 12:58:00,0.5588800354858863,0.6
2024-10-31 12:59:00,0.5594091724266514,0.6
2024-10-31 13:00:00,0.558422767570508,0.6
2024-10-31 13:01:00,0.5596087347655045,0.6
2024-10-31 13:02:00,0.5590726833578012,0.6
2024-10-31 13:03:00,0.5596089405726958,0.6
2024-10-31 13:04:00,0.5599301197471822,0.6
2024-10-31 13:05:00,0.5594695439523238,0.6
2024-10-31 13:06:00,0.5599221199991378,0.6
2024-10-31 13:07:00,0.5606238886827641,0.6
2024-10-31 13:08:00,0.5587314071178315,0.6
2024-10-31 13:09:00,0.5575839857423734,0.6
2024-10-31 13:10:00,0.5563939106182303,0.6
2024-10-31 13:11:00,0.5573308381597479,0.6
2024-10-31 13:12:00,0.5559440964789915,0.6
2024-10-31 13:13:00,0.5566149999428374,0.59
2024-10-31 13:14:00,0.5589561824739102,0.59
2024-10-31 13:15:00,0.5590316548753009,0.6
2024-10-31 13:16:00,0.5602259947369428,0.6
2024-10-31 13:17:00,0.5591853266920126,0.6
2024-10-31 13:18:00,0.5586689846421657,0.6
2024-10-31 13:19:00,0.5588320900761266,0.6
2024-10-31 13:20:00,0.5588320228721175,0.6
2024-10-31 13:21:00,0.5579931942356045,0.6
2024-10-31 13:22:00,0.5575946048671769,0.6
2024-10-31 13:23:00,0.558232806013901,0.6
2024-10-31 13:24:00,0.558291513138675,0.6
2024-10-31 13:25:00,0.5587311736620955,0.6
2024-10-31 13:26:00,0.5594118034007962,0.6
2024-10-31 13:27:00,0.5606959858764726,0.6
2024-10-31 13:28:00,0.560195886486252,0.6
2024-10-31 13:29:00,0.5605344561336285,0.6
2024-10-31 13:30:00,0.5601407199817918,0.6
2024-10-31 13:31:00,0.5609698369451441,0.6
2024-10-31 13:32:00,0.5601614140240352,0.6
2024-10-31 13:33:00,0.5586709124860534,0.6
2024-10-31 13:34:00,0.5592419600787017,0.6
2024-10-31 13:35:00,0.5602075912656874,0.6
2024-10-31 13:36:00,0.5602347513936581,0.6
2024-10-31 13:37:00,0.5605232164423064,0.6
2024-10-31 13:38:00,0.5597475210176179,0.6
2024-10-31 13:39:00,0.5596166388575619,0.6
2024-10-31 13:40:00,0.5590778484380181,0.6
2024-10-31 13:41:00,0.5592692627763312,0.6
2024-10-31 13:42:00,0.5608814022290829,0.6
2024-10-31 13:43:00,0.5615351744975523,0.6
2024-10-31 13:44:00,0.5605966338165433,0.59
2024-10-31 13:45:00,0.5619592445600514,0.6
2024-10-31 13:46:00,0.5623326938478723,0.6
2024-10-31 13:47:00,0.5640418491896912,0.59
2024-10-31 13:48:00,0.5631030469064597,0.6
2024-10-31 13:49:00,0.5620810139556347,0.6
2024-10-31 13:50:00,0.5623434681186648,0.6
2024-10-31 13:51:00,0.564566911202504,0.6
2024-10-31 13:52:00,0.5639819371801347,0.6
2024-10-31 13:53:00,0.5636634574536978,0.6
2024-10-31 13:54:00,0.56439581456293,0.6
2024-10-31 13:55:00,0.5646559204802519,0.6
2024-10-31 13:56:00,0.5644123690232499,0.6
2024-10-31 13:57:00,0.564940459254671,0.6
2024-10-31 13:58:00,0.5653228016613709,0.6
2024-10-31 13:59:00,0.5653668340406706,0.6
2024-10-31 14:00:00,0.5658220187728904,0.59
2024-10-31 14:01:00,0.566358968264723,0.59
2024-10-31 14:02:00,0.5664719805216498,0.58
2024-10-31 14:03:00,0.5665040719592838,0.59
2024-10-31 14:04:00,0.566598730539946,0.59
2024-10-31 14:05:00,0.5664262397560067,0.59
2024-10-31 14:06:00,0.5666191618763003,0.59
2024-10-31 14:07:00,0.5661944398642909,0.59
2024-10-31 14:08:00,0.5675663651644511,0.59
2024-10-31 14:09:00,0.5670380133459234,0.59
2024-10-31 14:10:00,0.5666819493348505,0.59
2024-10-31 14:11:00,0.5657491485733763,0.59
2024-10-31 14:12:00,0.5654575424249721,0.59
2024-10-31 14:13:00,0.5657818898427613,0.59
2024-10-31 14:14:00,0.5648397246137808,0.59
2024-10-31 14:15:00,0.5648386762652862,0.59
2024-10-31 14:16:00,0.5650577928153024,0.59
2024-10-31 14:17:00,0.5645348714991443,0.59
2024-10-31 14:18:00,0.5638723704048483,0.59
2024-10-31 14:19:00,0.5626823129669731,0.59
2024-10-31 14:20:00,0.5635406326779011,0.59
2024-10-31 14:21:00,0.5637642773822582,0.59
2024-10-31 14:22:00,0.5636708757922875,0.59
2024-10-31 14:23:00,0.5641649988852657,0.58
2024-10-31 14:24:00,0.5636478779567329,0.59
2024-10-31 14:25:00,0.5639664932443742,0.59
2024-10-31 14:26:00,0.5652094526133118,0.59
2024-10-31 14:27:00,0.5649111132097306,0.58
2024-10-31 14:28:00,0.5644191147644777,0.59
2024-10-31 14:29:00,0.5633404935189212,0.59
2024-10-31 14:30:00,0.56260728379423,0.59
2024-10-31 14:31:00,0.5637913535178052,0.59
2024-10-31 14:32:00,0.5647020775572942,0.58
2024-10-31 14:33:00,0.5646560890051255,0.59
2024-10-31 14:34:00,0.5642502116312833,0.59
2024-10-31 14:35:00,0.5653186141943507,0.59
2024-10-31 14:36:00,0.565000054670221,0.59
2024-10-31 14:37:00,0.5645722565344824,0.59
2024-10-31 14:38:00,0.563572522844989,0.58
2024-10-31 14:39:00,0.5643878465829906,0.59
2024-10-31 14:40:00,0.5635275922967005,0.59
2024-10-31 14:41:00,0.5646108635872877,0.59
2024-10-31 14:42:00,0.5655167874502449,0.59
2024-10-31 14:43:00,0.5662554084282776,0.59
2024-10-31 14:44:00,0.5651559201171039,0.59
2024-10-31 14:45:00,0.5656309764190774,0.59
2024-10-31 14:46:00,0.5662046992418304,0.58
2024-10-31 14:47:00,0.566103087574475,0.58
2024-10-31 14:48:00,0.5661944666190852,0.58
2024-10-31 14:49:00,0.5657584515400609,0.58
2024-10-31 14:50:00,0.5653899616565876,0.58
2024-10-31 14:51:00,0.5650950203678013,0.58
2024-10-31 14:52:00,0.5663893999583844,0.58
2024-10-31 14:53:00,0.5660701888354944,0.58
2024-10-31 14:54:00,0.565867199159509,0.58
2024-10-31 14:55:00,0.565261997382996,0.58
2024-10-31 14:56:00,0.5656889898794655,0.58
2024-10-31 14:57:00,0.5647219247574602,0.58
2024-10-31 14:58:00,0.5647575984053164,0.58
2024-10-31 14:59:00,0.5643483031296339,0.58
2024-10-31 15:00:00,0.5638927457614764,0.58
2024-10-31 15:01:00,0.5642786816192278,0.58
2024-10-31 15:02:00,0.5647930278814617,0.58
2024-10-31 15:03:00,0.564614852305769,0.58
2024-10-31 15:04:00,0.5636066122052703,0.58
2024-10-31 15:05:00,0.5628896869975175,0.58
2024-10-31 15:06:00,0.5620352559933501,0.58
2024-10-31 15:07:00,0.5630536761704967,0.58
2024-10-31 15:08:00,0.5622171308936317,0.57
2024-10-31 15:09:00,0.5621260680188527,0.58
2024-10-31 15:10:00,0.5626384914363822,0.58
2024-10-31 15:11:00,0.5615355935970403,0.58
2024-10-31 15:12:00,0.5622103225615318,0.58
2024-10-31 15:13:00,0.5618251518490276,0.58
2024-10-31 15:14:00,0.5602092842769892,0.58
2024-10-31 15:15:00,0.5600268128397607,0.58
2024-10-31 15:16:00,0.5609979218184,0.58
2024-10-31 15:17:00,0.5603278935126974,0.58
2024-10-31 15:18:00,0.5601021640451302,0.58
2024-10-31 15:19:00,0.5603824206551054,0.58
2024-10-31 15:20:00,0.5603599422048895,0.58
2024-10-31 15:21:00,0.5594187497471743,0.58
2024-10-31 15:22:00,0.5596161685971539,0.58
2024-10-31 15:23:00,0.558916472530606,0.58
2024-10-31 15:24:00,0.5593567901601701,0.58
2024-10-31 15:25:00,0.5597821474742897,0.58
2024-10-31 15:26:00,0.559661821944266,0.57
2024-10-31 15:27:00,0.5598189238547533,0.58
2024-10-31 15:28:00,0.5607422808589606,0.58
2024-10-31 15:29:00,0.5610509604499219,0.58
2024-10-31 15:30:00,0.5626999635340264,0.57
2024-10-31 15:31:00,0.5628029828607175,0.58
2024-10-31 15:32:00,0.5641276930600292,0.58
2024-10-31 15:33:00,0.5628878349401092,0.58
2024-10-31 15:34:00,0.5620188866426983,0.58
2024-10-31 15:35:00,0.5620064865311443,0.57
2024-10-31 15:36:00,0.5641085358054025,0.58
2024-10-31 15:37:00,0.564088205864494,0.58
2024-10-31 15:38:00,0.565003923415943,0.58
2024-10-31 15:39:00,0.5643655212735303,0.58
2024-10-31 15:40:00,0.5653102250404369,0.58
2024-10-31 15:41:00,0.5644261263334085,0.58
2024-10-31 15:42:00,0.5643456304871164,0.58
2024-10-31 15:43:00,0.5635059132155604,0.58
2024-10-31 15:44:00,0.5631801019641516,0.58
2024-10-31 15:45:00,0.5622190651544441,0.58
2024-10-31 15:46:00,0.5630710284401796,0.58
2024-10-31 15:47:00,0.5615399822084857,0.57
2024-10-31 15:48:00,0.5599161993764168,0.58
2024-10-31 15:49:00,0.5607333975782727,0.58
2024-10-31 15:50:00,0.5605863576798324,0.57
2024-10-31 15:51:00,0.5639440036674503,0.57
2024-10-31 15:52:00,0.5648712631100057,0.58
2024-10-31 15:53:00,0.5668811375231473,0.58
2024-10-31 15:54:00,0.5706343980944186,0.58
2024-10-31 15:55:00,0.5687763004146766,0.57
2024-10-31 15:56:00,0.5674667242225258,0.57
2024-10-31 15:57:00,0.5654699540574002,0.58
2024-10-31 15:58:00,0.5684621526788598,0.58
2024-10-31 15:59:00,0.5765946489111193,0.58
2024-10-31 16:00:00,0.5765946489111193,0.58
2024-11-01 09:30:00,0.585438336843678,0.58
2024-11-01 09:31:00,0.5886698297995652,0.58
2024-11-01 09:32:00,0.596299432479827,0.58
2024-11-01 09:33:00,0.5963281836434093,0.58
2024-11-01 09:34:00,0.5925419617735284,0.58
2024-11-01 09:35:00,0.5931538546699737,0.58
2024-11-01 09:36:00,0.5945730322260443,0.58
2024-11-01 09:37:00,0.5935521901410878,0.58
2024-11-01 09:38:00,0.5901079371168836,0.58
2024-11-01 09:39:00,0.5886965106763828,0.57
2024-11-01 09:40:00,0.5862980956506412,0.58
2024-11-01 09:41:00,0.5855210170641303,0.58
2024-11-01 09:42:00,0.5850835186945773,0.58
2024-11-01 09:43:00,0.585661128639724,0.58
2024-11-01 09:44:00,0.5848726912742712,0.58
2024-11-01 09:45:00,0.5851760084400592,0.58
2024-11-01 09:46:00,0.5857816960730753,0.58
2024-11-01 09:47:00,0.5843384325654222,0.58
2024-11-01 09:48:00,0.5860327784278534,0.58
2024-11-01 09:49:00,0.5856708934254222,0.58
2024-11-01 09:50:00,0.5855045655474596,0.58
2024-11-01 09:51:00,0.5832076241596493,0.59
2024-11-01 09:52:00,0.5814443710001835,0.59
2024-11-01 09:53:00,0.5821923496734163,0.59
2024-11-01 09:54:00,0.5803660348262369,0.57
2024-11-01 09:55:00,0.5795514567085369,0.59
2024-11-01 09:56:00,0.5789653922717226,0.59
2024-11-01 09:57:00,0.57882286379243,0.59
2024-11-01 09:58:00,0.5777397238553486,0.59
2024-11-01 09:59:00,0.576988057987551,0.59
2024-11-01 10:00:00,0.572444056031223,0.59
2024-11-01 10:01:00,0.5667858947555111,0.59
2024-11-01 10:02:00,0.5671758814035466,0.59
2024-11-01 10:03:00,0.5671615949075035,0.58
2024-11-01 10:04:00,0.5686317874976698,0.59
2024-11-01 10:05:00,0.5672461047673922,0.59
2024-11-01 10:06:00,0.5683878947560637,0.59
2024-11-01 10:07:00,0.5638194637517218,0.59
2024-11-01 10:08:00,0.5650803024840279,0.59
2024-11-01 10:09:00,0.5675076996623336,0.59
2024-11-01 10:10:00,0.5665912842670837,0.58
2024-11-01 10:11:00,0.5651038320232151,0.59
2024-11-01 10:12:00,0.5631541851532786,0.58
2024-11-01 10:13:00,0.5641806940431702,0.58
2024-11-01 10:14:00,0.5639221663671161,0.58
2024-11-01 10:15:00,0.5601600507454163,0.58
2024-11-01 10:16:00,0.5607455734718523,0.58
2024-11-01 10:17:00,0.5599475542944041,0.58
2024-11-01 10:18:00,0.559147716182429,0.58
2024-11-01 10:19:00,0.5625993966736915,0.58
2024-11-01 10:20:00,0.5646831381023387,0.58
2024-11-01 10:21:00,0.5649835014294735,0.58
2024-11-01 10:22:00,0.562790325809418,0.58
2024-11-01 10:23:00,0.5645828592736748,0.58
2024-11-01 10:24:00,0.5644280279282621,0.58
2024-11-01 10:25:00,0.5651603854987897,0.58
2024-11-01 10:26:00,0.562516090019429,0.57
2024-11-01 10:27:00,0.562847390921833,0.57
2024-11-01 10:28:00,0.5633199806745053,0.58
2024-11-01 10:29:00,0.5596930791600443,0.58
2024-11-01 10:30:00,0.5607119404864516,0.58
2024-11-01 10:31:00,0.5645044950914107,0.58
2024-11-01 10:32:00,0.5629473848843867,0.58
2024-11-01 10:33:00,0.5634855564733277,0.58
2024-11-01 10:34:00,0.56315063802882,0.58
2024-11-01 10:35:00,0.5637347759213027,0.58
2024-11-01 10:36:00,0.5637072632251112,0.58
2024-11-01 10:37:00,0.5636420886469209,0.58
2024-11-01 10:38:00,0.5630778610055394,0.58
2024-11-01 10:39:00,0.5627605113220249,0.58
2024-11-01 10:40:00,0.5668184060036354,0.58
2024-11-01 10:41:00,0.5678103095427949,0.58
2024-11-01 10:42:00,0.5706833065409953,0.57
2024-11-01 10:43:00,0.5716732505394211,0.58
2024-11-01 10:44:00,0.5713695198744666,0.58
2024-11-01 10:45:00,0.5706825848183839,0.57
2024-11-01 10:46:00,0.574175917031629,0.58
2024-11-01 10:47:00,0.5732439032066143,0.58
2024-11-01 10:48:00,0.5735755291901932,0.58
2024-11-01 10:49:00,0.5708473763483946,0.58
2024-11-01 10:50:00,0.5718360798281898,0.58
2024-11-01 10:51:00,0.5717042883916885,0.58
2024-11-01 10:52:00,0.5715806647250326,0.58
2024-11-01 10:53:00,0.5708393138431649,0.58
2024-11-01 10:54:00,0.5696737537465844,0.58
2024-11-01 10:55:00,0.5682236411580048,0.58
2024-11-01 10:56:00,0.5698898638994965,0.58
2024-11-01 10:57:00,0.5688497110062445,0.58
2024-11-01 10:58:00,0.568527336636308,0.57
2024-11-01 10:59:00,0.5666943364991834,0.58
2024-11-01 11:00:00,0.566232174234383,0.58
2024-11-01 11:01:00,0.5667624763681702,0.58
2024-11-01 11:02:00,0.5637304613666771,0.58
2024-11-01 11:03:00,0.5622792871317108,0.58
2024-11-01 11:04:00,0.5614946440594653,0.58
2024-11-01 11:05:00,0.5636380260232567,0.58
2024-11-01 11:06:00,0.5640923198620176,0.58
2024-11-01 11:07:00,0.5630686505693434,0.58
2024-11-01 11:08:00,0.5629190176188683,0.58
2024-11-01 11:09:00,0.5623955342669691,0.58
2024-11-01 11:10:00,0.5609817794537026,0.58
2024-11-01 11:11:00,0.5612250823111762,0.58
2024-11-01 11:12:00,0.5614135497090602,0.58
2024-11-01 11:13:00,0.5587636228602528,0.57
2024-11-01 11:14:00,0.5568858860697519,0.58
2024-11-01 11:15:00,0.5571232962862849,0.58
2024-11-01 11:16:00,0.5594960997622727,0.58
2024-11-01 11:17:00,0.5610544770015478,0.58
2024-11-01 11:18:00,0.56150425216245,0.58
2024-11-01 11:19:00,0.5613568148823991,0.58
2024-11-01 11:20:00,0.5634871030619097,0.58
2024-11-01 11:21:00,0.5641404193365795,0.58
2024-11-01 11:22:00,0.5638583053449222,0.58
2024-11-01 11:23:00,0.5625998481134047,0.58
2024-11-01 11:24:00,0.5627484662112263,0.58
2024-11-01 11:25:00,0.5642359078996806,0.58
2024-11-01 11:26:00,0.5635681649638695,0.58
2024-11-01 11:27:00,0.5624408573321762,0.57
2024-11-01 11:28:00,0.5640596630564942,0.57
2024-11-01 11:29:00,0.5620059936008588,0.56
2024-11-01 11:30:00,0.5614483484083246,0.57
2024-11-01 11:31:00,0.5644782757415012,0.57
2024-11-01 11:32:00,0.5656626484355416,0.57
2024-11-01 11:33:00,0.5648695301809765,0.57
2024-11-01 11:34:00,0.5663814650299883,0.56
2024-11-01 11:35:00,0.5673729262802205,0.57
2024-11-01 11:36:00,0.5675249599957339,0.57
2024-11-01 11:37:00,0.5667653786577274,0.57
2024-11-01 11:38:00,0.5692363438951957,0.57
2024-11-01 11:39:00,0.5677215943717473,0.57
2024-11-01 11:40:00,0.5658070093541367,0.57
2024-11-01 11:41:00,0.5672515774133486,0.57
2024-11-01 11:42:00,0.5672199924476289,0.57
2024-11-01 11:43:00,0.5676380930551816,0.57
2024-11-01 11:44:00,0.5683278483349048,0.57
2024-11-01 11:45:00,0.5686134053841092,0.57
2024-11-01 11:46:00,0.5689138562897404,0.57
2024-11-01 11:47:00,0.5683082585701424,0.57
2024-11-01 11:48:00,0.5675178498205737,0.57
2024-11-01 11:49:00,0.5695320293978996,0.57
2024-11-01 11:50:00,0.5685505476578683,0.57
2024-11-01 11:51:00,0.5697318766150887,0.57
2024-11-01 11:52:00,0.5692404150989712,0.57
2024-11-01 11:53:00,0.5700899225851532,0.56
2024-11-01 11:54:00,0.5679576178912267,0.57
2024-11-01 11:55:00,0.5701605256881084,0.57
2024-11-01 11:56:00,0.5708430029807439,0.57
2024-11-01 11:57:00,0.5707026500567045,0.57
2024-11-01 11:58:00,0.5700479175848592,0.57
2024-11-01 11:59:00,0.5688973029358342,0.57
2024-11-01 12:00:00,0.5692144173544718,0.57
2024-11-01 12:01:00,0.5683364011785701,0.57
2024-11-01 12:02:00,0.5676579520492762,0.57
2024-11-01 12:03:00,0.5663741849253834,0.57
2024-11-01 12:04:00,0.5669340776069827,0.57
2024-11-01 12:05:00,0.5684595228213036,0.56
2024-11-01 12:06:00,0.5680811307380755,0.57
2024-11-01 12:07:00,0.5673758099312003,0.57
2024-11-01 12:08:00,0.56743693271353,0.57
2024-11-01 12:09:00,0.5664598248139543,0.57
2024-11-01 12:10:00,0.567244349010035,0.57
2024-11-01 12:11:00,0.5687335812890499,0.57
2024-11-01 12:12:00,0.5678018168083694,0.57
2024-11-01 12:13:00,0.5671549339999189,0.57
2024-11-01 12:14:00,0.5691483727586231,0.57
2024-11-01 12:15:00,0.5712470544299582,0.57
2024-11-01 12:16:00,0.5711844715524348,0.57
2024-11-01 12:17:00,0.5701026127963418,0.57
2024-11-01 12:18:00,0.5696195879142578,0.57
2024-11-01 12:19:00,0.5687288723122041,0.56
2024-11-01 12:20:00,0.5705126185871239,0.57
2024-11-01 12:21:00,0.5690725490531541,0.57
2024-11-01 12:22:00,0.5710231283972698,0.57
2024-11-01 12:23:00,0.5689792249204635,0.57
2024-11-01 12:24:00,0.5681713262919226,0.57
2024-11-01 12:25:00,0.5677373639008969,0.57
2024-11-01 12:26:00,0.5674207106148115,0.57
2024-11-01 12:27:00,0.5679851865272811,0.57
2024-11-01 12:28:00,0.5690023402739517,0.57
2024-11-01 12:29:00,0.569246184063043,0.57
2024-11-01 12:30:00,0.5687542563885202,0.57
2024-11-01 12:31:00,0.5679732176914334,0.57
2024-11-01 12:32:00,0.5674204829112417,0.57
2024-11-01 12:33:00,0.567180217238233,0.57
2024-11-01 12:34:00,0.5658891882662143,0.57
2024-11-01 12:35:00,0.5659820702194807,0.57
2024-11-01 12:36:00,0.5660413059996132,0.57
2024-11-01 12:37:00,0.5669713602786162,0.57
2024-11-01 12:38:00,0.5664899462360251,0.57
2024-11-01 12:39:00,0.5667521361149712,0.57
2024-11-01 12:40:00,0.5677647583261736,0.57
2024-11-01 12:41:00,0.5702253902673553,0.57
2024-11-01 12:42:00,0.5715581392765963,0.57
2024-11-01 12:43:00,0.5743924159091132,0.57
2024-11-01 12:44:00,0.5761712422821204,0.56
2024-11-01 12:45:00,0.5758620106601693,0.57
2024-11-01 12:46:00,0.5749447404134129,0.57
2024-11-01 12:47:00,0.5750800148980584,0.57
2024-11-01 12:48:00,0.5743465581948046,0.57
2024-11-01 12:49:00,0.5750099353004317,0.57
2024-11-01 12:50:00,0.5755268801631155,0.57
2024-11-01 12:51:00,0.5742463279340211,0.57
2024-11-01 12:52:00,0.5750393042266186,0.57
2024-11-01 12:53:00,0.5750032980088655,0.57
2024-11-01 12:54:00,0.5751189013211231,0.57
2024-11-01 12:55:00,0.5746967138051546,0.57
2024-11-01 12:56:00,0.5764146976666675,0.57
2024-11-01 12:57:00,0.5774258000299175,0.57
2024-11-01 12:58:00,0.5784861412976523,0.57
2024-11-01 12:59:00,0.577019472283421,0.57
2024-11-01 13:00:00,0.5763186395928199,0.57
2024-11-01 13:01:00,0.5769631533704429,0.57
2024-11-01 13:02:00,0.5766273771331563,0.57
2024-11-01 13:03:00,0.576188228751785,0.56
2024-11-01 13:04:00,0.5760665501781606,0.57
2024-11-01 13:05:00,0.5770025288307503,0.57
2024-11-01 13:06:00,0.577584241477503,0.56
2024-11-01 13:07:00,0.5771168300142049,0.57
2024-11-01 13:08:00,0.5762376858880625,0.56
2024-11-01 13:09:00,0.5753960075638729,0.57
2024-11-01 13:10:00,0.5763216031705534,0.57
2024-11-01 13:11:00,0.5747686396738387,0.57
2024-11-01 13:12:00,0.5736344574078214,0.57
2024-11-01 13:13:00,0.5729881041333453,0.57
2024-11-01 13:14:00,0.5734014714139615,0.57
2024-11-01 13:15:00,0.5731415065779946,0.57
2024-11-01 13:16:00,0.5726636513427763,0.57
2024-11-01 13:17:00,0.573517224780806,0.57
2024-11-01 13:18:00,0.5745547820677313,0.57
2024-11-01 13:19:00,0.5748968124328357,0.57
2024-11-01 13:20:00,0.5730172178681145,0.57
2024-11-01 13:21:00,0.5731799279580188,0.57
2024-11-01 13:22:00,0.5725052674990725,0.57
2024-11-01 13:23:00,0.5706381245598522,0.57
2024-11-01 13:24:00,0.5713210710012409,0.56
2024-11-01 13:25:00,0.5721014876602537,0.57
2024-11-01 13:26:00,0.5711652091644586,0.57
2024-11-01 13:27:00,0.5718090704540184,0.56
2024-11-01 13:28:00,0.5717805003304506,0.57
2024-11-01 13:29:00,0.5720753704027228,0.57
2024-11-01 13:30:00,0.5723035647249433,0.57
2024-11-01 13:31:00,0.5750741850514933,0.57
2024-11-01 13:32:00,0.5772688635097649,0.56
2024-11-01 13:33:00,0.5793240690070889,0.57
2024-11-01 13:34:00,0.5799612880488889,0.57
2024-11-01 13:35:00,0.5811862044940523,0.57
2024-11-01 13:36:00,0.5822045327800327,0.57
2024-11-01 13:37:00,0.58305037782529,0.57
2024-11-01 13:38:00,0.5810425863097619,0.56
2024-11-01 13:39:00,0.5826346338998432,0.56
2024-11-01 13:40:00,0.5835060350242973,0.57
2024-11-01 13:41:00,0.5840711995595631,0.58
2024-11-01 13:42:00,0.5842711952678841,0.58
2024-11-01 13:43:00,0.5845273272599292,0.58
2024-11-01 13:44:00,0.5849223533898733,0.58
2024-11-01 13:45:00,0.5839077961616181,0.58
2024-11-01 13:46:00,0.5837341723965139,0.57
2024-11-01 13:47:00,0.5839454667458039,0.57
2024-11-01 13:48:00,0.584173492023291,0.57
2024-11-01 13:49:00,0.5843088309436733,0.57
2024-11-01 13:50:00,0.5822147038364249,0.57
2024-11-01 13:51:00,0.5825991803731141,0.57
2024-11-01 13:52:00,0.5816196525238577,0.57
2024-11-01 13:53:00,0.5816704338394747,0.57
2024-11-01 13:54:00,0.5807974809432179,0.57
2024-11-01 13:55:00,0.5820435457710034,0.57
2024-11-01 13:56:00,0.5804865739955198,0.57
2024-11-01 13:57:00,0.5816928866833389,0.56
2024-11-01 13:58:00,0.5834689405494575,0.57
2024-11-01 13:59:00,0.5834450540428786,0.56
2024-11-01 14:00:00,0.5824058318549385,0.57
2024-11-01 14:01:00,0.5814097980108814,0.57
2024-11-01 14:02:00,0.5829514690628697,0.58
2024-11-01 14:03:00,0.5810569371237151,0.58
2024-11-01 14:04:00,0.5797268035708101,0.58
2024-11-01 14:05:00,0.581069608186281,0.58
2024-11-01 14:06:00,0.5820188569477731,0.58
2024-11-01 14:07:00,0.5853768264565382,0.58
2024-11-01 14:08:00,0.5867187595883616,0.58
2024-11-01 14:09:00,0.5856696691563161,0.58
2024-11-01 14:10:00,0.5867178596247042,0.58
2024-11-01 14:11:00,0.5852865967029535,0.58
2024-11-01 14:12:00,0.5849218833719638,0.57
2024-11-01 14:13:00,0.5837998065064178,0.57
2024-11-01 14:14:00,0.5836471472826481,0.57
2024-11-01 14:15:00,0.5841806091646837,0.57
2024-11-01 14:16:00,0.5857441511216146,0.57
2024-11-01 14:17:00,0.5842479951816204,0.57
2024-11-01 14:18:00,0.5831448651804327,0.57
2024-11-01 14:19:00,0.5855705620005673,0.57
2024-11-01 14:20:00,0.5853901242951378,0.57
2024-11-01 14:21:00,0.5841356078754136,0.57
2024-11-01 14:22:00,0.5851085674870335,0.57
2024-11-01 14:23:00,0.5843123321713477,0.57
2024-11-01 14:24:00,0.5828351349963568,0.57
2024-11-01 14:25:00,0.583490570288496,0.57
2024-11-01 14:26:00,0.5841906664185486,0.57
2024-11-01 14:27:00,0.5841720720897186,0.57
2024-11-01 14:28:00,0.5837652438085923,0.57
2024-11-01 14:29:00,0.5848410786062883,0.57
2024-11-01 14:30:00,0.5861289508191667,0.56
2024-11-01 14:31:00,0.5862668960933999,0.57
2024-11-01 14:32:00,0.5847942079702191,0.57
2024-11-01 14:33:00,0.5849364456817996,0.56
2024-11-01 14:34:00,0.5845492215369534,0.57
2024-11-01 14:35:00,0.5847152010165029,0.57
2024-11-01 14:36:00,0.5841110465947261,0.57
2024-11-01 14:37:00,0.5843806073881657,0.57
2024-11-01 14:38:00,0.5848225107618934,0.57
2024-11-01 14:39:00,0.5836898793538545,0.57
2024-11-01 14:40:00,0.583472778216968,0.57
2024-11-01 14:41:00,0.5844858931578438,0.57
2024-11-01 14:42:00,0.5850862699917585,0.57
2024-11-01 14:43:00,0.5844587227182549,0.57
2024-11-01 14:44:00,0.5838540816187783,0.57
2024-11-01 14:45:00,0.5835560408443634,0.57
2024-11-01 14:46:00,0.5835724888417213,0.57
2024-11-01 14:47:00,0.5838389342971941,0.57
2024-11-01 14:48:00,0.5848545198708577,0.57
2024-11-01 14:49:00,0.5840166561288058,0.57
2024-11-01 14:50:00,0.5833835882119358,0.57
2024-11-01 14:51:00,0.5828880005603543,0.56
2024-11-01 14:52:00,0.5832812278835824,0.57
2024-11-01 14:53:00,0.5841323345157459,0.57
2024-11-01 14:54:00,0.5850140148153471,0.57
2024-11-01 14:55:00,0.5847461425325646,0.57
2024-11-01 14:56:00,0.5843930465229776,0.57
2024-11-01 14:57:00,0.5838531354253826,0.57
2024-11-01 14:58:00,0.5835325732636163,0.57
2024-11-01 14:59:00,0.5846346201412922,0.57
2024-11-01 15:00:00,0.5856823959072306,0.57
2024-11-01 15:01:00,0.584908048216848,0.57
2024-11-01 15:02:00,0.5856255198271711,0.57
2024-11-01 15:03:00,0.5857996948764093,0.57
2024-11-01 15:04:00,0.5849557280197886,0.57
2024-11-01 15:05:00,0.584699971423978,0.57
2024-11-01 15:06:00,0.5831475920498737,0.57
2024-11-01 15:07:00,0.5830660475515257,0.57
2024-11-01 15:08:00,0.5819366661511556,0.57
2024-11-01 15:09:00,0.5800969166979761,0.57
2024-11-01 15:10:00,0.5799738684334603,0.57
2024-11-01 15:11:00,0.580750744330442,0.57
2024-11-01 15:12:00,0.5796527501613997,0.57
2024-11-01 15:13:00,0.5806229060083286,0.57
2024-11-01 15:14:00,0.580570853132415,0.57
2024-11-01 15:15:00,0.58324105614759,0.57
2024-11-01 15:16:00,0.5830012570871335,0.57
2024-11-01 15:17:00,0.5829355422422113,0.57
2024-11-01 15:18:00,0.5828503411267774,0.57
2024-11-01 15:19:00,0.5831013002884948,0.57
2024-11-01 15:20:00,0.5829158753297297,0.57
2024-11-01 15:21:00,0.5837060526624487,0.56
2024-11-01 15:22:00,0.5832344892855923,0.57
2024-11-01 15:23:00,0.584713655956999,0.57
2024-11-01 15:24:00,0.5842520885827838,0.57
2024-11-01 15:25:00,0.5852911740749571,0.57
2024-11-01 15:26:00,0.5850546612445504,0.56
2024-11-01 15:27:00,0.5858300887255543,0.57
2024-11-01 15:28:00,0.5862685812717692,0.57
2024-11-01 15:29:00,0.5866124592552058,0.57
2024-11-01 15:30:00,0.5875719319160948,0.57
2024-11-01 15:31:00,0.5872225149082417,0.57
2024-11-01 15:32:00,0.5871157821867798,0.57
2024-11-01 15:33:00,0.5874483024702599,0.57
2024-11-01 15:34:00,0.5882823743639463,0.56
2024-11-01 15:35:00,0.5882806481921963,0.55
2024-11-01 15:36:00,0.5891418851438874,0.56
2024-11-01 15:37:00,0.589343717052129,0.56
2024-11-01 15:38:00,0.5898951142673734,0.56
2024-11-01 15:39:00,0.588061968903187,0.56
2024-11-01 15:40:00,0.588509313696761,0.56
2024-11-01 15:41:00,0.5870156853642248,0.56
2024-11-01 15:42:00,0.5843137202349908,0.56
2024-11-01 15:43:00,0.5853901642126356,0.56
2024-11-01 15:44:00,0.5875044852775437,0.56
2024-11-01 15:45:00,0.5879250495787149,0.56
2024-11-01 15:46:00,0.5868388006161782,0.56
2024-11-01 15:47:00,0.5876452575017714,0.55
2024-11-01 15:48:00,0.5889154360100679,0.56
2024-11-01 15:49:00,0.5892317946837944,0.56
2024-11-01 15:50:00,0.5902918888298856,0.56
2024-11-01 15:51:00,0.5909834992244007,0.55
2024-11-01 15:52:00,0.5885479729362888,0.56
2024-11-01 15:53:00,0.5896210637387005,0.56
2024-11-01 15:54:00,0.5836038840466939,0.56
2024-11-01 15:55:00,0.5825930515719218,0.56
2024-11-01 15:56:00,0.5846514045469642,0.56
2024-11-01 15:57:00,0.5834603507194085,0.56
2024-11-01 15:58:00,0.5841394413065009,0.55
2024-11-01 15:59:00,0.5849251070158983,0.56
2024-11-01 16:00:00,0.5849251070158983,0.56
2024-11-04 09:30:00,0.5628788935075784,0.56
2024-11-04 09:31:00,0.5649862125339198,0.56
2024-11-04 09:32:00,0.5633741917041373,0.56
2024-11-04 09:33:00,0.5636765228292917,0.56
2024-11-04 09:34:00,0.5618187455734815,0.56
2024-11-04 09:35:00,0.5635474541891232,0.56
2024-11-04 09:36:00,0.562823671193881,0.56
2024-11-04 09:37:00,0.5620810852061549,0.56
2024-11-04 09:38:00,0.5619054180775531,0.55
2024-11-04 09:39:00,0.5594214042918353,0.56
2024-11-04 09:40:00,0.5514363922977947,0.56
2024-11-04 09:41:00,0.5525842440643303,0.56
2024-11-04 09:42:00,0.553024508311813,0.56
2024-11-04 09:43:00,0.5509982176274992,0.55
2024-11-04 09:44:00,0.5483189601889629,0.56
2024-11-04 09:45:00,0.548261039201311,0.56
2024-11-04 09:46:00,0.5509392663542989,0.57
2024-11-04 09:47:00,0.5524613818964721,0.57
2024-11-04 09:48:00,0.5492958826476249,0.57
2024-11-04 09:49:00,0.5507975912353109,0.57
2024-11-04 09:50:00,0.5519772606736157,0.57
2024-11-04 09:51:00,0.5555258416925704,0.56
2024-11-04 09:52:00,0.5580571926796727,0.57
2024-11-04 09:53:00,0.556186215867154,0.57
2024-11-04 09:54:00,0.5560853314988068,0.57
2024-11-04 09:55:00,0.5556672864845786,0.56
2024-11-04 09:56:00,0.55740503618111,0.57
2024-11-04 09:57:00,0.554720187483474,0.57
2024-11-04 09:58:00,0.555278112900832,0.57
2024-11-04 09:59:00,0.5532563123161542,0.57
2024-11-04 10:00:00,0.5553923459120791,0.57
2024-11-04 10:01:00,0.5519656657541139,0.57
2024-11-04 10:02:00,0.5526036792058726,0.57
2024-11-04 10:03:00,0.5532537479746995,0.57
2024-11-04 10:04:00,0.5525849578183049,0.57
2024-11-04 10:05:00,0.5511391198078337,0.58
2024-11-04 10:06:00,0.5501970330243948,0.58
2024-11-04 10:07:00,0.5500681238205238,0.58
2024-11-04 10:08:00,0.5505914695778753,0.58
2024-11-04 10:09:00,0.551624873441724,0.57
2024-11-04 10:10:00,0.5528397226440103,0.58
2024-11-04 10:11:00,0.5533756395730614,0.58
2024-11-04 10:12:00,0.554416841273359,0.58
2024-11-04 10:13:00,0.5546202192579106,0.57
2024-11-04 10:14:00,0.5541474947572269,0.58
2024-11-04 10:15:00,0.552113631266123,0.58
2024-11-04 10:16:00,0.5524138286875584,0.58
2024-11-04 10:17:00,0.5485891446353202,0.58
2024-11-04 10:18:00,0.5467341394365899,0.58
2024-11-04 10:19:00,0.545634730981494,0.58
2024-11-04 10:20:00,0.5450983130774454,0.58
2024-11-04 10:21:00,0.5458302707305192,0.58
2024-11-04 10:22:00,0.5455834353131379,0.58
2024-11-04 10:23:00,0.5441038530792179,0.58
2024-11-04 10:24:00,0.54265518706122,0.58
2024-11-04 10:25:00,0.5439211526899881,0.58
2024-11-04 10:26:00,0.5442323424313062,0.57
2024-11-04 10:27:00,0.5428776435805454,0.58
2024-11-04 10:28:00,0.5426398806474808,0.58
2024-11-04 10:29:00,0.5414977093368762,0.58
2024-11-04 10:30:00,0.5438923501237787,0.58
2024-11-04 10:31:00,0.5424820462208164,0.58
2024-11-04 10:32:00,0.5426584796502014,0.58
2024-11-04 10:33:00,0.544056236679171,0.58
2024-11-04 10:34:00,0.5422484544433737,0.57
2024-11-04 10:35:00,0.5422357535789406,0.58
2024-11-04 10:36:00,0.5415229618566151,0.58
2024-11-04 10:37:00,0.5423041597605753,0.57
2024-11-04 10:38:00,0.5460618821634482,0.57
2024-11-04 10:39:00,0.5468039873372617,0.58
2024-11-04 10:40:00,0.5462769313626301,0.58
2024-11-04 10:41:00,0.5444622718163965,0.58
2024-11-04 10:42:00,0.5461329969823614,0.58
2024-11-04 10:43:00,0.5438621022221237,0.58
2024-11-04 10:44:00,0.5452741859586088,0.58
2024-11-04 10:45:00,0.5455388767692051,0.58
2024-11-04 10:46:00,0.5455330915662284,0.58
2024-11-04 10:47:00,0.5441901082017575,0.58
2024-11-04 10:48:00,0.5447283826531935,0.57
2024-11-04 10:49:00,0.5430376121177309,0.59
2024-11-04 10:50:00,0.5458736850926897,0.59
2024-11-04 10:51:00,0.5455184972815601,0.59
2024-11-04 10:52:00,0.5444262001995253,0.58
2024-11-04 10:53:00,0.5450440177477163,0.59
2024-11-04 10:54:00,0.5443848115992689,0.59
2024-11-04 10:55:00,0.5455502306942048,0.59
2024-11-04 10:56:00,0.5466006910968655,0.59
2024-11-04 10:57:00,0.5465571950052592,0.59
2024-11-04 10:58:00,0.546102501389709,0.59
2024-11-04 10:59:00,0.5486951590564939,0.59
2024-11-04 11:00:00,0.5466115164332483,0.59
2024-11-04 11:01:00,0.5452678615260382,0.58
2024-11-04 11:02:00,0.542836620493113,0.58
2024-11-04 11:03:00,0.543132603332708,0.58
2024-11-04 11:04:00,0.5426864721110414,0.58
2024-11-04 11:05:00,0.5415599621085183,0.58
2024-11-04 11:06:00,0.5411375987145701,0.58
2024-11-04 11:07:00,0.53980043153303,0.58
2024-11-04 11:08:00,0.5395541360926195,0.58
2024-11-04 11:09:00,0.5404186050279878,0.56
2024-11-04 11:10:00,0.5394870677369432,0.57
2024-11-04 11:11:00,0.5416412269498447,0.57
2024-11-04 11:12:00,0.5416827741082908,0.57
2024-11-04 11:13:00,0.5424428603230507,0.56
2024-11-04 11:14:00,0.5434737913686363,0.56
2024-11-04 11:15:00,0.5437930976175369,0.56
2024-11-04 11:16:00,0.5443821573077747,0.56
2024-11-04 11:17:00,0.5441653495891317,0.56
2024-11-04 11:18:00,0.5442427833299466,0.56
2024-11-04 11:19:00,0.5444777186307188,0.56
2024-11-04 11:20:00,0.5449981761043843,0.56
2024-11-04 11:21:00,0.5450048036228481,0.56
2024-11-04 11:22:00,0.5445239520157459,0.56
2024-11-04 11:23:00,0.5448989651859859,0.56
2024-11-04 11:24:00,0.5453633339358548,0.56
2024-11-04 11:25:00,0.5443109798919525,0.56
2024-11-04 11:26:00,0.5446807275449459,0.56
2024-11-04 11:27:00,0.5442731606520026,0.56
2024-11-04 11:28:00,0.544276700560961,0.56
2024-11-04 11:29:00,0.5429780399728277,0.56
2024-11-04 11:30:00,0.5445264493787427,0.56
2024-11-04 11:31:00,0.5439842741672212,0.56
2024-11-04 11:32:00,0.5453998683567576,0.56
2024-11-04 11:33:00,0.5439379441841019,0.56
2024-11-04 11:34:00,0.5457428372939155,0.55
2024-11-04 11:35:00,0.5444865310090903,0.56
2024-11-04 11:36:00,0.5451004249280282,0.56
2024-11-04 11:37:00,0.5454522899073735,0.55
2024-11-04 11:38:00,0.5446756564949558,0.56
2024-11-04 11:39:00,0.5452437900835594,0.56
2024-11-04 11:40:00,0.5451097840032746,0.57
2024-11-04 11:41:00,0.544326240730163,0.57
2024-11-04 11:42:00,0.542256415481768,0.57
2024-11-04 11:43:00,0.5432350701118744,0.56
2024-11-04 11:44:00,0.5410556586738602,0.57
2024-11-04 11:45:00,0.5412945052089075,0.57
2024-11-04 11:46:00,0.5415212748241423,0.56
2024-11-04 11:47:00,0.5411677606896792,0.56
2024-11-04 11:48:00,0.54177327438063,0.56
2024-11-04 11:49:00,0.5423820922073552,0.55
2024-11-04 11:50:00,0.5422467369990918,0.56
2024-11-04 11:51:00,0.5430262380728161,0.56
2024-11-04 11:52:00,0.5432012012120444,0.56
2024-11-04 11:53:00,0.5422671556145529,0.56
2024-11-04 11:54:00,0.5439165580525593,0.56
2024-11-04 11:55:00,0.543288748968785,0.56
2024-11-04 11:56:00,0.5450238828021525,0.56
2024-11-04 11:57:00,0.5468069248670926,0.55
2024-11-04 11:58:00,0.5456279515050981,0.56
2024-11-04 11:59:00,0.545432733697824,0.56
2024-11-04 12:00:00,0.5449837093390804,0.56
2024-11-04 12:01:00,0.5452991765363435,0.56
2024-11-04 12:02:00,0.5469981881454202,0.56
2024-11-04 12:03:00,0.5485562570755851,0.56
2024-11-04 12:04:00,0.5495887341786665,0.56
2024-11-04 12:05:00,0.5503590235474152,0.55
2024-11-04 12:06:00,0.549759682492055,0.55
2024-11-04 12:07:00,0.550216806982599,0.55
2024-11-04 12:08:00,0.5511860026438524,0.55
2024-11-04 12:09:00,0.5530150920313568,0.55
2024-11-04 12:10:00,0.5528839655429685,0.55
2024-11-04 12:11:00,0.5515398162499607,0.55
2024-11-04 12:12:00,0.5500746474343259,0.55
2024-11-04 12:13:00,0.5495251585913092,0.55
2024-11-04 12:14:00,0.5501742115067196,0.54
2024-11-04 12:15:00,0.5511757954441332,0.55
2024-11-04 12:16:00,0.5523552949721633,0.55
2024-11-04 12:17:00,0.5514353639663219,0.55
2024-11-04 12:18:00,0.5520327519346961,0.55
2024-11-04 12:19:00,0.5516503761596294,0.55
2024-11-04 12:20:00,0.5491088921098168,0.55
2024-11-04 12:21:00,0.5484731243795549,0.55
2024-11-04 12:22:00,0.5492369337520786,0.55
2024-11-04 12:23:00,0.5485156169582173,0.55
2024-11-04 12:24:00,0.5472441586710526,0.55
2024-11-04 12:25:00,0.5463572067913522,0.54
2024-11-04 12:26:00,0.544883847321078,0.55
2024-11-04 12:27:00,0.5446632919866989,0.55
2024-11-04 12:28:00,0.5448934762254753,0.55
2024-11-04 12:29:00,0.5444338740563246,0.55
2024-11-04 12:30:00,0.5438411328804313,0.55
2024-11-04 12:31:00,0.5432831083441314,0.55
2024-11-04 12:32:00,0.5445348756542583,0.54
2024-11-04 12:33:00,0.5439713591968192,0.54
2024-11-04 12:34:00,0.543508852563922,0.54
2024-11-04 12:35:00,0.5416368052005105,0.55
2024-11-04 12:36:00,0.5434343698288606,0.54
2024-11-04 12:37:00,0.5437192093055663,0.54
2024-11-04 12:38:00,0.5440432605598582,0.53
2024-11-04 12:39:00,0.5448568172507187,0.54
2024-11-04 12:40:00,0.5443127617691779,0.53
2024-11-04 12:41:00,0.5448310921739539,0.54
2024-11-04 12:42:00,0.5453580539933143,0.54
2024-11-04 12:43:00,0.5453570211468548,0.54
2024-11-04 12:44:00,0.5455257401221634,0.54
2024-11-04 12:45:00,0.5439273864753382,0.54
2024-11-04 12:46:00,0.543967266210742,0.53
2024-11-04 12:47:00,0.5431958831036223,0.54
2024-11-04 12:48:00,0.543305530088958,0.54
2024-11-04 12:49:00,0.5420433472062649,0.54
2024-11-04 12:50:00,0.5437147631314561,0.53
2024-11-04 12:51:00,0.5440829585915028,0.54
2024-11-04 12:52:00,0.5433235998722308,0.54
2024-11-04 12:53:00,0.5442462660167806,0.54
2024-11-04 12:54:00,0.5444774799683787,0.54
2024-11-04 12:55:00,0.5465844474589063,0.53
2024-11-04 12:56:00,0.5463189202077336,0.54
2024-11-04 12:57:00,0.5466736338585358,0.54
2024-11-04 12:58:00,0.5470940588363169,0.54
2024-11-04 12:59:00,0.5484383193620628,0.54
2024-11-04 13:00:00,0.5471125934108645,0.54
2024-11-04 13:01:00,0.5483485633079928,0.54
2024-11-04 13:02:00,0.5494620530528775,0.54
2024-11-04 13:03:00,0.5496109315438942,0.54
2024-11-04 13:04:00,0.5487489072912342,0.54
2024-11-04 13:05:00,0.5497091860973555,0.54
2024-11-04 13:06:00,0.5509502359427179,0.54
2024-11-04 13:07:00,0.5532328323110127,0.54
2024-11-04 13:08:00,0.5535464687419183,0.54
2024-11-04 13:09:00,0.5529636802728091,0.54
2024-11-04 13:10:00,0.5516616116139621,0.54
2024-11-04 13:11:00,0.551978487278862,0.54
2024-11-04 13:12:00,0.5485315527327759,0.54
2024-11-04 13:13:00,0.5478441102635576,0.53
2024-11-04 13:14:00,0.5478346226290081,0.54
2024-11-04 13:15:00,0.5478481593882274,0.54
2024-11-04 13:16:00,0.5465393480645593,0.54
2024-11-04 13:17:00,0.5470288288574718,0.54
2024-11-04 13:18:00,0.5478351795811875,0.55
2024-11-04 13:19:00,0.5480052540234388,0.55
2024-11-04 13:20:00,0.5493962285719232,0.55
2024-11-04 13:21:00,0.5484315854823738,0.55
2024-11-04 13:22:00,0.5482518367418636,0.55
2024-11-04 13:23:00,0.5473906796538441,0.55
2024-11-04 13:24:00,0.5467987306744242,0.55
2024-11-04 13:25:00,0.5473308933380088,0.55
2024-11-04 13:26:00,0.5474070959029473,0.55
2024-11-04 13:27:00,0.5467688935767085,0.55
2024-11-04 13:28:00,0.5488293810240734,0.55
2024-11-04 13:29:00,0.5487876042619797,0.55
2024-11-04 13:30:00,0.549181623941809,0.55
2024-11-04 13:31:00,0.54964194952201,0.55
2024-11-04 13:32:00,0.5486238429980255,0.54
2024-11-04 13:33:00,0.5485997723193143,0.55
2024-11-04 13:34:00,0.5474668730687366,0.55
2024-11-04 13:35:00,0.5474140347638354,0.56
2024-11-04 13:36:00,0.5484788788062229,0.56
2024-11-04 13:37:00,0.5469904476265153,0.56
2024-11-04 13:38:00,0.5463849608428994,0.56
2024-11-04 13:39:00,0.5460607519292393,0.56
2024-11-04 13:40:00,0.5460553955845693,0.56
2024-11-04 13:41:00,0.5447270004824432,0.56
2024-11-04 13:42:00,0.5446694669530763,0.56
2024-11-04 13:43:00,0.5446316366503667,0.56
2024-11-04 13:44:00,0.5440273970625611,0.56
2024-11-04 13:45:00,0.5436892312364152,0.56
2024-11-04 13:46:00,0.5431564435693537,0.56
2024-11-04 13:47:00,0.5439190099061182,0.56
2024-11-04 13:48:00,0.5436304999928054,0.55
2024-11-04 13:49:00,0.543625813893579,0.55
2024-11-04 13:50:00,0.543673409341572,0.55
2024-11-04 13:51:00,0.5428765065762573,0.55
2024-11-04 13:52:00,0.543267575411986,0.55
2024-11-04 13:53:00,0.5433402799610356,0.55
2024-11-04 13:54:00,0.544685027191157,0.55
2024-11-04 13:55:00,0.5441704878060725,0.56
2024-11-04 13:56:00,0.5441729442513974,0.56
2024-11-04 13:57:00,0.5440097498903651,0.56
2024-11-04 13:58:00,0.5443736409442679,0.56
2024-11-04 13:59:00,0.544488532829311,0.56
2024-11-04 14:00:00,0.5434196868991752,0.56
2024-11-04 14:01:00,0.5432349308477387,0.56
2024-11-04 14:02:00,0.5440571935039007,0.55
2024-11-04 14:03:00,0.5429005939736238,0.56
2024-11-04 14:04:00,0.5431647630299616,0.56
2024-11-04 14:05:00,0.5419168851199052,0.56
2024-11-04 14:06:00,0.5411290888997111,0.56
2024-11-04 14:07:00,0.5413173800208335,0.56
2024-11-04 14:08:00,0.5422244426075993,0.56
2024-11-04 14:09:00,0.5421413532158763,0.56
2024-11-04 14:10:00,0.5423945030303721,0.56
2024-11-04 14:11:00,0.5420662402336756,0.56
2024-11-04 14:12:00,0.542170006919237,0.56
2024-11-04 14:13:00,0.5430199194316654,0.56
2024-11-04 14:14:00,0.5417487026071097,0.56
2024-11-04 14:15:00,0.5424248364832651,0.56
2024-11-04 14:16:00,0.5422441386580574,0.56
2024-11-04 14:17:00,0.543648418421079,0.56
2024-11-04 14:18:00,0.5439952932804897,0.56
2024-11-04 14:19:00,0.5445336262277609,0.56
2024-11-04 14:20:00,0.5447084153977133,0.56
2024-11-04 14:21:00,0.5449539585476744,0.56
2024-11-04 14:22:00,0.5454533286150347,0.56
2024-11-04 14:23:00,0.5451140962539223,0.56
2024-11-04 14:24:00,0.5452102653715551,0.56
2024-11-04 14:25:00,0.545113547077235,0.55
2024-11-04 14:26:00,0.5446286086947734,0.56
2024-11-04 14:27:00,0.5450274514385713,0.56
2024-11-04 14:28:00,0.5453065727358075,0.56
2024-11-04 14:29:00,0.5446857032271171,0.56
2024-11-04 14:30:00,0.5436396021471779,0.56
2024-11-04 14:31:00,0.5434665574697857,0.56
2024-11-04 14:32:00,0.5425854182280301,0.56
2024-11-04 14:33:00,0.5424735501868174,0.55
2024-11-04 14:34:00,0.5425068855296573,0.55
2024-11-04 14:35:00,0.5425865195964328,0.55
2024-11-04 14:36:00,0.5412303164830539,0.55
2024-11-04 14:37:00,0.5400477728191257,0.55
2024-11-04 14:38:00,0.5399305418637537,0.55
2024-11-04 14:39:00,0.5395111474173111,0.55
2024-11-04 14:40:00,0.5402999671893001,0.55
2024-11-04 14:41:00,0.5396997330190609,0.54
2024-11-04 14:42:00,0.5403906464662833,0.55
2024-11-04 14:43:00,0.5407672094080003,0.55
2024-11-04 14:44:00,0.5396214119312306,0.55
2024-11-04 14:45:00,0.5402592595546019,0.55
2024-11-04 14:46:00,0.5406992982625443,0.55
2024-11-04 14:47:00,0.5408371226804978,0.55
2024-11-04 14:48:00,0.5408712641460045,0.56
2024-11-04 14:49:00,0.5406783108361883,0.56
2024-11-04 14:50:00,0.5404003566965325,0.56
2024-11-04 14:51:00,0.5408766009856676,0.56
2024-11-04 14:52:00,0.5403655045669298,0.56
2024-11-04 14:53:00,0.5416037479728224,0.55
2024-11-04 14:54:00,0.5421218620846708,0.56
2024-11-04 14:55:00,0.5421247378114138,0.56
2024-11-04 14:56:00,0.5419602198203772,0.56
2024-11-04 14:57:00,0.5411084363939114,0.55
2024-11-04 14:58:00,0.5409879753984044,0.56
2024-11-04 14:59:00,0.5418838578184577,0.55
2024-11-04 15:00:00,0.5417877385577972,0.56
2024-11-04 15:01:00,0.5417845227740015,0.56
2024-11-04 15:02:00,0.5423371265274779,0.56
2024-11-04 15:03:00,0.5425484286908924,0.56
2024-11-04 15:04:00,0.5428236532350403,0.56
2024-11-04 15:05:00,0.5426958218453148,0.56
2024-11-04 15:06:00,0.5427689571775953,0.56
2024-11-04 15:07:00,0.5419563237993235,0.56
2024-11-04 15:08:00,0.5410453221403262,0.56
2024-11-04 15:09:00,0.5417958158187297,0.55
2024-11-04 15:10:00,0.5410896134734091,0.56
2024-11-04 15:11:00,0.5404941751454435,0.56
2024-11-04 15:12:00,0.5411621451466171,0.56
2024-11-04 15:13:00,0.5407309468467261,0.56
2024-11-04 15:14:00,0.5420847536512408,0.56
2024-11-04 15:15:00,0.5425049292864237,0.56
2024-11-04 15:16:00,0.5425863707876355,0.55
2024-11-04 15:17:00,0.5424567762589783,0.56
2024-11-04 15:18:00,0.5415768401845533,0.55
2024-11-04 15:19:00,0.5414246081472076,0.56
2024-11-04 15:20:00,0.5428529956877715,0.56
2024-11-04 15:21:00,0.5430395435952173,0.56
2024-11-04 15:22:00,0.5424806833402565,0.56
2024-11-04 15:23:00,0.5436585502921758,0.55
2024-11-04 15:24:00,0.5439286581358413,0.55
2024-11-04 15:25:00,0.5442171887214584,0.56
2024-11-04 15:26:00,0.5443327672457017,0.55
2024-11-04 15:27:00,0.5445021334951472,0.56
2024-11-04 15:28:00,0.5452756722919678,0.56
2024-11-04 15:29:00,0.5452522668124928,0.56
2024-11-04 15:30:00,0.5455439729942244,0.56
2024-11-04 15:31:00,0.5462988058669886,0.56
2024-11-04 15:32:00,0.5459944247215633,0.56
2024-11-04 15:33:00,0.5457726079349803,0.57
2024-11-04 15:34:00,0.5455306186967437,0.56
2024-11-04 15:35:00,0.5458047233380514,0.57
2024-11-04 15:36:00,0.546941007172465,0.57
2024-11-04 15:37:00,0.5460070595530115,0.56
2024-11-04 15:38:00,0.5444556238185563,0.56
2024-11-04 15:39:00,0.5452017972518515,0.56
2024-11-04 15:40:00,0.5433888225050054,0.56
2024-11-04 15:41:00,0.5433400160990092,0.56
2024-11-04 15:42:00,0.5442998466525342,0.56
2024-11-04 15:43:00,0.5431145411271514,0.56
2024-11-04 15:44:00,0.5437075793841382,0.55
2024-11-04 15:45:00,0.5439535703340834,0.56
2024-11-04 15:46:00,0.5444940220621703,0.55
2024-11-04 15:47:00,0.5439629360921463,0.55
2024-11-04 15:48:00,0.5439403591354053,0.55
2024-11-04 15:49:00,0.5441360627686642,0.55
2024-11-04 15:50:00,0.5453930098421111,0.55
2024-11-04 15:51:00,0.545640889288191,0.55
2024-11-04 15:52:00,0.5455457465894142,0.55
2024-11-04 15:53:00,0.5447587050046103,0.55
2024-11-04 15:54:00,0.5455222908158757,0.55
2024-11-04 15:55:00,0.5468416883535243,0.55
2024-11-04 15:56:00,0.5472966072446226,0.55
2024-11-04 15:57:00,0.5473659359144791,0.55
2024-11-04 15:58:00,0.547146754132559,0.56
2024-11-04 15:59:00,0.5455056713843558,0.56
2024-11-04 16:00:00,0.5455056713843558,0.56
2024-11-05 09:30:00,0.5445859249758793,0.6
2024-11-05 09:31:00,0.541550936086536,0.6
2024-11-05 09:32:00,0.544834174167866,0.6
2024-11-05 09:33:00,0.537637275622979,0.6
2024-11-05 09:34:00,0.5349921374063016,0.6
2024-11-05 09:35:00,0.5371184719456268,0.6
2024-11-05 09:36:00,0.539027261148598,0.6
2024-11-05 09:37:00,0.5368348210005134,0.59
2024-11-05 09:38:00,0.5338196770627015,0.59
2024-11-05 09:39:00,0.5350857510047271,0.59
2024-11-05 09:40:00,0.5360961055864444,0.6
2024-11-05 09:41:00,0.539118061409608,0.59
2024-11-05 09:42:00,0.541288606827077,0.6
2024-11-05 09:43:00,0.544836328153999,0.59
2024-11-05 09:44:00,0.5460032168164786,0.6
2024-11-05 09:45:00,0.5433187734805685,0.6
2024-11-05 09:46:00,0.5433602941959699,0.6
2024-11-05 09:47:00,0.5442539250600722,0.6
2024-11-05 09:48:00,0.5409575560710296,0.6
2024-11-05 09:49:00,0.5405913924904675,0.6
2024-11-05 09:50:00,0.5425086555210055,0.59
2024-11-05 09:51:00,0.5425287145121616,0.59
2024-11-05 09:52:00,0.5420456283505557,0.59
2024-11-05 09:53:00,0.5383110071216983,0.59
2024-11-05 09:54:00,0.5380203134830241,0.59
2024-11-05 09:55:00,0.5359145273050332,0.59
2024-11-05 09:56:00,0.5393138334416598,0.59
2024-11-05 09:57:00,0.5424561160158825,0.59
2024-11-05 09:58:00,0.5414162588472557,0.59
2024-11-05 09:59:00,0.5375433340501077,0.58
2024-11-05 10:00:00,0.5374014614999638,0.59
2024-11-05 10:01:00,0.5362578858257174,0.59
2024-11-05 10:02:00,0.5360090993618265,0.59
2024-11-05 10:03:00,0.53456168759824,0.59
2024-11-05 10:04:00,0.5325053839614202,0.59
2024-11-05 10:05:00,0.5304507873383983,0.59
2024-11-05 10:06:00,0.5304014342258088,0.59
2024-11-05 10:07:00,0.5294845269125499,0.6
2024-11-05 10:08:00,0.5273923593982135,0.6
2024-11-05 10:09:00,0.5303107344377185,0.6
2024-11-05 10:10:00,0.5316114749686227,0.6
2024-11-05 10:11:00,0.5344774019503429,0.59
2024-11-05 10:12:00,0.5326768106801689,0.59
2024-11-05 10:13:00,0.5311354397929409,0.59
2024-11-05 10:14:00,0.5319485746770789,0.59
2024-11-05 10:15:00,0.5315999058119643,0.59
2024-11-05 10:16:00,0.5312220787704531,0.59
2024-11-05 10:17:00,0.5300227138457749,0.59
2024-11-05 10:18:00,0.5303531086468467,0.59
2024-11-05 10:19:00,0.5301618066122311,0.59
2024-11-05 10:20:00,0.5300717553521765,0.59
2024-11-05 10:21:00,0.5280744334422296,0.6
2024-11-05 10:22:00,0.5263327420764223,0.6
2024-11-05 10:23:00,0.5246290840197447,0.59
2024-11-05 10:24:00,0.5235113574505192,0.6
2024-11-05 10:25:00,0.5263263072211462,0.6
2024-11-05 10:26:00,0.5271820460813672,0.6
2024-11-05 10:27:00,0.5287394029117347,0.6
2024-11-05 10:28:00,0.5293411562124091,0.59
2024-11-05 10:29:00,0.5292237318455302,0.59
2024-11-05 10:30:00,0.5273279383391516,0.59
2024-11-05 10:31:00,0.5258068626914556,0.59
2024-11-05 10:32:00,0.525359681353814,0.59
2024-11-05 10:33:00,0.5256123832636146,0.6
2024-11-05 10:34:00,0.5262131255835316,0.6
2024-11-05 10:35:00,0.5274959657790024,0.6
2024-11-05 10:36:00,0.5276608637135352,0.6
2024-11-05 10:37:00,0.5288475769405057,0.6
2024-11-05 10:38:00,0.5295526166815689,0.6
2024-11-05 10:39:00,0.529573474924274,0.6
2024-11-05 10:40:00,0.5289399698098902,0.6
2024-11-05 10:41:00,0.5294142710284218,0.6
2024-11-05 10:42:00,0.5307439236779434,0.6
2024-11-05 10:43:00,0.529764261764919,0.59
2024-11-05 10:44:00,0.5285534803519154,0.6
2024-11-05 10:45:00,0.5289144425381667,0.6
2024-11-05 10:46:00,0.5265160817096712,0.6
2024-11-05 10:47:00,0.5268169903772189,0.59
2024-11-05 10:48:00,0.5256393615530766,0.6
2024-11-05 10:49:00,0.5241168117868866,0.6
2024-11-05 10:50:00,0.5255364069729695,0.6
2024-11-05 10:51:00,0.5261404057588794,0.59
2024-11-05 10:52:00,0.5293550339455593,0.6
2024-11-05 10:53:00,0.5279836924259806,0.6
2024-11-05 10:54:00,0.5292011227272522,0.6
2024-11-05 10:55:00,0.5311102476409306,0.59
2024-11-05 10:56:00,0.5301094076894051,0.6
2024-11-05 10:57:00,0.5313302639785957,0.6
2024-11-05 10:58:00,0.5318602326189723,0.6
2024-11-05 10:59:00,0.5317947418878044,0.6
2024-11-05 11:00:00,0.5325794495072083,0.6
2024-11-05 11:01:00,0.5310837142061733,0.6
2024-11-05 11:02:00,0.5303883047766098,0.59
2024-11-05 11:03:00,0.5286344285446629,0.6
2024-11-05 11:04:00,0.5273439774944884,0.59
2024-11-05 11:05:00,0.5273460636867064,0.6
2024-11-05 11:06:00,0.5272679864705536,0.6
2024-11-05 11:07:00,0.5252345637409606,0.59
2024-11-05 11:08:00,0.5249161962183064,0.6
2024-11-05 11:09:00,0.5247432767368936,0.6
2024-11-05 11:10:00,0.5266484622355703,0.6
2024-11-05 11:11:00,0.5255322509979454,0.6
2024-11-05 11:12:00,0.525648613751635,0.59
2024-11-05 11:13:00,0.5265771128039092,0.6
2024-11-05 11:14:00,0.5246847601558582,0.59
2024-11-05 11:15:00,0.5258768966978111,0.59
2024-11-05 11:16:00,0.5253887152796215,0.59
2024-11-05 11:17:00,0.5256928518857882,0.59
2024-11-05 11:18:00,0.5259642910838427,0.59
2024-11-05 11:19:00,0.5256453656941684,0.59
2024-11-05 11:20:00,0.5249713493000938,0.59
2024-11-05 11:21:00,0.5239248081083436,0.59
2024-11-05 11:22:00,0.524651688308033,0.59
2024-11-05 11:23:00,0.524686103410062,0.59
2024-11-05 11:24:00,0.52301258057183,0.59
2024-11-05 11:25:00,0.5233231155077005,0.59
2024-11-05 11:26:00,0.5239893468428141,0.59
2024-11-05 11:27:00,0.5256652442363869,0.59
2024-11-05 11:28:00,0.5252607491709445,0.59
2024-11-05 11:29:00,0.525198167498319,0.59
2024-11-05 11:30:00,0.5245042090291776,0.58
2024-11-05 11:31:00,0.5240814732031704,0.58
2024-11-05 11:32:00,0.5224974249656811,0.58
2024-11-05 11:33:00,0.5233370126592594,0.58
2024-11-05 11:34:00,0.5232458008119465,0.58
2024-11-05 11:35:00,0.5220849623092632,0.58
2024-11-05 11:36:00,0.5225899140516674,0.58
2024-11-05 11:37:00,0.5233231414838528,0.58
2024-11-05 11:38:00,0.5229220962866734,0.58
2024-11-05 11:39:00,0.5227661787654603,0.58
2024-11-05 11:40:00,0.5227487681848373,0.58
2024-11-05 11:41:00,0.5232743678328384,0.58
2024-11-05 11:42:00,0.5235175780212342,0.58
2024-11-05 11:43:00,0.5227330870537881,0.58
2024-11-05 11:44:00,0.5226527447684453,0.58
2024-11-05 11:45:00,0.5220117980254708,0.58
2024-11-05 11:46:00,0.5207177793570834,0.58
2024-11-05 11:47:00,0.5205026877380876,0.58
2024-11-05 11:48:00,0.5189114537996062,0.58
2024-11-05 11:49:00,0.520926572176619,0.58
2024-11-05 11:50:00,0.5218744092863818,0.57
2024-11-05 11:51:00,0.5209987942271723,0.57
2024-11-05 11:52:00,0.51997207275873,0.57
2024-11-05 11:53:00,0.518036804454977,0.57
2024-11-05 11:54:00,0.5171848297633403,0.57
2024-11-05 11:55:00,0.5168732318456037,0.57
2024-11-05 11:56:00,0.5167977508445698,0.56
2024-11-05 11:57:00,0.5184325085249155,0.57
2024-11-05 11:58:00,0.518507948351693,0.57
2024-11-05 11:59:00,0.5182796151490707,0.57
2024-11-05 12:00:00,0.519184093974207,0.57
2024-11-05 12:01:00,0.5189226885096418,0.57
2024-11-05 12:02:00,0.5202933452328316,0.57
2024-11-05 12:03:00,0.5205589623869462,0.57
2024-11-05 12:04:00,0.5205546788364275,0.57
2024-11-05 12:05:00,0.5206341750964387,0.58
2024-11-05 12:06:00,0.5210193829121861,0.58
2024-11-05 12:07:00,0.5207589276936344,0.58
2024-11-05 12:08:00,0.5206377051983384,0.58
2024-11-05 12:09:00,0.5204780823171193,0.58
2024-11-05 12:10:00,0.5200205905690691,0.58
2024-11-05 12:11:00,0.5212892890653642,0.58
2024-11-05 12:12:00,0.5203420981892364,0.58
2024-11-05 12:13:00,0.5200499010110053,0.58
2024-11-05 12:14:00,0.5189909141252882,0.58
2024-11-05 12:15:00,0.5184886123350723,0.59
2024-11-05 12:16:00,0.5187215480259015,0.58
2024-11-05 12:17:00,0.5180533552537285,0.58
2024-11-05 12:18:00,0.5184062286004079,0.58
2024-11-05 12:19:00,0.516491946021181,0.57
2024-11-05 12:20:00,0.5184121205557191,0.58
2024-11-05 12:21:00,0.5196955463061117,0.58
2024-11-05 12:22:00,0.5196570380697805,0.58
2024-11-05 12:23:00,0.5196425178406574,0.58
2024-11-05 12:24:00,0.5195524112859771,0.58
2024-11-05 12:25:00,0.5197727563107211,0.58
2024-11-05 12:26:00,0.5204485602794378,0.58
2024-11-05 12:27:00,0.5212473385708425,0.58
2024-11-05 12:28:00,0.5206059061753245,0.58
2024-11-05 12:29:00,0.520954466643955,0.58
2024-11-05 12:30:00,0.5208575481556015,0.58
2024-11-05 12:31:00,0.5200356499463494,0.58
2024-11-05 12:32:00,0.5195648435588469,0.58
2024-11-05 12:33:00,0.5200995716839951,0.58
2024-11-05 12:34:00,0.5208137260439087,0.58
2024-11-05 12:35:00,0.5215293488058592,0.58
2024-11-05 12:36:00,0.5211041612078053,0.58
2024-11-05 12:37:00,0.5209395822696063,0.58
2024-11-05 12:38:00,0.5215482685610555,0.58
2024-11-05 12:39:00,0.5223711198555654,0.58
2024-11-05 12:40:00,0.5221188508117305,0.59
2024-11-05 12:41:00,0.5216665176098536,0.59
2024-11-05 12:42:00,0.5220957026060609,0.59
2024-11-05 12:43:00,0.5225618339762967,0.59
2024-11-05 12:44:00,0.5226508925353157,0.59
2024-11-05 12:45:00,0.5234409583603983,0.59
2024-11-05 12:46:00,0.5214830700456174,0.59
2024-11-05 12:47:00,0.5208744910597118,0.59
2024-11-05 12:48:00,0.5205901665699202,0.59
2024-11-05 12:49:00,0.5201251119346717,0.59
2024-11-05 12:50:00,0.520500658067544,0.59
2024-11-05 12:51:00,0.5203391423287196,0.59
2024-11-05 12:52:00,0.5204131160962586,0.59
2024-11-05 12:53:00,0.5200353705517775,0.59
2024-11-05 12:54:00,0.520703763158459,0.59
2024-11-05 12:55:00,0.5207156408220144,0.58
2024-11-05 12:56:00,0.5208652959146647,0.58
2024-11-05 12:57:00,0.5214376139953776,0.57
2024-11-05 12:58:00,0.5222193266376871,0.58
2024-11-05 12:59:00,0.5212345685386943,0.58
2024-11-05 13:00:00,0.5224645628515143,0.58
2024-11-05 13:01:00,0.5217423487662411,0.58
2024-11-05 13:02:00,0.520164821802273,0.58
2024-11-05 13:03:00,0.5186654227927099,0.58
2024-11-05 13:04:00,0.5188217373551003,0.58
2024-11-05 13:05:00,0.5191276922416377,0.58
2024-11-05 13:06:00,0.5182914594610397,0.58
2024-11-05 13:07:00,0.5171985818929283,0.58
2024-11-05 13:08:00,0.5168674821828005,0.57
2024-11-05 13:09:00,0.5163489196887767,0.58
2024-11-05 13:10:00,0.5181870604589547,0.58
2024-11-05 13:11:00,0.5180168696758447,0.58
2024-11-05 13:12:00,0.5175888413496124,0.58
2024-11-05 13:13:00,0.5172188340613444,0.57
2024-11-05 13:14:00,0.5181840356689833,0.57
2024-11-05 13:15:00,0.5170014643049263,0.57
2024-11-05 13:16:00,0.5161538813307722,0.58
2024-11-05 13:17:00,0.5170510334962406,0.58
2024-11-05 13:18:00,0.5182831105741668,0.57
2024-11-05 13:19:00,0.51847057439197,0.57
2024-11-05 13:20:00,0.5187619304366773,0.57
2024-11-05 13:21:00,0.5182122022380133,0.57
2024-11-05 13:22:00,0.5180627628583905,0.57
2024-11-05 13:23:00,0.519957664109554,0.57
2024-11-05 13:24:00,0.5195119828284056,0.58
2024-11-05 13:25:00,0.5199116485634911,0.58
2024-11-05 13:26:00,0.5187643711152552,0.58
2024-11-05 13:27:00,0.5192148816790392,0.58
2024-11-05 13:28:00,0.5201037637806609,0.58
2024-11-05 13:29:00,0.5199556471103304,0.58
2024-11-05 13:30:00,0.5201967334328572,0.58
2024-11-05 13:31:00,0.5200060982496064,0.58
2024-11-05 13:32:00,0.5210333595295376,0.58
2024-11-05 13:33:00,0.5214343934693682,0.58
2024-11-05 13:34:00,0.5225665940953979,0.58
2024-11-05 13:35:00,0.5234279957335535,0.58
2024-11-05 13:36:00,0.5229507482756588,0.58
2024-11-05 13:37:00,0.5251627226020814,0.58
2024-11-05 13:38:00,0.5246706735642552,0.57
2024-11-05 13:39:00,0.5232455878540685,0.58
2024-11-05 13:40:00,0.5239298660100615,0.58
2024-11-05 13:41:00,0.5227281527303684,0.58
2024-11-05 13:42:00,0.52217405697047,0.59
2024-11-05 13:43:00,0.5237027815550446,0.59
2024-11-05 13:44:00,0.5247254412400577,0.58
2024-11-05 13:45:00,0.5247279101505995,0.59
2024-11-05 13:46:00,0.5250123611517543,0.59
2024-11-05 13:47:00,0.5260956500462262,0.58
2024-11-05 13:48:00,0.5282803793318787,0.59
2024-11-05 13:49:00,0.5279625816914943,0.58
2024-11-05 13:50:00,0.5295125764785917,0.59
2024-11-05 13:51:00,0.5279342392545245,0.59
2024-11-05 13:52:00,0.5289928822660921,0.58
2024-11-05 13:53:00,0.5280024315907343,0.59
2024-11-05 13:54:00,0.5280185867445513,0.59
2024-11-05 13:55:00,0.5281233926836959,0.59
2024-11-05 13:56:00,0.5271714350657206,0.59
2024-11-05 13:57:00,0.5274666779986499,0.59
2024-11-05 13:58:00,0.5273589603402489,0.59
2024-11-05 13:59:00,0.527186453544813,0.58
2024-11-05 14:00:00,0.5265115461913521,0.59
2024-11-05 14:01:00,0.5257435419244778,0.59
2024-11-05 14:02:00,0.523875374690048,0.59
2024-11-05 14:03:00,0.5236754177565903,0.59
2024-11-05 14:04:00,0.5233907112429386,0.59
2024-11-05 14:05:00,0.5241160997457481,0.59
2024-11-05 14:06:00,0.5231264660080364,0.59
2024-11-05 14:07:00,0.5228692878997816,0.59
2024-11-05 14:08:00,0.5211408698476723,0.59
2024-11-05 14:09:00,0.5222794074687436,0.58
2024-11-05 14:10:00,0.5214607032264322,0.59
2024-11-05 14:11:00,0.5220313332855475,0.59
2024-11-05 14:12:00,0.5217628708371278,0.59
2024-11-05 14:13:00,0.5216522414849785,0.59
2024-11-05 14:14:00,0.5215248472539604,0.58
2024-11-05 14:15:00,0.5223694885677193,0.59
2024-11-05 14:16:00,0.5217944938631758,0.59
2024-11-05 14:17:00,0.5221046964600633,0.59
2024-11-05 14:18:00,0.5215836451065463,0.59
2024-11-05 14:19:00,0.521410615498936,0.59
2024-11-05 14:20:00,0.52194425557531,0.58
2024-11-05 14:21:00,0.5211434938508879,0.59
2024-11-05 14:22:00,0.5214532856623146,0.59
2024-11-05 14:23:00,0.5203267871794928,0.59
2024-11-05 14:24:00,0.5202687135659139,0.58
2024-11-05 14:25:00,0.518697582236286,0.58
2024-11-05 14:26:00,0.5183199590852261,0.59
2024-11-05 14:27:00,0.5181586560192841,0.59
2024-11-05 14:28:00,0.518564945603418,0.59
2024-11-05 14:29:00,0.5175657082663709,0.59
2024-11-05 14:30:00,0.5170186902199634,0.59
2024-11-05 14:31:00,0.5161127978361428,0.59
2024-11-05 14:32:00,0.5158111004809955,0.58
2024-11-05 14:33:00,0.5156673799041183,0.58
2024-11-05 14:34:00,0.5157364677125329,0.59
2024-11-05 14:35:00,0.5149683756330654,0.59
2024-11-05 14:36:00,0.5155102612173359,0.59
2024-11-05 14:37:00,0.5158624961601677,0.59
2024-11-05 14:38:00,0.5153796888917779,0.59
2024-11-05 14:39:00,0.5157687761202754,0.59
2024-11-05 14:40:00,0.5155433914258369,0.59
2024-11-05 14:41:00,0.5146453177199521,0.59
2024-11-05 14:42:00,0.5155434698134089,0.59
2024-11-05 14:43:00,0.516034839686488,0.59
2024-11-05 14:44:00,0.515942989335916,0.59
2024-11-05 14:45:00,0.5172801556180395,0.59
2024-11-05 14:46:00,0.5158910333214337,0.59
2024-11-05 14:47:00,0.5158258810469192,0.59
2024-11-05 14:48:00,0.5152289211147363,0.59
2024-11-05 14:49:00,0.514891920756744,0.59
2024-11-05 14:50:00,0.5156371167746745,0.59
2024-11-05 14:51:00,0.5159871797130002,0.59
2024-11-05 14:52:00,0.5150281278425022,0.59
2024-11-05 14:53:00,0.5141745491212559,0.59
2024-11-05 14:54:00,0.5154117204999398,0.59
2024-11-05 14:55:00,0.514701866455298,0.59
2024-11-05 14:56:00,0.5122554163207755,0.59
2024-11-05 14:57:00,0.5128178024446244,0.59
2024-11-05 14:58:00,0.5122297170931989,0.59
2024-11-05 14:59:00,0.5118667172484404,0.58
2024-11-05 15:00:00,0.5122114681940377,0.58
2024-11-05 15:01:00,0.5119463440636862,0.59
2024-11-05 15:02:00,0.5127209218260129,0.58
2024-11-05 15:03:00,0.5134883846285982,0.58
2024-11-05 15:04:00,0.5134815381591571,0.59
2024-11-05 15:05:00,0.5126103304755338,0.59
2024-11-05 15:06:00,0.5120217352618364,0.59
2024-11-05 15:07:00,0.5111977176355735,0.59
2024-11-05 15:08:00,0.5113747532264152,0.59
2024-11-05 15:09:00,0.5104078948281552,0.59
2024-11-05 15:10:00,0.5097963975624309,0.59
2024-11-05 15:11:00,0.5104569309612381,0.59
2024-11-05 15:12:00,0.5116018945044665,0.59
2024-11-05 15:13:00,0.5113373190715482,0.59
2024-11-05 15:14:00,0.5109273805180521,0.59
2024-11-05 15:15:00,0.5108007839760951,0.58
2024-11-05 15:16:00,0.510741831889763,0.59
2024-11-05 15:17:00,0.5102428183488856,0.59
2024-11-05 15:18:00,0.5095289348209742,0.59
2024-11-05 15:19:00,0.5088942815424369,0.59
2024-11-05 15:20:00,0.509402257860254,0.58
2024-11-05 15:21:00,0.5091495065042404,0.58
2024-11-05 15:22:00,0.5091508214912801,0.58
2024-11-05 15:23:00,0.5084347260382727,0.58
2024-11-05 15:24:00,0.5099837812110251,0.58
2024-11-05 15:25:00,0.5107449355358284,0.58
2024-11-05 15:26:00,0.5101539236148132,0.58
2024-11-05 15:27:00,0.5105097744212628,0.58
2024-11-05 15:28:00,0.5108700008395213,0.58
2024-11-05 15:29:00,0.5095089117207341,0.58
2024-11-05 15:30:00,0.5085177192842221,0.58
2024-11-05 15:31:00,0.5085333103977809,0.58
2024-11-05 15:32:00,0.5079039530551082,0.58
2024-11-05 15:33:00,0.5081586421237134,0.58
2024-11-05 15:34:00,0.5094421154515374,0.58
2024-11-05 15:35:00,0.5089957657623863,0.58
2024-11-05 15:36:00,0.5086024283257695,0.58
2024-11-05 15:37:00,0.5101882473494752,0.58
2024-11-05 15:38:00,0.5103435564291445,0.58
2024-11-05 15:39:00,0.5105066951226831,0.58
2024-11-05 15:40:00,0.5117698739321861,0.58
2024-11-05 15:41:00,0.5123488726854577,0.58
2024-11-05 15:42:00,0.5132693940434521,0.58
2024-11-05 15:43:00,0.5131953695854354,0.58
2024-11-05 15:44:00,0.51258802206121,0.58
2024-11-05 15:45:00,0.5126602020993307,0.58
2024-11-05 15:46:00,0.512785259337958,0.58
2024-11-05 15:47:00,0.511823369048354,0.58
2024-11-05 15:48:00,0.5096332094394957,0.58
2024-11-05 15:49:00,0.5101074338933034,0.58
2024-11-05 15:50:00,0.5103147648604816,0.58
2024-11-05 15:51:00,0.5093116763377987,0.58
2024-11-05 15:52:00,0.5079659081784238,0.58
2024-11-05 15:53:00,0.5069109129481493,0.58
2024-11-05 15:54:00,0.5090614373221525,0.58
2024-11-05 15:55:00,0.506813519818232,0.58
2024-11-05 15:56:00,0.5086035891387548,0.58
2024-11-05 15:57:00,0.5088516069594726,0.58
2024-11-05 15:58:00,0.5074457764918614,0.58
2024-11-05 15:59:00,0.5066749082805655,0.58
2024-11-05 16:00:00,0.5066749082805655,0.58
2024-11-06 09:30:00,0.6100614719826385,0.97
2024-11-06 09:31:00,0.6121442273066393,0.97
2024-11-06 09:32:00,0.6194148642588522,0.97
2024-11-06 09:33:00,0.6217846822890214,0.97
2024-11-06 09:34:00,0.6197975850713731,0.97
2024-11-06 09:35:00,0.6126953376460873,0.97
2024-11-06 09:36:00,0.6104789457177617,0.97
2024-11-06 09:37:00,0.6215680831947308,0.98
2024-11-06 09:38:00,0.6136488511582188,0.99
2024-11-06 09:39:00,0.6097776916205186,0.99
2024-11-06 09:40:00,0.6093911111870927,0.97
2024-11-06 09:41:00,0.6095008705970495,0.97
2024-11-06 09:42:00,0.6149876068820859,0.97
2024-11-06 09:43:00,0.6249616781985876,0.97
2024-11-06 09:44:00,0.6274960077921243,0.97
2024-11-06 09:45:00,0.621262091890127,0.97
2024-11-06 09:46:00,0.615856869444402,0.97
2024-11-06 09:47:00,0.6234957700255708,0.97
2024-11-06 09:48:00,0.6247848286760169,0.99
2024-11-06 09:49:00,0.6249097404603108,0.97
2024-11-06 09:50:00,0.6269100237822764,0.97
2024-11-06 09:51:00,0.6234835534723462,0.97
2024-11-06 09:52:00,0.6228911586840635,0.97
2024-11-06 09:53:00,0.6134293045572938,0.98
2024-11-06 09:54:00,0.6150299038071554,0.97
2024-11-06 09:55:00,0.6150917785668033,0.98
2024-11-06 09:56:00,0.6141489729786385,0.98
2024-11-06 09:57:00,0.6078563599624409,0.97
2024-11-06 09:58:00,0.6074008002883817,0.97
2024-11-06 09:59:00,0.6075488570349366,0.97
2024-11-06 10:00:00,0.6056043552719401,0.97
2024-11-06 10:01:00,0.6022266372673684,0.97
2024-11-06 10:02:00,0.6048007043775308,0.97
2024-11-06 10:03:00,0.6026513581335691,0.97
2024-11-06 10:04:00,0.6028482977021115,0.97
2024-11-06 10:05:00,0.6020559767896814,0.97
2024-11-06 10:06:00,0.5986208321062751,0.97
2024-11-06 10:07:00,0.5994472166700076,0.97
2024-11-06 10:08:00,0.6000882001049705,0.97
2024-11-06 10:09:00,0.6022267102752419,0.97
2024-11-06 10:10:00,0.5973652015860103,0.97
2024-11-06 10:11:00,0.5990170698292843,0.97
2024-11-06 10:12:00,0.6006766226520439,0.97
2024-11-06 10:13:00,0.6016549345486923,0.97
2024-11-06 10:14:00,0.60259189745078,0.97
2024-11-06 10:15:00,0.6008671438188535,0.98
2024-11-06 10:16:00,0.6016293951224567,0.97
2024-11-06 10:17:00,0.6039642419839761,0.97
2024-11-06 10:18:00,0.6030542654046103,0.97
2024-11-06 10:19:00,0.6005727940730974,0.97
2024-11-06 10:20:00,0.6015814518006966,0.97
2024-11-06 10:21:00,0.6033934400535441,0.97
2024-11-06 10:22:00,0.6043287235395993,0.97
2024-11-06 10:23:00,0.6037813825062852,0.97
2024-11-06 10:24:00,0.6031443549156099,0.97
2024-11-06 10:25:00,0.6044870895207766,0.97
2024-11-06 10:26:00,0.6074394459451382,0.97
2024-11-06 10:27:00,0.6049150356463968,0.98
2024-11-06 10:28:00,0.6043846845223977,0.98
2024-11-06 10:29:00,0.6056837137783682,0.97
2024-11-06 10:30:00,0.6108054800088982,0.97
2024-11-06 10:31:00,0.6110811649760801,0.97
2024-11-06 10:32:00,0.6114751840101043,0.97
2024-11-06 10:33:00,0.6128001192444288,0.97
2024-11-06 10:34:00,0.6128793765872846,0.97
2024-11-06 10:35:00,0.6161830076899417,0.97
2024-11-06 10:36:00,0.619109210213953,0.97
2024-11-06 10:37:00,0.622454550021559,0.98
2024-11-06 10:38:00,0.6222913540880846,0.97
2024-11-06 10:39:00,0.6226785458515749,0.97
2024-11-06 10:40:00,0.6210463789719982,0.97
2024-11-06 10:41:00,0.6210772678252574,0.97
2024-11-06 10:42:00,0.6259369062081312,0.97
2024-11-06 10:43:00,0.6289181550031715,0.97
2024-11-06 10:44:00,0.6313206261181092,0.97
2024-11-06 10:45:00,0.632563226654465,0.97
2024-11-06 10:46:00,0.6315046385912104,0.97
2024-11-06 10:47:00,0.6392354311627495,0.97
2024-11-06 10:48:00,0.6427306859427191,0.97
2024-11-06 10:49:00,0.641767730636934,0.97
2024-11-06 10:50:00,0.6463947869419566,0.97
2024-11-06 10:51:00,0.6434008717984339,0.97
2024-11-06 10:52:00,0.6438668399573972,0.97
2024-11-06 10:53:00,0.6455101440225437,0.98
2024-11-06 10:54:00,0.6442107667867407,0.97
2024-11-06 10:55:00,0.6459256885389351,0.97
2024-11-06 10:56:00,0.6469564889814958,0.97
2024-11-06 10:57:00,0.6479451254918913,0.98
2024-11-06 10:58:00,0.647049659594576,0.97
2024-11-06 10:59:00,0.6480264600036059,0.97
2024-11-06 11:00:00,0.6471051517532309,0.98
2024-11-06 11:01:00,0.6485155853308393,0.97
2024-11-06 11:02:00,0.6482819480387942,0.97
2024-11-06 11:03:00,0.6491895497818663,0.97
2024-11-06 11:04:00,0.6512235786098064,0.97
2024-11-06 11:05:00,0.6533586212131282,0.98
2024-11-06 11:06:00,0.6534913360630827,0.97
2024-11-06 11:07:00,0.6516363673863832,0.97
2024-11-06 11:08:00,0.6491305115529544,0.97
2024-11-06 11:09:00,0.6519602928166035,0.97
2024-11-06 11:10:00,0.6469932761639534,0.97
2024-11-06 11:11:00,0.6432869029286035,0.97
2024-11-06 11:12:00,0.642236351407538,0.97
2024-11-06 11:13:00,0.6413815939771503,0.97
2024-11-06 11:14:00,0.6420694004467535,0.97
2024-11-06 11:15:00,0.6422819981903494,0.98
2024-11-06 11:16:00,0.6446003453152354,0.97
2024-11-06 11:17:00,0.6431513576569665,0.97
2024-11-06 11:18:00,0.640667169659275,0.97
2024-11-06 11:19:00,0.6412487659779524,0.98
2024-11-06 11:20:00,0.6419741515223463,0.97
2024-11-06 11:21:00,0.6427738032139547,0.97
2024-11-06 11:22:00,0.6433082223292608,0.97
2024-11-06 11:23:00,0.6416323260703998,0.97
2024-11-06 11:24:00,0.6397353248831592,0.97
2024-11-06 11:25:00,0.6389952174865028,0.97
2024-11-06 11:26:00,0.6386250564082239,0.97
2024-11-06 11:27:00,0.6343279519788181,0.98
2024-11-06 11:28:00,0.6365490961382243,0.97
2024-11-06 11:29:00,0.6397715667171286,0.97
2024-11-06 11:30:00,0.6415856695382136,0.97
2024-11-06 11:31:00,0.6422862583848985,0.97
2024-11-06 11:32:00,0.6432501515121996,0.97
2024-11-06 11:33:00,0.6410932917656813,0.97
2024-11-06 11:34:00,0.6414973104135806,0.97
2024-11-06 11:35:00,0.6407502589724985,0.97
2024-11-06 11:36:00,0.6416417008601691,0.97
2024-11-06 11:37:00,0.641668777282008,0.97
2024-11-06 11:38:00,0.6426131924348761,0.97
2024-11-06 11:39:00,0.6416545430482772,0.97
2024-11-06 11:40:00,0.64144790675983,0.97
2024-11-06 11:41:00,0.6400661836438937,0.97
2024-11-06 11:42:00,0.6387559144783104,0.97
2024-11-06 11:43:00,0.6381950398910587,0.97
2024-11-06 11:44:00,0.6385421341122608,0.97
2024-11-06 11:45:00,0.6378570840520636,0.97
2024-11-06 11:46:00,0.6409192572933111,0.97
2024-11-06 11:47:00,0.6380888561763431,0.97
2024-11-06 11:48:00,0.641000048444208,0.97
2024-11-06 11:49:00,0.6406055867109266,0.97
2024-11-06 11:50:00,0.6391533622901082,0.97
2024-11-06 11:51:00,0.6394652575833362,0.97
2024-11-06 11:52:00,0.6397374482670417,0.97
2024-11-06 11:53:00,0.6407284546602583,0.97
2024-11-06 11:54:00,0.6417283968743404,0.97
2024-11-06 11:55:00,0.6416375452403267,0.97
2024-11-06 11:56:00,0.6413924609452308,0.97
2024-11-06 11:57:00,0.6421810011896205,0.97
2024-11-06 11:58:00,0.6418719839341203,0.97
2024-11-06 11:59:00,0.6415881645915522,0.97
2024-11-06 12:00:00,0.6440974476390353,0.97
2024-11-06 12:01:00,0.6457361528347005,0.97
2024-11-06 12:02:00,0.6457045142402567,0.97
2024-11-06 12:03:00,0.6459728466874173,0.97
2024-11-06 12:04:00,0.6455906617607268,0.97
2024-11-06 12:05:00,0.646988467064922,0.97
2024-11-06 12:06:00,0.645874390482559,0.97
2024-11-06 12:07:00,0.645905401535223,0.98
2024-11-06 12:08:00,0.6449179543239649,0.97
2024-11-06 12:09:00,0.6461498035323385,0.97
2024-11-06 12:10:00,0.6452756751735678,0.97
2024-11-06 12:11:00,0.6447359371839945,0.97
2024-11-06 12:12:00,0.6440399948933206,0.97
2024-11-06 12:13:00,0.6422630700769572,0.97
2024-11-06 12:14:00,0.6444516997695022,0.97
2024-11-06 12:15:00,0.6442353654768282,0.98
2024-11-06 12:16:00,0.646704375713725,0.97
2024-11-06 12:17:00,0.6470976249369589,0.97
2024-11-06 12:18:00,0.6489660106111901,0.98
2024-11-06 12:19:00,0.64823687544116,0.97
2024-11-06 12:20:00,0.6482574403258365,0.97
2024-11-06 12:21:00,0.6477176803378775,0.97
2024-11-06 12:22:00,0.6467604239231071,0.97
2024-11-06 12:23:00,0.6488796632251879,0.97
2024-11-06 12:24:00,0.6485316854048475,0.97
2024-11-06 12:25:00,0.6515518589498142,0.97
2024-11-06 12:26:00,0.6526203736249883,0.97
2024-11-06 12:27:00,0.6512594110339955,0.97
2024-11-06 12:28:00,0.6521551670923575,0.97
2024-11-06 12:29:00,0.6535470156183563,0.97
2024-11-06 12:30:00,0.6546161795538354,0.97
2024-11-06 12:31:00,0.6550529436287025,0.98
2024-11-06 12:32:00,0.6538264589948561,0.97
2024-11-06 12:33:00,0.6525010434041245,0.97
2024-11-06 12:34:00,0.6503003139681887,0.97
2024-11-06 12:35:00,0.649387885166248,0.97
2024-11-06 12:36:00,0.6506996555020088,0.97
2024-11-06 12:37:00,0.6513395052560782,0.97
2024-11-06 12:38:00,0.653324644725169,0.97
2024-11-06 12:39:00,0.6547671513181326,0.97
2024-11-06 12:40:00,0.6524684021978786,0.97
2024-11-06 12:41:00,0.6518769849677952,0.97
2024-11-06 12:42:00,0.650620000649089,0.97
2024-11-06 12:43:00,0.6511201675560094,0.97
2024-11-06 12:44:00,0.6538168391057313,0.97
2024-11-06 12:45:00,0.6523841584753327,0.97
2024-11-06 12:46:00,0.6539140358592228,0.97
2024-11-06 12:47:00,0.6550903648825985,0.97
2024-11-06 12:48:00,0.6548728057920516,0.97
2024-11-06 12:49:00,0.6542985863882664,0.97
2024-11-06 12:50:00,0.6546447585829982,0.97
2024-11-06 12:51:00,0.6533654840319889,0.97
2024-11-06 12:52:00,0.6525919478180591,0.98
2024-11-06 12:53:00,0.6532913957919446,0.97
2024-11-06 12:54:00,0.6550546478338639,0.97
2024-11-06 12:55:00,0.655650350848483,0.97
2024-11-06 12:56:00,0.6553702418051552,0.97
2024-11-06 12:57:00,0.6563150577772572,0.97
2024-11-06 12:58:00,0.6558383120927014,0.97
2024-11-06 12:59:00,0.6563241407500364,0.97
2024-11-06 13:00:00,0.6564819507728836,0.97
2024-11-06 13:01:00,0.6552313452119727,0.97
2024-11-06 13:02:00,0.6510419088634392,0.98
2024-11-06 13:03:00,0.6489826852063796,0.97
2024-11-06 13:04:00,0.649843142679529,0.97
2024-11-06 13:05:00,0.6505232080207966,0.97
2024-11-06 13:06:00,0.651186682787815,0.97
2024-11-06 13:07:00,0.649888285528397,0.97
2024-11-06 13:08:00,0.6505720467791651,0.97
2024-11-06 13:09:00,0.6515383373812054,0.97
2024-11-06 13:10:00,0.6517825837036597,0.97
2024-11-06 13:11:00,0.652805838648822,0.97
2024-11-06 13:12:00,0.653242225291671,0.97
2024-11-06 13:13:00,0.6539925316876729,0.97
2024-11-06 13:14:00,0.6544186313209994,0.97
2024-11-06 13:15:00,0.6553264932468135,0.97
2024-11-06 13:16:00,0.6565568185779525,0.97
2024-11-06 13:17:00,0.6552014902999257,0.97
2024-11-06 13:18:00,0.6540757231140135,0.98
2024-11-06 13:19:00,0.654764509029895,0.97
2024-11-06 13:20:00,0.6555917277363272,0.97
2024-11-06 13:21:00,0.6544586592068329,0.97
2024-11-06 13:22:00,0.6546187026634873,0.97
2024-11-06 13:23:00,0.6547394981381511,0.97
2024-11-06 13:24:00,0.6555459948984532,0.97
2024-11-06 13:25:00,0.6561234434813137,0.97
2024-11-06 13:26:00,0.6564110217146581,0.97
2024-11-06 13:27:00,0.6559425574180204,0.97
2024-11-06 13:28:00,0.6569698148416425,0.97
2024-11-06 13:29:00,0.6578876143246981,0.97
2024-11-06 13:30:00,0.6584352337749226,0.97
2024-11-06 13:31:00,0.6598713328367649,0.98
2024-11-06 13:32:00,0.6599940181481194,0.98
2024-11-06 13:33:00,0.6579068777852355,0.97
2024-11-06 13:34:00,0.6577242669674879,0.98
2024-11-06 13:35:00,0.657984352182545,0.97
2024-11-06 13:36:00,0.6583526948220426,0.97
2024-11-06 13:37:00,0.6566498181059057,0.97
2024-11-06 13:38:00,0.6578968887738934,0.98
2024-11-06 13:39:00,0.657614831412271,0.97
2024-11-06 13:40:00,0.6577514066326986,0.97
2024-11-06 13:41:00,0.6579991375541272,0.97
2024-11-06 13:42:00,0.6567013149363923,0.97
2024-11-06 13:43:00,0.6564239333508908,0.97
2024-11-06 13:44:00,0.656179283564972,0.97
2024-11-06 13:45:00,0.65488277642364,0.97
2024-11-06 13:46:00,0.6539172765424139,0.97
2024-11-06 13:47:00,0.6548109732805252,0.98
2024-11-06 13:48:00,0.6551819664546679,0.97
2024-11-06 13:49:00,0.6532870521333096,0.97
2024-11-06 13:50:00,0.6543310886801679,0.97
2024-11-06 13:51:00,0.653999524340305,0.97
2024-11-06 13:52:00,0.6558732635478821,0.97
2024-11-06 13:53:00,0.6552636584337395,0.98
2024-11-06 13:54:00,0.6568216524795234,0.97
2024-11-06 13:55:00,0.6560837124059888,0.97
2024-11-06 13:56:00,0.6577985741824455,0.97
2024-11-06 13:57:00,0.6574836136978146,0.97
2024-11-06 13:58:00,0.6581369115590701,0.97
2024-11-06 13:59:00,0.6583263243636825,0.97
2024-11-06 14:00:00,0.6573606924927471,0.97
2024-11-06 14:01:00,0.6560209131269052,0.97
2024-11-06 14:02:00,0.6558899612119953,0.97
2024-11-06 14:03:00,0.6542326556853084,0.97
2024-11-06 14:04:00,0.6545106875013891,0.97
2024-11-06 14:05:00,0.6541246995657948,0.99
2024-11-06 14:06:00,0.6543186383299024,0.97
2024-11-06 14:07:00,0.6519907553787194,0.97
2024-11-06 14:08:00,0.6505723029469006,0.97
2024-11-06 14:09:00,0.65021049968412,0.97
2024-11-06 14:10:00,0.6527447733502545,0.97
2024-11-06 14:11:00,0.6536271757832834,0.97
2024-11-06 14:12:00,0.6547180121110656,0.98
2024-11-06 14:13:00,0.6544556649838886,0.97
2024-11-06 14:14:00,0.6542751684889916,0.97
2024-11-06 14:15:00,0.653504854184267,0.97
2024-11-06 14:16:00,0.652887304478339,0.97
2024-11-06 14:17:00,0.6531454081313155,0.97
2024-11-06 14:18:00,0.6534472774177276,0.97
2024-11-06 14:19:00,0.6524525123791778,0.97
2024-11-06 14:20:00,0.652771463233585,0.97
2024-11-06 14:21:00,0.6518152852478944,0.97
2024-11-06 14:22:00,0.6493349496936054,0.97
2024-11-06 14:23:00,0.6510232325461744,0.97
2024-11-06 14:24:00,0.6517657774514076,0.97
2024-11-06 14:25:00,0.6495454335475179,0.97
2024-11-06 14:26:00,0.6473755651183308,0.97
2024-11-06 14:27:00,0.646000564769196,0.97
2024-11-06 14:28:00,0.6450006864212539,0.97
2024-11-06 14:29:00,0.6452457610134517,0.97
2024-11-06 14:30:00,0.6442000855845238,0.98
2024-11-06 14:31:00,0.6429401090124787,0.97
2024-11-06 14:32:00,0.6437451538584142,0.97
2024-11-06 14:33:00,0.6428625883813417,0.97
2024-11-06 14:34:00,0.6424940536611301,0.97
2024-11-06 14:35:00,0.6397037016922782,0.97
2024-11-06 14:36:00,0.6395917860161864,0.97
2024-11-06 14:37:00,0.6412341139062112,0.97
2024-11-06 14:38:00,0.6411593316175594,0.97
2024-11-06 14:39:00,0.6407353898104222,0.97
2024-11-06 14:40:00,0.6423820741824542,0.97
2024-11-06 14:41:00,0.6432843078897481,0.97
2024-11-06 14:42:00,0.6430268090762652,0.97
2024-11-06 14:43:00,0.642619255855372,0.97
2024-11-06 14:44:00,0.6409705669145567,0.97
2024-11-06 14:45:00,0.6408950388546073,0.97
2024-11-06 14:46:00,0.639546438175649,0.97
2024-11-06 14:47:00,0.6396787355007854,0.97
2024-11-06 14:48:00,0.6396736078123679,0.97
2024-11-06 14:49:00,0.6390139925367604,0.97
2024-11-06 14:50:00,0.6389318058731683,0.97
2024-11-06 14:51:00,0.6394288643385877,0.97
2024-11-06 14:52:00,0.6403788458652999,0.97
2024-11-06 14:53:00,0.6392825150610812,0.98
2024-11-06 14:54:00,0.6402701013377772,0.97
2024-11-06 14:55:00,0.6418008043274497,0.97
2024-11-06 14:56:00,0.6417702914539689,0.97
2024-11-06 14:57:00,0.6428011777943137,0.97
2024-11-06 14:58:00,0.6422005188078408,0.97
2024-11-06 14:59:00,0.6419101999208936,0.97
2024-11-06 15:00:00,0.6420167656709845,0.97
2024-11-06 15:01:00,0.642134300571475,0.98
2024-11-06 15:02:00,0.642277506525273,0.97
2024-11-06 15:03:00,0.6416950662467287,0.97
2024-11-06 15:04:00,0.6412579969597905,0.97
2024-11-06 15:05:00,0.6411576352542989,0.97
2024-11-06 15:06:00,0.6397338828596368,0.97
2024-11-06 15:07:00,0.639367030270918,0.98
2024-11-06 15:08:00,0.6413344735470743,0.97
2024-11-06 15:09:00,0.6409240476606926,0.97
2024-11-06 15:10:00,0.6410586772742815,0.97
2024-11-06 15:11:00,0.641318337581495,0.97
2024-11-06 15:12:00,0.6413268363961271,0.97
2024-11-06 15:13:00,0.6424669675903931,0.97
2024-11-06 15:14:00,0.6409396858482459,0.97
2024-11-06 15:15:00,0.6408888264882464,0.97
2024-11-06 15:16:00,0.6420262363480875,0.97
2024-11-06 15:17:00,0.6411933376039054,0.97
2024-11-06 15:18:00,0.6412773593492485,0.98
2024-11-06 15:19:00,0.6426365377734211,0.97
2024-11-06 15:20:00,0.643259547920269,0.97
2024-11-06 15:21:00,0.6428690344588388,0.97
2024-11-06 15:22:00,0.6397874127061633,0.97
2024-11-06 15:23:00,0.641168629667842,0.97
2024-11-06 15:24:00,0.6425313505186654,0.98
2024-11-06 15:25:00,0.6407669650069805,0.97
2024-11-06 15:26:00,0.641450177498678,0.97
2024-11-06 15:27:00,0.6410758404139487,0.97
2024-11-06 15:28:00,0.6415073013707027,0.97
2024-11-06 15:29:00,0.640514108483462,0.97
2024-11-06 15:30:00,0.6394838744561342,0.97
2024-11-06 15:31:00,0.6385622468280678,0.97
2024-11-06 15:32:00,0.6379182730794037,0.97
2024-11-06 15:33:00,0.6375001575523849,0.97
2024-11-06 15:34:00,0.6358177408985648,0.97
2024-11-06 15:35:00,0.6367003432081917,0.98
2024-11-06 15:36:00,0.6364063896513168,0.97
2024-11-06 15:37:00,0.6389913018793367,0.97
2024-11-06 15:38:00,0.6402279499425421,0.97
2024-11-06 15:39:00,0.6392056889798934,0.97
2024-11-06 15:40:00,0.6393232463014258,0.97
2024-11-06 15:41:00,0.6387788584688507,0.97
2024-11-06 15:42:00,0.638822711881019,0.97
2024-11-06 15:43:00,0.6387013421175707,0.97
2024-11-06 15:44:00,0.6367842840672748,0.97
2024-11-06 15:45:00,0.6371244918548504,0.97
2024-11-06 15:46:00,0.6362278951707869,0.97
2024-11-06 15:47:00,0.6368313286663538,0.97
2024-11-06 15:48:00,0.6382378868994893,0.97
2024-11-06 15:49:00,0.6378520856765217,0.97
2024-11-06 15:50:00,0.6428139228188485,0.97
2024-11-06 15:51:00,0.644220879778435,0.97
2024-11-06 15:52:00,0.6445683734430243,0.97
2024-11-06 15:53:00,0.6420070043167929,0.97
2024-11-06 15:54:00,0.6467270651033032,0.97
2024-11-06 15:55:00,0.6470921776434959,0.97
2024-11-06 15:56:00,0.64675051899977,0.97
2024-11-06 15:57:00,0.6467958219418428,0.97
2024-11-06 15:58:00,0.6494360894056574,0.97
2024-11-06 15:59:00,0.6508711669962379,0.97
2024-11-06 16:00:00,0.6508711669962379,0.97
